id_row,tau_x,tau_y,balance,TOPSIS_score,rank
902,0.1164964786764852,0.1164964786764852,0.5940861743768595,0.6823538970336681,1
276,0.1166178278298361,0.1166178278298361,0.5906523931383983,0.6797789853461512,2
753,0.116673371442112,0.1166733714421119,0.5885926277407447,0.6782128313077673,3
606,0.1140320593833877,0.1119262682635413,0.5943060903413563,0.6777802062618598,4
177,0.1166691344865696,0.1166691344865696,0.5878312142812046,0.6775993175620534,5
663,0.1152456347211808,0.1142485407828561,0.5899246583311016,0.6767166506899864,6
638,0.1152802397849523,0.1142384047886513,0.5892920423601976,0.676240659213835,7
508,0.1154792274619001,0.114347602762849,0.5885696378583155,0.6759185310460335,8
192,0.1166237127811065,0.1166237127811064,0.5848783849138206,0.6751811029478779,9
662,0.1166507833924172,0.1166507833924171,0.584790428740689,0.6751496486178311,10
379,0.1167089149743015,0.1167089149743015,0.5829656270007384,0.6737801819556066,11
643,0.1166523548622921,0.1166523548622921,0.5829065496157882,0.6736524881779294,12
772,0.1166564609245484,0.1166564609245483,0.5809948216969723,0.6721384775404983,13
781,0.1165774340603691,0.116577434060369,0.5805750866064491,0.6716916211276841,14
884,0.1143666586360744,0.1138909282322113,0.5843832457122764,0.6711928157497168,15
652,0.1140158040246596,0.111924582316255,0.5853197932393701,0.6705634528914682,16
927,0.1149923310430209,0.1141433866872601,0.5819504748510911,0.6700332078982513,17
544,0.1197981846928789,0.119798184692879,0.5727369938986657,0.6698816176850236,18
906,0.1143804052539133,0.1138828190987293,0.5823135835838303,0.6695495252750091,19
143,0.119888415567605,0.1198884155676051,0.5721284900543198,0.66952055721777,20
907,0.1153246641971215,0.1142606325391492,0.5807488533466196,0.669478229165772,21
198,0.1197712296950512,0.1197712296950512,0.57187373982057,0.6691708426753709,22
894,0.1166200116259045,0.1166200116259045,0.5771921857616494,0.6690678503298041,23
796,0.1198261529844721,0.1198261529844721,0.5715189934455921,0.6689636484392368,24
368,0.1198363283145548,0.1198363283145549,0.5713206116253121,0.6688214325251897,25
4,0.1183506398730577,0.1172284624146491,0.574378381102529,0.6687824868351355,26
577,0.1197648903220407,0.1197648903220406,0.5712708204346606,0.6686906271385331,27
653,0.1184820938037683,0.1175369211636835,0.573816359842994,0.6685966879754123,28
665,0.1197875341951833,0.1197875341951833,0.5707419983067845,0.6683058996194678,29
5,0.1185656365770805,0.1175400876819839,0.5729642565746279,0.6680056109325978,30
850,0.1185410542546971,0.1174267191607906,0.5730137964447211,0.6679727040647775,31
619,0.1197560290114421,0.1197560290114421,0.5703554357848956,0.6679628329997115,32
408,0.1186045599801727,0.117573166865549,0.5728021502113648,0.6679286582585077,33
498,0.1197686782237966,0.1197686782237965,0.5702382656036302,0.667887486808468,34
38,0.11863732957237,0.1175573604174607,0.5726171925412419,0.667806965445947,35
280,0.1197663047294882,0.1197663047294883,0.570137936198065,0.6678059413270976,36
773,0.1185663484004908,0.1174372635808711,0.572729881342928,0.6677776090347285,37
817,0.1198616426334019,0.1198616426334018,0.5699133096824713,0.6677530778266253,38
167,0.118538556190441,0.1174938229595707,0.5723373549296639,0.6674674563907175,39
903,0.119800295653392,0.119800295653392,0.5696322627832171,0.6674543254646119,40
123,0.1188543897963258,0.1180837644172746,0.5715836601362871,0.6674208333988878,41
443,0.1197978910719891,0.1197978910719891,0.5695933121491994,0.6674207688317998,42
169,0.1197984200807187,0.1197984200807186,0.5695494877200635,0.6673871866541795,43
727,0.1197985710056615,0.1197985710056615,0.5695135401455476,0.6673592760868642,44
500,0.1198504346123228,0.1198504346123228,0.5692233832204951,0.6671993308030353,45
33,0.1144431074669716,0.1137476500590409,0.5793344713675073,0.6671725638029805,46
785,0.1183950365222535,0.1173264655649988,0.5720535513330643,0.6670372772149279,47
795,0.1198117092898038,0.1198117092898039,0.5688866481026726,0.6668862212091227,48
136,0.1199020308407464,0.1199020308407463,0.5686876657924096,0.6668471911146701,49
122,0.1197855568803993,0.1197855568803994,0.5688510294598413,0.6668245970480193,50
188,0.1198709253642452,0.1198709253642453,0.5686640442755315,0.6667886787560663,51
741,0.1185854797680156,0.1175458471008986,0.5713693510393988,0.6667730387316643,52
158,0.1184245865075739,0.1173429465941558,0.5714904205062236,0.6666295251496859,53
253,0.1198663981697891,0.1198663981697889,0.5684001365311013,0.6665766919330813,54
529,0.1198278253377502,0.1198278253377502,0.5683519082381905,0.6664892325674198,55
522,0.1185187752786781,0.1175384395241442,0.571065176145267,0.6664683665432073,56
576,0.1198450345623023,0.1198450345623023,0.5682751097934685,0.6664514687553966,57
288,0.1198442535872835,0.1198442535872835,0.5681486639338058,0.6663517002903229,58
728,0.1198043898418926,0.1198043898418926,0.5681372697124963,0.6662912751655365,59
542,0.1183922440814143,0.1174023455230967,0.571003993764216,0.66624246286545,60
418,0.1170613269625893,0.1149991842780851,0.5739217709196961,0.6661723995906295,61
1,0.1186407461541944,0.1175456855538699,0.5705066256433592,0.6661472052277088,62
651,0.1186220194163948,0.1174611899769913,0.5705324943470647,0.666113597732019,63
686,0.1197590886718695,0.1197590886718696,0.5678819671392811,0.6660331856912132,64
847,0.1112973361223901,0.1073980593154471,0.5865765557226061,0.6659799776736253,65
497,0.1172636373567827,0.115018928884964,0.573411418413105,0.6659780355394093,66
650,0.1185166843232726,0.1174005641523171,0.5702562173532776,0.6657715980939536,67
550,0.1198625295256668,0.1198625295256668,0.5672016717737928,0.6656359556830567,68
58,0.1186330823804402,0.1176876921593416,0.5697442422981676,0.6656025668466978,69
818,0.1198385589722538,0.1198385589722539,0.5671656322593007,0.6655768156492279,70
880,0.1186052203932656,0.117807387183841,0.5695449653762917,0.6654711503113256,71
429,0.1198413447277457,0.1198413447277458,0.5668724242441459,0.6653515890926273,72
399,0.119814900378119,0.119814900378119,0.5667769299257611,0.6652427998039566,73
632,0.1170342683891717,0.1150776681421984,0.5726511223095108,0.6651793703887382,74
805,0.1175163939741501,0.1170988297040335,0.5708733979528715,0.6651673234313646,75
91,0.1198553432027606,0.1198553432027607,0.5665732403458461,0.6651362729305433,76
617,0.1127006797317162,0.1096193587388387,0.5816720437870144,0.6649525623481265,77
915,0.1198856641980843,0.1198856641980843,0.5662234884855865,0.6649027087908743,78
277,0.1186376463263693,0.1175070436213761,0.5689196859472669,0.6648825421737773,79
562,0.116809609575798,0.1147943003055075,0.57263388157424,0.6648089847043533,80
693,0.1198674796520055,0.1198674796520054,0.566109043142341,0.6647899013302697,81
639,0.1186181715521997,0.1175696602313417,0.5687903104167467,0.6647896607652379,82
531,0.1198418585385558,0.1198418585385558,0.5660788123089064,0.664733108089494,83
144,0.1198419168349852,0.1198419168349852,0.5660431828811853,0.6647053945607316,84
641,0.1186334553740383,0.117672675576079,0.5685646961717133,0.6646712659362546,85
242,0.1185383745301023,0.1174701941046747,0.5687143627898369,0.6646120911766076,86
319,0.1197973845959932,0.1197973845959933,0.5657027440526488,0.6643820435727759,87
49,0.1186282415281549,0.1175536285857384,0.5682056451548214,0.6643338497909919,88
313,0.1197997724902896,0.1197997724902896,0.5656019111487962,0.6643065140420853,89
451,0.1198801278958001,0.1198801278958001,0.565465346474032,0.6643043911171002,90
760,0.1197831951390851,0.1197831951390851,0.5656265247979011,0.664304142691518,91
631,0.1185022348500976,0.1174049456021056,0.5683361246323584,0.6642531298994474,92
695,0.11982721467506,0.1198272146750601,0.5654510182454964,0.6642245315155656,93
674,0.1184826076288378,0.1176655291873349,0.5681293508348804,0.6641843746018514,94
265,0.1198126515419007,0.1198126515419008,0.5653756581496203,0.6641468429008335,95
762,0.119859536547067,0.119859536547067,0.5651798169663708,0.6640551016683476,96
135,0.119882841684377,0.1198828416843771,0.5651061535982351,0.6640279406077496,97
521,0.1184939080757507,0.1174475825140724,0.5677575815700174,0.6638099734045511,98
407,0.1184586487691464,0.1174558792370874,0.5677692652344531,0.6637892461656061,99
698,0.1198482326867774,0.1198482326867774,0.5648161369639852,0.6637569727939929,100
748,0.1198285412797834,0.1198285412797834,0.5647924936413052,0.6637129349932129,101
330,0.1199053430684344,0.1199053430684343,0.5646046370065965,0.6636663642414962,102
254,0.1187572998904787,0.1178974691944093,0.5669291137158915,0.6636019561442712,103
905,0.1172557304086947,0.1152190720527568,0.5702681779248516,0.663585979390938,104
509,0.1172516550386475,0.1151199732890162,0.5703264828031255,0.6635817875737918,105
70,0.1183467810565897,0.1173718190837661,0.5676616458978759,0.6635621096491774,106
860,0.1198351163168042,0.1198351163168042,0.5645173510399257,0.6635070867528627,107
433,0.1198369705133651,0.119836970513365,0.5644833853996679,0.6634830355443322,108
2,0.1172519104457126,0.1151511486253875,0.5701743646078802,0.6634767558261684,109
563,0.1198524788313908,0.1198524788313908,0.564434590656386,0.663465199476259,110
286,0.1172059480709074,0.1151810819164052,0.5701663619556957,0.6634388535768108,111
309,0.1198633251374382,0.1198633251374382,0.5642327904525042,0.6633221043926373,112
517,0.1198294804225297,0.1198294804225297,0.5642891012894696,0.6633219145682293,113
694,0.1198547951690411,0.1198547951690413,0.5641661656078106,0.6632591079718967,114
675,0.1198472693705493,0.1198472693705493,0.5641417515914293,0.6632302940440676,115
730,0.1198708299380921,0.119870829938092,0.5640180209951268,0.6631645880464587,116
771,0.1171722907155534,0.1150893658473788,0.5698616780170999,0.663122821250499,117
45,0.1198967063542832,0.1198967063542832,0.5638884211777089,0.6630973177482076,118
742,0.1174128626215809,0.1171429564642384,0.568341110380812,0.663091311950063,119
519,0.1187206664011477,0.1176998284657466,0.5663942760154446,0.6630646488800082,120
861,0.117291121256087,0.1154921285723006,0.5691413631365909,0.6628600780184085,121
26,0.117343491258455,0.1153414644948647,0.5691465705878912,0.6628465243646626,122
566,0.119769758690357,0.1197697586903569,0.5636653598356685,0.6627580980836487,123
179,0.1172682547984003,0.1152529117410295,0.5690345930913558,0.6626429532737853,124
553,0.1198282706865611,0.1198282706865612,0.5633808169159573,0.6626129340550923,125
308,0.1170825776588294,0.1149585701600657,0.569392468664777,0.6626029729791187,126
363,0.1198362333740385,0.1198362333740385,0.5632933961572206,0.6625552617850855,127
881,0.1159328076714004,0.1131953648693966,0.5718686532882445,0.6625397723627577,128
92,0.1183271401326831,0.1173869114617252,0.5663432021575556,0.6625161842161633,129
201,0.1168223729376766,0.1148962391474154,0.5695882380087792,0.6624672961128766,130
782,0.1184023130884387,0.1173625547819399,0.5661871224322939,0.6624552962882091,131
885,0.1198450087004995,0.1198450087004995,0.5631206173419253,0.6624322077531798,132
389,0.1187691056874369,0.117864713391833,0.565434789201847,0.6624297097970999,133
564,0.1198271577342134,0.1198271577342134,0.5630886228949823,0.6623840003565696,134
246,0.1174320857809556,0.1152679752732482,0.5684678950661344,0.6623662660872142,135
620,0.1172289178676773,0.1153582106914064,0.5686559618823295,0.6623546618857411,136
453,0.1198581072275605,0.1198581072275604,0.5627315759773766,0.6621465099217715,137
421,0.1198006856200923,0.1198006856200923,0.5628251733228238,0.6621443301776858,138
154,0.1198583324851027,0.1198583324851027,0.5626778524622046,0.6621049979436856,139
125,0.1173205861182361,0.1152536535664031,0.5682627590868053,0.6620879992044356,140
803,0.1183061774220251,0.1173222347260886,0.565842244608526,0.662075587385993,141
430,0.1199279953461843,0.1199279953461843,0.5625043599990724,0.6620608444114148,142
300,0.117552716584989,0.1171030925050391,0.5668674996655251,0.6620526721137815,143
178,0.1198602903733356,0.1198602903733356,0.5625342164689845,0.6619957885916224,144
159,0.1184973753646589,0.1174678492382088,0.5654048043916026,0.6619788048245535,145
573,0.1198877870375498,0.1198877870375498,0.5624657571538917,0.6619784096888399,146
891,0.119821951869684,0.119821951869684,0.5625027202323793,0.6619211852893553,147
496,0.1174283341949077,0.1152896972034394,0.5678903639161621,0.6619185792825955,148
15,0.118633409204151,0.1175888571637788,0.5650455336649574,0.6618791212699294,149
388,0.1187145104316002,0.117624610331623,0.5649195808511491,0.6618728743785008,150
397,0.1198317677842623,0.1198317677842623,0.5623735644297067,0.6618335225842044,151
301,0.1176028328274065,0.1171578232761148,0.5664873214446428,0.6618271387528301,152
410,0.1172518394559615,0.1152190531961074,0.5679364867368484,0.6617471008328535,153
297,0.1184320263262539,0.1173977884779705,0.5652199176154413,0.6617414458209581,154
794,0.1198572898990709,0.1198572898990709,0.5622080431332364,0.6617381084417605,155
291,0.119897548337441,0.119897548337441,0.5620556888158023,0.661672175447355,156
0,0.1198834984733252,0.1198834984733251,0.5620463538189497,0.6616465746630072,157
609,0.1185667712360366,0.1175548962847019,0.5647051112468653,0.6615348182845592,158
552,0.115625146967967,0.112789561576538,0.5712176090894492,0.6615030744702644,159
44,0.1184058572186759,0.1173171876003999,0.5649730994548963,0.6614883717015388,160
400,0.11863115261051,0.1176980270165623,0.5644285101307436,0.6614409933010509,161
630,0.1198425374675724,0.1198425374675725,0.5617884027319873,0.6613924115257195,162
784,0.119839856478612,0.119839856478612,0.5617881839535624,0.6613887329770111,163
377,0.1160084899654609,0.1131488138288108,0.5702951296107921,0.661352223743897,164
786,0.1198824519199524,0.1198824519199523,0.5616379100669971,0.6613275796196282,165
848,0.1175579697589635,0.1171111026089285,0.5659310021562209,0.6613256378814976,166
928,0.1175536857035029,0.117072700612957,0.5659009038514322,0.6612809901868331,167
511,0.1184640130756947,0.1174465323892234,0.5644877554351322,0.6612200284658296,168
386,0.1183770780236781,0.1173071948635996,0.5646454350221128,0.6611999503727171,169
80,0.118485449438877,0.1173507499921308,0.5644828170925142,0.6611954347431512,170
654,0.1198863512900575,0.1198863512900575,0.5613907618944758,0.6611405241345532,171
925,0.1198138899338023,0.1198138899338022,0.5614840772755609,0.6611182199993085,172
486,0.1173681585054588,0.1152492176465452,0.5669461627496766,0.6610982365472565,173
166,0.116220235557089,0.1129740116288958,0.5697799342850888,0.6610779039775024,174
532,0.1198224360666045,0.1198224360666045,0.5614070175457292,0.661069498257097,175
68,0.1185250575493392,0.1177678406021872,0.564030321352328,0.6610580974651322,176
278,0.1173204605030034,0.1152477141156184,0.5668810445172066,0.6609989562723814,177
628,0.1175640434466431,0.1154210369089649,0.5664070340007282,0.6609480222800802,178
540,0.1184958974968007,0.1174796445441074,0.5640134729429707,0.660893780030482,179
25,0.1186005380438272,0.1175741241691682,0.5637878768030918,0.6608579622531053,180
23,0.1185225616947609,0.1174560892700252,0.5639049344572706,0.6608243115982037,181
676,0.1183783002291101,0.1174338913915505,0.5640847791851901,0.6608170103034603,182
485,0.1185680103359087,0.1175206069164083,0.5637880867299844,0.6608041224873415,183
518,0.1171609866966828,0.11513153917065,0.5668457345485913,0.6607582465421946,184
672,0.1168119160886532,0.1148976567090227,0.5674105478592321,0.6607422553145438,185
189,0.1198275623776753,0.1198275623776753,0.5609255510261184,0.6607018997018542,186
565,0.1183462396503591,0.117397220813633,0.5639816382277233,0.660689654279075,187
561,0.1198184374600915,0.1198184374600915,0.5608958565514951,0.6606668462535257,188
442,0.1199063504160464,0.1199063504160465,0.560726609811385,0.6606504934899262,189
412,0.1183944173744293,0.1174325975101643,0.563809907113731,0.6606169062210924,190
46,0.1174431941194588,0.1171194381614394,0.56513514830184,0.6605908557158539,191
203,0.1198968243335901,0.1198968243335902,0.5606593449546758,0.6605857636304214,192
543,0.1198766002068821,0.1198766002068821,0.5606856844823697,0.6605797507354711,193
871,0.1198804039848089,0.1198804039848089,0.5606767699654664,0.6605778054332867,194
770,0.118637585928486,0.1175707018709685,0.5633734195258158,0.6605679245149652,195
683,0.1180590801275593,0.1172523439625492,0.5642594398364865,0.6605665970306088,196
883,0.1173251424842476,0.1154226284208227,0.5661374838898771,0.6605001018678904,197
441,0.1144118043934438,0.1122378376122259,0.5719265924484012,0.6604902946416052,198
874,0.117539722440136,0.1171202525413278,0.5648554948523835,0.6604672274109982,199
409,0.1198352173639528,0.1198352173639528,0.5605754145939381,0.6604398082259958,200
649,0.1175720537744324,0.115648645547885,0.5655943464201746,0.66042227536817,201
321,0.1186395496700799,0.1180880483479328,0.5629033755556552,0.6604220808468179,202
489,0.1185565353135218,0.1174982634733439,0.5632556048433467,0.6603673100810479,203
797,0.1198886201240808,0.1198886201240809,0.5601406180605395,0.6601720326720856,204
605,0.1198758195012823,0.1198758195012823,0.5599286249819353,0.6599905902833957,205
664,0.1174240954950939,0.1156392191273132,0.5652360564631429,0.6599900450986194,206
323,0.1183192899257126,0.1173890846436848,0.563004988736658,0.6598961453266542,207
11,0.1198922418881232,0.1198922418881231,0.5597551263267816,0.6598773913586536,208
364,0.1162791256496999,0.114785575026718,0.5669874993429749,0.6598123343593185,209
862,0.1198504577513779,0.119850457751378,0.5596951771537049,0.6597759881930055,210
530,0.1172985609352689,0.1152079561107065,0.5652452751902356,0.6596740126665855,211
749,0.1184918782604641,0.1174545138184166,0.5624286750457305,0.6596402432131439,212
507,0.1198630226548464,0.1198630226548463,0.5594726157458911,0.6596196668791097,213
24,0.1198959628115972,0.1198959628115972,0.5594165023005482,0.6596193501764805,214
804,0.1198726920102274,0.1198726920102274,0.5594275277844107,0.6595973599962689,215
607,0.1184110134434076,0.1173615483877688,0.5625124122944025,0.6595877659246923,216
574,0.1199083754309323,0.1199083754309323,0.5592759147575715,0.6595264993618809,217
726,0.1171703917127874,0.1152098240796985,0.5652193694876637,0.6595261044977713,218
764,0.1197985694884537,0.1197985694884538,0.5593753809095687,0.6594593717021614,219
806,0.1198903433234002,0.1198903433234002,0.5591894041811789,0.6594356777226407,220
35,0.117152859785829,0.1149918587812897,0.5650995086697963,0.6593132599064198,221
851,0.1183858102603073,0.1173398186486072,0.5621726011340271,0.6592884940963983,222
729,0.1159782655054685,0.1147194960229568,0.566619638214145,0.6591793883456547,223
913,0.1198596110799882,0.1198596110799882,0.5588990444467379,0.6591699055047564,224
256,0.1170574520399473,0.1167603379027247,0.5639659030320168,0.6591291933948769,225
775,0.1198979781186643,0.1198979781186642,0.5587493519046899,0.6591041729615025,226
419,0.1100399879071089,0.108394295431067,0.5791467491113599,0.6591010270723405,227
432,0.1154035022540911,0.1127163120248294,0.5684608044842185,0.6590547419926582,228
697,0.1198419222010157,0.1198419222010156,0.558680281677406,0.6589768317408682,229
929,0.117077555008382,0.1153603896683086,0.5644613307282705,0.658906866264587,230
264,0.1171725563295899,0.1151182253882275,0.5644506961711885,0.658882390171123,231
896,0.1198663636294767,0.1198663636294768,0.5585146043877092,0.6588804396407728,232
608,0.1199013127537057,0.1199013127537059,0.5583339902636253,0.6587862852230886,233
299,0.1158275727134738,0.1129265998630325,0.5673371858075721,0.6587202538423462,234
71,0.1173871713520696,0.1170499996871155,0.5627753413405472,0.6586529749957873,235
863,0.1174914605645892,0.1170706167772555,0.5625842962735996,0.6586162329762368,236
22,0.118572515703839,0.1175479517196967,0.5609643651544627,0.6586144921245457,237
420,0.1176471088905871,0.1171525050127795,0.5623275854850999,0.658605435433307,238
367,0.1186451655508753,0.1176893118182864,0.5607716464245173,0.6585943387818678,239
298,0.1172341371797404,0.1152144162424914,0.5638510565085519,0.6585182820969148,240
893,0.1175754017332326,0.1171387474995074,0.5622941942724893,0.6585021143492286,241
937,0.119918572578149,0.1199185725781491,0.5578107774408153,0.6584031785620097,242
696,0.1198700898372666,0.1198700898372665,0.5578576378131486,0.65837568653869,243
761,0.1174892464263385,0.1170953816776056,0.5621926929852921,0.658317917549799,244
926,0.1182635818440197,0.1173113912451235,0.5610728081545225,0.6582983558260126,245
814,0.1199012772197122,0.1199012772197122,0.5576658906121821,0.6582680668038265,246
737,0.1198756915091249,0.1198756915091248,0.5576888584022454,0.6582521722240927,247
133,0.1170349673673235,0.1149989454276629,0.5637863333684208,0.6581667011242402,248
255,0.1173859185277071,0.1170973312112427,0.5620090769911309,0.6580716444162834,249
3,0.1151230841228396,0.1143417933058937,0.5665648723702599,0.6580530038768377,250
738,0.1184868839398451,0.1175378081539632,0.5603184558512699,0.6580234497877869,251
320,0.1174719918384596,0.1171279710956337,0.5614885137320339,0.6577631765226617,252
147,0.1163382943081816,0.1148001172298001,0.5642642569028672,0.6577360658956082,253
134,0.1172731081379043,0.1152899565088754,0.5627310038751518,0.657713975372187,254
541,0.1184420195332564,0.1174241441150091,0.5599696778722072,0.6576591137381854,255
488,0.1176277778277676,0.1171607180982069,0.561133978887181,0.6576551291153286,256
56,0.1170282479699642,0.1150556371176388,0.5630878053743544,0.6576380740125723,257
616,0.1151465378753496,0.1143919574716122,0.5658915189262936,0.657570092026942,258
484,0.1186631164984695,0.1175152442244713,0.5594735024094319,0.6575250842977831,259
311,0.1160145593911849,0.1146042493411452,0.5645175857130401,0.6575064244801986,260
180,0.1172855808642342,0.1151631154448374,0.5624060998835415,0.65741342081092,261
155,0.1174986097373084,0.1170798777543505,0.561032602000751,0.6574117400659426,262
444,0.1174213537560807,0.1167662498014911,0.5612847865560465,0.657394445270604,263
333,0.1181989076471597,0.1173228096808649,0.5599684575778998,0.6573776523275462,264
331,0.1161889184605256,0.1145802859315559,0.5640753774269858,0.6573289554379389,265
48,0.1147258014792089,0.1123015093587018,0.5672332291396056,0.657148481026111,266
793,0.1173410573868754,0.1171163558189521,0.5608244462302874,0.6571066930509079,267
882,0.117364868823538,0.1170618095031269,0.5607573354583483,0.6570542548792121,268
401,0.1175421640303459,0.1171483316640404,0.5604587613064171,0.6570358575305681,269
895,0.1186289212454095,0.1175298958776825,0.5588610590237142,0.657021066681147,270
618,0.1148430045626146,0.1123244768773037,0.5668632496834777,0.6569949937012168,271
551,0.1157811867286896,0.1143919827168585,0.5642255028949829,0.6569307129751882,272
751,0.1115935550158175,0.1108344241659883,0.5723934950898423,0.6569270119167958,273
81,0.1183823209963327,0.1174630516298232,0.5590565184496645,0.6569054464160773,274
783,0.116930138748439,0.1173340083106158,0.5609376625609228,0.6568744389595909,275
375,0.1174403548949814,0.1170426999565596,0.5604396051665833,0.6568728871457146,276
939,0.1198611412838521,0.1198611412838521,0.5559164968744663,0.6568592905989531,277
456,0.1160819291422763,0.1149683848574548,0.5633677063888722,0.6568427416700299,278
660,0.1159430748730944,0.1147216815822487,0.5636979347691347,0.6568415340213326,279
572,0.1175281929277247,0.1171088559299702,0.5601469950157139,0.6567607121718432,280
200,0.1166260396370721,0.1148677205060426,0.5625465960085154,0.6567147942609439,281
390,0.1172005499705078,0.1149925763612662,0.5617124900576664,0.6567051732482426,282
243,0.1147866320222429,0.1106808074365359,0.5676153184771705,0.6566801957013856,283
687,0.1168178175164453,0.1149367961452099,0.5620512257338656,0.6565551256068867,284
60,0.1170501823364786,0.1150618858156357,0.5614974186998689,0.6564161588046006,285
181,0.1174159540649162,0.1168682380788008,0.5598846015884693,0.6563375814506851,286
366,0.1150903166436939,0.1126303583635087,0.5654655961364731,0.6563126724851897,287
621,0.1161277428304845,0.1147738156531214,0.5627359474542992,0.6563025929822421,288
168,0.1146055676822517,0.112224072279129,0.5663682880883923,0.6562947225607066,289
938,0.1199195048570105,0.1199195048570105,0.5550043921725363,0.6562303011141628,290
37,0.1176414110041117,0.1171534431246376,0.55908233491099,0.6560606366711134,291
445,0.1176024894303312,0.1171138395293563,0.5591460899023615,0.6560543330962172,292
627,0.1160800086693039,0.1131795529740585,0.5633146368361264,0.6559432206298361,293
455,0.1173571019057639,0.1171199811918063,0.5592849438509888,0.6559191007555334,294
310,0.1142332047714835,0.1102271812701077,0.5677102674235096,0.6559079848047876,295
13,0.1147959508219623,0.1105698609860868,0.566674862105746,0.655889923036092,296
731,0.1147551090270964,0.1122645910433294,0.5655866863227752,0.6558611126653898,297
819,0.1199199017045289,0.1199199017045289,0.5545154352924266,0.6558524597079063,298
739,0.1162562147744675,0.1146820366056357,0.562042991487215,0.6558489871171032,299
918,0.1199395182458206,0.1199395182458205,0.5544755979166155,0.6558476110394422,300
312,0.1160949932129672,0.114667251719271,0.5621906363300417,0.6557894727705587,301
495,0.1156325569550724,0.1125538708218618,0.5641086726035348,0.6557858674839236,302
287,0.1160509463288371,0.112886318521213,0.563332348816519,0.6557824871340717,303
914,0.1161081030440241,0.1148401660070257,0.5620407151429091,0.6557664856635015,304
870,0.115950019298679,0.1127016139290609,0.5635297012260567,0.6557400277134153,305
170,0.1186703942161857,0.1176495943522708,0.5570633540843631,0.6557124527423405,306
673,0.1156258168326469,0.114306827490224,0.562877540735942,0.6556640689609039,307
924,0.1162664920840416,0.1148682772974734,0.561653830844656,0.6556412157553065,308
146,0.1151660479894102,0.1127421515577155,0.56441696336894,0.6556230635547404,309
873,0.1159385841585496,0.114548754285884,0.5621433123979775,0.6555320222111515,310
520,0.1159086251454278,0.1144565865195816,0.5621837935928142,0.6554886978775268,311
36,0.1170097411073557,0.1148588153311007,0.5603190837279519,0.6553574809506336,312
640,0.1175987663889661,0.1171181125062114,0.5582223544294123,0.6553304541332815,313
763,0.1156915475410245,0.1124705778165891,0.563248857233504,0.6551305633786008,314
289,0.1160122107331493,0.1146586402538187,0.5614257739407668,0.6550972110438577,315
533,0.1162671581043638,0.1147888951461471,0.560930959528325,0.6550370471017121,316
684,0.1164722530230984,0.1146898694830553,0.5605506636928731,0.6549060059562009,317
629,0.116879720194778,0.1172804039016386,0.5585216740939363,0.6549057753566905,318
774,0.1173890151252648,0.1168339726929124,0.5580021719122319,0.654822988467142,319
176,0.1163550942107962,0.1148040424727881,0.5605204490793737,0.654813709880947,320
378,0.1126619306755079,0.1096636213079397,0.568854043014052,0.6547321083779111,321
267,0.1150514022107582,0.1142010992542262,0.5625064184642927,0.654704840871741,322
124,0.1173449380138622,0.1168237538552381,0.5576971625434489,0.6545354567009173,323
792,0.1159590648813305,0.1147296409887542,0.5606176630189896,0.6544394484783514,324
506,0.1176069763052279,0.1171738130228916,0.5569148010025982,0.6543416290484528,325
245,0.1171621803932616,0.1150672194847859,0.558573662440647,0.6542438353161902,326
385,0.1162181630356108,0.1147691018014915,0.5599814938835963,0.6542311129398964,327
290,0.1161819173045163,0.1147348713162802,0.5598825888831356,0.6540994058553573,328
126,0.1159933983825571,0.1128907496945724,0.5612100423796087,0.654056941109588,329
191,0.116032700067265,0.1146451151516423,0.5600682234267162,0.6540459127740109,330
752,0.1174331940376751,0.1170681877689408,0.5568054064298984,0.6540349260644953,331
440,0.1150561834078927,0.1124098935968831,0.562592761321324,0.6539009472752266,332
916,0.1174285026943934,0.1170316388804485,0.5565674763139501,0.6538284251044997,333
132,0.1152289694981287,0.1144234742388874,0.5608321295469498,0.6536836724516647,334
190,0.1161827280828247,0.1148067768629545,0.5592175685225593,0.6536120332048997,335
275,0.1146313476339285,0.112092318243005,0.5626564797375495,0.6533268758105673,336
849,0.1150340946158543,0.1125238242050054,0.5617922126585957,0.6533035151686322,337
69,0.1174859868816299,0.1171117712331396,0.5553618856937701,0.6529805038211124,338
66,0.1158781532389621,0.1146569078441925,0.5588096259157119,0.6528995505547787,339
852,0.117209232736915,0.1151892291678131,0.5564529823550599,0.6526909102609573,340
685,0.1176152752291355,0.1171244791392549,0.5546587684965056,0.6525686189823322,341
247,0.1142668263145166,0.1127801360252441,0.561608394917586,0.6524416399123002,342
79,0.1175448507311889,0.1171481941526229,0.5540001660409593,0.6519941905206548,343
16,0.1175017307621253,0.1170911533520018,0.5540299575554957,0.651948836056646,344
34,0.1148684714477386,0.1123960418053568,0.560370319383315,0.6519395088439777,345
148,0.1137543011096523,0.1120554998391613,0.5620728960206012,0.6518693756882126,346
269,0.1175315550190113,0.1171078692710967,0.5534930016998154,0.651567974067147,347
244,0.1149823622778525,0.1123793004557414,0.5593653549303698,0.6512655435398468,348
55,0.1173882035240109,0.1168898597328184,0.5533318674208816,0.6512012421588028,349
396,0.1144758202944677,0.1103212323416662,0.5613349226028059,0.651199965098017,350
642,0.1162950845866712,0.1147039836188163,0.555735901314061,0.6509543468754952,351
917,0.1151469161378223,0.1143105513899335,0.5572288623083124,0.6507067464428967,352
145,0.1146727709579536,0.1121649498961928,0.5590619936844221,0.6505786643817174,353
14,0.1162867531700958,0.1147925798903281,0.554676189637147,0.6501577856472895,354
869,0.1149671919525793,0.1120736592755035,0.5580068191420848,0.6500282353467521,355
12,0.1146016247912622,0.1121638160217253,0.558434460917892,0.6500056395918189,356
67,0.1157648435247226,0.1144422733760014,0.5553533246064097,0.6499667784055497,357
759,0.1146038142831008,0.1121279944084158,0.558372880632388,0.649941643078864,358
47,0.1171785677567404,0.1168533551407726,0.5519659393343411,0.6499054017377871,359
376,0.1171950838607094,0.1168785984686418,0.5518347847333609,0.6498313176421321,360
510,0.1120583331936938,0.1115961051780898,0.5619781811498175,0.6495945806319698,361
423,0.1161353281787091,0.1146818853538296,0.5539122204011211,0.6493477816595866,362
434,0.1135156804655741,0.1100877905637126,0.5601885450027991,0.6490902121680857,363
808,0.1155704350273065,0.1144243794530634,0.5543936554573017,0.6489965738026401,364
268,0.1139585997187823,0.1119267561862022,0.5581935793003701,0.6489755054826944,365
661,0.114625942266088,0.1121908080043395,0.5570589617116685,0.648964883073135,366
365,0.1140739447115334,0.1119628448147387,0.5579491561363846,0.6489316894428009,367
892,0.1159016476425922,0.1145414306603362,0.5536486090846873,0.6488257252402647,368
266,0.1157940824919998,0.1143875990270605,0.5527369600158563,0.6479244071510633,369
332,0.1122925256040009,0.1149113246513861,0.5574325754784198,0.6479082032376202,370
528,0.1130691168350292,0.1102675158064093,0.5588497260740994,0.6476144223425162,371
539,0.1154135496126227,0.1150086778048729,0.5524524120982287,0.6475785136269575,372
165,0.1136161942162156,0.1118501454725332,0.5559337301196613,0.6467669313643697,373
431,0.1145065293762922,0.1121558362169265,0.5543701139767487,0.6467024264160927,374
398,0.1159509251632416,0.1145957073028253,0.5499894702527598,0.6460448641317894,375
187,0.1116620716592946,0.1070974039432272,0.5610855456749839,0.6459741325030883,376
499,0.1152087078294723,0.11446217366504,0.5509239430275567,0.6459018812660288,377
121,0.1135158385736753,0.1103000081283353,0.5540982570698676,0.6444096472139442,378
740,0.1149052011660032,0.1140822931220978,0.5491807698524688,0.6440215104186443,379
156,0.1135701791658256,0.1117217288290811,0.5513438304966776,0.6430404674007005,380
27,0.1152009657691931,0.1126073905579722,0.5480504570235201,0.6427566097835187,381
554,0.1152158479175899,0.1141057840191069,0.54706473312919,0.6427255019580783,382
57,0.1151125699778686,0.1143632055306744,0.546138233262025,0.6420086033477416,383
807,0.1100347312309045,0.1163329694066067,0.5524847060535254,0.6418916169676533,384
387,0.111958375324426,0.1110053122275127,0.5526996541555418,0.6418331984650382,385
750,0.1146829579585275,0.1137815905198595,0.5466607114659877,0.6416582600111027,386
279,0.115384749119247,0.1144557033189744,0.5452353056830275,0.6416509996750883,387
904,0.1134007640491939,0.1210833059008791,0.5440765466921562,0.64135467855373,388
671,0.1139018111372765,0.1148166939356581,0.5458518344655817,0.6406219200886176,389
454,0.1135728338806898,0.1169436004724016,0.5438410230477898,0.6396336854645368,390
872,0.1098150399103915,0.1045034162986694,0.5576528713408193,0.6394616393680095,391
1330,0.0160447320170587,0.0723696544163021,0.9545114616906458,0.6388934197916808,392
213,0.1156986604337207,0.1200498385863434,0.5373554830320372,0.638306607400798,393
322,0.1124450613119057,0.1142774719812748,0.5451877707393857,0.6381306049129214,394
374,0.1110670844426623,0.1069920810140789,0.551738617245174,0.6378174941226045,395
257,0.1134709740773044,0.1116974102378552,0.5446819241311195,0.6376919365716034,396
575,0.1142627608002823,0.1166865201692729,0.5391014129371543,0.6366165658828162,397
411,0.1104097956118816,0.1086020466979897,0.5494476603833529,0.6360781561785862,398
335,0.1143580163201745,0.117096355306301,0.5377876055882391,0.6358841395271877,399
555,0.1103687137271431,0.1067061412263865,0.5493122816367796,0.6348697255778896,400
816,0.1129877759921131,0.1174238778659333,0.5378532840478795,0.6344713858189829,401
940,0.1119598356289611,0.1173185780192766,0.5383089982455833,0.6335394577556367,402
202,0.1144241629056593,0.1133609036953729,0.5349590642560826,0.6320483512589745,403
210,0.1158343551906535,0.1176308117548325,0.5302375559391045,0.631948509912496,404
422,0.1095399890535685,0.1081494631920753,0.5395187234193919,0.6268999417031528,405
452,0.1138585372006083,0.1170858056559118,0.5268612042422192,0.6268145807200026,406
815,0.1138960772632807,0.1209099677194859,0.5208413534703327,0.6238189019239352,407
258,0.1117107312577004,0.1115643805076053,0.5253837533656402,0.6204350874503872,408
859,0.1126449644318005,0.1177064287564634,0.518112822415976,0.618848860218377,409
487,0.1166637684271075,0.1173863921077832,0.5117689128438541,0.6186620220155399,410
157,0.1070566018019648,0.1034675716908866,0.5360016342169598,0.6181381048509084,411
936,0.1125106591162899,0.1170103474565227,0.5153458665814367,0.6162420772429078,412
78,0.1163981691985918,0.1172959555157909,0.5084107610140574,0.6157714320426713,413
137,0.1146927049067725,0.1158784395789555,0.5116180443628421,0.6155655425054897,414
199,0.1124955417837431,0.117701052659456,0.5134337288039952,0.6150551022940544,415
209,0.1128399176414716,0.11501332691752,0.5135112078133426,0.6143415758872955,416
211,0.1100786680748866,0.1148075777602706,0.516836924095315,0.6132524585358426,417
82,0.1141824859341222,0.1169549081115287,0.5081655616962893,0.6127890842850362,418
743,0.1072421223850295,0.1183991113824422,0.5181944842337033,0.6120978806384665,419
302,0.1094265656448485,0.1087429858756248,0.5196340311860204,0.6115358188365336,420
334,0.1089900194780161,0.1140585165617582,0.5147531390765864,0.6098190590494282,421
858,0.1121690973711571,0.1145332574170725,0.5085642127188346,0.6094691292598018,422
935,0.1125948974343218,0.1173934025985967,0.5050641502534854,0.6086291952552807,423
682,0.1138432852296176,0.1173765719147392,0.5028720987722923,0.608524840905382,424
610,0.1125284882002508,0.1141614317393719,0.5053665030634166,0.6073087970800652,425
435,0.1070834891446889,0.1156860909205776,0.5105132740978748,0.604649051802252,426
545,0.110444472947694,0.1178047055454526,0.5018878804411581,0.6035701159355151,427
88,0.112444328274972,0.1142015530811838,0.500509819834749,0.6035128183982973,428
391,0.1126561351444651,0.1191100075923594,0.4944567760801441,0.6013794562695693,429
214,0.1076228875910367,0.1126733998801904,0.5051852019937353,0.5998315220775369,430
59,0.1090921019700274,0.1069921077463061,0.5036010689572936,0.5977677331760821,431
212,0.1028227053125386,0.1092924000539236,0.4939835785305798,0.5822920625587917,432
324,0.1056513718040969,0.1120982739688479,0.4850462315418841,0.5811555878286531,433
490,0.1136932906508026,0.1210373121498285,0.4644638038452799,0.5811550393551941,434
611,0.1118194510186761,0.1211027556351821,0.4625678187424144,0.5772455286435316,435
809,0.0964624084479765,0.1178729239916431,0.486166811278733,0.5701869191735299,436
380,0.1116272129457243,0.1216075967120905,0.4496694493652137,0.5677196490485678,437
90,0.1090611609850063,0.1120242714674123,0.4599127566713705,0.5671917406847222,438
798,0.1012825859421948,0.1208897822886551,0.4688807460024822,0.5661752084651817,439
89,0.1092386833164682,0.1143028308129117,0.4551185200185075,0.5649857856094027,440
1318,0.0227522864680045,0.0907932136071927,0.7068457961756948,0.5649175561507706,441
149,0.1123541353888345,0.1186941431058072,0.4403896208248166,0.5607385903961584,442
77,0.1100009262265187,0.1124570010841377,0.4482390073145871,0.5601526388905184,443
688,0.1015333411631217,0.1235021924848981,0.4578184514244953,0.5593647703205338,444
182,0.1093572224466093,0.1186592155717375,0.4372080342085772,0.554025482703854,445
446,0.1037390718554918,0.1208239235441447,0.4406980283871773,0.5488701061254401,446
292,0.1077047738681011,0.117720043156613,0.4297950662065853,0.5456749941800312,447
270,0.1060551824902046,0.1170765146658491,0.4321906539953499,0.5445283652474663,448
17,0.1174868210183404,0.1203008498625843,0.4044738593734446,0.5434561544210379,449
336,0.0956706666057908,0.1134780774148203,0.4491788038954928,0.5380688161194922,450
413,0.1067498214509627,0.1230871505533479,0.4113451090056923,0.5333779768411706,451
677,0.0996771992023035,0.1242240362154143,0.4265595468996233,0.5333308663314659,452
776,0.0985132265084679,0.1239388781011131,0.4273669314871166,0.5318136735556328,453
138,0.1114076625803215,0.1178935837296926,0.4021592163535065,0.53181112117556,454
281,0.1079103227743497,0.1201109552574297,0.4064588857521793,0.5303739212154386,455
259,0.1086798538377634,0.1164807619024128,0.4069384798141479,0.530223760465143,456
1209,0.0217214764378003,0.0868471215365817,0.6531687665487642,0.5302122254692105,457
523,0.1029707169511097,0.1201607901004066,0.4169626395903211,0.5298808603772215,458
622,0.1037324430742644,0.122975391686449,0.4125329832801839,0.5292843817790513,459
995,0.0831666573531102,0.1200990017606498,0.4616290992652805,0.5282107926351634,460
578,0.0973964285946147,0.1234235522645133,0.4239258873380284,0.5270960260386398,461
1319,0.0202104519549076,0.0773410612564331,0.6595100783807925,0.5267245562182489,462
171,0.1062329224864483,0.1167229622096583,0.4062637922518342,0.5259034077575994,463
534,0.1029802697751217,0.1211112932705767,0.4086263247389275,0.5243275018019302,464
567,0.0969935035370034,0.1188193245280721,0.4191103381745368,0.5205224693352084,465
1003,0.087216240764133,0.1177050890306197,0.4417121675372225,0.519165358130842,466
982,0.0935509067892866,0.117900901272255,0.4241217630352749,0.5176107700130531,467
1307,0.0263240268376152,0.0908641006540243,0.6160155528079431,0.5170749385888905,468
1197,0.0255598823002819,0.1021686247869019,0.6082748691826957,0.5162348490234836,469
1198,0.0254800943704194,0.0929482243078292,0.614260792961327,0.5154800114791789,470
501,0.1056300111405975,0.1229682947545364,0.379759499207546,0.5093241916475556,471
491,0.1029371840592888,0.1152952939969033,0.3882634781646258,0.5068223716098065,472
1186,0.029715596494405,0.1045444096553775,0.5737795263384841,0.5015177358390549,473
586,0.0773202661063772,0.1144634560147797,0.445038382953657,0.5008477279699853,474
1306,0.0266351043885739,0.1014886155123846,0.5810423848339065,0.49960841028265524,475
1036,0.0808923690494385,0.1191211670217245,0.425109987417097,0.4950897328224899,476
1027,0.0735167247666719,0.1205615729427004,0.4424422378633331,0.4948205513311361,477
666,0.0944512753969595,0.1255084455021113,0.3841460336745961,0.49397281425287043,478
787,0.0903379348427134,0.1256817326901818,0.3941249029790582,0.49363983753920554,479
369,0.1096691626377343,0.1216967683195259,0.3468167971003275,0.4933990513074845,480
930,0.0789172457997259,0.1256186785651926,0.4221132130088537,0.49266801233404667,481
644,0.0959641024765835,0.1217918221824119,0.3806303053127408,0.49225474153568766,482
248,0.1097048181431888,0.1161337686210548,0.347294345412707,0.49103246684730834,483
897,0.0887740320781747,0.1208089689117272,0.3981121062675547,0.4909185665046644,484
864,0.092312883719942,0.1242410206956932,0.3861520517965394,0.4907643259409322,485
314,0.0998629241826832,0.1208283927615672,0.3658928108717909,0.48852718603023076,486
667,0.0885190569411571,0.1230292220569563,0.3915542169878506,0.4868528218167336,487
392,0.0993835508204469,0.1206763302762205,0.3633967228918361,0.4858417145286442,488
655,0.0898489233462418,0.1193277962215058,0.3894804074368406,0.48579648997641056,489
326,0.0910203175074052,0.1174324129944047,0.387831710007724,0.4857733218022254,490
1050,0.0674055131454597,0.1262127046187724,0.4398569371382987,0.48413087583205827,491
1004,0.0787653388894581,0.1230985628240625,0.4123079332177553,0.48347698110797893,492
1005,0.0766106076804635,0.1160287810646663,0.4210567198388729,0.481739917592731,493
1296,0.026917894838871,0.0935177726327425,0.5578369346046246,0.48008890400846715,494
732,0.1015208707046106,0.1228249449753995,0.3458725543020159,0.4789646484693935,495
633,0.0967864580033286,0.119603732090255,0.361121837506632,0.47885516466309846,496
1175,0.0315031543878084,0.1033817181973876,0.5320128926103029,0.4743167905929336,497
62,0.1051059188423125,0.1185987038562816,0.3318236062059408,0.47399424836076626,498
1047,0.0756945561443681,0.1251849579088711,0.4058769591191016,0.47383356368436574,499
1185,0.0299552647646083,0.1093773752796555,0.5264425627212173,0.47089963043596567,500
1329,0.0180784863204767,0.0741787261318211,0.5771317652432063,0.4707261865014997,501
1196,0.0278897738663598,0.1054936340849989,0.5337557744130885,0.47070524554011445,502
1014,0.0770178626151483,0.124049280230491,0.3976414954040317,0.46955228790387277,503
1295,0.0278650123551986,0.1010429623962664,0.5351004460904465,0.46930606461517577,504
370,0.1037464180735522,0.1189293546166427,0.3271397084395014,0.4686117138578137,505
1308,0.0219735355790908,0.0776472455213174,0.5614503767225067,0.4674285588811681,506
1285,0.0273590716865124,0.0960588550726286,0.53631523192953,0.4668155689041557,507
424,0.0966406882608233,0.1211843972261501,0.3423984332642329,0.4665764999614545,508
1208,0.0227472935657029,0.0892537139770901,0.5502360664397713,0.4661344568284774,509
1015,0.0688680254107481,0.1219049578603722,0.4144294656813237,0.46480922953733006,510
1187,0.0247414781235498,0.0910001194775997,0.5421062391096204,0.4643246997425478,511
1317,0.0237010812855562,0.0869313520761891,0.5470228886615576,0.4642556578379524,512
305,0.0896758736399006,0.1193873277246637,0.3593133856725163,0.46373869252254213,513
6,0.1139832989190068,0.1203474850579222,0.2879154582151763,0.46369485241913305,514
556,0.0929704338846713,0.1256077357456593,0.3407965164679068,0.4609661591563234,515
93,0.1005258473076788,0.1097028950301547,0.3322344484659958,0.46089509364361153,516
1174,0.0339574543583513,0.1080711680007094,0.5046741983643798,0.4608515062058309,517
325,0.0945214259728263,0.1206657463430626,0.3399353974065269,0.46050540445057236,518
754,0.0897402645200377,0.1228316420148372,0.3498981032540946,0.45927993252130106,519
1026,0.0688453234229844,0.118887667006918,0.4097219268827682,0.4592362870615496,520
512,0.097877336797076,0.1228210661362688,0.3258707669417875,0.4588136021338434,521
402,0.0996755958642416,0.1218936651311003,0.3211900192805351,0.4586712850175364,522
303,0.0981234567859413,0.1213451312916064,0.3254626830652615,0.45817633542650826,523
919,0.0774640666763047,0.1267488732234434,0.377195897608365,0.45695488190129024,524
1028,0.0641565929301655,0.1225867880304361,0.4155690557971584,0.4568195499550864,525
1025,0.0710884074684755,0.124168691343618,0.3927116222538606,0.45414573529844,526
699,0.0834835570320629,0.1261765338552772,0.3572553226939622,0.4541318939731917,527
765,0.0874606417962705,0.1224153136487962,0.3486566569879025,0.453633705549532,528
1049,0.0599527325099853,0.1272690716761031,0.4179712157193507,0.4535793452610689,529
260,0.0998603573288612,0.1195910888619193,0.3126907135380337,0.4522128418036851,530
1054,0.0459371726799349,0.116920676708974,0.4582119345526723,0.4516299095029916,531
623,0.0902112008942234,0.1245882733765203,0.3344819110738567,0.45063292709230696,532
1297,0.0234855993682604,0.0820107786616244,0.530195288377342,0.44982845098254165,533
150,0.0973905370795251,0.1106400131581579,0.3241330438151016,0.44981092513715437,534
1176,0.0265597999753422,0.0956376392501119,0.5138333007412896,0.4490776932363548,535
709,0.0736692814169714,0.1259926197803416,0.3767743680661662,0.4485926374226278,536
465,0.0759980964846274,0.1145682072097459,0.3795115299285517,0.4479455873172327,537
1164,0.0318188148758889,0.1006936118529178,0.497429245533734,0.44782766553752684,538
524,0.0915892352165888,0.1253442931047517,0.3248104397686524,0.44729679739982714,539
799,0.0730850298852446,0.1239329786355461,0.3778666136592556,0.4468643784865506,540
1274,0.0248804103388248,0.098519967904568,0.512187890992591,0.44681251112789216,541
414,0.0934827979636126,0.1248938764369134,0.3184970400849197,0.44657887129708523,542
1305,0.0279230169170872,0.0980399364699556,0.5055313202503189,0.4463056098817636,543
1066,0.0328140186798027,0.1115013559012813,0.4849905811173368,0.44621345079211344,544
458,0.0827031012202439,0.1244565965279965,0.3485843975827246,0.4453091335041287,545
83,0.0980759800793414,0.1184192311827267,0.3082949515312019,0.44519077980657507,546
436,0.088687463104378,0.1251136685689939,0.3303723272845438,0.44511796942565435,547
1294,0.031317709597856,0.1010027979185464,0.4944464966869648,0.44495323345022486,548
1284,0.0276488527065043,0.0986179366680144,0.5036847912144958,0.44482262680573476,549
1160,0.0525130561954766,0.1097998820707216,0.4392128310555366,0.4444858435770472,550
993,0.0725628532475234,0.12211296140053,0.3764470011348201,0.44354416762969057,551
1088,0.0286624322073635,0.1078582247016036,0.4927819708635671,0.4433516497844791,552
1153,0.0357784693445231,0.1064082714696689,0.4785031564265811,0.44318102564372136,553
1165,0.0291260173396968,0.1010677091907701,0.4940026483737438,0.4412125535847942,554
992,0.0735113980030942,0.122260185970276,0.3702181895886872,0.4409280565981596,555
1037,0.062354708885028,0.1265904277124951,0.3939562002407165,0.4395070881226736,556
1184,0.0316859881635033,0.1153011562142546,0.4716578958165245,0.43671716087919904,557
393,0.0913012033032334,0.1228858693623312,0.3110325360573162,0.4360230426812204,558
1163,0.0342370162433681,0.115060610440086,0.4648869764161875,0.43552347334298874,559
1172,0.0500573324389545,0.1157833745038312,0.4286964064920994,0.435480305187713,560
513,0.0914008803496328,0.1225323354716622,0.3077265578314869,0.4338270478145257,561
645,0.0852292159338155,0.126487819570232,0.3216460958941711,0.4330838059442268,562
810,0.0674619213459404,0.1216044800615626,0.3758276092601803,0.43244312823456466,563
1055,0.0345288208510428,0.1142086824168361,0.4606231678843068,0.432226903753457,564
1065,0.034698496318953,0.1151533032675643,0.4579757058100402,0.431086084723278,565
1273,0.0267095889270128,0.0993219823812199,0.4856338935442491,0.43037666833619503,566
183,0.0948169127740364,0.1196410530319823,0.2942692405029619,0.43031867314932554,567
342,0.0824776296097137,0.1202716655733395,0.331555387008276,0.4301089257577127,568
1137,0.0545990553320741,0.1180103312283331,0.4084589206730522,0.42972666615069427,569
61,0.1015665572391107,0.1077647289875681,0.2811448045373577,0.4291790684079296,570
28,0.1121610878149529,0.1187376259596501,0.2323851888239564,0.4284493738196915,571
1016,0.0649088238823275,0.1237604487876568,0.3735926474176884,0.4271740289990815,572
1263,0.0267711757608368,0.0921994714943115,0.4841609323897711,0.42568372628705725,573
1286,0.0231972734856169,0.0795878574015372,0.4981251745877383,0.4252597008920409,574
1283,0.0304164057133582,0.1016419006512538,0.4690699216784115,0.4247002758253792,575
1142,0.0356653870578834,0.1076948053215921,0.4531336508883188,0.4242728042350931,576
215,0.0855842111682037,0.116900325110928,0.3154802741895172,0.42330199215002573,577
1053,0.0476049699941884,0.1172187434313355,0.4173524220407443,0.4231320812061871,578
1125,0.054722405428049,0.1121434208549704,0.4045155870944762,0.4228909691262112,579
1044,0.0354158106208375,0.1103942171742159,0.4494991132409131,0.4227431164384432,580
830,0.0628332392971086,0.1231077958769287,0.3734269700268228,0.4224589683437028,581
1077,0.0286052065140417,0.1066664264151665,0.4656862856595291,0.42230600596752493,582
160,0.0979639018604534,0.1119006387876569,0.2777178702144115,0.4218586668189309,583
984,0.0770598366114794,0.1196002381567686,0.3362611734950759,0.42166776584500126,584
425,0.0853441157501905,0.1219778299065954,0.3077897973505548,0.42094598723232607,585
820,0.0744797949797613,0.1279716697036523,0.3341593716608054,0.42078606079002195,586
1038,0.0562294187672926,0.1276147318489153,0.383568556941188,0.42067373579116674,587
1076,0.0314071190674412,0.1101788496007456,0.4550951694234205,0.420611616774706,588
968,0.0903111548301894,0.1192142825297607,0.2933273621443055,0.42005254205130277,589
1006,0.0640543475393389,0.1237284191882737,0.366366198750424,0.4200340898413699,590
1154,0.0292778027611929,0.099013945187334,0.4661526917271283,0.41929774612780074,591
1158,0.0469853238284715,0.119967815295228,0.4095513811575332,0.41790750129705634,592
994,0.0687753336212956,0.1221082966143956,0.3520922489960987,0.4177753441516555,593
1173,0.0345386731398376,0.1167941304558717,0.4393751187130948,0.41775417286941013,594
931,0.063836990703536,0.1279319981594019,0.3588978484461708,0.41720325479653964,595
585,0.073514149894656,0.1252060629373717,0.3343699617810964,0.4169256749681902,596
1282,0.0303226927743976,0.1119650381125819,0.450385887198037,0.4165150276194259,597
1138,0.0454588338494022,0.1177426505573604,0.412676521787806,0.4160403983035362,598
1293,0.0320593491447719,0.1021825704424507,0.4534042283281917,0.4155032394065371,599
1048,0.0526061254018501,0.1279373024290852,0.3851167304140769,0.4153429066471792,600
1272,0.0316584931954907,0.1083507550158207,0.4491159846132638,0.41529426953072,601
344,0.077583567672732,0.120307455258686,0.3247012134855177,0.4150544802045309,602
1002,0.0755213743951425,0.1192295894703775,0.3317347610489994,0.41493722136321864,603
689,0.0715280316790875,0.1239232970527606,0.3377323794349909,0.4142932378488211,604
315,0.0860568633105169,0.1216348447976209,0.2952572679341559,0.41390104203309835,605
50,0.1049826194245334,0.1193810249722718,0.2313000195569758,0.41387029226540667,606
656,0.0818607522608662,0.1265705096822201,0.3031753586278611,0.41375153159998246,607
1152,0.0371033703137564,0.1072334061612866,0.4368921293870277,0.4137062485896795,608
161,0.0959666628014467,0.1172833667650199,0.2658931797019842,0.41361271315785125,609
1275,0.0234235094467679,0.0791950680053737,0.4807725153858934,0.4126081381576862,610
945,0.0387631042261543,0.1213577269263602,0.4193228347117707,0.4123851332788314,611
1143,0.0314295546117284,0.1023661067056506,0.4503962278332443,0.4123284955119168,612
1149,0.0431231628966063,0.1151610382144775,0.4148036294902443,0.4118124663418862,613
1087,0.0274394150093954,0.1052709286855298,0.4545583029552094,0.411356294427854,614
1262,0.0291852819037401,0.0929800776844537,0.458367179241132,0.4099763899775706,615
790,0.0637958856067499,0.1248990308069933,0.3518176486711247,0.409582217213982,616
127,0.1058199127970655,0.1130159847270571,0.2267865725789705,0.40954716876660235,617
1033,0.0375715679934847,0.1125151891739949,0.4257878884839159,0.4092575043255387,618
920,0.0652217820955355,0.1240845256442313,0.3470954440810808,0.4083434075123907,619
829,0.057901997145458,0.1274093752669128,0.3617091577992385,0.40732860897247836,620
967,0.0323313642336891,0.1170401675389762,0.4295864601799713,0.4070800312309149,621
282,0.095782074909174,0.1244258495313477,0.2472267351533499,0.406733330941866,622
447,0.0789062488647158,0.1220577525028536,0.306817195015929,0.40670212356794655,623
1264,0.0228373375117051,0.0848170038655984,0.4699762362970158,0.4061304433319413,624
194,0.0896065034454785,0.118013241699791,0.2746784853123707,0.4058410370212258,625
589,0.0763787871228992,0.1251054925820208,0.3100474241830093,0.40580222441606545,626
821,0.06512507488217,0.1286045405995541,0.3387078254402526,0.4055640492651425,627
1060,0.0487588969633245,0.1231119018189904,0.3853065435075405,0.4047786205446915,628
828,0.0583312164935081,0.126998991402163,0.3572384257640901,0.40450536865737435,629
559,0.0705899906675115,0.1200698690320727,0.3305463450415271,0.404306375977142,630
768,0.0678993108445647,0.1244049932231123,0.3331371155418801,0.4038715569820565,631
294,0.0844538218940328,0.1105195113923538,0.2957748391484123,0.40338299711337383,632
139,0.1015783488464178,0.1188503653046947,0.2253673432937312,0.4032061987064475,633
979,0.0837662110662631,0.1177933629062595,0.2904362385108984,0.4031563536610897,634
1292,0.0317033995905964,0.1167292029770696,0.4258860973925215,0.4031125291530811,635
634,0.0834203142402014,0.1233700403788107,0.2850976946888856,0.402841738563314,636
39,0.1037053638470267,0.1114702829666531,0.2242121778624048,0.4028075385761898,637
1280,0.0351749731228268,0.1155904883852043,0.4190206112634457,0.4023315149635059,638
1281,0.0282186086308595,0.1108847058287157,0.4365987837627235,0.4022844760471744,639
1124,0.056967760972426,0.1126760149465836,0.3715908210970278,0.4019053992116137,640
1261,0.0329515765438918,0.1107151103209158,0.4271626501075919,0.4018705983146879,641
526,0.0765916517117662,0.1189034921230958,0.3096883001575066,0.40143214153743545,642
1127,0.0477601771917997,0.1211975576037495,0.3850467770033916,0.40131960068177214,643
1316,0.0230636366902338,0.1018129473406742,0.4518149521125091,0.4012812397833963,644
766,0.0755080095230958,0.1206374154760261,0.3109375518397418,0.40124123996517536,645
757,0.0673585370875664,0.1200511262496481,0.3339630408809032,0.4000217295110867,646
1159,0.0451262091725236,0.1153410729689856,0.3945742959156113,0.399651624053674,647
777,0.0745578732567871,0.1276212769559973,0.3034420505716094,0.3993888322162516,648
1162,0.0366319847208856,0.1177900840679572,0.4097814890360568,0.39907683888061707,649
216,0.0812716909696541,0.1201402281217467,0.2897732472898097,0.3989336431188119,650
515,0.0779899157768893,0.1188929916154553,0.3016659284106736,0.39891476106775564,651
1171,0.0357072994409974,0.1160250643138272,0.4128804638378723,0.3987391983550424,652
636,0.073989473303937,0.1234727050162396,0.3085203800293944,0.3984568304264325,653
934,0.0416500312400344,0.1203793710349244,0.3956905771446933,0.3983118057931808,654
381,0.0949663979481227,0.1236862321164137,0.2361184556811255,0.3981312856523637,655
1181,0.0418186913834303,0.1125858100447648,0.4017799055862408,0.3976037731746275,656
1195,0.0282312581110762,0.1062352864112079,0.4342675440911793,0.3975599458717051,657
1148,0.0430359351601936,0.1197350354516633,0.3921536714507326,0.3974347375918435,658
921,0.0570955641919783,0.126464243009755,0.3512024922949918,0.39721847265174703,659
1059,0.0496771992419501,0.1241622201787244,0.3718905567473182,0.39704362768762197,660
972,0.0873598123326597,0.1155263113262715,0.2711757704348823,0.397041229942601,661
383,0.0848169763189526,0.1196244524317975,0.2752475844833785,0.39684387721245074,662
1304,0.0289485204106436,0.0992148016824138,0.4373252514785714,0.3967406050305355,663
1064,0.0364878187101915,0.1179771644801063,0.4068213039947396,0.39671181387183835,664
678,0.0745751069454105,0.1253974546036965,0.3017346874908034,0.3965224547459428,665
1141,0.0364406920671658,0.1140501202031248,0.4100834458848033,0.39632105942139073,666
1183,0.0345767521207577,0.112885500090918,0.4145254704286771,0.3960458089875257,667
1043,0.0408538504492388,0.1219418747584839,0.3927355207565171,0.3959253101781088,668
1017,0.0558198116334505,0.1278965448283089,0.3502338588561423,0.39524686262204467,669
579,0.0727638774680067,0.1264577223550523,0.3040610608506663,0.39512050301383905,670
951,0.0493184358655278,0.1240657000438686,0.3698081888884653,0.3947388945462152,671
1075,0.0336112309853892,0.1192521921433027,0.4087067914626335,0.3946844320208947,672
690,0.0668834008011569,0.1265965329658145,0.3203664582251172,0.3943818106472118,673
1022,0.0371820216594388,0.1125772696831924,0.4073187596983252,0.3943060296745452,674
1001,0.081645736832513,0.1159989425238614,0.284711973192174,0.393453745100812,675
970,0.0826409209252261,0.1117952186221325,0.2852942527213586,0.3931767903303295,676
1270,0.0325253779621674,0.1147880163269387,0.4130140660601482,0.3931190228866971,677
701,0.061279481820547,0.1228414779153161,0.3385266582556495,0.393118967313429,678
469,0.0719811028734455,0.1248027308379733,0.3050374587181572,0.3928261254441418,679
547,0.0764292996238421,0.1214562415295638,0.2942019099097043,0.3923457514092756,680
588,0.0655614660601432,0.1264836941091105,0.321407558016668,0.39232396014100246,681
1271,0.03251963926032,0.1023233610123109,0.4221623159544559,0.3919594287683482,682
514,0.0832592752797083,0.1247504385484824,0.2670221576510674,0.391952437434987,683
833,0.0507630429821236,0.1183866205622385,0.3681799176155796,0.39164142727712653,684
923,0.0437792973355299,0.1225708374898333,0.3783732424385025,0.39034206788956355,685
813,0.0474843864016543,0.1212927705465754,0.3711112750404364,0.3902193110022317,686
824,0.0435369736146138,0.1179649571314547,0.3833599664025979,0.39014495622334555,687
779,0.0631477081706222,0.1216655669426152,0.3306109879362685,0.3901394361341768,688
1131,0.0365698388041032,0.1012794515408449,0.4123456887372964,0.3898118273033027,689
502,0.090003590680787,0.1246315804843243,0.2387944678875324,0.38954522644668255,690
204,0.0899653277018985,0.1244295699945712,0.2390429566907126,0.3894597513845925,691
193,0.0909281784653484,0.1213479364555283,0.2387019546384148,0.3891921170068512,692
1170,0.036716295672176,0.1188622777779762,0.3949835698124183,0.38863718678524845,693
271,0.0943961791943745,0.120754969422584,0.2247030953740179,0.3884832611601297,694
1039,0.0463137290382644,0.1290779913811294,0.3625299396010118,0.38813701487045615,695
467,0.0654685469599512,0.1099675364150826,0.3331089443238584,0.38798513779274263,696
1061,0.040595234051773,0.1287920288376279,0.3753243364781835,0.38790068221989216,697
1151,0.0397765737719523,0.1153957407643462,0.3906611591726111,0.3875646994665285,698
944,0.0430916078457494,0.1266967628399049,0.3715041568362173,0.3873635445975327,699
587,0.0636458764404825,0.1227157494770144,0.3241626612426574,0.38730482804304495,700
1291,0.0324049073348794,0.1096273462195798,0.4101415310790904,0.3871209688606907,701
466,0.0694171542939064,0.1257358843402823,0.3029773002198787,0.386745238940115,702
337,0.0779321513111816,0.1214605850681573,0.2804962920194328,0.38646623757469273,703
415,0.081394392193049,0.1215978947593017,0.2683886966964208,0.38634809312932744,704
980,0.0714912360329683,0.1144993537192973,0.3083913649475681,0.3862184074075831,705
316,0.0821100388845598,0.1201850739965654,0.2667063816689813,0.38580821501597723,706
464,0.0712093666380733,0.1218069274912366,0.3004736703636553,0.38564255089517396,707
1269,0.031910778094432,0.1146116729407907,0.404438201971501,0.3854921856522049,708
941,0.0620796355864469,0.1295016012538059,0.3179512032210619,0.38538475324593713,709
912,0.0445460806150214,0.1178556882777992,0.3749921160968603,0.3853238554423553,710
403,0.0900906911590188,0.1254982812201238,0.229819387987402,0.38521371023498946,711
955,0.0361706036914449,0.117291540219153,0.3926866333914484,0.38482326063500266,712
404,0.0836289244843395,0.1214345163585344,0.2582100479858521,0.38477246203480125,713
1328,0.0195200203440853,0.0748353738172324,0.4513953648366504,0.3842116003685725,714
657,0.0704257315236013,0.119743523473969,0.3029747372732601,0.3840719816813997,715
581,0.0607590027237746,0.1239990726043972,0.326286116507533,0.3840451793865587,716
1011,0.0415599679244639,0.1205775414350295,0.3770436768868744,0.38399645649729064,717
983,0.072605048289181,0.1219765254066172,0.2930497877993687,0.3836737836375619,718
1034,0.0792897457193577,0.1188760438532561,0.2742131084642846,0.3833872307111715,719
625,0.0761467876497046,0.1231433634392442,0.27974057549086,0.38336321298327425,720
1035,0.0781867918208822,0.1184778244406684,0.2776863813010188,0.3829099693308259,721
172,0.0915838617930211,0.120193488511694,0.2256184581297931,0.38234646649779813,722
956,0.0367118239600534,0.122788897640424,0.3826808222506294,0.3823311159477565,723
908,0.0695080075868736,0.1287787789399878,0.2925206298210216,0.3823272066990802,724
304,0.0888975982786287,0.1251384156303079,0.2295549640263604,0.38216201547133816,725
835,0.0382572637653265,0.1086958028166511,0.3931019265912583,0.38215444327058534,726
1032,0.0412577451522794,0.1215133633165959,0.3739489283570205,0.3818837038535332,727
933,0.047453611987207,0.1253748615046183,0.3555593913484204,0.3817408505075024,728
846,0.038392591159674,0.1215764351810033,0.379617377017987,0.38163849342340844,729
327,0.0769050799134231,0.1230430957635191,0.2735394018450195,0.38087601754460143,730
349,0.0690591950395652,0.1217230304279223,0.3002785979310535,0.38082960988338,731
1207,0.0233877549510291,0.0928493451761566,0.4305563065758964,0.38058067529323425,732
679,0.0681002864453249,0.1259531637516213,0.2976072262768157,0.3804444753932266,733
536,0.0756421355563656,0.1187799872022346,0.2821138274501775,0.3804249004368074,734
206,0.0801344374107273,0.1224395087441216,0.2623558119810283,0.3803586325757371,735
1086,0.0303647053003499,0.1144120759884394,0.4004222392199584,0.3800435033847222,736
293,0.0907464570700251,0.1208925413435546,0.2238902893531063,0.3799827071579013,737
802,0.0498684479843763,0.1225162213277587,0.3505623712464125,0.37989036174576296,738
1147,0.0405618830920303,0.1231139349512346,0.3705300475269903,0.37945921623176876,739
1303,0.0314769395931209,0.1087128536570251,0.4025786958520728,0.3792452772311507,740
457,0.079536233105551,0.1242831565079159,0.259902039141781,0.3789307487052816,741
1182,0.0338965013014163,0.1159213071779634,0.3905895536760742,0.3787101472666522,742
692,0.0523997380293842,0.1201829628103793,0.3451004851984958,0.37852059027222534,743
1113,0.0510950536477333,0.1217837235475664,0.3460399735782188,0.3781199531528752,744
345,0.0720018448958365,0.1240801643426685,0.2826635231482491,0.37703910495912457,745
823,0.0486351991232738,0.1213998746661632,0.3505416428115423,0.3766925976994252,746
1021,0.0448751508803545,0.1152514560137707,0.3648462522968898,0.3759873549530113,747
557,0.0776331812402543,0.127014615153988,0.2580329186654439,0.37577907664237153,748
580,0.0654192884809675,0.1197784598320928,0.3055622214803324,0.3752153220837788,749
1169,0.0356364767026071,0.1229234000206715,0.3745773998273478,0.37465829911696164,750
1259,0.0336050334291645,0.1083633554056318,0.393017047298892,0.3746362807917808,751
1130,0.0370592593467131,0.1120040509221244,0.3816811892335016,0.3736625244757699,752
223,0.0752670421931786,0.1206468951136605,0.2709638040468725,0.3736508505834966,753
788,0.0692179773626964,0.1284801190659392,0.2804783244170069,0.3733688928878857,754
901,0.0463234105473307,0.122829679797675,0.3499481998882313,0.37333732947630666,755
791,0.0493212220084971,0.1176762156684533,0.3483187525168782,0.3731586717865109,756
346,0.0701475615204151,0.1209919151509812,0.2865186438813608,0.3730694508319038,757
1260,0.0317931235318644,0.1007877742974399,0.4005840397969746,0.3729225248620927,758
1042,0.0429380164670965,0.1237714656709261,0.3559911882196853,0.3729137523795792,759
1007,0.0628211849214774,0.1250823775330542,0.3033418222778484,0.37269829268886084,760
922,0.0486053293792413,0.1255319839713597,0.3404311560815313,0.3726052956397982,761
568,0.0741048288493569,0.1273477990126271,0.2645744352181215,0.3724901821677118,762
222,0.0749995416721458,0.1192772311846019,0.2717149932183378,0.3724574996913709,763
703,0.0468465469438346,0.1189431325466869,0.3518331660534117,0.3724092209749497,764
706,0.060873741369761,0.127559307575312,0.3054074663469249,0.37238432100968677,765
1135,0.050868732188007,0.1100852574305054,0.350754374270636,0.37197273509998796,766
1132,0.0316694281093485,0.0948599697931329,0.4040248116103105,0.3719570702641364,767
306,0.0785803391971349,0.1195866890475982,0.2577784309584564,0.3717401513538135,768
1250,0.0301798939985292,0.1075208072293304,0.3960331120399967,0.3714673749457135,769
710,0.0668944415825582,0.1259950636038859,0.2878247868398645,0.371221509277772,770
221,0.0750517783401173,0.1163236130892901,0.2721909297735774,0.3705798103946917,771
991,0.0766610571161009,0.121140932049574,0.2607654450804143,0.370546431155481,772
225,0.072717211775349,0.1203311639503168,0.2748415921139643,0.3702888750002269,773
890,0.0497281934943109,0.1240978359474901,0.336288247723695,0.37027785092884635,774
681,0.0528115426995887,0.1174883099101029,0.3360592045777768,0.37022576702179644,775
1258,0.0337043378283729,0.1093567615555781,0.3855924282999456,0.3696600196263555,776
708,0.0560634947996313,0.1282699953835485,0.313970635516574,0.36962440540124974,777
812,0.0522567339000539,0.1253589358538918,0.3273916484930195,0.36948519064075896,778
1139,0.0481993075028032,0.1200911892072807,0.3433085879797621,0.3693034015181793,779
205,0.0821409387099555,0.1205507929671044,0.2386654285642223,0.3687719017715903,780
834,0.0419922183022187,0.1210802901816646,0.3546387749196252,0.3679892105712425,781
898,0.0641688077170703,0.1281460312367257,0.2885017785310424,0.36789784482648524,782
966,0.0346773378751804,0.1207681468240312,0.3698542981724194,0.36783121095843635,783
996,0.0628016114102102,0.1210571156996885,0.3010113817800425,0.3675189822379289,784
546,0.0795320503505027,0.1275280732726064,0.2369247926454683,0.3674924963030652,785
1249,0.0302945781598865,0.1045566927722815,0.3931542727882667,0.367354194421335,786
780,0.0533382453080657,0.1223806282218446,0.3246326064317615,0.36684610622573083,787
1268,0.0332829003189031,0.1035876567047922,0.3876388957400676,0.36664008967932643,788
670,0.0577087444160766,0.121940734592863,0.3131619014397871,0.36659629956600753,789
911,0.0509625866875279,0.124954878269776,0.3268752699458463,0.3663279929747935,790
691,0.0570169280233006,0.1229046748821492,0.3130846566286661,0.3660076265200897,791
1257,0.0349514035182582,0.1135304056404801,0.3745312012346857,0.36599735194442357,792
1247,0.034681776850217,0.1154955217571804,0.3729611831189133,0.36591696571774196,793
707,0.0567701782494233,0.1279911351662174,0.3069978973444372,0.36575969670058933,794
866,0.0695962481670033,0.1215965333608751,0.2767741530422941,0.36574505619883957,795
1248,0.0331742299335368,0.1110975521523832,0.3796886796070171,0.36553166004638515,796
954,0.0393050685510266,0.1211554477840667,0.3568094465084636,0.3653306409917616,797
755,0.0752618755724416,0.1268159109447599,0.2498317216893112,0.36525149382107464,798
950,0.0441560106941476,0.125947716330567,0.340172349766728,0.3650214825916573,799
571,0.0552683455867094,0.1193711874853104,0.3201330758200368,0.3646409213535006,800
943,0.0449963985714823,0.1278788724458213,0.3352055697830458,0.3645494318418499,801
744,0.0771828325131139,0.1186126211832417,0.2523190962193106,0.364320223943851,802
582,0.0499987488387774,0.1149319201717209,0.3378993291852258,0.3641787742645079,803
468,0.0718290482278989,0.1246628549877616,0.2626909610650712,0.3639672727614269,804
1140,0.0388524803688885,0.1223586348358856,0.3545237765440988,0.36391940235380016,805
1279,0.03386468374767,0.1071537367268379,0.379808064391301,0.3637614527952374,806
1161,0.0368022158958278,0.1136346422876182,0.3677378523685372,0.36361149148101785,807
1062,0.0467774720441639,0.1275508956520311,0.3295442053785232,0.363147075597706,808
1136,0.040545585280681,0.1124124105336227,0.3602054541221422,0.3627594096385291,809
659,0.0581875531162677,0.117726198293112,0.3112569153053153,0.3625388684053869,810
769,0.0535249254771905,0.1184748406942856,0.3228182302802495,0.3624559280132342,811
549,0.0616456460078632,0.1194937388353222,0.299109987358192,0.3623929966620369,812
1063,0.0392269984375094,0.1239648260605444,0.3496249470551856,0.3622318702596846,813
887,0.0639751889179801,0.1240305979544619,0.2861452689040807,0.3621549973992797,814
1116,0.0481299506175388,0.1160919416616947,0.3381309416323853,0.3618471191369135,815
827,0.0531798814341282,0.128735873886631,0.3100915657993283,0.36177600523357695,816
417,0.0664994096568984,0.1167152551924986,0.2862752837910071,0.3613891397577636,817
900,0.05192692449757,0.1254106543907685,0.3169504198724239,0.3612533128693573,818
1031,0.0437267056291964,0.1238328982301578,0.3386120299172306,0.36119923533515896,819
932,0.0485618648094081,0.1286896347579322,0.320894573833227,0.36105163303945037,820
1302,0.0294406692693441,0.1066191577209596,0.3847837968105752,0.3610043234234037,821
1194,0.0310320166132955,0.1092801666186306,0.3794165736315089,0.3609024324020017,822
538,0.0630951344527325,0.1181481032414428,0.2938647431498431,0.3605678405221035,823
725,0.0376445120744353,0.12289932055924,0.3518122580990858,0.36045637272364867,824
648,0.0617827933685207,0.1228510715289794,0.2915489444056657,0.36025947998638047,825
680,0.0595153755265736,0.1218530827830166,0.2994136182451393,0.36025013554901414,826
140,0.0931112418108933,0.1152912124866278,0.1842542765774567,0.36024742231334045,827
439,0.0618427310537279,0.1155351137360908,0.2996325897723468,0.35984626379276874,828
405,0.0779198111880627,0.1207090320160129,0.2396478047905482,0.3598009758965395,829
1052,0.0401027154282951,0.1213800948010801,0.3475170088357085,0.3597312710822886,830
801,0.0548867882191381,0.1223109166553103,0.3109128232785868,0.359685410264574,831
702,0.0533311994165483,0.1222237782570401,0.3149775798861075,0.3595620094035339,832
163,0.082943131051418,0.1103869051326884,0.2325714213865978,0.35943232800004055,833
1074,0.0342621446622381,0.1234734736285028,0.3561334524182354,0.35916361907001737,834
151,0.0910798645832277,0.1191672249761577,0.1859031707101265,0.3590539524439788,835
560,0.0587573107811346,0.1197846358857897,0.302236382017878,0.3588959830413714,836
261,0.0899805032513835,0.1224270459766312,0.1854632325585987,0.3586973278552112,837
1046,0.0679604748106372,0.1216885329857464,0.2715010362935543,0.3586780985538556,838
272,0.0875852077790114,0.1176362832089125,0.2027587239122096,0.3586126885038763,839
1146,0.0539773415239114,0.1167861037501792,0.3182315251893745,0.3584602506153705,840
879,0.0497152337035474,0.1216621485292412,0.3232983803712831,0.3583840522137381,841
262,0.0829599339809482,0.1157605014197544,0.2239053385797263,0.35823007680025293,842
1126,0.0416265356383987,0.1192953900251571,0.344548028330886,0.3581308958388486,843
949,0.0449730985992867,0.1284679379033081,0.3256731149680433,0.3580603943131873,844
845,0.0385800114267478,0.1244084833823505,0.3448110248490061,0.3579955406623819,845
840,0.0437502477151949,0.1205498912378282,0.3378620852006084,0.35772149854041163,846
1010,0.0430113522194543,0.1192142233535021,0.3408228000565346,0.3575381941064635,847
461,0.0535756198974223,0.1166686531833413,0.3176419690883781,0.35712711565382776,848
141,0.0876040207326042,0.116952397823005,0.2008137289691844,0.35709413595237854,849
1040,0.0544483706841584,0.1281362846383799,0.3008277155180569,0.35700997461452816,850
283,0.0864375005908266,0.123363168061176,0.1963674618961144,0.3568859880691697,851
669,0.063201960288974,0.1241563711683551,0.280620590444023,0.3568258049942634,852
598,0.0483850818137607,0.1238997443015762,0.3215202251989147,0.3566746510079164,853
1251,0.0296188625041507,0.0949224375684821,0.3883514352978416,0.3565961071151707,854
516,0.0639498546231428,0.1146716027228617,0.2896034632699149,0.3564716771073854,855
548,0.0676493633539731,0.1211542103629092,0.2697045344759626,0.3563171064827556,856
822,0.0510644941632814,0.1239629024897116,0.3142158965496125,0.35628644616362176,857
658,0.0662718300538388,0.1241981287968675,0.2698799278806519,0.35614190624024983,858
758,0.0562598935235933,0.122476928237708,0.3018083015133859,0.35593866715367783,859
1180,0.0337075321478179,0.1179967069531553,0.3591718676362845,0.35589972739076237,860
295,0.0787285268724686,0.1151269596737912,0.2371332240436721,0.35568830511157523,861
173,0.0860961553859647,0.1194699582320863,0.2010373295522073,0.3555477990520261,862
273,0.0820514718184531,0.1184435250543144,0.2192286266185938,0.3554228838144587,863
1315,0.0264821097861322,0.0909280655527055,0.3947101404083735,0.35534781059737014,864
427,0.0733990697587227,0.1237472439680571,0.2449162759342382,0.35533167388034803,865
537,0.0695834614296579,0.1216276381259718,0.2611014379902127,0.3552961032691552,866
394,0.0795150551702205,0.1217318129396093,0.2245145211976037,0.35523381718642055,867
438,0.0709137831256596,0.123852953336238,0.2533623513435753,0.35520039243232415,868
570,0.0627903332661913,0.1236074271275612,0.2800760400079052,0.35507731014668287,869
51,0.0993179240084598,0.121584865163358,0.1325713614768036,0.35507178697355657,870
428,0.0639892024086778,0.1183717994842997,0.2830394190940566,0.3550416001253281,871
416,0.0756324475098666,0.1228036676251571,0.2374242610661577,0.35494570769333295,872
450,0.0572222934566877,0.1167305157072167,0.3043591109037906,0.35463813678294065,873
1290,0.0328254424952724,0.1114378785132634,0.3658559314136613,0.35446348246321535,874
590,0.0619563687830736,0.117839097077585,0.2889726196807745,0.354387798386441,875
637,0.0630684292350689,0.1203943892217746,0.282312333108114,0.3543197383031562,876
713,0.0476251642246733,0.1244047512641276,0.3192986677357166,0.35413382119429676,877
284,0.0808035787457567,0.1209815206435645,0.2182673306833869,0.35397328436596726,878
811,0.0554021629889714,0.1275197800947246,0.2946115341107368,0.3538633127191533,879
406,0.0691767441958323,0.1180985122990849,0.2648677871388919,0.3538400701937626,880
318,0.0640007251055443,0.1145106591851104,0.2857091948632452,0.3536809493121516,881
746,0.0693821129379287,0.1228388153779832,0.2576151812991048,0.3536341615238374,882
395,0.0688116257693961,0.1134326461717625,0.2713298187678187,0.3535343169387951,883
382,0.0854162043805869,0.1226748117949314,0.1955556557680756,0.35351932262532043,884
800,0.0591588115318037,0.1281320413847313,0.2824230438103899,0.35344313111863546,885
285,0.0703455961920744,0.1115024294629861,0.2682246530708412,0.35340471951849317,886
889,0.0528458575679329,0.1212844675783557,0.3084659257065886,0.35298078639654606,887
174,0.081824232361203,0.1209786321377547,0.2122484424493662,0.3529148664439888,888
1057,0.0660548100080211,0.1226043227228479,0.2676924144865475,0.3527568556752227,889
162,0.0862517253076483,0.1156251820748403,0.2004069672788475,0.3526657311584735,890
527,0.0653113779470892,0.1217888695645896,0.2704654575961956,0.3522696263270782,891
973,0.0782283150309184,0.1198371018364296,0.2269503541124735,0.3521074442005866,892
647,0.0672349822605463,0.1228724424486325,0.2624444352146852,0.3520859723566561,893
184,0.0844735344648612,0.1228691083130767,0.1963113545016571,0.351872826201509,894
426,0.0777507542451496,0.1252120059989923,0.2204035334208638,0.3517212359629489,895
152,0.082247936126297,0.1119502596731744,0.2203921261288021,0.35163261933858336,896
317,0.073969051109255,0.1199838194604821,0.2420679557717617,0.3515891614272717,897
596,0.0499705194801493,0.1245217062370092,0.30948708075087,0.351310714773411,898
307,0.0691964504189334,0.1159764685940829,0.2636509628444805,0.3512841040366857,899
525,0.0774293511400536,0.1258064894766811,0.2199086643739558,0.35121972790363504,900
1117,0.0514990133774376,0.1117384096502129,0.3203131385974827,0.3509489978835803,901
263,0.0759700894130876,0.1152068873150665,0.2397899879015391,0.3508882016677801,902
668,0.0676332299651807,0.1274825848790809,0.2525022127331418,0.350752038236924,903
745,0.0686562548278877,0.1208440422822234,0.2583776080128361,0.3507394436296949,904
185,0.076989530229421,0.115095813994455,0.2352300011579786,0.3503751309477799,905
41,0.0949009246691811,0.1175631671603436,0.1515340690282752,0.35027893828265605,906
1041,0.0438835012172278,0.1225204323815537,0.3252786295335047,0.35025343604724213,907
1058,0.0502498163828915,0.1270267063438321,0.3039417995455053,0.35023278895003424,908
329,0.0606178026044512,0.1143876535817168,0.2907137775057079,0.3498171847091355,909
910,0.0535218213479166,0.1275843662981059,0.2938905039271732,0.34977436852074295,910
1020,0.0446784185711159,0.1227475318997197,0.3222830922577614,0.34959344867738107,911
558,0.070317679676336,0.1260837925239216,0.2432767548801289,0.349499925722088,912
789,0.0609618169652379,0.1278290835452162,0.2716009822396171,0.34946890840730116,913
343,0.0645444434350347,0.1150120500977324,0.2771951629912854,0.34930153136435715,914
604,0.0390336056879362,0.1131856411346895,0.3448950323246299,0.3489453685191109,915
296,0.0700209671255719,0.1209607301584495,0.2501872686937556,0.34857623173696756,916
196,0.0765988163843784,0.1215201961005235,0.224623185256735,0.34833094468359577,917
597,0.0472739365997589,0.1213604249834511,0.3158829883944961,0.34810720055117583,918
449,0.0646545841152475,0.1192457705698587,0.2696560160059268,0.34800156362587725,919
477,0.0488582493396996,0.1104364283194241,0.3242493836200777,0.3478408217442541,920
719,0.0436881285585612,0.1148911192697638,0.3314445780325766,0.3477445464010809,921
717,0.0459237738249149,0.1211240931777638,0.3188843081065631,0.34771233640975774,922
1252,0.0269869870579895,0.094561743507192,0.381769207580929,0.34765151477618383,923
646,0.0716037750574512,0.1263785548354662,0.2350658591304205,0.3475587719837092,924
503,0.0796055922548649,0.1202542790874459,0.2127974176788913,0.3474007266284249,925
965,0.0348140895234223,0.1236192657652774,0.3392479728770508,0.34739804397580193,926
635,0.0735758329797401,0.1266021650181921,0.2270883377355931,0.34738542521627025,927
778,0.0633963806376482,0.1273531595176663,0.2613077288779424,0.3472398162474503,928
142,0.0786694191465044,0.1183091528872887,0.2187897844037833,0.3470512677712035,929
718,0.0435398803649948,0.1138382052601479,0.3318898935741849,0.34692960748626567,930
328,0.0683562821873825,0.1168341132145084,0.2583862600448666,0.34657265963807815,931
1072,0.0346598986849663,0.1205786956163134,0.3414186876070236,0.34599449523528536,932
384,0.07115250982997,0.1137870942263461,0.2515647466436013,0.3459672554208997,933
569,0.0653885272951398,0.1225915741569975,0.2595064631176434,0.34581701028751144,934
437,0.073141185889391,0.121784246464611,0.2330936296387652,0.34566695961709065,935
460,0.0616162814796739,0.123159356836288,0.2704618121108448,0.34557169018265743,936
1129,0.0383495508779429,0.1140015040267037,0.3407099368845405,0.3452757771369921,937
224,0.0707663308969955,0.123568159410919,0.2380039582200415,0.34488371524580713,938
1150,0.0379976854257133,0.1181308376317205,0.3359772309679953,0.344676674358179,939
1009,0.0472591644453107,0.1234358962327844,0.3082654112904114,0.34441197080318536,940
1193,0.0307525672222125,0.112729874294986,0.3553081731638362,0.34435488733484243,941
1246,0.0323116382761959,0.1004072032143915,0.3639524151933531,0.3441966981301618,942
195,0.0779985837607969,0.1166426729092074,0.2186045215845645,0.34397580176900766,943
714,0.0427159264517693,0.122028407615047,0.3200603075967846,0.3438949028992812,944
505,0.0694433736313819,0.1203573158685069,0.2454580225664563,0.3436782034393659,945
476,0.0517798105020915,0.1207497416660622,0.2991654891477803,0.34360118325141975,946
899,0.0549705896470927,0.1236334292422006,0.2866307672189535,0.34358929720403675,947
274,0.0690401375934529,0.1044976175524268,0.2656605918072145,0.3433395568636559,948
340,0.0538747853690839,0.1072954156520425,0.308778023924208,0.34330545148485614,949
535,0.0785639721592565,0.12725649986359,0.1986968083206505,0.3431634968770972,950
1018,0.0554321697853592,0.1234426374365938,0.2849849362194001,0.3431595577603694,951
175,0.0704570523952992,0.108942827559347,0.2553426156883239,0.3429925185132009,952
1157,0.0456696868710343,0.1241808216290733,0.308707502406543,0.34263560500536183,953
153,0.0766533548271371,0.1115126396957995,0.2285114176425654,0.3426235471517209,954
94,0.0890750369904467,0.1139810248434283,0.1701209457400946,0.3425208822881885,955
504,0.0735991915864799,0.1142265193490998,0.2357064835395221,0.34191127127912696,956
592,0.0513093222081894,0.1223288801804302,0.2957519007317545,0.3417166022415202,957
72,0.0971669056036026,0.1197479432613189,0.1150811443502256,0.34164092832039955,958
1115,0.0444584790249595,0.1207666919419062,0.3139689874162182,0.34111717687689863,959
767,0.0647819589819145,0.1233159803527363,0.2520572637023675,0.34024679906829386,960
624,0.0735477915134237,0.123392583214472,0.2199305812006671,0.3400973340845982,961
164,0.0724247826781281,0.112805318060017,0.238953159589785,0.3400100407183576,962
844,0.0385754645057168,0.1184589973028353,0.3279448731332343,0.33974068461184403,963
186,0.0680083512983529,0.109466942736053,0.2584075098309237,0.339701182004999,964
448,0.0693320879191657,0.120915441039763,0.2387922125499439,0.3396752172642459,965
888,0.0567580253719975,0.1266242304493494,0.2713254005665352,0.33946863624862245,966
875,0.0676207099716057,0.1283357175211192,0.2330882988892001,0.339345168076247,967
1013,0.0654859091775323,0.1257666950928098,0.2440699436741102,0.3389942721294995,968
756,0.0657520495552564,0.1256637520161862,0.2431314365663157,0.33887967413216624,969
942,0.0458368337324212,0.1300190168345403,0.2943512132759128,0.3385228477094817,970
1071,0.0366159275794441,0.1193116461209931,0.3286031426663836,0.3379918393651311,971
339,0.062768668802909,0.1171398848742138,0.2637168375814365,0.3378810660486576,972
720,0.0444953012038838,0.1201414138651195,0.3096298907743683,0.3373350840992506,973
459,0.0638582693330872,0.1188091489394942,0.2570190550917879,0.33726961906763514,974
1030,0.0459938218468179,0.1240370408522431,0.3008027725220327,0.3372668951436517,975
1114,0.0417818259175794,0.11600952418397,0.3201460053520558,0.3367775589430712,976
207,0.0705554814727962,0.11738098799241,0.2346000334205213,0.336691117560615,977
1023,0.07374993034017,0.116573881420543,0.223224872906436,0.33651033118102613,978
1314,0.0260092755433752,0.0942522578191872,0.3693102108953353,0.33627483109852246,979
724,0.0397387290675907,0.1228067231948332,0.3152058734449209,0.33612311591860755,980
839,0.040195551007316,0.11953080764704,0.3181706050978581,0.3359138767785986,981
355,0.0534661765524362,0.1185341967607459,0.2866909852407612,0.33573620050433817,982
712,0.0494247670342288,0.125542390452448,0.2878960512884446,0.335702301969533,983
599,0.0470049077604755,0.1252619031578188,0.2942505165958143,0.3355519274384605,984
354,0.0536288257428421,0.1146101813234018,0.2908154271148701,0.3354670561526964,985
1192,0.031380416091684,0.1113592882862539,0.3438638130008113,0.3351548212570362,986
878,0.0511618596110535,0.117037091795773,0.2938254094279912,0.3349924037382408,987
356,0.0532082649717008,0.113991035244431,0.2918553668844749,0.3348293275680792,988
1253,0.0256975441107969,0.0833285527960665,0.3746259167945915,0.3346607972967094,989
1085,0.0300026374938052,0.1112862508510598,0.3454462797540152,0.33446354981546883,990
841,0.0386684219791826,0.1130994311021719,0.3260881852899221,0.3336372805779403,991
362,0.04328129263097,0.1069879463579437,0.3224675321002389,0.3334483559681785,992
338,0.0679851331184988,0.1242565670429741,0.2283555281775987,0.33322494289512666,993
886,0.064766801131307,0.1266326500703774,0.2361031157587751,0.3332177831259917,994
471,0.0517201282481277,0.1152595220736474,0.2920887523174635,0.3331667384156451,995
197,0.0655910131497816,0.1100269991948337,0.2562391418041513,0.33302983679008136,996
877,0.0577088231222872,0.1255644362597628,0.2599408835165872,0.3325881546532598,997
593,0.0461739825544217,0.1222418574436012,0.2961453100951654,0.3323758925824327,998
838,0.043668620007575,0.126559569735812,0.2959964946266316,0.3323210497625488,999
1301,0.0297196874710324,0.0995698154924514,0.3535885727666549,0.3317225592276997,1000
700,0.05922810716044,0.129235841930566,0.2475568766499024,0.33138717464252765,1001
347,0.0706008678238782,0.1246248015104637,0.2145233359538863,0.3312196363703257,1002
999,0.0445846730514,0.1161239682617096,0.3060255865763611,0.33097796696209664,1003
1327,0.0196525474872784,0.0797204541063668,0.3798936788751855,0.3308048445309709,1004
483,0.0426121880797411,0.1130864219445656,0.3135401916084065,0.33048747215273894,1005
1070,0.0369362456989467,0.1222245641297498,0.3141797273232807,0.330402375574042,1006
909,0.0554056211776165,0.129579934070151,0.2567108687394811,0.3299810887862627,1007
18,0.1009957905851073,0.1148012646852527,0.0664314550912667,0.3299214130346361,1008
953,0.0404774812765965,0.1270015420410234,0.2991914286442302,0.3298215616015655,1009
475,0.0514733651970256,0.1150139530668609,0.2881932665038091,0.32956847908101056,1010
948,0.0455477035990279,0.1284663151030247,0.2845014851265682,0.3293770974208185,1011
249,0.0984545937359389,0.1221607186563599,0.0664105449700544,0.32892421459544413,1012
218,0.0657283288213691,0.1184387448110746,0.238199905792796,0.3287300801962343,1013
962,0.0362693870322387,0.1262166467851968,0.3069267736676878,0.3281282067364724,1014
1019,0.0462412131463239,0.1217521794549122,0.2904429903611037,0.327826134424693,1015
584,0.0679849285873869,0.1229476402591417,0.2197414405209288,0.3266650393014352,1016
1313,0.0270080994146175,0.0954432012207125,0.3549356125506578,0.32664918515546576,1017
591,0.0537575034162233,0.1246638812936928,0.2641432475740758,0.32646887843221517,1018
1206,0.0230857907721175,0.0954664673120125,0.3602990348915418,0.32636968800284166,1019
998,0.0457086899734319,0.1128613630398142,0.300740033125548,0.32599085033496544,1020
1156,0.0596907027166087,0.1180815811475571,0.2547880431363385,0.32586079384597316,1021
128,0.0995964856723395,0.1132832491931552,0.0671503187046031,0.32583860274726045,1022
1051,0.0425509760888334,0.1262723831330303,0.2898401884802035,0.3256839808345889,1023
478,0.0492940166055561,0.1171881819492153,0.2858278521388628,0.3256128118620189,1024
226,0.0703806621184458,0.1202738614117565,0.2116559218703624,0.3248326799024269,1025
832,0.0457092177756226,0.1239150870440913,0.2839619102934033,0.3244021120287295,1026
723,0.0402701821742325,0.1182381495459965,0.3039041792547916,0.32400038854554625,1027
129,0.096565362551411,0.1167540971548024,0.0755318312717502,0.3235898651316397,1028
711,0.0502965508803592,0.1209458432394109,0.2749013208939436,0.32335136843586365,1029
217,0.0698016886463566,0.1169540348380188,0.2164390336633097,0.3232483967564585,1030
350,0.0557524750593303,0.1140850786925527,0.268157153000214,0.3229277682024729,1031
1191,0.0301950571891068,0.1137909767487913,0.3270627894384408,0.32257822737401126,1032
1073,0.0353862837774658,0.1224921595838169,0.3059204887247339,0.3221923488654812,1033
1000,0.0412216177920915,0.1183617382582298,0.2990351543956828,0.3220345284625041,1034
357,0.0533698709079806,0.12137050835298,0.2637568205047463,0.3219954733172172,1035
1008,0.0474380186056756,0.1211938959114021,0.2794870524008998,0.32147653881185145,1036
208,0.0621578144037846,0.1127989011321547,0.2470338733289787,0.3211988121328968,1037
470,0.0554432430561018,0.1169649248942719,0.2621783659684397,0.32076448059291746,1038
964,0.0354929219953574,0.1272752927523836,0.2962620737250529,0.32036265920593976,1039
981,0.0626459981137935,0.121040001328321,0.2308342283109881,0.3194858068084879,1040
95,0.083929685161494,0.122033465810372,0.1331409547722829,0.31891090807058625,1041
1128,0.0396497994294195,0.12077472680474,0.2943752213882208,0.3184051854436779,1042
1312,0.0265065650298341,0.1021416111795118,0.3397839064341693,0.3183733644785123,1043
482,0.0444431157914478,0.1129147928256022,0.293043123176413,0.31787195126131734,1044
603,0.0400196310534631,0.1157361607136821,0.2992735487192715,0.3176348604484909,1045
961,0.0367543289145286,0.1244496579950208,0.2928143824281239,0.3166279977851272,1046
472,0.0468910663713974,0.120194617433915,0.2755095944606378,0.3165420157900511,1047
233,0.0557705692904975,0.1141997184971485,0.2588105524591818,0.31642705249027087,1048
876,0.059272067100376,0.120630539771074,0.2370525574414728,0.315577530299125,1049
40,0.0956708546116906,0.1108047747169743,0.0667678168891971,0.3144732544299789,1050
997,0.0493070861060789,0.1179135495767293,0.2693716387861836,0.31435570934955304,1051
1102,0.0554079803971173,0.1115320008564465,0.2603586736691509,0.31425189020051986,1052
234,0.0540325650467311,0.1160937472326246,0.2565351761493241,0.31295884982812505,1053
7,0.1021607621577021,0.1102804100532558,0.0,0.3119205883013437,1054
960,0.0365291397881514,0.1255684441168299,0.2849541421023008,0.31180601726570684,1055
232,0.0558429851949078,0.1133152852066442,0.2530532810345521,0.3116853642069387,1056
8,0.0996270002274338,0.1190914949569476,0.0,0.3115029682857394,1057
228,0.0627565894335678,0.1200318868887074,0.2192495786406942,0.31136788607353943,1058
1029,0.0468648710652644,0.1281729724649891,0.2556982990495858,0.31136125678748283,1059
1179,0.0436609140088498,0.1098337233849409,0.2900751560975637,0.31134565798723063,1060
971,0.0727046300407709,0.1192958509298119,0.179318573101977,0.31112389894620435,1061
1118,0.0375954414351227,0.1175935880361415,0.2930842060495001,0.31088731923202706,1062
351,0.0504496735330633,0.1200955134728146,0.2568881959064606,0.3099864742297396,1063
1168,0.0429391335274975,0.1135997692074819,0.2844695159773711,0.3093259308553593,1064
492,0.0887308331511023,0.1227987834085858,0.0755081980329292,0.30907711559452383,1065
843,0.0397301881778539,0.1233710657102576,0.277567131714293,0.3089823460668524,1066
463,0.0646944821184495,0.1191966947252786,0.2073677344045044,0.307706744393086,1067
1084,0.0303700079093673,0.1173849364683152,0.3012931199877211,0.30648374296333514,1068
705,0.0624454363913895,0.1231275247677255,0.2067307368730679,0.3062034528504447,1069
959,0.0385179395616416,0.1257049793068359,0.2725921206328979,0.30611938369065067,1070
29,0.0981458389797361,0.1160155126997123,0.0,0.305972871610556,1071
626,0.062166876903866,0.1191004614987122,0.2142179106034528,0.30589783385588887,1072
602,0.0435341457133654,0.1234178493758554,0.2631482570129813,0.30510724681165247,1073
986,0.0582747109044735,0.1235787476595653,0.2191551261135043,0.30499929281340726,1074
371,0.0893218946108108,0.119948576260223,0.0657874561984151,0.30498098459073064,1075
361,0.043646700483363,0.1112948865338039,0.2784066604629599,0.3037787510136057,1076
1235,0.0349049811525899,0.1144347001951984,0.2930842060495001,0.3035813018982019,1077
9,0.0956649652120821,0.1196012149617993,0.0,0.3025789985051669,1078
251,0.0878032021924697,0.1158516839019741,0.0788578949356823,0.30219908583044497,1079
831,0.0480417195394312,0.125476869530373,0.2434593811656169,0.30206716432048875,1080
235,0.0533212857873077,0.1123720297144186,0.2470338733289787,0.3010712953604568,1081
219,0.0575905491222753,0.1139482764508992,0.2308816585343916,0.30094362098417227,1082
1024,0.0619565833340261,0.1252546343807429,0.1949033385109908,0.30042395599842947,1083
1326,0.0201210119876807,0.0791399171893948,0.3412350118281004,0.3000198308445678,1084
952,0.0408353928980005,0.1248159691078796,0.2599481425443107,0.2998437871236766,1085
348,0.0616455134939913,0.1206098282167508,0.2028323974398185,0.2992755831415763,1086
1234,0.0326194607444785,0.1090518795732321,0.2982560098527891,0.2990968795897696,1087
985,0.0578119967364438,0.1220604027359807,0.2139268048193683,0.2989912901225852,1088
30,0.0943602594596276,0.1177032047303478,0.0,0.29809445975621607,1089
1119,0.0389135634538414,0.1069420826667679,0.2866663037272482,0.29780498837359215,1090
19,0.0956547007081384,0.1121643116336574,0.0,0.29742939079712094,1091
227,0.0632416892194143,0.1164848125201426,0.2003444042706031,0.29721590101860973,1092
1205,0.0244891232968546,0.0924591957324988,0.3239434933631561,0.296710025879415,1093
865,0.0614159050019243,0.1272571131298406,0.185835726864194,0.29630245840953456,1094
1236,0.0329078565805162,0.1145044274737242,0.2866663037272482,0.2958442593359538,1095
63,0.0866785778640174,0.1122733643365044,0.0749221362661415,0.29514035519707543,1096
1083,0.0300215028915051,0.1118143272941341,0.2929912547515872,0.29408268508611024,1097
963,0.0366776312323648,0.1279035636640015,0.2547733046572987,0.29339129471866343,1098
236,0.0522773826025123,0.1161621413228076,0.2333608271591906,0.29320969087786397,1099
722,0.0402682632794467,0.1164077190794102,0.2650874359280452,0.2930658007990656,1100
826,0.0586417770441553,0.1274532539900035,0.1886828890237942,0.2919247337632728,1101
1082,0.0304111263952436,0.116705557113939,0.2822578694911333,0.2914138476476076,1102
1245,0.0341424216382446,0.1086159915920981,0.285193702851937,0.290666988355954,1103
601,0.0442608136097487,0.1218038367250413,0.2429683465565656,0.2903420448874099,1104
481,0.0440082165530905,0.1183317924324345,0.2485949012108417,0.2898230485175165,1105
84,0.0842366689311515,0.1167381779777485,0.0663687641930994,0.2895529686717673,1106
854,0.072934270986191,0.1225331265857719,0.1265367586689484,0.2888724395111298,1107
583,0.0746844675871371,0.1248904436141337,0.1094407080179086,0.2885095840858387,1108
480,0.0452579347168825,0.1067977066902884,0.2594438322232332,0.288193677354989,1109
1325,0.0211656502881584,0.0766637277319348,0.3260986164332625,0.28783741993033146,1110
229,0.0555442330076143,0.1093007659177332,0.2239896687273948,0.2870331191123225,1111
1069,0.0366550737478474,0.1174546007120594,0.2628130311034666,0.28664656373245295,1112
1012,0.0737203486310273,0.1219497976153318,0.1180255846790997,0.2865537014955202,1113
74,0.083580041990595,0.1151949659769679,0.0661741010177751,0.2864639839095091,1114
842,0.0393856413973372,0.1224398534272227,0.2482961595090984,0.28637096159714076,1115
1204,0.0250041276914989,0.0940964560201638,0.3086132652890748,0.2857900996797802,1116
353,0.0537106179583782,0.113644682415377,0.2206392694063927,0.28501814821844684,1117
1081,0.0316860935591515,0.1162029781442972,0.2710973772590906,0.2841560320131742,1118
1256,0.0356059320954025,0.1080739579653312,0.2738659155891264,0.2835361321711426,1119
73,0.0873715082194019,0.120576546235428,0.0,0.2832913670115373,1120
31,0.0885789577767514,0.1168234798749557,0.0,0.28324880766523963,1121
360,0.0457611698988089,0.1086804007360046,0.2482964208116351,0.2826679184671378,1122
52,0.0895078027393211,0.1116170971921861,0.0,0.2816879506740808,1123
230,0.0518781072123352,0.116001527948742,0.2167120260611618,0.2809273988484852,1124
85,0.0802942558680764,0.1153193135413715,0.0748756440934663,0.28076218670754355,1125
101,0.0814262029697873,0.1184494197991762,0.0552034564476041,0.28025985506279877,1126
1120,0.0343355104619785,0.0993589865551132,0.2811929614126469,0.2796206450272279,1127
721,0.0418776861844532,0.1161175074796928,0.2424751679303823,0.2790346581866841,1128
1237,0.0304658069268738,0.1048029998359798,0.2811929614126469,0.27875539552924844,1129
1239,0.0336010909081468,0.1092472915617488,0.2696106426359245,0.27835681972137216,1130
250,0.0878969170629254,0.1126815287128501,0.0,0.27835083498360064,1131
1203,0.0251480070426768,0.0959272045474058,0.2974107872794961,0.2780564674734283,1132
1324,0.0198262187493501,0.0783381983907584,0.31415724924131,0.2773411409040222,1133
42,0.0869349947570019,0.1145325129515138,0.0,0.2773075124172629,1134
372,0.0849989545511459,0.1203125268528025,0.0,0.2771873888953525,1135
947,0.0532159597996889,0.1275797043871572,0.1821789806204705,0.2765042022216676,1136
614,0.0756520118569919,0.1212532477484721,0.0805607646481484,0.2762094678065584,1137
733,0.0757502145113303,0.1253426571634009,0.0662021654753257,0.2759263648029614,1138
969,0.0693755443309012,0.122886063755458,0.1159234796549064,0.2755776094489969,1139
1202,0.0262790657653362,0.1047676542908699,0.2833098499135733,0.2751792324173199,1140
1238,0.0339348781622516,0.0992626570276291,0.2752800253081753,0.27417052868801267,1141
990,0.0678766971238187,0.1243240556537357,0.1174807151355555,0.2741073785669206,1142
20,0.0864829932330223,0.1099191372368724,0.0,0.2726449973304622,1143
1104,0.0492178526038388,0.1175154750112499,0.2097804451452614,0.2723931444352864,1144
612,0.0812860564148265,0.1250927231755298,0.0,0.2723824845882451,1145
867,0.0553737712274759,0.1230442984980683,0.1763770222034416,0.2720481435200096,1146
1267,0.0345018738802394,0.1063901555704673,0.2628130311034666,0.271575596268442,1147
239,0.0494454671302309,0.1137134582014317,0.2143841195448869,0.2715360299371787,1148
359,0.04907053197695,0.1213524253414173,0.2010554355483556,0.2711546705347906,1149
99,0.0775532283972105,0.1183052958407183,0.0585919447520556,0.27098761348479,1150
1112,0.0503041671960438,0.1167681854644297,0.2051658910721083,0.27078687796630374,1151
1323,0.0225560936798363,0.082692649973505,0.3010818749162621,0.2707078297947041,1152
130,0.0857509803859743,0.1082231536030996,0.0,0.2694852512715317,1153
1278,0.0346631823328474,0.1110540012344449,0.2531633085791493,0.26922843156383575,1154
1080,0.0334252656314717,0.1128798675478464,0.2526176980003149,0.2689856384010299,1155
104,0.0751123839232085,0.1217016084888404,0.0585505032090791,0.2680113417012506,1156
479,0.0485225107890045,0.1152878398042808,0.2092431605541368,0.2679255824594893,1157
600,0.0463240969867525,0.1194387394119941,0.2079339630919129,0.26759778104776066,1158
103,0.0762311320868861,0.1189291233043189,0.0547427298858015,0.26693714472800745,1159
747,0.054172702602052,0.1134019279992906,0.1906470078186068,0.26628421570074523,1160
1121,0.0315338012789784,0.0906379086145235,0.2752800253081753,0.2642954559682704,1161
240,0.0475020324999339,0.1135113714240952,0.2098924168494468,0.26413008961865275,1162
53,0.0823454471915845,0.1123468921481786,0.0,0.263649892445801,1163
1240,0.0311027407056899,0.099149933774628,0.2641700691298184,0.2609906516266621,1164
474,0.0521979817891277,0.1104749901663924,0.1942247089845006,0.2606787700104233,1165
974,0.0631123338644748,0.1224330126469486,0.1186352391162089,0.2603281039000973,1166
64,0.080001083854519,0.1149089353481534,0.0,0.25965244403748794,1167
493,0.0772740217115112,0.1213152299861764,0.0,0.25863127470348984,1168
1101,0.0487327365114549,0.1059606221532529,0.2099427586405636,0.25853839515325927,1169
358,0.0497861744495315,0.1196071557400193,0.1803627005375818,0.2575473662370038,1170
32,0.0786241443068913,0.1160097788704828,0.0,0.25702687736947266,1171
825,0.0638320576536636,0.1210601576562042,0.1095862215780576,0.2565161447383661,1172
613,0.0747158667010114,0.124183185242528,0.0,0.2551361783042326,1173
853,0.0674373563482824,0.1262883648186981,0.0589672935332988,0.25368225728322463,1174
595,0.0489438149512911,0.1207248361358366,0.1734585451308118,0.2530557521269864,1175
238,0.047326155753383,0.1086933793469779,0.2021499603071889,0.252974080146605,1176
494,0.0697943314601561,0.1135911608507646,0.0816173905861907,0.2528992437432734,1177
868,0.0498765123316966,0.1189122968206504,0.1717490536908149,0.25164931850307504,1178
237,0.0503679335575467,0.1193574069031092,0.1675534099685426,0.2508608697623968,1179
1190,0.0306277202998872,0.1056906998475852,0.2441971080669711,0.25070633685509075,1180
1300,0.0316961620787696,0.1098121898763591,0.2353707065705745,0.24996828686111483,1181
1241,0.0268825251883951,0.09622816435263,0.2595150899381035,0.2492942814501722,1182
1289,0.0322114602589195,0.1015026820691674,0.2436894217716135,0.24833947666050582,1183
373,0.0738785058483049,0.1183824566834233,0.0,0.2468734403199248,1184
21,0.0769874770805629,0.108001524707839,0.0,0.24554998034527775,1185
252,0.074961899242552,0.1139953953461124,0.0,0.2453935280941401,1186
1103,0.0513167387343337,0.1123839314914283,0.16897863714745,0.24496679700567248,1187
75,0.0747656933353694,0.1134187200557522,0.0,0.2443131107346628,1188
220,0.071783223737736,0.1082832417524148,0.0547599825583152,0.24427676410267057,1189
96,0.0714550514659084,0.1211207268111565,0.0,0.24349071166002736,1190
43,0.0747393260499273,0.1119711677491917,0.0,0.24287650500137684,1191
10,0.0761546120149352,0.1060534522480144,0.0,0.2416072066114117,1192
855,0.0633530888322114,0.1201653022919166,0.0753196632063801,0.240797688238653,1193
86,0.0726574994990624,0.1153578265678503,0.0,0.2405339214582366,1194
54,0.073018566432171,0.1130188320714467,0.0,0.23917851151612357,1195
1145,0.0452910371882551,0.1172605245902137,0.1699147245047154,0.23837018322209255,1196
734,0.0679098760654727,0.1242954155582816,0.0,0.23812029255614447,1197
988,0.0459164679191122,0.1192135836066597,0.1600813190650802,0.23656574639487826,1198
131,0.0738002065038672,0.1074536797565541,0.0,0.23616776120731034,1199
1134,0.0470611878662768,0.1133923781161962,0.1685625509163226,0.23616321633537388,1200
241,0.0410208862299102,0.1040726481596491,0.2034889193862435,0.23557707413104195,1201
65,0.0711482087119899,0.1137532029825334,0.0,0.23480862173662512,1202
100,0.0703180286719081,0.1158751868667458,0.0,0.23477839171084594,1203
987,0.04616384445761,0.1152527980787704,0.1636386817109708,0.2336562128559917,1204
1242,0.0232835061834067,0.0820777726985692,0.2544705201552895,0.2320623067842164,1205
341,0.0667214446556324,0.1213577908131298,0.0,0.23152709513283423,1206
1092,0.0558892116558105,0.1141471416333627,0.1187589687231394,0.23129939793577103,1207
102,0.0688570792604855,0.116281557184547,0.0,0.23128741429723038,1208
97,0.0682987250759427,0.1170919481392497,0.0,0.23069279579505908,1209
716,0.0440734882186792,0.1187589103975356,0.1562601058118928,0.22978982965580216,1210
1201,0.0257496080964281,0.0943795943738946,0.2353707065705745,0.22666912910069598,1211
462,0.0654695426855339,0.1187692742620347,0.0,0.22512468084727408,1212
1106,0.0461313244182295,0.1095594840791803,0.1569718037212064,0.22190096904283305,1213
105,0.0657870722007541,0.1136254306161185,0.0,0.2199530848280166,1214
1311,0.0270295820659437,0.0920049565995469,0.2276011881012546,0.21985060345274993,1215
1123,0.0431228433879113,0.1157374562166357,0.1502992298408669,0.21982306385038552,1216
704,0.0583014980384392,0.1279897601901208,0.0,0.21943958984753298,1217
76,0.0666463744221539,0.1105745652330685,0.0,0.21899228693598877,1218
1107,0.0397538492892151,0.1182396019913448,0.1530127932881805,0.21843761260028535,1219
1105,0.040383339623126,0.1140479666707673,0.1605175079453665,0.21789652122070172,1220
958,0.0386701935989456,0.1258923654213556,0.1310209438280241,0.21686996198563388,1221
735,0.0620026978782594,0.119445895681903,0.0,0.2168485091000742,1222
977,0.0533664727287397,0.1189614693761422,0.0824503691680902,0.21576902230499412,1223
989,0.0413613705850219,0.1114206504794986,0.1562597491139244,0.21344324591971034,1224
106,0.0625771976817474,0.1155481875925763,0.0,0.21344050031244563,1225
837,0.0407512597884964,0.1167212296965287,0.1425318277819074,0.21188953583401093,1226
1068,0.038400305668713,0.1243122153483682,0.1262238383331766,0.21115475860236918,1227
87,0.0631698581261336,0.1112626469324006,0.0,0.20995181468933868,1228
1056,0.0496307296049163,0.1259371723305057,0.0588293246517126,0.2095339934203808,1229
1108,0.0397868662044568,0.1127769956442432,0.1495175771978414,0.20801060126145643,1230
856,0.0553753978289193,0.1222116925141079,0.0,0.20375961819875182,1231
736,0.0576643246978599,0.1180233184329769,0.0,0.20355126272826912,1232
111,0.0571688806916606,0.1178199436320698,0.0,0.20196521418949026,1233
1322,0.021858017837274,0.0775547512344515,0.2199148440377976,0.1995055826991369,1234
1223,0.0372640906100902,0.1068242323113813,0.1566753335530572,0.19884969626366045,1235
1144,0.0475348460043604,0.1215558339626108,0.0629634718990916,0.19857680679024944,1236
107,0.0598682219647674,0.1095292709653541,0.0,0.19852563558337896,1237
615,0.0597798941540833,0.1094431035087477,0.0,0.19816862563562315,1238
1226,0.0370797921961385,0.1088184198738024,0.14654210302475,0.19479490434362812,1239
946,0.0501482680551832,0.123907685354376,0.0,0.19380992150190832,1240
975,0.0510813453715597,0.1224358780610577,0.0,0.19360522383765852,1241
112,0.0570727093632976,0.1115730903426489,0.0,0.1931882760456775,1242
231,0.055689594959481,0.1140107056748293,0.0,0.1926772520866958,1243
1091,0.050325203217829,0.1124778075305445,0.063399338992772,0.19111650025943228,1244
1224,0.0338379636694221,0.1072074451520331,0.1530127932881805,0.19053028577051945,1245
113,0.0567392490438402,0.1101296083270566,0.0,0.19035747851008095,1246
115,0.0552803176890861,0.1129413930943659,0.0,0.19006936715433484,1247
98,0.0582581992234049,0.1061039212906357,0.0,0.18974887724937747,1248
1109,0.036694375261305,0.1057115506877764,0.14654210302475,0.18946477661294023,1249
352,0.0548703970671977,0.1129973177914882,0.0,0.1890226071564671,1250
110,0.0576040619937806,0.1062130577675767,0.0,0.18794997511636527,1251
1100,0.0510188189056034,0.1103641264544846,0.0574179344370205,0.18785736772831005,1252
114,0.0550171269127899,0.1112953339970241,0.0,0.18706691061308114,1253
1255,0.0337982659737686,0.1132626357926374,0.1316463421279192,0.1866674464530837,1254
108,0.0561373229258872,0.1082204458480981,0.0,0.18616526656664578,1255
857,0.05073553005992,0.1179968767274193,0.0,0.18561047506053396,1256
116,0.0522712346119051,0.115391819523846,0.0,0.18552535799454117,1257
1178,0.0352429021531705,0.1142814804781429,0.121497395047573,0.18520883911783004,1258
1093,0.0493378211213369,0.1104799082943538,0.0603817661386047,0.1843706418194714,1259
715,0.046413677712875,0.1233167430060459,0.0,0.18421935629547903,1260
1045,0.045832266952786,0.1239885940414223,0.0,0.18411502394805246,1261
1167,0.0362279430445433,0.1108178384983519,0.1262238383331766,0.18387748998804532,1262
109,0.052325750330454,0.1131419078058888,0.0,0.18229805107130367,1263
117,0.0508694641669851,0.1156417890672278,0.0,0.18223758043499008,1264
1222,0.0322979616062416,0.1047517824191339,0.149978591483873,0.1821514978522068,1265
473,0.0518163996097709,0.1137289471862675,0.0,0.18180370226657505,1266
594,0.0496515889046658,0.1170322784405706,0.0,0.18131891622202553,1267
1225,0.0316161170092161,0.1027887968710452,0.1495175771978414,0.17781380705591615,1268
1244,0.0307015133804343,0.1089807741863411,0.1372134759990004,0.177669658617398,1269
1227,0.0320452615561527,0.1034547179092916,0.1433331518636241,0.1752626124233819,1270
118,0.0505567921235132,0.1114390995031015,0.0,0.1749382980349641,1271
1233,0.0347908985473398,0.0993486730881668,0.1436453576864535,0.17489550196076808,1272
1228,0.0331675619599757,0.1032162564851368,0.1402617271808321,0.17485879588834782,1273
1266,0.0336470337260637,0.1080635818690929,0.1262238383331766,0.17436721843482947,1274
1079,0.03247148990847,0.1106748677451292,0.1212303678057102,0.17372873670915298,1275
119,0.0466110615352696,0.1156570289604582,0.0,0.17137594959725555,1276
1155,0.0461660061911007,0.1072583837459242,0.0545313207731952,0.16867458348580364,1277
976,0.0481667098571633,0.1114661996731499,0.0,0.16850261105378933,1278
1090,0.0464904002880926,0.1139327797558002,0.0,0.16815027688334894,1279
1277,0.0314787800185343,0.1082324182111239,0.121497395047573,0.16789880538100876,1280
1067,0.0394663463294635,0.1222271250025631,0.0,0.1673000386453095,1281
1288,0.0319039985420505,0.1088735948578526,0.116864019812708,0.16699878718535668,1282
1110,0.0356989512645546,0.0905165401150404,0.1433331518636241,0.16633443421408925,1283
1229,0.0323487828489243,0.0985367725089716,0.1373191734637517,0.16464571275535558,1284
1122,0.0415891325359732,0.1179311379915158,0.0,0.16350337891779382,1285
120,0.0443712684128887,0.1140410954773469,0.0,0.16298483678347686,1286
1133,0.0397793166520606,0.119274219822736,0.0,0.16213425204836462,1287
836,0.041328384710018,0.1172362229459412,0.0,0.16159866904879258,1288
1189,0.0302018780747026,0.1073052134642685,0.1171121387507392,0.16146279983712727,1289
1177,0.0354295099242455,0.1222934361975022,0.0,0.15973147329412446,1290
1094,0.0420886908243257,0.1146837198582853,0.0,0.15857952293317057,1291
1299,0.0329283497581992,0.1038081054575643,0.1128012624777058,0.15777839024120982,1292
1111,0.0444207019522055,0.1079906875220715,0.0,0.152705529427921,1293
1166,0.037870569582878,0.1163004007972605,0.0,0.15216963880963394,1294
1089,0.0419478217701166,0.1107184869915379,0.0,0.15096765398720643,1295
957,0.0373999018234907,0.1155171220079515,0.0,0.14958481765196574,1296
1095,0.0405795929479792,0.1107561174896736,0.0,0.1476167115536497,1297
1078,0.0333690942670112,0.117626855900452,0.0,0.1460618931191408,1298
978,0.0397106508705086,0.1109190725310012,0.0,0.14579682356533852,1299
1230,0.0287741919264556,0.0892172410389792,0.1348053213179622,0.14480327049688058,1300
1310,0.0271589407154714,0.1034068947912602,0.1090114967422888,0.1447022025503753,1301
1096,0.0404365583854702,0.107809407748062,0.0,0.14180566168065653,1302
1287,0.0335239744776701,0.110958498164583,0.0,0.13192312999945302,1303
1213,0.0347875660510195,0.1093162720823254,0.0,0.13113691601334082,1304
1232,0.0326904563291749,0.1111444935250732,0.0,0.13063829436985458,1305
1097,0.0395589516549134,0.1028276162607602,0.0,0.13046594027170894,1306
1221,0.0362718532261717,0.1071686136417172,0.0,0.13016505933164033,1307
1200,0.0263299531536579,0.0927022978039193,0.1128012624777058,0.12849479167544497,1308
1210,0.0367738892585938,0.1051976522101011,0.0,0.1275018966870707,1309
1231,0.0241962775219369,0.0788503508580152,0.1320850345649092,0.12701792536164486,1310
1254,0.032025715351857,0.1090997869473705,0.0,0.12480976539787828,1311
1212,0.0362480762868562,0.1039605172906902,0.0,0.12374981954161349,1312
1276,0.0301265528143209,0.1097857437018052,0.0,0.12268543654222362,1313
1188,0.0317077627306936,0.1078355557485834,0.0,0.12136653972568467,1314
1243,0.0331432032158089,0.1055114682001037,0.0,0.11941675546496631,1315
1298,0.0298685809235304,0.1081557810561886,0.0,0.11847300345716104,1316
1216,0.0324321497266901,0.1054196438882475,0.0,0.11762248126212149,1317
1217,0.0299565214890277,0.1074441409305472,0.0,0.11700888022744092,1318
1215,0.0330672526711978,0.103988004921896,0.0,0.11600802559906855,1319
1214,0.031671479418815,0.1033747781064716,0.0,0.1114802199185244,1320
1265,0.0329403085622298,0.1019682307929787,0.0,0.11145697222546806,1321
1211,0.0331814124792931,0.1015761972566705,0.0,0.11123330449023033,1322
1098,0.035169720239074,0.0977607498021791,0.0,0.10897295940820335,1323
1099,0.0336483762537447,0.0970117931166125,0.0,0.10329575906264213,1324
1321,0.0223735259272075,0.0796503346386745,0.1052668270068667,0.10236156334315963,1325
1309,0.0295357141837603,0.0948184295807444,0.0,0.08779637548925105,1326
1218,0.0311203811521148,0.0918758443733889,0.0,0.08619090193720297,1327
1219,0.026769037581781,0.0958851993060009,0.0,0.08358994576025686,1328
1199,0.0256573461801762,0.0960955943787685,0.0,0.08175997267683975,1329
1220,0.0243948648787067,0.0819791598663041,0.0,0.04651253013908746,1330
1320,0.0204146289460837,0.0830202982274584,0.0,0.037963857786471135,1331
