fair_majority,fair_minority,tau_x_mean,tau_y_mean,NMI_true_labels_mean,AMI_true_labels_mean,ARI_true_labels_mean,NMI_rows_mean,AMI_rows_mean,ARI_rows_mean,NMI_cols_mean,AMI_cols_mean,ARI_cols_mean,balance_chierichetti_mean,balance_bera_mean,KL_fairness_error_mean,time_mean,tau_x_std,tau_y_std,NMI_true_labels_std,AMI_true_labels_std,ARI_true_labels_std,NMI_rows_std,AMI_rows_std,ARI_rows_std,NMI_cols_std,AMI_cols_std,ARI_cols_std,balance_chierichetti_std,balance_bera_std,KL_fairness_error_std,time_std,tau_x_var,tau_y_var,NMI_true_labels_var,AMI_true_labels_var,ARI_true_labels_var,NMI_rows_var,AMI_rows_var,ARI_rows_var,NMI_cols_var,AMI_cols_var,ARI_cols_var,balance_chierichetti_var,balance_bera_var,KL_fairness_error_var,time_var
0.0,0.0,0.11305626617774596,0.11008897914353559,0.12183832209952336,0.11961320894163438,0.10925604808818205,0.7496743775337231,0.7496319051929315,0.792542563714746,0.7858674059345685,0.7858071199966619,0.8444014982955872,0.27465062210307134,0.7592091410837216,0.02408447697861634,7.136030650138855,0.0098515002657675,0.012826310623321284,0.014024583490114324,0.013721944874718325,0.013111049832800105,0.1807067042050279,0.18074434602586648,0.1952595556496232,0.14004886858033513,0.1400995831991762,0.13619003451517642,0.03814804615749853,0.08601169925790822,0.015228681726173124,2.7253061283558955,9.705205748641712e-05,0.0001645142442059244,0.00019668894207118727,0.00018829177114480854,0.00017189962771816764,0.032654912944643455,0.03266851862031815,0.0381262940724883,0.01961368559063198,0.019627893212582896,0.018547725501244942,0.0014552734256346388,0.00739801240923285,0.00023191274711707925,7.427293493254201
0.0,0.1,0.11625862092822463,0.11478675466668176,0.11552245628861484,0.11354431537012899,0.10069670173594429,0.8063855981594388,0.8063557927725358,0.8521203161183418,0.8111003484529371,0.8110535111905962,0.8677519216872206,0.29082423949794184,0.7949523926250157,0.018373882312368382,6.176215291023254,0.007682146293001562,0.010502580979454543,0.010411679706075662,0.010354757168185085,0.008395958920880985,0.16440427164836172,0.1644376411161799,0.1830016153850045,0.12293086024208323,0.12297518511941304,0.12903789887484557,0.028993100775693264,0.06500464563236881,0.01225722424204642,1.5176303345339315,5.9015371667077645e-05,0.00011030420723000034,0.00010840307430190776,0.00010722099601208038,7.049212620112098e-05,0.02702876453622831,0.02703973781585358,0.03348959123352112,0.015111996399858598,0.015122896155153906,0.01665077934603487,0.0008405998925895054,0.004225603953789845,0.00015023954611981043,2.3032018322975727
0.0,0.2,0.11215004135253685,0.11120611763960384,0.11298406565442268,0.111120688426587,0.09871003510624901,0.6845416294979401,0.6845009017355042,0.7230049373567556,0.6911220356491932,0.6910570571287227,0.7360744368637758,0.2877817662061381,0.7891287193553599,0.018938200538680512,7.609574031829834,0.013475509369395578,0.014207231638336945,0.00862625892487741,0.008804061004271382,0.012286482955986607,0.3751026815842533,0.37514853397619063,0.3948042542566243,0.36943058552675667,0.36950323172647426,0.388027775583404,0.020972844757427705,0.04564420269977333,0.007803439396466965,1.826108139834302,0.00018158935276466802,0.00020184543082536226,7.441234303902719e-05,7.751149016693201e-05,0.0001509576634277494,0.14070202173169774,0.14073642254448504,0.15587039917912923,0.13647895752264227,0.13653263825630854,0.15056555462420454,0.00043986021721916283,0.002083393240097995,6.089366641433271e-05,3.334670938369095
0.0,0.3,0.11226482742417795,0.10939226036412061,0.11569115920231302,0.11345948518870168,0.09553329275115592,0.7145861938203846,0.7145375603486235,0.7506591985561636,0.7476916067063677,0.7476210027246191,0.8021059873222509,0.2847138800437074,0.7813743961196058,0.02061714975913849,9.970075559616088,0.010703892172119839,0.013673038199550446,0.01017568055300991,0.010125069442894307,0.02010635633430991,0.23201087013485958,0.23205768518481806,0.2582214563682382,0.18862189203801158,0.18868594878643805,0.19731215437320154,0.03460175633371877,0.07714414145793105,0.014421986679849988,4.976130744084275,0.00011457330763236837,0.00018695197360636567,0.00010354447471690405,0.00010251703122343204,0.0004042655650422441,0.05382904386073467,0.05385076925333613,0.06667832052893394,0.0355782181559993,0.03560238726943832,0.03893208626339412,0.0011972815413780471,0.005951218561281276,0.00020799369979377047,24.76187718222072
0.0,0.4,0.11991794819406791,0.11991794819406783,0.12130078460003238,0.11959197549428921,0.10829212762142663,0.8823754924822925,0.8823614280335793,0.9361212780350197,0.8703803506326814,0.8703550800494065,0.9275113488689662,0.2957914286553238,0.8067301071866065,0.01591850088923655,11.335309362411499,0.00017312065357800668,0.00017312065357796426,0.005690060945642912,0.005701053102496114,0.0055816790368528385,0.043010309092677876,0.04301545127094266,0.026843791189009654,0.043147448819017095,0.04315586460968749,0.028834432040686104,0.004661498456882417,0.009807012520599671,0.0015479388262480598,6.499394174569721,2.9970760695276196e-08,2.997076069526151e-08,3.237679356513071e-05,3.250200647748057e-05,3.115514087044243e-05,0.0018498866882476891,0.0018503290480428427,0.0007205891253991523,0.0018617023395897,0.001862428650209677,0.0008314244711089455,2.1729567863517156e-05,9.617749457919872e-05,2.396114609806221e-06,42.24212463643083
0.0,0.5,0.11397835443466428,0.11202077634217014,0.12158418213614561,0.11950435085719872,0.1011699481582193,0.7713061825154275,0.7712685771722863,0.8050930978874062,0.7817760293870948,0.7817187505861378,0.8314597510911803,0.2745282164524092,0.7586807333069976,0.02522766044183416,19.407286405563354,0.00975289087995605,0.012600965465431643,0.0102695568958791,0.009924969528611369,0.012490313365900263,0.2058275113579502,0.20586827997762397,0.2286483328021567,0.15289146765351588,0.1529445128586334,0.167002858225991,0.04031548280534948,0.09057357182810007,0.017349768622065973,10.477880268403705,9.511888051632987e-05,0.00015878433066100092,0.00010546379883769795,9.850502014386419e-05,0.00015600792797838676,0.042364964431807116,0.04238174870094537,0.05228006009320581,0.023375800881246096,0.023392024013564678,0.027889954655650456,0.0016253381538284299,0.0082035719137,0.00030101447123922505,109.78597491900369
0.0,0.6,0.11986473520274903,0.11986473520274903,0.12197933659147919,0.12027179741811558,0.10906157734788098,0.8860413919820067,0.8860277658900463,0.9381996805847643,0.8737779198184896,0.8737533097235047,0.9295193003793647,0.29500523353348085,0.8050783520599205,0.016197185480399178,23.399201130867006,0.0002605831523541864,0.0002605831523542385,0.005091523764915434,0.005101419615614187,0.00476193773078293,0.04954910045305027,0.04955502415805068,0.03288995826791822,0.0447455624116254,0.04475428985465169,0.03086104726065079,0.0043510777464854785,0.009149173048996127,0.0014389719890760555,9.749638924302317,6.790357929084511e-08,6.790357929087227e-08,2.592361424869863e-05,2.60244820945732e-05,2.2676050951854075e-05,0.0024551133557064665,0.0024557004193049865,0.0010817493548654022,0.0020021653555326643,0.0020029464603941796,0.0009524042380241217,1.8931877555961152e-05,8.370736748047707e-05,2.0706403853454992e-06,95.05545915427086
0.0,0.7,0.11719276298858361,0.1153412895454663,0.12292164649847832,0.12094644638939227,0.10857794066998068,0.7982922014417245,0.7982621571805572,0.8559998938124016,0.8282588031014771,0.8282161519717472,0.8924050607222274,0.28622443096219574,0.7858889668603533,0.02008221801373416,28.961545276641846,0.005398639941274287,0.009299004940244299,0.007738833545198279,0.007706838030116913,0.007188855656469458,0.12175055119858794,0.12177687765486955,0.13035735172144367,0.09651165664653841,0.09654786783364722,0.07912086875988626,0.01950900246425285,0.04292064942719116,0.010057794626035364,11.575575127693746,2.9145313215522034e-05,8.647149287868786e-05,5.988954464028617e-05,5.939535242245635e-05,5.167964564955292e-05,0.014823196717159981,0.014829607931369067,0.01699303914782817,0.009314499868659322,0.009321490783223411,0.006260111873319145,0.0003806011771502237,0.001842182147251845,0.00010115923273950585,133.99393953688207
0.0,0.8,0.11985242249168279,0.11985242249168286,0.11834830997416328,0.11663372528714766,0.10585306894610613,0.8882409447722261,0.8882275808434115,0.9403801557054262,0.8933345078088688,0.8933137121080801,0.9425940034540836,0.29790290552172305,0.8111566636372756,0.01526764613393829,36.082049059867856,8.844482774612123e-05,8.844482774609818e-05,0.006214636718310016,0.006226749033202526,0.005238432787728587,0.03586135270256893,0.03586563998448595,0.02343153225589653,0.038306952151102906,0.038314420342729756,0.024874016709735464,0.005391000351930628,0.011327010974130216,0.0017641104457206973,29.568774008135467,7.822487555041057e-09,7.822487555036979e-09,3.8621709540567084e-05,3.87724035224886e-05,2.744117807154989e-05,0.001286036617658048,0.001286344131496757,0.0005490367038591196,0.0014674225831068876,0.0014679948061993838,0.000618716707276199,2.9062884794516154e-05,0.00012830117760806635,3.1120856647008773e-06,874.3123963441876
0.0,0.9,0.09155932271122041,0.11495207751284389,0.11727919969236478,0.11531665220805212,0.09886620284786005,0.6284885993748016,0.6282837501934905,0.6751378620371585,0.8019037967828373,0.8018544960591949,0.855833445014761,0.12033741286269403,0.32384512457952386,inf,64.95789120197296,0.020718238492093425,0.011411011999727315,0.006873531790149791,0.0065421131838582095,0.013825627625699777,0.17655483997506605,0.176681158482039,0.1880400653059692,0.14916415945663383,0.14921568868406412,0.1592530566405988,0.1568957655052082,0.42156690569434785,,29.346127362871822,0.0004292454062152617,0.00013021119485792076,4.724543927019979e-05,4.27992449104114e-05,0.00019114797924451283,0.031171611518621183,0.031216231762555377,0.03535906616027316,0.022249946466404085,0.02226532174945954,0.02536153604937377,0.024616281233465282,0.17771865597670716,,861.1951911978942
0.0,1.0,0.06666169319609903,0.11794489529102162,0.11506606321785165,0.11334495897019492,0.10441739993499766,0.5538834575136539,0.5535970096984273,0.5844811342645578,0.8454753608140873,0.8454452281235222,0.9108825627407986,0.03585222502099076,0.09279338522907712,inf,74.48862948417664,0.015749748707212734,0.0038817757284249606,0.005915615732744355,0.0059269787432516385,0.006516950746350905,0.0811522080481394,0.08124411163535183,0.09855721715872512,0.01570373896184096,0.015706802128317286,0.011157154224010212,0.11337469025120889,0.29343844912130906,,17.977339450671625,0.0002480545843403492,1.5068182805789133e-05,3.4994509497492526e-05,3.5129077022956774e-05,4.2470647030363625e-05,0.006585680871088501,0.006600605675417512,0.009713525054072102,0.00024660741738164176,0.0002467036330981125,0.00012448209037834893,0.01285382038955756,0.08610612342271907,,323.18473372467435
0.1,0.0,0.11721094807317393,0.11508678089433681,0.12076226422074403,0.11878825476207899,0.10703599689121161,0.8106328219986703,0.8106043383245185,0.8648893200988498,0.8350798564698966,0.8350387003712724,0.8946922337568433,0.2861702315897936,0.7855614484106282,0.0195863289859812,8.967820405960083,0.0053992460041828215,0.00987620038283242,0.00772218819109325,0.00755333563487681,0.006350077169032841,0.12243933244179557,0.12246588045314658,0.13131760259638256,0.10143422713393249,0.10147158562353222,0.08644960740455479,0.022833251836127257,0.0499206391373445,0.008545859653442674,3.6325136482908635,2.9151857413684166e-05,9.753933400185924e-05,5.963219045866005e-05,5.705287921309987e-05,4.0323480052672134e-05,0.014991390128792532,0.01499789187516439,0.017244312751661457,0.010288902434258207,0.010296482688953829,0.007473534620401655,0.0005213573894120087,0.0024920702118809714,7.303171721633934e-05,13.1951554050194
0.1,0.1,0.11712054347647056,0.11496801744764314,0.1187281721889943,0.11675026314614359,0.10662090349882795,0.8238069404132918,0.8237799174639931,0.8717432032710493,0.8299477422845568,0.829906199849329,0.8898549414171699,0.29025620931346313,0.7945715225216057,0.01767957207295056,10.095872855186462,0.005674109696863961,0.010208770774771697,0.005412236573933701,0.005426053606539732,0.004962258695442653,0.1354674819615488,0.13549600290246194,0.1444806657813415,0.08418770991323869,0.08422110913781487,0.07678959622639697,0.017960612157239004,0.0390715415471662,0.006324472450586041,6.294796072228096,3.219552085204563e-05,0.00010421900073183271,2.9292304732225602e-05,2.9442057741042833e-05,2.462401136049622e-05,0.018351438669002552,0.018359166802543972,0.020874662784619705,0.007087570500435628,0.007093195224403724,0.005896642088613079,0.0003225835890627615,0.0015265853588719346,3.99989517782218e-05,39.62445759093826
0.1,0.2,0.11751340658028071,0.11711074912806327,0.1189278129511607,0.11709546805694915,0.10261470233278655,0.8361880999110817,0.8361646753210425,0.8832016544925378,0.8344423291118597,0.8344043020956736,0.8852620792659787,0.2894268965591184,0.7920083166396857,0.01887640823333765,13.13170828819275,0.007367838459172672,0.008641047217132462,0.00785181801087713,0.0076790428661524445,0.012112698604838271,0.1510055676446989,0.15103555730617918,0.1724418209341888,0.13478303758765853,0.13482666503421348,0.1462249228872057,0.028697219873545333,0.06445348215131241,0.012020411328890897,4.252742901470763,5.428504356046393e-05,7.466769700871268e-05,6.16510460759345e-05,5.896769934020675e-05,0.000146717467491651,0.02280268145969774,0.022811739570788133,0.029736181607098837,0.018166467221356175,0.018178229604248003,0.021381728073369254,0.0008235304284706052,0.004154251361429548,0.00014449028851572864,18.08582218600997
0.1,0.3,0.11839783126365114,0.11734062308923739,0.12316000289050102,0.1213232142947056,0.10973823150768232,0.8200627172518136,0.8200382738647962,0.8823469185013332,0.8278549318584524,0.8278171955020541,0.8941298769063308,0.28900235820407083,0.791978354900987,0.018372523951946877,13.438205575942993,0.004135269943048338,0.007476374845453526,0.0065005102567783435,0.006549741401608984,0.006282780967509107,0.09185428389034903,0.09187368804623275,0.09821804412134907,0.06320764895525191,0.06323097777447241,0.05730038747532461,0.016550025690342314,0.03618882842710502,0.006118891221305372,6.002255219887255,1.7100457501879e-05,5.5896180829730226e-05,4.225663359848044e-05,4.289911242795082e-05,3.947333668569467e-05,0.008437209469008833,0.00844077455521649,0.009646784191023272,0.003995206886450358,0.003998156550315823,0.0032833344048223373,0.00027390335035099055,0.0013096313029264442,3.744082977816795e-05,36.027067724663794
0.1,0.4,0.11636411399717284,0.11479476549243339,0.11991035991820628,0.117950529830483,0.10212916484991441,0.8137494658507289,0.8137204977477414,0.8565683968689862,0.8291942158199379,0.8291511060852124,0.8791544767129631,0.28474911588325763,0.781668740826067,0.02090289098385725,18.89595091342926,0.007820767664179419,0.010874476102211593,0.009052784449122097,0.00864276379951192,0.010499342303088953,0.16898375698555967,0.16901791931467344,0.18660029766856198,0.1363317171300551,0.13637873806086379,0.14123089242632847,0.03252370338915935,0.07245934968724402,0.01385212910203957,7.007832335435166,6.11644068570744e-05,0.00011825423049757105,8.195290628226685e-05,7.469736609415371e-05,0.00011023618879743323,0.028555510124954688,0.02856705704946146,0.03481967108999594,0.01858633709562936,0.018599160195073693,0.019946164975537164,0.0010577912821460155,0.005250357357098311,0.00019188148065957158,49.1097140415707
0.1,0.5,0.11626773516543638,0.11489826450109034,0.11905968872658876,0.11709719046481726,0.10242798234635049,0.8255527425205242,0.8255249198549015,0.8615378917315146,0.8369962876565211,0.8369542661719077,0.8779212550094219,0.28409614380045206,0.7801816791569808,0.02121259109441058,19.060583090782167,0.008184460290387817,0.010627186739085347,0.00806515611536358,0.007664351529197922,0.009462186371702415,0.18790421564866047,0.1879411673017694,0.2037438449950519,0.16217887030462277,0.16223117453475921,0.1703807486870842,0.03330045641013538,0.07451530164246127,0.014398536093608407,6.995509804682907,6.698539024493502e-05,0.00011293709798739144,6.504674316518655e-05,5.874228436311853e-05,8.953297093283089e-05,0.035307994258538304,0.035321882366751677,0.04151155437336774,0.02630198597328366,0.02631895399092751,0.029029599523171343,0.0011089203971233266,0.005552530178866991,0.00020731784163894408,48.93715742741468
0.1,0.6,0.11840460794921326,0.11741416622359709,0.11963961877953629,0.11779410750787211,0.10607434911334683,0.844712861187066,0.8446911822808992,0.8967646519286244,0.8588610168871483,0.8588288879783269,0.9141926752238906,0.2937998435990149,0.8024951801004825,0.016321095989152122,24.83652834892273,0.004520793494995079,0.007651196203548197,0.006839526836311785,0.007094122903668123,0.006831118647649577,0.11683941777457187,0.11686216597042942,0.1176301175342555,0.09122232003799607,0.09125219753925781,0.07332820199559634,0.006807887934694029,0.01440233520372206,0.0017793473873512265,11.504623593500451,2.043757382438982e-05,5.854080334519034e-05,4.67791273446291e-05,5.0326579772348646e-05,4.666418197826579e-05,0.013651449545900939,0.013656765835300191,0.013836844551122763,0.00832151167311458,0.00832696355574373,0.005377025207906978,4.6347338131352536e-05,0.00020742725932037175,3.166077124873636e-06,132.35636402812725
0.1,0.7,0.11855475304561439,0.11749592166023434,0.12023306455849918,0.11839032008032498,0.1084514924869611,0.8642346831146355,0.8642155309344466,0.91066644079476,0.8511603388570428,0.8511271908572826,0.9083701170600909,0.29303610491087884,0.8005200154634045,0.01698771162143459,31.6129163980484,0.004160148929826405,0.007507524022072881,0.0057981202004695675,0.005802915759161958,0.005412056863629713,0.11080104719562463,0.11082248818023535,0.10788720334018752,0.07395022977381362,0.07397515681962785,0.06303521064391765,0.01685182795565734,0.036652952435970255,0.00604497846265868,27.139724016561583,1.7306839118335783e-05,5.6362916942001366e-05,3.361819785909326e-05,3.3673831307930196e-05,2.9290359495161486e-05,0.012276872059647035,0.012281623886458405,0.01163964864456697,0.00546863648359983,0.005472323826488532,0.003973437780923068,0.0002839841054470743,0.0013434389222734978,3.65417646140073e-05,736.5646196951295
0.1,0.8,0.10681692577036724,0.11144118630382467,0.11699964239146632,0.11503329310932206,0.09728486056342539,0.7258497273783675,0.7257305106392931,0.7622705042503438,0.7398828275162332,0.739821899148411,0.7819796814806675,0.25039531469073856,0.6912981545322445,0.8159429678232918,47.41176362037659,0.023036766479187804,0.013671312031365507,0.009739984172795323,0.00946859463622303,0.016223855503948153,0.32105373475968985,0.32126009095023667,0.33314672585651717,0.2997069617951495,0.2997727006473304,0.31392167487622363,0.08857004180061813,0.22633051547760902,1.6831044593960893,29.220050919180654,0.0005306926098166309,0.00018690477265895927,9.48672916863034e-05,8.965428438511153e-05,0.00026321348741298876,0.10307550060314527,0.10320804603735434,0.11098674094891742,0.08982426294847921,0.08986367205339399,0.09854681795709347,0.007844652304563243,0.051225502236360215,2.832840621239002,853.8113757195102
0.1,0.9,0.08748476496781227,0.11246703177037494,0.11064794195883162,0.10853363916288541,0.09256933021619156,0.5796087215820173,0.5793808405428023,0.6071972481514392,0.7554373541242823,0.7553721240313435,0.811724143401063,0.17778308717882862,0.44716014510861735,2.7421199588785283,60.30763218402863,0.02555924826526243,0.014061843693808192,0.00774446103858166,0.008196763492344333,0.022944231912755048,0.24704340285552895,0.24722320771298426,0.27451850531159466,0.19408959261295544,0.194155421859586,0.2018407441888546,0.1140822354448334,0.28485401125372684,2.2490851050232834,43.92706628790548,0.0006532751718853206,0.0001977354480690932,5.997667677810932e-05,6.718693174942888e-05,0.0005264377780662871,0.061030442894439166,0.06111931443189736,0.07536040975851203,0.03767076996066301,0.03769632783747381,0.04073968601471064,0.0130147564440904,0.08114180772733834,5.0583838096375935,1929.5871526620426
0.1,1.0,0.0648278490590928,0.11335051752239807,0.11553343807888458,0.11355194756382943,0.10013940877688252,0.5004843705957833,0.5001864465276525,0.5027244715586352,0.7990866908631703,0.7990370979048339,0.8633559387615796,0.10916324171168237,0.3232771084329661,4.617465767847245,80.96244657039642,0.0165435877234703,0.013297652087127439,0.005642546476769352,0.005735696821400812,0.011773314495149291,0.1260489274763767,0.12614763097096732,0.15141709177993296,0.13634806399170232,0.13639568287378576,0.13246226473045475,0.08812594282145765,0.21253849333476632,1.6447031927646103,28.436469750595155,0.00027369029476415725,0.00017682755103028475,3.183833074250223e-05,3.2898218027027384e-05,0.00013861093420169243,0.015888332117944874,0.01591322479958735,0.02292713568309264,0.01859079455428535,0.018603782306606337,0.01754625157752108,0.007766181798170824,0.045172611149012505,2.705048592290103,808.6328118765133
0.2,0.0,0.11182043729834694,0.10903099264715344,0.11558154876633549,0.11334657001722355,0.09420189353364472,0.6889548034382046,0.6889023411452619,0.7309673661076775,0.7392902336878644,0.739217640819618,0.7961338091401442,0.2911383544435426,0.7964140898380097,0.01752678172561261,12.8716552734375,0.011195778826520673,0.014046144341416641,0.01235117118368394,0.012706529730338974,0.02314455942935041,0.24118260643243775,0.24123156550973437,0.26884679798153904,0.19722931110039196,0.1972957883763778,0.2048760967628244,0.018545107717490805,0.04010569586611524,0.006680320375171527,4.168758361817689,0.00012534546353236862,0.00019729417085991076,0.00015255142960866457,0.00016145589778798826,0.0005356706311787331,0.05816904964554416,0.05819266819827727,0.07227860078492647,0.038899401157135194,0.03892562811105645,0.04197421502477018,0.00034392102025333706,0.001608466840905333,4.462668031493185e-05,17.378546279224903
0.2,0.1,0.11745843886849154,0.11693928062528865,0.11543618108267326,0.11359161103450297,0.0995434359449973,0.847934032665622,0.8479115423168169,0.8899427572468019,0.8585057404812476,0.8584719562920462,0.9022665227487012,0.296441848412782,0.8080598395448284,0.01528842163303846,15.908278155326844,0.007760668693516727,0.009402343732488456,0.007026683523861995,0.007364406182800007,0.018724390921755697,0.1794402546430499,0.17947512219149694,0.19143290272871488,0.1543155585391361,0.15436442411623957,0.1514355729378679,0.006919859256284458,0.014651042699995415,0.0014236019748907018,6.491877137658187,6.0227978570530615e-05,8.840406766386494e-05,4.937428134451362e-05,5.423447842526297e-05,0.00035060281539072715,0.0321988049863626,0.03221131948565276,0.03664655624714161,0.023813291607245535,0.02382837543273829,0.022932732751020316,4.788445212678569e-05,0.00021465305219708894,2.0266425829127067e-06,42.14446877044905
0.2,0.2,0.11738511996017972,0.11532175843037214,0.11997244547732952,0.1179930221408304,0.10778823477631772,0.8268155161512475,0.8267889478571805,0.8759885197085826,0.8369000576225032,0.8368593840787396,0.8957503972131787,0.28970817503704316,0.7933839824233561,0.01815195691191413,16.793201184272768,0.005153254616942437,0.00948313143863517,0.007805491472911481,0.007692529304946048,0.00644482805349962,0.13115658112298004,0.1311840882795985,0.1352406350073482,0.09862787366631662,0.09866380360120235,0.08185273316536953,0.01833162008961796,0.040108375254434635,0.00746262874032154,6.4364581069219255,2.655603314703854e-05,8.992978188243076e-05,6.092569713369385e-05,5.9175007107453726e-05,4.15358086391757e-05,0.01720204877186884,0.01720926501774949,0.01829002935719078,0.00972745746393891,0.009734546141056628,0.006699869926641186,0.0003360482951100848,0.0016086817655505444,5.569082771587305e-05,41.42799296216098
0.2,0.3,0.11514848035612761,0.11230976496073394,0.1169537282670163,0.11484225122676377,0.10146961091122952,0.773870043742751,0.7738329069860378,0.8203175615917487,0.792028345427887,0.791972514718366,0.853164900910383,0.2885229143148177,0.7905211858601369,0.01861684256004201,17.61353793144226,0.007984604510766024,0.012255763242340699,0.012727783281310343,0.012767923927646104,0.021778655992801956,0.193610282438661,0.1936497693729048,0.2037358836864033,0.15243104551530642,0.1524846773808237,0.14071114499155074,0.023693294877744738,0.05167301925911017,0.009254008510877303,6.00341278042278,6.375390919334513e-05,0.00015020373265230938,0.00016199646725600307,0.00016301988142215792,0.00047430985685280856,0.037484941465978076,0.037500233178179215,0.04150831030147965,0.023235223636889415,0.023251576835933888,0.019799626324833217,0.000561372222163765,0.0026701009193523706,8.563667351938957e-05,36.04096501214357
0.2,0.4,0.11629956759090088,0.11467295153573116,0.12108187016166454,0.11912072365289661,0.10197856145733011,0.7978416530188142,0.7978108416426662,0.8451401607768751,0.8333692414592699,0.8333272421981208,0.8824349781568017,0.2823227339565812,0.7768386153271127,0.02131802259217094,16.140730595588686,0.007610431491033358,0.010798450348975393,0.006262338751391669,0.006084346814046542,0.01212725367440548,0.16386475797407846,0.163897800529499,0.1820551481922686,0.13705840431684455,0.13710404902200643,0.13654194953673485,0.028567029525345903,0.06363045536462611,0.01176278556055606,6.05689144452536,5.791866747971222e-05,0.00011660652993928678,3.921688663718176e-05,3.7019276153598306e-05,0.00014707028168338122,0.02685165890590331,0.026862489018407446,0.03314407698330888,0.01878500619387963,0.01879752025822874,0.018643703983292247,0.0008160751759019846,0.004048834849909675,0.00013836312414362611,36.6859339707645
0.2,0.5,0.11583864934277359,0.11308316675445022,0.11718385393080977,0.11506747024003747,0.10504174623713876,0.7995692130332752,0.7995361468666633,0.8439770582967252,0.8113610078758932,0.8113103322904983,0.8727801324408102,0.28614670292179545,0.7850371803979427,0.01975646562398478,17.84841866493225,0.006552020514307428,0.0109856353444823,0.008769262527037584,0.008432670047644964,0.00638418651359056,0.1611583896652512,0.16119222328893074,0.16797793689454749,0.11318418575263013,0.11322819592851106,0.09866944876053307,0.028736357610098087,0.06323908230145157,0.011374660102755004,8.511439025062312,4.2928972819905374e-05,0.00012068418392193875,7.689996526810558e-05,7.110992413244852e-05,4.075783744031159e-05,0.025972026559496944,0.025982932848828508,0.028216587283348575,0.01281065990448588,0.01282062435322529,0.00973566011870746,0.0008257782486954423,0.003999181530329766,0.00012938289245320649,72.4445942773537
0.2,0.6,0.11863489995416461,0.11771994151382688,0.12204895093995013,0.12020705570408367,0.11042325415562956,0.844038589660674,0.8440170503293096,0.9007473907267572,0.8369747927026585,0.8369379821406289,0.8995167651443119,0.29052657408862015,0.7950429472574141,0.01835595152141096,21.947993206977845,0.00354365028062633,0.006434459019915108,0.008689936753341091,0.00847880190582466,0.007684088858220888,0.09297827808020029,0.09299759440651015,0.09144595868672244,0.08714603459620661,0.08717557464530348,0.06872167599384085,0.0196615021619667,0.043169433323408155,0.008654520664582138,6.115853984551623,1.255745731138307e-05,4.1402262878966893e-05,7.551500077706831e-05,7.189008175821587e-05,5.904522158103439e-05,0.008644960194759055,0.008648552565397767,0.008362363360133747,0.007594431345843238,0.007599580814738879,0.004722668751402442,0.0003865746672650212,0.0018635999734641822,7.490072793367927e-05,37.40366996035596
0.2,0.7,0.11215130752919933,0.10920517859999994,0.11392652507501069,0.11168918046821949,0.09347131392953918,0.711774376673209,0.7117251228933691,0.7502926990577679,0.7498147628734009,0.7497447885595518,0.8043510326318273,0.28874226434364325,0.7907786366372124,0.020011561753940928,30.598731255531312,0.01098181152232516,0.014017025082792732,0.010624919930138553,0.010744418162398945,0.023426832549876184,0.24411093542341597,0.24415981220836627,0.26745969838720085,0.19617238822100294,0.19623816114662523,0.20228416729273366,0.02642116109349449,0.05769668610185947,0.012693196974107264,23.704701139584028,0.00012060018431187366,0.0001964769921716406,0.00011288892352185542,0.00011544252164848833,0.0005488164833199383,0.05959014879329516,0.05961401389762469,0.07153469026137244,0.03848360590033189,0.038509415890208856,0.04091888433731466,0.0006980777535283869,0.003328907587136504,0.0001611172494234858,561.9128561169963
0.2,0.8,0.1184505068885677,0.11746525547226234,0.11997904700143143,0.11813627760619724,0.1076370255342924,0.8600926187783224,0.8600729364105415,0.907486777050434,0.8598790442677974,0.8598477174793608,0.915084665307153,0.29262182249163876,0.7996656880450176,0.017416293851600078,44.87768268585205,0.004452515309947078,0.007566567535205093,0.005937848865886842,0.0058737925696124875,0.006074518173495123,0.1090279046804934,0.10904958116188687,0.11254928260352272,0.06909566879966623,0.06912004026378292,0.06076228329622136,0.016406082398522443,0.03573768253436565,0.0069503775053743585,32.67212560297439,1.9824892585313128e-05,5.725294426481967e-05,3.5258049154113654e-05,3.450143915083487e-05,3.6899771040122524e-05,0.011887083999018756,0.011891811151582951,0.012667341014567622,0.00477421144687317,0.004777579966066972,0.0036920550713702613,0.000269159539667108,0.0012771819529271036,4.830774746721389e-05,1067.4677914165345
0.2,0.9,0.07324132345403139,0.11586488509713733,0.1175634470853087,0.11545714614955611,0.09978492019417355,0.47930796282137555,0.4790155858101267,0.45319714037633696,0.8003330319978661,0.8002790782864734,0.8581680232351347,0.09929515669409761,0.3097656193951849,2.0628910395264635,73.21544606685639,0.011981633893354387,0.013941128303744912,0.008891271293341592,0.008602368354502279,0.011023415009960598,0.06817348995836836,0.0682098912064985,0.07401129279340515,0.14325250507545587,0.1433041311792203,0.14101163588302928,0.06736293888808767,0.1717129255837802,0.7285249544736705,34.24048979263529,0.00014355955075437863,0.0001943550583814775,7.905470521180027e-05,7.400074130654226e-05,0.0001215156784818246,0.0046476247331037526,0.004652589258402361,0.005477671460951145,0.02052128021039351,0.02053607401303118,0.01988428145440803,0.0045377655356402345,0.02948532881254084,0.5307486092908636,1172.4111412395612
0.2,1.0,0.06923115530359597,0.11902253849490733,0.11205965609423967,0.11033254898606086,0.10225841262711673,0.5294283519079332,0.5291672346858899,0.5099215161470815,0.8321023828182925,0.8320696336717333,0.9002648594596749,0.13741365207671868,0.400406348125646,2.189223362678142,68.91216154098511,0.02440601545353086,0.005221528824690186,0.004462433683114026,0.004471033493281703,0.004776429861939187,0.1349717607858526,0.13509592849386184,0.1854780595013932,0.037378328594425775,0.03738562751776255,0.02803153970477548,0.11582868510683038,0.276469333902842,1.152633224961358,19.326770591461848,0.0005956535903179871,2.7264363267070476e-05,1.991331437619061e-05,1.9990140498046787e-05,2.2814282226024406e-05,0.018217376209633415,0.01825090989561863,0.034402110556402354,0.0013971394485128676,0.0013976851448968847,0.0007857672182204041,0.01341628429357727,0.07643529258868113,1.3285633512848207,373.5240614949946
0.3,0.0,0.11853174119658061,0.117496122011718,0.1150313047060281,0.11317395338423941,0.10248849725486245,0.8527086705282423,0.8526880673825845,0.9039801524686497,0.8648380790065782,0.8648073227890475,0.9207594883553256,0.2982806286826691,0.8119013534417079,0.01488801076794416,15.55702519416809,0.004186628931633607,0.007459792256689235,0.006008361673446339,0.006130644329022235,0.004141179722731334,0.10447000222265354,0.1044914968747954,0.10939862927071123,0.07248683699351235,0.07251374382248803,0.05868594848013198,0.007834949344261278,0.016551319058075897,0.0020389247793276112,4.780555894051411,1.7527861811191553e-05,5.564850051296066e-05,3.610040999893889e-05,3.758479988897249e-05,1.714936949596117e-05,0.010913981364401236,0.01091847291913538,0.011968060086310515,0.005254341537324031,0.005258243043153421,0.0034440405490127044,6.138643122714023e-05,0.00027394616256222644,4.157214255756148e-06,22.853714656149684
0.3,0.1,0.11748056254689081,0.11713224344721049,0.12098956571637895,0.11916151529192971,0.10358742107907823,0.8504085749939627,0.8503868393700035,0.8903113284057346,0.8487070796516939,0.8486718104463782,0.8942428399902635,0.2871090928348533,0.7869712448049448,0.020039206172638428,20.58467833995819,0.007573353192425859,0.008674630433893516,0.0065195436967069855,0.006314036528410199,0.011378846823990436,0.16225820205162564,0.16228917371640958,0.17855161854043275,0.13668286819273628,0.13672750345177706,0.14836405580173484,0.029674708216990493,0.06709735179487614,0.013809015194678108,6.777560215791952,5.735567857722695e-05,7.524921316463161e-05,4.250445001327178e-05,3.986705728209832e-05,0.00012947815504383723,0.026327724133026174,0.02633777590555496,0.03188068048340821,0.018682206457392922,0.01869441020015571,0.022011893053940287,0.0008805883077635231,0.004502054617885367,0.00019068890064685086,45.93532247868585
0.3,0.2,0.11534096043186015,0.11441372749852874,0.11691661361513914,0.1149608032096873,0.09795938080641996,0.8084291435187646,0.8083987505977802,0.8421363755924485,0.8057774469229931,0.8057284300092915,0.849012251590372,0.283824982064135,0.7791288830923759,0.02144552520719168,20.44015724658966,0.009579880544269413,0.01153468893872479,0.00841857907578715,0.007999600677892528,0.012219479065394577,0.20241225078285122,0.20245208217102398,0.2280533611188621,0.16911656491009372,0.1691728631342045,0.18562468592003925,0.037523725913536435,0.08403131269358902,0.01564393505244859,13.095006360130752,9.177411124247162e-05,0.00013304904891314002,7.087247365528122e-05,6.39936110057386e-05,0.00014931566862961634,0.04097071926697985,0.04098684557538304,0.052008335517610124,0.02860041252698994,0.028619457621024285,0.034456524022913215,0.0014080300064342058,0.0070612615130077345,0.00024473270392522963,171.47919157186482
0.3,0.3,0.11992465623181417,0.11992465623181418,0.1154992100038971,0.11377900088647816,0.10409203932709074,0.9052184663626228,0.9052071327814483,0.9507446876882198,0.9001185690244723,0.9000990920209379,0.9457768515428204,0.3005115656345448,0.8166525143118261,0.014332572410831291,18.63257646560669,0.00012549734109056505,0.00012549734109052686,0.003416188738790755,0.003422967579416521,0.0034695111152379713,0.038928483809432,0.038933138377799985,0.02325708129470755,0.04381981723328304,0.04382836510705947,0.027915615623699708,0.0024294406289035904,0.005083117368906987,0.0008096253302295887,4.623496285924,1.5749582620801625e-08,1.574958262079204e-08,1.167034549904077e-05,1.1716707049736599e-05,1.2037507378759832e-05,0.0015154268517012094,0.0015157892639449222,0.0005408918303486358,0.0019201763823583292,0.0019209255879577077,0.0007792815956501472,5.902181769367474e-06,2.5838082186083896e-05,6.554931753493706e-07,21.376717905953026
0.3,0.4,0.11727373845775313,0.11520745693364373,0.11411201490961691,0.11212038521138583,0.10279873533711543,0.8288277562168022,0.8288013672733321,0.8765459822900052,0.8386681016479061,0.8386281674780902,0.8981460480037231,0.2941454678533851,0.8027777704152003,0.01639362662685043,19.15209355354309,0.005465079737636223,0.009821809637760057,0.005231239042501257,0.005106717085232986,0.003646881877895538,0.1333253059712743,0.13335366372447519,0.14104152825659572,0.08495767811297325,0.0849915193602765,0.07402203521524106,0.01849028662066083,0.040064763094384066,0.006251338100773813,5.1492848648797755,2.986709653872201e-05,9.646794456039635e-05,2.736586191978947e-05,2.6078559388610482e-05,1.3299747431322888e-05,0.017775637212333904,0.01778319962874041,0.01989271269295609,0.007217807070347574,0.007223558363168255,0.005479261697406388,0.0003418906993141889,0.0016051852418091192,3.907922805018634e-05,26.51513461967993
0.3,0.5,0.11855627411872396,0.11752521249743515,0.11704450387386298,0.11519621023373436,0.10514644741192569,0.8675830433807533,0.8675643137300322,0.9144962945406597,0.8682305167268309,0.8682005919643345,0.9187872153320059,0.2935610408983237,0.8015308266205745,0.01696790054256077,17.960865521430968,0.004001908401840648,0.007261763739276829,0.006304481079944963,0.006046583285123039,0.004569477330026869,0.1018199472157085,0.10184085290342905,0.10390851752026496,0.08205181056294668,0.08207880003250101,0.06928778964158654,0.018640549069188432,0.04073411897256747,0.007117040952351458,8.405908145611837,1.6015270856722767e-05,5.273321260507579e-05,3.9746481687384e-05,3.6561169423929324e-05,2.088012306962949e-05,0.010367301651009665,0.010371559320097874,0.01079698001325921,0.006732499616657689,0.006736929414775289,0.004800797793416746,0.00034747006960082175,0.001659268448471281,5.065227191744774e-05,70.65929175246343
0.3,0.6,0.11879355600680712,0.11781976264430646,0.11704232254126012,0.11519254968491761,0.1047077867462847,0.8741853228418617,0.8741674782077636,0.9207605769805172,0.8659882854535882,0.865957497319466,0.9174741344310492,0.29279814344724203,0.7996318670349036,0.018577127737800007,20.87494511604309,0.0032777495281880926,0.00635571696267121,0.007835706522685124,0.00753315586999293,0.004300002542670077,0.09604903039574834,0.09606853433487386,0.09035956283661611,0.0860868060764885,0.08611622289139166,0.07179933453159583,0.02302332849330752,0.05084699958670532,0.012830474425121667,7.711479401391714,1.0743641969537265e-05,4.039513810958655e-05,6.139829670965019e-05,5.674843736160894e-05,1.849002186696913e-05,0.00922541623996339,0.009229163289250837,0.008164850596024375,0.007410938180450938,0.00741600384507985,0.005155144439180009,0.0005300736549107458,0.0025854173669704107,0.00016462107397370116,59.46691455808871
0.3,0.7,0.1185000822947376,0.11743474584288964,0.11300248653196945,0.11114153273218623,0.10140699140335603,0.8540743612079504,0.8540538726149254,0.9043325039511518,0.8611474596891323,0.8611162080482397,0.9176403938870233,0.29885124988383904,0.8130797496292324,0.014674634270190421,25.48838484287262,0.00429236695289924,0.007660757602897714,0.005853308242447878,0.0059671256133125294,0.005698910494058904,0.10692041999788786,0.10694253105347966,0.11391126987765188,0.07144084317262164,0.07146594020926365,0.05797415789323412,0.008550263003070822,0.01813697954455594,0.0020870892081239953,12.78129972121045,1.842441405834151e-05,5.8687207050355135e-05,3.426121738110827e-05,3.560658808505043e-05,3.24775808192947e-05,0.011431976212524737,0.011436704948124462,0.012975777405139239,0.005103794073215121,0.005107380609994048,0.00336100298342964,7.310699742168167e-05,0.0003289500269996406,4.355941362667647e-06,163.36162256341433
0.3,0.8,0.11769267853162815,0.11689344115321273,0.11709256717256604,0.11524738909105454,0.10144533086873561,0.8285715576028085,0.828546891799736,0.8797126661739011,0.8281483028784452,0.828108617446299,0.886662205711404,0.29692840660691305,0.8091038109671578,0.015309303969303831,31.957674312591553,0.006847170766910893,0.009374249612463283,0.010417712110855498,0.010729832476324376,0.020088680396816664,0.16651926695344987,0.166551896517622,0.17424384799604856,0.13583764006675683,0.13588232212944532,0.12716587776422475,0.005807702483718888,0.012192208270071567,0.0020437206473130068,20.655190140076417,4.6883747511239104e-05,8.787655579676801e-05,0.0001085287256246653,0.00011512930496998528,0.0004035550800854461,0.0277286662667143,0.027739534233616667,0.030360918564470072,0.018451864458905783,0.01846400546729034,0.016171160467545753,3.372940813939454e-05,0.00014864994250080152,4.1767940842534955e-06,426.6368797227101
0.3,0.9,0.08289197713782685,0.12072012777622801,0.11558910520233867,0.11374729617544352,0.09967524437507294,0.5808658373775929,0.5806420403647392,0.5486902805379039,0.834772932502907,0.8347347698758713,0.8869248863488546,0.15580180604295277,0.45145185458579046,0.9115951017429671,60.0399787902832,0.025713917574090167,0.010662487593163171,0.0035892142912239836,0.003691239404472216,0.01632449477490113,0.2101504827472986,0.21029735572530697,0.2673488483570113,0.13566016703891198,0.13570508844061505,0.14311874827607762,0.11387675246528492,0.2815404215568059,0.6252268461221411,30.828668453539205,0.0006612055570071031,0.00011368864167435855,1.2882459228326483e-05,1.36252483411284e-05,0.00026648912965577436,0.04416322539892265,0.0442249778250563,0.07147540671782023,0.018403680921025505,0.018415871028675153,0.02048297610811127,0.012967914752039776,0.07926500897038398,0.39090860911183944,950.4067986182433
0.3,1.0,0.0557379365012988,0.12201959835610117,0.11437433765257628,0.11265171048821783,0.10428290594478647,0.4544811055410246,0.45416792502582054,0.3747506343742574,0.8401663953293795,0.8401352176637829,0.906133684350668,0.08999191254311945,0.29179265660625353,1.6141948371556338,79.19949567317963,0.003153886476116738,0.0032358756522809858,0.003822694450348902,0.003830155965264326,0.0037069624003405605,0.02039507595830796,0.02040677374886165,0.024944878327394546,0.029265698353492825,0.029271416383689176,0.021850354150345152,0.0004451194887658403,0.0013234864176558331,0.00013319531984245814,14.430685604441727,9.946999904232054e-06,1.0470891237024896e-05,1.4612992860728295e-05,1.4670094718249901e-05,1.374157023753865e-05,0.0004159591233451513,0.000416436414837229,0.0006222469547685181,0.0008564811001176327,0.0008568158171073071,0.00047743797649550554,1.9813135927916305e-07,1.7516162977194704e-06,1.7740993227934727e-08,208.24468701424172
0.4,0.0,0.11409523737390166,0.11207968231132251,0.11236427022391264,0.11036229983092882,0.10019609633364379,0.7463054967832077,0.7462691901832571,0.7859379039569714,0.7662548849333075,0.766199642887283,0.8167548709308754,0.2926662588474085,0.7997100866699197,0.016971855002203558,26.545412254333495,0.01070156975844711,0.012839370826611836,0.0042298416038360305,0.004562918325472372,0.005747725409255063,0.2968780935344508,0.29691745298699146,0.3107732292112472,0.28932738966275745,0.289388347194591,0.29703984667518085,0.01740210902568655,0.03778743318675307,0.00642865162295813,14.92324622937688,0.00011452359529490972,0.0001648494432232511,1.7891559993542164e-05,2.0820223644931598e-05,3.303634738019629e-05,0.08813660242065015,0.08815997388828227,0.09657999999438639,0.0837103384090651,0.08374561549201713,0.08823267051281494,0.00030283339854188127,0.001427890106843327,4.1327561689362196e-05,222.7032780226113
0.4,0.1,0.11723143037034305,0.1150778105749666,0.1192118758522347,0.11723597857398134,0.10652437696113795,0.8249209649549589,0.8248940738132129,0.8733194862802041,0.8378032969751541,0.8377630141686941,0.8947851583435795,0.2875164258746716,0.7882934897473588,0.01915702219942497,17.15895574092865,0.0055078842838577925,0.010047380624877715,0.006400875489104529,0.006142377058014547,0.005582141760524869,0.13409685665601667,0.13412527147928494,0.14230963943866912,0.09549581710366314,0.09553153945255162,0.08600135535032442,0.02476870180281353,0.054214770829103365,0.009181601987758326,3.931568325492849,3.033678928436767e-05,0.00010094985742116812,4.097120702701914e-05,3.772879592282344e-05,3.116030663459569e-05,0.01798196696502428,0.017989588449391882,0.02025203347716401,0.009119451084296282,0.009126275030174427,0.007396233122092776,0.0006134885889966982,0.002939241376052197,8.430181506160763e-05,15.457229498018645
0.4,0.2,0.11859929726278236,0.1174398716405635,0.11732031001683337,0.11546986517924966,0.1058252656344203,0.8591267523123334,0.8591070287765454,0.9094416388709036,0.8602915865937657,0.8602599072698365,0.9167295651296332,0.2935841843840171,0.8016500551068596,0.016880072020188312,20.80341782569885,0.003880055883185742,0.007546046580415019,0.007196146175572332,0.007057760695861657,0.006606391623011775,0.09737914999191682,0.09739954091559111,0.10138801078857015,0.07436218192837694,0.07438921471936671,0.0604047970132208,0.017392926640932064,0.037843781802391965,0.0063673568376545866,7.8325531266968,1.5054833656644288e-05,5.6942818993793205e-05,5.178451978020431e-05,4.981198604004962e-05,4.364441027660015e-05,0.009482698853148234,0.009486670570567906,0.01027952873166322,0.005529734101149031,0.005533755266564046,0.0036487395022084088,0.00030251389713684433,0.0014321518211070534,4.054323309802662e-05,61.348888482527805
0.4,0.3,0.11748742529982217,0.11708176807714313,0.12110446949124284,0.11927665882533253,0.10440456718914008,0.825138151868226,0.8251134426943583,0.8758339089777024,0.824662547262067,0.8246227051884741,0.8782617386039415,0.2889420179282174,0.7910170112372714,0.01898978354602317,21.342508912086487,0.007327657932654151,0.0086103771372356,0.00785447719184788,0.007696489727034443,0.011825402185288542,0.14575200013619727,0.1457811958636929,0.16887616322385052,0.12919452178964896,0.12923668349897438,0.1432770568868841,0.028228555641539428,0.06347834412152153,0.011975236678051886,8.605837336713645,5.369457077798932e-05,7.413859444542953e-05,6.169281195725857e-05,5.923595411834671e-05,0.00013984013684382703,0.021243645543702047,0.021252157067448388,0.028519158505208603,0.01669122446045608,0.016702120361814076,0.020528315030167422,0.0007968513536074875,0.004029500172410308,0.00014340629349535918,74.0604362659746
0.4,0.4,0.11493938286674665,0.11400656050383488,0.1186571451273281,0.11669744090468144,0.09775711071101725,0.771496388790164,0.7714605763390466,0.8137150081342608,0.7919089116388965,0.7918556352272255,0.8380505580359122,0.2879160188926476,0.7887849458999512,0.019462783883193852,20.34017422199249,0.010183381726397359,0.01216815499571719,0.01271225068714264,0.01304050700389442,0.02426915594232503,0.2275002722983085,0.22754494195109948,0.2492122225910292,0.2017249467370325,0.20179049004249552,0.21057021251623273,0.028917750682573913,0.06430041932252677,0.012324551574899933,7.704160411538466,0.00010370126338552365,0.00014806399599979719,0.00016160131753275848,0.00017005482291861942,0.0005889919301528903,0.051756373895804515,0.05177670060752924,0.06210673188876069,0.040692954136058605,0.04071940187159049,0.04433981439913142,0.000836236304539504,0.004134543925052773,0.0001518945715223684,59.35408764671656
0.4,0.5,0.11988810888296156,0.11988810888296157,0.11481894738838168,0.11309737423911326,0.10387158857396254,0.8934033838072691,0.8933906369949136,0.9443298591046945,0.8853430134937994,0.8853206532813889,0.9367555368809942,0.3011882147811745,0.8180639685622314,0.01413675952989242,21.04277424812317,9.438291979113725e-05,9.438291979125826e-05,0.004373547977503149,0.004382154044558697,0.004114700849170934,0.01796486455561195,0.017967012534561032,0.011464722599475266,0.03876778831346111,0.0387753562891349,0.026637107320360804,0.0026673793774110656,0.005579096547073003,0.0008560796860435573,6.061856869248128,8.908135548300247e-09,8.90813554832309e-09,1.9127921911521886e-05,1.9203274070242147e-05,1.6930763078168e-05,0.0003227363585014825,0.00032281353941707327,0.0001314398642829189,0.0015029414107173315,0.0015035282553493533,0.0007095354863964191,7.114912743037844e-06,3.1126318281561907e-05,7.328724288564356e-07,36.74610870325072
0.4,0.6,0.11978119282350237,0.11978119282350237,0.12091181375898712,0.11920221680252348,0.10808756111125555,0.8666758082758443,0.8666598665448861,0.9254563512989119,0.8659189261395568,0.8658927847773462,0.9242834839891241,0.29593748916547125,0.8070161377305052,0.01590098868754504,20.529267597198487,0.00018701699125700145,0.00018701699125702468,0.007628532863597938,0.00764335553012517,0.006824312139604121,0.04873365094899384,0.04873947699415828,0.03163237531783172,0.05303444032313953,0.053044783084068015,0.035069992221712275,0.006033424177044851,0.012678681182807832,0.0019690620885731585,6.089733394803916,3.497535501882136e-08,3.497535501883004e-08,5.819451365099377e-05,5.842088375989502e-05,4.657123617874817e-05,0.0023749687348183684,0.002375536617664084,0.001000607168248169,0.002812651860388648,0.0028137490124358283,0.0012299043544309594,3.640220730014934e-05,0.0001607489565352854,3.877205508656089e-06,37.08485281979002
0.4,0.7,0.11736129318589375,0.11514984235892267,0.12150857625181613,0.11953349278109533,0.10929927202278193,0.8270376372466798,0.8270110514443211,0.8748959982892407,0.8275226792197428,0.8274797922338175,0.8902846318705004,0.2861383121955007,0.7852115003891451,0.02011787002111423,29.15722498893738,0.005267127517531644,0.009927573272132848,0.007677721145994834,0.007373313165276315,0.0069163590677392365,0.13656062505390457,0.13658875151040958,0.13948492340703897,0.09985270690892994,0.09988965229378964,0.0813481578091412,0.026483225381206347,0.05824314350392037,0.010890863981430991,12.98063954506226,2.7742632285939057e-05,9.85567110735665e-05,5.894740199565622e-05,5.4365747033237026e-05,4.783602275389876e-05,0.01864880431511311,0.018656487039172418,0.019456043857867526,0.009970563077040666,0.009977942635374194,0.006617522778940942,0.000701361226591772,0.0033922637652182615,0.00011861091826203088,168.49700299883415
0.4,0.8,0.11853936002831653,0.11751853920266656,0.11899070803478129,0.11713972577904516,0.10716769922211453,0.8532813010335539,0.8532607263683646,0.9028695881215876,0.8539838981713797,0.8539506577464383,0.9136053879649395,0.29210870738759215,0.7985008439555017,0.017635937345702922,25.099978017807008,0.004164239963256236,0.007391382689338427,0.006164471744581404,0.006262465399451644,0.004821275531162049,0.11337880044046893,0.1134010269894326,0.1147430032624135,0.07416383912851307,0.07419219313238096,0.05731564010786947,0.017907241937094302,0.03906969463424367,0.00740226703096031,9.299574468455509,1.73408944715803e-05,5.463253806025175e-05,3.80007118897425e-05,3.921847287932904e-05,2.3244697747381903e-05,0.012854752389319676,0.012859792922258018,0.013165956797678235,0.005500275034279967,0.005504481521792517,0.0032850826009748154,0.0003206693137936289,0.0015264410388130482,5.479355719764197e-05,86.48208529434955
0.4,0.9,0.08521917547335424,0.12390397294492997,0.11266078024421977,0.11093509581689909,0.10091845093465612,0.6323323850089299,0.6321493083769523,0.5895441661180763,0.8837642361336357,0.8837415729372614,0.9376550493013754,0.181805054390286,0.5169741781301925,0.4647046270300451,50.70401289463043,0.029710732530287862,0.0038211956258940726,0.0026767008819376433,0.0026819252829310873,0.0026194433545762164,0.2049925699382418,0.2051367356510862,0.2916067484010618,0.01430252352938708,0.014305316734303741,0.010196398599867174,0.11950432479857023,0.2936044145187302,0.39237892784672646,28.084775095231613,0.0008827276274863054,1.4601536011351994e-05,7.164727611365759e-06,7.192723223224994e-06,6.861483487833501e-06,0.04202195372988496,0.04208108031358362,0.08503449571304018,0.00020456217930867109,0.00020464208686875066,0.00010396654440737325,0.014281283645562168,0.08620355222488635,0.15396122301814655,788.7545921497419
0.4,1.0,0.050791041964739936,0.120480942885454,0.11315876495271496,0.11117619915014969,0.09689512737336844,0.4079072032658573,0.4075807390571196,0.30533654665938326,0.787203829140229,0.7871439418470726,0.8558102049313769,0.10164497443182792,0.3259542185538217,0.9742617085152767,94.74531619548797,0.0019298889493290215,0.010528484619784671,0.00938867077339218,0.00935549341139034,0.011297702049106791,0.0486213913868214,0.04864547792868515,0.032559371012497736,0.10997632453339708,0.11002149346995638,0.11452902907964381,0.007654477148599723,0.02191117866527496,0.043301755878094636,14.863443200336318,3.724471356742275e-06,0.00011084898838904237,8.814713889114852e-05,8.752525697056806e-05,0.0001276380715903918,0.0023640397003904705,0.002366382522910194,0.001060112640729478,0.012094791957875075,0.012104729025359653,0.013116898501925899,5.8591020418435336e-05,0.00048009975050160054,0.0018750420621261032,220.92194376962394
0.5,0.0,0.11611051842986878,0.11470719848691924,0.12435330214027737,0.12240076318211905,0.10667151299751827,0.780920662889953,0.7808876628449,0.833548397358088,0.7877130853919618,0.7876615945391755,0.8486424464629071,0.2803254321668306,0.7723214720574547,0.02219887052135578,21.00042474269867,0.008033440061374499,0.010644250141664162,0.007682908452760192,0.0075331922657154,0.01461983188815489,0.15949522956034148,0.15952832687874058,0.18346035409290615,0.1288223119035978,0.1288676106186672,0.14124235393732662,0.030779526248297873,0.06902626370333928,0.012874521560806776,9.350055227495853,6.453615921969672e-05,0.00011330006107831752,5.902708229349401e-05,5.674898571223432e-05,0.00021373948443791056,0.025438728252506024,0.025449287076730304,0.03365770152389451,0.016595188044187838,0.016606861066564428,0.019949402545757045,0.0009473792360696578,0.004764625080842934,0.00016575330541967854,87.42353275722252
0.5,0.1,0.11635329075657423,0.11505597136933039,0.12197655541973926,0.12001945590210303,0.10515750440684216,0.8163135063051106,0.8162847699992348,0.858410075961792,0.8190933653634331,0.8190477939089341,0.868271214623733,0.28235823711963715,0.7763810923865597,0.02184146543967378,20.271963047981263,0.0080213803724509,0.010291107943275623,0.00984642814675265,0.009464159572669524,0.010188288905626619,0.17321012411791756,0.1732448556973577,0.1897048181113109,0.14601340497909693,0.14606258762839108,0.1558189677853608,0.033863304222509515,0.07615009116973445,0.015035914078086932,8.4772308174671,6.434254307954054e-05,0.00010590690270015063,9.695214724916284e-05,8.95703164169522e-05,0.00010380123082451445,0.030001747096944403,0.03001378002559829,0.03598791801464555,0.021319914433589764,0.02133427950470142,0.02427955072169531,0.0011467233728662306,0.005798836385158869,0.00022607871216361278,71.86344233261394
0.5,0.2,0.11979831185378406,0.11979831185378409,0.11959645350320261,0.11788413620583697,0.10812013354064356,0.8824832871856352,0.8824692354059008,0.9356836559102554,0.866438437270026,0.8664123905631204,0.9234893595052647,0.29684255117159924,0.8089385423895129,0.015579566321721272,19.151881337165833,0.00017570580915769274,0.00017570580915765902,0.007593118833922682,0.007607878435577135,0.007230415361431469,0.05058186295936321,0.05058791028427422,0.03204112747085378,0.055054420322162595,0.055065158513227255,0.037013410985434196,0.004829025428313491,0.010144272555102139,0.0015876104306965753,7.454788900731073,3.087253137175954e-08,3.087253137174769e-08,5.765545362607135e-05,5.7879814290519595e-05,5.2278906298824166e-05,0.0025585248604398,0.002559136666929778,0.0010266338496035007,0.0030309891970093494,0.0030321716820868438,0.0013699925927766607,2.3319486587298298e-05,0.00010290626567219848,2.5205068796565656e-06,55.57387755446319
0.5,0.3,0.11363539361649917,0.1140700026219558,0.12294151899181256,0.12111764551094575,0.11096209101414774,0.7681958944149957,0.7681649670047288,0.8130316860773791,0.7738699787713623,0.7738210974184294,0.8199258442823091,0.2830301776453059,0.777883168589226,0.022534558055816188,20.287810921669006,0.013068786484918375,0.012261150692037518,0.014641357075570481,0.014351804037125146,0.016407847394659898,0.283228517630404,0.28326518045145604,0.29616997416000607,0.2666587740555378,0.26671464489084956,0.27496409081154416,0.03342805987578709,0.07467013391689134,0.016818877103355178,6.760987228148523,0.00017079318018838518,0.00015033581629285208,0.00021436933701435778,0.00020597427912004166,0.00026921745612644763,0.08021839319911607,0.08023916245619596,0.08771665359393867,0.07110690178080235,0.071136701799252,0.07560525123581911,0.001117435187059207,0.005575628899166486,0.0002828746270177651,45.71094829918746
0.5,0.4,0.11987055933967028,0.11987055933967028,0.11795068113776067,0.11623530761998122,0.1051031004296509,0.8925866008861336,0.8925737570216828,0.9427827262557986,0.8874038741786935,0.8873819209844356,0.9382414731160929,0.2973794942116106,0.8100669645001188,0.015393791997533591,19.480190324783326,0.00010479065448135751,0.00010479065448139407,0.005711499308504243,0.005722694637753456,0.004519425650250433,0.04047476857121692,0.04047960742583618,0.025620513869163083,0.04325849231049318,0.043266928551818934,0.028335490206385885,0.00479262070087649,0.010067120403145672,0.0015244939157080853,8.275340241931955,1.0981081266631255e-08,1.0981081266638914e-08,3.262122435104445e-05,3.274923391697216e-05,2.0425208208141546e-05,0.001638206890893569,0.0016385986173498117,0.0006564107309199778,0.0018712971569769979,0.0018720271063082045,0.0008029000052361904,2.2969213182469856e-05,0.00010134691321143188,2.324081699030971e-06,68.48125611973842
0.5,0.5,0.11847387134365124,0.11739411760821197,0.118228248364818,0.11638171669233688,0.10635618085718224,0.8491468500578758,0.8491259092189122,0.9022917866505129,0.852881362204187,0.8528485814503256,0.91043083448701,0.294018370963529,0.8025669476112014,0.01664913649840693,29.997626090049742,0.004077108837620031,0.007490044075556683,0.007651041003638666,0.007571067794325223,0.007209548297233967,0.09891528541171359,0.09893565327132492,0.1027646547521572,0.07371421471297365,0.07373891586308724,0.06306288020808536,0.017390893895944788,0.03784614738233455,0.006232710898305133,12.4266306663598,1.662281647379936e-05,5.6100760253781764e-05,5.853842843936016e-05,5.7321067546268596e-05,5.197758665014919e-05,0.009784233688080759,0.009788263488223826,0.010560574266330064,0.005433785450750381,0.00543742771266346,0.003976926860139323,0.0003024431905000097,0.0014323308716853883,3.884668514185158e-05,154.42114971811384
0.5,0.6,0.11985744200703012,0.11985744200703012,0.11580818954464542,0.11408853688657643,0.10495226349836814,0.8943674455082521,0.8943548144261404,0.9441531112168949,0.883094101739271,0.883071304277216,0.9355690405519199,0.300129471118675,0.8158402597493524,0.014470795438082459,18.065522503852844,0.00017200240108818714,0.00017200240108810846,0.005659008832221552,0.005669945674512707,0.005942816244048413,0.03612391759127893,0.036128236636592134,0.021756751992303112,0.034313236302021675,0.03431993135992763,0.023388873019443437,0.0039048166833582426,0.008188965954678815,0.001279007963555277,7.680327643960669,2.95848259801016e-08,2.958482598007453e-08,3.2024380963161533e-05,3.214828395192535e-05,3.5317064910525686e-05,0.0013049374221415114,0.0013052494824695982,0.0004733562572545854,0.001177398185518378,0.001177857688550144,0.0005470393811196491,1.5247593330632867e-05,6.705916340688871e-05,1.635861370837817e-06,58.98743271858643
0.5,0.7,0.11846954381716202,0.11741914842682011,0.11985704203316834,0.11801443480903355,0.10699330540858938,0.8382319221161945,0.8382096540301323,0.8946672767949199,0.8505342638423476,0.8505009516916273,0.9094045459591518,0.291973620608489,0.7982292140415764,0.017353093851321538,29.5979115486145,0.0042166482470941515,0.0075366488474269125,0.0070912547737972224,0.007046003262610345,0.005937943437286951,0.09703738645622692,0.09705757970542374,0.1026262538099576,0.07331418523185881,0.07333951294206152,0.06436765607850058,0.017644390496408455,0.038478854431488844,0.006370728104843204,8.98924785760272,1.778012243972218e-05,5.680107584942141e-05,5.0285894266901894e-05,4.964616197671563e-05,3.525917226441917e-05,0.009416254370255131,0.009420173778274683,0.010532147971065837,0.005374969756211306,0.00537868415857881,0.004143195149040132,0.00031132451598974906,0.0014806222383597087,4.0586176585839085e-05,80.8065770454151
0.5,0.8,0.11990445815707292,0.11990445815707287,0.1188963562181975,0.11718288749558028,0.10644458539878757,0.8825136373812917,0.8824995885403861,0.9363168487595261,0.881837455027252,0.8818144205471562,0.9360254503453987,0.29879680133065006,0.8130392224849843,0.014957563594532769,35.942260885238646,0.00011627084355243012,0.0001162708435524077,0.006341573464860304,0.006353988916183241,0.004903007540724966,0.04232259726627237,0.04232765744715939,0.026961695291457987,0.026632767978822407,0.026637955613917033,0.016736468817143864,0.004828572842069034,0.010134222175262872,0.001587134962444857,23.973055269841506,1.3518909060393682e-08,1.3518909060388467e-08,4.021555401022033e-05,4.037317514697948e-05,2.4039482944405873e-05,0.0017912022393630855,0.0017916305849640676,0.0007269330129894277,0.0007093043302137882,0.0007095806792890141,0.0002801093884672289,2.3315115691166628e-05,0.00010270245909758974,2.518997389014837e-06,574.7073789708757
0.5,0.9,0.06829187390636444,0.12306105358766009,0.11320632295615592,0.11148127256017712,0.10119765366027947,0.49195110313405843,0.49168683251310286,0.40371737823861525,0.7708813082086976,0.7708365495194505,0.8262335323360709,0.14375997722533762,0.42780220954094983,0.3667120017294677,68.9033627986908,0.02770851481712804,0.011219647622526497,0.008523256495626663,0.008540349594249834,0.0111130477143728,0.24342634060211393,0.24357729807845765,0.2918922531077448,0.27185322526535166,0.27190647894205716,0.2906967341862508,0.09255387871144023,0.22542933111602279,0.18843661610722412,31.54619972910595,0.000767761793371004,0.00012588049277366446,7.26459012902421e-05,7.293757119200332e-05,0.00012349982950192652,0.05925638329893638,0.05932990013920181,0.08520108742431577,0.07390417608717403,0.07393313329066736,0.08450459126655176,0.008566220464531989,0.050818383327417435,0.03550835828994135,995.1627173486444
0.5,1.0,0.04800838542315381,0.125101420785354,0.11167958531021874,0.10987443516435398,0.10183769951393355,0.42477998710144116,0.4244712516995362,0.28199435542626905,0.8381751355346715,0.8381407805274911,0.9054307766717489,0.11037844480014318,0.35132134962950484,0.6173322540713119,80.6980515241623,0.00204054252479896,0.0018792776873602336,0.0032425528916527674,0.0031673389367752798,0.0024011835920750616,0.012156687412585725,0.012163186168637556,0.017196129950805678,0.02955399915546548,0.02955635212947665,0.02220617630954278,0.00111572933170039,0.003203890615876403,0.00019287800135807208,23.478400038586212,4.163813795512914e-06,3.531684626210028e-06,1.0514149255165723e-05,1.0032035940412758e-05,5.765682642850495e-06,0.0001477850488473202,0.00014794309777293595,0.00029570688528499615,0.0008734388660812545,0.0008735779512016188,0.0004931142662904991,1.244851941616599e-06,1.0264915078500877e-05,3.720192340788445e-08,551.2352683718851
0.6,0.0,0.11709363518677088,0.11527538176732097,0.11693044135542441,0.11494152902646193,0.10538125188938001,0.8277396516587683,0.8277130883219723,0.8734791846972438,0.8377298496733315,0.8376900142337229,0.8968098042735099,0.2946683532786464,0.8043064371396247,0.015907497187719572,25.559648823738097,0.005779147952258252,0.009626532215237514,0.005994178410065981,0.0062741255488904125,0.005825581397980823,0.14141601594152087,0.14144502989730814,0.1479838389509515,0.081291729652967,0.0813236918557473,0.07000316904336608,0.007799212278492357,0.0164981360572658,0.0019556405854251305,9.851572219299655,3.339855105409075e-05,9.267012249100567e-05,3.5930174811701135e-05,3.936465140323942e-05,3.393739862450019e-05,0.019998489564772483,0.020006696482650396,0.021899216590661148,0.006608345309971076,0.006613542857048539,0.0049004436761140874,6.082771216498593e-05,0.00027218849336405396,3.824530099361948e-06,97.05347519207672
0.6,0.1,0.11983157468453136,0.11983157468453139,0.1186576402158033,0.11694352337785838,0.10728951870085726,0.8812389405124035,0.8812247394162374,0.9356082226281034,0.8643848132998432,0.8643583676354079,0.9233336328887694,0.2979657920893247,0.8112791426486897,0.01525123325019499,19.779464268684386,0.00013449854168995603,0.0001344985416899071,0.008072735659916216,0.008088425540758634,0.007370811148827702,0.04070265672807366,0.04070752286402534,0.026610174381806722,0.038862240992904244,0.03886982170770639,0.026968422077595616,0.005966583106589127,0.012519473862310256,0.0019585240076545286,8.362057764181314,1.808985771672484e-08,1.808985771671168e-08,6.51690610348829e-05,6.54226277283966e-05,5.432885699168274e-05,0.0016567062647234,0.0016571024177251456,0.0007081013806301627,0.001510273774990567,0.0015108630395888828,0.0007272957893553467,3.560011396783476e-05,0.00015673722578906968,3.8358162885591565e-06,69.924010051505
0.6,0.2,0.11442334108012767,0.11366081770495777,0.1141577488508082,0.1123051765289251,0.09855454197915718,0.740014612235482,0.739979260542386,0.7859754040197948,0.7433670101919134,0.7433104131586029,0.7958884935544333,0.29291719835549507,0.8002981686467077,0.01690199289362611,22.08196473121643,0.011740900672734334,0.013111431147187061,0.012574817728437888,0.012901478072432039,0.021163234046316332,0.3089144787273104,0.3089573043081417,0.3279900636848815,0.2942965742022426,0.2943615133246544,0.30829762142790185,0.0162758543217424,0.03534036780019144,0.006509014386365718,7.705686842672398,0.00013784874860701355,0.000171909626727427,0.00015812604090343583,0.0001664481364534447,0.0004478824752991628,0.09542815516736591,0.0954546158853537,0.10757748187601261,0.08661047358717607,0.08664870052678067,0.09504742337810189,0.00026490343390258073,0.0012489415962528077,4.2367268281915885e-05,59.37760971733451
0.6,0.3,0.1169288246378459,0.11757870424566712,0.12956036275573685,0.1277546416444947,0.11489307026288813,0.8360436614196267,0.8360208925680072,0.8906642032063937,0.8418735109481098,0.8418378041379524,0.896069252800153,0.28531906565947973,0.7832856813568287,0.02068910167890147,26.70272226333618,0.009105195493721395,0.0070504781671912745,0.022273031942365795,0.021969770098898826,0.018770590513323297,0.11381105488362181,0.1138338312383158,0.11938247902004243,0.1075945130917195,0.10762925596254057,0.10832530144883537,0.028137290017773767,0.06363273387748469,0.013394684735408408,12.410997324726742,8.290458497888439e-05,4.970924238604084e-05,0.0004960879519056471,0.0004826707981984689,0.0003523350682188626,0.012952956213722777,0.012958141134393362,0.01425217629697087,0.011576579247444197,0.011584056739050075,0.011734370933981053,0.0007917070895443113,0.004049124820722788,0.000179417579160983,154.03285459437433
0.6,0.4,0.11430991302698237,0.11281250905573385,0.1269286629227883,0.12485614979623261,0.11241022953441404,0.7758104190664299,0.7757742486840156,0.8250021619339076,0.8035652965309833,0.8035134275528358,0.859703331723711,0.2775576042751779,0.765999974309904,0.02339257955861431,29.47614812850952,0.00988251283018451,0.011313733065016667,0.023308969930939383,0.022987549887185574,0.017797719819562,0.15732612245174982,0.1573599113044636,0.1709942748483366,0.12126348084154066,0.12130850732937191,0.12276417283904947,0.034227365538627555,0.07608546290000301,0.014053302948733058,14.27866550978787,9.766405983876145e-05,0.00012800055586645144,0.0005433080792414364,0.0005284274498158455,0.00031675883077563014,0.024751508805702982,0.024762141685748657,0.029239042030908474,0.014704831785806699,0.01471575395048028,0.015071042132856014,0.0011715125517148292,0.005788997664707734,0.00019749532376886925,203.88028874040572
0.6,0.5,0.11295229217675415,0.1115670773855624,0.1132620013045345,0.11128184687673366,0.09674930589462519,0.7280963085619756,0.7280568837148655,0.762205953978827,0.7427030392481746,0.7426424871301012,0.7845236677822707,0.285961454465244,0.7845938687045048,0.01986768332827346,20.708455157279968,0.012055098740163642,0.01355216422279135,0.005383636343787078,0.005139357304706618,0.010106527332152926,0.31217169548415685,0.3122152860111933,0.33334241091263345,0.30119594476028183,0.30126250377273284,0.3187742243129339,0.02920290384480901,0.0645455336547302,0.011826222428644643,5.186148664769172,0.00014532540563509503,0.00018366115512150587,2.898354028214509e-05,2.6412993505441274e-05,0.00010214189471555414,0.09745116746145316,0.09747838481905124,0.11111716291304696,0.09071899714003875,0.09075909617941585,0.10161700608631269,0.0008528095929691609,0.00416612591477391,0.0001398595369317776,26.896137973087065
0.6,0.6,0.11980622163941632,0.11980622163941632,0.11733942655446623,0.11562282798535424,0.10510422164323134,0.8828607022849775,0.8828466952328874,0.9366605026370266,0.8787128877050945,0.8786892392826184,0.9331716076599207,0.29778993376223967,0.8109131051472843,0.015296036328220419,29.954463624954222,0.00015496624634586122,0.00015496624634579539,0.007195573111204709,0.00720964283131574,0.005909956839151738,0.041691569392929666,0.04169655364929508,0.02843973790889709,0.03537409226372173,0.0353809901236712,0.02369789061595438,0.005789376734912257,0.012170721507296225,0.0019254234436292417,13.234772384474761,2.4014537506526144e-08,2.401453750650574e-08,5.177627239869222e-05,5.1978949755142434e-05,3.4927589840636396e-05,0.00173818695844547,0.0017386025862285426,0.0008088186923267582,0.0012513264034822976,0.0012518144621313189,0.0005615900196457388,3.3516882978743306e-05,0.0001481264620081629,3.7072554372770874e-06,175.15920006885577
0.6,0.7,0.11848984851412885,0.11748262202440392,0.11568838310979215,0.11383226469866232,0.10452880018266866,0.8503658147665133,0.8503449530199159,0.9018087779418422,0.8468252659671057,0.8467912521248694,0.9067523711033958,0.2970116654987079,0.8091776600540055,0.015311414427219412,26.132301688194275,0.004262968647155345,0.0074474554339678395,0.006746245226805342,0.006880907274103278,0.006550488506145544,0.10533903719326358,0.10536038539894427,0.1106811638309472,0.07039356348941027,0.07041727667311437,0.05556722115558401,0.010090112492631833,0.021455693555496248,0.0026929727456146578,10.382306573122401,1.817290168662947e-05,5.54645924409371e-05,4.551182466019386e-05,4.73468849148074e-05,4.2908899669144884e-05,0.011096312756803768,0.011100810811414067,0.012250320026972975,0.004955253780737634,0.004958592854057937,0.0030877160669535836,0.00010181037011396498,0.0004603467859473632,7.252102208623348e-06,107.79228977830061
0.6,0.8,0.11540589113166533,0.11432275565337673,0.12111619847929869,0.11916816092372369,0.09969995192636275,0.8112007494642093,0.8111707494151628,0.8470872842787601,0.8105552061005472,0.8105072855776783,0.8537432543227788,0.29136596450660496,0.7970797725156075,0.017064726418839722,37.5392988204956,0.00941652405520233,0.011686761769744243,0.007588939140299315,0.007208457013894608,0.01463548945624144,0.202799997940632,0.20283953133530913,0.21841133474992686,0.16727619023300216,0.16733166568729443,0.1807764821943579,0.014964152760714073,0.032137107229234026,0.004272982820411466,29.368025660079187,8.867092528220412e-05,0.00013658040066275557,5.7591997275166905e-05,5.196185252116637e-05,0.00021419755162375436,0.04112783916472035,0.041143875472327854,0.04770351114724461,0.027981323818867525,0.027999886341684474,0.032680136514567006,0.00022392586784598662,0.001032793661063286,1.825838218353153e-05,862.4809311710696
0.6,0.9,0.06296407888743105,0.12456952083650444,0.11716807375212097,0.11531753129387254,0.10521652377686416,0.4992062627649882,0.4989633087481337,0.3661203677785311,0.8422148639654784,0.8421795894165784,0.9041608865908597,0.14910119311895584,0.4463085006652811,0.21991536846816148,61.624856901168826,0.026026060401788554,0.011021634831814687,0.004313559148658908,0.004477358790941897,0.0058001428889686455,0.13216969995447703,0.13226054628632167,0.21516573672050063,0.06732405813855928,0.06735107625905766,0.05926442821131328,0.08018106122199874,0.19547963378646735,0.10692833877887285,22.88251301741526,0.0006773558200375462,0.00012147643436587076,1.860679252897896e-05,2.0046741742824684e-05,3.3641657532453546e-05,0.017468829586056486,0.017492852103956236,0.0462962942584758,0.004532528804244111,0.0045361674732534,0.003512272451213905,0.00642900257868591,0.03821228722529139,0.011433669634009404,523.6094019921788
0.6,1.0,0.050722522341939844,0.12478786002492097,0.11112438718838107,0.10939559564706287,0.10065095494920837,0.4504463608572683,0.45016676004613043,0.3081985853167097,0.827305817748058,0.8272721390805474,0.8979776498642849,0.148252847682872,0.44609286170102874,0.33981424472502114,67.22822525501252,0.024266479857714792,0.0029795475584995716,0.0054902194382324375,0.00550091056150124,0.0047350609971628195,0.1235514582994335,0.12364157546031039,0.19843893383662792,0.03286425394332503,0.03287067750511603,0.025469366914095598,0.07293998770035791,0.16722104837563062,0.11854244286527685,28.368584943685242,0.0005888620446848777,8.877703653360757e-06,3.0142509479945303e-05,3.026001700563589e-05,2.2420802646852552e-05,0.015264962847916654,0.01528723918230763,0.039378010462217596,0.0010800591872513548,0.001080481439645341,0.0006486886510048275,0.005320241805728363,0.027962879019844997,0.014052310760467427,804.7766117070851
0.7,0.0,0.1141642171254478,0.1119382470171459,0.11629309543648574,0.11419084126954251,0.09966947242264132,0.772208421578633,0.7721706244670719,0.8085199548813005,0.8023465141839958,0.8022928597627661,0.8530522960652513,0.28977956175929165,0.793344026608444,0.01825144924254848,23.240661215782165,0.009805340471979033,0.012876054299628962,0.008262627237569738,0.00816737324819262,0.014462521817279302,0.21420842259124157,0.21425108691515113,0.23127986825522423,0.1658938607434786,0.16595029587128604,0.16707746692587466,0.021471499200403227,0.047037494953630014,0.0077747323925823515,5.5475838671903555,9.614470177143001e-05,0.00016579277432699348,6.827100886702933e-05,6.670598577529246e-05,0.0002091645373152798,0.04588524830902793,0.045903528244323644,0.05349037746015387,0.027520773032376666,0.02753950069976738,0.027914879954366742,0.0004610252779129165,0.002212525931512769,6.044646377626929e-05,30.7756867635107
0.7,0.1,0.1120034501727019,0.10953425298665294,0.123559903066545,0.1213624779216435,0.10128393801366084,0.7187219504518435,0.7186743926508303,0.7504418621118242,0.7509676683666477,0.7508984198168498,0.8002616620385071,0.2681963875017167,0.7446134198532551,0.02742569896928119,25.67781822681427,0.01040944613409501,0.013355547141473495,0.012245925141347818,0.011674646852556488,0.013435606138042499,0.21246898770084752,0.21251237251634134,0.24398446893851247,0.17473547775013945,0.17479588189826656,0.18761568134038908,0.041993916533688835,0.0939867310205614,0.017583513191744806,10.598685267061802,0.00010835656881862557,0.00017837063944812085,0.0001499626825674946,0.00013629737913190712,0.00018051551229660527,0.0451430707346229,0.045161508472524224,0.05952842108320796,0.030532487184569482,0.030553600328592754,0.03519964388481842,0.0017634890258384247,0.008833505607931358,0.0003091799361642636,112.3321293902329
0.7,0.2,0.11825495911447743,0.11730878394582234,0.11816599595007218,0.11632236580210738,0.10455315929763782,0.8553743731048307,0.8553538868250268,0.9024523183558154,0.8621090650303234,0.8620775017665917,0.9154743653782056,0.2909876463064378,0.7958730773070681,0.01780164847055753,25.38334801197052,0.005065165413003681,0.008056961034564637,0.006871250780862993,0.006658279782596351,0.0044209147389277234,0.11977353988980344,0.11979762420147066,0.12958920861024234,0.08528101918496094,0.08531185930789269,0.07801744239203273,0.021927760383261507,0.048400290744918,0.008017816727135828,7.4203630483867,2.5655900661088744e-05,6.491462111249287e-05,4.7214087293510296e-05,4.4332689663331315e-05,1.9544487128868382e-05,0.014345700857734336,0.014351470764316789,0.016793362988228904,0.007272852233225675,0.007278113338569677,0.0060867213173941455,0.0004808266754257329,0.0023425881441925954,6.428538506993907e-05,55.061787769862754
0.7,0.3,0.10765192250527877,0.11107834114240678,0.12450360641873932,0.12243226281556525,0.10432746460299516,0.7272875503924077,0.727211002861122,0.7566835260409127,0.7445279730850265,0.7444552905601252,0.786709547844684,0.2684851390920564,0.7412757095338497,0.09339341229728824,36.20350158214569,0.02455324316303917,0.014237884376835788,0.019064841521245508,0.0185977430266112,0.02472427286884363,0.28808046831919293,0.28820749186969224,0.31501594660640875,0.26051843624453613,0.26060985325810715,0.26725438058888545,0.05317449304202324,0.12684093792988316,0.22218863338699998,29.227296127916937,0.0006028617498233297,0.00020271735152814458,0.00036346818223020677,0.0003458760456838655,0.0006112896688930372,0.08299035622700551,0.08306355836981873,0.09923504661633177,0.06786985562329845,0.06791749561521214,0.07142490394394882,0.002827526710276178,0.01608862353493247,0.04936778880638268,854.2348389489483
0.7,0.4,0.11513976336402551,0.11478026287646118,0.1263912343453831,0.1244471839348447,0.11464275999616144,0.8274864510457292,0.8274594167770829,0.8644707971499808,0.8209791370556137,0.820934988729111,0.8726311907333993,0.28223060994541177,0.7766402237286396,0.02084799230493983,26.32019066810608,0.010326289746514491,0.01058334136285818,0.014383719099225905,0.01401204772062825,0.01599826608700019,0.17183346320918433,0.1718665430519578,0.1780218490793836,0.11823847762467087,0.11827983101551362,0.1202447024342133,0.028585165851549164,0.06360232123800764,0.010704926528398316,14.597285386455315,0.00010663225992897033,0.00011200711440278487,0.0002068913751254361,0.0001963374813251633,0.0002559445177904604,0.0295267390784621,0.029538108620630468,0.03169177874964283,0.013980337590999793,0.013990118425058456,0.014458788463492503,0.0008171117067605725,0.004045255266862718,0.00011459545197840603,213.08074065362192
0.7,0.5,0.11848424279182923,0.11737415698345359,0.11806090748728,0.11621065750295285,0.10611508076822303,0.8433191350402719,0.8432973592910908,0.8964562598459654,0.8457533654138562,0.8457188473175513,0.9070719934110493,0.29780548662383494,0.8109558585357923,0.0153874980638492,26.58031725883484,0.004279629608038063,0.007789546370804469,0.007291826657540199,0.007435827589333497,0.006343519555350195,0.1052387271794507,0.10526057706575877,0.11491266298201863,0.07189145393723681,0.07191772486088935,0.059983598634962616,0.005155683735446328,0.010836924957826947,0.0016710616913742774,16.66257539281947,1.8315229581996023e-05,6.067703266291307e-05,5.3170736003613864e-05,5.52915319382932e-05,4.024024034911034e-05,0.011075189698350855,0.01107978908421654,0.013204920113618995,0.005168381149209842,0.005172159149166581,0.003598032105200289,2.6581074779945804e-05,0.0001174389425415726,2.792447176378661e-06,277.64141872139294
0.7,0.6,0.11821345362286614,0.11747169581171849,0.12212098346651971,0.1202845636793453,0.10855506678734905,0.8426688255724069,0.8426467882711359,0.893784869338307,0.8457782797546762,0.8457430797635211,0.9050961951775391,0.29039721367197346,0.7948067493904449,0.01794727214286896,24.24189450740814,0.005138443577061806,0.007483655065899922,0.008718609427287066,0.00846697041992246,0.0065023478724368,0.1208432826790643,0.12086720415123786,0.12826151267743666,0.09454023479618406,0.09457321112484728,0.0793111500571067,0.0190220083373706,0.04172597342222733,0.006973824842008368,4.465853496243137,2.640360239464773e-05,5.600509314536957e-05,7.60141503455789e-05,7.168958809184192e-05,4.228052785418338e-05,0.014603098968652244,0.014608881039337012,0.016451015634304247,0.008937855995317611,0.008944092262464936,0.006290258523380898,0.00036183680118699667,0.0017410568580324215,4.863423292701305e-05,19.943847449907057
0.7,0.7,0.11992276434481801,0.119922764344818,0.11701183817448924,0.11529473487883095,0.10421880025129426,0.891556053053093,0.8915430853823395,0.9418687136264126,0.8924971559142613,0.892476199749227,0.9424884800861395,0.29808809023946437,0.811536526652033,0.015232826594599841,29.184083676338197,0.0001211700592493706,0.00012117005924929348,0.00624829327100203,0.006260572739356276,0.004175197704277759,0.04636103800228041,0.04636658110010843,0.029416957366928974,0.04023152459915052,0.04023936615962554,0.024983739417246468,0.005919009120402315,0.012414527512482272,0.0019392286740802535,8.849479070762625,1.468218325849598e-08,1.4682183258477293e-08,3.904116880044925e-05,3.9194771024770943e-05,1.7432275869806266e-05,0.0021493458446488886,0.0021498598429129327,0.0008653573807277169,0.0016185755715720533,0.001619206588928417,0.0006241872352688749,3.5034668967405786e-05,0.00015412049335817928,3.760607850375058e-06,78.31327982386574
0.7,0.8,0.11207232021990048,0.11771197028529823,0.11765277922066648,0.1158079493538644,0.10439338976319615,0.8438648090969053,0.8438196213720086,0.8750007751673019,0.873787832152056,0.8737583137363805,0.9228528355618633,0.2832050935885589,0.7757157524490579,0.027452889649018604,43.142330980300905,0.024671366474845153,0.006838312070749296,0.007176195312254318,0.00689408015446833,0.004350605383576871,0.1798764861743666,0.17998100017407717,0.23207808015229403,0.09875128040534788,0.09878484529135316,0.08377990451092757,0.050655469931872255,0.12085797098680104,0.040142053460311994,30.45869203099292,0.0006086763237361134,4.6762511976955524e-05,5.149777915962084e-05,4.752834117623407e-05,1.8927767203608054e-05,0.032355550278437104,0.032393160423661166,0.05386023528717462,0.009751815381695644,0.009758445659236578,0.00701907239986014,0.0025659766340188138,0.01460664915104644,0.0016113844560105464,927.7319202388717
0.7,0.9,0.051550914613033294,0.12263787294460086,0.1167331772510106,0.11471775751305077,0.1020718161476127,0.4604329455582728,0.460159353475252,0.30190990149793967,0.8213037025613417,0.8212545725755167,0.8845266602587667,0.14880035706610512,0.4509130024739344,0.14398743702994313,78.28495268821716,0.024090098049242063,0.01358582294396039,0.006017395132051941,0.006036034281694307,0.010126032167479898,0.1521268575193871,0.15222037753344442,0.22150051022040743,0.10593896782877786,0.10597937556781777,0.09463676567423795,0.06068645301138915,0.1444136761037237,0.04876742517055014,37.40361779887198,0.0005803328240220962,0.00018457458506464057,3.620904417524239e-05,3.643370984978891e-05,0.00010253652745683766,0.0231425807787239,0.023171043336424352,0.049062476027900814,0.01122306490462683,0.011231628045744568,0.008956117417280625,0.003682845579103543,0.020855309845791214,0.0023782617577652074,1399.0306244440924
0.7,1.0,0.03693958388929375,0.12371475598181488,0.10805168744817424,0.10631694673441636,0.09771126258675075,0.3933582548349743,0.3930469739969138,0.21543485990392916,0.8079603484900189,0.8079229007321075,0.8826936885403616,0.14596350304871192,0.45009568055276034,0.21325903955227243,73.85293097496033,0.0026643254569042314,0.00746752695742007,0.008365985585915437,0.008382209410169305,0.0075480186777541775,0.031715278304186634,0.03173132556402646,0.016298928579783076,0.058445381283218474,0.05845677389819796,0.04622789990215296,0.005612786120933602,0.014935819219837025,0.00046954052516748595,23.298218052123584,7.098630140307942e-06,5.5763958859795445e-05,6.998971482374487e-05,7.026143459593083e-05,5.697258595972593e-05,0.0010058588779120114,0.0010068770220502394,0.0002656550728488696,0.0034158625933407845,0.0034171944145850383,0.0021370187293634733,3.150336803934488e-05,0.00022307869576765308,2.204683047745585e-07,542.8069644042972
0.8,0.0,0.10835055188003684,0.11248658741302786,0.12728276401386762,0.1252300152777795,0.10791716203903616,0.7480844909118305,0.7480194870801498,0.771364591432002,0.7714698184489891,0.7714093713048585,0.8183951979579429,0.25174268394985216,0.6931383346194108,inf,37.462034010887145,0.02296977304173505,0.01209366159063431,0.024810005428444446,0.02449242359598118,0.022708585313559695,0.2402672610455611,0.24035821322597914,0.28350437075633667,0.1783463295574887,0.17840587266162294,0.18997452563269313,0.09569374083279485,0.2570098242869036,,30.330861059274913,0.0005276104735888182,0.00014625665066878357,0.000615536369359443,0.0005998788136049757,0.0005156798469432191,0.05772835673033579,0.057772070665185256,0.08037472823794639,0.031807413266628365,0.03182865540015522,0.03609032038936678,0.009157292034574108,0.06605404977998508,,919.9611325970392
0.8,0.1,0.11227756607406554,0.1094788051346878,0.12126678677801528,0.11905275601652654,0.10293410266935629,0.7159344515290827,0.7158866513108962,0.7482415799794817,0.7532462123719483,0.7531772556338353,0.8138380800682434,0.2734409202680688,0.7569056788354758,0.025298501749272166,22.68966588973999,0.009767894142256279,0.013339477966462081,0.011583504577738131,0.01107838729882614,0.014731672094955763,0.20916394381090284,0.20920662811130286,0.23899192778221984,0.16155853024206523,0.1616163927221203,0.15905443005593217,0.03568285736021393,0.07874011174586085,0.01436640229697168,7.498685110413065,9.541175597432452e-05,0.00017794167241772733,0.00013417757830248023,0.00012273066514279234,0.0002170221627132983,0.04374955539053052,0.04376741324570097,0.057117141545061784,0.026101158693976303,0.026119858396510622,0.025298311720417417,0.0012732663093893738,0.006200005197750654,0.00020639351495843318,56.2302783851306
0.8,0.2,0.11016418857529717,0.10884915449295207,0.12018415962261889,0.11797473435105647,0.10005980727000971,0.7066891555144579,0.7066390061225092,0.7361584558835393,0.7426756105347849,0.7426041128141558,0.7906806557679152,0.2846014624104327,0.7790686683484074,0.02191028569329724,33.00968523025513,0.013073741369734914,0.0142970120268855,0.01508187298333193,0.015061432795485141,0.026552309997748318,0.24843993273830722,0.24848922446181204,0.2737176871410027,0.19286851931406437,0.19293330069490625,0.20408967372168277,0.035539051135537604,0.07815949210169998,0.014726145039642653,15.61376143180406,0.00017092271340271817,0.00020440455289690867,0.00022746289268535757,0.00022684675785291533,0.0007050251662165253,0.06172240017901462,0.06174689467363281,0.07492137225381984,0.03719826574239962,0.03722325851703111,0.041652594919822934,0.0012630241556143566,0.006108906205595701,0.00021685934772859192,243.78954604929197
0.8,0.3,0.11746489075214335,0.11708394449374404,0.12172735413859108,0.11990107415686686,0.10413721358805517,0.8322717223300881,0.8322478429385454,0.8805193560563362,0.8379676986976298,0.8379304462995083,0.8879949564971454,0.2873618640781633,0.7876397299202653,0.01955166589473373,28.2421644449234,0.007425010138645378,0.00862958273044167,0.007223462188393114,0.007031212778174958,0.010779922779736922,0.14835812063626297,0.1483877998206486,0.1713746885206745,0.13042513696900748,0.1304680920517732,0.145586141946041,0.028313930479139045,0.06380136944683733,0.0120896440169378,9.17119135590746,5.5130775558986657e-05,7.446969810153709e-05,5.2178405987145047e-05,4.9437953131970804e-05,0.00011620673513709102,0.022010131958723957,0.02201893913561288,0.029369283865558204,0.017010716353384362,0.017021923043629966,0.021195324726732797,0.000801678659177519,0.004070614743291828,0.00014615949245627995,84.11075088667172
0.8,0.4,0.1128252184734619,0.11847416651375933,0.11622040260216586,0.11436237331382608,0.10372241688540813,0.8357000254096256,0.8356542038031167,0.8701642500099156,0.8644532005898441,0.8644218131563146,0.9201952109482916,0.287869622323202,0.7883148999051866,0.05330159773593481,36.33315913677215,0.022320605456043956,0.004458683499259992,0.006594015733478538,0.0068682832303310105,0.005671742896390159,0.17414841692426322,0.17424982107930523,0.2242725132138901,0.08001460599121102,0.08004522642638334,0.0643698012161401,0.03243546919645806,0.07368244010866724,0.12052723741794576,27.974758439733428,0.0004982094279243792,1.9879858546573323e-05,4.348104349336251e-05,4.717331453204618e-05,3.216866748275223e-05,0.030327671117227006,0.030363000146169883,0.050298160183274515,0.006402337171928741,0.006407238273650979,0.0041434713086053905,0.0010520596619943796,0.005429101980367336,0.014526814959601862,782.5871097614367
0.8,0.5,0.11366817826627722,0.11170420067375972,0.11704508511146061,0.11494313631389783,0.10030875563393389,0.7463799573202983,0.7463383501329955,0.7838362758405739,0.7729634611510551,0.7729029549218188,0.8330470702143972,0.29130159100286007,0.7965754481187802,0.01810240794541855,38.07823915481568,0.010235999761886879,0.013091220314312303,0.011087857592765052,0.01123147923701729,0.01898636344430146,0.22662338325292936,0.226668893279959,0.25344445706262714,0.1697396082627296,0.16979840035739724,0.17017866941661025,0.021439742449011985,0.04705432284581555,0.008508569774202295,17.305460061439334,0.00010477569112534826,0.0001713800493178631,0.0001229405859974376,0.0001261461258515505,0.0003604819968391068,0.0513581578370041,0.05137878718076145,0.06423409281576986,0.028811534613184902,0.028831496763930955,0.028960779524407915,0.0004596625562799665,0.002214109298478239,7.23957596024689e-05,299.4789479380719
0.8,0.6,0.1125415072000741,0.11785899157339108,0.1164882751882071,0.11463143523768812,0.10413646662858811,0.808062211459848,0.8080117931146775,0.8516339245807221,0.8333963561198813,0.8333578482238726,0.8976200218680643,0.29676540374720517,0.7933358970727652,0.02514536730203031,47.37699103355408,0.022960448273443693,0.006146280540543505,0.0127872808180658,0.013161441091076987,0.010388190434127243,0.17849886746026597,0.1786055118195878,0.23022178627513715,0.10706878103860935,0.1071075155082644,0.0893322174065077,0.006391783232506497,0.05192326801604698,0.03040863046753813,35.169081712626856,0.0005271821849174834,3.7776764483063766e-05,0.00016351455072007357,0.0001732235315938898,0.00010791450049569277,0.0318618456845976,0.03189992885233692,0.05300207087571493,0.011463723873093674,0.0114720198783531,0.007980245066763555,4.0854892891351214e-05,0.0026960257614662467,0.0009246848069112881,1236.8643085094247
0.8,0.7,0.10186563052378168,0.11363244109149476,0.1235417222813062,0.12146602099465728,0.10733794886986929,0.7277879401241095,0.7277005169965038,0.7342282574150408,0.7829423083785013,0.7828845777253084,0.8342385687370445,0.27321896009888413,0.7551928706848958,0.035933825803611194,48.132061290740964,0.03235631537788115,0.010464118655983463,0.016982902390899748,0.01664487081444687,0.016487732383873778,0.2514777489931866,0.2515977795697398,0.33054044845034347,0.16579290082177112,0.16584942641591602,0.17774723540877865,0.04470799661146068,0.10175036361727324,0.040139252546595595,40.169864374327936,0.001046931144832908,0.00010949777924650116,0.0002884189736188284,0.0002770517244296252,0.00027184531916224014,0.06324105823868015,0.06330144268442338,0.10925698806175418,0.027487285962897637,0.027506032242488345,0.031594079695463774,0.0019988049610103796,0.010353136496247323,0.001611159594999381,1613.6180038519005
0.8,0.8,0.11547147056730103,0.11429367255416176,0.11442059582343464,0.11244129174039849,0.09803825184063027,0.7940718009175719,0.7940392452972331,0.8334628166663027,0.8214649301167419,0.8214189242129191,0.8710120180297236,0.2990705536483049,0.8133890896057169,0.01502251884263615,27.922473239898682,0.009477452056928421,0.011710377487604085,0.007983722862696696,0.008381829854286971,0.017047392850816166,0.2178581033892471,0.2179008796996293,0.23756987539220262,0.17289067958124585,0.17294758107648603,0.17067999054598212,0.009238745217794638,0.018898730647174074,0.0025905141382900083,6.474917148899987,8.982209749137676e-05,0.00013713294090218455,6.373983074834591e-05,7.025507170621635e-05,0.0002906136030100581,0.04746215321235989,0.047480793373872315,0.056439445693866684,0.029891187086065016,0.029910865800207704,0.029131659172776547,8.535441319932328e-05,0.0003571620200744366,6.710763500680424e-06,41.92455208511913
0.8,0.9,0.05406588330592229,0.1251740871760087,0.11536859262913453,0.11351159686170473,0.10404949272783645,0.5120699315441544,0.5118320417941844,0.3550019621650766,0.8260711854369397,0.8260320611963486,0.891962976292038,0.1868639219002899,0.547517151853146,0.08799436626936927,61.69123134613037,0.03466187603305839,0.008575892622550579,0.004517152127919436,0.004783080556653119,0.005302919629638688,0.1926712434962796,0.19278953566794593,0.30334153486095067,0.07787372022531065,0.07790462121988627,0.0693868869630582,0.07108998628355817,0.16557218604499294,0.044364331182741905,37.275759736054475,0.0012014456501311078,7.354593427351745e-05,2.040466334676709e-05,2.2877859611433113e-05,2.812095659840732e-05,0.03712220807040267,0.03716780506306219,0.09201608677179735,0.006064316301729957,0.006069130007413955,0.004814540082424216,0.005053786149796488,0.027414148791717753,0.001968193881292006,1389.4822639000602
0.8,1.0,0.03361425345219368,0.11838709787979426,0.10627871235364192,0.10427407909775303,0.09407921347765588,0.36130832865071555,0.36098527084072063,0.18093514407271988,0.7335990633744873,0.7335339637939243,0.8154432740619232,0.1739211396955678,0.5233204052978264,0.1066582302993885,82.7842084646225,0.0019916967707993105,0.013734223852977978,0.014782638661372615,0.0149643149692539,0.01399516608384816,0.07262238895505373,0.07265874657922579,0.029786499570779418,0.13986912342987065,0.1399233190351393,0.12849120284984245,0.012238526185517462,0.03091522644071282,0.00332434598636464,33.74112070578147,3.966856026812402e-06,0.00018862890484370927,0.00021852640579270836,0.00022393072249903638,0.0001958646737144938,0.00527401137753911,0.005279293454464155,0.0008872355566800424,0.01956337168904039,0.01957853520980938,0.016509989209799358,0.0001497815231935966,0.0009557512258805491,1.1051276237058692e-05,1138.4632264821148
0.9,0.0,0.07281055313791412,0.1171402044324215,0.11677307995587813,0.11479763241949961,0.10007107526212611,0.5704858844237792,0.5703089857037947,0.512161376082479,0.7951844520764109,0.7951334285778736,0.8578021244643402,0.11190443175390903,0.3079812789294509,inf,42.340251660346986,0.03783772417442408,0.013120146406477184,0.011072890764941308,0.011225474946300443,0.014396870264047328,0.2150358440182529,0.2151582320147082,0.3031197358036789,0.13839552061574237,0.13844500292060738,0.13729123555185688,0.14677954056872763,0.4018055585580307,,32.57712137079576,0.0014316933706997968,0.0001721382417273962,0.0001226089098923225,0.00012601128777001892,0.00020726987339981018,0.04624041421264239,0.046293064803695015,0.09188157423369209,0.019153320126502373,0.019167018833686985,0.018848883359355452,0.02154423352956676,0.16144770688813104,,1061.2688368075576
0.9,0.1,0.08010583661199239,0.11803942974193635,0.1215234461909801,0.11956272960864098,0.10573545545688134,0.5997636203482826,0.5996159801208011,0.542856327463807,0.8145741401589189,0.8145273599050654,0.8758527726926324,0.15954911400149666,0.4543221505197429,1.2848817440062592,27.20256299972534,0.035961560105186426,0.013902635689116127,0.009851075360187485,0.009444311932790637,0.007607602930286904,0.20708333949821725,0.2071851159477874,0.2959008475880434,0.13159342799757656,0.1316411564165732,0.1209257028626818,0.1253081832099042,0.328957314652394,1.5584147857806026,15.181926933636886,0.0012932338051989357,0.00019328327910428546,9.704368575209297e-05,8.919502788385162e-05,5.7875622344909884e-05,0.04288350949773391,0.042925672270298115,0.08755731160332249,0.01731683029215337,0.017329394062692693,0.014623025612833608,0.015702140779366918,0.10821291486331414,2.4286566445396014,230.49090541828912
0.9,0.2,0.06280296009204814,0.11361524492048372,0.11604682911642077,0.11393701183259734,0.09764890656223986,0.42816450284244434,0.4279527341606997,0.32290535404899207,0.6917821401213813,0.6917060620811933,0.7474806788690669,0.16892161659476082,0.4867090267491652,1.0608717007699138,56.47208445072174,0.033830866908919385,0.018205894100195862,0.010385727352265206,0.010649701736002947,0.019077705778280732,0.21020214205421778,0.21022181411741891,0.238940754367247,0.2862746291933331,0.2863397073376235,0.3022287073083892,0.10626684547170978,0.26339350460663224,0.9004396422381162,25.36227318886724,0.0011445275558090169,0.00033145457998754645,0.00010786333263558965,0.00011341614706582417,0.00036395885776264596,0.04418494052418155,0.04419321113081863,0.057092684097589066,0.08195316331978034,0.08199042799819588,0.09134219152129999,0.011292642446508246,0.069376138268964,0.8107915493139067,643.2449013067339
0.9,0.3,0.06887165720246194,0.11493806237086757,0.12272129675840762,0.1207737063310113,0.10542567680120282,0.49095202190764153,0.490769760696382,0.40974897552034417,0.7207715964453534,0.7207069855223583,0.7753615813268897,0.18985649527361537,0.5527504629084752,0.5879976015453292,43.25784597396851,0.03586600470768831,0.016535307208323868,0.025857175135151754,0.025526430922573503,0.023322683276594536,0.25701986865279847,0.25708583675668256,0.31584089212131783,0.27771978233260436,0.27777985042176107,0.29425822687943465,0.07814324851884909,0.18921589413685072,0.575198068253241,30.454393688115292,0.00128637029369192,0.00027341638447364727,0.0006685935059699102,0.0006515986756449167,0.0005439475552203424,0.06605921288230178,0.06609312746088364,0.09975546913598993,0.07712827749886915,0.07716164530033594,0.08658790408622884,0.00610636728907861,0.0358026545940079,0.33085281772226016,927.4700949107165
0.9,0.4,0.057445091076654055,0.1152510366119762,0.12738981937069507,0.12506689437597623,0.1001839494742875,0.44911573924489323,0.448877403778856,0.3240662434391678,0.7202705525893711,0.7201904143044183,0.7754983019401058,0.1943379662759221,0.5311729776290453,0.5015273678313075,56.74072208404541,0.033144777385073605,0.016016077998598336,0.009177282169630764,0.008786570464435468,0.017563176476896415,0.13589227255145875,0.13597881669641526,0.21257522313564978,0.17073767172170953,0.17079671460257673,0.18863500790624574,0.03927157425296732,0.12072242152023567,0.32621024098246615,36.42452209301402,0.0010985762679060866,0.00025651475445718564,8.422250802102276e-05,7.720382052648973e-05,0.00030846516795860753,0.01846670973919995,0.018490238590157304,0.04518822549117129,0.029151352544950253,0.02917151771903405,0.035583166207789396,0.0015422565443063254,0.01457390305770946,0.10641312132183864,1326.7458097044666
0.9,0.5,0.07430725258037299,0.11314300779593604,0.13346569954837448,0.13126143382294703,0.11406181108280995,0.5907671382635626,0.5905911130321491,0.5282544539552543,0.7549393356367115,0.7548661648059493,0.8064924506831639,0.2469388295445397,0.6339407908210237,0.25202520857697264,61.2379011631012,0.0422035315987316,0.01514316545411748,0.030970599946306,0.030624657625744133,0.0314405792231537,0.26466673721896017,0.26481994099696055,0.37073753190558256,0.17221725363476603,0.17227502887380808,0.1783738129932866,0.05772753461142926,0.18150070600856053,0.2534068513214605,37.11758816870988,0.0017811380794051368,0.00022931545997077708,0.0009591780610341291,0.0009378696546940484,0.000988510021887404,0.07004848179013011,0.07012960114963365,0.13744631756344286,0.029658782449501334,0.029678685573471406,0.03181721716176398,0.003332468252313763,0.03294250628160592,0.06421503229665679,1377.7153514619515
0.9,0.6,0.06583741597853078,0.12052621182333909,0.11571042348090624,0.11372538633359017,0.09972046444096071,0.545697314789209,0.5455041054900074,0.4372440468134015,0.8014814277466724,0.8014309508436608,0.8626005546022256,0.27777277163731384,0.6120663743012058,0.20086140766665647,59.18913669586182,0.04158173184750744,0.013930050686935255,0.007601690153860128,0.008100815594896917,0.018369224506917047,0.2259799844229886,0.22609434440475665,0.3386773322377919,0.15768938176355507,0.1577441307480274,0.15812517344232932,0.020177248527019544,0.1772787878528967,0.16156457412339195,35.732140617816114,0.0017290404234380145,0.00019404631214058537,5.7785693195294016e-05,6.562321330252509e-05,0.00033742840898552185,0.05106695335981418,0.05111865257181672,0.11470233537170767,0.02486594112097221,0.024883210785450766,0.025003570476166734,0.00040712135812111244,0.03142776862259235,0.02610311161167301,1276.7858731313843
0.9,0.7,0.04881159619742166,0.11778664134108907,0.11530793419800053,0.11306478608014647,0.09582420511427753,0.43669245280736807,0.4364338625011198,0.2829008544019688,0.7339791096416997,0.733903277225364,0.7946097276757634,0.27470819101335237,0.5818524673224478,0.1725976221197791,88.38206057548523,0.03131432858385562,0.015760125555964666,0.014665807517024542,0.014906864910680608,0.021248634091551005,0.16765577613508414,0.16773716846928122,0.23412145039067192,0.18657745035002404,0.18664347704686224,0.19065237617492473,0.03944869044484291,0.13182621253478763,0.09133962774839494,38.422378158807064,0.000980587174657677,0.00024838155753977064,0.00021508591012641358,0.00022221462146528075,0.00045150445075662363,0.02810845927145745,0.028135757686092024,0.05481285353303185,0.03481114497911569,0.03483578752414259,0.03634832854114501,0.00155619917781304,0.017378150311267,0.008342927597215359,1476.2791433783739
0.9,0.8,0.07747266159746133,0.1129821246466379,0.12131905508909742,0.11909726918565258,0.10871100727488343,0.6160647122923205,0.6158929965733363,0.5569794815536973,0.7617960610070827,0.7617278617613529,0.8232486832980237,0.2617077219996823,0.6968110546338158,0.0773363291748012,78.34462959766388,0.04476011971950135,0.012356420776342898,0.021284657154417536,0.0210630634449804,0.020437046522426172,0.2894251644345193,0.2895932586755129,0.4045802522436391,0.16735157524885008,0.16741241410231247,0.1552948628669363,0.05660503617839329,0.1360539285669015,0.07238498559455193,43.21184287109059,0.0020034683173040936,0.00015268113440203843,0.0004530366301810976,0.0004436526416872696,0.0004176728705598117,0.08376692580794853,0.08386425547030252,0.16368518050552663,0.028006549738271533,0.02802691639556415,0.024116494432860555,0.003204130120757213,0.018510671478487534,0.00523958613952349,1867.2633643158224
0.9,0.9,0.032420688732780464,0.11431419160606784,0.10899638330806413,0.10652601705931294,0.09249770608393168,0.33655193110821,0.3362189399733516,0.16577295853160096,0.6850743953484024,0.6849743422497668,0.7688760073101489,0.2233294682661567,0.6373050032354004,0.07508209989851392,100.88519079685211,0.0021384164839933373,0.015252124847101776,0.017150120316031,0.01744763779875249,0.02235599976218462,0.06862825528466908,0.06866261765976404,0.02646928429859138,0.16094712897100222,0.16100834262290376,0.15085845026713607,0.04736199498150318,0.1054320385429696,0.04216361738577529,15.673720211700772,4.5728250590144275e-06,0.00023262731235157937,0.0002941266268543393,0.00030442006475645667,0.0004997907253667987,0.0047098374234177095,0.004714555063890942,0.0007006230112796562,0.025903978324008425,0.025923686394174368,0.02275827201700197,0.002243158568627933,0.011115914751326228,0.0017777706310540518,245.6655052746773
0.9,1.0,0.029672691805418462,0.11643037096757672,0.10765929833409005,0.10552743983070612,0.09435139699831716,0.35623342699338945,0.35591070136129577,0.16938199053380115,0.7275956204029458,0.7275255900604285,0.8101847786392012,0.21489656555085732,0.6241320238955563,0.046655097121789675,87.78485043048859,0.0033891191660323206,0.012510142823731796,0.0056452787095945004,0.005971520228660159,0.016588796006221516,0.05459619892988931,0.054623199102740244,0.022780543333988584,0.12949645791547076,0.12954575447058592,0.13048824652950028,0.024476535154945748,0.05621067014809677,0.007869349117602216,26.47505892336083,1.1486128721567612e-05,0.00015650367347016817,3.186917170900095e-05,3.5659053841297474e-05,0.00027518815293603086,0.0029807449375920466,0.0029836938802176027,0.0005189531545917316,0.016769332612653287,0.01678210250135333,0.01702718248234364,0.000599100773191295,0.003159639438498137,6.192665553470677e-05,700.9287449954279
1.0,0.0,0.028745198022869362,0.09434709354749453,0.14076996521083007,0.13785242492962962,0.12029442590773307,0.2892613111668989,0.28889495656766495,0.16726919656359424,0.530159273323246,0.5300101847547186,0.5910262824835634,0.0,0.0,inf,110.59373676776886,0.001675632684425026,0.006198413690723204,0.044282525251441274,0.044474488130875386,0.03912354874831276,0.06774692520962426,0.06778141034279535,0.04331838160268505,0.09691353763753412,0.09693971133760945,0.11832274926561673,0.0,0.0,,0.9092361739534499,2.8077448931134185e-06,3.8420332281344856e-05,0.001960942042644534,0.001977980094503376,0.0015306520666616048,0.004589645875358424,0.0045943195880584035,0.0018764821846758428,0.009392233777421741,0.009397307634219046,0.014000272993774003,0.0,0.0,,0.8267104200255083
1.0,0.1,0.027929148832242102,0.09610503156969873,0.13348209879630704,0.13094788167613228,0.10808702763021757,0.29791167040678024,0.29755120657669604,0.1672366947590614,0.5764798979685036,0.5763565063884497,0.6353454534234452,0.0392609699769053,0.1335153761133866,3.0880219217068285,104.73424000740052,0.002642243601144967,0.012673700432338326,0.035367923951633656,0.035243880481643244,0.036878657315975956,0.0613301634290988,0.0613602270543563,0.0367574605742126,0.14934304859366948,0.1493995535373403,0.174374229886259,0.0,0.0,0.2209129798376999,15.661807193928741,6.981451247791523e-06,0.00016062268264865266,0.0012508900446485415,0.001242131111404354,0.0013600353654291868,0.0037613889462399675,0.0037650774641621587,0.0013511109078647935,0.022303346163251123,0.022320226597156614,0.030406372048425903,0.0,0.0,0.048802544660772,245.29220457979807
1.0,0.2,0.0302868556354223,0.09695310010871118,0.15416601516568681,0.15147323918444217,0.13688880155101277,0.3073813148326776,0.3070275644851289,0.17243057970882897,0.5861422431594283,0.5860124587582841,0.6317458401368876,0.0785219399538106,0.2573101466853276,1.8315412685013583,108.17628483772278,0.0025081878375786642,0.013868142334886039,0.03570946808258601,0.035437266663562075,0.03394175146314672,0.05771746778081655,0.05774588701551572,0.02945130480572941,0.13699308544730665,0.1370494389469594,0.1574973083460515,0.0,0.0,0.1507663878630264,19.085144708539435,6.291006228577535e-06,0.00019232537182065838,0.001275166110741229,0.0012557998685844079,0.0011520424923860228,0.0033313060870295967,0.0033345874672087075,0.0008673793547599803,0.018767105460373062,0.018782548715676348,0.024805402136251226,0.0,0.0,0.022730503709264514,364.2427485458908
1.0,0.3,0.02670891195363853,0.10081749722694015,0.1321698231987412,0.12976549034194015,0.10847408036902122,0.3271087300552723,0.32676648342205056,0.17333684364064367,0.641981554622641,0.6418764946052493,0.6952535927218009,0.1177829099307159,0.372408590398909,1.2662805355413302,103.0156682729721,0.0037931152469625013,0.017339731786298076,0.031245509391862804,0.03126135215499133,0.04074877665452843,0.07343179860967923,0.07346791087149404,0.03864288422237342,0.17225303585920912,0.1723259980554152,0.19700705292387918,0.0,0.0,0.13599361006616337,15.806256468596862,1.4387723276739397e-05,0.0003006662984207558,0.0009762818571569867,0.000977272138558381,0.0016604627988406411,0.005392229047052488,0.005397533927821792,0.0014932725010237567,0.02967110836271398,0.029696249605794964,0.03881177890175213,0.0,0.0,0.018494261978827687,249.83774355106016
1.0,0.4,0.02802031219577387,0.10194501371308343,0.1383721919548882,0.1359643675527212,0.12054615234450408,0.3233197605185591,0.3229771306430827,0.16630555213504788,0.6488294448131595,0.6487285301515148,0.7138493115430656,0.1570438799076212,0.46482937609226865,0.8734272275381064,90.39374232292175,0.0034546045764484944,0.02093388356750319,0.029639919351798376,0.029480501425840584,0.023822559072404353,0.06116984896028419,0.0612002708265286,0.027264566315954416,0.14858287839308265,0.14863892842765866,0.16513169914090067,0.0,0.012283737405784818,0.06260247842519193,28.035248714175786,1.193429277961888e-05,0.00043822748121778005,0.0008785248191811119,0.0008690999643189887,0.000567514320758195,0.0037417504218239805,0.0037454731492404473,0.0007433565763970761,0.02207687175157359,0.022093531044122636,0.027268478061160933,0.0,0.00015089020465427713,0.003919070304976621,785.9751704656951
1.0,0.5,0.02685942743339968,0.10209278994209772,0.12311508900816212,0.12078854304065138,0.10155435383591542,0.31814147131191534,0.3177975338005363,0.1552263011830615,0.6631330283241924,0.6630393789430951,0.7266527813663302,0.1963048498845265,0.4847056652947357,0.608414608159354,84.52139172554016,0.004263979960155004,0.015113745858130695,0.007198973240517367,0.006750438472491431,0.012561513498981347,0.06465800884137246,0.06469027793382272,0.031486440046040204,0.16066416242893522,0.16072422406968614,0.17927384638504235,0.0,0.021140861714580038,0.03591609955608535,31.722000494741064,1.818152510060347e-05,0.00022842531386416275,5.182521571768513e-05,4.556841957089244e-05,0.00015779162138509063,0.004180658107330999,0.00418483205915523,0.0009913959067728842,0.02581297308899128,0.02583227620280268,0.032139111997687764,0.0,0.000446936034034996,0.0012899662073226341,1006.2853153883524
1.0,0.6,0.027470525928181687,0.10124888022467111,0.12755165337029914,0.1251179544891623,0.10714522071270749,0.3119162908681634,0.3115705600174862,0.15057140807052546,0.6178918919210611,0.6177824643701035,0.6759560931508675,0.23551154202275404,0.5106623151387792,0.40353258151467697,86.11374714374543,0.002706649760782138,0.018112762735828066,0.022355378134070014,0.022237146990554176,0.02580807134123916,0.07093178937757968,0.07096726103113721,0.031616574519412105,0.1669522406109969,0.16701415995760072,0.19037213465514582,0.00017164159669284183,0.018252888402166927,0.011107063660815578,26.05718806844175,7.325952927542004e-06,0.00032807217392440184,0.0004997629315172558,0.0004944907062795127,0.00066605654635449,0.005031318744305326,0.005036352138261566,0.000999607784341539,0.027873050645032205,0.027893729626343042,0.03624154965315698,2.9460837715268167e-08,0.0003331679350219599,0.00012336686316540994,678.9770500341432
1.0,0.7,0.02642256042496191,0.09802567820274542,0.1335097415397654,0.13082203031208733,0.11541428489330233,0.31808718559624655,0.3177454299631725,0.15330401559575632,0.6056369269648878,0.6055180766978133,0.6686873785437016,0.27476346569321314,0.5280957768577561,0.2519962323550395,97.42235720157623,0.005648186763264923,0.011925219149184598,0.026768838981305217,0.026716853701250362,0.03104345901713134,0.04646179197503988,0.046485010624252227,0.019909582015825156,0.12422523891439127,0.1242682260976395,0.1506735618464868,0.00020024852947504067,0.03202076065687741,0.0152261671830898,23.795867410555925,3.1902013712721084e-05,0.000142210851756079,0.0007165707404070457,0.0007137902716940152,0.0009636963477483132,0.0021586981135318798,0.0021608562127368425,0.00039639145604486843,0.015431909983337593,0.015442592017454052,0.022702522239507084,4.009947355691624e-08,0.0010253291130450284,0.0002318361670874008,566.2433058207575
1.0,0.8,0.03459837497556767,0.09961173080218153,0.13368940471929436,0.13103208940932073,0.11469572421505154,0.3514396379357163,0.3511269495047555,0.21127108700755642,0.6260908250488316,0.6259723714667187,0.7003745293323865,0.3161445845741602,0.5973902854079867,0.12729467833039038,91.53589746952056,0.024386354690237106,0.015358416181144847,0.033537146862180664,0.033216304093191595,0.026091628095123207,0.12872212859652865,0.12882083633756242,0.2004670937571609,0.12936674176985882,0.1294329240968034,0.13691764976504797,0.007019269920872508,0.10342329060422002,0.04391636290376215,27.140498211976013,0.0005946942950780492,0.00023588094759325188,0.0011247402196554745,0.0011033228576113766,0.0006807730566542227,0.016569386390421256,0.016594807874709044,0.040187055679442335,0.016735753876149333,0.016752881840248875,0.01874644281718434,4.9270150222065555e-05,0.010696377039404946,0.001928646930694936,736.6066431942731
1.0,0.9,0.025506849229428807,0.10278457966486247,0.11368862400969657,0.11116406101555283,0.1076681218719699,0.3167368516551571,0.31639602811817824,0.14664454232421173,0.6817616450319026,0.681667368705258,0.7607652112101799,0.35269739572801473,0.6522801718614373,0.05941633278948614,95.66545655727387,0.003430943650602465,0.01769090075413748,0.019841956418928594,0.019930248976534757,0.01952025980968936,0.04615142828356136,0.046174448253582204,0.017763333137972417,0.1169228871492361,0.11697101774904259,0.12603136355895317,0.00034328319338578433,0.0007283364771733154,0.00038264220025497356,17.749677839810488,1.1771374333609369e-05,0.0003129679694927421,0.00039370323453066157,0.0003972148242666647,0.0003810405430377736,0.0021299543326127077,0.0021320796715227405,0.00031553600417058905,0.013670961539313,0.013682218993246835,0.01588390460052903,1.178433508611418e-07,5.304740239812354e-07,1.464150534159673e-07,315.0510634170595
1.0,1.0,0.02286555600816839,0.08866752103666811,0.09679233192759529,0.093827262722675,0.08144440297139674,0.25275011327340896,0.2523778296039513,0.12089425517029381,0.5235937744636974,0.5234434631416109,0.6137432550704491,0.3917955321888869,0.9675523511783639,0.00024490175411748,116.88324077129364,0.002989687179788212,0.006604030627026977,0.01025702612370771,0.010394531948122112,0.012955279411681148,0.04356874414265803,0.04359045033584637,0.01687197404283574,0.10441905973583919,0.10445744853165435,0.10835867716309233,0.0002860693278214329,0.0004998642681219801,7.699445260889444e-06,13.061365106699222,8.938229432989993e-06,4.3613220522710326e-05,0.00010520658490242239,0.00010804629442053126,0.00016783926463472942,0.0018982354661683982,0.0019001273604818884,0.000284663508102123,0.010903340036116753,0.01091135855374322,0.011741602916535266,8.183566032020644e-08,2.4986428654512274e-07,5.928145732543291e-11,170.59925845049997
