fair_majority;fair_minority;run;num_iter;row_clus;col_clus;tau_x;tau_y;NMI_true_labels;AMI_true_labels;ARI_true_labels;NMI_rows;AMI_rows;ARI_rows;NMI_cols;AMI_cols;ARI_cols;balance_chierichetti;balance_bera;KL_fairness_error;time
0.0;0.0;0;173;2;2;0.005408338093028784;0.0054083380930285575;0.0720663265183495;0.0027702799642507414;3.0467532460819425e-05;0.9423615702392607;0.9423584276023912;0.9735747290393721;0.9567014768705318;0.9566844858029486;0.9784827013350585;0.2653415669625627;0.9359036247451007;0.0011681980527572869;10.146661043167114
0.0;0.0;1;75;2;2;0.004293500929971658;0.0042935009299717745;0.09026381231925912;0.02232427492685914;0.0004281583711945758;0.01822033383858304;0.018166805232552173;0.02508618833706998;0.016825085943891475;0.016439014911894454;0.02467296774080829;0.14668522707499565;0.5709206805753518;0.057257352198469225;3.984018564224243
0.0;0.0;2;45;2;2;0.005415290562426562;0.005415290562426657;0.07207865340611853;0.0027828401234416844;3.207492950497926e-05;0.9843726398748125;0.9843717878252178;0.9942645950065601;0.9888118210939334;0.9888074283582898;0.9956777827760513;0.2608528620822128;0.9233467233507311;0.0016754744997313775;2.5077805519104004
0.0;0.0;3;51;2;2;0.005392866065809665;0.005392866065809321;0.07202226278564808;0.0027207480072852473;2.8772911021898753e-05;0.881187087740738;0.8811806098024093;0.9366470599029705;0.9069664551994954;0.9069299795861538;0.9445425152509057;0.2690824980724749;0.9463008079272353;0.0008258185566784506;2.674020528793335
0.0;0.0;4;90;2;2;0.0053894044476379835;0.005389404447637953;0.07190061244267316;0.002589798869516692;2.6519368903079655e-05;0.861948586270057;0.8619410594219339;0.9238183899303868;0.8960316770545037;0.8959909218750245;0.9361511690481739;0.27058823529411763;0.9504684279557803;0.0007032818806346954;4.751004934310913
0.0;0.0;5;57;2;2;0.005414217881979715;0.005414217881979665;0.07212250762761967;0.0028305531175324746;3.372640183852837e-05;0.9816182109760812;0.9816172087414269;0.9930592429923337;0.9841727057431566;0.9841664920110842;0.9935201916255721;0.2604266769171632;0.9221498451744892;0.0017254387416342672;2.9694583415985107
0.0;0.0;6;136;2;2;0.0054030323110680145;0.005403032311068154;0.07201749846676762;0.0027161398587166926;2.8972835932310836e-05;0.87312510155998;0.8731181840313345;0.9313882765612165;0.887206404980942;0.887162161218333;0.9382447114726197;0.2694980694980695;0.9474520254551273;0.000788925078103804;7.7094643115997314
0.0;0.0;7;160;2;2;0.0053894044476379835;0.005389404447637953;0.07190061244267316;0.002589798869516692;2.6519368903079655e-05;0.861948586270057;0.8619410594219339;0.9238183899303868;0.8960316770545037;0.8959909218750245;0.9361511690481739;0.27058823529411763;0.9504684279557803;0.0007032818806346954;8.096498966217041
0.0;0.0;8;114;2;2;0.0053901893783338236;0.005390189378333802;0.0719135601185796;0.00260361703887113;2.7127327298794258e-05;0.8645473942528321;0.8645400091037821;0.925562545534765;0.8987236988194924;0.8986839970958482;0.9382454929622621;0.2709739633558341;0.9515344676255864;0.0006736930313780039;5.527951717376709
0.0;0.0;9;77;2;2;0.005401731980708104;0.0054017319807079375;0.07193243620789964;0.0026248707234240755;2.7809490018579367e-05;0.9119855079760073;0.9119807092048524;0.9560559138440476;0.933487030406483;0.9334609404140802;0.9635600646518264;0.26666666666666666;0.9395935031507943;0.001042375303648235;3.930309534072876
0.0;0.1;0;71;2;2;0.004309795871783277;0.004309795871783495;0.09117096248716319;0.02329863061842636;0.0004625129900018456;0.004554245170123542;0.004499971743239766;0.006232859810173992;0.0037714282150456183;0.0033800885342479808;0.005799011583352354;0.14782004516241098;0.5747687406342764;0.05637097116404435;4.418178558349609
0.0;0.1;1;138;2;2;0.0054169310348879075;0.005416931034887882;0.0720539070527664;0.002756245748500636;3.202924050752966e-05;0.9951697068489798;0.9951694434872034;0.9984890838016055;0.9938618964215906;0.9938594862937913;0.9978377188595374;0.2608528620822128;0.9233467233507311;0.0016754744997313775;7.155082702636719
0.0;0.1;2;148;2;2;0.0053901893783338236;0.005390189378333802;0.0719135601185796;0.002603617038871144;2.7127327298794258e-05;0.8645473942528321;0.8645400091037821;0.925562545534765;0.8987236988194924;0.8986839970958482;0.9382454929622621;0.2709739633558341;0.9515344676255864;0.0006736930313780039;8.121646642684937
0.0;0.1;3;120;2;2;0.005415290562426562;0.005415290562426657;0.07207865340611853;0.0027828401234416844;3.207492950497926e-05;0.9843726398748125;0.9843717878252178;0.9942645950065601;0.9888118210939334;0.9888074283582898;0.9956777827760513;0.2608528620822128;0.9233467233507311;0.0016754744997313775;8.400927305221558
0.0;0.1;4;113;2;2;0.0053901893783338236;0.005390189378333802;0.0719135601185796;0.00260361703887113;2.7127327298794258e-05;0.8645473942528321;0.8645400091037821;0.925562545534765;0.8987236988194924;0.8986839970958482;0.9382454929622621;0.2709739633558341;0.9515344676255864;0.0006736930313780039;5.855708122253418
0.0;0.1;5;142;2;2;0.0053901893783338236;0.005390189378333802;0.0719135601185796;0.00260361703887113;2.7127327298794258e-05;0.8645473942528321;0.8645400091037821;0.925562545534765;0.8987236988194924;0.8986839970958482;0.9382454929622621;0.2709739633558341;0.9515344676255864;0.0006736930313780039;7.274881362915039
0.0;0.1;6;244;2;2;0.004293500929971658;0.0042935009299717745;0.09026381231925912;0.022324274926859154;0.0004281583711945758;0.01822033383858304;0.018166805232552173;0.02508618833706998;0.016825085943891475;0.016439014911894454;0.02467296774080829;0.14668522707499565;0.5709206805753518;0.057257352198469225;12.72443675994873
0.0;0.1;7;50;2;2;0.005410624126078175;0.0054106241260781715;0.07203997916871618;0.002741465353841977;3.172789724808544e-05;0.9722549530264871;0.9722534402823293;0.9888462676797433;0.9716119655578167;0.9716008227675181;0.9870614865362026;0.26362410937800884;0.9311096697064657;0.0013518104632094362;4.135296583175659
0.0;0.1;8;102;2;2;0.0053894044476379835;0.005389404447637953;0.07190061244267316;0.002589798869516692;2.6519368903079655e-05;0.861948586270057;0.8619410594219339;0.9238183899303868;0.8960316770545037;0.8959909218750245;0.9361511690481739;0.27058823529411763;0.9504684279557803;0.0007032818806346954;7.06453800201416
0.0;0.1;9;80;2;2;0.005414217881979715;0.005414217881979665;0.07212250762761967;0.0028305531175324746;3.372640183852837e-05;0.9816182109760812;0.9816172087414269;0.9930592429923337;0.9841727057431566;0.9841664920110842;0.9935201916255721;0.2604266769171632;0.9221498451744892;0.0017254387416342672;4.920109987258911
0.0;0.2;0;195;2;2;0.005414217881979715;0.005414217881979665;0.07212250762761967;0.0028305531175324746;3.372640183852837e-05;0.9816182109760812;0.9816172087414269;0.9930592429923337;0.9841727057431566;0.9841664920110842;0.9935201916255721;0.2604266769171632;0.9221498451744892;0.0017254387416342672;13.351955652236938
0.0;0.2;1;96;2;2;0.004306490270038985;0.004306490270039056;0.09106266089815139;0.02318247278615907;0.0004513729808447929;0.005809466926317315;0.00575526181565984;0.007971121672334639;0.005163810108226676;0.004773103943199502;0.007848893113410523;0.14668057003823426;0.5709048733148733;0.05736335876045186;6.382240295410156
0.0;0.2;2;122;2;2;0.004305053118534978;0.004305053118534961;0.09100525917298637;0.023120887298089105;0.0004457365388532726;0.0040632555817656365;0.0040089552107179125;0.005555803137272764;0.0034633235148883368;0.0030719495106708372;0.005294840759049005;0.14775495997215454;0.5745482486476673;0.056271594175003145;7.579429626464844
0.0;0.2;3;60;2;2;0.005414217881979715;0.005414217881979665;0.07212250762761967;0.0028305531175324603;3.372640183852837e-05;0.9816182109760813;0.981617208741427;0.9930592429923337;0.9841727057431566;0.9841664920110842;0.9935201916255721;0.2604266769171632;0.9221498451744892;0.0017254387416342672;4.3377604484558105
0.0;0.2;4;148;2;2;0.0053894044476379835;0.005389404447637953;0.07190061244267316;0.002589798869516692;2.6519368903079655e-05;0.861948586270057;0.8619410594219339;0.9238183899303868;0.8960316770545037;0.8959909218750245;0.9361511690481739;0.27058823529411763;0.9504684279557803;0.0007032818806346954;9.870630264282227
0.0;0.2;5;82;2;2;0.005414217881979715;0.005414217881979665;0.07212250762761967;0.0028305531175324603;3.372640183852837e-05;0.9816182109760813;0.981617208741427;0.9930592429923337;0.9841727057431566;0.9841664920110842;0.9935201916255721;0.2604266769171632;0.9221498451744892;0.0017254387416342672;6.685896635055542
0.0;0.2;6;90;2;2;0.004306490270038985;0.004306490270039056;0.09106266089815139;0.02318247278615907;0.0004513729808447929;0.005809466926317315;0.00575526181565984;0.007971121672334639;0.005163810108226676;0.004773103943199502;0.007848893113410523;0.14668057003823426;0.5709048733148733;0.05736335876045186;8.025856494903564
0.0;0.2;7;56;2;2;0.0054169310348879075;0.005416931034887882;0.0720539070527664;0.002756245748500636;3.202924050752966e-05;0.9951697068489798;0.9951694434872034;0.9984890838016055;0.9938618964215906;0.9938594862937913;0.9978377188595374;0.2608528620822128;0.9233467233507311;0.0016754744997313775;5.1838555335998535
0.0;0.2;8;84;2;2;0.0053894044476379835;0.005389404447637953;0.07190061244267316;0.002589798869516692;2.6519368903079655e-05;0.861948586270057;0.8619410594219339;0.9238183899303868;0.8960316770545037;0.8959909218750245;0.9361511690481739;0.27058823529411763;0.9504684279557803;0.0007032818806346954;4.9144697189331055
0.0;0.2;9;136;2;2;0.005415290562426562;0.005415290562426657;0.07207865340611853;0.0027828401234416844;3.207492950497926e-05;0.9843726398748127;0.9843717878252181;0.9942645950065601;0.9888118210939335;0.9888074283582899;0.9956777827760513;0.2608528620822128;0.9233467233507311;0.0016754744997313775;8.337918043136597
0.0;0.3;0;127;2;2;0.005392866065809665;0.005392866065809321;0.07202226278564808;0.0027207480072852473;2.8772911021898753e-05;0.881187087740738;0.8811806098024093;0.9366470599029705;0.9069664551994954;0.9069299795861538;0.9445425152509057;0.2690824980724749;0.9463008079272353;0.0008258185566784506;11.737454891204834
0.0;0.3;1;99;2;2;0.0053894044476379835;0.005389404447637953;0.07190061244267316;0.002589798869516692;2.6519368903079655e-05;0.8619485862700572;0.861941059421934;0.9238183899303868;0.8960316770545037;0.8959909218750245;0.9361511690481739;0.27058823529411763;0.9504684279557803;0.0007032818806346954;11.274742841720581
0.0;0.3;2;140;2;2;0.0053901893783338236;0.005390189378333802;0.0719135601185796;0.002603617038871144;2.7127327298794258e-05;0.8645473942528321;0.8645400091037821;0.925562545534765;0.8987236988194924;0.8986839970958482;0.9382454929622621;0.2709739633558341;0.9515344676255864;0.0006736930313780039;13.637428283691406
0.0;0.3;3;76;2;2;0.005414217881979715;0.005414217881979665;0.07212250762761967;0.0028305531175324746;3.372640183852837e-05;0.9816182109760812;0.9816172087414269;0.9930592429923337;0.9841727057431566;0.9841664920110842;0.9935201916255721;0.2604266769171632;0.9221498451744892;0.0017254387416342672;5.704070806503296
0.0;0.3;4;110;2;2;0.0053901893783338236;0.005390189378333802;0.0719135601185796;0.00260361703887113;2.7127327298794258e-05;0.8645473942528321;0.8645400091037821;0.925562545534765;0.8987236988194924;0.8986839970958482;0.9382454929622621;0.2709739633558341;0.9515344676255864;0.0006736930313780039;11.069588661193848
0.0;0.3;5;123;2;2;0.005415290562426562;0.005415290562426657;0.07207865340611853;0.0027828401234416844;3.207492950497926e-05;0.9843726398748127;0.9843717878252181;0.9942645950065601;0.9888118210939334;0.9888074283582898;0.9956777827760513;0.2608528620822128;0.9233467233507311;0.0016754744997313775;8.883037567138672
0.0;0.3;6;88;2;2;0.0053894044476379835;0.005389404447637953;0.07190061244267316;0.002589798869516692;2.6519368903079655e-05;0.861948586270057;0.8619410594219339;0.9238183899303868;0.8960316770545037;0.8959909218750245;0.9361511690481739;0.27058823529411763;0.9504684279557803;0.0007032818806346954;8.34141230583191
0.0;0.3;7;124;2;2;0.0053894044476379835;0.005389404447637953;0.07190061244267316;0.002589798869516692;2.6519368903079655e-05;0.8619485862700572;0.861941059421934;0.9238183899303868;0.8960316770545037;0.8959909218750245;0.9361511690481739;0.27058823529411763;0.9504684279557803;0.0007032818806346954;11.681697845458984
0.0;0.3;8;148;2;2;0.0053894044476379835;0.005389404447637953;0.07190061244267316;0.002589798869516692;2.6519368903079655e-05;0.861948586270057;0.8619410594219339;0.9238183899303868;0.8960316770545037;0.8959909218750245;0.9361511690481739;0.27058823529411763;0.9504684279557803;0.0007032818806346954;14.157825469970703
0.0;0.3;9;74;2;2;0.005414217881979715;0.005414217881979665;0.07212250762761967;0.0028305531175324746;3.372640183852837e-05;0.9816182109760812;0.9816172087414269;0.9930592429923337;0.9841727057431566;0.9841664920110842;0.9935201916255721;0.2604266769171632;0.9221498451744892;0.0017254387416342672;7.458838701248169
0.0;0.4;0;104;2;2;0.004293500929971658;0.0042935009299717745;0.09026381231925912;0.02232427492685914;0.0004281583711945758;0.01822033383858304;0.018166805232552173;0.02508618833706998;0.016825085943891475;0.016439014911894454;0.02467296774080829;0.14668522707499565;0.5709206805753518;0.057257352198469225;10.57155179977417
0.0;0.4;1;139;2;2;0.005400654282148036;0.005400654282147949;0.0721395553454076;0.002848021903466347;2.8595761647562084e-05;0.9144032770576002;0.9143986100845133;0.9575343912677353;0.933487030406483;0.9334609404140802;0.9635600646518264;0.2650741668272009;0.9351580838424839;0.0011989893557346597;19.425552368164062
0.0;0.4;2;66;2;2;0.005415290562426562;0.005415290562426657;0.07207865340611853;0.0027828401234416844;3.207492950497926e-05;0.9843726398748127;0.9843717878252181;0.9942645950065601;0.9888118210939334;0.9888074283582898;0.9956777827760513;0.2608528620822128;0.9233467233507311;0.0016754744997313775;5.751475095748901
0.0;0.4;3;109;2;2;0.005414217881979715;0.005414217881979665;0.07212250762761967;0.0028305531175324746;3.372640183852837e-05;0.9816182109760812;0.9816172087414269;0.9930592429923337;0.9841727057431566;0.9841664920110842;0.9935201916255721;0.2604266769171632;0.9221498451744892;0.0017254387416342672;8.232412576675415
0.0;0.4;4;104;2;2;0.005393722553145111;0.005393722553145037;0.07208241698724123;0.0027852840834943667;2.8194942034571963e-05;0.8794173910850897;0.8794108166658795;0.9354771621027294;0.9097731015723929;0.9097377246289666;0.9466462065876763;0.2694680030840401;0.9473687606548512;0.0007937143248977728;9.088899374008179
0.0;0.4;5;97;2;2;0.0053894044476379835;0.005389404447637953;0.07190061244267316;0.002589798869516692;2.6519368903079655e-05;0.861948586270057;0.8619410594219339;0.9238183899303868;0.8960316770545037;0.8959909218750245;0.9361511690481739;0.27058823529411763;0.9504684279557803;0.0007032818806346954;8.58700680732727
0.0;0.4;6;129;2;2;0.0053901893783338236;0.005390189378333802;0.0719135601185796;0.002603617038871144;2.7127327298794258e-05;0.8645473942528321;0.8645400091037821;0.925562545534765;0.8987236988194924;0.8986839970958482;0.9382454929622621;0.2709739633558341;0.9515344676255864;0.0006736930313780039;10.840059757232666
0.0;0.4;7;119;2;2;0.0053901893783338236;0.005390189378333802;0.0719135601185796;0.002603617038871144;2.7127327298794258e-05;0.8645473942528321;0.8645400091037821;0.925562545534765;0.8987236988194924;0.8986839970958482;0.9382454929622621;0.2709739633558341;0.9515344676255864;0.0006736930313780039;9.006075143814087
0.0;0.4;8;92;2;2;0.0053894044476379835;0.005389404447637953;0.07190061244267316;0.002589798869516692;2.6519368903079655e-05;0.8619485862700572;0.861941059421934;0.9238183899303868;0.8960316770545037;0.8959909218750245;0.9361511690481739;0.27058823529411763;0.9504684279557803;0.0007032818806346954;11.013225793838501
0.0;0.4;9;74;2;2;0.005396869452566744;0.005396869452566837;0.07212856325153717;0.002835165825513831;2.7284888412756547e-05;0.8962692879951422;0.8962636323616565;0.946326609525069;0.9213282983725248;0.9212974457905684;0.9550843946198231;0.26655119322555815;0.9392722623998311;0.0010556235322867862;6.780673980712891
0.0;0.5;0;57;2;2;0.0053894044476379835;0.005389404447637953;0.07190061244267316;0.002589798869516692;2.6519368903079655e-05;0.861948586270057;0.8619410594219339;0.9238183899303868;0.8960316770545037;0.8959909218750245;0.9361511690481739;0.27058823529411763;0.9504684279557803;0.0007032818806346954;4.481084108352661
0.0;0.5;1;48;2;2;0.005415290562426562;0.005415290562426657;0.07207865340611853;0.0027828401234416844;3.207492950497926e-05;0.9843726398748125;0.9843717878252178;0.9942645950065601;0.9888118210939334;0.9888074283582898;0.9956777827760513;0.2608528620822128;0.9233467233507311;0.0016754744997313775;4.733023166656494
0.0;0.5;2;135;2;2;0.004307948886159516;0.004307948886159425;0.0911974105158071;0.023327040076957024;0.0004581744600479366;0.004890093891159074;0.004835838782482803;0.006697282641862759;0.004022182612712402;0.0036309995457064854;0.0061528840626820045;0.14719666724526992;0.5726558678607051;0.056994271396007906;15.531217336654663
0.0;0.5;3;202;2;2;0.005391095737910148;0.00539109573791024;0.07199248899583342;0.0026886402456725586;2.7738033106030552e-05;0.8627853502905345;0.8627778690572365;0.9243995923808597;0.9014428405773646;0.901404203004383;0.9403421585558512;0.2714285714285714;0.9527900411163953;0.0006384634932459533;21.97150444984436
0.0;0.5;4;144;2;2;0.0054169310348879075;0.005416931034887882;0.0720539070527664;0.002756245748500636;3.202924050752966e-05;0.9951697068489798;0.9951694434872034;0.9984890838016055;0.9938618964215906;0.9938594862937913;0.9978377188595374;0.2608528620822128;0.9233467233507311;0.0016754744997313775;10.842280864715576
0.0;0.5;5;87;2;2;0.0054030323110680145;0.005403032311068154;0.07201749846676762;0.0027161398587166926;2.8972835932310836e-05;0.87312510155998;0.8731181840313345;0.9313882765612165;0.887206404980942;0.887162161218333;0.9382447114726197;0.2694980694980695;0.9474520254551273;0.000788925078103804;11.836732149124146
0.0;0.5;6;103;2;2;0.005395216019221518;0.005395216019221404;0.07207102361911376;0.002773329135912704;2.8381461619944796e-05;0.8879498632893009;0.8879437540619275;0.9410406872500728;0.9154821666406228;0.9154490248296147;0.950860615829823;0.26728288080107837;0.9413067871559317;0.0009859667196265107;12.916486501693726
0.0;0.5;7;250;2;2;0.0053894044476379835;0.005389404447637953;0.07190061244267316;0.002589798869516692;2.6519368903079655e-05;0.8619485862700572;0.861941059421934;0.9238183899303868;0.8960316770545037;0.8959909218750245;0.9361511690481739;0.27058823529411763;0.9504684279557803;0.0007032818806346954;20.473639488220215
0.0;0.5;8;127;2;2;0.0053901893783338236;0.005390189378333802;0.0719135601185796;0.002603617038871144;2.7127327298794258e-05;0.8645473942528321;0.8645400091037821;0.925562545534765;0.8987236988194924;0.8986839970958482;0.9382454929622621;0.2709739633558341;0.9515344676255864;0.0006736930313780039;10.621060371398926
0.0;0.5;9;115;2;2;0.005414217881979715;0.005414217881979665;0.07212250762761967;0.0028305531175324746;3.372640183852837e-05;0.9816182109760812;0.9816172087414269;0.9930592429923337;0.9841727057431566;0.9841664920110842;0.9935201916255721;0.2604266769171632;0.9221498451744892;0.0017254387416342672;10.526291131973267
0.0;0.6;0;89;2;2;0.005414217881979715;0.005414217881979665;0.07212250762761967;0.0028305531175324746;3.372640183852837e-05;0.9816182109760812;0.9816172087414269;0.9930592429923337;0.9841727057431566;0.9841664920110842;0.9935201916255721;0.2604266769171632;0.9221498451744892;0.0017254387416342672;8.834022760391235
0.0;0.6;1;86;2;2;0.0054169310348879075;0.005416931034887882;0.0720539070527664;0.002756245748500636;3.202924050752966e-05;0.9951697068489798;0.9951694434872034;0.9984890838016055;0.9938618964215906;0.9938594862937913;0.9978377188595374;0.2608528620822128;0.9233467233507311;0.0016754744997313775;8.051913738250732
0.0;0.6;2;94;2;2;0.0053894044476379835;0.005389404447637953;0.07190061244267316;0.002589798869516692;2.6519368903079655e-05;0.8619485862700572;0.861941059421934;0.9238183899303868;0.8960316770545037;0.8959909218750245;0.9361511690481739;0.27058823529411763;0.9504684279557803;0.0007032818806346954;10.276668071746826
0.0;0.6;3;135;2;2;0.005402437662198076;0.005402437662198085;0.07209113529944412;0.0027957334436464337;2.844960128182312e-05;0.925980906441311;0.9259768707225873;0.964350099056702;0.9398351637143655;0.9398115611109229;0.9678119578079544;0.2646775745909528;0.9340517606474316;0.0012413961848652504;13.549515962600708
0.0;0.6;4;75;2;2;0.005404316836964219;0.005404316836964311;0.07199517657992961;0.0026935116110614696;2.9186801114221704e-05;0.9385535763906905;0.9385502261390756;0.9714879102481581;0.9463939267053658;0.9463728946259579;0.9720732243401865;0.2644564379336931;0.9334345823222144;0.001261202184085328;7.330126047134399
0.0;0.6;5;106;2;2;0.0054030323110680145;0.005403032311068154;0.07201749846676762;0.0027161398587166926;2.8972835932310836e-05;0.87312510155998;0.8731181840313345;0.9313882765612165;0.887206404980942;0.887162161218333;0.9382447114726197;0.2694980694980695;0.9474520254551273;0.000788925078103804;12.058947324752808
0.0;0.6;6;152;2;2;0.004308076032462277;0.004308076032462108;0.09075259690698718;0.022849656669604687;0.00045935035726265953;0.0041358285877233164;0.004081532016851419;0.005646905936787261;0.0036490530738363084;0.0032576357436722766;0.005625556650401786;0.15444753300903405;0.5970908149631327;0.05059296450758345;15.067509651184082
0.0;0.6;7;155;2;2;0.0053894044476379835;0.005389404447637953;0.07190061244267316;0.002589798869516692;2.6519368903079655e-05;0.861948586270057;0.8619410594219339;0.9238183899303868;0.8960316770545037;0.8959909218750245;0.9361511690481739;0.27058823529411763;0.9504684279557803;0.0007032818806346954;18.716485261917114
0.0;0.6;8;73;2;2;0.0053894044476379835;0.005389404447637953;0.07190061244267316;0.002589798869516692;2.6519368903079655e-05;0.861948586270057;0.8619410594219339;0.9238183899303868;0.8960316770545037;0.8959909218750245;0.9361511690481739;0.27058823529411763;0.9504684279557803;0.0007032818806346954;8.491118669509888
0.0;0.6;9;154;2;2;0.0054169310348879075;0.005416931034887882;0.0720539070527664;0.002756245748500636;3.202924050752966e-05;0.9951697068489798;0.9951694434872034;0.9984890838016055;0.9938618964215906;0.9938594862937913;0.9978377188595374;0.2608528620822128;0.9233467233507311;0.0016754744997313775;18.887399196624756
0.0;0.7;0;234;2;2;0.005414217881979715;0.005414217881979665;0.07212250762761967;0.0028305531175324603;3.372640183852837e-05;0.9816182109760813;0.981617208741427;0.9930592429923337;0.9841727057431566;0.9841664920110842;0.9935201916255721;0.2604266769171632;0.9221498451744892;0.0017254387416342672;21.94766592979431
0.0;0.7;1;140;2;2;0.0054185673907864605;0.005418567390786351;0.07205559863253944;0.002758156577605422;3.2289895647640446e-05;1.0;1.0;1.0;1.0;1.0;1.0;0.2606607760276604;0.922807378170689;0.0016987224353218582;9.762763261795044
0.0;0.7;2;119;2;2;0.005414217881979715;0.005414217881979665;0.07212250762761967;0.0028305531175324746;3.372640183852837e-05;0.9816182109760812;0.9816172087414269;0.9930592429923337;0.9841727057431566;0.9841664920110842;0.9935201916255721;0.2604266769171632;0.9221498451744892;0.0017254387416342672;11.997591018676758
0.0;0.7;3;239;2;2;0.005408338093028784;0.0054083380930285575;0.0720663265183495;0.0027702799642507414;3.0467532460819425e-05;0.9423615702392607;0.9423584276023912;0.9735747290393721;0.9567014768705318;0.9566844858029486;0.9784827013350585;0.2653415669625627;0.9359036247451007;0.0011681980527572869;24.357994079589844
0.0;0.7;4;140;2;2;0.005414217881979715;0.005414217881979665;0.07212250762761967;0.0028305531175324603;3.372640183852837e-05;0.9816182109760813;0.981617208741427;0.9930592429923337;0.9841727057431566;0.9841664920110842;0.9935201916255721;0.2604266769171632;0.9221498451744892;0.0017254387416342672;15.533254146575928
0.0;0.7;5;141;2;2;0.0053894044476379835;0.005389404447637953;0.07190061244267316;0.002589798869516692;2.6519368903079655e-05;0.8619485862700572;0.861941059421934;0.9238183899303868;0.8960316770545037;0.8959909218750245;0.9361511690481739;0.27058823529411763;0.9504684279557803;0.0007032818806346954;17.539750576019287
0.0;0.7;6;155;2;2;0.005414217881979715;0.005414217881979665;0.07212250762761967;0.0028305531175324603;3.372640183852837e-05;0.9816182109760813;0.981617208741427;0.9930592429923337;0.9841727057431566;0.9841664920110842;0.9935201916255721;0.2604266769171632;0.9221498451744892;0.0017254387416342672;16.28814721107483
0.0;0.7;7;158;2;2;0.0053894044476379835;0.005389404447637953;0.07190061244267316;0.002589798869516692;2.6519368903079655e-05;0.8619485862700572;0.861941059421934;0.9238183899303868;0.8960316770545037;0.8959909218750245;0.9361511690481739;0.27058823529411763;0.9504684279557803;0.0007032818806346954;18.07731604576111
0.0;0.7;8;104;2;2;0.0053894044476379835;0.005389404447637953;0.07190061244267316;0.002589798869516692;2.6519368903079655e-05;0.861948586270057;0.8619410594219339;0.9238183899303868;0.8960316770545037;0.8959909218750245;0.9361511690481739;0.27058823529411763;0.9504684279557803;0.0007032818806346954;15.269351243972778
0.0;0.7;9;65;2;2;0.005413978017520334;0.00541397801752044;0.071991975204717;0.0026900711631341087;3.261344198179009e-05;0.9722666755497303;0.9722651634419531;0.9888462676803196;0.9798005970166349;0.9797926673499051;0.9913649452843787;0.26250962278675904;0.927991815078353;0.001476414789365289;6.491920709609985
0.0;0.8;0;141;2;2;0.0053901893783338236;0.005390189378333802;0.0719135601185796;0.002603617038871144;2.7127327298794258e-05;0.8645473942528321;0.8645400091037821;0.925562545534765;0.8987236988194924;0.8986839970958482;0.9382454929622621;0.2709739633558341;0.9515344676255864;0.0006736930313780039;11.89426064491272
0.0;0.8;1;95;2;2;0.005391095737910148;0.00539109573791024;0.07199248899583342;0.0026886402456725586;2.7738033106030552e-05;0.8627853502905345;0.8627778690572365;0.9243995923808597;0.9014428405773645;0.9014042030043828;0.9403421585558512;0.2714285714285714;0.9527900411163953;0.0006384634932459533;9.63617491722107
0.0;0.8;2;106;2;2;0.005395216019221518;0.005395216019221404;0.07207102361911376;0.0027733291359126897;2.8381461619944796e-05;0.887949863289301;0.8879437540619276;0.9410406872500728;0.9154821666406228;0.9154490248296147;0.950860615829823;0.26728288080107837;0.9413067871559317;0.0009859667196265107;12.010399341583252
0.0;0.8;3;151;2;2;0.005414217881979715;0.005414217881979665;0.07212250762761967;0.0028305531175324603;3.372640183852837e-05;0.9816182109760813;0.981617208741427;0.9930592429923337;0.9841727057431566;0.9841664920110842;0.9935201916255721;0.2604266769171632;0.9221498451744892;0.0017254387416342672;18.838568449020386
0.0;0.8;4;190;2;2;0.0053894044476379835;0.005389404447637953;0.07190061244267316;0.002589798869516692;2.6519368903079655e-05;0.861948586270057;0.8619410594219339;0.9238183899303868;0.8960316770545037;0.8959909218750245;0.9361511690481739;0.27058823529411763;0.9504684279557803;0.0007032818806346954;20.43464422225952
0.0;0.8;5;94;2;2;0.004217431075791818;0.004217431075791967;0.08876942231560968;0.020804514261958038;0.00042326647856863296;0.0039739225083965605;0.003919572295392089;0.005353518023357498;0.0030397548970612816;0.0026482145429743476;0.0046493110431114785;0.20633263743910926;0.7633689068358812;0.01801963254902908;11.567825555801392
0.0;0.8;6;104;2;2;0.0053901893783338236;0.005390189378333802;0.0719135601185796;0.00260361703887113;2.7127327298794258e-05;0.8645473942528321;0.8645400091037821;0.925562545534765;0.8987236988194924;0.8986839970958482;0.9382454929622621;0.2709739633558341;0.9515344676255864;0.0006736930313780039;9.452311992645264
0.0;0.8;7;110;2;2;0.005414217881979715;0.005414217881979665;0.07212250762761967;0.0028305531175324746;3.372640183852837e-05;0.9816182109760812;0.9816172087414269;0.9930592429923337;0.9841727057431566;0.9841664920110842;0.9935201916255721;0.2604266769171632;0.9221498451744892;0.0017254387416342672;10.827722787857056
0.0;0.8;8;138;2;2;0.005414217881979715;0.005414217881979665;0.07212250762761967;0.0028305531175324746;3.372640183852837e-05;0.9816182109760812;0.9816172087414269;0.9930592429923337;0.9841727057431566;0.9841664920110842;0.9935201916255721;0.2604266769171632;0.9221498451744892;0.0017254387416342672;13.012021541595459
0.0;0.8;9;152;2;2;0.0041229332502002785;0.00412293325020041;0.08830679279796652;0.020308477889842;0.00042090541788636804;0.004138351261730857;0.004084009449542885;0.0055785338037793114;0.0032480813223005997;0.0028566227851193095;0.004967398149515477;0.2062608695652174;0.7631487889273356;0.018063936673316718;17.706689834594727
0.0;0.9;0;71;2;2;0.005414217881979715;0.005414217881979665;0.07212250762761967;0.0028305531175324746;3.372640183852837e-05;0.9816182109760812;0.9816172087414269;0.9930592429923337;0.9841727057431566;0.9841664920110842;0.9935201916255721;0.2604266769171632;0.9221498451744892;0.0017254387416342672;7.5520031452178955
0.0;0.9;1;103;2;2;0.0053901893783338236;0.005390189378333802;0.0719135601185796;0.00260361703887113;2.7127327298794258e-05;0.8645473942528321;0.8645400091037821;0.925562545534765;0.8987236988194924;0.8986839970958482;0.9382454929622621;0.2709739633558341;0.9515344676255864;0.0006736930313780039;10.34540343284607
0.0;0.9;2;109;2;2;0.0053901893783338236;0.005390189378333802;0.0719135601185796;0.002603617038871144;2.7127327298794258e-05;0.8645473942528321;0.8645400091037821;0.925562545534765;0.8987236988194924;0.8986839970958482;0.9382454929622621;0.2709739633558341;0.9515344676255864;0.0006736930313780039;9.4712655544281
0.0;0.9;3;173;2;2;0.005414217881979715;0.005414217881979665;0.07212250762761967;0.0028305531175324603;3.372640183852837e-05;0.9816182109760813;0.981617208741427;0.9930592429923337;0.9841727057431566;0.9841664920110842;0.9935201916255721;0.2604266769171632;0.9221498451744892;0.0017254387416342672;15.687937498092651
0.0;0.9;4;135;2;2;0.004131530896772047;0.004131530896772254;0.08793361034513104;0.020004020133449225;0.00040558919364308164;0.0037344080839223056;0.003679993970048316;0.004981503383843099;0.0027643111926689288;0.0023727463672537905;0.004194106405118182;0.23220191470844212;0.8410417054266152;0.008429987060906023;16.03138017654419
0.0;0.9;5;164;2;2;0.005414217881979715;0.005414217881979665;0.07212250762761967;0.0028305531175324603;3.372640183852837e-05;0.9816182109760813;0.981617208741427;0.9930592429923337;0.9841727057431566;0.9841664920110842;0.9935201916255721;0.2604266769171632;0.9221498451744892;0.0017254387416342672;14.604761838912964
0.0;0.9;6;93;2;2;0.004122239888287435;0.004122239888287374;0.087454625416506;0.01947371395379167;0.00037164195479769265;0.02053242271071142;0.02047893407897386;0.027893603414117618;0.019092080849219314;0.018706927126361718;0.02786342510872124;0.23301310043668122;0.8434245973530257;0.008127842415294323;9.417846202850342
0.0;0.9;7;120;2;2;0.003863192199695288;0.0038631921996953667;0.08581903024860743;0.01771935289605314;0.0003889494568739989;0.004285500205433383;0.004231122731929283;0.0057387856171335315;0.0036372106103822084;0.003246095287769915;0.005472042914700561;0.23285041019375108;0.8429469393621701;0.008187790965605304;14.101545333862305
0.0;0.9;8;196;2;2;0.0053894044476379835;0.005389404447637953;0.07190061244267316;0.002589798869516692;2.6519368903079655e-05;0.8619485862700572;0.861941059421934;0.9238183899303868;0.8960316770545037;0.8959909218750245;0.9361511690481739;0.27058823529411763;0.9504684279557803;0.0007032818806346954;18.57674813270569
0.0;0.9;9;95;2;2;0.0053894044476379835;0.005389404447637953;0.07190061244267316;0.002589798869516692;2.6519368903079655e-05;0.8619485862700572;0.861941059421934;0.9238183899303868;0.8960316770545037;0.8959909218750245;0.9361511690481739;0.27058823529411763;0.9504684279557803;0.0007032818806346954;9.76927638053894
0.0;1.0;0;148;2;2;0.005384564867520496;0.005384564867520928;0.0720695811114438;0.002772410062510897;2.911238597391154e-05;0.838936411045346;0.8389276294413671;0.9067551340479726;0.8987236988194924;0.8986839970958482;0.9382454929622621;0.2861556284997104;0.9929395029355849;1.4405903011092437e-05;20.25728416442871
0.0;1.0;1;124;2;2;0.005264852593792966;0.005264852593793085;0.07212404299448544;0.0028317122578577366;2.950287351468658e-05;0.8479832022155264;0.8479749138057712;0.9128102666550939;0.9041900771444015;0.9041525148032918;0.9424411659462228;0.2856592135697764;0.9915797257708832;2.048988682404611e-05;13.597400665283203
0.0;1.0;2;99;2;2;0.005278110585097236;0.005278110585097271;0.07204638858859236;0.002747564436781452;2.7775946414812423e-05;0.8320528664646425;0.8320437095451937;0.9018681174103469;0.8960316770545037;0.8959909218750245;0.9361511690481739;0.2861003861003861;0.9927884165839514;1.5029098991454961e-05;9.77240777015686
0.0;1.0;3;333;2;2;0.005384564867520496;0.005384564867520928;0.0720695811114438;0.002772410062510897;2.911238597391154e-05;0.838936411045346;0.8389276294413671;0.9067551340479726;0.8987236988194924;0.8986839970958482;0.9382454929622621;0.2861556284997104;0.9929395029355849;1.4405903011092437e-05;34.332762718200684
0.0;1.0;4;180;2;2;0.005384564867520496;0.005384564867520928;0.0720695811114438;0.002772410062510897;2.911238597391154e-05;0.838936411045346;0.8389276294413671;0.9067551340479726;0.8987236988194924;0.8986839970958482;0.9382454929622621;0.2861556284997104;0.9929395029355849;1.4405903011092437e-05;18.678126096725464
0.0;1.0;5;148;2;2;0.004018010059111823;0.004018010059111712;0.08737757214853922;0.01952321856366796;0.00038173778569999285;0.006072222051003079;0.006017875007778666;0.008107353597651273;0.005649947674936762;0.005259622438340045;0.008465773896789108;0.2588646288209607;0.9104463549436754;0.0023542313961990406;18.7721107006073
0.0;1.0;6;98;2;2;0.005277111542202348;0.005277111542202151;0.07204375903241016;0.002744901564467128;2.747817656422434e-05;0.8297013860273442;0.829692100884761;0.9001464405137567;0.8907254113829454;0.8906825799556862;0.9319695457906109;0.2859899652643767;0.9924862438806843;1.6315090531016313e-05;9.870209455490112
0.0;1.0;7;199;2;2;0.005253851376446054;0.005253851376445986;0.07210122970773958;0.00280674824501542;3.0115965864771584e-05;0.8662330763741919;0.8662257830327332;0.9252717387413472;0.927324622363493;0.9272961182954925;0.9593175439087971;0.2859347868030098;0.9923351575290508;1.6977886768037957e-05;22.346592903137207
0.0;1.0;8;84;2;2;0.00537904945590112;0.0053790494559009154;0.07218982232852994;0.0029021304171093455;2.862874330060436e-05;0.8214349817380924;0.8214252458651197;0.8941335240364152;0.8804018997316876;0.8803550296957426;0.9236343942965668;0.285824493731919;0.9920329848257837;1.834308192461909e-05;9.02892017364502
0.0;1.0;9;106;2;2;0.005384651355891092;0.0053846513558909815;0.07213141980875212;0.002838945719596081;2.8689740604919913e-05;0.8377418383304478;0.8377329915887081;0.9058917598919088;0.8987236988194924;0.8986839970958482;0.9382454929622621;0.2861003861003861;0.9927884165839514;1.5029098991454961e-05;12.506425619125366
0.1;0.0;0;122;2;2;0.0053901893783338236;0.005390189378333802;0.0719135601185796;0.00260361703887113;2.7127327298794258e-05;0.8645473942528321;0.8645400091037821;0.925562545534765;0.8987236988194924;0.8986839970958482;0.9382454929622621;0.2709739633558341;0.9515344676255864;0.0006736930313780039;10.493456602096558
0.1;0.0;1;86;2;2;0.0053894044476379835;0.005389404447637953;0.07190061244267316;0.002589798869516692;2.6519368903079655e-05;0.861948586270057;0.8619410594219339;0.9238183899303868;0.8960316770545037;0.8959909218750245;0.9361511690481739;0.27058823529411763;0.9504684279557803;0.0007032818806346954;9.572753429412842
0.1;0.0;2;170;2;2;0.0053901893783338236;0.005390189378333802;0.0719135601185796;0.002603617038871144;2.7127327298794258e-05;0.8645473942528321;0.8645400091037821;0.925562545534765;0.8987236988194924;0.8986839970958482;0.9382454929622621;0.2709739633558341;0.9515344676255864;0.0006736930313780039;15.923926830291748
0.1;0.0;3;108;2;2;0.005404805779098146;0.00540480577909806;0.07203281541938195;0.002733766627600258;2.875812685189801e-05;0.9290516950343072;0.9290478267174166;0.9661320846843028;0.9430863964373525;0.9430640679865541;0.9699414193417147;0.26532973389895875;0.9358706395296544;0.0011710647279222167;11.5200834274292
0.1;0.0;4;73;2;2;0.0053894044476379835;0.005389404447637953;0.07190061244267316;0.002589798869516692;2.6519368903079655e-05;0.861948586270057;0.8619410594219339;0.9238183899303868;0.8960316770545037;0.8959909218750245;0.9361511690481739;0.27058823529411763;0.9504684279557803;0.0007032818806346954;6.775956869125366
0.1;0.0;5;101;2;2;0.0053901893783338236;0.005390189378333802;0.0719135601185796;0.00260361703887113;2.7127327298794258e-05;0.8645473942528321;0.8645400091037821;0.925562545534765;0.8987236988194924;0.8986839970958482;0.9382454929622621;0.2709739633558341;0.9515344676255864;0.0006736930313780039;7.301907062530518
0.1;0.0;6;81;2;2;0.005415290562426562;0.005415290562426657;0.07207865340611853;0.0027828401234416844;3.207492950497926e-05;0.9843726398748127;0.9843717878252181;0.9942645950065601;0.9888118210939335;0.9888074283582899;0.9956777827760513;0.2608528620822128;0.9233467233507311;0.0016754744997313775;6.997099876403809
0.1;0.0;7;65;2;2;0.004308894378314398;0.004308894378314331;0.09120965101174866;0.023340241066860706;0.00046186810182748003;0.004729157552638666;0.00467489364528441;0.006475236911113883;0.0038958047441840977;0.003504543151054595;0.005974787387925608;0.1474726420010422;0.5735915379702341;0.056685427797664625;5.678117275238037
0.1;0.0;8;96;2;2;0.0053894044476379835;0.005389404447637953;0.07190061244267316;0.002589798869516692;2.6519368903079655e-05;0.861948586270057;0.8619410594219339;0.9238183899303868;0.8960316770545037;0.8959909218750245;0.9361511690481739;0.27058823529411763;0.9504684279557803;0.0007032818806346954;5.1451568603515625
0.1;0.0;9;152;2;2;0.0053901893783338236;0.005390189378333802;0.0719135601185796;0.00260361703887113;2.7127327298794258e-05;0.8645473942528321;0.8645400091037821;0.925562545534765;0.8987236988194924;0.8986839970958482;0.9382454929622621;0.2709739633558341;0.9515344676255864;0.0006736930313780039;15.143985509872437
0.1;0.1;0;97;2;2;0.004293500929971658;0.0042935009299717745;0.09026381231925912;0.022324274926859154;0.0004281583711945758;0.01822033383858304;0.018166805232552173;0.02508618833706998;0.016825085943891475;0.016439014911894454;0.02467296774080829;0.14668522707499565;0.5709206805753518;0.057257352198469225;7.916560411453247
0.1;0.1;1;101;2;2;0.005415290562426562;0.005415290562426657;0.07207865340611853;0.0027828401234416844;3.207492950497926e-05;0.9843726398748127;0.9843717878252181;0.9942645950065601;0.9888118210939335;0.9888074283582899;0.9956777827760513;0.2608528620822128;0.9233467233507311;0.0016754744997313775;9.41003942489624
0.1;0.1;2;119;2;2;0.0053894044476379835;0.005389404447637953;0.07190061244267316;0.002589798869516692;2.6519368903079655e-05;0.8619485862700572;0.861941059421934;0.9238183899303868;0.8960316770545037;0.8959909218750245;0.9361511690481739;0.27058823529411763;0.9504684279557803;0.0007032818806346954;8.615470886230469
0.1;0.1;3;112;2;2;0.0053894044476379835;0.005389404447637953;0.07190061244267316;0.002589798869516692;2.6519368903079655e-05;0.8619485862700572;0.861941059421934;0.9238183899303868;0.8960316770545037;0.8959909218750245;0.9361511690481739;0.27058823529411763;0.9504684279557803;0.0007032818806346954;9.337708950042725
0.1;0.1;4;94;2;2;0.005391095737910148;0.00539109573791024;0.07199248899583344;0.0026886402456725443;2.7738033106030552e-05;0.8627853502905343;0.8627778690572363;0.9243995923808597;0.9014428405773646;0.901404203004383;0.9403421585558512;0.2714285714285714;0.9527900411163953;0.0006384634932459533;10.741991758346558
0.1;0.1;5;166;2;2;0.0053901893783338236;0.005390189378333802;0.0719135601185796;0.002603617038871144;2.7127327298794258e-05;0.8645473942528321;0.8645400091037821;0.925562545534765;0.8987236988194924;0.8986839970958482;0.9382454929622621;0.2709739633558341;0.9515344676255864;0.0006736930313780039;21.155949115753174
0.1;0.1;6;170;2;2;0.0053894044476379835;0.005389404447637953;0.07190061244267316;0.002589798869516692;2.6519368903079655e-05;0.861948586270057;0.8619410594219339;0.9238183899303868;0.8960316770545037;0.8959909218750245;0.9361511690481739;0.27058823529411763;0.9504684279557803;0.0007032818806346954;21.788877487182617
0.1;0.1;7;103;2;2;0.0053894044476379835;0.005389404447637953;0.07190061244267316;0.002589798869516692;2.6519368903079655e-05;0.8619485862700572;0.861941059421934;0.9238183899303868;0.8960316770545037;0.8959909218750245;0.9361511690481739;0.27058823529411763;0.9504684279557803;0.0007032818806346954;10.85909104347229
0.1;0.1;8;113;2;2;0.005414217881979715;0.005414217881979665;0.07212250762761967;0.0028305531175324746;3.372640183852837e-05;0.9816182109760812;0.9816172087414269;0.9930592429923337;0.9841727057431566;0.9841664920110842;0.9935201916255721;0.2604266769171632;0.9221498451744892;0.0017254387416342672;16.439062356948853
0.1;0.1;9;140;2;2;0.004302350240730245;0.004302350240730237;0.09091158508489953;0.023020902889901978;0.0004501966219850238;0.00463775900413763;0.004583489599139873;0.006353477525692337;0.004169905130785264;0.0037788646893304003;0.006336235752664028;0.14731520223152023;0.5730578063017019;0.05652590060050021;15.305261850357056
0.1;0.2;0;139;2;2;0.004306490270038985;0.004306490270039056;0.09106266089815139;0.02318247278615907;0.0004513729808447929;0.005809466926317315;0.00575526181565984;0.007971121672334639;0.005163810108226676;0.004773103943199502;0.007848893113410523;0.14668057003823426;0.5709048733148733;0.05736335876045186;20.60666012763977
0.1;0.2;1;251;2;2;0.0053894044476379835;0.005389404447637953;0.07190061244267316;0.002589798869516692;2.6519368903079655e-05;0.8619485862700572;0.861941059421934;0.9238183899303868;0.8960316770545037;0.8959909218750245;0.9361511690481739;0.27058823529411763;0.9504684279557803;0.0007032818806346954;21.825421571731567
0.1;0.2;2;100;2;2;0.005415290562426562;0.005415290562426657;0.07207865340611853;0.0027828401234416844;3.207492950497926e-05;0.9843726398748127;0.9843717878252181;0.9942645950065601;0.9888118210939335;0.9888074283582899;0.9956777827760513;0.2608528620822128;0.9233467233507311;0.0016754744997313775;12.588757991790771
0.1;0.2;3;79;2;2;0.005414217881979715;0.005414217881979665;0.07212250762761967;0.0028305531175324603;3.372640183852837e-05;0.9816182109760813;0.981617208741427;0.9930592429923337;0.9841727057431566;0.9841664920110842;0.9935201916255721;0.2604266769171632;0.9221498451744892;0.0017254387416342672;7.646832466125488
0.1;0.2;4;126;2;2;0.005414217881979715;0.005414217881979665;0.07212250762761967;0.0028305531175324603;3.372640183852837e-05;0.9816182109760813;0.981617208741427;0.9930592429923337;0.9841727057431566;0.9841664920110842;0.9935201916255721;0.2604266769171632;0.9221498451744892;0.0017254387416342672;15.464984893798828
0.1;0.2;5;126;2;2;0.0053901893783338236;0.005390189378333802;0.0719135601185796;0.002603617038871144;2.7127327298794258e-05;0.8645473942528321;0.8645400091037821;0.925562545534765;0.8987236988194924;0.8986839970958482;0.9382454929622621;0.2709739633558341;0.9515344676255864;0.0006736930313780039;16.45011806488037
0.1;0.2;6;149;2;2;0.004309795871783277;0.004309795871783495;0.09117096248716319;0.02329863061842636;0.0004625129900018456;0.004554245170123542;0.004499971743239766;0.006232859810173992;0.0037714282150456183;0.0033800885342479808;0.005799011583352354;0.14782004516241098;0.5747687406342764;0.05637097116404435;17.48625946044922
0.1;0.2;7;121;2;2;0.0053894044476379835;0.005389404447637953;0.07190061244267316;0.002589798869516692;2.6519368903079655e-05;0.861948586270057;0.8619410594219339;0.9238183899303868;0.8960316770545037;0.8959909218750245;0.9361511690481739;0.27058823529411763;0.9504684279557803;0.0007032818806346954;8.87194561958313
0.1;0.2;8;234;2;2;0.0054185673907864605;0.005418567390786351;0.07205559863253942;0.002758156577605394;3.2289895647640446e-05;1.0;1.0;1.0;1.0;1.0;1.0;0.2606607760276604;0.922807378170689;0.0016987224353218582;32.03514790534973
0.1;0.2;9;135;2;2;0.0053901893783338236;0.005390189378333802;0.0719135601185796;0.00260361703887113;2.7127327298794258e-05;0.8645473942528321;0.8645400091037821;0.925562545534765;0.8987236988194924;0.8986839970958482;0.9382454929622621;0.2709739633558341;0.9515344676255864;0.0006736930313780039;16.373255729675293
0.1;0.3;0;145;2;2;0.004306490270038985;0.004306490270039056;0.09106266089815139;0.02318247278615907;0.0004513729808447929;0.005809466926317315;0.00575526181565984;0.007971121672334639;0.005163810108226676;0.004773103943199502;0.007848893113410523;0.14668057003823426;0.5709048733148733;0.05736335876045186;15.740124464035034
0.1;0.3;1;90;2;2;0.0053901893783338236;0.005390189378333802;0.0719135601185796;0.00260361703887113;2.7127327298794258e-05;0.8645473942528321;0.8645400091037821;0.925562545534765;0.8987236988194924;0.8986839970958482;0.9382454929622621;0.2709739633558341;0.9515344676255864;0.0006736930313780039;7.9988391399383545
0.1;0.3;2;120;2;2;0.0053894044476379835;0.005389404447637953;0.07190061244267316;0.002589798869516692;2.6519368903079655e-05;0.861948586270057;0.8619410594219339;0.9238183899303868;0.8960316770545037;0.8959909218750245;0.9361511690481739;0.27058823529411763;0.9504684279557803;0.0007032818806346954;12.55162787437439
0.1;0.3;3;136;2;2;0.0053901893783338236;0.005390189378333802;0.0719135601185796;0.002603617038871144;2.7127327298794258e-05;0.8645473942528321;0.8645400091037821;0.925562545534765;0.8987236988194924;0.8986839970958482;0.9382454929622621;0.2709739633558341;0.9515344676255864;0.0006736930313780039;11.891565084457397
0.1;0.3;4;131;2;2;0.005414217881979715;0.005414217881979665;0.07212250762761967;0.0028305531175324603;3.372640183852837e-05;0.9816182109760813;0.981617208741427;0.9930592429923337;0.9841727057431566;0.9841664920110842;0.9935201916255721;0.2604266769171632;0.9221498451744892;0.0017254387416342672;13.196597337722778
0.1;0.3;5;151;2;2;0.0053894044476379835;0.005389404447637953;0.07190061244267316;0.002589798869516692;2.6519368903079655e-05;0.861948586270057;0.8619410594219339;0.9238183899303868;0.8960316770545037;0.8959909218750245;0.9361511690481739;0.27058823529411763;0.9504684279557803;0.0007032818806346954;14.604016780853271
0.1;0.3;6;85;2;2;0.004293500929971658;0.0042935009299717745;0.09026381231925912;0.02232427492685914;0.0004281583711945758;0.01822033383858304;0.018166805232552173;0.02508618833706998;0.016825085943891475;0.016439014911894454;0.02467296774080829;0.14668522707499565;0.5709206805753518;0.057257352198469225;6.62511682510376
0.1;0.3;7;125;2;2;0.004305053118534978;0.004305053118534961;0.09100525917298637;0.023120887298089105;0.0004457365388532726;0.0040632555817656365;0.0040089552107179125;0.005555803137272764;0.0034633235148883368;0.0030719495106708372;0.005294840759049005;0.14775495997215454;0.5745482486476673;0.056271594175003145;11.002705812454224
0.1;0.3;8;206;2;2;0.004309795871783277;0.004309795871783495;0.09117096248716319;0.02329863061842637;0.0004625129900018456;0.004554245170123542;0.004499971743239766;0.006232859810173992;0.0037714282150456183;0.0033800885342479808;0.005799011583352354;0.14782004516241098;0.5747687406342764;0.05637097116404434;24.084167003631592
0.1;0.3;9;96;2;2;0.005391095737910148;0.00539109573791024;0.07199248899583344;0.0026886402456725443;2.7738033106030552e-05;0.8627853502905343;0.8627778690572363;0.9243995923808597;0.9014428405773646;0.901404203004383;0.9403421585558512;0.2714285714285714;0.9527900411163953;0.0006384634932459533;9.819490909576416
0.1;0.4;0;106;2;2;0.0053894044476379835;0.005389404447637953;0.07190061244267316;0.002589798869516692;2.6519368903079655e-05;0.8619485862700572;0.861941059421934;0.9238183899303868;0.8960316770545037;0.8959909218750245;0.9361511690481739;0.27058823529411763;0.9504684279557803;0.0007032818806346954;11.866213083267212
0.1;0.4;1;121;2;2;0.005414217881979715;0.005414217881979665;0.07212250762761967;0.0028305531175324603;3.372640183852837e-05;0.9816182109760813;0.981617208741427;0.9930592429923337;0.9841727057431566;0.9841664920110842;0.9935201916255721;0.2604266769171632;0.9221498451744892;0.0017254387416342672;15.575663089752197
0.1;0.4;2;77;2;2;0.005414217881979715;0.005414217881979665;0.07212250762761967;0.0028305531175324746;3.372640183852837e-05;0.9816182109760812;0.9816172087414269;0.9930592429923337;0.9841727057431566;0.9841664920110842;0.9935201916255721;0.2604266769171632;0.9221498451744892;0.0017254387416342672;7.4278247356414795
0.1;0.4;3;187;2;2;0.0053901893783338236;0.005390189378333802;0.0719135601185796;0.002603617038871144;2.7127327298794258e-05;0.8645473942528321;0.8645400091037821;0.925562545534765;0.8987236988194924;0.8986839970958482;0.9382454929622621;0.2709739633558341;0.9515344676255864;0.0006736930313780039;24.38784146308899
0.1;0.4;4;98;2;2;0.0053894044476379835;0.005389404447637953;0.07190061244267316;0.002589798869516692;2.6519368903079655e-05;0.861948586270057;0.8619410594219339;0.9238183899303868;0.8960316770545037;0.8959909218750245;0.9361511690481739;0.27058823529411763;0.9504684279557803;0.0007032818806346954;8.464993238449097
0.1;0.4;5;155;2;2;0.005391095737910148;0.00539109573791024;0.07199248899583342;0.0026886402456725586;2.7738033106030552e-05;0.8627853502905345;0.8627778690572365;0.9243995923808597;0.9014428405773646;0.901404203004383;0.9403421585558512;0.2714285714285714;0.9527900411163953;0.0006384634932459533;24.37253451347351
0.1;0.4;6;89;2;2;0.005408338093028784;0.0054083380930285575;0.0720663265183495;0.0027702799642507553;3.0467532460819425e-05;0.9423615702392607;0.9423584276023912;0.9735747290393721;0.9567014768705318;0.9566844858029486;0.9784827013350585;0.2653415669625627;0.9359036247451007;0.0011681980527572869;8.709099054336548
0.1;0.4;7;125;2;2;0.0043112008316901086;0.0043112008316899516;0.09101250702545757;0.023128341532090174;0.0004659398737658621;0.0041473100861699795;0.004093014472480524;0.005669795666217344;0.003427898977585321;0.00303639476684354;0.005288756477656431;0.1480194579569145;0.5754441445598162;0.05617665065595728;12.015145778656006
0.1;0.4;8;152;2;2;0.0053901893783338236;0.005390189378333802;0.0719135601185796;0.00260361703887113;2.7127327298794258e-05;0.8645473942528321;0.8645400091037821;0.925562545534765;0.8987236988194924;0.8986839970958482;0.9382454929622621;0.2709739633558341;0.9515344676255864;0.0006736930313780039;17.125613927841187
0.1;0.4;9;127;2;2;0.0054185673907864605;0.005418567390786351;0.07205559863253944;0.002758156577605422;3.2289895647640446e-05;1.0;1.0;1.0;1.0;1.0;1.0;0.2606607760276604;0.922807378170689;0.0016987224353218582;27.23427152633667
0.1;0.5;0;163;2;2;0.004308894378314398;0.004308894378314331;0.09120965101174865;0.023340241066860692;0.00046186810182748003;0.004729157552638666;0.00467489364528441;0.006475236911113883;0.0038958047441840977;0.003504543151054596;0.005974787387925608;0.1474726420010422;0.5735915379702341;0.05668542779766464;21.514468908309937
0.1;0.5;1;129;2;2;0.005393722553145111;0.005393722553145037;0.07208241698724123;0.0027852840834943385;2.8194942034571963e-05;0.8794173910850897;0.8794108166658795;0.9354771621027294;0.9097731015723928;0.9097377246289664;0.9466462065876763;0.2694680030840401;0.9473687606548512;0.0007937143248977728;11.736124277114868
0.1;0.5;2;179;2;2;0.005414217881979715;0.005414217881979665;0.07212250762761967;0.0028305531175324746;3.372640183852837e-05;0.9816182109760812;0.9816172087414269;0.9930592429923337;0.9841727057431566;0.9841664920110842;0.9935201916255721;0.2604266769171632;0.9221498451744892;0.0017254387416342672;20.575746774673462
0.1;0.5;3;150;2;2;0.0053901893783338236;0.005390189378333802;0.0719135601185796;0.00260361703887113;2.7127327298794258e-05;0.8645473942528321;0.8645400091037821;0.925562545534765;0.8987236988194924;0.8986839970958482;0.9382454929622621;0.2709739633558341;0.9515344676255864;0.0006736930313780039;25.199379444122314
0.1;0.5;4;168;2;2;0.005393722553145111;0.005393722553145037;0.07208241698724123;0.0027852840834943385;2.8194942034571963e-05;0.8794173910850897;0.8794108166658795;0.9354771621027294;0.9097731015723928;0.9097377246289664;0.9466462065876763;0.2694680030840401;0.9473687606548512;0.0007937143248977728;22.161105394363403
0.1;0.5;5;126;2;2;0.0053894044476379835;0.005389404447637953;0.07190061244267316;0.002589798869516692;2.6519368903079655e-05;0.8619485862700572;0.861941059421934;0.9238183899303868;0.8960316770545037;0.8959909218750245;0.9361511690481739;0.27058823529411763;0.9504684279557803;0.0007032818806346954;18.453227281570435
0.1;0.5;6;105;2;2;0.005391095737910148;0.00539109573791024;0.07199248899583342;0.0026886402456725586;2.7738033106030552e-05;0.8627853502905345;0.8627778690572365;0.9243995923808597;0.9014428405773646;0.901404203004383;0.9403421585558512;0.2714285714285714;0.9527900411163953;0.0006384634932459533;9.350325345993042
0.1;0.5;7;73;2;2;0.005414217881979715;0.005414217881979665;0.07212250762761967;0.0028305531175324603;3.372640183852837e-05;0.9816182109760813;0.981617208741427;0.9930592429923337;0.9841727057431566;0.9841664920110842;0.9935201916255721;0.2604266769171632;0.9221498451744892;0.0017254387416342672;7.016083717346191
0.1;0.5;8;91;2;2;0.0053894044476379835;0.005389404447637953;0.07190061244267316;0.002589798869516692;2.6519368903079655e-05;0.861948586270057;0.8619410594219339;0.9238183899303868;0.8960316770545037;0.8959909218750245;0.9361511690481739;0.27058823529411763;0.9504684279557803;0.0007032818806346954;9.197068452835083
0.1;0.5;9;113;2;2;0.0053894044476379835;0.005389404447637953;0.07190061244267316;0.002589798869516692;2.6519368903079655e-05;0.8619485862700572;0.861941059421934;0.9238183899303868;0.8960316770545037;0.8959909218750245;0.9361511690481739;0.27058823529411763;0.9504684279557803;0.0007032818806346954;10.656962871551514
0.1;0.6;0;137;2;2;0.0053901893783338236;0.005390189378333802;0.0719135601185796;0.002603617038871144;2.7127327298794258e-05;0.8645473942528321;0.8645400091037821;0.925562545534765;0.8987236988194924;0.8986839970958482;0.9382454929622621;0.2709739633558341;0.9515344676255864;0.0006736930313780039;11.6778085231781
0.1;0.6;1;165;2;2;0.005393722553145111;0.005393722553145037;0.07208241698724123;0.0027852840834943385;2.8194942034571963e-05;0.8794173910850897;0.8794108166658795;0.9354771621027294;0.9097731015723929;0.9097377246289666;0.9466462065876763;0.2694680030840401;0.9473687606548512;0.0007937143248977728;22.2436683177948
0.1;0.6;2;225;2;2;0.004292171006927268;0.004292171006927209;0.09034807420887787;0.02241478484987764;0.0004355674231806141;0.017887995491459956;0.017834448788624772;0.024608972731077546;0.016566660266212552;0.016180460240807795;0.024328891520895003;0.15452807231009907;0.5973605036781116;0.050485440777797486;29.798330545425415
0.1;0.6;3;153;2;2;0.005414217881979715;0.005414217881979665;0.07212250762761967;0.0028305531175324603;3.372640183852837e-05;0.9816182109760813;0.981617208741427;0.9930592429923337;0.9841727057431566;0.9841664920110842;0.9935201916255721;0.2604266769171632;0.9221498451744892;0.0017254387416342672;28.380199193954468
0.1;0.6;4;135;2;2;0.005391095737910148;0.00539109573791024;0.07199248899583344;0.0026886402456725443;2.7738033106030552e-05;0.8627853502905343;0.8627778690572363;0.9243995923808597;0.9014428405773645;0.9014042030043828;0.9403421585558512;0.2714285714285714;0.9527900411163953;0.0006384634932459533;20.63764214515686
0.1;0.6;5;122;2;2;0.005400654282148036;0.005400654282147949;0.0721395553454076;0.002848021903466347;2.8595761647562084e-05;0.9144032770576004;0.9143986100845135;0.9575343912677353;0.933487030406483;0.9334609404140802;0.9635600646518264;0.2650741668272009;0.9351580838424839;0.0011989893557346597;12.714823246002197
0.1;0.6;6;110;2;2;0.0053901893783338236;0.005390189378333802;0.0719135601185796;0.002603617038871144;2.7127327298794258e-05;0.8645473942528321;0.8645400091037821;0.925562545534765;0.8987236988194924;0.8986839970958482;0.9382454929622621;0.2709739633558341;0.9515344676255864;0.0006736930313780039;11.243140697479248
0.1;0.6;7;124;2;2;0.0053901893783338236;0.005390189378333802;0.0719135601185796;0.00260361703887113;2.7127327298794258e-05;0.8645473942528321;0.8645400091037821;0.925562545534765;0.8987236988194924;0.8986839970958482;0.9382454929622621;0.2709739633558341;0.9515344676255864;0.0006736930313780039;18.135931968688965
0.1;0.6;8;122;2;2;0.005391095737910148;0.00539109573791024;0.07199248899583342;0.0026886402456725586;2.7738033106030552e-05;0.8627853502905345;0.8627778690572365;0.9243995923808597;0.9014428405773645;0.9014042030043828;0.9403421585558512;0.2714285714285714;0.9527900411163953;0.0006384634932459533;12.706604957580566
0.1;0.6;9;159;2;2;0.005393722553145111;0.005393722553145037;0.07208241698724123;0.0027852840834943667;2.8194942034571963e-05;0.8794173910850897;0.8794108166658795;0.9354771621027294;0.9097731015723928;0.9097377246289664;0.9466462065876763;0.2694680030840401;0.9473687606548512;0.0007937143248977728;23.163886308670044
0.1;0.7;0;183;2;2;0.0053901893783338236;0.005390189378333802;0.0719135601185796;0.00260361703887113;2.7127327298794258e-05;0.8645473942528321;0.8645400091037821;0.925562545534765;0.8987236988194924;0.8986839970958482;0.9382454929622621;0.2709739633558341;0.9515344676255864;0.0006736930313780039;30.385481119155884
0.1;0.7;1;157;2;2;0.005391095737910148;0.00539109573791024;0.07199248899583342;0.0026886402456725586;2.7738033106030552e-05;0.8627853502905345;0.8627778690572365;0.9243995923808597;0.9014428405773646;0.901404203004383;0.9403421585558512;0.2714285714285714;0.9527900411163953;0.0006384634932459533;25.670487880706787
0.1;0.7;2;167;2;2;0.004274693124422298;0.0042746931244222065;0.08968625900833113;0.021727989743401;0.0004384990997921097;0.004059642118608565;0.004005328741461161;0.005510532530346294;0.0032480813223005997;0.0028566227851193095;0.004967398149515477;0.18034782608695651;0.6819217177169626;0.031793713958377504;27.145508766174316
0.1;0.7;3;117;2;2;0.005393722553145111;0.005393722553145037;0.07208241698724123;0.0027852840834943385;2.8194942034571963e-05;0.8794173910850897;0.8794108166658795;0.9354771621027294;0.9097731015723928;0.9097377246289664;0.9466462065876763;0.2694680030840401;0.9473687606548512;0.0007937143248977728;12.021490573883057
0.1;0.7;4;129;2;2;0.005414217881979715;0.005414217881979665;0.07212250762761967;0.0028305531175324603;3.372640183852837e-05;0.9816182109760813;0.981617208741427;0.9930592429923337;0.9841727057431566;0.9841664920110842;0.9935201916255721;0.2604266769171632;0.9221498451744892;0.0017254387416342672;20.72776222229004
0.1;0.7;5;95;2;2;0.005414217881979715;0.005414217881979665;0.07212250762761967;0.0028305531175324746;3.372640183852837e-05;0.9816182109760812;0.9816172087414269;0.9930592429923337;0.9841727057431566;0.9841664920110842;0.9935201916255721;0.2604266769171632;0.9221498451744892;0.0017254387416342672;11.85682225227356
0.1;0.7;6;182;2;2;0.005414217881979715;0.005414217881979665;0.07212250762761967;0.0028305531175324746;3.372640183852837e-05;0.9816182109760812;0.9816172087414269;0.9930592429923337;0.9841727057431566;0.9841664920110842;0.9935201916255721;0.2604266769171632;0.9221498451744892;0.0017254387416342672;27.267988443374634
0.1;0.7;7;98;2;2;0.0053894044476379835;0.005389404447637953;0.07190061244267316;0.002589798869516692;2.6519368903079655e-05;0.861948586270057;0.8619410594219339;0.9238183899303868;0.8960316770545037;0.8959909218750245;0.9361511690481739;0.27058823529411763;0.9504684279557803;0.0007032818806346954;12.696984052658081
0.1;0.7;8;157;2;2;0.0053901893783338236;0.005390189378333802;0.0719135601185796;0.002603617038871144;2.7127327298794258e-05;0.8645473942528321;0.8645400091037821;0.925562545534765;0.8987236988194924;0.8986839970958482;0.9382454929622621;0.2709739633558341;0.9515344676255864;0.0006736930313780039;24.37318706512451
0.1;0.7;9;156;2;2;0.0053901893783338236;0.005390189378333802;0.0719135601185796;0.00260361703887113;2.7127327298794258e-05;0.8645473942528321;0.8645400091037821;0.925562545534765;0.8987236988194924;0.8986839970958482;0.9382454929622621;0.2709739633558341;0.9515344676255864;0.0006736930313780039;25.562293767929077
0.1;0.8;0;99;2;2;0.005414217881979715;0.005414217881979665;0.07212250762761967;0.0028305531175324746;3.372640183852837e-05;0.9816182109760812;0.9816172087414269;0.9930592429923337;0.9841727057431566;0.9841664920110842;0.9935201916255721;0.2604266769171632;0.9221498451744892;0.0017254387416342672;10.271581411361694
0.1;0.8;1;135;2;2;0.005414217881979715;0.005414217881979665;0.07212250762761967;0.0028305531175324746;3.372640183852837e-05;0.9816182109760812;0.9816172087414269;0.9930592429923337;0.9841727057431566;0.9841664920110842;0.9935201916255721;0.2604266769171632;0.9221498451744892;0.0017254387416342672;25.796720027923584
0.1;0.8;2;76;2;2;0.005396161239563998;0.005396161239563916;0.07207187332615583;0.0027745052817548534;2.8114888353952024e-05;0.8897464772790666;0.8897404659922941;0.9422140573726647;0.9183873346562351;0.9183553303953792;0.9529713339719892;0.2672447013487476;0.9412006837666445;0.0009884061058733368;9.028772592544556
0.1;0.8;3;133;2;2;0.0053944432987424774;0.005394443298742496;0.07209415106927165;0.0027983117237128153;2.8956883997258758e-05;0.8861082877248598;0.8861020780831403;0.9398680481483517;0.9126112328590039;0.912576967009237;0.9487522400745583;0.2676300578034682;0.9422713232122136;0.0009532305383091223;20.496000051498413
0.1;0.8;4;147;2;2;0.004120317756906809;0.00412031775690689;0.0880887697692101;0.02006611968107887;0.0004201694492446292;0.00452475527144289;0.0044704387417118605;0.0061134060118899925;0.00407959658957395;0.003688602244497571;0.006161583252282297;0.2068003487358326;0.7648027741655831;0.017733161027435954;21.648794174194336
0.1;0.8;5;133;2;2;0.0053894044476379835;0.005389404447637953;0.07190061244267316;0.002589798869516692;2.6519368903079655e-05;0.861948586270057;0.8619410594219339;0.9238183899303868;0.8960316770545037;0.8959909218750245;0.9361511690481739;0.27058823529411763;0.9504684279557803;0.0007032818806346954;16.02547001838684
0.1;0.8;6;131;2;2;0.005415290562426562;0.005415290562426657;0.07207865340611853;0.0027828401234416844;3.207492950497926e-05;0.9843726398748127;0.9843717878252181;0.9942645950065601;0.9888118210939335;0.9888074283582899;0.9956777827760513;0.2608528620822128;0.9233467233507311;0.0016754744997313775;15.573604106903076
0.1;0.8;7;113;2;2;0.005408338093028784;0.0054083380930285575;0.0720663265183495;0.0027702799642507414;3.0467532460819425e-05;0.9423615702392607;0.9423584276023912;0.9735747290393721;0.9567014768705318;0.9566844858029486;0.9784827013350585;0.2653415669625627;0.9359036247451007;0.0011681980527572869;17.039198875427246
0.1;0.8;8;121;2;2;0.0053894044476379835;0.005389404447637953;0.07190061244267316;0.002589798869516692;2.6519368903079655e-05;0.861948586270057;0.8619410594219339;0.9238183899303868;0.8960316770545037;0.8959909218750245;0.9361511690481739;0.27058823529411763;0.9504684279557803;0.0007032818806346954;13.93903374671936
0.1;0.8;9;105;2;2;0.0053894044476379835;0.005389404447637953;0.07190061244267316;0.002589798869516692;2.6519368903079655e-05;0.861948586270057;0.8619410594219339;0.9238183899303868;0.8960316770545037;0.8959909218750245;0.9361511690481739;0.27058823529411763;0.9504684279557803;0.0007032818806346954;9.49559473991394
0.1;0.9;0;170;2;2;0.005414217881979715;0.005414217881979665;0.07212250762761967;0.0028305531175324746;3.372640183852837e-05;0.9816182109760812;0.9816172087414269;0.9930592429923337;0.9841727057431566;0.9841664920110842;0.9935201916255721;0.2604266769171632;0.9221498451744892;0.0017254387416342672;22.918984413146973
0.1;0.9;1;245;2;2;0.0053901893783338236;0.005390189378333802;0.0719135601185796;0.00260361703887113;2.7127327298794258e-05;0.8645473942528321;0.8645400091037821;0.925562545534765;0.8987236988194924;0.8986839970958482;0.9382454929622621;0.2709739633558341;0.9515344676255864;0.0006736930313780039;29.07756280899048
0.1;0.9;2;133;2;2;0.005408338093028784;0.0054083380930285575;0.0720663265183495;0.0027702799642507414;3.0467532460819425e-05;0.9423615702392607;0.9423584276023912;0.9735747290393721;0.9567014768705318;0.9566844858029486;0.9784827013350585;0.2653415669625627;0.9359036247451007;0.0011681980527572869;25.175849437713623
0.1;0.9;3;160;2;2;0.0053894044476379835;0.005389404447637953;0.07190061244267316;0.002589798869516692;2.6519368903079655e-05;0.8619485862700572;0.861941059421934;0.9238183899303868;0.8960316770545037;0.8959909218750245;0.9361511690481739;0.27058823529411763;0.9504684279557803;0.0007032818806346954;22.16950297355652
0.1;0.9;4;171;2;2;0.0053901893783338236;0.005390189378333802;0.0719135601185796;0.002603617038871144;2.7127327298794258e-05;0.8645473942528321;0.8645400091037821;0.925562545534765;0.8987236988194924;0.8986839970958482;0.9382454929622621;0.2709739633558341;0.9515344676255864;0.0006736930313780039;26.499082565307617
0.1;0.9;5;166;2;2;0.005393722553145111;0.005393722553145037;0.07208241698724123;0.0027852840834943667;2.8194942034571963e-05;0.8794173910850897;0.8794108166658795;0.9354771621027294;0.9097731015723929;0.9097377246289666;0.9466462065876763;0.2694680030840401;0.9473687606548512;0.0007937143248977728;19.514679431915283
0.1;0.9;6;139;2;2;0.0053901893783338236;0.005390189378333802;0.0719135601185796;0.00260361703887113;2.7127327298794258e-05;0.8645473942528321;0.8645400091037821;0.925562545534765;0.8987236988194924;0.8986839970958482;0.9382454929622621;0.2709739633558341;0.9515344676255864;0.0006736930313780039;13.588085651397705
0.1;0.9;7;151;2;2;0.005392866065809665;0.005392866065809321;0.07202226278564808;0.0027207480072852473;2.8772911021898753e-05;0.881187087740738;0.8811806098024093;0.9366470599029705;0.9069664551994954;0.9069299795861538;0.9445425152509057;0.2690824980724749;0.9463008079272353;0.0008258185566784506;28.233832120895386
0.1;0.9;8;172;2;2;0.005414217881979715;0.005414217881979665;0.07212250762761967;0.0028305531175324746;3.372640183852837e-05;0.9816182109760812;0.9816172087414269;0.9930592429923337;0.9841727057431566;0.9841664920110842;0.9935201916255721;0.2604266769171632;0.9221498451744892;0.0017254387416342672;24.916698694229126
0.1;0.9;9;109;2;2;0.005414217881979715;0.005414217881979665;0.07212250762761967;0.0028305531175324746;3.372640183852837e-05;0.9816182109760812;0.9816172087414269;0.9930592429923337;0.9841727057431566;0.9841664920110842;0.9935201916255721;0.2604266769171632;0.9221498451744892;0.0017254387416342672;11.776997327804565
0.1;1.0;0;205;2;2;0.005379866943274257;0.005379866943274174;0.07211524490602447;0.0028223518114610033;2.775297379472688e-05;0.8223541022074499;0.8223444164140076;0.8947053146794212;0.8829484478292021;0.8829025739235828;0.9257146705827091;0.28560416265176336;0.9914286394192496;2.1231893207007734e-05;22.210251569747925
0.1;1.0;1;205;2;2;0.005244079997176617;0.005244079997176638;0.07209649567836937;0.002801660683427099;2.920217752893728e-05;0.8778473957573256;0.8778407356605792;0.9328475648514272;0.933487030406483;0.9334609404140802;0.9635600646518264;0.2859347868030098;0.9923351575290508;1.6977886768037957e-05;29.337623119354248
0.1;1.0;2;132;2;2;0.005277111542202348;0.005277111542202151;0.07204375903241016;0.002744901564467128;2.747817656422434e-05;0.8297013860273442;0.829692100884761;0.9001464405137567;0.8907254113829454;0.8906825799556862;0.9319695457906109;0.2859899652643767;0.9924862438806843;1.6315090531016313e-05;18.74127721786499
0.1;1.0;3;151;2;2;0.00537904945590112;0.0053790494559009154;0.07218982232852994;0.0029021304171093455;2.862874330060436e-05;0.8214349817380924;0.8214252458651197;0.8941335240364152;0.8804018997316876;0.8803550296957426;0.9236343942965668;0.285824493731919;0.9920329848257837;1.834308192461909e-05;28.111194849014282
0.1;1.0;4;96;2;2;0.005386317510380612;0.005386317510380441;0.07234326143259875;0.0030663025317458127;2.9739146038525132e-05;0.8168522187857719;0.8168422331156757;0.8909919422578393;0.8547478667534689;0.8546909258898545;0.9132672454982677;0.28632148377125194;0.9933927619904855;1.2615510310896296e-05;10.401285409927368
0.1;1.0;5;196;2;2;0.005278641838649526;0.005278641838649453;0.07197594295758952;0.0026722788049534465;2.7806337497715563e-05;0.8318155272721185;0.8318063573760303;0.9015810570501287;0.9041900771444015;0.9041525148032918;0.9424411659462228;0.285824493731919;0.9920329848257837;1.834308192461909e-05;21.398810863494873
0.1;1.0;6;151;2;2;0.005282822999926141;0.005282822999926073;0.07214403586244361;0.002852347904480012;2.9123569825171097e-05;0.8247832463132608;0.8247736930490182;0.896708021053176;0.8704853443353738;0.8704345580093381;0.9257138245303421;0.2862108922363847;0.9930905892872184;1.3795906450181231e-05;21.417107105255127
0.1;1.0;7;185;2;2;0.005277111542202348;0.005277111542202151;0.07204375903241016;0.002744901564467128;2.747817656422434e-05;0.8297013860273442;0.829692100884761;0.9001464405137567;0.8907254113829454;0.8906825799556862;0.9319695457906109;0.2859899652643767;0.9924862438806843;1.6315090531016313e-05;29.196645259857178
0.1;1.0;8;180;2;2;0.005382125960454236;0.0053821259604541925;0.07209751740489294;0.0028026745592218847;2.8483345925871283e-05;0.8321185225438752;0.8321093691901343;0.9018681174145952;0.8907254113829454;0.8906825799556862;0.9319695457906109;0.2859899652643767;0.9924862438806843;1.6315090531016313e-05;18.18980622291565
0.1;1.0;9;171;2;2;0.005264852593792966;0.005264852593793085;0.07212404299448544;0.0028317122578577366;2.950287351468658e-05;0.8479832022155264;0.8479749138057712;0.9128102666550939;0.9041900771444015;0.9041525148032918;0.9424411659462228;0.2856592135697764;0.9915797257708832;2.048988682404611e-05;18.806572675704956
0.2;0.0;0;137;2;2;0.0053894044476379835;0.005389404447637953;0.07190061244267316;0.002589798869516692;2.6519368903079655e-05;0.861948586270057;0.8619410594219339;0.9238183899303868;0.8960316770545037;0.8959909218750245;0.9361511690481739;0.27058823529411763;0.9504684279557803;0.0007032818806346954;15.973569869995117
0.2;0.0;1;159;2;2;0.005414217881979715;0.005414217881979665;0.07212250762761967;0.0028305531175324603;3.372640183852837e-05;0.9816182109760813;0.981617208741427;0.9930592429923337;0.9841727057431566;0.9841664920110842;0.9935201916255721;0.2604266769171632;0.9221498451744892;0.0017254387416342672;26.0527446269989
0.2;0.0;2;179;2;2;0.0053894044476379835;0.005389404447637953;0.07190061244267316;0.002589798869516692;2.6519368903079655e-05;0.8619485862700572;0.861941059421934;0.9238183899303868;0.8960316770545037;0.8959909218750245;0.9361511690481739;0.27058823529411763;0.9504684279557803;0.0007032818806346954;14.956006050109863
0.2;0.0;3;82;2;2;0.0053894044476379835;0.005389404447637953;0.07190061244267316;0.002589798869516692;2.6519368903079655e-05;0.861948586270057;0.8619410594219339;0.9238183899303868;0.8960316770545037;0.8959909218750245;0.9361511690481739;0.27058823529411763;0.9504684279557803;0.0007032818806346954;8.781656742095947
0.2;0.0;4;154;2;2;0.005396060111692086;0.005396060111692127;0.07208939412949047;0.002793010193568552;2.729378189365074e-05;0.8930218524252933;0.8930160197376268;0.9442692140795407;0.9183873346562351;0.9183553303953792;0.9529713339719892;0.26674364896073904;0.9398076311141378;0.0010373596808517776;18.854799270629883
0.2;0.0;5;107;2;2;0.0053894044476379835;0.005389404447637953;0.07190061244267316;0.002589798869516692;2.6519368903079655e-05;0.8619485862700572;0.861941059421934;0.9238183899303868;0.8960316770545037;0.8959909218750245;0.9361511690481739;0.27058823529411763;0.9504684279557803;0.0007032818806346954;11.65808653831482
0.2;0.0;6;93;2;2;0.0053894044476379835;0.005389404447637953;0.07190061244267316;0.002589798869516692;2.6519368903079655e-05;0.8619485862700572;0.861941059421934;0.9238183899303868;0.8960316770545037;0.8959909218750245;0.9361511690481739;0.27058823529411763;0.9504684279557803;0.0007032818806346954;13.781692266464233
0.2;0.0;7;193;2;2;0.0053901893783338236;0.005390189378333802;0.0719135601185796;0.00260361703887113;2.7127327298794258e-05;0.8645473942528321;0.8645400091037821;0.925562545534765;0.8987236988194924;0.8986839970958482;0.9382454929622621;0.2709739633558341;0.9515344676255864;0.0006736930313780039;24.7410728931427
0.2;0.0;8;150;2;2;0.0054169310348879075;0.005416931034887882;0.0720539070527664;0.002756245748500636;3.202924050752966e-05;0.9951697068489798;0.9951694434872034;0.9984890838016055;0.9938618964215906;0.9938594862937913;0.9978377188595374;0.2608528620822128;0.9233467233507311;0.0016754744997313775;16.855947732925415
0.2;0.0;9;119;2;2;0.005414217881979715;0.005414217881979665;0.07212250762761967;0.0028305531175324603;3.372640183852837e-05;0.9816182109760813;0.981617208741427;0.9930592429923337;0.9841727057431566;0.9841664920110842;0.9935201916255721;0.2604266769171632;0.9221498451744892;0.0017254387416342672;11.174984693527222
0.2;0.1;0;103;2;2;0.0053894044476379835;0.005389404447637953;0.07190061244267316;0.002589798869516692;2.6519368903079655e-05;0.8619485862700572;0.861941059421934;0.9238183899303868;0.8960316770545037;0.8959909218750245;0.9361511690481739;0.27058823529411763;0.9504684279557803;0.0007032818806346954;7.649014472961426
0.2;0.1;1;81;2;2;0.005396869452566744;0.005396869452566837;0.07212856325153717;0.002835165825513831;2.7284888412756547e-05;0.8962692879951422;0.8962636323616565;0.946326609525069;0.9213282983725248;0.9212974457905684;0.9550843946198231;0.26655119322555815;0.9392722623998311;0.0010556235322867862;7.921631813049316
0.2;0.1;2;150;2;2;0.004307948886159516;0.004307948886159425;0.0911974105158071;0.023327040076957024;0.0004581744600479366;0.004890093891159074;0.004835838782482803;0.006697282641862759;0.004022182612712402;0.0036309995457064854;0.0061528840626820045;0.14719666724526992;0.5726558678607051;0.056994271396007906;16.432589530944824
0.2;0.1;3;169;2;2;0.0054169310348879075;0.005416931034887882;0.0720539070527664;0.002756245748500636;3.202924050752966e-05;0.9951697068489798;0.9951694434872034;0.9984890838016055;0.9938618964215906;0.9938594862937913;0.9978377188595374;0.2608528620822128;0.9233467233507311;0.0016754744997313775;15.038443326950073
0.2;0.1;4;217;2;2;0.0053894044476379835;0.005389404447637953;0.07190061244267316;0.002589798869516692;2.6519368903079655e-05;0.861948586270057;0.8619410594219339;0.9238183899303868;0.8960316770545037;0.8959909218750245;0.9361511690481739;0.27058823529411763;0.9504684279557803;0.0007032818806346954;22.323737144470215
0.2;0.1;5;131;2;2;0.005414217881979715;0.005414217881979665;0.07212250762761967;0.0028305531175324603;3.372640183852837e-05;0.9816182109760813;0.981617208741427;0.9930592429923337;0.9841727057431566;0.9841664920110842;0.9935201916255721;0.2604266769171632;0.9221498451744892;0.0017254387416342672;7.6036999225616455
0.2;0.1;6;143;2;2;0.0053894044476379835;0.005389404447637953;0.07190061244267316;0.002589798869516692;2.6519368903079655e-05;0.8619485862700572;0.861941059421934;0.9238183899303868;0.8960316770545037;0.8959909218750245;0.9361511690481739;0.27058823529411763;0.9504684279557803;0.0007032818806346954;21.181602001190186
0.2;0.1;7;111;2;2;0.005414217881979715;0.005414217881979665;0.07212250762761967;0.0028305531175324603;3.372640183852837e-05;0.9816182109760813;0.981617208741427;0.9930592429923337;0.9841727057431566;0.9841664920110842;0.9935201916255721;0.2604266769171632;0.9221498451744892;0.0017254387416342672;15.332525730133057
0.2;0.1;8;182;2;2;0.005414217881979715;0.005414217881979665;0.07212250762761967;0.0028305531175324603;3.372640183852837e-05;0.9816182109760813;0.981617208741427;0.9930592429923337;0.9841727057431566;0.9841664920110842;0.9935201916255721;0.2604266769171632;0.9221498451744892;0.0017254387416342672;13.697618007659912
0.2;0.1;9;189;2;2;0.005391095737910148;0.00539109573791024;0.07199248899583344;0.0026886402456725443;2.7738033106030552e-05;0.8627853502905343;0.8627778690572363;0.9243995923808597;0.9014428405773646;0.901404203004383;0.9403421585558512;0.2714285714285714;0.9527900411163953;0.0006384634932459533;17.305290699005127
0.2;0.2;0;148;2;2;0.0042812101089459795;0.004281210108945821;0.08972792909535846;0.02174792452913223;0.00045724338454538905;0.039152624425604604;0.03910023731478881;0.05371546879982017;0.034719495802312546;0.034340255536715214;0.04998695993049598;0.14397089397089397;0.5616856664110211;0.06015269231414226;12.748326778411865
0.2;0.2;1;195;2;2;0.005414217881979715;0.005414217881979665;0.07212250762761967;0.0028305531175324603;3.372640183852837e-05;0.9816182109760813;0.981617208741427;0.9930592429923337;0.9841727057431566;0.9841664920110842;0.9935201916255721;0.2604266769171632;0.9221498451744892;0.0017254387416342672;27.147801160812378
0.2;0.2;2;227;2;2;0.005404805779098146;0.00540480577909806;0.07203281541938195;0.002733766627600258;2.875812685189801e-05;0.9290516950343072;0.9290478267174166;0.9661320846843028;0.9430863964373524;0.943064067986554;0.9699414193417147;0.26532973389895875;0.9358706395296544;0.0011710647279222167;17.594058752059937
0.2;0.2;3;146;2;2;0.0053901893783338236;0.005390189378333802;0.0719135601185796;0.00260361703887113;2.7127327298794258e-05;0.8645473942528321;0.8645400091037821;0.925562545534765;0.8987236988194924;0.8986839970958482;0.9382454929622621;0.2709739633558341;0.9515344676255864;0.0006736930313780039;22.632807731628418
0.2;0.2;4;157;2;2;0.004293500929971658;0.0042935009299717745;0.09026381231925912;0.02232427492685914;0.0004281583711945758;0.01822033383858304;0.018166805232552173;0.02508618833706998;0.016825085943891475;0.016439014911894454;0.02467296774080829;0.14668522707499565;0.5709206805753518;0.057257352198469225;23.583432912826538
0.2;0.2;5;133;2;2;0.0053894044476379835;0.005389404447637953;0.07190061244267316;0.002589798869516692;2.6519368903079655e-05;0.861948586270057;0.8619410594219339;0.9238183899303868;0.8960316770545037;0.8959909218750245;0.9361511690481739;0.27058823529411763;0.9504684279557803;0.0007032818806346954;14.718095541000366
0.2;0.2;6;144;2;2;0.0053894044476379835;0.005389404447637953;0.07190061244267316;0.002589798869516692;2.6519368903079655e-05;0.861948586270057;0.8619410594219339;0.9238183899303868;0.8960316770545037;0.8959909218750245;0.9361511690481739;0.27058823529411763;0.9504684279557803;0.0007032818806346954;23.528467416763306
0.2;0.2;7;154;2;2;0.005414217881979715;0.005414217881979665;0.07212250762761967;0.0028305531175324746;3.372640183852837e-05;0.9816182109760812;0.9816172087414269;0.9930592429923337;0.9841727057431566;0.9841664920110842;0.9935201916255721;0.2604266769171632;0.9221498451744892;0.0017254387416342672;24.788347959518433
0.2;0.2;8;100;2;2;0.005395216019221518;0.005395216019221404;0.07207102361911376;0.002773329135912704;2.8381461619944796e-05;0.8879498632893009;0.8879437540619275;0.9410406872500728;0.9154821666406228;0.9154490248296147;0.950860615829823;0.26728288080107837;0.9413067871559317;0.0009859667196265107;13.562433958053589
0.2;0.2;9;171;2;2;0.004305053118534978;0.004305053118534961;0.09100525917298637;0.023120887298089105;0.0004457365388532726;0.0040632555817656365;0.0040089552107179125;0.005555803137272764;0.0034633235148883368;0.0030719495106708372;0.005294840759049005;0.14775495997215454;0.5745482486476673;0.056271594175003145;20.673399209976196
0.2;0.3;0;137;2;2;0.005414217881979715;0.005414217881979665;0.07212250762761967;0.0028305531175324746;3.372640183852837e-05;0.9816182109760812;0.9816172087414269;0.9930592429923337;0.9841727057431566;0.9841664920110842;0.9935201916255721;0.2604266769171632;0.9221498451744892;0.0017254387416342672;17.32080841064453
0.2;0.3;1;100;2;2;0.0053894044476379835;0.005389404447637953;0.07190061244267316;0.002589798869516692;2.6519368903079655e-05;0.8619485862700572;0.861941059421934;0.9238183899303868;0.8960316770545037;0.8959909218750245;0.9361511690481739;0.27058823529411763;0.9504684279557803;0.0007032818806346954;14.380470752716064
0.2;0.3;2;163;2;2;0.0053901893783338236;0.005390189378333802;0.0719135601185796;0.002603617038871144;2.7127327298794258e-05;0.8645473942528321;0.8645400091037821;0.925562545534765;0.8987236988194924;0.8986839970958482;0.9382454929622621;0.2709739633558341;0.9515344676255864;0.0006736930313780039;25.99314594268799
0.2;0.3;3;135;2;2;0.005393722553145111;0.005393722553145037;0.07208241698724123;0.0027852840834943385;2.8194942034571963e-05;0.8794173910850897;0.8794108166658795;0.9354771621027294;0.9097731015723929;0.9097377246289666;0.9466462065876763;0.2694680030840401;0.9473687606548512;0.0007937143248977728;21.048534870147705
0.2;0.3;4;159;2;2;0.0053901893783338236;0.005390189378333802;0.0719135601185796;0.002603617038871144;2.7127327298794258e-05;0.8645473942528321;0.8645400091037821;0.925562545534765;0.8987236988194924;0.8986839970958482;0.9382454929622621;0.2709739633558341;0.9515344676255864;0.0006736930313780039;25.932783365249634
0.2;0.3;5;147;2;2;0.005393722553145111;0.005393722553145037;0.07208241698724123;0.0027852840834943385;2.8194942034571963e-05;0.8794173910850897;0.8794108166658795;0.9354771621027294;0.9097731015723928;0.9097377246289664;0.9466462065876763;0.2694680030840401;0.9473687606548512;0.0007937143248977728;20.959389448165894
0.2;0.3;6;147;2;2;0.0053901893783338236;0.005390189378333802;0.0719135601185796;0.002603617038871144;2.7127327298794258e-05;0.8645473942528321;0.8645400091037821;0.925562545534765;0.8987236988194924;0.8986839970958482;0.9382454929622621;0.2709739633558341;0.9515344676255864;0.0006736930313780039;25.306118965148926
0.2;0.3;7;153;2;2;0.0053894044476379835;0.005389404447637953;0.07190061244267316;0.002589798869516692;2.6519368903079655e-05;0.8619485862700572;0.861941059421934;0.9238183899303868;0.8960316770545037;0.8959909218750245;0.9361511690481739;0.27058823529411763;0.9504684279557803;0.0007032818806346954;23.293891191482544
0.2;0.3;8;156;2;2;0.0053901893783338236;0.005390189378333802;0.0719135601185796;0.002603617038871144;2.7127327298794258e-05;0.8645473942528321;0.8645400091037821;0.925562545534765;0.8987236988194924;0.8986839970958482;0.9382454929622621;0.2709739633558341;0.9515344676255864;0.0006736930313780039;22.38634204864502
0.2;0.3;9;122;2;2;0.005415290562426562;0.005415290562426657;0.07207865340611853;0.0027828401234416844;3.207492950497926e-05;0.9843726398748127;0.9843717878252181;0.9942645950065601;0.9888118210939335;0.9888074283582899;0.9956777827760513;0.2608528620822128;0.9233467233507311;0.0016754744997313775;19.0535569190979
0.2;0.4;0;161;2;2;0.005414217881979715;0.005414217881979665;0.07212250762761967;0.0028305531175324746;3.372640183852837e-05;0.9816182109760812;0.9816172087414269;0.9930592429923337;0.9841727057431566;0.9841664920110842;0.9935201916255721;0.2604266769171632;0.9221498451744892;0.0017254387416342672;19.777987718582153
0.2;0.4;1;186;2;2;0.005391095737910148;0.00539109573791024;0.07199248899583344;0.0026886402456725443;2.7738033106030552e-05;0.8627853502905343;0.8627778690572363;0.9243995923808597;0.9014428405773645;0.9014042030043828;0.9403421585558512;0.2714285714285714;0.9527900411163953;0.0006384634932459533;31.567962646484375
0.2;0.4;2;117;2;2;0.0053894044476379835;0.005389404447637953;0.07190061244267316;0.002589798869516692;2.6519368903079655e-05;0.8619485862700572;0.861941059421934;0.9238183899303868;0.8960316770545037;0.8959909218750245;0.9361511690481739;0.27058823529411763;0.9504684279557803;0.0007032818806346954;18.30830717086792
0.2;0.4;3;131;2;2;0.0053901893783338236;0.005390189378333802;0.0719135601185796;0.002603617038871144;2.7127327298794258e-05;0.8645473942528321;0.8645400091037821;0.925562545534765;0.8987236988194924;0.8986839970958482;0.9382454929622621;0.2709739633558341;0.9515344676255864;0.0006736930313780039;17.029821634292603
0.2;0.4;4;136;2;2;0.005408338093028784;0.0054083380930285575;0.0720663265183495;0.0027702799642507553;3.0467532460819425e-05;0.9423615702392607;0.9423584276023912;0.9735747290393721;0.9567014768705318;0.9566844858029486;0.9784827013350585;0.2653415669625627;0.9359036247451007;0.0011681980527572869;18.703810214996338
0.2;0.4;5;191;2;2;0.005414217881979715;0.005414217881979665;0.07212250762761967;0.0028305531175324603;3.372640183852837e-05;0.9816182109760813;0.981617208741427;0.9930592429923337;0.9841727057431566;0.9841664920110842;0.9935201916255721;0.2604266769171632;0.9221498451744892;0.0017254387416342672;26.166930437088013
0.2;0.4;6;350;2;2;0.0053894044476379835;0.005389404447637953;0.07190061244267316;0.002589798869516692;2.6519368903079655e-05;0.861948586270057;0.8619410594219339;0.9238183899303868;0.8960316770545037;0.8959909218750245;0.9361511690481739;0.27058823529411763;0.9504684279557803;0.0007032818806346954;23.589231252670288
0.2;0.4;7;128;2;2;0.004299965626267078;0.004299965626266924;0.09093174109147067;0.023041518147377198;0.00045369857800771444;0.0149693586749643;0.014915653111389045;0.02060648385014693;0.013748092321823101;0.01336067168596911;0.020393663033203807;0.14816744832377976;0.5759452309215176;0.056057769903070195;24.382136821746826
0.2;0.4;8;139;2;2;0.004308894378314398;0.004308894378314331;0.09120965101174865;0.023340241066860692;0.00046186810182748003;0.004729157552638666;0.00467489364528441;0.006475236911113883;0.0038958047441840977;0.003504543151054596;0.005974787387925608;0.1474726420010422;0.5735915379702341;0.05668542779766464;20.361024618148804
0.2;0.4;9;166;2;2;0.005414217881979715;0.005414217881979665;0.07212250762761967;0.0028305531175324746;3.372640183852837e-05;0.9816182109760812;0.9816172087414269;0.9930592429923337;0.9841727057431566;0.9841664920110842;0.9935201916255721;0.2604266769171632;0.9221498451744892;0.0017254387416342672;23.435253143310547
0.2;0.5;0;177;2;2;0.0053901893783338236;0.005390189378333802;0.0719135601185796;0.00260361703887113;2.7127327298794258e-05;0.8645473942528321;0.8645400091037821;0.925562545534765;0.8987236988194924;0.8986839970958482;0.9382454929622621;0.2709739633558341;0.9515344676255864;0.0006736930313780039;26.640177488327026
0.2;0.5;1;190;2;2;0.0053901893783338236;0.005390189378333802;0.0719135601185796;0.00260361703887113;2.7127327298794258e-05;0.8645473942528321;0.8645400091037821;0.925562545534765;0.8987236988194924;0.8986839970958482;0.9382454929622621;0.2709739633558341;0.9515344676255864;0.0006736930313780039;22.37495517730713
0.2;0.5;2;123;2;2;0.005414217881979715;0.005414217881979665;0.07212250762761967;0.0028305531175324746;3.372640183852837e-05;0.9816182109760812;0.9816172087414269;0.9930592429923337;0.9841727057431566;0.9841664920110842;0.9935201916255721;0.2604266769171632;0.9221498451744892;0.0017254387416342672;18.47851848602295
0.2;0.5;3;187;2;2;0.005414217881979715;0.005414217881979665;0.07212250762761967;0.0028305531175324746;3.372640183852837e-05;0.9816182109760812;0.9816172087414269;0.9930592429923337;0.9841727057431566;0.9841664920110842;0.9935201916255721;0.2604266769171632;0.9221498451744892;0.0017254387416342672;22.61397385597229
0.2;0.5;4;135;2;2;0.005402437662198076;0.005402437662198085;0.07209113529944412;0.0027957334436464337;2.844960128182312e-05;0.925980906441311;0.9259768707225873;0.964350099056702;0.9398351637143656;0.939811561110923;0.9678119578079544;0.2646775745909528;0.9340517606474316;0.0012413961848652504;17.24446725845337
0.2;0.5;5;85;2;2;0.0053894044476379835;0.005389404447637953;0.07190061244267316;0.002589798869516692;2.6519368903079655e-05;0.8619485862700572;0.861941059421934;0.9238183899303868;0.8960316770545037;0.8959909218750245;0.9361511690481739;0.27058823529411763;0.9504684279557803;0.0007032818806346954;10.039040327072144
0.2;0.5;6;131;2;2;0.004305053118534978;0.004305053118534961;0.09100525917298637;0.023120887298089105;0.0004457365388532726;0.0040632555817656365;0.0040089552107179125;0.005555803137272764;0.0034633235148883368;0.0030719495106708372;0.005294840759049005;0.14775495997215454;0.5745482486476673;0.056271594175003145;16.414446353912354
0.2;0.5;7;155;2;2;0.0053901893783338236;0.005390189378333802;0.0719135601185796;0.002603617038871144;2.7127327298794258e-05;0.8645473942528321;0.8645400091037821;0.925562545534765;0.8987236988194924;0.8986839970958482;0.9382454929622621;0.2709739633558341;0.9515344676255864;0.0006736930313780039;28.212631225585938
0.2;0.5;8;131;2;2;0.005396161239563998;0.005396161239563916;0.07207187332615583;0.0027745052817548395;2.8114888353952024e-05;0.8897464772790665;0.889740465992294;0.9422140573726647;0.9183873346562351;0.9183553303953792;0.9529713339719892;0.2672447013487476;0.9412006837666445;0.0009884061058733368;18.033672094345093
0.2;0.5;9;186;2;2;0.0053901893783338236;0.005390189378333802;0.0719135601185796;0.00260361703887113;2.7127327298794258e-05;0.8645473942528321;0.8645400091037821;0.925562545534765;0.8987236988194924;0.8986839970958482;0.9382454929622621;0.2709739633558341;0.9515344676255864;0.0006736930313780039;26.88041877746582
0.2;0.6;0;133;2;2;0.005414217881979715;0.005414217881979665;0.07212250762761967;0.0028305531175324603;3.372640183852837e-05;0.9816182109760813;0.981617208741427;0.9930592429923337;0.9841727057431566;0.9841664920110842;0.9935201916255721;0.2604266769171632;0.9221498451744892;0.0017254387416342672;22.199010372161865
0.2;0.6;1;131;2;2;0.005415290562426562;0.005415290562426657;0.07207865340611853;0.0027828401234416844;3.207492950497926e-05;0.9843726398748125;0.9843717878252178;0.9942645950065601;0.9888118210939334;0.9888074283582898;0.9956777827760513;0.2608528620822128;0.9233467233507311;0.0016754744997313775;27.347505569458008
0.2;0.6;2;162;2;2;0.004302457039940983;0.004302457039941237;0.09073753885636396;0.0228332112331235;0.0004525842302236275;0.003874694218505919;0.0038203835470363074;0.005286881080677027;0.0032480813223005997;0.0028566227851193095;0.004967398149515477;0.15460869565217392;0.5976304361244189;0.05037805943856502;27.88377618789673
0.2;0.6;3;87;2;2;0.005399632173442612;0.005399632173442619;0.07210065402002674;0.0028055054351251016;2.9703878425895242e-05;0.9081083652887794;0.9081033551329233;0.9536927257726171;0.9303839406134291;0.9303566349437833;0.9614376327887074;0.26558891454965355;0.9365929764527763;0.0011493569694233877;11.381973266601562
0.2;0.6;4;143;2;2;0.0054169310348879075;0.005416931034887882;0.0720539070527664;0.002756245748500636;3.202924050752966e-05;0.9951697068489798;0.9951694434872034;0.9984890838016055;0.9938618964215906;0.9938594862937913;0.9978377188595374;0.2608528620822128;0.9233467233507311;0.0016754744997313775;21.523866653442383
0.2;0.6;5;139;2;2;0.005415290562426562;0.005415290562426657;0.07207865340611853;0.0027828401234416844;3.207492950497926e-05;0.9843726398748125;0.9843717878252178;0.9942645950065601;0.9888118210939334;0.9888074283582898;0.9956777827760513;0.2608528620822128;0.9233467233507311;0.0016754744997313775;15.798319578170776
0.2;0.6;6;125;2;2;0.0053894044476379835;0.005389404447637953;0.07190061244267316;0.002589798869516692;2.6519368903079655e-05;0.8619485862700572;0.861941059421934;0.9238183899303868;0.8960316770545037;0.8959909218750245;0.9361511690481739;0.27058823529411763;0.9504684279557803;0.0007032818806346954;19.022477388381958
0.2;0.6;7;151;2;2;0.0053901893783338236;0.005390189378333802;0.0719135601185796;0.00260361703887113;2.7127327298794258e-05;0.8645473942528321;0.8645400091037821;0.925562545534765;0.8987236988194924;0.8986839970958482;0.9382454929622621;0.2709739633558341;0.9515344676255864;0.0006736930313780039;28.115878343582153
0.2;0.6;8;166;2;2;0.005393722553145111;0.005393722553145037;0.07208241698724123;0.0027852840834943667;2.8194942034571963e-05;0.8794173910850897;0.8794108166658795;0.9354771621027294;0.9097731015723929;0.9097377246289666;0.9466462065876763;0.2694680030840401;0.9473687606548512;0.0007937143248977728;19.530410528182983
0.2;0.6;9;175;2;2;0.005414217881979715;0.005414217881979665;0.07212250762761967;0.0028305531175324746;3.372640183852837e-05;0.9816182109760812;0.9816172087414269;0.9930592429923337;0.9841727057431566;0.9841664920110842;0.9935201916255721;0.2604266769171632;0.9221498451744892;0.0017254387416342672;20.506052255630493
0.2;0.7;0;168;2;2;0.005414217881979715;0.005414217881979665;0.07212250762761967;0.0028305531175324746;3.372640183852837e-05;0.9816182109760812;0.9816172087414269;0.9930592429923337;0.9841727057431566;0.9841664920110842;0.9935201916255721;0.2604266769171632;0.9221498451744892;0.0017254387416342672;28.94717812538147
0.2;0.7;1;177;2;2;0.0053901893783338236;0.005390189378333802;0.0719135601185796;0.002603617038871144;2.7127327298794258e-05;0.8645473942528321;0.8645400091037821;0.925562545534765;0.8987236988194924;0.8986839970958482;0.9382454929622621;0.2709739633558341;0.9515344676255864;0.0006736930313780039;21.46975064277649
0.2;0.7;2;181;2;2;0.0053894044476379835;0.005389404447637953;0.07190061244267316;0.002589798869516692;2.6519368903079655e-05;0.861948586270057;0.8619410594219339;0.9238183899303868;0.8960316770545037;0.8959909218750245;0.9361511690481739;0.27058823529411763;0.9504684279557803;0.0007032818806346954;28.489275693893433
0.2;0.7;3;168;2;2;0.004254550455073642;0.004254550455073625;0.08952113594997582;0.021552635731752215;0.0004405870137238602;0.0048679798927304865;0.004813709507866737;0.006622863469763722;0.004022182612712402;0.0036309995457064845;0.0061528840626820045;0.18012853916970645;0.6812191195385671;0.031997123928125495;30.2807457447052
0.2;0.7;4;178;2;2;0.0053901893783338236;0.005390189378333802;0.0719135601185796;0.00260361703887113;2.7127327298794258e-05;0.8645473942528321;0.8645400091037821;0.925562545534765;0.8987236988194924;0.8986839970958482;0.9382454929622621;0.2709739633558341;0.9515344676255864;0.0006736930313780039;26.83716893196106
0.2;0.7;5;134;2;2;0.0053894044476379835;0.005389404447637953;0.07190061244267316;0.002589798869516692;2.6519368903079655e-05;0.861948586270057;0.8619410594219339;0.9238183899303868;0.8960316770545037;0.8959909218750245;0.9361511690481739;0.27058823529411763;0.9504684279557803;0.0007032818806346954;21.06291174888611
0.2;0.7;6;172;2;2;0.0053901893783338236;0.005390189378333802;0.0719135601185796;0.002603617038871144;2.7127327298794258e-05;0.8645473942528321;0.8645400091037821;0.925562545534765;0.8987236988194924;0.8986839970958482;0.9382454929622621;0.2709739633558341;0.9515344676255864;0.0006736930313780039;23.85589075088501
0.2;0.7;7;203;2;2;0.0054185673907864605;0.005418567390786351;0.07205559863253944;0.002758156577605422;3.2289895647640446e-05;1.0;1.0;1.0;1.0;1.0;1.0;0.2606607760276604;0.922807378170689;0.0016987224353218582;27.77701425552368
0.2;0.7;8;136;2;2;0.005414217881979715;0.005414217881979665;0.07212250762761967;0.0028305531175324746;3.372640183852837e-05;0.9816182109760812;0.9816172087414269;0.9930592429923337;0.9841727057431566;0.9841664920110842;0.9935201916255721;0.2604266769171632;0.9221498451744892;0.0017254387416342672;22.475992441177368
0.2;0.7;9;106;2;2;0.005414217881979715;0.005414217881979665;0.07212250762761967;0.0028305531175324603;3.372640183852837e-05;0.9816182109760813;0.981617208741427;0.9930592429923337;0.9841727057431566;0.9841664920110842;0.9935201916255721;0.2604266769171632;0.9221498451744892;0.0017254387416342672;10.736336946487427
0.2;0.8;0;155;2;2;0.0053894044476379835;0.005389404447637953;0.07190061244267316;0.002589798869516692;2.6519368903079655e-05;0.8619485862700572;0.861941059421934;0.9238183899303868;0.8960316770545037;0.8959909218750245;0.9361511690481739;0.27058823529411763;0.9504684279557803;0.0007032818806346954;25.9711811542511
0.2;0.8;1;190;2;2;0.0053901893783338236;0.005390189378333802;0.0719135601185796;0.002603617038871144;2.7127327298794258e-05;0.8645473942528321;0.8645400091037821;0.925562545534765;0.8987236988194924;0.8986839970958482;0.9382454929622621;0.2709739633558341;0.9515344676255864;0.0006736930313780039;19.214303731918335
0.2;0.8;2;147;2;2;0.0053894044476379835;0.005389404447637953;0.07190061244267316;0.002589798869516692;2.6519368903079655e-05;0.8619485862700572;0.861941059421934;0.9238183899303868;0.8960316770545037;0.8959909218750245;0.9361511690481739;0.27058823529411763;0.9504684279557803;0.0007032818806346954;28.11422038078308
0.2;0.8;3;192;2;2;0.0053901893783338236;0.005390189378333802;0.0719135601185796;0.00260361703887113;2.7127327298794258e-05;0.8645473942528321;0.8645400091037821;0.925562545534765;0.8987236988194924;0.8986839970958482;0.9382454929622621;0.2709739633558341;0.9515344676255864;0.0006736930313780039;30.378946542739868
0.2;0.8;4;182;2;2;0.005391095737910148;0.00539109573791024;0.07199248899583344;0.0026886402456725443;2.7738033106030552e-05;0.8627853502905343;0.8627778690572363;0.9243995923808597;0.9014428405773646;0.901404203004383;0.9403421585558512;0.2714285714285714;0.9527900411163953;0.0006384634932459533;30.099382638931274
0.2;0.8;5;140;2;2;0.0053944432987424774;0.005394443298742496;0.07209415106927165;0.0027983117237128153;2.8956883997258758e-05;0.8861082877248598;0.8861020780831403;0.9398680481483517;0.9126112328590039;0.912576967009237;0.9487522400745583;0.2676300578034682;0.9422713232122136;0.0009532305383091223;25.539740085601807
0.2;0.8;6;150;2;2;0.005414217881979715;0.005414217881979665;0.07212250762761967;0.0028305531175324746;3.372640183852837e-05;0.9816182109760812;0.9816172087414269;0.9930592429923337;0.9841727057431566;0.9841664920110842;0.9935201916255721;0.2604266769171632;0.9221498451744892;0.0017254387416342672;16.706263065338135
0.2;0.8;7;261;3;3;0.0034042733952930897;0.0033855789091880796;0.1361818880326734;0.02910889075434115;0.0008065811798266671;0.041854711127368924;0.041773066426635086;0.053136977175043815;0.034926305042786786;0.03432393707665749;0.0427732256824612;0.18363551836355183;0.6924243166876191;0.026480145398476623;34.841283321380615
0.2;0.8;8;184;2;2;0.005414217881979715;0.005414217881979665;0.07212250762761967;0.0028305531175324603;3.372640183852837e-05;0.9816182109760813;0.981617208741427;0.9930592429923337;0.9841727057431566;0.9841664920110842;0.9935201916255721;0.2604266769171632;0.9221498451744892;0.0017254387416342672;27.002177476882935
0.2;0.8;9;160;2;2;0.0053901893783338236;0.005390189378333802;0.0719135601185796;0.002603617038871144;2.7127327298794258e-05;0.8645473942528321;0.8645400091037821;0.925562545534765;0.8987236988194924;0.8986839970958482;0.9382454929622621;0.2709739633558341;0.9515344676255864;0.0006736930313780039;26.18099331855774
0.2;0.9;0;191;2;2;0.0053901893783338236;0.005390189378333802;0.0719135601185796;0.002603617038871144;2.7127327298794258e-05;0.8645473942528321;0.8645400091037821;0.925562545534765;0.8987236988194924;0.8986839970958482;0.9382454929622621;0.2709739633558341;0.9515344676255864;0.0006736930313780039;25.04309582710266
0.2;0.9;1;127;2;2;0.005415290562426562;0.005415290562426657;0.07207865340611853;0.0027828401234416844;3.207492950497926e-05;0.9843726398748127;0.9843717878252181;0.9942645950065601;0.9888118210939335;0.9888074283582899;0.9956777827760513;0.2608528620822128;0.9233467233507311;0.0016754744997313775;24.660529851913452
0.2;0.9;2;197;2;2;0.005414217881979715;0.005414217881979665;0.07212250762761967;0.0028305531175324746;3.372640183852837e-05;0.9816182109760812;0.9816172087414269;0.9930592429923337;0.9841727057431566;0.9841664920110842;0.9935201916255721;0.2604266769171632;0.9221498451744892;0.0017254387416342672;28.543675899505615
0.2;0.9;3;225;2;2;0.0053894044476379835;0.005389404447637953;0.07190061244267316;0.002589798869516692;2.6519368903079655e-05;0.8619485862700572;0.861941059421934;0.9238183899303868;0.8960316770545037;0.8959909218750245;0.9361511690481739;0.27058823529411763;0.9504684279557803;0.0007032818806346954;31.99835968017578
0.2;0.9;4;209;2;2;0.005404316836964219;0.005404316836964311;0.07199517657992961;0.0026935116110614696;2.9186801114221704e-05;0.9385535763906905;0.9385502261390756;0.9714879102481581;0.9463939267053658;0.9463728946259579;0.9720732243401865;0.2644564379336931;0.9334345823222144;0.001261202184085328;26.280250072479248
0.2;0.9;5;162;2;2;0.005393722553145111;0.005393722553145037;0.07208241698724123;0.0027852840834943667;2.8194942034571963e-05;0.8794173910850897;0.8794108166658795;0.9354771621027294;0.9097731015723929;0.9097377246289666;0.9466462065876763;0.2694680030840401;0.9473687606548512;0.0007937143248977728;20.19356870651245
0.2;0.9;6;165;2;2;0.005414217881979715;0.005414217881979665;0.07212250762761967;0.0028305531175324603;3.372640183852837e-05;0.9816182109760813;0.981617208741427;0.9930592429923337;0.9841727057431566;0.9841664920110842;0.9935201916255721;0.2604266769171632;0.9221498451744892;0.0017254387416342672;23.56769609451294
0.2;0.9;7;178;2;2;0.005414217881979715;0.005414217881979665;0.07212250762761967;0.0028305531175324746;3.372640183852837e-05;0.9816182109760812;0.9816172087414269;0.9930592429923337;0.9841727057431566;0.9841664920110842;0.9935201916255721;0.2604266769171632;0.9221498451744892;0.0017254387416342672;27.479310989379883
0.2;0.9;8;423;2;2;0.005415290562426562;0.005415290562426657;0.07207865340611853;0.0027828401234416844;3.207492950497926e-05;0.9843726398748127;0.9843717878252181;0.9942645950065601;0.9888118210939334;0.9888074283582898;0.9956777827760513;0.2608528620822128;0.9233467233507311;0.0016754744997313775;52.95919108390808
0.2;0.9;9;143;2;2;0.005408338093028784;0.0054083380930285575;0.0720663265183495;0.0027702799642507414;3.0467532460819425e-05;0.9423615702392607;0.9423584276023912;0.9735747290393721;0.9567014768705318;0.9566844858029486;0.9784827013350585;0.2653415669625627;0.9359036247451007;0.0011681980527572869;22.839125394821167
0.2;1.0;0;148;2;2;0.005277111542202348;0.005277111542202151;0.07204375903241016;0.002744901564467128;2.747817656422434e-05;0.8297013860273442;0.829692100884761;0.9001464405137567;0.8907254113829454;0.8906825799556862;0.9319695457906109;0.2859899652643767;0.9924862438806843;1.6315090531016313e-05;26.27765417098999
0.2;1.0;1;132;2;2;0.005394859660946133;0.005394859660946335;0.07212157456956325;0.0028283652459182343;2.955784508552203e-05;0.839381010911028;0.8393722535412886;0.9070430168127804;0.8815097588029417;0.8814632856506539;0.9340583800475195;0.2861003861003861;0.9927884165839514;1.5029098991454961e-05;22.461963891983032
0.2;1.0;2;145;2;2;0.005282822999926141;0.005282822999926073;0.07214403586244361;0.002852347904480012;2.9123569825171097e-05;0.8247832463132608;0.8247736930490182;0.896708021053176;0.8704853443353738;0.8704345580093381;0.9257138245303421;0.2862108922363847;0.9930905892872184;1.3795906450181231e-05;23.708488702774048
0.2;1.0;3;177;2;2;0.005389504102375606;0.005389504102375615;0.07221082794775066;0.0029238369888990147;3.039940029848536e-05;0.827052632028566;0.8270432025228251;0.8984264083797464;0.8651400680378907;0.8650871909882898;0.92155559855579;0.2864321608040201;0.9936949346937526;1.1487908090656836e-05;22.62347984313965
0.2;1.0;4;145;2;2;0.005264852593792966;0.005264852593793085;0.07212404299448544;0.0028317122578577366;2.950287351468658e-05;0.8479832022155264;0.8479749138057712;0.9128102666550939;0.9041900771444015;0.9041525148032918;0.9424411659462228;0.2856592135697764;0.9915797257708832;2.048988682404611e-05;12.92455244064331
0.2;1.0;5;161;2;2;0.005384651355891092;0.0053846513558909815;0.07213141980875212;0.002838945719596081;2.8689740604919913e-05;0.8377418383304478;0.8377329915887081;0.9058917598919088;0.8987236988194924;0.8986839970958482;0.9382454929622621;0.2861003861003861;0.9927884165839514;1.5029098991454961e-05;24.324871301651
0.2;1.0;6;166;2;2;0.00537904945590112;0.0053790494559009154;0.07218982232852994;0.0029021304171093455;2.862874330060436e-05;0.8214349817380924;0.8214252458651197;0.8941335240364152;0.8804018997316876;0.8803550296957426;0.9236343942965668;0.285824493731919;0.9920329848257837;1.834308192461909e-05;22.81053137779236
0.2;1.0;7;169;2;2;0.0053805444502364515;0.00538054445023655;0.07210506746156606;0.0028115107583502018;2.700797917666413e-05;0.8259643093508998;0.8259548203883027;0.8972806341060202;0.8855174313934865;0.8854725624535069;0.9277972878498577;0.2855491329479769;0.9912775530676161;2.1987102613012927e-05;17.746718883514404
0.2;1.0;8;122;2;2;0.005390465690543629;0.005390465690543462;0.0721660797164193;0.0028763570365970075;2.907730963957175e-05;0.8288985784838221;0.828889249569993;0.8995729137208733;0.8677995965502737;0.8677477596916939;0.9236335406587476;0.2859899652643767;0.9924862438806843;1.6315090531016313e-05;18.129507541656494
0.2;1.0;9;144;2;2;0.005264852593792966;0.005264852593793085;0.07212404299448544;0.0028317122578577366;2.950287351468658e-05;0.8479832022155264;0.8479749138057712;0.9128102666550939;0.9041900771444015;0.9041525148032918;0.9424411659462228;0.2856592135697764;0.9915797257708832;2.048988682404611e-05;17.472132921218872
0.3;0.0;0;149;2;2;0.0053901893783338236;0.005390189378333802;0.0719135601185796;0.00260361703887113;2.7127327298794258e-05;0.8645473942528321;0.8645400091037821;0.925562545534765;0.8987236988194924;0.8986839970958482;0.9382454929622621;0.2709739633558341;0.9515344676255864;0.0006736930313780039;24.84048366546631
0.3;0.0;1;86;2;2;0.005393722553145111;0.005393722553145037;0.07208241698724123;0.0027852840834943385;2.8194942034571963e-05;0.8794173910850897;0.8794108166658795;0.9354771621027294;0.9097731015723928;0.9097377246289664;0.9466462065876763;0.2694680030840401;0.9473687606548512;0.0007937143248977728;12.070448398590088
0.3;0.0;2;118;2;2;0.004293500929971658;0.0042935009299717745;0.09026381231925912;0.02232427492685914;0.0004281583711945758;0.01822033383858304;0.018166805232552173;0.02508618833706998;0.016825085943891475;0.016439014911894454;0.02467296774080829;0.14668522707499565;0.5709206805753518;0.057257352198469225;15.453435897827148
0.3;0.0;3;188;2;2;0.005414217881979715;0.005414217881979665;0.07212250762761967;0.0028305531175324603;3.372640183852837e-05;0.9816182109760813;0.981617208741427;0.9930592429923337;0.9841727057431566;0.9841664920110842;0.9935201916255721;0.2604266769171632;0.9221498451744892;0.0017254387416342672;28.796539783477783
0.3;0.0;4;139;2;2;0.005401731980708104;0.0054017319807079375;0.07193243620789964;0.0026248707234240755;2.7809490018579367e-05;0.9119855079760073;0.9119807092048524;0.9560559138440476;0.933487030406483;0.9334609404140802;0.9635600646518264;0.26666666666666666;0.9395935031507943;0.001042375303648235;27.470863342285156
0.3;0.0;5;112;2;2;0.0053894044476379835;0.005389404447637953;0.07190061244267316;0.002589798869516692;2.6519368903079655e-05;0.8619485862700572;0.861941059421934;0.9238183899303868;0.8960316770545037;0.8959909218750245;0.9361511690481739;0.27058823529411763;0.9504684279557803;0.0007032818806346954;12.299911499023438
0.3;0.0;6;146;2;2;0.0053901893783338236;0.005390189378333802;0.0719135601185796;0.002603617038871144;2.7127327298794258e-05;0.8645473942528321;0.8645400091037821;0.925562545534765;0.8987236988194924;0.8986839970958482;0.9382454929622621;0.2709739633558341;0.9515344676255864;0.0006736930313780039;15.364643573760986
0.3;0.0;7;128;2;2;0.0053901893783338236;0.005390189378333802;0.0719135601185796;0.002603617038871144;2.7127327298794258e-05;0.8645473942528321;0.8645400091037821;0.925562545534765;0.8987236988194924;0.8986839970958482;0.9382454929622621;0.2709739633558341;0.9515344676255864;0.0006736930313780039;13.49876594543457
0.3;0.0;8;145;2;2;0.0053894044476379835;0.005389404447637953;0.07190061244267316;0.002589798869516692;2.6519368903079655e-05;0.8619485862700572;0.861941059421934;0.9238183899303868;0.8960316770545037;0.8959909218750245;0.9361511690481739;0.27058823529411763;0.9504684279557803;0.0007032818806346954;23.783647298812866
0.3;0.0;9;174;2;2;0.004309795871783277;0.004309795871783495;0.09117096248716319;0.02329863061842637;0.0004625129900018456;0.004554245170123542;0.004499971743239766;0.006232859810173992;0.0037714282150456183;0.0033800885342479808;0.005799011583352354;0.14782004516241098;0.5747687406342764;0.05637097116404434;26.649664402008057
0.3;0.1;0;109;2;2;0.005393722553145111;0.005393722553145037;0.07208241698724123;0.0027852840834943385;2.8194942034571963e-05;0.8794173910850897;0.8794108166658795;0.9354771621027294;0.9097731015723928;0.9097377246289664;0.9466462065876763;0.2694680030840401;0.9473687606548512;0.0007937143248977728;11.083362102508545
0.3;0.1;1;138;2;2;0.004309546778222789;0.004309546778222658;0.09114023017577272;0.023265589446647444;0.0004639316268642798;0.004537046574436511;0.004482772217011514;0.0062088733835928;0.0038958047441840977;0.003504543151054596;0.005974787387925608;0.14719666724526992;0.5726558678607051;0.056994271396007906;26.304832696914673
0.3;0.1;2;163;2;2;0.0053901893783338236;0.005390189378333802;0.0719135601185796;0.002603617038871144;2.7127327298794258e-05;0.8645473942528321;0.8645400091037821;0.925562545534765;0.8987236988194924;0.8986839970958482;0.9382454929622621;0.2709739633558341;0.9515344676255864;0.0006736930313780039;26.249501705169678
0.3;0.1;3;160;2;2;0.0053894044476379835;0.005389404447637953;0.07190061244267316;0.002589798869516692;2.6519368903079655e-05;0.8619485862700572;0.861941059421934;0.9238183899303868;0.8960316770545037;0.8959909218750245;0.9361511690481739;0.27058823529411763;0.9504684279557803;0.0007032818806346954;25.819731950759888
0.3;0.1;4;215;2;2;0.0053901893783338236;0.005390189378333802;0.0719135601185796;0.002603617038871144;2.7127327298794258e-05;0.8645473942528321;0.8645400091037821;0.925562545534765;0.8987236988194924;0.8986839970958482;0.9382454929622621;0.2709739633558341;0.9515344676255864;0.0006736930313780039;24.988500356674194
0.3;0.1;5;165;2;2;0.0053901893783338236;0.005390189378333802;0.0719135601185796;0.00260361703887113;2.7127327298794258e-05;0.8645473942528321;0.8645400091037821;0.925562545534765;0.8987236988194924;0.8986839970958482;0.9382454929622621;0.2709739633558341;0.9515344676255864;0.0006736930313780039;26.019456386566162
0.3;0.1;6;162;2;2;0.005414217881979715;0.005414217881979665;0.07212250762761967;0.0028305531175324746;3.372640183852837e-05;0.9816182109760812;0.9816172087414269;0.9930592429923337;0.9841727057431566;0.9841664920110842;0.9935201916255721;0.2604266769171632;0.9221498451744892;0.0017254387416342672;26.49456262588501
0.3;0.1;7;114;2;2;0.004305053118534978;0.004305053118534961;0.09100525917298637;0.023120887298089105;0.0004457365388532726;0.0040632555817656365;0.0040089552107179125;0.005555803137272764;0.0034633235148883368;0.0030719495106708372;0.005294840759049005;0.14775495997215454;0.5745482486476673;0.056271594175003145;11.470211505889893
0.3;0.1;8;78;2;2;0.005396161239563998;0.005396161239563916;0.07207187332615583;0.0027745052817548534;2.8114888353952024e-05;0.8897464772790666;0.8897404659922941;0.9422140573726647;0.9183873346562351;0.9183553303953792;0.9529713339719892;0.2672447013487476;0.9412006837666445;0.0009884061058733368;11.820385694503784
0.3;0.1;9;154;2;2;0.005414217881979715;0.005414217881979665;0.07212250762761967;0.0028305531175324603;3.372640183852837e-05;0.9816182109760813;0.981617208741427;0.9930592429923337;0.9841727057431566;0.9841664920110842;0.9935201916255721;0.2604266769171632;0.9221498451744892;0.0017254387416342672;27.318803548812866
0.3;0.2;0;224;2;2;0.005404805779098146;0.00540480577909806;0.07203281541938195;0.002733766627600258;2.875812685189801e-05;0.9290516950343072;0.9290478267174166;0.9661320846843028;0.9430863964373525;0.9430640679865541;0.9699414193417147;0.26532973389895875;0.9358706395296544;0.0011710647279222167;19.897383451461792
0.3;0.2;1;106;2;2;0.0043078715620389774;0.0043078715620391336;0.09098228614252697;0.02309586372105651;0.000465300188796579;0.003854639350544156;0.003800327779939226;0.0052647677827237;0.003134548773592274;0.0027430170770069598;0.004805689587475479;0.14821894005212857;0.5761195484853557;0.05598275053157371;17.1511709690094
0.3;0.2;2;161;2;2;0.0053901893783338236;0.005390189378333802;0.0719135601185796;0.002603617038871144;2.7127327298794258e-05;0.8645473942528321;0.8645400091037821;0.925562545534765;0.8987236988194924;0.8986839970958482;0.9382454929622621;0.2709739633558341;0.9515344676255864;0.0006736930313780039;21.58258843421936
0.3;0.2;3;143;2;2;0.004297231669689113;0.004297231669688955;0.09121034370018272;0.023341097092835338;0.00045993125387388574;0.01382190573671747;0.013768137524282477;0.019029273792006026;0.01295021369264333;0.012562593467513629;0.019164661463393854;0.148;0.5753782514939098;0.05610804082253233;14.15653109550476
0.3;0.2;4;181;2;2;0.005414217881979715;0.005414217881979665;0.07212250762761967;0.0028305531175324603;3.372640183852837e-05;0.9816182109760813;0.981617208741427;0.9930592429923337;0.9841727057431566;0.9841664920110842;0.9935201916255721;0.2604266769171632;0.9221498451744892;0.0017254387416342672;23.66949200630188
0.3;0.2;5;156;2;2;0.0053894044476379835;0.005389404447637953;0.07190061244267316;0.002589798869516692;2.6519368903079655e-05;0.8619485862700572;0.861941059421934;0.9238183899303868;0.8960316770545037;0.8959909218750245;0.9361511690481739;0.27058823529411763;0.9504684279557803;0.0007032818806346954;25.748383045196533
0.3;0.2;6;157;2;2;0.0053901893783338236;0.005390189378333802;0.0719135601185796;0.002603617038871144;2.7127327298794258e-05;0.8645473942528321;0.8645400091037821;0.925562545534765;0.8987236988194924;0.8986839970958482;0.9382454929622621;0.2709739633558341;0.9515344676255864;0.0006736930313780039;16.853519439697266
0.3;0.2;7;135;2;2;0.005404805779098146;0.00540480577909806;0.07203281541938195;0.002733766627600258;2.875812685189801e-05;0.9290516950343072;0.9290478267174166;0.9661320846843028;0.9430863964373524;0.943064067986554;0.9699414193417147;0.26532973389895875;0.9358706395296544;0.0011710647279222167;27.50017762184143
0.3;0.2;8;212;2;2;0.005414217881979715;0.005414217881979665;0.07212250762761967;0.0028305531175324746;3.372640183852837e-05;0.9816182109760812;0.9816172087414269;0.9930592429923337;0.9841727057431566;0.9841664920110842;0.9935201916255721;0.2604266769171632;0.9221498451744892;0.0017254387416342672;31.17823076248169
0.3;0.2;9;185;2;2;0.0053901893783338236;0.005390189378333802;0.0719135601185796;0.00260361703887113;2.7127327298794258e-05;0.8645473942528321;0.8645400091037821;0.925562545534765;0.8987236988194924;0.8986839970958482;0.9382454929622621;0.2709739633558341;0.9515344676255864;0.0006736930313780039;27.198391437530518
0.3;0.3;0;162;2;2;0.0053901893783338236;0.005390189378333802;0.0719135601185796;0.00260361703887113;2.7127327298794258e-05;0.8645473942528321;0.8645400091037821;0.925562545534765;0.8987236988194924;0.8986839970958482;0.9382454929622621;0.2709739633558341;0.9515344676255864;0.0006736930313780039;25.943607091903687
0.3;0.3;1;131;2;2;0.005413644123868983;0.0054136441238687915;0.07204155595776685;0.0027431598948812527;3.2093407450693125e-05;0.9722549530264871;0.9722534402823293;0.9888462676797433;0.9798005970166349;0.9797926673499051;0.9913649452843787;0.2626515297286896;0.9283891155217864;0.001460953502906039;27.295448541641235
0.3;0.3;2;184;2;2;0.005414217881979715;0.005414217881979665;0.07212250762761967;0.0028305531175324603;3.372640183852837e-05;0.9816182109760813;0.981617208741427;0.9930592429923337;0.9841727057431566;0.9841664920110842;0.9935201916255721;0.2604266769171632;0.9221498451744892;0.0017254387416342672;26.699453353881836
0.3;0.3;3;135;2;2;0.004309546778222789;0.004309546778222658;0.09114023017577272;0.023265589446647434;0.0004639316268642798;0.004537046574436511;0.004482772217011514;0.0062088733835928;0.0038958047441840977;0.003504543151054595;0.005974787387925608;0.14719666724526992;0.5726558678607051;0.05699427139600792;20.766263723373413
0.3;0.3;4;236;2;2;0.0054185673907864605;0.005418567390786351;0.07205559863253944;0.002758156577605422;3.2289895647640446e-05;1.0;1.0;1.0;1.0;1.0;1.0;0.2606607760276604;0.922807378170689;0.0016987224353218582;40.12709617614746
0.3;0.3;5;151;2;2;0.0053894044476379835;0.005389404447637953;0.07190061244267316;0.002589798869516692;2.6519368903079655e-05;0.861948586270057;0.8619410594219339;0.9238183899303868;0.8960316770545037;0.8959909218750245;0.9361511690481739;0.27058823529411763;0.9504684279557803;0.0007032818806346954;28.377729177474976
0.3;0.3;6;141;2;2;0.0043078715620389774;0.0043078715620391336;0.09098228614252697;0.02309586372105652;0.000465300188796579;0.003854639350544156;0.0038003277799392252;0.0052647677827237;0.003134548773592274;0.0027430170770069593;0.004805689587475479;0.14821894005212857;0.5761195484853557;0.05598275053157371;27.85148310661316
0.3;0.3;7;158;2;2;0.005393722553145111;0.005393722553145037;0.07208241698724123;0.0027852840834943385;2.8194942034571963e-05;0.8794173910850897;0.8794108166658795;0.9354771621027294;0.9097731015723929;0.9097377246289666;0.9466462065876763;0.2694680030840401;0.9473687606548512;0.0007937143248977728;28.349774599075317
0.3;0.3;8;99;2;2;0.005414217881979715;0.005414217881979665;0.07212250762761967;0.0028305531175324746;3.372640183852837e-05;0.9816182109760812;0.9816172087414269;0.9930592429923337;0.9841727057431566;0.9841664920110842;0.9935201916255721;0.2604266769171632;0.9221498451744892;0.0017254387416342672;13.36717700958252
0.3;0.3;9;172;2;2;0.0053901893783338236;0.005390189378333802;0.0719135601185796;0.00260361703887113;2.7127327298794258e-05;0.8645473942528321;0.8645400091037821;0.925562545534765;0.8987236988194924;0.8986839970958482;0.9382454929622621;0.2709739633558341;0.9515344676255864;0.0006736930313780039;26.41707754135132
0.3;0.4;0;112;2;2;0.0054030323110680145;0.005403032311068154;0.07201749846676762;0.0027161398587166787;2.8972835932310836e-05;0.8731251015599799;0.8731181840313343;0.9313882765612165;0.887206404980942;0.887162161218333;0.9382447114726197;0.2694980694980695;0.9474520254551273;0.000788925078103804;18.109993934631348
0.3;0.4;1;184;2;2;0.005414217881979715;0.005414217881979665;0.07212250762761967;0.0028305531175324603;3.372640183852837e-05;0.9816182109760813;0.981617208741427;0.9930592429923337;0.9841727057431566;0.9841664920110842;0.9935201916255721;0.2604266769171632;0.9221498451744892;0.0017254387416342672;28.294488430023193
0.3;0.4;2;158;2;2;0.005414217881979715;0.005414217881979665;0.07212250762761967;0.0028305531175324603;3.372640183852837e-05;0.9816182109760813;0.981617208741427;0.9930592429923337;0.9841727057431566;0.9841664920110842;0.9935201916255721;0.2604266769171632;0.9221498451744892;0.0017254387416342672;25.83275008201599
0.3;0.4;3;87;2;2;0.005415290562426562;0.005415290562426657;0.07207865340611853;0.0027828401234416844;3.207492950497926e-05;0.9843726398748127;0.9843717878252181;0.9942645950065601;0.9888118210939334;0.9888074283582898;0.9956777827760513;0.2608528620822128;0.9233467233507311;0.0016754744997313775;12.741382598876953
0.3;0.4;4;231;2;2;0.0053901893783338236;0.005390189378333802;0.0719135601185796;0.002603617038871144;2.7127327298794258e-05;0.8645473942528321;0.8645400091037821;0.925562545534765;0.8987236988194924;0.8986839970958482;0.9382454929622621;0.2709739633558341;0.9515344676255864;0.0006736930313780039;28.48912763595581
0.3;0.4;5;188;2;2;0.0053901893783338236;0.005390189378333802;0.0719135601185796;0.002603617038871144;2.7127327298794258e-05;0.8645473942528321;0.8645400091037821;0.925562545534765;0.8987236988194924;0.8986839970958482;0.9382454929622621;0.2709739633558341;0.9515344676255864;0.0006736930313780039;29.602436065673828
0.3;0.4;6;146;2;2;0.0053894044476379835;0.005389404447637953;0.07190061244267316;0.002589798869516692;2.6519368903079655e-05;0.861948586270057;0.8619410594219339;0.9238183899303868;0.8960316770545037;0.8959909218750245;0.9361511690481739;0.27058823529411763;0.9504684279557803;0.0007032818806346954;21.846325635910034
0.3;0.4;7;129;2;2;0.0053894044476379835;0.005389404447637953;0.07190061244267316;0.002589798869516692;2.6519368903079655e-05;0.8619485862700572;0.861941059421934;0.9238183899303868;0.8960316770545037;0.8959909218750245;0.9361511690481739;0.27058823529411763;0.9504684279557803;0.0007032818806346954;11.059451341629028
0.3;0.4;8;202;2;2;0.0053901893783338236;0.005390189378333802;0.0719135601185796;0.00260361703887113;2.7127327298794258e-05;0.8645473942528321;0.8645400091037821;0.925562545534765;0.8987236988194924;0.8986839970958482;0.9382454929622621;0.2709739633558341;0.9515344676255864;0.0006736930313780039;25.77069067955017
0.3;0.4;9;191;2;2;0.004305053118534978;0.004305053118534961;0.09100525917298637;0.023120887298089105;0.0004457365388532726;0.0040632555817656365;0.0040089552107179125;0.005555803137272764;0.0034633235148883368;0.0030719495106708372;0.005294840759049005;0.14775495997215454;0.5745482486476673;0.056271594175003145;30.419636011123657
0.3;0.5;0;316;2;2;0.0053901893783338236;0.005390189378333802;0.0719135601185796;0.002603617038871144;2.7127327298794258e-05;0.8645473942528321;0.8645400091037821;0.925562545534765;0.8987236988194924;0.8986839970958482;0.9382454929622621;0.2709739633558341;0.9515344676255864;0.0006736930313780039;38.58207154273987
0.3;0.5;1;158;2;2;0.0053901893783338236;0.005390189378333802;0.0719135601185796;0.00260361703887113;2.7127327298794258e-05;0.8645473942528321;0.8645400091037821;0.925562545534765;0.8987236988194924;0.8986839970958482;0.9382454929622621;0.2709739633558341;0.9515344676255864;0.0006736930313780039;25.987841606140137
0.3;0.5;2;157;2;2;0.005393722553145111;0.005393722553145037;0.07208241698724123;0.0027852840834943385;2.8194942034571963e-05;0.8794173910850897;0.8794108166658795;0.9354771621027294;0.9097731015723928;0.9097377246289664;0.9466462065876763;0.2694680030840401;0.9473687606548512;0.0007937143248977728;28.510039806365967
0.3;0.5;3;196;2;2;0.005414217881979715;0.005414217881979665;0.07212250762761967;0.0028305531175324746;3.372640183852837e-05;0.9816182109760812;0.9816172087414269;0.9930592429923337;0.9841727057431566;0.9841664920110842;0.9935201916255721;0.2604266769171632;0.9221498451744892;0.0017254387416342672;27.321043729782104
0.3;0.5;4;181;2;2;0.0053894044476379835;0.005389404447637953;0.07190061244267316;0.002589798869516692;2.6519368903079655e-05;0.861948586270057;0.8619410594219339;0.9238183899303868;0.8960316770545037;0.8959909218750245;0.9361511690481739;0.27058823529411763;0.9504684279557803;0.0007032818806346954;24.32892370223999
0.3;0.5;5;135;2;2;0.0054169310348879075;0.005416931034887882;0.0720539070527664;0.002756245748500636;3.202924050752966e-05;0.9951697068489798;0.9951694434872034;0.9984890838016055;0.9938618964215906;0.9938594862937913;0.9978377188595374;0.2608528620822128;0.9233467233507311;0.0016754744997313775;21.47998285293579
0.3;0.5;6;172;2;2;0.0053901893783338236;0.005390189378333802;0.0719135601185796;0.00260361703887113;2.7127327298794258e-05;0.8645473942528321;0.8645400091037821;0.925562545534765;0.8987236988194924;0.8986839970958482;0.9382454929622621;0.2709739633558341;0.9515344676255864;0.0006736930313780039;28.900047540664673
0.3;0.5;7;157;2;2;0.0053901893783338236;0.005390189378333802;0.0719135601185796;0.002603617038871144;2.7127327298794258e-05;0.8645473942528321;0.8645400091037821;0.925562545534765;0.8987236988194924;0.8986839970958482;0.9382454929622621;0.2709739633558341;0.9515344676255864;0.0006736930313780039;22.626632690429688
0.3;0.5;8;144;2;2;0.005393722553145111;0.005393722553145037;0.07208241698724123;0.0027852840834943385;2.8194942034571963e-05;0.8794173910850897;0.8794108166658795;0.9354771621027294;0.9097731015723929;0.9097377246289666;0.9466462065876763;0.2694680030840401;0.9473687606548512;0.0007937143248977728;26.422494173049927
0.3;0.5;9;215;2;2;0.0053901893783338236;0.005390189378333802;0.0719135601185796;0.002603617038871144;2.7127327298794258e-05;0.8645473942528321;0.8645400091037821;0.925562545534765;0.8987236988194924;0.8986839970958482;0.9382454929622621;0.2709739633558341;0.9515344676255864;0.0006736930313780039;25.659305095672607
0.3;0.6;0;193;2;2;0.0053894044476379835;0.005389404447637953;0.07190061244267316;0.002589798869516692;2.6519368903079655e-05;0.861948586270057;0.8619410594219339;0.9238183899303868;0.8960316770545037;0.8959909218750245;0.9361511690481739;0.27058823529411763;0.9504684279557803;0.0007032818806346954;27.26838517189026
0.3;0.6;1;152;2;2;0.005391095737910148;0.00539109573791024;0.07199248899583344;0.0026886402456725443;2.7738033106030552e-05;0.8627853502905343;0.8627778690572363;0.9243995923808597;0.9014428405773646;0.901404203004383;0.9403421585558512;0.2714285714285714;0.9527900411163953;0.0006384634932459533;28.265400886535645
0.3;0.6;2;169;2;2;0.0053901893783338236;0.005390189378333802;0.0719135601185796;0.002603617038871144;2.7127327298794258e-05;0.8645473942528321;0.8645400091037821;0.925562545534765;0.8987236988194924;0.8986839970958482;0.9382454929622621;0.2709739633558341;0.9515344676255864;0.0006736930313780039;28.60064959526062
0.3;0.6;3;176;2;2;0.004294538926808259;0.004294538926808372;0.09032888107884149;0.02239407415101457;0.00044471904031657104;0.016665346795947555;0.01661173347518027;0.02292882658520498;0.015124481696048209;0.014737659199459041;0.02231921776516031;0.15458181185880718;0.5975404315406653;0.05041383741138061;30.17931365966797
0.3;0.6;4;97;2;2;0.005414217881979715;0.005414217881979665;0.07212250762761967;0.0028305531175324746;3.372640183852837e-05;0.9816182109760812;0.9816172087414269;0.9930592429923337;0.9841727057431566;0.9841664920110842;0.9935201916255721;0.2604266769171632;0.9221498451744892;0.0017254387416342672;13.267404079437256
0.3;0.6;5;152;2;2;0.0053901893783338236;0.005390189378333802;0.0719135601185796;0.00260361703887113;2.7127327298794258e-05;0.8645473942528321;0.8645400091037821;0.925562545534765;0.8987236988194924;0.8986839970958482;0.9382454929622621;0.2709739633558341;0.9515344676255864;0.0006736930313780039;23.187291860580444
0.3;0.6;6;179;2;2;0.0053901893783338236;0.005390189378333802;0.0719135601185796;0.00260361703887113;2.7127327298794258e-05;0.8645473942528321;0.8645400091037821;0.925562545534765;0.8987236988194924;0.8986839970958482;0.9382454929622621;0.2709739633558341;0.9515344676255864;0.0006736930313780039;22.953742027282715
0.3;0.6;7;127;2;2;0.0053901893783338236;0.005390189378333802;0.0719135601185796;0.00260361703887113;2.7127327298794258e-05;0.8645473942528321;0.8645400091037821;0.925562545534765;0.8987236988194924;0.8986839970958482;0.9382454929622621;0.2709739633558341;0.9515344676255864;0.0006736930313780039;19.31558084487915
0.3;0.6;8;146;2;2;0.0053894044476379835;0.005389404447637953;0.07190061244267316;0.002589798869516692;2.6519368903079655e-05;0.861948586270057;0.8619410594219339;0.9238183899303868;0.8960316770545037;0.8959909218750245;0.9361511690481739;0.27058823529411763;0.9504684279557803;0.0007032818806346954;25.342376708984375
0.3;0.6;9;155;2;2;0.005391095737910148;0.00539109573791024;0.07199248899583344;0.0026886402456725443;2.7738033106030552e-05;0.8627853502905343;0.8627778690572363;0.9243995923808597;0.9014428405773646;0.901404203004383;0.9403421585558512;0.2714285714285714;0.9527900411163953;0.0006384634932459533;25.57880139350891
0.3;0.7;0;162;2;2;0.0053894044476379835;0.005389404447637953;0.07190061244267316;0.002589798869516692;2.6519368903079655e-05;0.861948586270057;0.8619410594219339;0.9238183899303868;0.8960316770545037;0.8959909218750245;0.9361511690481739;0.27058823529411763;0.9504684279557803;0.0007032818806346954;23.28054404258728
0.3;0.7;1;164;2;2;0.0053901893783338236;0.005390189378333802;0.0719135601185796;0.00260361703887113;2.7127327298794258e-05;0.8645473942528321;0.8645400091037821;0.925562545534765;0.8987236988194924;0.8986839970958482;0.9382454929622621;0.2709739633558341;0.9515344676255864;0.0006736930313780039;26.52590775489807
0.3;0.7;2;156;2;2;0.0053894044476379835;0.005389404447637953;0.07190061244267316;0.002589798869516692;2.6519368903079655e-05;0.861948586270057;0.8619410594219339;0.9238183899303868;0.8960316770545037;0.8959909218750245;0.9361511690481739;0.27058823529411763;0.9504684279557803;0.0007032818806346954;28.29631781578064
0.3;0.7;3;176;2;2;0.005414217881979715;0.005414217881979665;0.07212250762761967;0.0028305531175324603;3.372640183852837e-05;0.9816182109760813;0.981617208741427;0.9930592429923337;0.9841727057431566;0.9841664920110842;0.9935201916255721;0.2604266769171632;0.9221498451744892;0.0017254387416342672;29.20573663711548
0.3;0.7;4;187;2;2;0.005414217881979715;0.005414217881979665;0.07212250762761967;0.0028305531175324746;3.372640183852837e-05;0.9816182109760812;0.9816172087414269;0.9930592429923337;0.9841727057431566;0.9841664920110842;0.9935201916255721;0.2604266769171632;0.9221498451744892;0.0017254387416342672;31.821409702301025
0.3;0.7;5;75;2;2;0.004252146421912808;0.004252146421912748;0.0884615261197503;0.020415790562070997;0.0004343563027878343;0.04047676060967411;0.04042443124568895;0.05534006516274872;0.03513731854589788;0.0347583283642533;0.050479050318708085;0.17994100294985252;0.6806180438448566;0.03217208984962719;11.328007221221924
0.3;0.7;6;183;2;2;0.0053901893783338236;0.005390189378333802;0.0719135601185796;0.00260361703887113;2.7127327298794258e-05;0.8645473942528321;0.8645400091037821;0.925562545534765;0.8987236988194924;0.8986839970958482;0.9382454929622621;0.2709739633558341;0.9515344676255864;0.0006736930313780039;29.782719135284424
0.3;0.7;7;116;2;2;0.005393722553145111;0.005393722553145037;0.07208241698724123;0.0027852840834943385;2.8194942034571963e-05;0.8794173910850897;0.8794108166658795;0.9354771621027294;0.9097731015723929;0.9097377246289666;0.9466462065876763;0.2694680030840401;0.9473687606548512;0.0007937143248977728;13.494584798812866
0.3;0.7;8;153;2;2;0.0053894044476379835;0.005389404447637953;0.07190061244267316;0.002589798869516692;2.6519368903079655e-05;0.8619485862700572;0.861941059421934;0.9238183899303868;0.8960316770545037;0.8959909218750245;0.9361511690481739;0.27058823529411763;0.9504684279557803;0.0007032818806346954;28.184037685394287
0.3;0.7;9;153;2;2;0.004277477110284926;0.004277477110285104;0.08978947299462726;0.021840699988046754;0.00044821476448090583;0.00442935527695026;0.004375061129820976;0.006018633977825505;0.003789893294180582;0.003398618992564346;0.0058020521680969715;0.18015983321751217;0.6813194020528522;0.031968018143914784;24.540199279785156
0.3;0.8;0;174;2;2;0.0053894044476379835;0.005389404447637953;0.07190061244267316;0.002589798869516692;2.6519368903079655e-05;0.8619485862700572;0.861941059421934;0.9238183899303868;0.8960316770545037;0.8959909218750245;0.9361511690481739;0.27058823529411763;0.9504684279557803;0.0007032818806346954;29.420648336410522
0.3;0.8;1;191;2;2;0.004217431075791818;0.004217431075791967;0.08876942231560968;0.020804514261958038;0.00042326647856863296;0.0039739225083965605;0.003919572295392089;0.005353518023357498;0.0030397548970612816;0.002648214542974348;0.0046493110431114785;0.20633263743910926;0.7633689068358812;0.01801963254902908;27.389271020889282
0.3;0.8;2;201;2;2;0.0053901893783338236;0.005390189378333802;0.0719135601185796;0.00260361703887113;2.7127327298794258e-05;0.8645473942528321;0.8645400091037821;0.925562545534765;0.8987236988194924;0.8986839970958482;0.9382454929622621;0.2709739633558341;0.9515344676255864;0.0006736930313780039;24.50055980682373
0.3;0.8;3;171;2;2;0.0053901893783338236;0.005390189378333802;0.0719135601185796;0.002603617038871144;2.7127327298794258e-05;0.8645473942528321;0.8645400091037821;0.925562545534765;0.8987236988194924;0.8986839970958482;0.9382454929622621;0.2709739633558341;0.9515344676255864;0.0006736930313780039;29.668619394302368
0.3;0.8;4;141;2;2;0.004109692357215646;0.00410969235721568;0.08704873162245921;0.01895439104122067;0.0004055219463810576;0.03732721920750856;0.03727468953483119;0.05087942748420544;0.03324808713584103;0.03286814935049627;0.04805355407531481;0.20640445527323356;0.7635891517599538;0.017975390276890567;23.245584964752197
0.3;0.8;5;160;2;2;0.005414217881979715;0.005414217881979665;0.07212250762761967;0.0028305531175324603;3.372640183852837e-05;0.9816182109760813;0.981617208741427;0.9930592429923337;0.9841727057431566;0.9841664920110842;0.9935201916255721;0.2604266769171632;0.9221498451744892;0.0017254387416342672;25.145341157913208
0.3;0.8;6;155;2;2;0.005414217881979715;0.005414217881979665;0.07212250762761967;0.0028305531175324603;3.372640183852837e-05;0.9816182109760813;0.981617208741427;0.9930592429923337;0.9841727057431566;0.9841664920110842;0.9935201916255721;0.2604266769171632;0.9221498451744892;0.0017254387416342672;26.02073097229004
0.3;0.8;7;173;2;2;0.0053894044476379835;0.005389404447637953;0.07190061244267316;0.002589798869516692;2.6519368903079655e-05;0.8619485862700572;0.861941059421934;0.9238183899303868;0.8960316770545037;0.8959909218750245;0.9361511690481739;0.27058823529411763;0.9504684279557803;0.0007032818806346954;28.99114179611206
0.3;0.8;8;351;3;3;0.003383754822003957;0.0034156572303440744;0.13831916991205773;0.031222928694632446;0.0007734858655481442;0.009185160071005814;0.00910089117045642;0.011257080143900419;0.007403302328931795;0.006783311090878819;0.010170678411866167;0.18342233573252845;0.6917450697613019;0.02622277070189026;47.95711708068848
0.3;0.8;9;133;2;2;0.005403437065976239;0.005403437065976065;0.0721197110253829;0.0028266956328179835;3.0149198359921915e-05;0.9316636790436893;0.9316599531560642;0.9676183291294712;0.9430863964373524;0.943064067986554;0.9699414193417147;0.2648305084745763;0.934478463142017;0.001224306241735685;27.330411911010742
0.3;0.9;0;212;2;2;0.005414217881979715;0.005414217881979665;0.07212250762761967;0.0028305531175324603;3.372640183852837e-05;0.9816182109760813;0.981617208741427;0.9930592429923337;0.9841727057431566;0.9841664920110842;0.9935201916255721;0.2604266769171632;0.9221498451744892;0.0017254387416342672;30.572105169296265
0.3;0.9;1;172;2;2;0.003874396431837127;0.0038743964318371737;0.08594720329884611;0.01786331516805771;0.00038911594581985233;0.004702585673031607;0.004648227737234465;0.006305140968461195;0.0043203081188015755;0.003929408276103501;0.006521767511319251;0.23252571030155134;0.8419932446209882;0.008308407924419371;30.445476770401
0.3;0.9;2;161;2;2;0.0053894044476379835;0.005389404447637953;0.07190061244267316;0.002589798869516692;2.6519368903079655e-05;0.8619485862700572;0.861941059421934;0.9238183899303868;0.8960316770545037;0.8959909218750245;0.9361511690481739;0.27058823529411763;0.9504684279557803;0.0007032818806346954;26.056011199951172
0.3;0.9;3;162;2;2;0.0053894044476379835;0.005389404447637953;0.07190061244267316;0.002589798869516692;2.6519368903079655e-05;0.861948586270057;0.8619410594219339;0.9238183899303868;0.8960316770545037;0.8959909218750245;0.9361511690481739;0.27058823529411763;0.9504684279557803;0.0007032818806346954;27.491870164871216
0.3;0.9;4;161;2;2;0.0053901893783338236;0.005390189378333802;0.0719135601185796;0.002603617038871144;2.7127327298794258e-05;0.8645473942528321;0.8645400091037821;0.925562545534765;0.8987236988194924;0.8986839970958482;0.9382454929622621;0.2709739633558341;0.9515344676255864;0.0006736930313780039;24.91250205039978
0.3;0.9;5;203;2;2;0.004134270281275583;0.00413427028127558;0.08815398801617602;0.020238421702054216;0.00039955081021199627;0.005343842919909725;0.005289517953066598;0.007178247775368239;0.00452757450418636;0.0041366466593765715;0.0068855818429767145;0.23232323232323232;0.8413982804854448;0.00838428194803588;28.299280166625977
0.3;0.9;6;201;2;2;0.0053901893783338236;0.005390189378333802;0.0719135601185796;0.00260361703887113;2.7127327298794258e-05;0.8645473942528321;0.8645400091037821;0.925562545534765;0.8987236988194924;0.8986839970958482;0.9382454929622621;0.2709739633558341;0.9515344676255864;0.0006736930313780039;24.193095922470093
0.3;0.9;7;154;2;2;0.0053894044476379835;0.005389404447637953;0.07190061244267316;0.002589798869516692;2.6519368903079655e-05;0.8619485862700572;0.861941059421934;0.9238183899303868;0.8960316770545037;0.8959909218750245;0.9361511690481739;0.27058823529411763;0.9504684279557803;0.0007032818806346954;28.335187196731567
0.3;0.9;8;152;2;2;0.005414217881979715;0.005414217881979665;0.07212250762761967;0.0028305531175324603;3.372640183852837e-05;0.9816182109760813;0.981617208741427;0.9930592429923337;0.9841727057431566;0.9841664920110842;0.9935201916255721;0.2604266769171632;0.9221498451744892;0.0017254387416342672;25.57541298866272
0.3;0.9;9;179;2;2;0.0053901893783338236;0.005390189378333802;0.0719135601185796;0.00260361703887113;2.7127327298794258e-05;0.8645473942528321;0.8645400091037821;0.925562545534765;0.8987236988194924;0.8986839970958482;0.9382454929622621;0.2709739633558341;0.9515344676255864;0.0006736930313780039;24.610432147979736
0.3;1.0;0;160;2;2;0.005278641838649526;0.005278641838649453;0.07197594295758952;0.0026722788049534465;2.7806337497715563e-05;0.8318155272721185;0.8318063573760303;0.9015810570501287;0.9041900771444015;0.9041525148032918;0.9424411659462228;0.285824493731919;0.9920329848257837;1.834308192461909e-05;22.269417762756348
0.3;1.0;1;157;2;2;0.00537904945590112;0.0053790494559009154;0.07218982232852994;0.0029021304171093455;2.862874330060436e-05;0.8214349817380924;0.8214252458651197;0.8941335240364152;0.8804018997316876;0.8803550296957426;0.9236343942965668;0.285824493731919;0.9920329848257837;1.834308192461909e-05;23.083373308181763
0.3;1.0;2;191;2;2;0.005386317510380612;0.005386317510380441;0.07234326143259875;0.0030663025317458127;2.9739146038525132e-05;0.8168522187857719;0.8168422331156757;0.8909919422578393;0.8547478667534689;0.8546909258898545;0.9132672454982677;0.28632148377125194;0.9933927619904855;1.2615510310896296e-05;31.40156888961792
0.3;1.0;3;145;2;2;0.005385496751440173;0.005385496751439956;0.07212636391424163;0.0028335122549783096;2.9329396537995158e-05;0.8361088523375931;0.8360999165611621;0.9047412339858295;0.9014428405773645;0.9014042030043828;0.9403421585558512;0.2861003861003861;0.9927884165839514;1.5029098991454961e-05;28.790868759155273
0.3;1.0;4;133;2;2;0.005278615937471438;0.00527861593747127;0.07224526932035777;0.0029612185395145596;2.8746867550508204e-05;0.8260066542491052;0.8259971676813015;0.8975670091245733;0.872074349237366;0.8720241781274994;0.927796292925261;0.2861556284997104;0.9929395029355849;1.4405903011092437e-05;22.330495595932007
0.3;1.0;5;168;2;2;0.005386317510380612;0.005386317510380441;0.07234326143259875;0.0030663025317458127;2.9739146038525132e-05;0.8168522187857719;0.8168422331156757;0.8909919422578393;0.8547478667534689;0.8546909258898545;0.9132672454982677;0.28632148377125194;0.9933927619904855;1.2615510310896296e-05;30.08811378479004
0.3;1.0;6;178;2;2;0.005384564867520496;0.005384564867520928;0.0720695811114438;0.002772410062510897;2.911238597391154e-05;0.838936411045346;0.8389276294413671;0.9067551340479726;0.8987236988194924;0.8986839970958482;0.9382454929622621;0.2861556284997104;0.9929395029355849;1.4405903011092437e-05;26.49764585494995
0.3;1.0;7;149;2;2;0.00537904945590112;0.0053790494559009154;0.07218982232852994;0.0029021304171093455;2.862874330060436e-05;0.8214349817380924;0.8214252458651197;0.8941335240364152;0.8804018997316876;0.8803550296957426;0.9236343942965668;0.285824493731919;0.9920329848257837;1.834308192461909e-05;25.095259189605713
0.3;1.0;8;94;2;2;0.005382125960454236;0.0053821259604541925;0.07209751740489294;0.0028026745592218847;2.8483345925871283e-05;0.8321185225438752;0.8321093691901343;0.9018681174145952;0.8907254113829454;0.8906825799556862;0.9319695457906109;0.2859899652643767;0.9924862438806843;1.6315090531016313e-05;14.074055194854736
0.3;1.0;9;167;2;2;0.005278641838649526;0.005278641838649453;0.07197594295758952;0.0026722788049534465;2.7806337497715563e-05;0.8318155272721185;0.8318063573760303;0.9015810570501287;0.9041900771444015;0.9041525148032918;0.9424411659462228;0.285824493731919;0.9920329848257837;1.834308192461909e-05;24.754559755325317
0.4;0.0;0;257;2;2;0.0053894044476379835;0.005389404447637953;0.07190061244267316;0.002589798869516692;2.6519368903079655e-05;0.8619485862700572;0.861941059421934;0.9238183899303868;0.8960316770545037;0.8959909218750245;0.9361511690481739;0.27058823529411763;0.9504684279557803;0.0007032818806346954;39.46130967140198
0.4;0.0;1;161;2;2;0.0053901893783338236;0.005390189378333802;0.0719135601185796;0.002603617038871144;2.7127327298794258e-05;0.8645473942528321;0.8645400091037821;0.925562545534765;0.8987236988194924;0.8986839970958482;0.9382454929622621;0.2709739633558341;0.9515344676255864;0.0006736930313780039;27.418453216552734
0.4;0.0;2;173;2;2;0.005404878822878018;0.005404878822878025;0.07210027143132368;0.002806165471397761;3.0279584600919627e-05;0.931655463493383;0.9316517371451678;0.9676183291325764;0.9463939267053658;0.9463728946259579;0.9720732243401865;0.26454720616570326;0.933687936793188;0.0012526653048602465;25.091110229492188
0.4;0.0;3;143;2;2;0.0053901893783338236;0.005390189378333802;0.0719135601185796;0.00260361703887113;2.7127327298794258e-05;0.8645473942528321;0.8645400091037821;0.925562545534765;0.8987236988194924;0.8986839970958482;0.9382454929622621;0.2709739633558341;0.9515344676255864;0.0006736930313780039;12.944811582565308
0.4;0.0;4;104;2;2;0.005414217881979715;0.005414217881979665;0.07212250762761967;0.0028305531175324603;3.372640183852837e-05;0.9816182109760813;0.981617208741427;0.9930592429923337;0.9841727057431566;0.9841664920110842;0.9935201916255721;0.2604266769171632;0.9221498451744892;0.0017254387416342672;14.482054948806763
0.4;0.0;5;145;2;2;0.005392866065809665;0.005392866065809321;0.07202226278564808;0.0027207480072852473;2.8772911021898753e-05;0.881187087740738;0.8811806098024093;0.9366470599029705;0.9069664551994954;0.9069299795861538;0.9445425152509057;0.2690824980724749;0.9463008079272353;0.0008258185566784506;22.676161766052246
0.4;0.0;6;197;2;2;0.005414217881979715;0.005414217881979665;0.07212250762761967;0.0028305531175324603;3.372640183852837e-05;0.9816182109760813;0.981617208741427;0.9930592429923337;0.9841727057431566;0.9841664920110842;0.9935201916255721;0.2604266769171632;0.9221498451744892;0.0017254387416342672;29.632391929626465
0.4;0.0;7;136;2;2;0.0053901893783338236;0.005390189378333802;0.0719135601185796;0.002603617038871144;2.7127327298794258e-05;0.8645473942528321;0.8645400091037821;0.925562545534765;0.8987236988194924;0.8986839970958482;0.9382454929622621;0.2709739633558341;0.9515344676255864;0.0006736930313780039;16.430572032928467
0.4;0.0;8;131;2;2;0.005414217881979715;0.005414217881979665;0.07212250762761967;0.0028305531175324603;3.372640183852837e-05;0.9816182109760813;0.981617208741427;0.9930592429923337;0.9841727057431566;0.9841664920110842;0.9935201916255721;0.2604266769171632;0.9221498451744892;0.0017254387416342672;27.419286012649536
0.4;0.0;9;206;2;2;0.005414217881979715;0.005414217881979665;0.07212250762761967;0.0028305531175324603;3.372640183852837e-05;0.9816182109760813;0.981617208741427;0.9930592429923337;0.9841727057431566;0.9841664920110842;0.9935201916255721;0.2604266769171632;0.9221498451744892;0.0017254387416342672;23.68677568435669
0.4;0.1;0;141;2;2;0.004300387267464668;0.004300387267464642;0.09095447957015564;0.02306618147320011;0.0004472199713915371;0.01357987771787648;0.01352609628037899;0.018696479322787812;0.012467986019816274;0.012080062531097186;0.018555298283270596;0.14805149617258176;0.5755526349615545;0.05603306016698498;20.97454047203064
0.4;0.1;1;157;2;2;0.005393722553145111;0.005393722553145037;0.07208241698724123;0.0027852840834943385;2.8194942034571963e-05;0.8794173910850897;0.8794108166658795;0.9354771621027294;0.9097731015723928;0.9097377246289664;0.9466462065876763;0.2694680030840401;0.9473687606548512;0.0007937143248977728;26.801347732543945
0.4;0.1;2;168;2;2;0.005414217881979715;0.005414217881979665;0.07212250762761967;0.0028305531175324746;3.372640183852837e-05;0.9816182109760812;0.9816172087414269;0.9930592429923337;0.9841727057431566;0.9841664920110842;0.9935201916255721;0.2604266769171632;0.9221498451744892;0.0017254387416342672;25.97423529624939
0.4;0.1;3;170;2;2;0.004306366241278169;0.004306366241278266;0.09103242248577928;0.023149916036234734;0.00045467234242673187;0.004014875812551699;0.003960572888793564;0.005487955782866418;0.0033460781153942065;0.0029546294996719825;0.005128454930493709;0.14782608695652175;0.5747892074198988;0.05626479207929523;29.038300275802612
0.4;0.1;4;179;2;2;0.0053894044476379835;0.005389404447637953;0.07190061244267316;0.002589798869516692;2.6519368903079655e-05;0.8619485862700572;0.861941059421934;0.9238183899303868;0.8960316770545037;0.8959909218750245;0.9361511690481739;0.27058823529411763;0.9504684279557803;0.0007032818806346954;29.438751935958862
0.4;0.1;5;231;2;2;0.005414217881979715;0.005414217881979665;0.07212250762761967;0.0028305531175324746;3.372640183852837e-05;0.9816182109760812;0.9816172087414269;0.9930592429923337;0.9841727057431566;0.9841664920110842;0.9935201916255721;0.2604266769171632;0.9221498451744892;0.0017254387416342672;33.310808181762695
0.4;0.1;6;143;2;2;0.005414217881979715;0.005414217881979665;0.07212250762761967;0.0028305531175324603;3.372640183852837e-05;0.9816182109760813;0.981617208741427;0.9930592429923337;0.9841727057431566;0.9841664920110842;0.9935201916255721;0.2604266769171632;0.9221498451744892;0.0017254387416342672;20.992193937301636
0.4;0.1;7;121;2;2;0.0053901893783338236;0.005390189378333802;0.0719135601185796;0.002603617038871144;2.7127327298794258e-05;0.8645473942528321;0.8645400091037821;0.925562545534765;0.8987236988194924;0.8986839970958482;0.9382454929622621;0.2709739633558341;0.9515344676255864;0.0006736930313780039;17.362489223480225
0.4;0.1;8;165;2;2;0.0053894044476379835;0.005389404447637953;0.07190061244267316;0.002589798869516692;2.6519368903079655e-05;0.8619485862700572;0.861941059421934;0.9238183899303868;0.8960316770545037;0.8959909218750245;0.9361511690481739;0.27058823529411763;0.9504684279557803;0.0007032818806346954;26.320003032684326
0.4;0.1;9;126;2;2;0.005415290562426562;0.005415290562426657;0.07207865340611853;0.0027828401234416844;3.207492950497926e-05;0.9843726398748125;0.9843717878252178;0.9942645950065601;0.9888118210939335;0.9888074283582899;0.9956777827760513;0.2608528620822128;0.9233467233507311;0.0016754744997313775;24.418166875839233
0.4;0.2;0;169;2;2;0.0053901893783338236;0.005390189378333802;0.0719135601185796;0.00260361703887113;2.7127327298794258e-05;0.8645473942528321;0.8645400091037821;0.925562545534765;0.8987236988194924;0.8986839970958482;0.9382454929622621;0.2709739633558341;0.9515344676255864;0.0006736930313780039;23.58355402946472
0.4;0.2;1;117;2;2;0.0053901893783338236;0.005390189378333802;0.0719135601185796;0.002603617038871144;2.7127327298794258e-05;0.8645473942528321;0.8645400091037821;0.925562545534765;0.8987236988194924;0.8986839970958482;0.9382454929622621;0.2709739633558341;0.9515344676255864;0.0006736930313780039;15.80567717552185
0.4;0.2;2;172;2;2;0.0053901893783338236;0.005390189378333802;0.0719135601185796;0.002603617038871144;2.7127327298794258e-05;0.8645473942528321;0.8645400091037821;0.925562545534765;0.8987236988194924;0.8986839970958482;0.9382454929622621;0.2709739633558341;0.9515344676255864;0.0006736930313780039;28.936482429504395
0.4;0.2;3;125;2;2;0.0054169310348879075;0.005416931034887882;0.0720539070527664;0.002756245748500636;3.202924050752966e-05;0.9951697068489798;0.9951694434872034;0.9984890838016055;0.9938618964215906;0.9938594862937913;0.9978377188595374;0.2608528620822128;0.9233467233507311;0.0016754744997313775;22.64845585823059
0.4;0.2;4;136;2;2;0.005414217881979715;0.005414217881979665;0.07212250762761967;0.0028305531175324603;3.372640183852837e-05;0.9816182109760813;0.981617208741427;0.9930592429923337;0.9841727057431566;0.9841664920110842;0.9935201916255721;0.2604266769171632;0.9221498451744892;0.0017254387416342672;24.790077924728394
0.4;0.2;5;144;2;2;0.005415290562426562;0.005415290562426657;0.07207865340611853;0.0027828401234416844;3.207492950497926e-05;0.9843726398748127;0.9843717878252181;0.9942645950065601;0.9888118210939335;0.9888074283582899;0.9956777827760513;0.2608528620822128;0.9233467233507311;0.0016754744997313775;25.081873416900635
0.4;0.2;6;116;2;2;0.0053894044476379835;0.005389404447637953;0.07190061244267316;0.002589798869516692;2.6519368903079655e-05;0.861948586270057;0.8619410594219339;0.9238183899303868;0.8960316770545037;0.8959909218750245;0.9361511690481739;0.27058823529411763;0.9504684279557803;0.0007032818806346954;13.49805235862732
0.4;0.2;7;135;2;2;0.005396869452566744;0.005396869452566837;0.07212856325153717;0.002835165825513817;2.7284888412756547e-05;0.8962692879951422;0.8962636323616565;0.946326609525069;0.9213282983725247;0.9212974457905683;0.9550843946198231;0.26655119322555815;0.9392722623998311;0.0010556235322867862;27.785202503204346
0.4;0.2;8;80;2;2;0.0053894044476379835;0.005389404447637953;0.07190061244267316;0.002589798869516692;2.6519368903079655e-05;0.8619485862700572;0.861941059421934;0.9238183899303868;0.8960316770545037;0.8959909218750245;0.9361511690481739;0.27058823529411763;0.9504684279557803;0.0007032818806346954;9.102836608886719
0.4;0.2;9;110;2;2;0.0053901893783338236;0.005390189378333802;0.0719135601185796;0.00260361703887113;2.7127327298794258e-05;0.8645473942528321;0.8645400091037821;0.925562545534765;0.8987236988194924;0.8986839970958482;0.9382454929622621;0.2709739633558341;0.9515344676255864;0.0006736930313780039;14.088333129882812
0.4;0.3;0;146;2;2;0.0053894044476379835;0.005389404447637953;0.07190061244267316;0.002589798869516692;2.6519368903079655e-05;0.8619485862700572;0.861941059421934;0.9238183899303868;0.8960316770545037;0.8959909218750245;0.9361511690481739;0.27058823529411763;0.9504684279557803;0.0007032818806346954;25.525901317596436
0.4;0.3;1;137;2;2;0.004302350240730245;0.004302350240730237;0.09091158508489953;0.023020902889901978;0.0004501966219850238;0.00463775900413763;0.004583489599139873;0.006353477525692337;0.004169905130785264;0.0037788646893304;0.006336235752664028;0.14731520223152023;0.5730578063017019;0.05652590060050021;25.456050395965576
0.4;0.3;2;138;2;2;0.005414217881979715;0.005414217881979665;0.07212250762761967;0.0028305531175324603;3.372640183852837e-05;0.9816182109760813;0.981617208741427;0.9930592429923337;0.9841727057431566;0.9841664920110842;0.9935201916255721;0.2604266769171632;0.9221498451744892;0.0017254387416342672;27.615989446640015
0.4;0.3;3;157;2;2;0.004309795871783277;0.004309795871783495;0.09117096248716319;0.02329863061842636;0.0004625129900018456;0.004554245170123542;0.004499971743239766;0.006232859810173992;0.0037714282150456183;0.0033800885342479808;0.005799011583352354;0.14782004516241098;0.5747687406342764;0.05637097116404435;28.47944474220276
0.4;0.3;4;198;2;2;0.005414217881979715;0.005414217881979665;0.07212250762761967;0.0028305531175324746;3.372640183852837e-05;0.9816182109760812;0.9816172087414269;0.9930592429923337;0.9841727057431566;0.9841664920110842;0.9935201916255721;0.2604266769171632;0.9221498451744892;0.0017254387416342672;29.836844205856323
0.4;0.3;5;156;2;2;0.0053894044476379835;0.005389404447637953;0.07190061244267316;0.002589798869516692;2.6519368903079655e-05;0.8619485862700572;0.861941059421934;0.9238183899303868;0.8960316770545037;0.8959909218750245;0.9361511690481739;0.27058823529411763;0.9504684279557803;0.0007032818806346954;25.792259693145752
0.4;0.3;6;202;2;2;0.0053894044476379835;0.005389404447637953;0.07190061244267316;0.002589798869516692;2.6519368903079655e-05;0.8619485862700572;0.861941059421934;0.9238183899303868;0.8960316770545037;0.8959909218750245;0.9361511690481739;0.27058823529411763;0.9504684279557803;0.0007032818806346954;22.976394653320312
0.4;0.3;7;110;2;2;0.005415290562426562;0.005415290562426657;0.07207865340611853;0.0027828401234416844;3.207492950497926e-05;0.9843726398748127;0.9843717878252181;0.9942645950065601;0.9888118210939334;0.9888074283582898;0.9956777827760513;0.2608528620822128;0.9233467233507311;0.0016754744997313775;17.869628429412842
0.4;0.3;8;165;2;2;0.005414217881979715;0.005414217881979665;0.07212250762761967;0.0028305531175324603;3.372640183852837e-05;0.9816182109760813;0.981617208741427;0.9930592429923337;0.9841727057431566;0.9841664920110842;0.9935201916255721;0.2604266769171632;0.9221498451744892;0.0017254387416342672;27.581196784973145
0.4;0.3;9;143;2;2;0.0043112008316901086;0.0043112008316899516;0.09101250702545757;0.023128341532090174;0.0004659398737658621;0.0041473100861699795;0.004093014472480524;0.005669795666217344;0.003427898977585321;0.003036394766843541;0.005288756477656431;0.1480194579569145;0.5754441445598162;0.05617665065595728;17.763452529907227
0.4;0.4;0;125;2;2;0.0054129156969910655;0.0054129156969911245;0.07203364342640418;0.0027351561708569205;3.357432895233484e-05;0.9666404794893084;0.9666386606184693;0.9861426551616076;0.9756271121242559;0.9756175447156714;0.9892120436289973;0.2633911368015414;0.9304583672920383;0.0013756039332693763;23.88545513153076
0.4;0.4;1;154;2;2;0.0053901893783338236;0.005390189378333802;0.0719135601185796;0.002603617038871144;2.7127327298794258e-05;0.8645473942528321;0.8645400091037821;0.925562545534765;0.8987236988194924;0.8986839970958482;0.9382454929622621;0.2709739633558341;0.9515344676255864;0.0006736930313780039;21.96043562889099
0.4;0.4;2;135;2;2;0.0053894044476379835;0.005389404447637953;0.07190061244267316;0.002589798869516692;2.6519368903079655e-05;0.861948586270057;0.8619410594219339;0.9238183899303868;0.8960316770545037;0.8959909218750245;0.9361511690481739;0.27058823529411763;0.9504684279557803;0.0007032818806346954;22.429407358169556
0.4;0.4;3;116;2;2;0.0054169310348879075;0.005416931034887882;0.0720539070527664;0.002756245748500636;3.202924050752966e-05;0.9951697068489798;0.9951694434872034;0.9984890838016055;0.9938618964215906;0.9938594862937913;0.9978377188595374;0.2608528620822128;0.9233467233507311;0.0016754744997313775;24.755064010620117
0.4;0.4;4;234;2;2;0.005401617103074975;0.005401617103074934;0.0720852400868242;0.0027898275200891652;2.8707159755615903e-05;0.9173721567061622;0.9173676515972079;0.9593100718881784;0.9366364710036174;0.9366116149851327;0.9656848396181581;0.26517633455386397;0.9354429758710727;0.0011877798936021852;33.76799654960632
0.4;0.4;5;146;2;2;0.0053894044476379835;0.005389404447637953;0.07190061244267316;0.002589798869516692;2.6519368903079655e-05;0.861948586270057;0.8619410594219339;0.9238183899303868;0.8960316770545037;0.8959909218750245;0.9361511690481739;0.27058823529411763;0.9504684279557803;0.0007032818806346954;25.46677327156067
0.4;0.4;6;150;2;2;0.005393722553145111;0.005393722553145037;0.07208241698724123;0.0027852840834943385;2.8194942034571963e-05;0.8794173910850897;0.8794108166658795;0.9354771621027294;0.9097731015723928;0.9097377246289664;0.9466462065876763;0.2694680030840401;0.9473687606548512;0.0007937143248977728;21.71194291114807
0.4;0.4;7;144;2;2;0.005414217881979715;0.005414217881979665;0.07212250762761967;0.0028305531175324603;3.372640183852837e-05;0.9816182109760813;0.981617208741427;0.9930592429923337;0.9841727057431566;0.9841664920110842;0.9935201916255721;0.2604266769171632;0.9221498451744892;0.0017254387416342672;24.503942251205444
0.4;0.4;8;163;2;2;0.0053901893783338236;0.005390189378333802;0.0719135601185796;0.002603617038871144;2.7127327298794258e-05;0.8645473942528321;0.8645400091037821;0.925562545534765;0.8987236988194924;0.8986839970958482;0.9382454929622621;0.2709739633558341;0.9515344676255864;0.0006736930313780039;28.59990882873535
0.4;0.4;9;158;2;2;0.005414217881979715;0.005414217881979665;0.07212250762761967;0.0028305531175324603;3.372640183852837e-05;0.9816182109760813;0.981617208741427;0.9930592429923337;0.9841727057431566;0.9841664920110842;0.9935201916255721;0.2604266769171632;0.9221498451744892;0.0017254387416342672;29.48175287246704
0.4;0.5;0;161;2;2;0.0053901893783338236;0.005390189378333802;0.0719135601185796;0.00260361703887113;2.7127327298794258e-05;0.8645473942528321;0.8645400091037821;0.925562545534765;0.8987236988194924;0.8986839970958482;0.9382454929622621;0.2709739633558341;0.9515344676255864;0.0006736930313780039;28.724024057388306
0.4;0.5;1;153;2;2;0.0053894044476379835;0.005389404447637953;0.07190061244267316;0.002589798869516692;2.6519368903079655e-05;0.861948586270057;0.8619410594219339;0.9238183899303868;0.8960316770545037;0.8959909218750245;0.9361511690481739;0.27058823529411763;0.9504684279557803;0.0007032818806346954;25.788950204849243
0.4;0.5;2;173;2;2;0.0053894044476379835;0.005389404447637953;0.07190061244267316;0.002589798869516692;2.6519368903079655e-05;0.861948586270057;0.8619410594219339;0.9238183899303868;0.8960316770545037;0.8959909218750245;0.9361511690481739;0.27058823529411763;0.9504684279557803;0.0007032818806346954;27.307169198989868
0.4;0.5;3;159;2;2;0.0053901893783338236;0.005390189378333802;0.0719135601185796;0.002603617038871144;2.7127327298794258e-05;0.8645473942528321;0.8645400091037821;0.925562545534765;0.8987236988194924;0.8986839970958482;0.9382454929622621;0.2709739633558341;0.9515344676255864;0.0006736930313780039;26.045642137527466
0.4;0.5;4;118;2;2;0.0053894044476379835;0.005389404447637953;0.07190061244267316;0.002589798869516692;2.6519368903079655e-05;0.8619485862700572;0.861941059421934;0.9238183899303868;0.8960316770545037;0.8959909218750245;0.9361511690481739;0.27058823529411763;0.9504684279557803;0.0007032818806346954;21.099613666534424
0.4;0.5;5;151;2;2;0.0053901893783338236;0.005390189378333802;0.0719135601185796;0.00260361703887113;2.7127327298794258e-05;0.8645473942528321;0.8645400091037821;0.925562545534765;0.8987236988194924;0.8986839970958482;0.9382454929622621;0.2709739633558341;0.9515344676255864;0.0006736930313780039;27.99778914451599
0.4;0.5;6;188;2;2;0.0053901893783338236;0.005390189378333802;0.0719135601185796;0.002603617038871144;2.7127327298794258e-05;0.8645473942528321;0.8645400091037821;0.925562545534765;0.8987236988194924;0.8986839970958482;0.9382454929622621;0.2709739633558341;0.9515344676255864;0.0006736930313780039;29.631502151489258
0.4;0.5;7;195;2;2;0.004305053118534978;0.004305053118534961;0.09100525917298637;0.023120887298089105;0.0004457365388532726;0.0040632555817656365;0.0040089552107179125;0.005555803137272764;0.0034633235148883368;0.0030719495106708372;0.005294840759049005;0.14775495997215454;0.5745482486476673;0.056271594175003145;28.78265380859375
0.4;0.5;8;165;2;2;0.0053894044476379835;0.005389404447637953;0.07190061244267316;0.002589798869516692;2.6519368903079655e-05;0.861948586270057;0.8619410594219339;0.9238183899303868;0.8960316770545037;0.8959909218750245;0.9361511690481739;0.27058823529411763;0.9504684279557803;0.0007032818806346954;28.89536452293396
0.4;0.5;9;149;2;2;0.0053894044476379835;0.005389404447637953;0.07190061244267316;0.002589798869516692;2.6519368903079655e-05;0.8619485862700572;0.861941059421934;0.9238183899303868;0.8960316770545037;0.8959909218750245;0.9361511690481739;0.27058823529411763;0.9504684279557803;0.0007032818806346954;28.159766674041748
0.4;0.6;0;136;2;2;0.005414217881979715;0.005414217881979665;0.07212250762761967;0.0028305531175324746;3.372640183852837e-05;0.9816182109760812;0.9816172087414269;0.9930592429923337;0.9841727057431566;0.9841664920110842;0.9935201916255721;0.2604266769171632;0.9221498451744892;0.0017254387416342672;26.41928768157959
0.4;0.6;1;123;2;2;0.0053894044476379835;0.005389404447637953;0.07190061244267316;0.002589798869516692;2.6519368903079655e-05;0.8619485862700572;0.861941059421934;0.9238183899303868;0.8960316770545037;0.8959909218750245;0.9361511690481739;0.27058823529411763;0.9504684279557803;0.0007032818806346954;22.204403400421143
0.4;0.6;2;155;2;2;0.0053901893783338236;0.005390189378333802;0.0719135601185796;0.00260361703887113;2.7127327298794258e-05;0.8645473942528321;0.8645400091037821;0.925562545534765;0.8987236988194924;0.8986839970958482;0.9382454929622621;0.2709739633558341;0.9515344676255864;0.0006736930313780039;28.32781147956848
0.4;0.6;3;133;2;2;0.005408338093028784;0.0054083380930285575;0.0720663265183495;0.0027702799642507414;3.0467532460819425e-05;0.9423615702392607;0.9423584276023912;0.9735747290393721;0.9567014768705318;0.9566844858029486;0.9784827013350585;0.2653415669625627;0.9359036247451007;0.0011681980527572869;27.344197988510132
0.4;0.6;4;147;2;2;0.0053901893783338236;0.005390189378333802;0.0719135601185796;0.002603617038871144;2.7127327298794258e-05;0.8645473942528321;0.8645400091037821;0.925562545534765;0.8987236988194924;0.8986839970958482;0.9382454929622621;0.2709739633558341;0.9515344676255864;0.0006736930313780039;28.309284210205078
0.4;0.6;5;127;2;2;0.005414217881979715;0.005414217881979665;0.07212250762761967;0.0028305531175324603;3.372640183852837e-05;0.9816182109760813;0.981617208741427;0.9930592429923337;0.9841727057431566;0.9841664920110842;0.9935201916255721;0.2604266769171632;0.9221498451744892;0.0017254387416342672;25.590420246124268
0.4;0.6;6;150;2;2;0.005415290562426562;0.005415290562426657;0.07207865340611853;0.0027828401234416844;3.207492950497926e-05;0.9843726398748125;0.9843717878252178;0.9942645950065601;0.9888118210939334;0.9888074283582898;0.9956777827760513;0.2608528620822128;0.9233467233507311;0.0016754744997313775;28.07391047477722
0.4;0.6;7;159;2;2;0.0053901893783338236;0.005390189378333802;0.0719135601185796;0.00260361703887113;2.7127327298794258e-05;0.8645473942528321;0.8645400091037821;0.925562545534765;0.8987236988194924;0.8986839970958482;0.9382454929622621;0.2709739633558341;0.9515344676255864;0.0006736930313780039;28.29124879837036
0.4;0.6;8;132;2;2;0.005402596004299019;0.005402596004299018;0.07203797335683444;0.0027389415560473292;2.7760648286443965e-05;0.9198744755681236;0.919870106896503;0.9607910621676269;0.9398351637143655;0.9398115611109229;0.9678119578079544;0.2651252408477842;0.9353005081622894;0.0011933780221271163;27.270248413085938
0.4;0.6;9;152;2;2;0.005414217881979715;0.005414217881979665;0.07212250762761967;0.0028305531175324746;3.372640183852837e-05;0.9816182109760812;0.9816172087414269;0.9930592429923337;0.9841727057431566;0.9841664920110842;0.9935201916255721;0.2604266769171632;0.9221498451744892;0.0017254387416342672;25.316080570220947
0.4;0.7;0;145;2;2;0.0053894044476379835;0.005389404447637953;0.07190061244267316;0.002589798869516692;2.6519368903079655e-05;0.8619485862700572;0.861941059421934;0.9238183899303868;0.8960316770545037;0.8959909218750245;0.9361511690481739;0.27058823529411763;0.9504684279557803;0.0007032818806346954;23.897488594055176
0.4;0.7;1;175;2;2;0.004250262301412148;0.004250262301412136;0.0894996964053998;0.021527499555908595;0.00043507447223732675;0.0039943509475931;0.003940034009806781;0.005420526334621847;0.0032480813223005997;0.0028566227851193095;0.004967398149515477;0.18034782608695651;0.6819217177169626;0.031793713958377504;30.73641586303711
0.4;0.7;2;157;2;2;0.005414217881979715;0.005414217881979665;0.07212250762761967;0.0028305531175324746;3.372640183852837e-05;0.9816182109760812;0.9816172087414269;0.9930592429923337;0.9841727057431566;0.9841664920110842;0.9935201916255721;0.2604266769171632;0.9221498451744892;0.0017254387416342672;19.63772416114807
0.4;0.7;3;145;2;2;0.004244481609705635;0.00424448160970547;0.08976877312832088;0.021813816595212823;0.00043739769111985765;0.013694981459693533;0.013641195011695938;0.018779409626440976;0.012467986019816274;0.012080062531097186;0.018555298283270596;0.18066202090592334;0.6829279471956655;0.031504462659309285;27.364708423614502
0.4;0.7;4;164;2;2;0.005414217881979715;0.005414217881979665;0.07212250762761967;0.0028305531175324746;3.372640183852837e-05;0.9816182109760812;0.9816172087414269;0.9930592429923337;0.9841727057431566;0.9841664920110842;0.9935201916255721;0.2604266769171632;0.9221498451744892;0.0017254387416342672;25.65476703643799
0.4;0.7;5;205;2;2;0.005414217881979715;0.005414217881979665;0.07212250762761967;0.0028305531175324603;3.372640183852837e-05;0.9816182109760813;0.981617208741427;0.9930592429923337;0.9841727057431566;0.9841664920110842;0.9935201916255721;0.2604266769171632;0.9221498451744892;0.0017254387416342672;29.43827772140503
0.4;0.7;6;150;2;2;0.005396869452566744;0.005396869452566837;0.07212856325153717;0.002835165825513817;2.7284888412756547e-05;0.8962692879951422;0.8962636323616565;0.946326609525069;0.9213282983725248;0.9212974457905684;0.9550843946198231;0.26655119322555815;0.9392722623998311;0.0010556235322867862;27.476972579956055
0.4;0.7;7;146;2;2;0.00427769907665879;0.004277699076658872;0.08977062975669443;0.02182075459450011;0.00044497029456276984;0.004760862220428317;0.004706585993809721;0.006475244171174481;0.004022182612712402;0.0036309995457064845;0.0061528840626820045;0.18012853916970645;0.6812191195385671;0.031997123928125495;29.37241268157959
0.4;0.7;8;155;2;2;0.005414217881979715;0.005414217881979665;0.07212250762761967;0.0028305531175324603;3.372640183852837e-05;0.9816182109760813;0.981617208741427;0.9930592429923337;0.9841727057431566;0.9841664920110842;0.9935201916255721;0.2604266769171632;0.9221498451744892;0.0017254387416342672;28.359269380569458
0.4;0.7;9;154;2;2;0.004254550455073642;0.004254550455073625;0.08952113594997582;0.021552635731752215;0.0004405870137238602;0.0048679798927304865;0.004813709507866737;0.006622863469763722;0.004022182612712402;0.0036309995457064854;0.0061528840626820045;0.18012853916970645;0.6812191195385671;0.031997123928125495;29.260679721832275
0.4;0.8;0;156;2;2;0.004217431075791818;0.004217431075791967;0.08876942231560968;0.020804514261958038;0.00042326647856863296;0.0039739225083965605;0.003919572295392089;0.005353518023357498;0.0030397548970612816;0.0026482145429743476;0.0046493110431114785;0.20633263743910926;0.7633689068358812;0.01801963254902908;26.701056957244873
0.4;0.8;1;161;2;2;0.0053901893783338236;0.005390189378333802;0.0719135601185796;0.00260361703887113;2.7127327298794258e-05;0.8645473942528321;0.8645400091037821;0.925562545534765;0.8987236988194924;0.8986839970958482;0.9382454929622621;0.2709739633558341;0.9515344676255864;0.0006736930313780039;25.885576725006104
0.4;0.8;2;157;2;2;0.0053901893783338236;0.005390189378333802;0.0719135601185796;0.00260361703887113;2.7127327298794258e-05;0.8645473942528321;0.8645400091037821;0.925562545534765;0.8987236988194924;0.8986839970958482;0.9382454929622621;0.2709739633558341;0.9515344676255864;0.0006736930313780039;23.419947147369385
0.4;0.8;3;177;2;2;0.004214139672869959;0.004214139672869782;0.08862099852346647;0.020640695787270073;0.0004176556381184088;0.004683174513650491;0.004628865251456678;0.006329284523173801;0.003952335787952594;0.0035612646302571795;0.005983592977168373;0.20662020905923345;0.7642506497256714;0.017843034044390207;30.522435188293457
0.4;0.8;4;165;2;2;0.005392866065809665;0.005392866065809321;0.07202226278564808;0.0027207480072852473;2.8772911021898753e-05;0.881187087740738;0.8811806098024093;0.9366470599029705;0.9069664551994954;0.9069299795861538;0.9445425152509057;0.2690824980724749;0.9463008079272353;0.0008258185566784506;27.376295804977417
0.4;0.8;5;154;2;2;0.0041229332502002785;0.00412293325020041;0.08830679279796652;0.020308477889842;0.00042090541788636804;0.004138351261730857;0.004084009449542885;0.0055785338037793114;0.0032480813223005997;0.0028566227851193095;0.004967398149515477;0.2062608695652174;0.7631487889273356;0.018063936673316718;29.208802223205566
0.4;0.8;6;136;2;2;0.005404805779098146;0.00540480577909806;0.07203281541938195;0.002733766627600258;2.875812685189801e-05;0.9290516950343072;0.9290478267174166;0.9661320846843028;0.9430863964373524;0.943064067986554;0.9699414193417147;0.26532973389895875;0.9358706395296544;0.0011710647279222167;27.411534786224365
0.4;0.8;7;246;2;2;0.0054185673907864605;0.005418567390786351;0.07205559863253942;0.002758156577605394;3.2289895647640446e-05;1.0;1.0;1.0;1.0;1.0;1.0;0.2606607760276604;0.922807378170689;0.0016987224353218582;40.94357681274414
0.4;0.8;8;142;2;2;0.004217431075791818;0.004217431075791967;0.08876942231560968;0.020804514261958038;0.00042326647856863296;0.0039739225083965605;0.003919572295392089;0.005353518023357498;0.0030397548970612816;0.002648214542974348;0.0046493110431114785;0.20633263743910926;0.7633689068358812;0.01801963254902908;16.40402626991272
0.4;0.8;9;157;2;2;0.005393722553145111;0.005393722553145037;0.07208241698724123;0.0027852840834943667;2.8194942034571963e-05;0.8794173910850897;0.8794108166658795;0.9354771621027294;0.9097731015723929;0.9097377246289666;0.9466462065876763;0.2694680030840401;0.9473687606548512;0.0007937143248977728;28.446640253067017
0.4;0.9;0;165;2;2;0.005393722553145111;0.005393722553145037;0.07208241698724123;0.0027852840834943667;2.8194942034571963e-05;0.8794173910850897;0.8794108166658795;0.9354771621027294;0.9097731015723929;0.9097377246289666;0.9466462065876763;0.2694680030840401;0.9473687606548512;0.0007937143248977728;26.572848796844482
0.4;0.9;1;164;2;2;0.0053901893783338236;0.005390189378333802;0.0719135601185796;0.00260361703887113;2.7127327298794258e-05;0.8645473942528321;0.8645400091037821;0.925562545534765;0.8987236988194924;0.8986839970958482;0.9382454929622621;0.2709739633558341;0.9515344676255864;0.0006736930313780039;28.59253239631653
0.4;0.9;2;212;2;2;0.005414217881979715;0.005414217881979665;0.07212250762761967;0.0028305531175324746;3.372640183852837e-05;0.9816182109760812;0.9816172087414269;0.9930592429923337;0.9841727057431566;0.9841664920110842;0.9935201916255721;0.2604266769171632;0.9221498451744892;0.0017254387416342672;32.28528332710266
0.4;0.9;3;137;2;2;0.005414217881979715;0.005414217881979665;0.07212250762761967;0.0028305531175324746;3.372640183852837e-05;0.9816182109760812;0.9816172087414269;0.9930592429923337;0.9841727057431566;0.9841664920110842;0.9935201916255721;0.2604266769171632;0.9221498451744892;0.0017254387416342672;21.30274224281311
0.4;0.9;4;159;2;2;0.005414217881979715;0.005414217881979665;0.07212250762761967;0.0028305531175324746;3.372640183852837e-05;0.9816182109760812;0.9816172087414269;0.9930592429923337;0.9841727057431566;0.9841664920110842;0.9935201916255721;0.2604266769171632;0.9221498451744892;0.0017254387416342672;29.181459426879883
0.4;0.9;5;175;2;2;0.005414217881979715;0.005414217881979665;0.07212250762761967;0.0028305531175324603;3.372640183852837e-05;0.9816182109760813;0.981617208741427;0.9930592429923337;0.9841727057431566;0.9841664920110842;0.9935201916255721;0.2604266769171632;0.9221498451744892;0.0017254387416342672;28.08013153076172
0.4;0.9;6;131;2;2;0.005413978017520334;0.00541397801752044;0.071991975204717;0.0026900711631341087;3.261344198179009e-05;0.9722666755497303;0.9722651634419531;0.9888462676803196;0.9798005970166349;0.9797926673499051;0.9913649452843787;0.26250962278675904;0.927991815078353;0.001476414789365289;26.263219833374023
0.4;0.9;7;161;2;2;0.005391095737910148;0.00539109573791024;0.07199248899583342;0.0026886402456725586;2.7738033106030552e-05;0.8627853502905345;0.8627778690572365;0.9243995923808597;0.9014428405773646;0.901404203004383;0.9403421585558512;0.2714285714285714;0.9527900411163953;0.0006384634932459533;28.62093162536621
0.4;0.9;8;168;2;2;0.005393722553145111;0.005393722553145037;0.07208241698724123;0.0027852840834943667;2.8194942034571963e-05;0.8794173910850897;0.8794108166658795;0.9354771621027294;0.9097731015723928;0.9097377246289664;0.9466462065876763;0.2694680030840401;0.9473687606548512;0.0007937143248977728;28.83542037010193
0.4;0.9;9;153;2;2;0.0054169310348879075;0.005416931034887882;0.0720539070527664;0.002756245748500636;3.202924050752966e-05;0.9951697068489798;0.9951694434872034;0.9984890838016055;0.9938618964215906;0.9938594862937913;0.9978377188595374;0.2608528620822128;0.9233467233507311;0.0016754744997313775;25.09495186805725
0.4;1.0;0;191;2;2;0.005386317510380612;0.005386317510380441;0.07234326143259875;0.0030663025317458127;2.9739146038525132e-05;0.8168522187857719;0.8168422331156757;0.8909919422578393;0.8547478667534689;0.8546909258898545;0.9132672454982677;0.28632148377125194;0.9933927619904855;1.2615510310896296e-05;29.540027856826782
0.4;1.0;1;133;2;2;0.005277111542202348;0.005277111542202151;0.07204375903241016;0.002744901564467128;2.747817656422434e-05;0.8297013860273442;0.829692100884761;0.9001464405137567;0.8907254113829454;0.8906825799556862;0.9319695457906109;0.2859899652643767;0.9924862438806843;1.6315090531016313e-05;25.455110788345337
0.4;1.0;2;156;2;2;0.005277111542202348;0.005277111542202151;0.07204375903241016;0.002744901564467128;2.747817656422434e-05;0.8297013860273442;0.829692100884761;0.9001464405137567;0.8907254113829454;0.8906825799556862;0.9319695457906109;0.2859899652643767;0.9924862438806843;1.6315090531016313e-05;24.294442653656006
0.4;1.0;3;135;2;2;0.005386317510380612;0.005386317510380441;0.07234326143259875;0.0030663025317458127;2.9739146038525132e-05;0.8168522187857719;0.8168422331156757;0.8909919422578393;0.8547478667534689;0.8546909258898545;0.9132672454982677;0.28632148377125194;0.9933927619904855;1.2615510310896296e-05;17.48298978805542
0.4;1.0;4;98;2;2;0.005384564867520496;0.005384564867520928;0.0720695811114438;0.002772410062510897;2.911238597391154e-05;0.838936411045346;0.8389276294413671;0.9067551340479726;0.8987236988194924;0.8986839970958482;0.9382454929622621;0.2861556284997104;0.9929395029355849;1.4405903011092437e-05;14.79298996925354
0.4;1.0;5;168;2;2;0.005384564867520496;0.005384564867520928;0.0720695811114438;0.002772410062510897;2.911238597391154e-05;0.838936411045346;0.8389276294413671;0.9067551340479726;0.8987236988194924;0.8986839970958482;0.9382454929622621;0.2861556284997104;0.9929395029355849;1.4405903011092437e-05;26.47593593597412
0.4;1.0;6;174;2;2;0.005384564867520496;0.005384564867520928;0.0720695811114438;0.002772410062510897;2.911238597391154e-05;0.838936411045346;0.8389276294413671;0.9067551340479726;0.8987236988194924;0.8986839970958482;0.9382454929622621;0.2861556284997104;0.9929395029355849;1.4405903011092437e-05;30.727258920669556
0.4;1.0;7;218;2;2;0.005384564867520496;0.005384564867520928;0.0720695811114438;0.002772410062510897;2.911238597391154e-05;0.838936411045346;0.8389276294413671;0.9067551340479726;0.8987236988194924;0.8986839970958482;0.9382454929622621;0.2861556284997104;0.9929395029355849;1.4405903011092437e-05;30.34793519973755
0.4;1.0;8;159;2;2;0.005384651355891092;0.0053846513558909815;0.07213141980875212;0.002838945719596081;2.8689740604919913e-05;0.8377418383304478;0.8377329915887081;0.9058917598919088;0.8987236988194924;0.8986839970958482;0.9382454929622621;0.2861003861003861;0.9927884165839514;1.5029098991454961e-05;22.40910840034485
0.4;1.0;9;183;2;2;0.005385496751440173;0.005385496751439956;0.07212636391424163;0.0028335122549783096;2.9329396537995158e-05;0.8361088523375931;0.8360999165611621;0.9047412339858295;0.9014428405773646;0.901404203004383;0.9403421585558512;0.2861003861003861;0.9927884165839514;1.5029098991454961e-05;31.4184672832489
0.5;0.0;0;169;2;2;0.0043078715620389774;0.0043078715620391336;0.09098228614252697;0.02309586372105652;0.000465300188796579;0.003854639350544156;0.0038003277799392252;0.0052647677827237;0.003134548773592274;0.0027430170770069593;0.004805689587475479;0.14821894005212857;0.5761195484853557;0.05598275053157371;29.413311004638672
0.5;0.0;1;139;2;2;0.005415290562426562;0.005415290562426657;0.07207865340611853;0.0027828401234416844;3.207492950497926e-05;0.9843726398748125;0.9843717878252178;0.9942645950065601;0.9888118210939335;0.9888074283582899;0.9956777827760513;0.2608528620822128;0.9233467233507311;0.0016754744997313775;20.784605979919434
0.5;0.0;2;159;2;2;0.0053901893783338236;0.005390189378333802;0.0719135601185796;0.002603617038871144;2.7127327298794258e-05;0.8645473942528321;0.8645400091037821;0.925562545534765;0.8987236988194924;0.8986839970958482;0.9382454929622621;0.2709739633558341;0.9515344676255864;0.0006736930313780039;25.842654705047607
0.5;0.0;3;98;2;2;0.0053901893783338236;0.005390189378333802;0.0719135601185796;0.00260361703887113;2.7127327298794258e-05;0.8645473942528321;0.8645400091037821;0.925562545534765;0.8987236988194924;0.8986839970958482;0.9382454929622621;0.2709739633558341;0.9515344676255864;0.0006736930313780039;9.982282400131226
0.5;0.0;4;155;2;2;0.0053901893783338236;0.005390189378333802;0.0719135601185796;0.00260361703887113;2.7127327298794258e-05;0.8645473942528321;0.8645400091037821;0.925562545534765;0.8987236988194924;0.8986839970958482;0.9382454929622621;0.2709739633558341;0.9515344676255864;0.0006736930313780039;26.53433847427368
0.5;0.0;5;143;2;2;0.004302350240730245;0.004302350240730237;0.09091158508489953;0.023020902889901978;0.0004501966219850238;0.00463775900413763;0.004583489599139873;0.006353477525692337;0.004169905130785264;0.0037788646893304003;0.006336235752664028;0.14731520223152023;0.5730578063017019;0.05652590060050021;28.531869888305664
0.5;0.0;6;185;2;2;0.005414217881979715;0.005414217881979665;0.07212250762761967;0.0028305531175324603;3.372640183852837e-05;0.9816182109760813;0.981617208741427;0.9930592429923337;0.9841727057431566;0.9841664920110842;0.9935201916255721;0.2604266769171632;0.9221498451744892;0.0017254387416342672;29.28553795814514
0.5;0.0;7;161;2;2;0.0053901893783338236;0.005390189378333802;0.0719135601185796;0.002603617038871144;2.7127327298794258e-05;0.8645473942528321;0.8645400091037821;0.925562545534765;0.8987236988194924;0.8986839970958482;0.9382454929622621;0.2709739633558341;0.9515344676255864;0.0006736930313780039;24.77315068244934
0.5;0.0;8;171;2;2;0.005414217881979715;0.005414217881979665;0.07212250762761967;0.0028305531175324603;3.372640183852837e-05;0.9816182109760813;0.981617208741427;0.9930592429923337;0.9841727057431566;0.9841664920110842;0.9935201916255721;0.2604266769171632;0.9221498451744892;0.0017254387416342672;29.147604942321777
0.5;0.0;9;165;2;2;0.005415290562426562;0.005415290562426657;0.07207865340611853;0.0027828401234416844;3.207492950497926e-05;0.9843726398748125;0.9843717878252178;0.9942645950065601;0.9888118210939335;0.9888074283582899;0.9956777827760513;0.2608528620822128;0.9233467233507311;0.0016754744997313775;22.96116805076599
0.5;0.1;0;137;2;2;0.005414217881979715;0.005414217881979665;0.07212250762761967;0.0028305531175324603;3.372640183852837e-05;0.9816182109760813;0.981617208741427;0.9930592429923337;0.9841727057431566;0.9841664920110842;0.9935201916255721;0.2604266769171632;0.9221498451744892;0.0017254387416342672;27.54329228401184
0.5;0.1;1;152;2;2;0.0053894044476379835;0.005389404447637953;0.07190061244267316;0.002589798869516692;2.6519368903079655e-05;0.8619485862700572;0.861941059421934;0.9238183899303868;0.8960316770545037;0.8959909218750245;0.9361511690481739;0.27058823529411763;0.9504684279557803;0.0007032818806346954;25.883333683013916
0.5;0.1;2;281;3;3;0.0034201250249994066;0.003400874483632286;0.13599715666706674;0.028103955058462228;0.0007987591123746758;0.08847892510879064;0.08840166117410268;0.10935304651720716;0.07659905565427755;0.07602366413381774;0.08694434269181181;0.12988589463462005;0.5130515663691354;0.0681010617037114;25.91259741783142
0.5;0.1;3;133;2;2;0.0053901893783338236;0.005390189378333802;0.0719135601185796;0.002603617038871144;2.7127327298794258e-05;0.8645473942528321;0.8645400091037821;0.925562545534765;0.8987236988194924;0.8986839970958482;0.9382454929622621;0.2709739633558341;0.9515344676255864;0.0006736930313780039;21.88561177253723
0.5;0.1;4;103;2;2;0.004305053118534978;0.004305053118534961;0.09100525917298637;0.023120887298089105;0.0004457365388532726;0.0040632555817656365;0.0040089552107179125;0.005555803137272764;0.0034633235148883368;0.0030719495106708372;0.005294840759049005;0.14775495997215454;0.5745482486476673;0.056271594175003145;14.024572372436523
0.5;0.1;5;190;2;2;0.0053901893783338236;0.005390189378333802;0.0719135601185796;0.00260361703887113;2.7127327298794258e-05;0.8645473942528321;0.8645400091037821;0.925562545534765;0.8987236988194924;0.8986839970958482;0.9382454929622621;0.2709739633558341;0.9515344676255864;0.0006736930313780039;29.70761203765869
0.5;0.1;6;121;2;2;0.0053894044476379835;0.005389404447637953;0.07190061244267316;0.002589798869516692;2.6519368903079655e-05;0.861948586270057;0.8619410594219339;0.9238183899303868;0.8960316770545037;0.8959909218750245;0.9361511690481739;0.27058823529411763;0.9504684279557803;0.0007032818806346954;23.813472032546997
0.5;0.1;7;192;2;2;0.0053894044476379835;0.005389404447637953;0.07190061244267316;0.002589798869516692;2.6519368903079655e-05;0.8619485862700572;0.861941059421934;0.9238183899303868;0.8960316770545037;0.8959909218750245;0.9361511690481739;0.27058823529411763;0.9504684279557803;0.0007032818806346954;23.74400043487549
0.5;0.1;8;172;2;2;0.0053901893783338236;0.005390189378333802;0.0719135601185796;0.002603617038871144;2.7127327298794258e-05;0.8645473942528321;0.8645400091037821;0.925562545534765;0.8987236988194924;0.8986839970958482;0.9382454929622621;0.2709739633558341;0.9515344676255864;0.0006736930313780039;28.839702129364014
0.5;0.1;9;164;2;2;0.004307948886159516;0.004307948886159425;0.0911974105158071;0.023327040076957024;0.0004581744600479366;0.004890093891159074;0.004835838782482803;0.006697282641862759;0.004022182612712402;0.0036309995457064854;0.0061528840626820045;0.14719666724526992;0.5726558678607051;0.056994271396007906;29.304609775543213
0.5;0.2;0;140;2;2;0.0053894044476379835;0.005389404447637953;0.07190061244267316;0.002589798869516692;2.6519368903079655e-05;0.8619485862700572;0.861941059421934;0.9238183899303868;0.8960316770545037;0.8959909218750245;0.9361511690481739;0.27058823529411763;0.9504684279557803;0.0007032818806346954;27.72388219833374
0.5;0.2;1;171;2;2;0.005393722553145111;0.005393722553145037;0.07208241698724123;0.0027852840834943385;2.8194942034571963e-05;0.8794173910850897;0.8794108166658795;0.9354771621027294;0.9097731015723929;0.9097377246289666;0.9466462065876763;0.2694680030840401;0.9473687606548512;0.0007937143248977728;27.319444179534912
0.5;0.2;2;135;2;2;0.0053901893783338236;0.005390189378333802;0.0719135601185796;0.00260361703887113;2.7127327298794258e-05;0.8645473942528321;0.8645400091037821;0.925562545534765;0.8987236988194924;0.8986839970958482;0.9382454929622621;0.2709739633558341;0.9515344676255864;0.0006736930313780039;21.0736825466156
0.5;0.2;3;147;2;2;0.0053894044476379835;0.005389404447637953;0.07190061244267316;0.002589798869516692;2.6519368903079655e-05;0.861948586270057;0.8619410594219339;0.9238183899303868;0.8960316770545037;0.8959909218750245;0.9361511690481739;0.27058823529411763;0.9504684279557803;0.0007032818806346954;27.998159885406494
0.5;0.2;4;173;2;2;0.004305053118534978;0.004305053118534961;0.09100525917298637;0.023120887298089105;0.0004457365388532726;0.0040632555817656365;0.0040089552107179125;0.005555803137272764;0.0034633235148883368;0.0030719495106708372;0.005294840759049005;0.14775495997215454;0.5745482486476673;0.056271594175003145;26.384926319122314
0.5;0.2;5;180;2;2;0.0053901893783338236;0.005390189378333802;0.0719135601185796;0.00260361703887113;2.7127327298794258e-05;0.8645473942528321;0.8645400091037821;0.925562545534765;0.8987236988194924;0.8986839970958482;0.9382454929622621;0.2709739633558341;0.9515344676255864;0.0006736930313780039;30.265798807144165
0.5;0.2;6;145;2;2;0.005414217881979715;0.005414217881979665;0.07212250762761967;0.0028305531175324746;3.372640183852837e-05;0.9816182109760812;0.9816172087414269;0.9930592429923337;0.9841727057431566;0.9841664920110842;0.9935201916255721;0.2604266769171632;0.9221498451744892;0.0017254387416342672;27.943207025527954
0.5;0.2;7;188;2;2;0.005414217881979715;0.005414217881979665;0.07212250762761967;0.0028305531175324603;3.372640183852837e-05;0.9816182109760813;0.981617208741427;0.9930592429923337;0.9841727057431566;0.9841664920110842;0.9935201916255721;0.2604266769171632;0.9221498451744892;0.0017254387416342672;27.0205135345459
0.5;0.2;8;169;2;2;0.0053901893783338236;0.005390189378333802;0.0719135601185796;0.00260361703887113;2.7127327298794258e-05;0.8645473942528321;0.8645400091037821;0.925562545534765;0.8987236988194924;0.8986839970958482;0.9382454929622621;0.2709739633558341;0.9515344676255864;0.0006736930313780039;23.55985140800476
0.5;0.2;9;175;2;2;0.0053901893783338236;0.005390189378333802;0.0719135601185796;0.002603617038871144;2.7127327298794258e-05;0.8645473942528321;0.8645400091037821;0.925562545534765;0.8987236988194924;0.8986839970958482;0.9382454929622621;0.2709739633558341;0.9515344676255864;0.0006736930313780039;26.539587020874023
0.5;0.3;0;146;2;2;0.0053894044476379835;0.005389404447637953;0.07190061244267316;0.002589798869516692;2.6519368903079655e-05;0.8619485862700572;0.861941059421934;0.9238183899303868;0.8960316770545037;0.8959909218750245;0.9361511690481739;0.27058823529411763;0.9504684279557803;0.0007032818806346954;25.252601623535156
0.5;0.3;1;159;2;2;0.0053901893783338236;0.005390189378333802;0.0719135601185796;0.002603617038871144;2.7127327298794258e-05;0.8645473942528321;0.8645400091037821;0.925562545534765;0.8987236988194924;0.8986839970958482;0.9382454929622621;0.2709739633558341;0.9515344676255864;0.0006736930313780039;26.357460260391235
0.5;0.3;2;135;2;2;0.005414217881979715;0.005414217881979665;0.07212250762761967;0.0028305531175324603;3.372640183852837e-05;0.9816182109760813;0.981617208741427;0.9930592429923337;0.9841727057431566;0.9841664920110842;0.9935201916255721;0.2604266769171632;0.9221498451744892;0.0017254387416342672;23.09535264968872
0.5;0.3;3;143;2;2;0.004307948886159516;0.004307948886159425;0.0911974105158071;0.023327040076957014;0.0004581744600479366;0.004890093891159074;0.004835838782482803;0.006697282641862759;0.004022182612712402;0.0036309995457064845;0.0061528840626820045;0.14719666724526992;0.5726558678607051;0.05699427139600792;25.46325182914734
0.5;0.3;4;151;2;2;0.005414217881979715;0.005414217881979665;0.07212250762761967;0.0028305531175324603;3.372640183852837e-05;0.9816182109760813;0.981617208741427;0.9930592429923337;0.9841727057431566;0.9841664920110842;0.9935201916255721;0.2604266769171632;0.9221498451744892;0.0017254387416342672;25.455515146255493
0.5;0.3;5;154;2;2;0.0053901893783338236;0.005390189378333802;0.0719135601185796;0.002603617038871144;2.7127327298794258e-05;0.8645473942528321;0.8645400091037821;0.925562545534765;0.8987236988194924;0.8986839970958482;0.9382454929622621;0.2709739633558341;0.9515344676255864;0.0006736930313780039;25.92110276222229
0.5;0.3;6;158;2;2;0.004309795871783277;0.004309795871783495;0.09117096248716319;0.02329863061842636;0.0004625129900018456;0.004554245170123542;0.004499971743239766;0.006232859810173992;0.0037714282150456183;0.0033800885342479808;0.005799011583352354;0.14782004516241098;0.5747687406342764;0.05637097116404435;24.886868476867676
0.5;0.3;7;149;2;2;0.00541739725645652;0.005417397256456819;0.07204745022931426;0.0027498905893777246;3.272125910268476e-05;0.9873659588962249;0.9873652700473974;0.9954706780373564;0.9938618964215906;0.9938594862937913;0.9978377188595374;0.26091136319938474;0.9235109519570346;0.001665466205893966;26.05345106124878
0.5;0.3;8;169;2;2;0.004309795871783277;0.004309795871783495;0.09117096248716319;0.02329863061842636;0.0004625129900018456;0.004554245170123542;0.004499971743239766;0.006232859810173992;0.0037714282150456183;0.0033800885342479808;0.005799011583352354;0.14782004516241098;0.5747687406342764;0.05637097116404435;28.727004528045654
0.5;0.3;9;186;2;2;0.0053901893783338236;0.005390189378333802;0.0719135601185796;0.00260361703887113;2.7127327298794258e-05;0.8645473942528321;0.8645400091037821;0.925562545534765;0.8987236988194924;0.8986839970958482;0.9382454929622621;0.2709739633558341;0.9515344676255864;0.0006736930313780039;29.540217399597168
0.5;0.4;0;159;2;2;0.005414217881979715;0.005414217881979665;0.07212250762761967;0.0028305531175324746;3.372640183852837e-05;0.9816182109760812;0.9816172087414269;0.9930592429923337;0.9841727057431566;0.9841664920110842;0.9935201916255721;0.2604266769171632;0.9221498451744892;0.0017254387416342672;24.068971633911133
0.5;0.4;1;152;2;2;0.005395216019221518;0.005395216019221404;0.07207102361911376;0.002773329135912704;2.8381461619944796e-05;0.8879498632893009;0.8879437540619275;0.9410406872500728;0.9154821666406228;0.9154490248296147;0.950860615829823;0.26728288080107837;0.9413067871559317;0.0009859667196265107;29.052167177200317
0.5;0.4;2;162;2;2;0.0053894044476379835;0.005389404447637953;0.07190061244267316;0.002589798869516692;2.6519368903079655e-05;0.861948586270057;0.8619410594219339;0.9238183899303868;0.8960316770545037;0.8959909218750245;0.9361511690481739;0.27058823529411763;0.9504684279557803;0.0007032818806346954;28.37454915046692
0.5;0.4;3;148;2;2;0.0054169310348879075;0.005416931034887882;0.0720539070527664;0.002756245748500636;3.202924050752966e-05;0.9951697068489798;0.9951694434872034;0.9984890838016055;0.9938618964215906;0.9938594862937913;0.9978377188595374;0.2608528620822128;0.9233467233507311;0.0016754744997313775;27.445565700531006
0.5;0.4;4;148;2;2;0.0053901893783338236;0.005390189378333802;0.0719135601185796;0.002603617038871144;2.7127327298794258e-05;0.8645473942528321;0.8645400091037821;0.925562545534765;0.8987236988194924;0.8986839970958482;0.9382454929622621;0.2709739633558341;0.9515344676255864;0.0006736930313780039;26.30296540260315
0.5;0.4;5;160;2;2;0.004298187529251436;0.004298187529251547;0.09113313004955216;0.023258091298407658;0.0004565998705951088;0.013974211745163563;0.01392045185002182;0.01923875521163796;0.013147291693246167;0.01275972091423062;0.019468428000285996;0.14817391304347827;0.5759671171237905;0.05595160340774882;23.501216888427734
0.5;0.4;6;143;2;2;0.0053944432987424774;0.005394443298742496;0.07209415106927165;0.0027983117237128153;2.8956883997258758e-05;0.8861082877248598;0.8861020780831403;0.9398680481483517;0.9126112328590039;0.912576967009237;0.9487522400745583;0.2676300578034682;0.9422713232122136;0.0009532305383091223;25.62747859954834
0.5;0.4;7;134;2;2;0.0054185673907864605;0.005418567390786351;0.07205559863253944;0.002758156577605422;3.2289895647640446e-05;1.0;1.0;1.0;1.0;1.0;1.0;0.2606607760276604;0.922807378170689;0.0016987224353218582;27.43669366836548
0.5;0.4;8;180;2;2;0.005414217881979715;0.005414217881979665;0.07212250762761967;0.0028305531175324603;3.372640183852837e-05;0.9816182109760813;0.981617208741427;0.9930592429923337;0.9841727057431566;0.9841664920110842;0.9935201916255721;0.2604266769171632;0.9221498451744892;0.0017254387416342672;23.877535343170166
0.5;0.4;9;174;2;2;0.0043078715620389774;0.0043078715620391336;0.09098228614252697;0.02309586372105651;0.000465300188796579;0.003854639350544156;0.003800327779939226;0.0052647677827237;0.003134548773592274;0.0027430170770069593;0.004805689587475479;0.14821894005212857;0.5761195484853557;0.05598275053157371;28.887518882751465
0.5;0.5;0;149;2;2;0.0053894044476379835;0.005389404447637953;0.07190061244267316;0.002589798869516692;2.6519368903079655e-05;0.8619485862700572;0.861941059421934;0.9238183899303868;0.8960316770545037;0.8959909218750245;0.9361511690481739;0.27058823529411763;0.9504684279557803;0.0007032818806346954;24.81061053276062
0.5;0.5;1;165;2;2;0.0053894044476379835;0.005389404447637953;0.07190061244267316;0.002589798869516692;2.6519368903079655e-05;0.861948586270057;0.8619410594219339;0.9238183899303868;0.8960316770545037;0.8959909218750245;0.9361511690481739;0.27058823529411763;0.9504684279557803;0.0007032818806346954;26.61817455291748
0.5;0.5;2;174;2;2;0.0054169310348879075;0.005416931034887882;0.0720539070527664;0.002756245748500636;3.202924050752966e-05;0.9951697068489798;0.9951694434872034;0.9984890838016055;0.9938618964215906;0.9938594862937913;0.9978377188595374;0.2608528620822128;0.9233467233507311;0.0016754744997313775;31.845239639282227
0.5;0.5;3;165;2;2;0.0053901893783338236;0.005390189378333802;0.0719135601185796;0.00260361703887113;2.7127327298794258e-05;0.8645473942528321;0.8645400091037821;0.925562545534765;0.8987236988194924;0.8986839970958482;0.9382454929622621;0.2709739633558341;0.9515344676255864;0.0006736930313780039;28.626241445541382
0.5;0.5;4;166;2;2;0.005414217881979715;0.005414217881979665;0.07212250762761967;0.0028305531175324746;3.372640183852837e-05;0.9816182109760812;0.9816172087414269;0.9930592429923337;0.9841727057431566;0.9841664920110842;0.9935201916255721;0.2604266769171632;0.9221498451744892;0.0017254387416342672;29.322069883346558
0.5;0.5;5;165;2;2;0.005393722553145111;0.005393722553145037;0.07208241698724123;0.0027852840834943385;2.8194942034571963e-05;0.8794173910850897;0.8794108166658795;0.9354771621027294;0.9097731015723929;0.9097377246289666;0.9466462065876763;0.2694680030840401;0.9473687606548512;0.0007937143248977728;28.75986886024475
0.5;0.5;6;214;2;2;0.005414217881979715;0.005414217881979665;0.07212250762761967;0.0028305531175324746;3.372640183852837e-05;0.9816182109760812;0.9816172087414269;0.9930592429923337;0.9841727057431566;0.9841664920110842;0.9935201916255721;0.2604266769171632;0.9221498451744892;0.0017254387416342672;33.25105309486389
0.5;0.5;7;212;2;2;0.005414217881979715;0.005414217881979665;0.07212250762761967;0.0028305531175324746;3.372640183852837e-05;0.9816182109760812;0.9816172087414269;0.9930592429923337;0.9841727057431566;0.9841664920110842;0.9935201916255721;0.2604266769171632;0.9221498451744892;0.0017254387416342672;30.67261815071106
0.5;0.5;8;158;2;2;0.0053894044476379835;0.005389404447637953;0.07190061244267316;0.002589798869516692;2.6519368903079655e-05;0.861948586270057;0.8619410594219339;0.9238183899303868;0.8960316770545037;0.8959909218750245;0.9361511690481739;0.27058823529411763;0.9504684279557803;0.0007032818806346954;26.183815479278564
0.5;0.5;9;173;2;2;0.004308894378314398;0.004308894378314331;0.09120965101174865;0.023340241066860692;0.00046186810182748003;0.004729157552638666;0.00467489364528441;0.006475236911113883;0.0038958047441840977;0.003504543151054595;0.005974787387925608;0.1474726420010422;0.5735915379702341;0.05668542779766464;29.030991554260254
0.5;0.6;0;155;2;2;0.0053901893783338236;0.005390189378333802;0.0719135601185796;0.002603617038871144;2.7127327298794258e-05;0.8645473942528321;0.8645400091037821;0.925562545534765;0.8987236988194924;0.8986839970958482;0.9382454929622621;0.2709739633558341;0.9515344676255864;0.0006736930313780039;26.972781896591187
0.5;0.6;1;159;2;2;0.0053901893783338236;0.005390189378333802;0.0719135601185796;0.00260361703887113;2.7127327298794258e-05;0.8645473942528321;0.8645400091037821;0.925562545534765;0.8987236988194924;0.8986839970958482;0.9382454929622621;0.2709739633558341;0.9515344676255864;0.0006736930313780039;28.54805326461792
0.5;0.6;2;151;2;2;0.0053901893783338236;0.005390189378333802;0.0719135601185796;0.002603617038871144;2.7127327298794258e-05;0.8645473942528321;0.8645400091037821;0.925562545534765;0.8987236988194924;0.8986839970958482;0.9382454929622621;0.2709739633558341;0.9515344676255864;0.0006736930313780039;26.39943814277649
0.5;0.6;3;150;2;2;0.0053894044476379835;0.005389404447637953;0.07190061244267316;0.002589798869516692;2.6519368903079655e-05;0.8619485862700572;0.861941059421934;0.9238183899303868;0.8960316770545037;0.8959909218750245;0.9361511690481739;0.27058823529411763;0.9504684279557803;0.0007032818806346954;26.703193187713623
0.5;0.6;4;137;2;2;0.005410624126078175;0.0054106241260781715;0.07203997916871618;0.002741465353841977;3.172789724808544e-05;0.9722549530264871;0.9722534402823293;0.9888462676797433;0.9716119655578167;0.9716008227675181;0.9870614865362026;0.26362410937800884;0.9311096697064657;0.0013518104632094362;25.117098093032837
0.5;0.6;5;144;2;2;0.0054169310348879075;0.005416931034887882;0.0720539070527664;0.002756245748500636;3.202924050752966e-05;0.9951697068489798;0.9951694434872034;0.9984890838016055;0.9938618964215906;0.9938594862937913;0.9978377188595374;0.2608528620822128;0.9233467233507311;0.0016754744997313775;27.842390298843384
0.5;0.6;6;148;2;2;0.0053901893783338236;0.005390189378333802;0.0719135601185796;0.00260361703887113;2.7127327298794258e-05;0.8645473942528321;0.8645400091037821;0.925562545534765;0.8987236988194924;0.8986839970958482;0.9382454929622621;0.2709739633558341;0.9515344676255864;0.0006736930313780039;28.08853054046631
0.5;0.6;7;124;2;2;0.005404316836964219;0.005404316836964311;0.07199517657992961;0.0026935116110614696;2.9186801114221704e-05;0.9385535763906905;0.9385502261390756;0.9714879102481581;0.9463939267053658;0.9463728946259579;0.9720732243401865;0.2644564379336931;0.9334345823222144;0.001261202184085328;26.93148159980774
0.5;0.6;8;189;2;2;0.0053901893783338236;0.005390189378333802;0.0719135601185796;0.00260361703887113;2.7127327298794258e-05;0.8645473942528321;0.8645400091037821;0.925562545534765;0.8987236988194924;0.8986839970958482;0.9382454929622621;0.2709739633558341;0.9515344676255864;0.0006736930313780039;27.570964097976685
0.5;0.6;9;201;2;2;0.005407666756888762;0.005407666756888852;0.07206683856913117;0.0027706251187717495;3.34670253140435e-05;0.9467582373404788;0.9467553344299678;0.975962406102281;0.9567014768705318;0.9566844858029486;0.9784827013350585;0.2635330379502986;0.9308550973431715;0.0013606865491772192;30.54727792739868
0.5;0.7;0;174;2;2;0.004254550455073642;0.004254550455073625;0.08952113594997582;0.021552635731752215;0.0004405870137238602;0.0048679798927304865;0.004813709507866737;0.006622863469763722;0.004022182612712402;0.0036309995457064845;0.0061528840626820045;0.18012853916970645;0.6812191195385671;0.031997123928125495;30.40361189842224
0.5;0.7;1;131;2;2;0.005400654282148036;0.005400654282147949;0.0721395553454076;0.002848021903466347;2.8595761647562084e-05;0.9144032770576004;0.9143986100845135;0.9575343912677353;0.9334870304064831;0.9334609404140803;0.9635600646518264;0.2650741668272009;0.9351580838424839;0.0011989893557346597;27.33643674850464
0.5;0.7;2;169;2;2;0.0053894044476379835;0.005389404447637953;0.07190061244267316;0.002589798869516692;2.6519368903079655e-05;0.861948586270057;0.8619410594219339;0.9238183899303868;0.8960316770545037;0.8959909218750245;0.9361511690481739;0.27058823529411763;0.9504684279557803;0.0007032818806346954;30.159918785095215
0.5;0.7;3;131;2;2;0.0054169310348879075;0.005416931034887882;0.0720539070527664;0.002756245748500636;3.202924050752966e-05;0.9951697068489798;0.9951694434872034;0.9984890838016055;0.9938618964215906;0.9938594862937913;0.9978377188595374;0.2608528620822128;0.9233467233507311;0.0016754744997313775;27.35125732421875
0.5;0.7;4;152;2;2;0.005415290562426562;0.005415290562426657;0.07207865340611853;0.0027828401234416844;3.207492950497926e-05;0.9843726398748125;0.9843717878252178;0.9942645950065601;0.9888118210939334;0.9888074283582898;0.9956777827760513;0.2608528620822128;0.9233467233507311;0.0016754744997313775;25.59937310218811
0.5;0.7;5;169;2;2;0.00426930717460055;0.004269307174600983;0.0890388407329243;0.02103282989643605;0.00042036950465490914;0.01798091499708987;0.017927360510374586;0.024656495299937103;0.017470516974619432;0.017084558586001344;0.025707613048277924;0.18028511821974966;0.6817208275364597;0.03185175244827661;26.070823192596436
0.5;0.7;6;153;2;2;0.0053894044476379835;0.005389404447637953;0.07190061244267316;0.002589798869516692;2.6519368903079655e-05;0.8619485862700572;0.861941059421934;0.9238183899303868;0.8960316770545037;0.8959909218750245;0.9361511690481739;0.27058823529411763;0.9504684279557803;0.0007032818806346954;23.698342323303223
0.5;0.7;7;128;2;2;0.0054185673907864605;0.005418567390786351;0.07205559863253944;0.002758156577605422;3.2289895647640446e-05;1.0;1.0;1.0;1.0;1.0;1.0;0.2606607760276604;0.922807378170689;0.0016987224353218582;27.29831075668335
0.5;0.7;8;161;2;2;0.0053894044476379835;0.005389404447637953;0.07190061244267316;0.002589798869516692;2.6519368903079655e-05;0.861948586270057;0.8619410594219339;0.9238183899303868;0.8960316770545037;0.8959909218750245;0.9361511690481739;0.27058823529411763;0.9504684279557803;0.0007032818806346954;27.35012912750244
0.5;0.7;9;239;2;2;0.005414217881979715;0.005414217881979665;0.07212250762761967;0.0028305531175324603;3.372640183852837e-05;0.9816182109760813;0.981617208741427;0.9930592429923337;0.9841727057431566;0.9841664920110842;0.9935201916255721;0.2604266769171632;0.9221498451744892;0.0017254387416342672;33.12186789512634
0.5;0.8;0;137;2;2;0.0054030323110680145;0.005403032311068154;0.07201749846676762;0.0027161398587166787;2.8972835932310836e-05;0.8731251015599799;0.8731181840313343;0.9313882765612165;0.887206404980942;0.887162161218333;0.9382447114726197;0.2694980694980695;0.9474520254551273;0.000788925078103804;28.07204270362854
0.5;0.8;1;184;2;2;0.0053901893783338236;0.005390189378333802;0.0719135601185796;0.002603617038871144;2.7127327298794258e-05;0.8645473942528321;0.8645400091037821;0.925562545534765;0.8987236988194924;0.8986839970958482;0.9382454929622621;0.2709739633558341;0.9515344676255864;0.0006736930313780039;30.186817169189453
0.5;0.8;2;168;2;2;0.0053901893783338236;0.005390189378333802;0.0719135601185796;0.00260361703887113;2.7127327298794258e-05;0.8645473942528321;0.8645400091037821;0.925562545534765;0.8987236988194924;0.8986839970958482;0.9382454929622621;0.2709739633558341;0.9515344676255864;0.0006736930313780039;27.752369165420532
0.5;0.8;3;153;2;2;0.005414217881979715;0.005414217881979665;0.07212250762761967;0.0028305531175324746;3.372640183852837e-05;0.9816182109760812;0.9816172087414269;0.9930592429923337;0.9841727057431566;0.9841664920110842;0.9935201916255721;0.2604266769171632;0.9221498451744892;0.0017254387416342672;23.410828590393066
0.5;0.8;4;152;2;2;0.0053894044476379835;0.005389404447637953;0.07190061244267316;0.002589798869516692;2.6519368903079655e-05;0.861948586270057;0.8619410594219339;0.9238183899303868;0.8960316770545037;0.8959909218750245;0.9361511690481739;0.27058823529411763;0.9504684279557803;0.0007032818806346954;28.30762028694153
0.5;0.8;5;228;2;2;0.005414217881979715;0.005414217881979665;0.07212250762761967;0.0028305531175324603;3.372640183852837e-05;0.9816182109760813;0.981617208741427;0.9930592429923337;0.9841727057431566;0.9841664920110842;0.9935201916255721;0.2604266769171632;0.9221498451744892;0.0017254387416342672;33.49002027511597
0.5;0.8;6;193;2;2;0.005414217881979715;0.005414217881979665;0.07212250762761967;0.0028305531175324746;3.372640183852837e-05;0.9816182109760812;0.9816172087414269;0.9930592429923337;0.9841727057431566;0.9841664920110842;0.9935201916255721;0.2604266769171632;0.9221498451744892;0.0017254387416342672;27.219311237335205
0.5;0.8;7;181;2;2;0.004203476385405389;0.004203476385405436;0.088012140554402;0.019979116420571007;0.00039185419743343523;0.020380014347362717;0.020326565317254356;0.027843047471948802;0.0193694116743692;0.018984393614263198;0.028230849597406432;0.20712539294446386;0.765798611111111;0.017536357841474337;30.64850091934204
0.5;0.8;8;192;2;2;0.0053901893783338236;0.005390189378333802;0.0719135601185796;0.002603617038871144;2.7127327298794258e-05;0.8645473942528321;0.8645400091037821;0.925562545534765;0.8987236988194924;0.8986839970958482;0.9382454929622621;0.2709739633558341;0.9515344676255864;0.0006736930313780039;30.736310243606567
0.5;0.8;9;159;2;2;0.005414217881979715;0.005414217881979665;0.07212250762761967;0.0028305531175324603;3.372640183852837e-05;0.9816182109760813;0.981617208741427;0.9930592429923337;0.9841727057431566;0.9841664920110842;0.9935201916255721;0.2604266769171632;0.9221498451744892;0.0017254387416342672;24.7828369140625
0.5;0.9;0;155;2;2;0.004131530896772047;0.004131530896772254;0.08793361034513104;0.020004020133449225;0.00040558919364308164;0.0037344080839223056;0.003679993970048316;0.004981503383843099;0.0027643111926689288;0.0023727463672537897;0.004194106405118182;0.23220191470844212;0.8410417054266152;0.008429987060906023;27.617409467697144
0.5;0.9;1;382;2;2;0.005414217881979715;0.005414217881979665;0.07212250762761967;0.0028305531175324746;3.372640183852837e-05;0.9816182109760812;0.9816172087414269;0.9930592429923337;0.9841727057431566;0.9841664920110842;0.9935201916255721;0.2604266769171632;0.9221498451744892;0.0017254387416342672;48.060094356536865
0.5;0.9;2;132;2;2;0.005392866065809665;0.005392866065809321;0.07202226278564808;0.0027207480072852473;2.8772911021898753e-05;0.881187087740738;0.8811806098024093;0.9366470599029705;0.9069664551994954;0.9069299795861538;0.9445425152509057;0.2690824980724749;0.9463008079272353;0.0008258185566784506;25.01931881904602
0.5;0.9;3;143;2;2;0.005391095737910148;0.00539109573791024;0.07199248899583342;0.0026886402456725586;2.7738033106030552e-05;0.8627853502905345;0.8627778690572365;0.9243995923808597;0.9014428405773646;0.901404203004383;0.9403421585558512;0.2714285714285714;0.9527900411163953;0.0006384634932459533;26.58398151397705
0.5;0.9;4;151;2;2;0.0053894044476379835;0.005389404447637953;0.07190061244267316;0.002589798869516692;2.6519368903079655e-05;0.8619485862700572;0.861941059421934;0.9238183899303868;0.8960316770545037;0.8959909218750245;0.9361511690481739;0.27058823529411763;0.9504684279557803;0.0007032818806346954;28.292463541030884
0.5;0.9;5;212;2;2;0.0053901893783338236;0.005390189378333802;0.0719135601185796;0.002603617038871144;2.7127327298794258e-05;0.8645473942528321;0.8645400091037821;0.925562545534765;0.8987236988194924;0.8986839970958482;0.9382454929622621;0.2709739633558341;0.9515344676255864;0.0006736930313780039;27.109272003173828
0.5;0.9;6;156;2;2;0.0053894044476379835;0.005389404447637953;0.07190061244267316;0.002589798869516692;2.6519368903079655e-05;0.861948586270057;0.8619410594219339;0.9238183899303868;0.8960316770545037;0.8959909218750245;0.9361511690481739;0.27058823529411763;0.9504684279557803;0.0007032818806346954;27.02291512489319
0.5;0.9;7;157;2;2;0.005414217881979715;0.005414217881979665;0.07212250762761967;0.0028305531175324603;3.372640183852837e-05;0.9816182109760813;0.981617208741427;0.9930592429923337;0.9841727057431566;0.9841664920110842;0.9935201916255721;0.2604266769171632;0.9221498451744892;0.0017254387416342672;29.064720392227173
0.5;0.9;8;178;2;2;0.0053901893783338236;0.005390189378333802;0.0719135601185796;0.002603617038871144;2.7127327298794258e-05;0.8645473942528321;0.8645400091037821;0.925562545534765;0.8987236988194924;0.8986839970958482;0.9382454929622621;0.2709739633558341;0.9515344676255864;0.0006736930313780039;29.7635760307312
0.5;0.9;9;157;2;2;0.0053894044476379835;0.005389404447637953;0.07190061244267316;0.002589798869516692;2.6519368903079655e-05;0.8619485862700572;0.861941059421934;0.9238183899303868;0.8960316770545037;0.8959909218750245;0.9361511690481739;0.27058823529411763;0.9504684279557803;0.0007032818806346954;28.169915914535522
0.5;1.0;0;237;2;2;0.005384564867520496;0.005384564867520928;0.0720695811114438;0.002772410062510897;2.911238597391154e-05;0.838936411045346;0.8389276294413671;0.9067551340479726;0.8987236988194924;0.8986839970958482;0.9382454929622621;0.2861556284997104;0.9929395029355849;1.4405903011092437e-05;31.689324855804443
0.5;1.0;1;141;2;2;0.005278615937471438;0.00527861593747127;0.07224526932035777;0.0029612185395145596;2.8746867550508204e-05;0.8260066542491052;0.8259971676813015;0.8975670091245733;0.872074349237366;0.8720241781274994;0.927796292925261;0.2861556284997104;0.9929395029355849;1.4405903011092437e-05;26.54574966430664
0.5;1.0;2;185;2;2;0.005264852593792966;0.005264852593793085;0.07212404299448544;0.0028317122578577366;2.950287351468658e-05;0.8479832022155264;0.8479749138057712;0.9128102666550939;0.9041900771444015;0.9041525148032918;0.9424411659462228;0.2856592135697764;0.9915797257708832;2.048988682404611e-05;31.327932357788086
0.5;1.0;3;161;2;2;0.005386317510380612;0.005386317510380441;0.07234326143259875;0.0030663025317458127;2.9739146038525132e-05;0.8168522187857719;0.8168422331156757;0.8909919422578393;0.8547478667534689;0.8546909258898545;0.9132672454982677;0.28632148377125194;0.9933927619904855;1.2615510310896296e-05;29.833050966262817
0.5;1.0;4;155;2;2;0.005386317510380612;0.005386317510380441;0.07234326143259875;0.0030663025317458127;2.9739146038525132e-05;0.8168522187857719;0.8168422331156757;0.8909919422578393;0.8547478667534689;0.8546909258898545;0.9132672454982677;0.28632148377125194;0.9933927619904855;1.2615510310896296e-05;23.288257598876953
0.5;1.0;5;158;2;2;0.005384564867520496;0.005384564867520928;0.0720695811114438;0.002772410062510897;2.911238597391154e-05;0.838936411045346;0.8389276294413671;0.9067551340479726;0.8987236988194924;0.8986839970958482;0.9382454929622621;0.2861556284997104;0.9929395029355849;1.4405903011092437e-05;26.99315857887268
0.5;1.0;6;194;2;2;0.0033368775657140696;0.0033368775657139967;0.08367802495033426;0.015546555599637638;0.0003545807844521747;0.005443563880625221;0.005389183525793638;0.007255720888600574;0.005847282205518103;0.005457159984364721;0.008679339811653839;0.2589550934824393;0.9107485276469425;0.002338120266803294;28.173613786697388
0.5;1.0;7;220;2;2;0.005277111542202348;0.005277111542202151;0.07204375903241016;0.002744901564467128;2.747817656422434e-05;0.8297013860273442;0.829692100884761;0.9001464405137567;0.8907254113829454;0.8906825799556862;0.9319695457906109;0.2859899652643767;0.9924862438806843;1.6315090531016313e-05;35.42157483100891
0.5;1.0;8;161;2;2;0.005278641838649526;0.005278641838649453;0.07197594295758952;0.0026722788049534465;2.7806337497715563e-05;0.8318155272721185;0.8318063573760303;0.9015810570501287;0.9041900771444015;0.9041525148032918;0.9424411659462228;0.285824493731919;0.9920329848257837;1.834308192461909e-05;22.6812846660614
0.5;1.0;9;178;2;2;0.005384564867520496;0.005384564867520928;0.0720695811114438;0.002772410062510897;2.911238597391154e-05;0.838936411045346;0.8389276294413671;0.9067551340479726;0.8987236988194924;0.8986839970958482;0.9382454929622621;0.2861556284997104;0.9929395029355849;1.4405903011092437e-05;25.8966646194458
0.6;0.0;0;180;2;2;0.005414217881979715;0.005414217881979665;0.07212250762761967;0.0028305531175324603;3.372640183852837e-05;0.9816182109760813;0.981617208741427;0.9930592429923337;0.9841727057431566;0.9841664920110842;0.9935201916255721;0.2604266769171632;0.9221498451744892;0.0017254387416342672;26.74155592918396
0.6;0.0;1;155;2;2;0.005393722553145111;0.005393722553145037;0.07208241698724123;0.0027852840834943667;2.8194942034571963e-05;0.8794173910850897;0.8794108166658795;0.9354771621027294;0.9097731015723929;0.9097377246289666;0.9466462065876763;0.2694680030840401;0.9473687606548512;0.0007937143248977728;25.462541818618774
0.6;0.0;2;177;2;2;0.0053894044476379835;0.005389404447637953;0.07190061244267316;0.002589798869516692;2.6519368903079655e-05;0.8619485862700572;0.861941059421934;0.9238183899303868;0.8960316770545037;0.8959909218750245;0.9361511690481739;0.27058823529411763;0.9504684279557803;0.0007032818806346954;29.79660677909851
0.6;0.0;3;163;2;2;0.005414217881979715;0.005414217881979665;0.07212250762761967;0.0028305531175324603;3.372640183852837e-05;0.9816182109760813;0.981617208741427;0.9930592429923337;0.9841727057431566;0.9841664920110842;0.9935201916255721;0.2604266769171632;0.9221498451744892;0.0017254387416342672;29.04237985610962
0.6;0.0;4;163;2;2;0.005400425520685413;0.0054004255206853945;0.07201579184873112;0.002714526710123004;2.7981322468425394e-05;0.9085683188711944;0.9085633337827733;0.9539879643745467;0.9303839406134291;0.9303566349437833;0.9614376327887074;0.2667180574291771;0.9397364505877562;0.001037142710364163;24.328101873397827
0.6;0.0;5;149;2;2;0.005414217881979715;0.005414217881979665;0.07212250762761967;0.0028305531175324746;3.372640183852837e-05;0.9816182109760812;0.9816172087414269;0.9930592429923337;0.9841727057431566;0.9841664920110842;0.9935201916255721;0.2604266769171632;0.9221498451744892;0.0017254387416342672;26.005987882614136
0.6;0.0;6;147;2;2;0.005391095737910148;0.00539109573791024;0.07199248899583342;0.0026886402456725586;2.7738033106030552e-05;0.8627853502905345;0.8627778690572365;0.9243995923808597;0.9014428405773645;0.9014042030043828;0.9403421585558512;0.2714285714285714;0.9527900411163953;0.0006384634932459533;26.155841588974
0.6;0.0;7;171;2;2;0.0053901893783338236;0.005390189378333802;0.0719135601185796;0.00260361703887113;2.7127327298794258e-05;0.8645473942528321;0.8645400091037821;0.925562545534765;0.8987236988194924;0.8986839970958482;0.9382454929622621;0.2709739633558341;0.9515344676255864;0.0006736930313780039;29.20162534713745
0.6;0.0;8;160;2;2;0.0053894044476379835;0.005389404447637953;0.07190061244267316;0.002589798869516692;2.6519368903079655e-05;0.8619485862700572;0.861941059421934;0.9238183899303868;0.8960316770545037;0.8959909218750245;0.9361511690481739;0.27058823529411763;0.9504684279557803;0.0007032818806346954;26.262829542160034
0.6;0.0;9;128;2;2;0.0053901893783338236;0.005390189378333802;0.0719135601185796;0.002603617038871144;2.7127327298794258e-05;0.8645473942528321;0.8645400091037821;0.925562545534765;0.8987236988194924;0.8986839970958482;0.9382454929622621;0.2709739633558341;0.9515344676255864;0.0006736930313780039;17.11889934539795
0.6;0.1;0;133;2;2;0.0054030323110680145;0.005403032311068154;0.07201749846676762;0.0027161398587166787;2.8972835932310836e-05;0.8731251015599799;0.8731181840313343;0.9313882765612165;0.887206404980942;0.887162161218333;0.9382447114726197;0.2694980694980695;0.9474520254551273;0.000788925078103804;27.250115871429443
0.6;0.1;1;205;2;2;0.0053901893783338236;0.005390189378333802;0.0719135601185796;0.00260361703887113;2.7127327298794258e-05;0.8645473942528321;0.8645400091037821;0.925562545534765;0.8987236988194924;0.8986839970958482;0.9382454929622621;0.2709739633558341;0.9515344676255864;0.0006736930313780039;33.11113262176514
0.6;0.1;2;164;2;2;0.004305053118534978;0.004305053118534961;0.09100525917298637;0.023120887298089105;0.0004457365388532726;0.0040632555817656365;0.0040089552107179125;0.005555803137272764;0.0034633235148883368;0.0030719495106708372;0.005294840759049005;0.14775495997215454;0.5745482486476673;0.056271594175003145;24.204639673233032
0.6;0.1;3;207;2;2;0.005396869452566744;0.005396869452566837;0.07212856325153717;0.002835165825513831;2.7284888412756547e-05;0.8962692879951422;0.8962636323616565;0.946326609525069;0.9213282983725248;0.9212974457905684;0.9550843946198231;0.26655119322555815;0.9392722623998311;0.0010556235322867862;31.538670301437378
0.6;0.1;4;162;2;2;0.005393722553145111;0.005393722553145037;0.07208241698724123;0.0027852840834943385;2.8194942034571963e-05;0.8794173910850897;0.8794108166658795;0.9354771621027294;0.9097731015723929;0.9097377246289666;0.9466462065876763;0.2694680030840401;0.9473687606548512;0.0007937143248977728;28.90019941329956
0.6;0.1;5;149;2;2;0.0053901893783338236;0.005390189378333802;0.0719135601185796;0.002603617038871144;2.7127327298794258e-05;0.8645473942528321;0.8645400091037821;0.925562545534765;0.8987236988194924;0.8986839970958482;0.9382454929622621;0.2709739633558341;0.9515344676255864;0.0006736930313780039;21.106220245361328
0.6;0.1;6;152;2;2;0.0053894044476379835;0.005389404447637953;0.07190061244267316;0.002589798869516692;2.6519368903079655e-05;0.861948586270057;0.8619410594219339;0.9238183899303868;0.8960316770545037;0.8959909218750245;0.9361511690481739;0.27058823529411763;0.9504684279557803;0.0007032818806346954;28.087213277816772
0.6;0.1;7;173;2;2;0.004285897014252953;0.004285897014252652;0.08969303540358445;0.02171066572700122;0.00043879144929578255;0.03426888227982167;0.03421622877715853;0.04706419370686211;0.030650750906533717;0.030269912108812084;0.04431748143724366;0.14556192461351397;0.5671041606204301;0.058437625125154505;22.3296639919281
0.6;0.1;8;149;2;2;0.0053894044476379835;0.005389404447637953;0.07190061244267316;0.002589798869516692;2.6519368903079655e-05;0.8619485862700572;0.861941059421934;0.9238183899303868;0.8960316770545037;0.8959909218750245;0.9361511690481739;0.27058823529411763;0.9504684279557803;0.0007032818806346954;25.576102256774902
0.6;0.1;9;149;2;2;0.005408338093028784;0.0054083380930285575;0.0720663265183495;0.0027702799642507553;3.0467532460819425e-05;0.9423615702392607;0.9423584276023912;0.9735747290393721;0.9567014768705318;0.9566844858029486;0.9784827013350585;0.2653415669625627;0.9359036247451007;0.0011681980527572869;28.381747484207153
0.6;0.2;0;126;2;2;0.0054169310348879075;0.005416931034887882;0.0720539070527664;0.002756245748500636;3.202924050752966e-05;0.9951697068489798;0.9951694434872034;0.9984890838016055;0.9938618964215906;0.9938594862937913;0.9978377188595374;0.2608528620822128;0.9233467233507311;0.0016754744997313775;27.587522268295288
0.6;0.2;1;153;2;2;0.005401731980708104;0.0054017319807079375;0.07193243620789964;0.0026248707234240755;2.7809490018579367e-05;0.9119855079760073;0.9119807092048524;0.9560559138440476;0.933487030406483;0.9334609404140802;0.9635600646518264;0.26666666666666666;0.9395935031507943;0.001042375303648235;28.19715666770935
0.6;0.2;2;206;2;2;0.0053894044476379835;0.005389404447637953;0.07190061244267316;0.002589798869516692;2.6519368903079655e-05;0.8619485862700572;0.861941059421934;0.9238183899303868;0.8960316770545037;0.8959909218750245;0.9361511690481739;0.27058823529411763;0.9504684279557803;0.0007032818806346954;31.292148113250732
0.6;0.2;3;148;2;2;0.0053894044476379835;0.005389404447637953;0.07190061244267316;0.002589798869516692;2.6519368903079655e-05;0.861948586270057;0.8619410594219339;0.9238183899303868;0.8960316770545037;0.8959909218750245;0.9361511690481739;0.27058823529411763;0.9504684279557803;0.0007032818806346954;25.82848834991455
0.6;0.2;4;132;2;2;0.005401731980708104;0.0054017319807079375;0.07193243620789964;0.0026248707234240755;2.7809490018579367e-05;0.9119855079760073;0.9119807092048524;0.9560559138440476;0.933487030406483;0.9334609404140802;0.9635600646518264;0.26666666666666666;0.9395935031507943;0.001042375303648235;27.4833345413208
0.6;0.2;5;158;2;2;0.0053894044476379835;0.005389404447637953;0.07190061244267316;0.002589798869516692;2.6519368903079655e-05;0.861948586270057;0.8619410594219339;0.9238183899303868;0.8960316770545037;0.8959909218750245;0.9361511690481739;0.27058823529411763;0.9504684279557803;0.0007032818806346954;29.21417808532715
0.6;0.2;6;137;2;2;0.0054169310348879075;0.005416931034887882;0.0720539070527664;0.002756245748500636;3.202924050752966e-05;0.9951697068489798;0.9951694434872034;0.9984890838016055;0.9938618964215906;0.9938594862937913;0.9978377188595374;0.2608528620822128;0.9233467233507311;0.0016754744997313775;26.305176496505737
0.6;0.2;7;160;2;2;0.0042990818191655355;0.0042990818191655684;0.09097968460359204;0.023093440586411444;0.0004516704035637779;0.013190797857415568;0.013136995117870962;0.01816192480147378;0.01227601567321128;0.011888045758497019;0.01825860013295764;0.14778067885117493;0.5746353806235011;0.05623406767877932;28.3310968875885
0.6;0.2;8;155;2;2;0.0053894044476379835;0.005389404447637953;0.07190061244267316;0.002589798869516692;2.6519368903079655e-05;0.861948586270057;0.8619410594219339;0.9238183899303868;0.8960316770545037;0.8959909218750245;0.9361511690481739;0.27058823529411763;0.9504684279557803;0.0007032818806346954;28.82022762298584
0.6;0.2;9;156;2;2;0.0053894044476379835;0.005389404447637953;0.07190061244267316;0.002589798869516692;2.6519368903079655e-05;0.8619485862700572;0.861941059421934;0.9238183899303868;0.8960316770545037;0.8959909218750245;0.9361511690481739;0.27058823529411763;0.9504684279557803;0.0007032818806346954;26.694765090942383
0.6;0.3;0;133;2;2;0.005413978017520334;0.00541397801752044;0.071991975204717;0.0026900711631341226;3.261344198179009e-05;0.9722666755497303;0.9722651634419531;0.9888462676803196;0.9798005970166349;0.9797926673499051;0.9913649452843787;0.26250962278675904;0.927991815078353;0.001476414789365289;27.532071352005005
0.6;0.3;1;163;2;2;0.005414217881979715;0.005414217881979665;0.07212250762761967;0.0028305531175324746;3.372640183852837e-05;0.9816182109760812;0.9816172087414269;0.9930592429923337;0.9841727057431566;0.9841664920110842;0.9935201916255721;0.2604266769171632;0.9221498451744892;0.0017254387416342672;27.14082622528076
0.6;0.3;2;143;2;2;0.0053901893783338236;0.005390189378333802;0.0719135601185796;0.002603617038871144;2.7127327298794258e-05;0.8645473942528321;0.8645400091037821;0.925562545534765;0.8987236988194924;0.8986839970958482;0.9382454929622621;0.2709739633558341;0.9515344676255864;0.0006736930313780039;16.48271608352661
0.6;0.3;3;167;2;2;0.0053901893783338236;0.005390189378333802;0.0719135601185796;0.00260361703887113;2.7127327298794258e-05;0.8645473942528321;0.8645400091037821;0.925562545534765;0.8987236988194924;0.8986839970958482;0.9382454929622621;0.2709739633558341;0.9515344676255864;0.0006736930313780039;26.699920654296875
0.6;0.3;4;120;2;2;0.005391095737910148;0.00539109573791024;0.07199248899583344;0.0026886402456725443;2.7738033106030552e-05;0.8627853502905343;0.8627778690572363;0.9243995923808597;0.9014428405773645;0.9014042030043828;0.9403421585558512;0.2714285714285714;0.9527900411163953;0.0006384634932459533;20.696475744247437
0.6;0.3;5;194;2;2;0.004305053118534978;0.004305053118534961;0.09100525917298637;0.023120887298089105;0.0004457365388532726;0.0040632555817656365;0.0040089552107179125;0.005555803137272764;0.0034633235148883368;0.0030719495106708372;0.005294840759049005;0.14775495997215454;0.5745482486476673;0.056271594175003145;30.784240007400513
0.6;0.3;6;193;2;2;0.0053901893783338236;0.005390189378333802;0.0719135601185796;0.00260361703887113;2.7127327298794258e-05;0.8645473942528321;0.8645400091037821;0.925562545534765;0.8987236988194924;0.8986839970958482;0.9382454929622621;0.2709739633558341;0.9515344676255864;0.0006736930313780039;31.370729446411133
0.6;0.3;7;127;2;2;0.005401731980708104;0.0054017319807079375;0.07193243620789964;0.0026248707234240755;2.7809490018579367e-05;0.9119855079760073;0.9119807092048524;0.9560559138440476;0.933487030406483;0.9334609404140802;0.9635600646518264;0.26666666666666666;0.9395935031507943;0.001042375303648235;27.2270929813385
0.6;0.3;8;117;2;2;0.005414217881979715;0.005414217881979665;0.07212250762761967;0.0028305531175324603;3.372640183852837e-05;0.9816182109760813;0.981617208741427;0.9930592429923337;0.9841727057431566;0.9841664920110842;0.9935201916255721;0.2604266769171632;0.9221498451744892;0.0017254387416342672;22.144145727157593
0.6;0.3;9;157;2;2;0.005414217881979715;0.005414217881979665;0.07212250762761967;0.0028305531175324746;3.372640183852837e-05;0.9816182109760812;0.9816172087414269;0.9930592429923337;0.9841727057431566;0.9841664920110842;0.9935201916255721;0.2604266769171632;0.9221498451744892;0.0017254387416342672;28.704145908355713
0.6;0.4;0;146;2;2;0.005404805779098146;0.00540480577909806;0.07203281541938195;0.002733766627600258;2.875812685189801e-05;0.9290516950343072;0.9290478267174166;0.9661320846843028;0.9430863964373525;0.9430640679865541;0.9699414193417147;0.26532973389895875;0.9358706395296544;0.0011710647279222167;25.292339086532593
0.6;0.4;1;159;2;2;0.0053901893783338236;0.005390189378333802;0.0719135601185796;0.002603617038871144;2.7127327298794258e-05;0.8645473942528321;0.8645400091037821;0.925562545534765;0.8987236988194924;0.8986839970958482;0.9382454929622621;0.2709739633558341;0.9515344676255864;0.0006736930313780039;28.693461894989014
0.6;0.4;2;182;2;2;0.005391095737910148;0.00539109573791024;0.07199248899583344;0.0026886402456725443;2.7738033106030552e-05;0.8627853502905343;0.8627778690572363;0.9243995923808597;0.9014428405773645;0.9014042030043828;0.9403421585558512;0.2714285714285714;0.9527900411163953;0.0006384634932459533;29.70946478843689
0.6;0.4;3;160;2;2;0.004307948886159516;0.004307948886159425;0.0911974105158071;0.023327040076957024;0.0004581744600479366;0.004890093891159074;0.004835838782482803;0.006697282641862759;0.004022182612712402;0.0036309995457064854;0.0061528840626820045;0.14719666724526992;0.5726558678607051;0.056994271396007906;28.437546491622925
0.6;0.4;4;150;2;2;0.0053894044476379835;0.005389404447637953;0.07190061244267316;0.002589798869516692;2.6519368903079655e-05;0.861948586270057;0.8619410594219339;0.9238183899303868;0.8960316770545037;0.8959909218750245;0.9361511690481739;0.27058823529411763;0.9504684279557803;0.0007032818806346954;28.161921501159668
0.6;0.4;5;154;2;2;0.005408338093028784;0.0054083380930285575;0.0720663265183495;0.0027702799642507414;3.0467532460819425e-05;0.9423615702392607;0.9423584276023912;0.9735747290393721;0.9567014768705318;0.9566844858029486;0.9784827013350585;0.2653415669625627;0.9359036247451007;0.0011681980527572869;29.46653127670288
0.6;0.4;6;140;2;2;0.005401731980708104;0.0054017319807079375;0.07193243620789964;0.0026248707234240755;2.7809490018579367e-05;0.9119855079760073;0.9119807092048524;0.9560559138440476;0.9334870304064831;0.9334609404140803;0.9635600646518264;0.26666666666666666;0.9395935031507943;0.001042375303648235;27.781295776367188
0.6;0.4;7;155;2;2;0.005414217881979715;0.005414217881979665;0.07212250762761967;0.0028305531175324746;3.372640183852837e-05;0.9816182109760812;0.9816172087414269;0.9930592429923337;0.9841727057431566;0.9841664920110842;0.9935201916255721;0.2604266769171632;0.9221498451744892;0.0017254387416342672;26.90069818496704
0.6;0.4;8;183;2;2;0.005391095737910148;0.00539109573791024;0.07199248899583342;0.0026886402456725586;2.7738033106030552e-05;0.8627853502905345;0.8627778690572365;0.9243995923808597;0.9014428405773645;0.9014042030043828;0.9403421585558512;0.2714285714285714;0.9527900411163953;0.0006384634932459533;29.88471245765686
0.6;0.4;9;169;2;2;0.0053901893783338236;0.005390189378333802;0.0719135601185796;0.00260361703887113;2.7127327298794258e-05;0.8645473942528321;0.8645400091037821;0.925562545534765;0.8987236988194924;0.8986839970958482;0.9382454929622621;0.2709739633558341;0.9515344676255864;0.0006736930313780039;26.294622659683228
0.6;0.5;0;194;2;2;0.0053901893783338236;0.005390189378333802;0.0719135601185796;0.002603617038871144;2.7127327298794258e-05;0.8645473942528321;0.8645400091037821;0.925562545534765;0.8987236988194924;0.8986839970958482;0.9382454929622621;0.2709739633558341;0.9515344676255864;0.0006736930313780039;25.145399808883667
0.6;0.5;1;152;2;2;0.005408338093028784;0.0054083380930285575;0.0720663265183495;0.0027702799642507553;3.0467532460819425e-05;0.9423615702392607;0.9423584276023912;0.9735747290393721;0.9567014768705318;0.9566844858029486;0.9784827013350585;0.2653415669625627;0.9359036247451007;0.0011681980527572869;28.61018705368042
0.6;0.5;2;175;2;2;0.0053894044476379835;0.005389404447637953;0.07190061244267316;0.002589798869516692;2.6519368903079655e-05;0.8619485862700572;0.861941059421934;0.9238183899303868;0.8960316770545037;0.8959909218750245;0.9361511690481739;0.27058823529411763;0.9504684279557803;0.0007032818806346954;29.665743112564087
0.6;0.5;3;164;2;2;0.005415290562426562;0.005415290562426657;0.07207865340611853;0.0027828401234416844;3.207492950497926e-05;0.9843726398748127;0.9843717878252181;0.9942645950065601;0.9888118210939335;0.9888074283582899;0.9956777827760513;0.2608528620822128;0.9233467233507311;0.0016754744997313775;29.880715131759644
0.6;0.5;4;148;2;2;0.004305053118534978;0.004305053118534961;0.09100525917298637;0.023120887298089105;0.0004457365388532726;0.0040632555817656365;0.0040089552107179125;0.005555803137272764;0.0034633235148883368;0.0030719495106708372;0.005294840759049005;0.14775495997215454;0.5745482486476673;0.056271594175003145;23.316150188446045
0.6;0.5;5;160;2;2;0.005391095737910148;0.00539109573791024;0.07199248899583342;0.0026886402456725586;2.7738033106030552e-05;0.8627853502905345;0.8627778690572365;0.9243995923808597;0.9014428405773645;0.9014042030043828;0.9403421585558512;0.2714285714285714;0.9527900411163953;0.0006384634932459533;26.370562314987183
0.6;0.5;6;150;2;2;0.005414217881979715;0.005414217881979665;0.07212250762761967;0.0028305531175324746;3.372640183852837e-05;0.9816182109760812;0.9816172087414269;0.9930592429923337;0.9841727057431566;0.9841664920110842;0.9935201916255721;0.2604266769171632;0.9221498451744892;0.0017254387416342672;26.206565380096436
0.6;0.5;7;181;2;2;0.005415290562426562;0.005415290562426657;0.07207865340611853;0.0027828401234416844;3.207492950497926e-05;0.9843726398748127;0.9843717878252181;0.9942645950065601;0.9888118210939334;0.9888074283582898;0.9956777827760513;0.2608528620822128;0.9233467233507311;0.0016754744997313775;29.90583562850952
0.6;0.5;8;145;2;2;0.0053894044476379835;0.005389404447637953;0.07190061244267316;0.002589798869516692;2.6519368903079655e-05;0.8619485862700572;0.861941059421934;0.9238183899303868;0.8960316770545037;0.8959909218750245;0.9361511690481739;0.27058823529411763;0.9504684279557803;0.0007032818806346954;22.57154655456543
0.6;0.5;9;152;2;2;0.005415290562426562;0.005415290562426657;0.07207865340611853;0.0027828401234416844;3.207492950497926e-05;0.9843726398748127;0.9843717878252181;0.9942645950065601;0.9888118210939334;0.9888074283582898;0.9956777827760513;0.2608528620822128;0.9233467233507311;0.0016754744997313775;25.317846059799194
0.6;0.6;0;151;2;2;0.004300876222519944;0.004300876222520013;0.09071969958983923;0.022813931486360815;0.000454017891636725;0.0037316123885109006;0.0036772939723592173;0.005089507057533135;0.003056566619874959;0.002665088995024013;0.004652250161916086;0.15468940316686966;0.5979006126326125;0.05027082025937983;29.05729341506958
0.6;0.6;1;145;2;2;0.0053894044476379835;0.005389404447637953;0.07190061244267316;0.002589798869516692;2.6519368903079655e-05;0.861948586270057;0.8619410594219339;0.9238183899303868;0.8960316770545037;0.8959909218750245;0.9361511690481739;0.27058823529411763;0.9504684279557803;0.0007032818806346954;25.808852195739746
0.6;0.6;2;168;2;2;0.0053894044476379835;0.005389404447637953;0.07190061244267316;0.002589798869516692;2.6519368903079655e-05;0.8619485862700572;0.861941059421934;0.9238183899303868;0.8960316770545037;0.8959909218750245;0.9361511690481739;0.27058823529411763;0.9504684279557803;0.0007032818806346954;27.093228816986084
0.6;0.6;3;143;2;2;0.0053894044476379835;0.005389404447637953;0.07190061244267316;0.002589798869516692;2.6519368903079655e-05;0.8619485862700572;0.861941059421934;0.9238183899303868;0.8960316770545037;0.8959909218750245;0.9361511690481739;0.27058823529411763;0.9504684279557803;0.0007032818806346954;27.726787090301514
0.6;0.6;4;166;2;2;0.005414217881979715;0.005414217881979665;0.07212250762761967;0.0028305531175324746;3.372640183852837e-05;0.9816182109760812;0.9816172087414269;0.9930592429923337;0.9841727057431566;0.9841664920110842;0.9935201916255721;0.2604266769171632;0.9221498451744892;0.0017254387416342672;26.275736093521118
0.6;0.6;5;167;2;2;0.0053901893783338236;0.005390189378333802;0.0719135601185796;0.00260361703887113;2.7127327298794258e-05;0.8645473942528321;0.8645400091037821;0.925562545534765;0.8987236988194924;0.8986839970958482;0.9382454929622621;0.2709739633558341;0.9515344676255864;0.0006736930313780039;28.919989109039307
0.6;0.6;6;194;2;2;0.005391095737910148;0.00539109573791024;0.07199248899583344;0.0026886402456725443;2.7738033106030552e-05;0.8627853502905343;0.8627778690572363;0.9243995923808597;0.9014428405773646;0.901404203004383;0.9403421585558512;0.2714285714285714;0.9527900411163953;0.0006384634932459533;31.47683882713318
0.6;0.6;7;135;2;2;0.004304227737609444;0.00430422773760909;0.0908522895036462;0.022957060594220393;0.00045752599175959656;0.004630042306986336;0.004575772542991071;0.006329262628780002;0.003914561981091802;0.003523365193638665;0.005977792487504649;0.1543134872417983;0.5966418745007545;0.05077248777577287;28.09902787208557
0.6;0.6;8;159;2;2;0.0053894044476379835;0.005389404447637953;0.07190061244267316;0.002589798869516692;2.6519368903079655e-05;0.8619485862700572;0.861941059421934;0.9238183899303868;0.8960316770545037;0.8959909218750245;0.9361511690481739;0.27058823529411763;0.9504684279557803;0.0007032818806346954;28.431360960006714
0.6;0.6;9;178;2;2;0.0053901893783338236;0.005390189378333802;0.0719135601185796;0.002603617038871144;2.7127327298794258e-05;0.8645473942528321;0.8645400091037821;0.925562545534765;0.8987236988194924;0.8986839970958482;0.9382454929622621;0.2709739633558341;0.9515344676255864;0.0006736930313780039;29.6411075592041
0.6;0.7;0;219;2;2;0.0054169310348879075;0.005416931034887882;0.0720539070527664;0.002756245748500636;3.202924050752966e-05;0.9951697068489798;0.9951694434872034;0.9984890838016055;0.9938618964215906;0.9938594862937913;0.9978377188595374;0.2608528620822128;0.9233467233507311;0.0016754744997313775;36.14145088195801
0.6;0.7;1;151;2;2;0.0053894044476379835;0.005389404447637953;0.07190061244267316;0.002589798869516692;2.6519368903079655e-05;0.861948586270057;0.8619410594219339;0.9238183899303868;0.8960316770545037;0.8959909218750245;0.9361511690481739;0.27058823529411763;0.9504684279557803;0.0007032818806346954;26.597930192947388
0.6;0.7;2;157;2;2;0.0053894044476379835;0.005389404447637953;0.07190061244267316;0.002589798869516692;2.6519368903079655e-05;0.861948586270057;0.8619410594219339;0.9238183899303868;0.8960316770545037;0.8959909218750245;0.9361511690481739;0.27058823529411763;0.9504684279557803;0.0007032818806346954;19.583467483520508
0.6;0.7;3;276;2;2;0.004249928375451242;0.004249928375451288;0.08939478405215422;0.02141330936947466;0.0004383171311503128;0.00512011805175608;0.005065863259073716;0.006973703927880436;0.004169905130785264;0.0037788646893304003;0.006336235752664028;0.18050478677110532;0.682424461537161;0.03164889245647905;36.431193351745605
0.6;0.7;4;149;2;2;0.005414217881979715;0.005414217881979665;0.07212250762761967;0.0028305531175324746;3.372640183852837e-05;0.9816182109760812;0.9816172087414269;0.9930592429923337;0.9841727057431566;0.9841664920110842;0.9935201916255721;0.2604266769171632;0.9221498451744892;0.0017254387416342672;28.027108907699585
0.6;0.7;5;154;2;2;0.0053894044476379835;0.005389404447637953;0.07190061244267316;0.002589798869516692;2.6519368903079655e-05;0.8619485862700572;0.861941059421934;0.9238183899303868;0.8960316770545037;0.8959909218750245;0.9361511690481739;0.27058823529411763;0.9504684279557803;0.0007032818806346954;28.38915514945984
0.6;0.7;6;254;2;2;0.004233790859114214;0.004233790859113861;0.08888747637428554;0.02086227550119869;0.00041092818281568595;0.019057661260550706;0.019004169536638176;0.026152149478019027;0.018853488959796827;0.0184682683366002;0.027501124611544966;0.18119867202516163;0.6846453695480806;0.031016318679444682;36.443721532821655
0.6;0.7;7;144;2;2;0.005414217881979715;0.005414217881979665;0.07212250762761967;0.0028305531175324746;3.372640183852837e-05;0.9816182109760812;0.9816172087414269;0.9930592429923337;0.9841727057431566;0.9841664920110842;0.9935201916255721;0.2604266769171632;0.9221498451744892;0.0017254387416342672;28.047831058502197
0.6;0.7;8;186;2;2;0.004254550455073642;0.004254550455073625;0.08952113594997582;0.021552635731752215;0.0004405870137238602;0.0048679798927304865;0.004813709507866737;0.006622863469763722;0.004022182612712402;0.0036309995457064854;0.0061528840626820045;0.18012853916970645;0.6812191195385671;0.031997123928125495;29.677063703536987
0.6;0.7;9;179;2;2;0.0053901893783338236;0.005390189378333802;0.0719135601185796;0.00260361703887113;2.7127327298794258e-05;0.8645473942528321;0.8645400091037821;0.925562545534765;0.8987236988194924;0.8986839970958482;0.9382454929622621;0.2709739633558341;0.9515344676255864;0.0006736930313780039;27.177338361740112
0.6;0.8;0;190;2;2;0.0053901893783338236;0.005390189378333802;0.0719135601185796;0.002603617038871144;2.7127327298794258e-05;0.8645473942528321;0.8645400091037821;0.925562545534765;0.8987236988194924;0.8986839970958482;0.9382454929622621;0.2709739633558341;0.9515344676255864;0.0006736930313780039;31.305473566055298
0.6;0.8;1;127;2;2;0.0041023078252114134;0.0041023078252111845;0.08677673858208408;0.018679243790544045;0.0004231172339891093;0.045316709456422466;0.045264607211708385;0.061628775648541134;0.04131016174318448;0.040933510824301404;0.05912267898769219;0.20533240997229918;0.7602987647227808;0.01864554319913672;28.027870893478394
0.6;0.8;2;159;2;2;0.004098552954632492;0.004098552954632971;0.0877595335008143;0.019705639410169375;0.00039755260472486786;0.01928362067516716;0.0192301128617636;0.026348350161577883;0.019129124701971145;0.018744038741106864;0.0278661931474962;0.20727018524991261;0.7662420382165605;0.017449288341609984;28.249791860580444
0.6;0.8;3;193;2;2;0.005414217881979715;0.005414217881979665;0.07212250762761967;0.0028305531175324603;3.372640183852837e-05;0.9816182109760813;0.981617208741427;0.9930592429923337;0.9841727057431566;0.9841664920110842;0.9935201916255721;0.2604266769171632;0.9221498451744892;0.0017254387416342672;31.52182674407959
0.6;0.8;4;141;2;2;0.005408338093028784;0.0054083380930285575;0.0720663265183495;0.0027702799642507414;3.0467532460819425e-05;0.9423615702392607;0.9423584276023912;0.9735747290393721;0.9567014768705318;0.9566844858029486;0.9784827013350585;0.2653415669625627;0.9359036247451007;0.0011681980527572869;25.876851320266724
0.6;0.8;5;158;2;2;0.0053894044476379835;0.005389404447637953;0.07190061244267316;0.002589798869516692;2.6519368903079655e-05;0.861948586270057;0.8619410594219339;0.9238183899303868;0.8960316770545037;0.8959909218750245;0.9361511690481739;0.27058823529411763;0.9504684279557803;0.0007032818806346954;29.00540828704834
0.6;0.8;6;131;2;2;0.005414217881979715;0.005414217881979665;0.07212250762761967;0.0028305531175324603;3.372640183852837e-05;0.9816182109760813;0.981617208741427;0.9930592429923337;0.9841727057431566;0.9841664920110842;0.9935201916255721;0.2604266769171632;0.9221498451744892;0.0017254387416342672;24.83947730064392
0.6;0.8;7;258;2;2;0.005393722553145111;0.005393722553145037;0.07208241698724123;0.0027852840834943667;2.8194942034571963e-05;0.8794173910850897;0.8794108166658795;0.9354771621027294;0.9097731015723929;0.9097377246289666;0.9466462065876763;0.2694680030840401;0.9473687606548512;0.0007937143248977728;39.029762506484985
0.6;0.8;8;162;2;2;0.005393722553145111;0.005393722553145037;0.07208241698724123;0.0027852840834943667;2.8194942034571963e-05;0.8794173910850897;0.8794108166658795;0.9354771621027294;0.9097731015723929;0.9097377246289666;0.9466462065876763;0.2694680030840401;0.9473687606548512;0.0007937143248977728;26.51076030731201
0.6;0.8;9;145;2;2;0.005400654282148036;0.005400654282147949;0.0721395553454076;0.002848021903466347;2.8595761647562084e-05;0.9144032770576002;0.9143986100845133;0.9575343912677353;0.9334870304064831;0.9334609404140803;0.9635600646518264;0.2650741668272009;0.9351580838424839;0.0011989893557346597;22.487177848815918
0.6;0.9;0;222;2;2;0.004130680484735279;0.00413068048473526;0.08788583976635485;0.01994478494687003;0.0004029588017630542;0.00513625079048629;0.005081917354291006;0.006897810763737064;0.004189337868955005;0.0037983597637123237;0.006339100021562421;0.23260680034873582;0.8422314659378991;0.008278163591938746;28.633991479873657
0.6;0.9;1;176;2;2;0.0053901893783338236;0.005390189378333802;0.0719135601185796;0.002603617038871144;2.7127327298794258e-05;0.8645473942528321;0.8645400091037821;0.925562545534765;0.8987236988194924;0.8986839970958482;0.9382454929622621;0.2709739633558341;0.9515344676255864;0.0006736930313780039;27.76133680343628
0.6;0.9;2;281;2;2;0.005404805779098146;0.00540480577909806;0.07203281541938195;0.002733766627600258;2.875812685189801e-05;0.9290516950343072;0.9290478267174166;0.9661320846843028;0.9430863964373525;0.9430640679865541;0.9699414193417147;0.26532973389895875;0.9358706395296544;0.0011710647279222167;42.94160032272339
0.6;0.9;3;205;2;2;0.0054169310348879075;0.005416931034887882;0.0720539070527664;0.002756245748500636;3.202924050752966e-05;0.9951697068489798;0.9951694434872034;0.9984890838016055;0.9938618964215906;0.9938594862937913;0.9978377188595374;0.2608528620822128;0.9233467233507311;0.0016754744997313775;35.4846305847168
0.6;0.9;4;174;2;2;0.005393722553145111;0.005393722553145037;0.07208241698724123;0.0027852840834943385;2.8194942034571963e-05;0.8794173910850897;0.8794108166658795;0.9354771621027294;0.9097731015723928;0.9097377246289664;0.9466462065876763;0.2694680030840401;0.9473687606548512;0.0007937143248977728;27.01613998413086
0.6;0.9;5;175;2;2;0.0053901893783338236;0.005390189378333802;0.0719135601185796;0.00260361703887113;2.7127327298794258e-05;0.8645473942528321;0.8645400091037821;0.925562545534765;0.8987236988194924;0.8986839970958482;0.9382454929622621;0.2709739633558341;0.9515344676255864;0.0006736930313780039;24.54022479057312
0.6;0.9;6;177;2;2;0.0053901893783338236;0.005390189378333802;0.0719135601185796;0.002603617038871144;2.7127327298794258e-05;0.8645473942528321;0.8645400091037821;0.925562545534765;0.8987236988194924;0.8986839970958482;0.9382454929622621;0.2709739633558341;0.9515344676255864;0.0006736930313780039;29.61373209953308
0.6;0.9;7;161;2;2;0.003863192199695288;0.0038631921996953667;0.08581903024860743;0.01771935289605314;0.0003889494568739989;0.004285500205433383;0.004231122731929283;0.0057387856171335315;0.0036372106103822084;0.003246095287769915;0.005472042914700561;0.23285041019375108;0.8429469393621701;0.008187790965605304;29.91683864593506
0.6;0.9;8;278;2;2;0.0054185673907864605;0.005418567390786351;0.07205559863253942;0.002758156577605394;3.2289895647640446e-05;1.0;1.0;1.0;1.0;1.0;1.0;0.2606607760276604;0.922807378170689;0.0016987224353218582;46.394203186035156
0.6;0.9;9;186;2;2;0.0053894044476379835;0.005389404447637953;0.07190061244267316;0.002589798869516692;2.6519368903079655e-05;0.861948586270057;0.8619410594219339;0.9238183899303868;0.8960316770545037;0.8959909218750245;0.9361511690481739;0.27058823529411763;0.9504684279557803;0.0007032818806346954;30.684453010559082
0.6;1.0;0;139;2;2;0.005278839585393647;0.00527883958539306;0.07211700898470506;0.0028231536599031552;2.827706377511213e-05;0.8376085671837669;0.8375997132011317;0.9058917598842864;0.8815097588029417;0.8814632856506539;0.9340583800475195;0.28632148377125194;0.9933927619904855;1.2615510310896296e-05;28.217989444732666
0.6;1.0;1;190;2;2;0.005277111542202348;0.005277111542202151;0.07204375903241016;0.002744901564467128;2.747817656422434e-05;0.8297013860273442;0.829692100884761;0.9001464405137567;0.8907254113829454;0.8906825799556862;0.9319695457906109;0.2859899652643767;0.9924862438806843;1.6315090531016313e-05;28.729639530181885
0.6;1.0;2;171;2;2;0.005278641838649526;0.005278641838649453;0.07197594295758952;0.0026722788049534465;2.7806337497715563e-05;0.8318155272721185;0.8318063573760303;0.9015810570501287;0.9041900771444015;0.9041525148032918;0.9424411659462228;0.285824493731919;0.9920329848257837;1.834308192461909e-05;29.382224082946777
0.6;1.0;3;203;2;2;0.005264852593792966;0.005264852593793085;0.07212404299448544;0.0028317122578577366;2.950287351468658e-05;0.8479832022155264;0.8479749138057712;0.9128102666550939;0.9041900771444015;0.9041525148032918;0.9424411659462228;0.2856592135697764;0.9915797257708832;2.048988682404611e-05;32.2068657875061
0.6;1.0;4;162;2;2;0.005386317510380612;0.005386317510380441;0.07234326143259875;0.0030663025317458127;2.9739146038525132e-05;0.8168522187857719;0.8168422331156757;0.8909919422578393;0.8547478667534689;0.8546909258898545;0.9132672454982677;0.28632148377125194;0.9933927619904855;1.2615510310896296e-05;28.019018173217773
0.6;1.0;5;187;2;2;0.005384564867520496;0.005384564867520928;0.0720695811114438;0.002772410062510897;2.911238597391154e-05;0.838936411045346;0.8389276294413671;0.9067551340479726;0.8987236988194924;0.8986839970958482;0.9382454929622621;0.2861556284997104;0.9929395029355849;1.4405903011092437e-05;26.811623334884644
0.6;1.0;6;314;2;2;0.005264852593792966;0.005264852593793085;0.07212404299448544;0.0028317122578577366;2.950287351468658e-05;0.8479832022155264;0.8479749138057712;0.9128102666550939;0.9041900771444015;0.9041525148032918;0.9424411659462228;0.2856592135697764;0.9915797257708832;2.048988682404611e-05;37.115012884140015
0.6;1.0;7;197;2;2;0.005264852593792966;0.005264852593793085;0.07212404299448544;0.0028317122578577366;2.950287351468658e-05;0.8479832022155264;0.8479749138057712;0.9128102666550939;0.9041900771444015;0.9041525148032918;0.9424411659462228;0.2856592135697764;0.9915797257708832;2.048988682404611e-05;26.87918472290039
0.6;1.0;8;142;2;2;0.005384564867520496;0.005384564867520928;0.0720695811114438;0.002772410062510897;2.911238597391154e-05;0.838936411045346;0.8389276294413671;0.9067551340479726;0.8987236988194924;0.8986839970958482;0.9382454929622621;0.2861556284997104;0.9929395029355849;1.4405903011092437e-05;17.01256251335144
0.6;1.0;9;276;2;2;0.005384564867520496;0.005384564867520928;0.0720695811114438;0.002772410062510897;2.911238597391154e-05;0.838936411045346;0.8389276294413671;0.9067551340479726;0.8987236988194924;0.8986839970958482;0.9382454929622621;0.2861556284997104;0.9929395029355849;1.4405903011092437e-05;38.46792554855347
0.7;0.0;0;207;2;2;0.0053901893783338236;0.005390189378333802;0.0719135601185796;0.00260361703887113;2.7127327298794258e-05;0.8645473942528321;0.8645400091037821;0.925562545534765;0.8987236988194924;0.8986839970958482;0.9382454929622621;0.2709739633558341;0.9515344676255864;0.0006736930313780039;25.982379913330078
0.7;0.0;1;162;2;2;0.005414217881979715;0.005414217881979665;0.07212250762761967;0.0028305531175324603;3.372640183852837e-05;0.9816182109760813;0.981617208741427;0.9930592429923337;0.9841727057431566;0.9841664920110842;0.9935201916255721;0.2604266769171632;0.9221498451744892;0.0017254387416342672;28.677872896194458
0.7;0.0;2;158;2;2;0.005414217881979715;0.005414217881979665;0.07212250762761967;0.0028305531175324603;3.372640183852837e-05;0.9816182109760813;0.981617208741427;0.9930592429923337;0.9841727057431566;0.9841664920110842;0.9935201916255721;0.2604266769171632;0.9221498451744892;0.0017254387416342672;26.151580095291138
0.7;0.0;3;176;2;2;0.0053894044476379835;0.005389404447637953;0.07190061244267316;0.002589798869516692;2.6519368903079655e-05;0.8619485862700572;0.861941059421934;0.9238183899303868;0.8960316770545037;0.8959909218750245;0.9361511690481739;0.27058823529411763;0.9504684279557803;0.0007032818806346954;27.182854175567627
0.7;0.0;4;132;2;2;0.0054169310348879075;0.005416931034887882;0.0720539070527664;0.002756245748500636;3.202924050752966e-05;0.9951697068489798;0.9951694434872034;0.9984890838016055;0.9938618964215906;0.9938594862937913;0.9978377188595374;0.2608528620822128;0.9233467233507311;0.0016754744997313775;26.162760496139526
0.7;0.0;5;127;2;2;0.005410717058378428;0.005410717058378474;0.07203945649794626;0.002740716047314987;3.294302045652173e-05;0.9575877995883293;0.9575854871505355;0.9816448582086421;0.9677285318172496;0.967715865538687;0.9849132738830172;0.2642526964560863;0.9328657617357902;0.0012843522082452916;25.204410314559937
0.7;0.0;6;151;2;2;0.0053901893783338236;0.005390189378333802;0.0719135601185796;0.00260361703887113;2.7127327298794258e-05;0.8645473942528321;0.8645400091037821;0.925562545534765;0.8987236988194924;0.8986839970958482;0.9382454929622621;0.2709739633558341;0.9515344676255864;0.0006736930313780039;18.92504072189331
0.7;0.0;7;152;2;2;0.005391095737910148;0.00539109573791024;0.07199248899583344;0.0026886402456725443;2.7738033106030552e-05;0.8627853502905343;0.8627778690572363;0.9243995923808597;0.9014428405773645;0.9014042030043828;0.9403421585558512;0.2714285714285714;0.9527900411163953;0.0006384634932459533;28.29787039756775
0.7;0.0;8;150;2;2;0.0053894044476379835;0.005389404447637953;0.07190061244267316;0.002589798869516692;2.6519368903079655e-05;0.861948586270057;0.8619410594219339;0.9238183899303868;0.8960316770545037;0.8959909218750245;0.9361511690481739;0.27058823529411763;0.9504684279557803;0.0007032818806346954;28.658161640167236
0.7;0.0;9;229;2;2;0.005415290562426562;0.005415290562426657;0.07207865340611853;0.0027828401234416844;3.207492950497926e-05;0.9843726398748127;0.9843717878252181;0.9942645950065601;0.9888118210939334;0.9888074283582898;0.9956777827760513;0.2608528620822128;0.9233467233507311;0.0016754744997313775;34.46762490272522
0.7;0.1;0;157;2;2;0.005391095737910148;0.00539109573791024;0.07199248899583344;0.0026886402456725443;2.7738033106030552e-05;0.8627853502905343;0.8627778690572363;0.9243995923808597;0.9014428405773646;0.901404203004383;0.9403421585558512;0.2714285714285714;0.9527900411163953;0.0006384634932459533;25.993358612060547
0.7;0.1;1;168;2;2;0.0053901893783338236;0.005390189378333802;0.0719135601185796;0.00260361703887113;2.7127327298794258e-05;0.8645473942528321;0.8645400091037821;0.925562545534765;0.8987236988194924;0.8986839970958482;0.9382454929622621;0.2709739633558341;0.9515344676255864;0.0006736930313780039;24.234435319900513
0.7;0.1;2;351;2;2;0.0053894044476379835;0.005389404447637953;0.07190061244267316;0.002589798869516692;2.6519368903079655e-05;0.8619485862700572;0.861941059421934;0.9238183899303868;0.8960316770545037;0.8959909218750245;0.9361511690481739;0.27058823529411763;0.9504684279557803;0.0007032818806346954;42.308634519577026
0.7;0.1;3;175;2;2;0.004306366241278169;0.004306366241278266;0.0910324224857793;0.023149916036234747;0.00045467234242673187;0.004014875812551699;0.003960572888793564;0.005487955782866418;0.0033460781153942065;0.0029546294996719825;0.005128454930493709;0.14782608695652175;0.5747892074198988;0.05626479207929523;29.367753267288208
0.7;0.1;4;165;2;2;0.0053894044476379835;0.005389404447637953;0.07190061244267316;0.002589798869516692;2.6519368903079655e-05;0.8619485862700572;0.861941059421934;0.9238183899303868;0.8960316770545037;0.8959909218750245;0.9361511690481739;0.27058823529411763;0.9504684279557803;0.0007032818806346954;28.92453956604004
0.7;0.1;5;140;2;2;0.004286891387053851;0.004286891387053889;0.08979003936345957;0.021814877898363696;0.0004440516917019169;0.03470357470958755;0.03465094492540648;0.0476567268752798;0.030958677083291454;0.030577929833506323;0.044775554598790686;0.1455366446682876;0.5670181836403482;0.058475843877574527;28.2500479221344
0.7;0.1;6;205;2;2;0.0053901893783338236;0.005390189378333802;0.0719135601185796;0.00260361703887113;2.7127327298794258e-05;0.8645473942528321;0.8645400091037821;0.925562545534765;0.8987236988194924;0.8986839970958482;0.9382454929622621;0.2709739633558341;0.9515344676255864;0.0006736930313780039;26.386316061019897
0.7;0.1;7;136;2;2;0.005404805779098146;0.00540480577909806;0.07203281541938195;0.002733766627600258;2.875812685189801e-05;0.9290516950343072;0.9290478267174166;0.9661320846843028;0.9430863964373525;0.9430640679865541;0.9699414193417147;0.26532973389895875;0.9358706395296544;0.0011710647279222167;24.02740240097046
0.7;0.1;8;155;2;2;0.0053894044476379835;0.005389404447637953;0.07190061244267316;0.002589798869516692;2.6519368903079655e-05;0.861948586270057;0.8619410594219339;0.9238183899303868;0.8960316770545037;0.8959909218750245;0.9361511690481739;0.27058823529411763;0.9504684279557803;0.0007032818806346954;28.509384632110596
0.7;0.1;9;137;2;2;0.005396869452566744;0.005396869452566837;0.07212856325153717;0.002835165825513831;2.7284888412756547e-05;0.8962692879951422;0.8962636323616565;0.946326609525069;0.9213282983725248;0.9212974457905684;0.9550843946198231;0.26655119322555815;0.9392722623998311;0.0010556235322867862;28.494812965393066
0.7;0.2;0;197;2;2;0.00540301659099234;0.005403016590992381;0.0720316139608643;0.0027320195824967358;2.9098344113325557e-05;0.9183747155737569;0.9183702651346217;0.9599023309331713;0.9398351637143656;0.939811561110923;0.9678119578079544;0.2653179190751445;0.9358377045429508;0.0011739384478511288;29.403019428253174
0.7;0.2;1;177;2;2;0.005391095737910148;0.00539109573791024;0.07199248899583342;0.0026886402456725586;2.7738033106030552e-05;0.8627853502905345;0.8627778690572365;0.9243995923808597;0.9014428405773645;0.9014042030043828;0.9403421585558512;0.2714285714285714;0.9527900411163953;0.0006384634932459533;29.578335523605347
0.7;0.2;2;167;2;2;0.0053901893783338236;0.005390189378333802;0.0719135601185796;0.00260361703887113;2.7127327298794258e-05;0.8645473942528321;0.8645400091037821;0.925562545534765;0.8987236988194924;0.8986839970958482;0.9382454929622621;0.2709739633558341;0.9515344676255864;0.0006736930313780039;27.936631202697754
0.7;0.2;3;178;2;2;0.0053894044476379835;0.005389404447637953;0.07190061244267316;0.002589798869516692;2.6519368903079655e-05;0.8619485862700572;0.861941059421934;0.9238183899303868;0.8960316770545037;0.8959909218750245;0.9361511690481739;0.27058823529411763;0.9504684279557803;0.0007032818806346954;26.764456272125244
0.7;0.2;4;149;2;2;0.005414217881979715;0.005414217881979665;0.07212250762761967;0.0028305531175324603;3.372640183852837e-05;0.9816182109760813;0.981617208741427;0.9930592429923337;0.9841727057431566;0.9841664920110842;0.9935201916255721;0.2604266769171632;0.9221498451744892;0.0017254387416342672;28.08435034751892
0.7;0.2;5;164;2;2;0.0053894044476379835;0.005389404447637953;0.07190061244267316;0.002589798869516692;2.6519368903079655e-05;0.8619485862700572;0.861941059421934;0.9238183899303868;0.8960316770545037;0.8959909218750245;0.9361511690481739;0.27058823529411763;0.9504684279557803;0.0007032818806346954;26.41367769241333
0.7;0.2;6;152;2;2;0.005414217881979715;0.005414217881979665;0.07212250762761967;0.0028305531175324746;3.372640183852837e-05;0.9816182109760812;0.9816172087414269;0.9930592429923337;0.9841727057431566;0.9841664920110842;0.9935201916255721;0.2604266769171632;0.9221498451744892;0.0017254387416342672;28.399549961090088
0.7;0.2;7;165;2;2;0.004308894378314398;0.004308894378314331;0.09120965101174865;0.023340241066860692;0.00046186810182748003;0.004729157552638666;0.00467489364528441;0.006475236911113883;0.0038958047441840977;0.003504543151054595;0.005974787387925608;0.1474726420010422;0.5735915379702341;0.05668542779766464;29.527518272399902
0.7;0.2;8;153;2;2;0.0053901893783338236;0.005390189378333802;0.0719135601185796;0.002603617038871144;2.7127327298794258e-05;0.8645473942528321;0.8645400091037821;0.925562545534765;0.8987236988194924;0.8986839970958482;0.9382454929622621;0.2709739633558341;0.9515344676255864;0.0006736930313780039;27.19827890396118
0.7;0.2;9;180;2;2;0.0053901893783338236;0.005390189378333802;0.0719135601185796;0.002603617038871144;2.7127327298794258e-05;0.8645473942528321;0.8645400091037821;0.925562545534765;0.8987236988194924;0.8986839970958482;0.9382454929622621;0.2709739633558341;0.9515344676255864;0.0006736930313780039;27.586010694503784
0.7;0.3;0;132;2;2;0.0054030323110680145;0.005403032311068154;0.07201749846676762;0.0027161398587166926;2.8972835932310836e-05;0.87312510155998;0.8731181840313345;0.9313882765612165;0.887206404980942;0.887162161218333;0.9382447114726197;0.2694980694980695;0.9474520254551273;0.000788925078103804;27.635474681854248
0.7;0.3;1;144;2;2;0.005411877713202934;0.005411877713202915;0.0721005269833517;0.0028065347787568063;3.2321851327322925e-05;0.9735425070584458;0.9735410645156412;0.9894475730346293;0.9756271121242559;0.9756175447156714;0.9892120436289973;0.2626515297286896;0.9283891155217864;0.001460953502906039;27.959892511367798
0.7;0.3;2;156;2;2;0.0053894044476379835;0.005389404447637953;0.07190061244267316;0.002589798869516692;2.6519368903079655e-05;0.8619485862700572;0.861941059421934;0.9238183899303868;0.8960316770545037;0.8959909218750245;0.9361511690481739;0.27058823529411763;0.9504684279557803;0.0007032818806346954;28.37923240661621
0.7;0.3;3;201;2;2;0.0053901893783338236;0.005390189378333802;0.0719135601185796;0.002603617038871144;2.7127327298794258e-05;0.8645473942528321;0.8645400091037821;0.925562545534765;0.8987236988194924;0.8986839970958482;0.9382454929622621;0.2709739633558341;0.9515344676255864;0.0006736930313780039;33.44756841659546
0.7;0.3;4;170;2;2;0.005391095737910148;0.00539109573791024;0.07199248899583342;0.0026886402456725586;2.7738033106030552e-05;0.8627853502905345;0.8627778690572365;0.9243995923808597;0.9014428405773646;0.901404203004383;0.9403421585558512;0.2714285714285714;0.9527900411163953;0.0006384634932459533;28.98083806037903
0.7;0.3;5;195;2;2;0.0053901893783338236;0.005390189378333802;0.0719135601185796;0.00260361703887113;2.7127327298794258e-05;0.8645473942528321;0.8645400091037821;0.925562545534765;0.8987236988194924;0.8986839970958482;0.9382454929622621;0.2709739633558341;0.9515344676255864;0.0006736930313780039;27.788290977478027
0.7;0.3;6;139;2;2;0.005391095737910148;0.00539109573791024;0.07199248899583344;0.0026886402456725443;2.7738033106030552e-05;0.8627853502905343;0.8627778690572363;0.9243995923808597;0.9014428405773645;0.9014042030043828;0.9403421585558512;0.2714285714285714;0.9527900411163953;0.0006384634932459533;27.807880640029907
0.7;0.3;7;176;2;2;0.0053901893783338236;0.005390189378333802;0.0719135601185796;0.002603617038871144;2.7127327298794258e-05;0.8645473942528321;0.8645400091037821;0.925562545534765;0.8987236988194924;0.8986839970958482;0.9382454929622621;0.2709739633558341;0.9515344676255864;0.0006736930313780039;29.13305377960205
0.7;0.3;8;228;2;2;0.0053901893783338236;0.005390189378333802;0.0719135601185796;0.002603617038871144;2.7127327298794258e-05;0.8645473942528321;0.8645400091037821;0.925562545534765;0.8987236988194924;0.8986839970958482;0.9382454929622621;0.2709739633558341;0.9515344676255864;0.0006736930313780039;34.10514211654663
0.7;0.3;9;158;2;2;0.005391095737910148;0.00539109573791024;0.07199248899583342;0.0026886402456725586;2.7738033106030552e-05;0.8627853502905345;0.8627778690572365;0.9243995923808597;0.9014428405773646;0.901404203004383;0.9403421585558512;0.2714285714285714;0.9527900411163953;0.0006384634932459533;25.373631954193115
0.7;0.4;0;213;2;2;0.005415290562426562;0.005415290562426657;0.07207865340611853;0.0027828401234416844;3.207492950497926e-05;0.9843726398748125;0.9843717878252178;0.9942645950065601;0.9888118210939334;0.9888074283582898;0.9956777827760513;0.2608528620822128;0.9233467233507311;0.0016754744997313775;29.03894877433777
0.7;0.4;1;151;2;2;0.005391095737910148;0.00539109573791024;0.07199248899583342;0.0026886402456725586;2.7738033106030552e-05;0.8627853502905345;0.8627778690572365;0.9243995923808597;0.9014428405773646;0.901404203004383;0.9403421585558512;0.2714285714285714;0.9527900411163953;0.0006384634932459533;25.55881404876709
0.7;0.4;2;176;2;2;0.005393722553145111;0.005393722553145037;0.07208241698724123;0.0027852840834943667;2.8194942034571963e-05;0.8794173910850897;0.8794108166658795;0.9354771621027294;0.9097731015723928;0.9097377246289664;0.9466462065876763;0.2694680030840401;0.9473687606548512;0.0007937143248977728;29.702601671218872
0.7;0.4;3;251;2;2;0.005414217881979715;0.005414217881979665;0.07212250762761967;0.0028305531175324603;3.372640183852837e-05;0.9816182109760813;0.981617208741427;0.9930592429923337;0.9841727057431566;0.9841664920110842;0.9935201916255721;0.2604266769171632;0.9221498451744892;0.0017254387416342672;39.65552568435669
0.7;0.4;4;138;2;2;0.0054169310348879075;0.005416931034887882;0.0720539070527664;0.002756245748500636;3.202924050752966e-05;0.9951697068489798;0.9951694434872034;0.9984890838016055;0.9938618964215906;0.9938594862937913;0.9978377188595374;0.2608528620822128;0.9233467233507311;0.0016754744997313775;28.35300636291504
0.7;0.4;5;182;2;2;0.0053901893783338236;0.005390189378333802;0.0719135601185796;0.00260361703887113;2.7127327298794258e-05;0.8645473942528321;0.8645400091037821;0.925562545534765;0.8987236988194924;0.8986839970958482;0.9382454929622621;0.2709739633558341;0.9515344676255864;0.0006736930313780039;29.436349868774414
0.7;0.4;6;187;2;2;0.0054185673907864605;0.005418567390786351;0.07205559863253944;0.002758156577605422;3.2289895647640446e-05;1.0;1.0;1.0;1.0;1.0;1.0;0.2606607760276604;0.922807378170689;0.0016987224353218582;30.870973348617554
0.7;0.4;7;205;2;2;0.0053901893783338236;0.005390189378333802;0.0719135601185796;0.002603617038871144;2.7127327298794258e-05;0.8645473942528321;0.8645400091037821;0.925562545534765;0.8987236988194924;0.8986839970958482;0.9382454929622621;0.2709739633558341;0.9515344676255864;0.0006736930313780039;29.296477794647217
0.7;0.4;8;230;2;2;0.0054169310348879075;0.005416931034887882;0.0720539070527664;0.002756245748500636;3.202924050752966e-05;0.9951697068489798;0.9951694434872034;0.9984890838016055;0.9938618964215906;0.9938594862937913;0.9978377188595374;0.2608528620822128;0.9233467233507311;0.0016754744997313775;38.73582339286804
0.7;0.4;9;157;2;2;0.0053894044476379835;0.005389404447637953;0.07190061244267316;0.002589798869516692;2.6519368903079655e-05;0.8619485862700572;0.861941059421934;0.9238183899303868;0.8960316770545037;0.8959909218750245;0.9361511690481739;0.27058823529411763;0.9504684279557803;0.0007032818806346954;28.766263484954834
0.7;0.5;0;190;2;2;0.004308410501322689;0.004308410501322568;0.09131756666293366;0.023456198804186163;0.00046104838858832876;0.005034737716809856;0.0049804904791631455;0.006897763456577436;0.004131307298786609;0.0037401382091373043;0.00633029758161275;0.14684950529421975;0.5714782037856012;0.05731098681849377;30.091132164001465
0.7;0.5;1;159;2;2;0.005391095737910148;0.00539109573791024;0.07199248899583344;0.0026886402456725443;2.7738033106030552e-05;0.8627853502905343;0.8627778690572363;0.9243995923808597;0.9014428405773646;0.901404203004383;0.9403421585558512;0.2714285714285714;0.9527900411163953;0.0006384634932459533;26.47237491607666
0.7;0.5;2;199;2;2;0.0053901893783338236;0.005390189378333802;0.0719135601185796;0.00260361703887113;2.7127327298794258e-05;0.8645473942528321;0.8645400091037821;0.925562545534765;0.8987236988194924;0.8986839970958482;0.9382454929622621;0.2709739633558341;0.9515344676255864;0.0006736930313780039;30.53328776359558
0.7;0.5;3;148;2;2;0.005408338093028784;0.0054083380930285575;0.0720663265183495;0.0027702799642507553;3.0467532460819425e-05;0.9423615702392607;0.9423584276023912;0.9735747290393721;0.9567014768705318;0.9566844858029486;0.9784827013350585;0.2653415669625627;0.9359036247451007;0.0011681980527572869;28.780051708221436
0.7;0.5;4;213;2;2;0.0053901893783338236;0.005390189378333802;0.0719135601185796;0.00260361703887113;2.7127327298794258e-05;0.8645473942528321;0.8645400091037821;0.925562545534765;0.8987236988194924;0.8986839970958482;0.9382454929622621;0.2709739633558341;0.9515344676255864;0.0006736930313780039;30.816296100616455
0.7;0.5;5;175;2;2;0.005414217881979715;0.005414217881979665;0.07212250762761967;0.0028305531175324746;3.372640183852837e-05;0.9816182109760812;0.9816172087414269;0.9930592429923337;0.9841727057431566;0.9841664920110842;0.9935201916255721;0.2604266769171632;0.9221498451744892;0.0017254387416342672;29.525142669677734
0.7;0.5;6;169;2;2;0.004309795871783277;0.004309795871783495;0.09117096248716319;0.02329863061842637;0.0004625129900018456;0.004554245170123542;0.004499971743239766;0.006232859810173992;0.0037714282150456183;0.0033800885342479808;0.005799011583352354;0.14782004516241098;0.5747687406342764;0.05637097116404434;27.881215572357178
0.7;0.5;7;169;2;2;0.005391095737910148;0.00539109573791024;0.07199248899583342;0.0026886402456725586;2.7738033106030552e-05;0.8627853502905345;0.8627778690572365;0.9243995923808597;0.9014428405773646;0.901404203004383;0.9403421585558512;0.2714285714285714;0.9527900411163953;0.0006384634932459533;29.153236150741577
0.7;0.5;8;160;2;2;0.0053901893783338236;0.005390189378333802;0.0719135601185796;0.002603617038871144;2.7127327298794258e-05;0.8645473942528321;0.8645400091037821;0.925562545534765;0.8987236988194924;0.8986839970958482;0.9382454929622621;0.2709739633558341;0.9515344676255864;0.0006736930313780039;26.133253812789917
0.7;0.5;9;147;2;2;0.005414217881979715;0.005414217881979665;0.07212250762761967;0.0028305531175324746;3.372640183852837e-05;0.9816182109760812;0.9816172087414269;0.9930592429923337;0.9841727057431566;0.9841664920110842;0.9935201916255721;0.2604266769171632;0.9221498451744892;0.0017254387416342672;28.249833583831787
0.7;0.6;0;140;2;2;0.005414217881979715;0.005414217881979665;0.07212250762761967;0.0028305531175324746;3.372640183852837e-05;0.9816182109760812;0.9816172087414269;0.9930592429923337;0.9841727057431566;0.9841664920110842;0.9935201916255721;0.2604266769171632;0.9221498451744892;0.0017254387416342672;27.877681970596313
0.7;0.6;1;138;2;2;0.005404805779098146;0.00540480577909806;0.07203281541938195;0.002733766627600258;2.875812685189801e-05;0.9290516950343072;0.9290478267174166;0.9661320846843028;0.9430863964373525;0.9430640679865541;0.9699414193417147;0.26532973389895875;0.9358706395296544;0.0011710647279222167;27.785284996032715
0.7;0.6;2;169;2;2;0.0053894044476379835;0.005389404447637953;0.07190061244267316;0.002589798869516692;2.6519368903079655e-05;0.8619485862700572;0.861941059421934;0.9238183899303868;0.8960316770545037;0.8959909218750245;0.9361511690481739;0.27058823529411763;0.9504684279557803;0.0007032818806346954;28.69550371170044
0.7;0.6;3;190;2;2;0.004291104878265232;0.004291104878265224;0.09025537867386413;0.022314934719131062;0.0004294358841177371;0.01802461584223265;0.01797107670736632;0.024799310646376756;0.016825085943891475;0.016439014911894454;0.02467296774080829;0.15468940316686966;0.5979006126326125;0.05027082025937983;26.154207706451416
0.7;0.6;4;174;2;2;0.0053901893783338236;0.005390189378333802;0.0719135601185796;0.002603617038871144;2.7127327298794258e-05;0.8645473942528321;0.8645400091037821;0.925562545534765;0.8987236988194924;0.8986839970958482;0.9382454929622621;0.2709739633558341;0.9515344676255864;0.0006736930313780039;22.669596910476685
0.7;0.6;5;198;2;2;0.0042952066938321725;0.004295206693832514;0.09094551173436244;0.0230568839831639;0.0004555273577837946;0.014570435008586348;0.01451670740271544;0.020045201705278095;0.013147291693246167;0.01275972091423062;0.019468428000285996;0.15450121654501217;0.5972705803748332;0.05052126618848238;31.93493151664734
0.7;0.6;6;158;2;2;0.0053901893783338236;0.005390189378333802;0.0719135601185796;0.002603617038871144;2.7127327298794258e-05;0.8645473942528321;0.8645400091037821;0.925562545534765;0.8987236988194924;0.8986839970958482;0.9382454929622621;0.2709739633558341;0.9515344676255864;0.0006736930313780039;28.501478672027588
0.7;0.6;7;171;2;2;0.005414217881979715;0.005414217881979665;0.07212250762761967;0.0028305531175324746;3.372640183852837e-05;0.9816182109760812;0.9816172087414269;0.9930592429923337;0.9841727057431566;0.9841664920110842;0.9935201916255721;0.2604266769171632;0.9221498451744892;0.0017254387416342672;28.967947483062744
0.7;0.6;8;244;2;2;0.0053894044476379835;0.005389404447637953;0.07190061244267316;0.002589798869516692;2.6519368903079655e-05;0.861948586270057;0.8619410594219339;0.9238183899303868;0.8960316770545037;0.8959909218750245;0.9361511690481739;0.27058823529411763;0.9504684279557803;0.0007032818806346954;35.62802457809448
0.7;0.6;9;157;2;2;0.005415290562426562;0.005415290562426657;0.07207865340611853;0.0027828401234416844;3.207492950497926e-05;0.9843726398748125;0.9843717878252178;0.9942645950065601;0.9888118210939335;0.9888074283582899;0.9956777827760513;0.2608528620822128;0.9233467233507311;0.0016754744997313775;24.628525257110596
0.7;0.7;0;152;2;2;0.0053894044476379835;0.005389404447637953;0.07190061244267316;0.002589798869516692;2.6519368903079655e-05;0.8619485862700572;0.861941059421934;0.9238183899303868;0.8960316770545037;0.8959909218750245;0.9361511690481739;0.27058823529411763;0.9504684279557803;0.0007032818806346954;28.481183290481567
0.7;0.7;1;212;2;2;0.0053901893783338236;0.005390189378333802;0.0719135601185796;0.00260361703887113;2.7127327298794258e-05;0.8645473942528321;0.8645400091037821;0.925562545534765;0.8987236988194924;0.8986839970958482;0.9382454929622621;0.2709739633558341;0.9515344676255864;0.0006736930313780039;34.04144835472107
0.7;0.7;2;189;2;2;0.005414217881979715;0.005414217881979665;0.07212250762761967;0.0028305531175324603;3.372640183852837e-05;0.9816182109760813;0.981617208741427;0.9930592429923337;0.9841727057431566;0.9841664920110842;0.9935201916255721;0.2604266769171632;0.9221498451744892;0.0017254387416342672;29.040527820587158
0.7;0.7;3;244;2;2;0.004242173299964351;0.0042421732999643165;0.0891085490606099;0.021105991222513987;0.00041900205016452474;0.018186607703550888;0.018133065332400337;0.024942550062365215;0.017242110131508896;0.016856090858141836;0.02535944847528766;0.1804733727810651;0.682323853478553;0.03167782539027572;39.31742286682129
0.7;0.7;4;190;2;2;0.0053901893783338236;0.005390189378333802;0.0719135601185796;0.002603617038871144;2.7127327298794258e-05;0.8645473942528321;0.8645400091037821;0.925562545534765;0.8987236988194924;0.8986839970958482;0.9382454929622621;0.2709739633558341;0.9515344676255864;0.0006736930313780039;27.142555952072144
0.7;0.7;5;188;2;2;0.0042721530529554195;0.004272153052955685;0.08971004890474188;0.0217523960088298;0.00043635402751092785;0.004883765047947051;0.004829497217412452;0.006647625720813655;0.004169905130785264;0.0037788646893304;0.006336235752664028;0.1804733727810651;0.682323853478553;0.03167782539027572;31.538275957107544
0.7;0.7;6;157;2;2;0.0053901893783338236;0.005390189378333802;0.0719135601185796;0.002603617038871144;2.7127327298794258e-05;0.8645473942528321;0.8645400091037821;0.925562545534765;0.8987236988194924;0.8986839970958482;0.9382454929622621;0.2709739633558341;0.9515344676255864;0.0006736930313780039;28.96017098426819
0.7;0.7;7;150;2;2;0.0053894044476379835;0.005389404447637953;0.07190061244267316;0.002589798869516692;2.6519368903079655e-05;0.8619485862700572;0.861941059421934;0.9238183899303868;0.8960316770545037;0.8959909218750245;0.9361511690481739;0.27058823529411763;0.9504684279557803;0.0007032818806346954;26.683409214019775
0.7;0.7;8;205;2;2;0.004272069615115158;0.004272069615115158;0.08977889194327303;0.02182637852112002;0.0004438884387271292;0.0051757078325073026;0.0051214559228279785;0.007050049361519066;0.004300579729891695;0.003909618120675415;0.006518938696756664;0.1804733727810651;0.682323853478553;0.03167782539027572;33.27900505065918
0.7;0.7;9;151;2;2;0.005414217881979715;0.005414217881979665;0.07212250762761967;0.0028305531175324603;3.372640183852837e-05;0.9816182109760813;0.981617208741427;0.9930592429923337;0.9841727057431566;0.9841664920110842;0.9935201916255721;0.2604266769171632;0.9221498451744892;0.0017254387416342672;28.434747219085693
0.7;0.8;0;157;2;2;0.0053901893783338236;0.005390189378333802;0.0719135601185796;0.00260361703887113;2.7127327298794258e-05;0.8645473942528321;0.8645400091037821;0.925562545534765;0.8987236988194924;0.8986839970958482;0.9382454929622621;0.2709739633558341;0.9515344676255864;0.0006736930313780039;28.789681673049927
0.7;0.8;1;148;2;2;0.005396869452566744;0.005396869452566837;0.07212856325153717;0.002835165825513831;2.7284888412756547e-05;0.8962692879951422;0.8962636323616565;0.946326609525069;0.9213282983725247;0.9212974457905683;0.9550843946198231;0.26655119322555815;0.9392722623998311;0.0010556235322867862;28.58089327812195
0.7;0.8;2;306;2;2;0.0053894044476379835;0.005389404447637953;0.07190061244267316;0.002589798869516692;2.6519368903079655e-05;0.8619485862700572;0.861941059421934;0.9238183899303868;0.8960316770545037;0.8959909218750245;0.9361511690481739;0.27058823529411763;0.9504684279557803;0.0007032818806346954;45.091201066970825
0.7;0.8;3;153;2;2;0.005392866065809665;0.005392866065809321;0.07202226278564808;0.0027207480072852473;2.8772911021898753e-05;0.881187087740738;0.8811806098024093;0.9366470599029705;0.9069664551994954;0.9069299795861538;0.9445425152509057;0.2690824980724749;0.9463008079272353;0.0008258185566784506;27.07792830467224
0.7;0.8;4;188;2;2;0.004122690876626906;0.0041226908766269;0.08812960595813765;0.020111055984054667;0.00041535299283038476;0.004525209473268842;0.004470892420392178;0.006113406294570109;0.003685483151975102;0.0032941963974382153;0.005631638871712062;0.2067282551856371;0.7645818286869854;0.017777064055733878;32.025129556655884
0.7;0.8;5;137;2;2;0.005401731980708104;0.0054017319807079375;0.07193243620789964;0.0026248707234240755;2.7809490018579367e-05;0.9119855079760073;0.9119807092048524;0.9560559138440476;0.933487030406483;0.9334609404140802;0.9635600646518264;0.26666666666666666;0.9395935031507943;0.001042375303648235;28.32585883140564
0.7;0.8;6;129;2;2;0.005415290562426562;0.005415290562426657;0.07207865340611853;0.0027828401234416844;3.207492950497926e-05;0.9843726398748125;0.9843717878252178;0.9942645950065601;0.9888118210939335;0.9888074283582899;0.9956777827760513;0.2608528620822128;0.9233467233507311;0.0016754744997313775;27.510602712631226
0.7;0.8;7;153;2;2;0.0053894044476379835;0.005389404447637953;0.07190061244267316;0.002589798869516692;2.6519368903079655e-05;0.861948586270057;0.8619410594219339;0.9238183899303868;0.8960316770545037;0.8959909218750245;0.9361511690481739;0.27058823529411763;0.9504684279557803;0.0007032818806346954;28.268601417541504
0.7;0.8;8;208;2;2;0.0053894044476379835;0.005389404447637953;0.07190061244267316;0.002589798869516692;2.6519368903079655e-05;0.8619485862700572;0.861941059421934;0.9238183899303868;0.8960316770545037;0.8959909218750245;0.9361511690481739;0.27058823529411763;0.9504684279557803;0.0007032818806346954;32.435304164886475
0.7;0.8;9;146;2;2;0.005414217881979715;0.005414217881979665;0.07212250762761967;0.0028305531175324746;3.372640183852837e-05;0.9816182109760812;0.9816172087414269;0.9930592429923337;0.9841727057431566;0.9841664920110842;0.9935201916255721;0.2604266769171632;0.9221498451744892;0.0017254387416342672;24.383116245269775
0.7;0.9;0;181;2;2;0.0053894044476379835;0.005389404447637953;0.07190061244267316;0.002589798869516692;2.6519368903079655e-05;0.8619485862700572;0.861941059421934;0.9238183899303868;0.8960316770545037;0.8959909218750245;0.9361511690481739;0.27058823529411763;0.9504684279557803;0.0007032818806346954;31.63876461982727
0.7;0.9;1;186;2;2;0.0053894044476379835;0.005389404447637953;0.07190061244267316;0.002589798869516692;2.6519368903079655e-05;0.8619485862700572;0.861941059421934;0.9238183899303868;0.8960316770545037;0.8959909218750245;0.9361511690481739;0.27058823529411763;0.9504684279557803;0.0007032818806346954;32.24996733665466
0.7;0.9;2;161;2;2;0.0053901893783338236;0.005390189378333802;0.0719135601185796;0.002603617038871144;2.7127327298794258e-05;0.8645473942528321;0.8645400091037821;0.925562545534765;0.8987236988194924;0.8986839970958482;0.9382454929622621;0.2709739633558341;0.9515344676255864;0.0006736930313780039;28.799938440322876
0.7;0.9;3;174;2;2;0.0053901893783338236;0.005390189378333802;0.0719135601185796;0.002603617038871144;2.7127327298794258e-05;0.8645473942528321;0.8645400091037821;0.925562545534765;0.8987236988194924;0.8986839970958482;0.9382454929622621;0.2709739633558341;0.9515344676255864;0.0006736930313780039;29.304155349731445
0.7;0.9;4;192;2;2;0.0053901893783338236;0.005390189378333802;0.0719135601185796;0.002603617038871144;2.7127327298794258e-05;0.8645473942528321;0.8645400091037821;0.925562545534765;0.8987236988194924;0.8986839970958482;0.9382454929622621;0.2709739633558341;0.9515344676255864;0.0006736930313780039;30.415414333343506
0.7;0.9;5;231;2;2;0.0053894044476379835;0.005389404447637953;0.07190061244267316;0.002589798869516692;2.6519368903079655e-05;0.8619485862700572;0.861941059421934;0.9238183899303868;0.8960316770545037;0.8959909218750245;0.9361511690481739;0.27058823529411763;0.9504684279557803;0.0007032818806346954;32.7566864490509
0.7;0.9;6;402;2;2;0.005414217881979715;0.005414217881979665;0.07212250762761967;0.0028305531175324746;3.372640183852837e-05;0.9816182109760812;0.9816172087414269;0.9930592429923337;0.9841727057431566;0.9841664920110842;0.9935201916255721;0.2604266769171632;0.9221498451744892;0.0017254387416342672;57.31116509437561
0.7;0.9;7;169;2;2;0.0053901893783338236;0.005390189378333802;0.0719135601185796;0.002603617038871144;2.7127327298794258e-05;0.8645473942528321;0.8645400091037821;0.925562545534765;0.8987236988194924;0.8986839970958482;0.9382454929622621;0.2709739633558341;0.9515344676255864;0.0006736930313780039;29.29888939857483
0.7;0.9;8;501;2;2;0.005415290562426562;0.005415290562426657;0.07207865340611853;0.0027828401234416844;3.207492950497926e-05;0.9843726398748125;0.9843717878252178;0.9942645950065601;0.9888118210939334;0.9888074283582898;0.9956777827760513;0.2608528620822128;0.9233467233507311;0.0016754744997313775;73.69569611549377
0.7;0.9;9;187;2;2;0.0054169310348879075;0.005416931034887882;0.0720539070527664;0.002756245748500636;3.202924050752966e-05;0.9951697068489798;0.9951694434872034;0.9984890838016055;0.9938618964215906;0.9938594862937913;0.9978377188595374;0.2608528620822128;0.9233467233507311;0.0016754744997313775;33.86108922958374
0.7;1.0;0;132;2;2;0.005277731474635613;0.005277731474635569;0.07212275224314227;0.0028298780601971477;2.9430624612895857e-05;0.8390755327121537;0.8390667586665438;0.9067551340560459;0.8702306249998437;0.8701797195336418;0.927795962969723;0.2859347868030098;0.9923351575290508;1.6977886768037957e-05;28.13973903656006
0.7;1.0;1;272;2;2;0.00537904945590112;0.0053790494559009154;0.07218982232852994;0.0029021304171093455;2.862874330060436e-05;0.8214349817380924;0.8214252458651197;0.8941335240364152;0.8804018997316876;0.8803550296957426;0.9236343942965668;0.285824493731919;0.9920329848257837;1.834308192461909e-05;39.714388370513916
0.7;1.0;2;341;2;2;0.005385496751440173;0.005385496751439956;0.07212636391424163;0.0028335122549783096;2.9329396537995158e-05;0.8361088523375931;0.8360999165611621;0.9047412339858295;0.9014428405773645;0.9014042030043828;0.9403421585558512;0.2861003861003861;0.9927884165839514;1.5029098991454961e-05;47.3728244304657
0.7;1.0;3;244;2;2;0.005244079997176617;0.005244079997176638;0.07209649567836937;0.002801660683427099;2.920217752893728e-05;0.8778473957573256;0.8778407356605792;0.9328475648514272;0.9334870304064831;0.9334609404140803;0.9635600646518264;0.2859347868030098;0.9923351575290508;1.6977886768037957e-05;38.10906648635864
0.7;1.0;4;312;2;2;0.005244079997176617;0.005244079997176638;0.07209649567836937;0.002801660683427099;2.920217752893728e-05;0.8778473957573256;0.8778407356605792;0.9328475648514272;0.933487030406483;0.9334609404140802;0.9635600646518264;0.2859347868030098;0.9923351575290508;1.6977886768037957e-05;44.87157988548279
0.7;1.0;5;155;2;2;0.005385496751440173;0.005385496751439956;0.07212636391424163;0.0028335122549783096;2.9329396537995158e-05;0.8361088523375931;0.8360999165611621;0.9047412339858295;0.9014428405773645;0.9014042030043828;0.9403421585558512;0.2861003861003861;0.9927884165839514;1.5029098991454961e-05;28.06640362739563
0.7;1.0;6;173;2;2;0.005278641838649526;0.005278641838649453;0.07197594295758952;0.0026722788049534465;2.7806337497715563e-05;0.8318155272721185;0.8318063573760303;0.9015810570501287;0.9041900771444015;0.9041525148032918;0.9424411659462228;0.285824493731919;0.9920329848257837;1.834308192461909e-05;30.639177322387695
0.7;1.0;7;292;2;2;0.005386317510380612;0.005386317510380441;0.07234326143259875;0.0030663025317458127;2.9739146038525132e-05;0.8168522187857719;0.8168422331156757;0.8909919422578393;0.8547478667534689;0.8546909258898545;0.9132672454982677;0.28632148377125194;0.9933927619904855;1.2615510310896296e-05;43.146464824676514
0.7;1.0;8;219;2;2;0.005384564867520496;0.005384564867520928;0.0720695811114438;0.002772410062510897;2.911238597391154e-05;0.838936411045346;0.8389276294413671;0.9067551340479726;0.8987236988194924;0.8986839970958482;0.9382454929622621;0.2861556284997104;0.9929395029355849;1.4405903011092437e-05;30.97921061515808
0.7;1.0;9;147;2;2;0.00537904945590112;0.0053790494559009154;0.07218982232852994;0.0029021304171093455;2.862874330060436e-05;0.8214349817380924;0.8214252458651197;0.8941335240364152;0.8804018997316876;0.8803550296957426;0.9236343942965668;0.285824493731919;0.9920329848257837;1.834308192461909e-05;27.08882427215576
0.8;0.0;0;171;2;2;0.005393722553145111;0.005393722553145037;0.07208241698724123;0.0027852840834943667;2.8194942034571963e-05;0.8794173910850897;0.8794108166658795;0.9354771621027294;0.9097731015723928;0.9097377246289664;0.9466462065876763;0.2694680030840401;0.9473687606548512;0.0007937143248977728;22.46505069732666
0.8;0.0;1;248;2;2;0.0053901893783338236;0.005390189378333802;0.0719135601185796;0.00260361703887113;2.7127327298794258e-05;0.8645473942528321;0.8645400091037821;0.925562545534765;0.8987236988194924;0.8986839970958482;0.9382454929622621;0.2709739633558341;0.9515344676255864;0.0006736930313780039;33.44427800178528
0.8;0.0;2;201;2;2;0.0053901893783338236;0.005390189378333802;0.0719135601185796;0.00260361703887113;2.7127327298794258e-05;0.8645473942528321;0.8645400091037821;0.925562545534765;0.8987236988194924;0.8986839970958482;0.9382454929622621;0.2709739633558341;0.9515344676255864;0.0006736930313780039;31.737460136413574
0.8;0.0;3;156;2;2;0.0053901893783338236;0.005390189378333802;0.0719135601185796;0.00260361703887113;2.7127327298794258e-05;0.8645473942528321;0.8645400091037821;0.925562545534765;0.8987236988194924;0.8986839970958482;0.9382454929622621;0.2709739633558341;0.9515344676255864;0.0006736930313780039;21.005855560302734
0.8;0.0;4;156;2;2;0.005391095737910148;0.00539109573791024;0.07199248899583342;0.0026886402456725586;2.7738033106030552e-05;0.8627853502905345;0.8627778690572365;0.9243995923808597;0.9014428405773646;0.901404203004383;0.9403421585558512;0.2714285714285714;0.9527900411163953;0.0006384634932459533;19.493289470672607
0.8;0.0;5;153;2;2;0.0053894044476379835;0.005389404447637953;0.07190061244267316;0.002589798869516692;2.6519368903079655e-05;0.861948586270057;0.8619410594219339;0.9238183899303868;0.8960316770545037;0.8959909218750245;0.9361511690481739;0.27058823529411763;0.9504684279557803;0.0007032818806346954;23.041768550872803
0.8;0.0;6;186;2;2;0.005414217881979715;0.005414217881979665;0.07212250762761967;0.0028305531175324746;3.372640183852837e-05;0.9816182109760812;0.9816172087414269;0.9930592429923337;0.9841727057431566;0.9841664920110842;0.9935201916255721;0.2604266769171632;0.9221498451744892;0.0017254387416342672;21.147273063659668
0.8;0.0;7;150;2;2;0.005414217881979715;0.005414217881979665;0.07212250762761967;0.0028305531175324603;3.372640183852837e-05;0.9816182109760813;0.981617208741427;0.9930592429923337;0.9841727057431566;0.9841664920110842;0.9935201916255721;0.2604266769171632;0.9221498451744892;0.0017254387416342672;23.386165380477905
0.8;0.0;8;220;2;2;0.005391095737910148;0.00539109573791024;0.07199248899583344;0.0026886402456725443;2.7738033106030552e-05;0.8627853502905343;0.8627778690572363;0.9243995923808597;0.9014428405773645;0.9014042030043828;0.9403421585558512;0.2714285714285714;0.9527900411163953;0.0006384634932459533;31.584540128707886
0.8;0.0;9;163;2;2;0.0053894044476379835;0.005389404447637953;0.07190061244267316;0.002589798869516692;2.6519368903079655e-05;0.861948586270057;0.8619410594219339;0.9238183899303868;0.8960316770545037;0.8959909218750245;0.9361511690481739;0.27058823529411763;0.9504684279557803;0.0007032818806346954;26.977781772613525
0.8;0.1;0;304;2;2;0.005393722553145111;0.005393722553145037;0.07208241698724123;0.0027852840834943385;2.8194942034571963e-05;0.8794173910850897;0.8794108166658795;0.9354771621027294;0.9097731015723929;0.9097377246289666;0.9466462065876763;0.2694680030840401;0.9473687606548512;0.0007937143248977728;36.01324772834778
0.8;0.1;1;175;2;2;0.0053901893783338236;0.005390189378333802;0.0719135601185796;0.00260361703887113;2.7127327298794258e-05;0.8645473942528321;0.8645400091037821;0.925562545534765;0.8987236988194924;0.8986839970958482;0.9382454929622621;0.2709739633558341;0.9515344676255864;0.0006736930313780039;26.947205543518066
0.8;0.1;2;136;2;2;0.0053894044476379835;0.005389404447637953;0.07190061244267316;0.002589798869516692;2.6519368903079655e-05;0.861948586270057;0.8619410594219339;0.9238183899303868;0.8960316770545037;0.8959909218750245;0.9361511690481739;0.27058823529411763;0.9504684279557803;0.0007032818806346954;19.231022834777832
0.8;0.1;3;160;2;2;0.005391095737910148;0.00539109573791024;0.07199248899583342;0.0026886402456725586;2.7738033106030552e-05;0.8627853502905345;0.8627778690572365;0.9243995923808597;0.9014428405773646;0.901404203004383;0.9403421585558512;0.2714285714285714;0.9527900411163953;0.0006384634932459533;26.0289568901062
0.8;0.1;4;142;2;2;0.005404805779098146;0.00540480577909806;0.07203281541938195;0.002733766627600258;2.875812685189801e-05;0.9290516950343072;0.9290478267174166;0.9661320846843028;0.9430863964373524;0.943064067986554;0.9699414193417147;0.26532973389895875;0.9358706395296544;0.0011710647279222167;27.963494539260864
0.8;0.1;5;164;2;2;0.0053894044476379835;0.005389404447637953;0.07190061244267316;0.002589798869516692;2.6519368903079655e-05;0.8619485862700572;0.861941059421934;0.9238183899303868;0.8960316770545037;0.8959909218750245;0.9361511690481739;0.27058823529411763;0.9504684279557803;0.0007032818806346954;25.0409255027771
0.8;0.1;6;152;2;2;0.0053894044476379835;0.005389404447637953;0.07190061244267316;0.002589798869516692;2.6519368903079655e-05;0.861948586270057;0.8619410594219339;0.9238183899303868;0.8960316770545037;0.8959909218750245;0.9361511690481739;0.27058823529411763;0.9504684279557803;0.0007032818806346954;28.58333730697632
0.8;0.1;7;167;2;2;0.0053894044476379835;0.005389404447637953;0.07190061244267316;0.002589798869516692;2.6519368903079655e-05;0.8619485862700572;0.861941059421934;0.9238183899303868;0.8960316770545037;0.8959909218750245;0.9361511690481739;0.27058823529411763;0.9504684279557803;0.0007032818806346954;26.482333660125732
0.8;0.1;8;182;2;2;0.0053894044476379835;0.005389404447637953;0.07190061244267316;0.002589798869516692;2.6519368903079655e-05;0.861948586270057;0.8619410594219339;0.9238183899303868;0.8960316770545037;0.8959909218750245;0.9361511690481739;0.27058823529411763;0.9504684279557803;0.0007032818806346954;27.604619026184082
0.8;0.1;9;177;2;2;0.0053901893783338236;0.005390189378333802;0.0719135601185796;0.00260361703887113;2.7127327298794258e-05;0.8645473942528321;0.8645400091037821;0.925562545534765;0.8987236988194924;0.8986839970958482;0.9382454929622621;0.2709739633558341;0.9515344676255864;0.0006736930313780039;27.361703634262085
0.8;0.2;0;231;2;2;0.0053894044476379835;0.005389404447637953;0.07190061244267316;0.002589798869516692;2.6519368903079655e-05;0.8619485862700572;0.861941059421934;0.9238183899303868;0.8960316770545037;0.8959909218750245;0.9361511690481739;0.27058823529411763;0.9504684279557803;0.0007032818806346954;36.962364196777344
0.8;0.2;1;178;2;2;0.005414217881979715;0.005414217881979665;0.07212250762761967;0.0028305531175324603;3.372640183852837e-05;0.9816182109760813;0.981617208741427;0.9930592429923337;0.9841727057431566;0.9841664920110842;0.9935201916255721;0.2604266769171632;0.9221498451744892;0.0017254387416342672;25.193310737609863
0.8;0.2;2;151;2;2;0.005414217881979715;0.005414217881979665;0.07212250762761967;0.0028305531175324603;3.372640183852837e-05;0.9816182109760813;0.981617208741427;0.9930592429923337;0.9841727057431566;0.9841664920110842;0.9935201916255721;0.2604266769171632;0.9221498451744892;0.0017254387416342672;26.79082751274109
0.8;0.2;3;283;2;2;0.0053901893783338236;0.005390189378333802;0.0719135601185796;0.00260361703887113;2.7127327298794258e-05;0.8645473942528321;0.8645400091037821;0.925562545534765;0.8987236988194924;0.8986839970958482;0.9382454929622621;0.2709739633558341;0.9515344676255864;0.0006736930313780039;40.08006429672241
0.8;0.2;4;194;2;2;0.005414217881979715;0.005414217881979665;0.07212250762761967;0.0028305531175324603;3.372640183852837e-05;0.9816182109760813;0.981617208741427;0.9930592429923337;0.9841727057431566;0.9841664920110842;0.9935201916255721;0.2604266769171632;0.9221498451744892;0.0017254387416342672;23.652238845825195
0.8;0.2;5;188;2;2;0.0053901893783338236;0.005390189378333802;0.0719135601185796;0.00260361703887113;2.7127327298794258e-05;0.8645473942528321;0.8645400091037821;0.925562545534765;0.8987236988194924;0.8986839970958482;0.9382454929622621;0.2709739633558341;0.9515344676255864;0.0006736930313780039;28.238858938217163
0.8;0.2;6;168;2;2;0.0054169310348879075;0.005416931034887882;0.0720539070527664;0.002756245748500636;3.202924050752966e-05;0.9951697068489798;0.9951694434872034;0.9984890838016055;0.9938618964215906;0.9938594862937913;0.9978377188595374;0.2608528620822128;0.9233467233507311;0.0016754744997313775;30.89727520942688
0.8;0.2;7;159;2;2;0.0053894044476379835;0.005389404447637953;0.07190061244267316;0.002589798869516692;2.6519368903079655e-05;0.861948586270057;0.8619410594219339;0.9238183899303868;0.8960316770545037;0.8959909218750245;0.9361511690481739;0.27058823529411763;0.9504684279557803;0.0007032818806346954;28.070611715316772
0.8;0.2;8;166;2;2;0.005391095737910148;0.00539109573791024;0.07199248899583342;0.0026886402456725586;2.7738033106030552e-05;0.8627853502905345;0.8627778690572365;0.9243995923808597;0.9014428405773646;0.901404203004383;0.9403421585558512;0.2714285714285714;0.9527900411163953;0.0006384634932459533;28.98789095878601
0.8;0.2;9;178;2;2;0.0053894044476379835;0.005389404447637953;0.07190061244267316;0.002589798869516692;2.6519368903079655e-05;0.8619485862700572;0.861941059421934;0.9238183899303868;0.8960316770545037;0.8959909218750245;0.9361511690481739;0.27058823529411763;0.9504684279557803;0.0007032818806346954;28.919121265411377
0.8;0.3;0;169;2;2;0.005394653606533855;0.005394653606534186;0.07213655810691472;0.002843885711182752;2.891119359851208e-05;0.8824886403666575;0.882482233373324;0.937524962985279;0.9126112328590039;0.912576967009237;0.9487522400745583;0.26860779020439646;0.9449848475411184;0.0008656005532259193;30.622252464294434
0.8;0.3;1;175;2;2;0.0053901893783338236;0.005390189378333802;0.0719135601185796;0.002603617038871144;2.7127327298794258e-05;0.8645473942528321;0.8645400091037821;0.925562545534765;0.8987236988194924;0.8986839970958482;0.9382454929622621;0.2709739633558341;0.9515344676255864;0.0006736930313780039;25.404102325439453
0.8;0.3;2;163;2;2;0.005391095737910148;0.00539109573791024;0.07199248899583344;0.0026886402456725443;2.7738033106030552e-05;0.8627853502905343;0.8627778690572363;0.9243995923808597;0.9014428405773645;0.9014042030043828;0.9403421585558512;0.2714285714285714;0.9527900411163953;0.0006384634932459533;26.32043480873108
0.8;0.3;3;195;2;2;0.0053894044476379835;0.005389404447637953;0.07190061244267316;0.002589798869516692;2.6519368903079655e-05;0.861948586270057;0.8619410594219339;0.9238183899303868;0.8960316770545037;0.8959909218750245;0.9361511690481739;0.27058823529411763;0.9504684279557803;0.0007032818806346954;32.19721460342407
0.8;0.3;4;239;2;2;0.005391095737910148;0.00539109573791024;0.07199248899583342;0.0026886402456725586;2.7738033106030552e-05;0.8627853502905345;0.8627778690572365;0.9243995923808597;0.9014428405773646;0.901404203004383;0.9403421585558512;0.2714285714285714;0.9527900411163953;0.0006384634932459533;37.48711085319519
0.8;0.3;5;137;2;2;0.005408338093028784;0.0054083380930285575;0.0720663265183495;0.0027702799642507553;3.0467532460819425e-05;0.9423615702392607;0.9423584276023912;0.9735747290393721;0.9567014768705318;0.9566844858029486;0.9784827013350585;0.2653415669625627;0.9359036247451007;0.0011681980527572869;27.54165768623352
0.8;0.3;6;146;2;2;0.0053894044476379835;0.005389404447637953;0.07190061244267316;0.002589798869516692;2.6519368903079655e-05;0.861948586270057;0.8619410594219339;0.9238183899303868;0.8960316770545037;0.8959909218750245;0.9361511690481739;0.27058823529411763;0.9504684279557803;0.0007032818806346954;25.97295117378235
0.8;0.3;7;135;2;2;0.0054030323110680145;0.005403032311068154;0.07201749846676762;0.0027161398587166787;2.8972835932310836e-05;0.8731251015599799;0.8731181840313343;0.9313882765612165;0.887206404980942;0.887162161218333;0.9382447114726197;0.2694980694980695;0.9474520254551273;0.000788925078103804;25.48180627822876
0.8;0.3;8;156;2;2;0.005393722553145111;0.005393722553145037;0.07208241698724123;0.0027852840834943667;2.8194942034571963e-05;0.8794173910850897;0.8794108166658795;0.9354771621027294;0.9097731015723929;0.9097377246289666;0.9466462065876763;0.2694680030840401;0.9473687606548512;0.0007937143248977728;25.814467191696167
0.8;0.3;9;155;2;2;0.005415290562426562;0.005415290562426657;0.07207865340611853;0.0027828401234416844;3.207492950497926e-05;0.9843726398748127;0.9843717878252181;0.9942645950065601;0.9888118210939335;0.9888074283582899;0.9956777827760513;0.2608528620822128;0.9233467233507311;0.0016754744997313775;28.509266138076782
0.8;0.4;0;147;2;2;0.005414217881979715;0.005414217881979665;0.07212250762761967;0.0028305531175324603;3.372640183852837e-05;0.9816182109760813;0.981617208741427;0.9930592429923337;0.9841727057431566;0.9841664920110842;0.9935201916255721;0.2604266769171632;0.9221498451744892;0.0017254387416342672;21.472752809524536
0.8;0.4;1;165;2;2;0.005393722553145111;0.005393722553145037;0.07208241698724123;0.0027852840834943667;2.8194942034571963e-05;0.8794173910850897;0.8794108166658795;0.9354771621027294;0.9097731015723929;0.9097377246289666;0.9466462065876763;0.2694680030840401;0.9473687606548512;0.0007937143248977728;29.352509260177612
0.8;0.4;2;294;2;2;0.0053894044476379835;0.005389404447637953;0.07190061244267316;0.002589798869516692;2.6519368903079655e-05;0.8619485862700572;0.861941059421934;0.9238183899303868;0.8960316770545037;0.8959909218750245;0.9361511690481739;0.27058823529411763;0.9504684279557803;0.0007032818806346954;46.02976202964783
0.8;0.4;3;159;2;2;0.0053894044476379835;0.005389404447637953;0.07190061244267316;0.002589798869516692;2.6519368903079655e-05;0.861948586270057;0.8619410594219339;0.9238183899303868;0.8960316770545037;0.8959909218750245;0.9361511690481739;0.27058823529411763;0.9504684279557803;0.0007032818806346954;27.940096378326416
0.8;0.4;4;159;2;2;0.0054169310348879075;0.005416931034887882;0.0720539070527664;0.002756245748500636;3.202924050752966e-05;0.9951697068489798;0.9951694434872034;0.9984890838016055;0.9938618964215906;0.9938594862937913;0.9978377188595374;0.2608528620822128;0.9233467233507311;0.0016754744997313775;29.077715396881104
0.8;0.4;5;195;2;2;0.0053901893783338236;0.005390189378333802;0.0719135601185796;0.002603617038871144;2.7127327298794258e-05;0.8645473942528321;0.8645400091037821;0.925562545534765;0.8987236988194924;0.8986839970958482;0.9382454929622621;0.2709739633558341;0.9515344676255864;0.0006736930313780039;25.713706016540527
0.8;0.4;6;149;2;2;0.005414217881979715;0.005414217881979665;0.07212250762761967;0.0028305531175324603;3.372640183852837e-05;0.9816182109760813;0.981617208741427;0.9930592429923337;0.9841727057431566;0.9841664920110842;0.9935201916255721;0.2604266769171632;0.9221498451744892;0.0017254387416342672;25.53585433959961
0.8;0.4;7;153;2;2;0.005414217881979715;0.005414217881979665;0.07212250762761967;0.0028305531175324746;3.372640183852837e-05;0.9816182109760812;0.9816172087414269;0.9930592429923337;0.9841727057431566;0.9841664920110842;0.9935201916255721;0.2604266769171632;0.9221498451744892;0.0017254387416342672;29.578519105911255
0.8;0.4;8;150;2;2;0.0053894044476379835;0.005389404447637953;0.07190061244267316;0.002589798869516692;2.6519368903079655e-05;0.8619485862700572;0.861941059421934;0.9238183899303868;0.8960316770545037;0.8959909218750245;0.9361511690481739;0.27058823529411763;0.9504684279557803;0.0007032818806346954;23.62303400039673
0.8;0.4;9;134;2;2;0.0053944432987424774;0.005394443298742496;0.07209415106927165;0.0027983117237128153;2.8956883997258758e-05;0.8861082877248598;0.8861020780831403;0.9398680481483517;0.9126112328590039;0.912576967009237;0.9487522400745583;0.2676300578034682;0.9422713232122136;0.0009532305383091223;25.24912428855896
0.8;0.5;0;177;2;2;0.0053894044476379835;0.005389404447637953;0.07190061244267316;0.002589798869516692;2.6519368903079655e-05;0.8619485862700572;0.861941059421934;0.9238183899303868;0.8960316770545037;0.8959909218750245;0.9361511690481739;0.27058823529411763;0.9504684279557803;0.0007032818806346954;27.08377718925476
0.8;0.5;1;184;2;2;0.004306366241278169;0.004306366241278266;0.09103242248577928;0.023149916036234734;0.00045467234242673187;0.004014875812551699;0.003960572888793564;0.005487955782866418;0.0033460781153942065;0.0029546294996719833;0.005128454930493709;0.14782608695652175;0.5747892074198988;0.05626479207929523;26.179306507110596
0.8;0.5;2;175;2;2;0.004293500929971658;0.0042935009299717745;0.09026381231925912;0.02232427492685914;0.0004281583711945758;0.01822033383858304;0.018166805232552173;0.02508618833706998;0.016825085943891475;0.016439014911894454;0.02467296774080829;0.14668522707499565;0.5709206805753518;0.057257352198469225;26.97449016571045
0.8;0.5;3;149;2;2;0.005414217881979715;0.005414217881979665;0.07212250762761967;0.0028305531175324603;3.372640183852837e-05;0.9816182109760813;0.981617208741427;0.9930592429923337;0.9841727057431566;0.9841664920110842;0.9935201916255721;0.2604266769171632;0.9221498451744892;0.0017254387416342672;25.831242561340332
0.8;0.5;4;158;2;2;0.0053901893783338236;0.005390189378333802;0.0719135601185796;0.002603617038871144;2.7127327298794258e-05;0.8645473942528321;0.8645400091037821;0.925562545534765;0.8987236988194924;0.8986839970958482;0.9382454929622621;0.2709739633558341;0.9515344676255864;0.0006736930313780039;28.529493808746338
0.8;0.5;5;165;2;2;0.0053901893783338236;0.005390189378333802;0.0719135601185796;0.00260361703887113;2.7127327298794258e-05;0.8645473942528321;0.8645400091037821;0.925562545534765;0.8987236988194924;0.8986839970958482;0.9382454929622621;0.2709739633558341;0.9515344676255864;0.0006736930313780039;28.924803256988525
0.8;0.5;6;337;2;2;0.005391095737910148;0.00539109573791024;0.07199248899583344;0.0026886402456725443;2.7738033106030552e-05;0.8627853502905343;0.8627778690572363;0.9243995923808597;0.9014428405773646;0.901404203004383;0.9403421585558512;0.2714285714285714;0.9527900411163953;0.0006384634932459533;49.00516676902771
0.8;0.5;7;167;2;2;0.005393722553145111;0.005393722553145037;0.07208241698724123;0.0027852840834943385;2.8194942034571963e-05;0.8794173910850897;0.8794108166658795;0.9354771621027294;0.9097731015723929;0.9097377246289666;0.9466462065876763;0.2694680030840401;0.9473687606548512;0.0007937143248977728;29.329081773757935
0.8;0.5;8;132;2;2;0.005415290562426562;0.005415290562426657;0.07207865340611853;0.0027828401234416844;3.207492950497926e-05;0.9843726398748127;0.9843717878252181;0.9942645950065601;0.9888118210939335;0.9888074283582899;0.9956777827760513;0.2608528620822128;0.9233467233507311;0.0016754744997313775;27.557919025421143
0.8;0.5;9;256;2;2;0.005414217881979715;0.005414217881979665;0.07212250762761967;0.0028305531175324746;3.372640183852837e-05;0.9816182109760812;0.9816172087414269;0.9930592429923337;0.9841727057431566;0.9841664920110842;0.9935201916255721;0.2604266769171632;0.9221498451744892;0.0017254387416342672;38.565901041030884
0.8;0.6;0;129;2;2;0.005407396630578183;0.00540739663057819;0.07203569436510597;0.002736860568211516;3.00374125610249e-05;0.9342855829748653;0.9342820000254283;0.9691057157930905;0.953195946796028;0.9531775812341559;0.9763438652154919;0.2645981884756215;0.9338302238911449;0.0012469300955222588;25.36992383003235
0.8;0.6;1;246;2;2;0.0054129156969910655;0.0054129156969911245;0.07203364342640418;0.002735156170856934;3.357432895233484e-05;0.9666404794893084;0.9666386606184693;0.9861426551616076;0.9756271121242559;0.9756175447156714;0.9892120436289973;0.2633911368015414;0.9304583672920383;0.0013756039332693745;39.884315967559814
0.8;0.6;2;150;2;2;0.0053894044476379835;0.005389404447637953;0.07190061244267316;0.002589798869516692;2.6519368903079655e-05;0.8619485862700572;0.861941059421934;0.9238183899303868;0.8960316770545037;0.8959909218750245;0.9361511690481739;0.27058823529411763;0.9504684279557803;0.0007032818806346954;28.21728205680847
0.8;0.6;3;187;2;2;0.0053894044476379835;0.005389404447637953;0.07190061244267316;0.002589798869516692;2.6519368903079655e-05;0.861948586270057;0.8619410594219339;0.9238183899303868;0.8960316770545037;0.8959909218750245;0.9361511690481739;0.27058823529411763;0.9504684279557803;0.0007032818806346954;30.632643938064575
0.8;0.6;4;167;2;2;0.0053901893783338236;0.005390189378333802;0.0719135601185796;0.00260361703887113;2.7127327298794258e-05;0.8645473942528321;0.8645400091037821;0.925562545534765;0.8987236988194924;0.8986839970958482;0.9382454929622621;0.2709739633558341;0.9515344676255864;0.0006736930313780039;28.90601348876953
0.8;0.6;5;135;2;2;0.0054185673907864605;0.005418567390786351;0.07205559863253942;0.002758156577605394;3.2289895647640446e-05;1.0;1.0;1.0;1.0;1.0;1.0;0.2606607760276604;0.922807378170689;0.0016987224353218582;26.24972414970398
0.8;0.6;6;326;2;2;0.0053901893783338236;0.005390189378333802;0.0719135601185796;0.002603617038871144;2.7127327298794258e-05;0.8645473942528321;0.8645400091037821;0.925562545534765;0.8987236988194924;0.8986839970958482;0.9382454929622621;0.2709739633558341;0.9515344676255864;0.0006736930313780039;42.97849130630493
0.8;0.6;7;124;2;2;0.0054185673907864605;0.005418567390786351;0.07205559863253944;0.002758156577605422;3.2289895647640446e-05;1.0;1.0;1.0;1.0;1.0;1.0;0.2606607760276604;0.922807378170689;0.0016987224353218582;27.16934847831726
0.8;0.6;8;291;2;2;0.005414217881979715;0.005414217881979665;0.07212250762761967;0.0028305531175324603;3.372640183852837e-05;0.9816182109760813;0.981617208741427;0.9930592429923337;0.9841727057431566;0.9841664920110842;0.9935201916255721;0.2604266769171632;0.9221498451744892;0.0017254387416342672;44.49596047401428
0.8;0.6;9;230;2;2;0.0053901893783338236;0.005390189378333802;0.0719135601185796;0.00260361703887113;2.7127327298794258e-05;0.8645473942528321;0.8645400091037821;0.925562545534765;0.8987236988194924;0.8986839970958482;0.9382454929622621;0.2709739633558341;0.9515344676255864;0.0006736930313780039;32.91413331031799
0.8;0.7;0;232;2;2;0.005415290562426562;0.005415290562426657;0.07207865340611853;0.0027828401234416844;3.207492950497926e-05;0.9843726398748125;0.9843717878252178;0.9942645950065601;0.9888118210939334;0.9888074283582898;0.9956777827760513;0.2608528620822128;0.9233467233507311;0.0016754744997313775;34.76787543296814
0.8;0.7;1;184;2;2;0.0053894044476379835;0.005389404447637953;0.07190061244267316;0.002589798869516692;2.6519368903079655e-05;0.8619485862700572;0.861941059421934;0.9238183899303868;0.8960316770545037;0.8959909218750245;0.9361511690481739;0.27058823529411763;0.9504684279557803;0.0007032818806346954;29.756792306900024
0.8;0.7;2;195;2;2;0.005414217881979715;0.005414217881979665;0.07212250762761967;0.0028305531175324746;3.372640183852837e-05;0.9816182109760812;0.9816172087414269;0.9930592429923337;0.9841727057431566;0.9841664920110842;0.9935201916255721;0.2604266769171632;0.9221498451744892;0.0017254387416342672;34.434409856796265
0.8;0.7;3;159;2;2;0.005393722553145111;0.005393722553145037;0.07208241698724123;0.0027852840834943667;2.8194942034571963e-05;0.8794173910850897;0.8794108166658795;0.9354771621027294;0.9097731015723928;0.9097377246289664;0.9466462065876763;0.2694680030840401;0.9473687606548512;0.0007937143248977728;25.9169819355011
0.8;0.7;4;165;2;2;0.005414217881979715;0.005414217881979665;0.07212250762761967;0.0028305531175324603;3.372640183852837e-05;0.9816182109760813;0.981617208741427;0.9930592429923337;0.9841727057431566;0.9841664920110842;0.9935201916255721;0.2604266769171632;0.9221498451744892;0.0017254387416342672;27.244563817977905
0.8;0.7;5;179;2;2;0.005414217881979715;0.005414217881979665;0.07212250762761967;0.0028305531175324603;3.372640183852837e-05;0.9816182109760813;0.981617208741427;0.9930592429923337;0.9841727057431566;0.9841664920110842;0.9935201916255721;0.2604266769171632;0.9221498451744892;0.0017254387416342672;26.127604007720947
0.8;0.7;6;159;2;2;0.0053894044476379835;0.005389404447637953;0.07190061244267316;0.002589798869516692;2.6519368903079655e-05;0.8619485862700572;0.861941059421934;0.9238183899303868;0.8960316770545037;0.8959909218750245;0.9361511690481739;0.27058823529411763;0.9504684279557803;0.0007032818806346954;23.087559938430786
0.8;0.7;7;267;2;2;0.0053894044476379835;0.005389404447637953;0.07190061244267316;0.002589798869516692;2.6519368903079655e-05;0.861948586270057;0.8619410594219339;0.9238183899303868;0.8960316770545037;0.8959909218750245;0.9361511690481739;0.27058823529411763;0.9504684279557803;0.0007032818806346954;42.485642194747925
0.8;0.7;8;199;2;2;0.0053901893783338236;0.005390189378333802;0.0719135601185796;0.00260361703887113;2.7127327298794258e-05;0.8645473942528321;0.8645400091037821;0.925562545534765;0.8987236988194924;0.8986839970958482;0.9382454929622621;0.2709739633558341;0.9515344676255864;0.0006736930313780039;31.77994203567505
0.8;0.7;9;162;2;2;0.005414217881979715;0.005414217881979665;0.07212250762761967;0.0028305531175324603;3.372640183852837e-05;0.9816182109760813;0.981617208741427;0.9930592429923337;0.9841727057431566;0.9841664920110842;0.9935201916255721;0.2604266769171632;0.9221498451744892;0.0017254387416342672;26.11441206932068
0.8;0.8;0;198;2;2;0.005414217881979715;0.005414217881979665;0.07212250762761967;0.0028305531175324603;3.372640183852837e-05;0.9816182109760813;0.981617208741427;0.9930592429923337;0.9841727057431566;0.9841664920110842;0.9935201916255721;0.2604266769171632;0.9221498451744892;0.0017254387416342672;33.14644241333008
0.8;0.8;1;146;2;2;0.0053894044476379835;0.005389404447637953;0.07190061244267316;0.002589798869516692;2.6519368903079655e-05;0.861948586270057;0.8619410594219339;0.9238183899303868;0.8960316770545037;0.8959909218750245;0.9361511690481739;0.27058823529411763;0.9504684279557803;0.0007032818806346954;27.515552043914795
0.8;0.8;2;206;2;2;0.0053901893783338236;0.005390189378333802;0.0719135601185796;0.002603617038871144;2.7127327298794258e-05;0.8645473942528321;0.8645400091037821;0.925562545534765;0.8987236988194924;0.8986839970958482;0.9382454929622621;0.2709739633558341;0.9515344676255864;0.0006736930313780039;30.55897092819214
0.8;0.8;3;171;2;2;0.005396869452566744;0.005396869452566837;0.07212856325153717;0.002835165825513817;2.7284888412756547e-05;0.8962692879951422;0.8962636323616565;0.946326609525069;0.9213282983725247;0.9212974457905683;0.9550843946198231;0.26655119322555815;0.9392722623998311;0.0010556235322867862;27.342498540878296
0.8;0.8;4;185;2;2;0.0053894044476379835;0.005389404447637953;0.07190061244267316;0.002589798869516692;2.6519368903079655e-05;0.8619485862700572;0.861941059421934;0.9238183899303868;0.8960316770545037;0.8959909218750245;0.9361511690481739;0.27058823529411763;0.9504684279557803;0.0007032818806346954;31.53093695640564
0.8;0.8;5;198;2;2;0.0041229332502002785;0.00412293325020041;0.08830679279796652;0.020308477889842;0.00042090541788636804;0.004138351261730857;0.004084009449542885;0.0055785338037793114;0.0032480813223005997;0.0028566227851193095;0.004967398149515477;0.2062608695652174;0.7631487889273356;0.018063936673316718;31.342287302017212
0.8;0.8;6;181;2;2;0.005415290562426562;0.005415290562426657;0.07207865340611853;0.0027828401234416844;3.207492950497926e-05;0.9843726398748127;0.9843717878252181;0.9942645950065601;0.9888118210939335;0.9888074283582899;0.9956777827760513;0.2608528620822128;0.9233467233507311;0.0016754744997313775;29.78057050704956
0.8;0.8;7;165;2;2;0.005393722553145111;0.005393722553145037;0.07208241698724123;0.0027852840834943667;2.8194942034571963e-05;0.8794173910850897;0.8794108166658795;0.9354771621027294;0.9097731015723929;0.9097377246289666;0.9466462065876763;0.2694680030840401;0.9473687606548512;0.0007937143248977728;28.925254821777344
0.8;0.8;8;172;2;2;0.0053894044476379835;0.005389404447637953;0.07190061244267316;0.002589798869516692;2.6519368903079655e-05;0.861948586270057;0.8619410594219339;0.9238183899303868;0.8960316770545037;0.8959909218750245;0.9361511690481739;0.27058823529411763;0.9504684279557803;0.0007032818806346954;30.559749126434326
0.8;0.8;9;181;2;2;0.0053894044476379835;0.005389404447637953;0.07190061244267316;0.002589798869516692;2.6519368903079655e-05;0.8619485862700572;0.861941059421934;0.9238183899303868;0.8960316770545037;0.8959909218750245;0.9361511690481739;0.27058823529411763;0.9504684279557803;0.0007032818806346954;26.57031798362732
0.8;0.9;0;181;2;2;0.005415290562426562;0.005415290562426657;0.07207865340611853;0.0027828401234416844;3.207492950497926e-05;0.9843726398748125;0.9843717878252178;0.9942645950065601;0.9888118210939335;0.9888074283582899;0.9956777827760513;0.2608528620822128;0.9233467233507311;0.0016754744997313775;28.57253336906433
0.8;0.9;1;146;2;2;0.0053894044476379835;0.005389404447637953;0.07190061244267316;0.002589798869516692;2.6519368903079655e-05;0.8619485862700572;0.861941059421934;0.9238183899303868;0.8960316770545037;0.8959909218750245;0.9361511690481739;0.27058823529411763;0.9504684279557803;0.0007032818806346954;28.75601077079773
0.8;0.9;2;163;2;2;0.0053901893783338236;0.005390189378333802;0.0719135601185796;0.002603617038871144;2.7127327298794258e-05;0.8645473942528321;0.8645400091037821;0.925562545534765;0.8987236988194924;0.8986839970958482;0.9382454929622621;0.2709739633558341;0.9515344676255864;0.0006736930313780039;29.236741065979004
0.8;0.9;3;211;2;2;0.0053894044476379835;0.005389404447637953;0.07190061244267316;0.002589798869516692;2.6519368903079655e-05;0.8619485862700572;0.861941059421934;0.9238183899303868;0.8960316770545037;0.8959909218750245;0.9361511690481739;0.27058823529411763;0.9504684279557803;0.0007032818806346954;28.850457429885864
0.8;0.9;4;132;2;2;0.0053894044476379835;0.005389404447637953;0.07190061244267316;0.002589798869516692;2.6519368903079655e-05;0.861948586270057;0.8619410594219339;0.9238183899303868;0.8960316770545037;0.8959909218750245;0.9361511690481739;0.27058823529411763;0.9504684279557803;0.0007032818806346954;25.16510534286499
0.8;0.9;5;206;2;2;0.0053901893783338236;0.005390189378333802;0.0719135601185796;0.002603617038871144;2.7127327298794258e-05;0.8645473942528321;0.8645400091037821;0.925562545534765;0.8987236988194924;0.8986839970958482;0.9382454929622621;0.2709739633558341;0.9515344676255864;0.0006736930313780039;24.9505832195282
0.8;0.9;6;238;2;2;0.0053901893783338236;0.005390189378333802;0.0719135601185796;0.00260361703887113;2.7127327298794258e-05;0.8645473942528321;0.8645400091037821;0.925562545534765;0.8987236988194924;0.8986839970958482;0.9382454929622621;0.2709739633558341;0.9515344676255864;0.0006736930313780039;37.196038484573364
0.8;0.9;7;179;2;2;0.005391095737910148;0.00539109573791024;0.07199248899583342;0.0026886402456725586;2.7738033106030552e-05;0.8627853502905345;0.8627778690572365;0.9243995923808597;0.9014428405773646;0.901404203004383;0.9403421585558512;0.2714285714285714;0.9527900411163953;0.0006384634932459533;29.441643238067627
0.8;0.9;8;176;2;2;0.0053894044476379835;0.005389404447637953;0.07190061244267316;0.002589798869516692;2.6519368903079655e-05;0.861948586270057;0.8619410594219339;0.9238183899303868;0.8960316770545037;0.8959909218750245;0.9361511690481739;0.27058823529411763;0.9504684279557803;0.0007032818806346954;31.888925313949585
0.8;0.9;9;155;2;2;0.0053901893783338236;0.005390189378333802;0.0719135601185796;0.002603617038871144;2.7127327298794258e-05;0.8645473942528321;0.8645400091037821;0.925562545534765;0.8987236988194924;0.8986839970958482;0.9382454929622621;0.2709739633558341;0.9515344676255864;0.0006736930313780039;28.353819608688354
0.8;1.0;0;190;2;2;0.005377571168101407;0.005377571168101399;0.07218456181540771;0.002896136968036132;2.936339356201764e-05;0.8134909656357971;0.8134807966649825;0.8884256691526025;0.8753736246298264;0.8753247878508713;0.9194808642053472;0.28604516502605676;0.9926373302323178;1.56654947197259e-05;27.23703360557556
0.8;1.0;1;201;2;2;0.005278641838649526;0.005278641838649453;0.07197594295758952;0.0026722788049534465;2.7806337497715563e-05;0.8318155272721185;0.8318063573760303;0.9015810570501287;0.9041900771444015;0.9041525148032918;0.9424411659462228;0.285824493731919;0.9920329848257837;1.834308192461909e-05;26.18245816230774
0.8;1.0;2;134;2;2;0.005385496751440173;0.005385496751439956;0.07212636391424163;0.0028335122549783096;2.9329396537995158e-05;0.8361088523375931;0.8360999165611621;0.9047412339858295;0.9014428405773645;0.9014042030043828;0.9403421585558512;0.2861003861003861;0.9927884165839514;1.5029098991454961e-05;26.66936469078064
0.8;1.0;3;251;2;2;0.005264852593792966;0.005264852593793085;0.07212404299448544;0.0028317122578577366;2.950287351468658e-05;0.8479832022155264;0.8479749138057712;0.9128102666550939;0.9041900771444015;0.9041525148032918;0.9424411659462228;0.2856592135697764;0.9915797257708832;2.048988682404611e-05;31.661745309829712
0.8;1.0;4;247;2;2;0.005278641838649526;0.005278641838649453;0.07197594295758952;0.0026722788049534465;2.7806337497715563e-05;0.8318155272721185;0.8318063573760303;0.9015810570501287;0.9041900771444015;0.9041525148032918;0.9424411659462228;0.285824493731919;0.9920329848257837;1.834308192461909e-05;36.403053998947144
0.8;1.0;5;385;2;2;0.005277111542202348;0.005277111542202151;0.07204375903241016;0.002744901564467128;2.747817656422434e-05;0.8297013860273442;0.829692100884761;0.9001464405137567;0.8907254113829454;0.8906825799556862;0.9319695457906109;0.2859899652643767;0.9924862438806843;1.6315090531016313e-05;50.31658744812012
0.8;1.0;6;292;2;2;0.005384651355891092;0.0053846513558909815;0.07213141980875212;0.002838945719596081;2.8689740604919913e-05;0.8377418383304478;0.8377329915887081;0.9058917598919088;0.8987236988194924;0.8986839970958482;0.9382454929622621;0.2861003861003861;0.9927884165839514;1.5029098991454961e-05;43.59700083732605
0.8;1.0;7;225;3;3;0.0037635746167608885;0.0037677577255969675;0.12759837001647548;0.018482771895094563;0.0005898118743032117;0.3896240838612497;0.38957240566344303;0.40870612547360285;0.5352937051031481;0.5350093041999329;0.5369925189179406;0.2620689655172414;0.844991404448026;0.006040252075083574;38.18598961830139
0.8;1.0;8;191;2;2;0.005281090496619551;0.005281090496619435;0.07231440616335062;0.0030352923648737378;2.9099485048281946e-05;0.8129653398696418;0.8129551422772919;0.8881407561258918;0.8547478667534689;0.8546909258898545;0.9132672454982677;0.28632148377125194;0.9933927619904855;1.2615510310896296e-05;31.358909845352173
0.8;1.0;9;183;2;2;0.005278641838649526;0.005278641838649453;0.07197594295758952;0.0026722788049534465;2.7806337497715563e-05;0.8318155272721185;0.8318063573760303;0.9015810570501287;0.9041900771444015;0.9041525148032918;0.9424411659462228;0.285824493731919;0.9920329848257837;1.834308192461909e-05;30.716700077056885
0.9;0.0;0;159;2;2;0.005391095737910148;0.00539109573791024;0.07199248899583342;0.0026886402456725586;2.7738033106030552e-05;0.8627853502905345;0.8627778690572365;0.9243995923808597;0.9014428405773645;0.9014042030043828;0.9403421585558512;0.2714285714285714;0.9527900411163953;0.0006384634932459533;21.084205627441406
0.9;0.0;1;162;2;2;0.005414217881979715;0.005414217881979665;0.07212250762761967;0.0028305531175324603;3.372640183852837e-05;0.9816182109760813;0.981617208741427;0.9930592429923337;0.9841727057431566;0.9841664920110842;0.9935201916255721;0.2604266769171632;0.9221498451744892;0.0017254387416342672;26.30190420150757
0.9;0.0;2;150;2;2;0.0053894044476379835;0.005389404447637953;0.07190061244267316;0.002589798869516692;2.6519368903079655e-05;0.8619485862700572;0.861941059421934;0.9238183899303868;0.8960316770545037;0.8959909218750245;0.9361511690481739;0.27058823529411763;0.9504684279557803;0.0007032818806346954;22.68316650390625
0.9;0.0;3;239;2;2;0.005414217881979715;0.005414217881979665;0.07212250762761967;0.0028305531175324746;3.372640183852837e-05;0.9816182109760812;0.9816172087414269;0.9930592429923337;0.9841727057431566;0.9841664920110842;0.9935201916255721;0.2604266769171632;0.9221498451744892;0.0017254387416342672;27.027153253555298
0.9;0.0;4;151;2;2;0.005414217881979715;0.005414217881979665;0.07212250762761967;0.0028305531175324746;3.372640183852837e-05;0.9816182109760812;0.9816172087414269;0.9930592429923337;0.9841727057431566;0.9841664920110842;0.9935201916255721;0.2604266769171632;0.9221498451744892;0.0017254387416342672;29.30292010307312
0.9;0.0;5;139;2;2;0.004298530236351366;0.004298530236351267;0.09031114468284325;0.022387017994536587;0.00041577185993457835;0.004068259923985061;0.004013953532547966;0.005578513537992282;0.003685483151975102;0.0032941963974382153;0.005631638871712062;0.1501416430594901;0.5826174000448583;0.0528202938332195;20.91018056869507
0.9;0.0;6;180;2;2;0.0053894044476379835;0.005389404447637953;0.07190061244267316;0.002589798869516692;2.6519368903079655e-05;0.8619485862700572;0.861941059421934;0.9238183899303868;0.8960316770545037;0.8959909218750245;0.9361511690481739;0.27058823529411763;0.9504684279557803;0.0007032818806346954;22.539627075195312
0.9;0.0;7;415;2;2;0.005404805779098146;0.00540480577909806;0.07203281541938195;0.002733766627600258;2.875812685189801e-05;0.9290516950343072;0.9290478267174166;0.9661320846843028;0.9430863964373525;0.9430640679865541;0.9699414193417147;0.26532973389895875;0.9358706395296544;0.0011710647279222167;57.27720093727112
0.9;0.0;8;168;2;2;0.0053901893783338236;0.005390189378333802;0.0719135601185796;0.002603617038871144;2.7127327298794258e-05;0.8645473942528321;0.8645400091037821;0.925562545534765;0.8987236988194924;0.8986839970958482;0.9382454929622621;0.2709739633558341;0.9515344676255864;0.0006736930313780039;22.83242154121399
0.9;0.0;9;320;4;3;0.0029158116480489035;0.004156778367423835;0.15892354682328294;0.021034397243546908;0.0006768219502431265;0.3366389201780036;0.33656600094453165;0.31011196306207744;0.5162082533725613;0.5159121590320527;0.52593560996478;0.048917748917748916;0.20814148279661118;0.20738037490786995;44.28980469703674
0.9;0.1;0;161;2;2;0.0053901893783338236;0.005390189378333802;0.0719135601185796;0.002603617038871144;2.7127327298794258e-05;0.8645473942528321;0.8645400091037821;0.925562545534765;0.8987236988194924;0.8986839970958482;0.9382454929622621;0.2709739633558341;0.9515344676255864;0.0006736930313780039;20.95841360092163
0.9;0.1;1;155;2;2;0.0053894044476379835;0.005389404447637953;0.07190061244267316;0.002589798869516692;2.6519368903079655e-05;0.861948586270057;0.8619410594219339;0.9238183899303868;0.8960316770545037;0.8959909218750245;0.9361511690481739;0.27058823529411763;0.9504684279557803;0.0007032818806346954;27.05751609802246
0.9;0.1;2;166;2;2;0.0053901893783338236;0.005390189378333802;0.0719135601185796;0.002603617038871144;2.7127327298794258e-05;0.8645473942528321;0.8645400091037821;0.925562545534765;0.8987236988194924;0.8986839970958482;0.9382454929622621;0.2709739633558341;0.9515344676255864;0.0006736930313780039;29.372344493865967
0.9;0.1;3;151;2;2;0.0053894044476379835;0.005389404447637953;0.07190061244267316;0.002589798869516692;2.6519368903079655e-05;0.861948586270057;0.8619410594219339;0.9238183899303868;0.8960316770545037;0.8959909218750245;0.9361511690481739;0.27058823529411763;0.9504684279557803;0.0007032818806346954;23.580854892730713
0.9;0.1;4;146;2;2;0.0053894044476379835;0.005389404447637953;0.07190061244267316;0.002589798869516692;2.6519368903079655e-05;0.861948586270057;0.8619410594219339;0.9238183899303868;0.8960316770545037;0.8959909218750245;0.9361511690481739;0.27058823529411763;0.9504684279557803;0.0007032818806346954;19.770463466644287
0.9;0.1;5;139;2;2;0.005414217881979715;0.005414217881979665;0.07212250762761967;0.0028305531175324603;3.372640183852837e-05;0.9816182109760813;0.981617208741427;0.9930592429923337;0.9841727057431566;0.9841664920110842;0.9935201916255721;0.2604266769171632;0.9221498451744892;0.0017254387416342672;21.44587731361389
0.9;0.1;6;157;2;2;0.0053901893783338236;0.005390189378333802;0.0719135601185796;0.002603617038871144;2.7127327298794258e-05;0.8645473942528321;0.8645400091037821;0.925562545534765;0.8987236988194924;0.8986839970958482;0.9382454929622621;0.2709739633558341;0.9515344676255864;0.0006736930313780039;22.568033933639526
0.9;0.1;7;268;2;2;0.0054169310348879075;0.005416931034887882;0.0720539070527664;0.002756245748500636;3.202924050752966e-05;0.9951697068489798;0.9951694434872034;0.9984890838016055;0.9938618964215906;0.9938594862937913;0.9978377188595374;0.2608528620822128;0.9233467233507311;0.0016754744997313775;37.07991075515747
0.9;0.1;8;187;2;2;0.005414217881979715;0.005414217881979665;0.07212250762761967;0.0028305531175324746;3.372640183852837e-05;0.9816182109760812;0.9816172087414269;0.9930592429923337;0.9841727057431566;0.9841664920110842;0.9935201916255721;0.2604266769171632;0.9221498451744892;0.0017254387416342672;33.39551329612732
0.9;0.1;9;160;2;2;0.0053894044476379835;0.005389404447637953;0.07190061244267316;0.002589798869516692;2.6519368903079655e-05;0.8619485862700572;0.861941059421934;0.9238183899303868;0.8960316770545037;0.8959909218750245;0.9361511690481739;0.27058823529411763;0.9504684279557803;0.0007032818806346954;28.367687463760376
0.9;0.2;0;185;2;2;0.005394653606533855;0.005394653606534186;0.07213655810691472;0.002843885711182752;2.891119359851208e-05;0.8824886403666574;0.8824822333733239;0.937524962985279;0.9126112328590039;0.912576967009237;0.9487522400745583;0.26860779020439646;0.9449848475411184;0.0008656005532259193;29.509055852890015
0.9;0.2;1;167;2;2;0.0053901893783338236;0.005390189378333802;0.0719135601185796;0.002603617038871144;2.7127327298794258e-05;0.8645473942528321;0.8645400091037821;0.925562545534765;0.8987236988194924;0.8986839970958482;0.9382454929622621;0.2709739633558341;0.9515344676255864;0.0006736930313780039;24.56649136543274
0.9;0.2;2;154;2;2;0.005396869452566744;0.005396869452566837;0.07212856325153717;0.002835165825513817;2.7284888412756547e-05;0.8962692879951422;0.8962636323616565;0.946326609525069;0.9213282983725248;0.9212974457905684;0.9550843946198231;0.26655119322555815;0.9392722623998311;0.0010556235322867862;29.320717811584473
0.9;0.2;3;329;2;2;0.005414217881979715;0.005414217881979665;0.07212250762761967;0.0028305531175324603;3.372640183852837e-05;0.9816182109760813;0.981617208741427;0.9930592429923337;0.9841727057431566;0.9841664920110842;0.9935201916255721;0.2604266769171632;0.9221498451744892;0.0017254387416342672;38.23301339149475
0.9;0.2;4;146;2;2;0.0053901893783338236;0.005390189378333802;0.0719135601185796;0.002603617038871144;2.7127327298794258e-05;0.8645473942528321;0.8645400091037821;0.925562545534765;0.8987236988194924;0.8986839970958482;0.9382454929622621;0.2709739633558341;0.9515344676255864;0.0006736930313780039;17.230323791503906
0.9;0.2;5;168;2;2;0.00430759027134877;0.0043075902713487595;0.09069291599734713;0.02279792410666145;0.00043563285609420473;0.004662332230110305;0.004608057904830455;0.006402047556729057;0.003914561981091802;0.003523365193638665;0.005977792487504649;0.14961048158640228;0.5808244914941476;0.05328034964145567;23.984522819519043
0.9;0.2;6;170;2;2;0.0053894044476379835;0.005389404447637953;0.07190061244267316;0.002589798869516692;2.6519368903079655e-05;0.8619485862700572;0.861941059421934;0.9238183899303868;0.8960316770545037;0.8959909218750245;0.9361511690481739;0.27058823529411763;0.9504684279557803;0.0007032818806346954;22.902351140975952
0.9;0.2;7;162;2;2;0.004302968995168437;0.004302968995168396;0.09058886113917067;0.022685264598546737;0.00043179142408256794;0.005204600369674935;0.005150356048199882;0.007152479702434543;0.004684093715335038;0.004293309862585056;0.007078180455960574;0.1503186968838527;0.5832146682824944;0.05266757451207295;27.157695293426514
0.9;0.2;8;170;2;2;0.0053894044476379835;0.005389404447637953;0.07190061244267316;0.002589798869516692;2.6519368903079655e-05;0.8619485862700572;0.861941059421934;0.9238183899303868;0.8960316770545037;0.8959909218750245;0.9361511690481739;0.27058823529411763;0.9504684279557803;0.0007032818806346954;24.83698582649231
0.9;0.2;9;143;2;2;0.005414217881979715;0.005414217881979665;0.07212250762761967;0.0028305531175324603;3.372640183852837e-05;0.9816182109760813;0.981617208741427;0.9930592429923337;0.9841727057431566;0.9841664920110842;0.9935201916255721;0.2604266769171632;0.9221498451744892;0.0017254387416342672;26.79496955871582
0.9;0.3;0;146;2;2;0.005401309195523234;0.005401309195522963;0.07210944135138962;0.0028155731253750307;2.8014252692352685e-05;0.9188784956045969;0.9188740726365331;0.9601985289883533;0.933487030406483;0.9334609404140802;0.9635600646518264;0.2655105973025048;0.9363747373437157;0.0011546602002319734;26.00837206840515
0.9;0.3;1;284;2;2;0.0054169310348879075;0.005416931034887882;0.0720539070527664;0.002756245748500636;3.202924050752966e-05;0.9951697068489798;0.9951694434872034;0.9984890838016055;0.9938618964215906;0.9938594862937913;0.9978377188595374;0.2608528620822128;0.9233467233507311;0.0016754744997313775;38.77237057685852
0.9;0.3;2;200;2;2;0.005393722553145111;0.005393722553145037;0.07208241698724123;0.0027852840834943667;2.8194942034571963e-05;0.8794173910850897;0.8794108166658795;0.9354771621027294;0.9097731015723929;0.9097377246289666;0.9466462065876763;0.2694680030840401;0.9473687606548512;0.0007937143248977728;29.98643445968628
0.9;0.3;3;210;2;2;0.005392866065809665;0.005392866065809321;0.07202226278564808;0.0027207480072852473;2.8772911021898753e-05;0.881187087740738;0.8811806098024093;0.9366470599029705;0.9069664551994954;0.9069299795861538;0.9445425152509057;0.2690824980724749;0.9463008079272353;0.0008258185566784506;31.727510452270508
0.9;0.3;4;140;2;2;0.0053901893783338236;0.005390189378333802;0.0719135601185796;0.00260361703887113;2.7127327298794258e-05;0.8645473942528321;0.8645400091037821;0.925562545534765;0.8987236988194924;0.8986839970958482;0.9382454929622621;0.2709739633558341;0.9515344676255864;0.0006736930313780039;22.80009174346924
0.9;0.3;5;316;2;2;0.005391095737910148;0.00539109573791024;0.07199248899583342;0.0026886402456725586;2.7738033106030552e-05;0.8627853502905345;0.8627778690572365;0.9243995923808597;0.9014428405773646;0.901404203004383;0.9403421585558512;0.2714285714285714;0.9527900411163953;0.0006384634932459533;42.4400589466095
0.9;0.3;6;128;2;2;0.005414217881979715;0.005414217881979665;0.07212250762761967;0.0028305531175324603;3.372640183852837e-05;0.9816182109760813;0.981617208741427;0.9930592429923337;0.9841727057431566;0.9841664920110842;0.9935201916255721;0.2604266769171632;0.9221498451744892;0.0017254387416342672;25.946425437927246
0.9;0.3;7;181;2;2;0.005414217881979715;0.005414217881979665;0.07212250762761967;0.0028305531175324746;3.372640183852837e-05;0.9816182109760812;0.9816172087414269;0.9930592429923337;0.9841727057431566;0.9841664920110842;0.9935201916255721;0.2604266769171632;0.9221498451744892;0.0017254387416342672;32.504488468170166
0.9;0.3;8;260;2;2;0.0053894044476379835;0.005389404447637953;0.07190061244267316;0.002589798869516692;2.6519368903079655e-05;0.861948586270057;0.8619410594219339;0.9238183899303868;0.8960316770545037;0.8959909218750245;0.9361511690481739;0.27058823529411763;0.9504684279557803;0.0007032818806346954;43.952932357788086
0.9;0.3;9;132;2;2;0.005415785582142517;0.005415785582142587;0.0720400440632132;0.0027417297141005257;3.334445870020468e-05;0.987306357961986;0.9873056658648346;0.995470678037114;0.9888118210939335;0.9888074283582899;0.9956777827760513;0.26105344098423683;0.9239097396454571;0.0016490258660387877;28.164987325668335
0.9;0.4;0;178;2;2;0.00428425953228705;0.004284259532286992;0.08980132279972185;0.02183997184098637;0.0004107971130243552;0.01855108142375407;0.0184975643224788;0.025567976129863453;0.017648579486467673;0.017262964229811845;0.02572182638573388;0.14943342776203966;0.5802264870812591;0.053434336495432236;30.31941533088684
0.9;0.4;1;193;2;2;0.0053901893783338236;0.005390189378333802;0.0719135601185796;0.002603617038871144;2.7127327298794258e-05;0.8645473942528321;0.8645400091037821;0.925562545534765;0.8987236988194924;0.8986839970958482;0.9382454929622621;0.2709739633558341;0.9515344676255864;0.0006736930313780039;31.342212438583374
0.9;0.4;2;206;2;2;0.0053894044476379835;0.005389404447637953;0.07190061244267316;0.002589798869516692;2.6519368903079655e-05;0.8619485862700572;0.861941059421934;0.9238183899303868;0.8960316770545037;0.8959909218750245;0.9361511690481739;0.27058823529411763;0.9504684279557803;0.0007032818806346954;28.934537649154663
0.9;0.4;3;152;2;2;0.0053901893783338236;0.005390189378333802;0.0719135601185796;0.00260361703887113;2.7127327298794258e-05;0.8645473942528321;0.8645400091037821;0.925562545534765;0.8987236988194924;0.8986839970958482;0.9382454929622621;0.2709739633558341;0.9515344676255864;0.0006736930313780039;25.9935884475708
0.9;0.4;4;146;2;2;0.0053894044476379835;0.005389404447637953;0.07190061244267316;0.002589798869516692;2.6519368903079655e-05;0.861948586270057;0.8619410594219339;0.9238183899303868;0.8960316770545037;0.8959909218750245;0.9361511690481739;0.27058823529411763;0.9504684279557803;0.0007032818806346954;23.64545178413391
0.9;0.4;5;142;2;2;0.0053894044476379835;0.005389404447637953;0.07190061244267316;0.002589798869516692;2.6519368903079655e-05;0.861948586270057;0.8619410594219339;0.9238183899303868;0.8960316770545037;0.8959909218750245;0.9361511690481739;0.27058823529411763;0.9504684279557803;0.0007032818806346954;25.524742603302002
0.9;0.4;6;192;2;2;0.005414217881979715;0.005414217881979665;0.07212250762761967;0.0028305531175324746;3.372640183852837e-05;0.9816182109760812;0.9816172087414269;0.9930592429923337;0.9841727057431566;0.9841664920110842;0.9935201916255721;0.2604266769171632;0.9221498451744892;0.0017254387416342672;29.11673355102539
0.9;0.4;7;161;2;2;0.0053901893783338236;0.005390189378333802;0.0719135601185796;0.00260361703887113;2.7127327298794258e-05;0.8645473942528321;0.8645400091037821;0.925562545534765;0.8987236988194924;0.8986839970958482;0.9382454929622621;0.2709739633558341;0.9515344676255864;0.0006736930313780039;29.1084144115448
0.9;0.4;8;184;2;2;0.005414217881979715;0.005414217881979665;0.07212250762761967;0.0028305531175324746;3.372640183852837e-05;0.9816182109760812;0.9816172087414269;0.9930592429923337;0.9841727057431566;0.9841664920110842;0.9935201916255721;0.2604266769171632;0.9221498451744892;0.0017254387416342672;32.42607283592224
0.9;0.4;9;158;2;2;0.0053901893783338236;0.005390189378333802;0.0719135601185796;0.00260361703887113;2.7127327298794258e-05;0.8645473942528321;0.8645400091037821;0.925562545534765;0.8987236988194924;0.8986839970958482;0.9382454929622621;0.2709739633558341;0.9515344676255864;0.0006736930313780039;28.209338426589966
0.9;0.5;0;175;2;2;0.005414217881979715;0.005414217881979665;0.07212250762761967;0.0028305531175324746;3.372640183852837e-05;0.9816182109760812;0.9816172087414269;0.9930592429923337;0.9841727057431566;0.9841664920110842;0.9935201916255721;0.2604266769171632;0.9221498451744892;0.0017254387416342672;27.854729652404785
0.9;0.5;1;157;2;2;0.005414217881979715;0.005414217881979665;0.07212250762761967;0.0028305531175324746;3.372640183852837e-05;0.9816182109760812;0.9816172087414269;0.9930592429923337;0.9841727057431566;0.9841664920110842;0.9935201916255721;0.2604266769171632;0.9221498451744892;0.0017254387416342672;22.559465646743774
0.9;0.5;2;429;2;2;0.0053901893783338236;0.005390189378333802;0.0719135601185796;0.002603617038871144;2.7127327298794258e-05;0.8645473942528321;0.8645400091037821;0.925562545534765;0.8987236988194924;0.8986839970958482;0.9382454929622621;0.2709739633558341;0.9515344676255864;0.0006736930313780039;64.49172258377075
0.9;0.5;3;173;2;2;0.0053894044476379835;0.005389404447637953;0.07190061244267316;0.002589798869516692;2.6519368903079655e-05;0.8619485862700572;0.861941059421934;0.9238183899303868;0.8960316770545037;0.8959909218750245;0.9361511690481739;0.27058823529411763;0.9504684279557803;0.0007032818806346954;29.369741916656494
0.9;0.5;4;157;2;2;0.005414217881979715;0.005414217881979665;0.07212250762761967;0.0028305531175324746;3.372640183852837e-05;0.9816182109760812;0.9816172087414269;0.9930592429923337;0.9841727057431566;0.9841664920110842;0.9935201916255721;0.2604266769171632;0.9221498451744892;0.0017254387416342672;26.835684299468994
0.9;0.5;5;219;2;2;0.0054185673907864605;0.005418567390786351;0.07205559863253942;0.002758156577605394;3.2289895647640446e-05;1.0;1.0;1.0;1.0;1.0;1.0;0.2606607760276604;0.922807378170689;0.0016987224353218582;35.46453142166138
0.9;0.5;6;206;2;2;0.0054169310348879075;0.005416931034887882;0.0720539070527664;0.002756245748500636;3.202924050752966e-05;0.9951697068489798;0.9951694434872034;0.9984890838016055;0.9938618964215906;0.9938594862937913;0.9978377188595374;0.2608528620822128;0.9233467233507311;0.0016754744997313775;33.64790368080139
0.9;0.5;7;522;2;2;0.005414217881979715;0.005414217881979665;0.07212250762761967;0.0028305531175324603;3.372640183852837e-05;0.9816182109760813;0.981617208741427;0.9930592429923337;0.9841727057431566;0.9841664920110842;0.9935201916255721;0.2604266769171632;0.9221498451744892;0.0017254387416342672;71.12157988548279
0.9;0.5;8;179;2;2;0.005414217881979715;0.005414217881979665;0.07212250762761967;0.0028305531175324603;3.372640183852837e-05;0.9816182109760813;0.981617208741427;0.9930592429923337;0.9841727057431566;0.9841664920110842;0.9935201916255721;0.2604266769171632;0.9221498451744892;0.0017254387416342672;32.60249042510986
0.9;0.5;9;202;2;2;0.0053901893783338236;0.005390189378333802;0.0719135601185796;0.002603617038871144;2.7127327298794258e-05;0.8645473942528321;0.8645400091037821;0.925562545534765;0.8987236988194924;0.8986839970958482;0.9382454929622621;0.2709739633558341;0.9515344676255864;0.0006736930313780039;30.903798818588257
0.9;0.6;0;280;2;2;0.0053894044476379835;0.005389404447637953;0.07190061244267316;0.002589798869516692;2.6519368903079655e-05;0.861948586270057;0.8619410594219339;0.9238183899303868;0.8960316770545037;0.8959909218750245;0.9361511690481739;0.27058823529411763;0.9504684279557803;0.0007032818806346954;39.63915228843689
0.9;0.6;1;137;2;2;0.005414217881979715;0.005414217881979665;0.07212250762761967;0.0028305531175324746;3.372640183852837e-05;0.9816182109760812;0.9816172087414269;0.9930592429923337;0.9841727057431566;0.9841664920110842;0.9935201916255721;0.2604266769171632;0.9221498451744892;0.0017254387416342672;22.01018190383911
0.9;0.6;2;222;2;2;0.0053901893783338236;0.005390189378333802;0.0719135601185796;0.00260361703887113;2.7127327298794258e-05;0.8645473942528321;0.8645400091037821;0.925562545534765;0.8987236988194924;0.8986839970958482;0.9382454929622621;0.2709739633558341;0.9515344676255864;0.0006736930313780039;35.11859917640686
0.9;0.6;3;244;2;2;0.005396161239563998;0.005396161239563916;0.07207187332615583;0.0027745052817548534;2.8114888353952024e-05;0.8897464772790666;0.8897404659922941;0.9422140573726647;0.9183873346562351;0.9183553303953792;0.9529713339719892;0.2672447013487476;0.9412006837666445;0.0009884061058733368;41.7322301864624
0.9;0.6;4;148;2;2;0.0053894044476379835;0.005389404447637953;0.07190061244267316;0.002589798869516692;2.6519368903079655e-05;0.8619485862700572;0.861941059421934;0.9238183899303868;0.8960316770545037;0.8959909218750245;0.9361511690481739;0.27058823529411763;0.9504684279557803;0.0007032818806346954;25.379319429397583
0.9;0.6;5;198;2;2;0.0053894044476379835;0.005389404447637953;0.07190061244267316;0.002589798869516692;2.6519368903079655e-05;0.8619485862700572;0.861941059421934;0.9238183899303868;0.8960316770545037;0.8959909218750245;0.9361511690481739;0.27058823529411763;0.9504684279557803;0.0007032818806346954;29.547919034957886
0.9;0.6;6;227;2;2;0.0053901893783338236;0.005390189378333802;0.0719135601185796;0.002603617038871144;2.7127327298794258e-05;0.8645473942528321;0.8645400091037821;0.925562545534765;0.8987236988194924;0.8986839970958482;0.9382454929622621;0.2709739633558341;0.9515344676255864;0.0006736930313780039;35.599838972091675
0.9;0.6;7;187;2;2;0.0053894044476379835;0.005389404447637953;0.07190061244267316;0.002589798869516692;2.6519368903079655e-05;0.8619485862700572;0.861941059421934;0.9238183899303868;0.8960316770545037;0.8959909218750245;0.9361511690481739;0.27058823529411763;0.9504684279557803;0.0007032818806346954;29.406860828399658
0.9;0.6;8;168;2;2;0.0053894044476379835;0.005389404447637953;0.07190061244267316;0.002589798869516692;2.6519368903079655e-05;0.8619485862700572;0.861941059421934;0.9238183899303868;0.8960316770545037;0.8959909218750245;0.9361511690481739;0.27058823529411763;0.9504684279557803;0.0007032818806346954;27.37829828262329
0.9;0.6;9;154;2;2;0.0053894044476379835;0.005389404447637953;0.07190061244267316;0.002589798869516692;2.6519368903079655e-05;0.8619485862700572;0.861941059421934;0.9238183899303868;0.8960316770545037;0.8959909218750245;0.9361511690481739;0.27058823529411763;0.9504684279557803;0.0007032818806346954;28.59522271156311
0.9;0.7;0;211;2;2;0.005393722553145111;0.005393722553145037;0.07208241698724123;0.0027852840834943385;2.8194942034571963e-05;0.8794173910850897;0.8794108166658795;0.9354771621027294;0.9097731015723928;0.9097377246289664;0.9466462065876763;0.2694680030840401;0.9473687606548512;0.0007937143248977728;27.541364431381226
0.9;0.7;1;279;2;2;0.005393722553145111;0.005393722553145037;0.07208241698724123;0.0027852840834943667;2.8194942034571963e-05;0.8794173910850897;0.8794108166658795;0.9354771621027294;0.9097731015723928;0.9097377246289664;0.9466462065876763;0.2694680030840401;0.9473687606548512;0.0007937143248977728;40.84712886810303
0.9;0.7;2;166;2;2;0.0053894044476379835;0.005389404447637953;0.07190061244267316;0.002589798869516692;2.6519368903079655e-05;0.861948586270057;0.8619410594219339;0.9238183899303868;0.8960316770545037;0.8959909218750245;0.9361511690481739;0.27058823529411763;0.9504684279557803;0.0007032818806346954;29.812160968780518
0.9;0.7;3;198;2;2;0.005414217881979715;0.005414217881979665;0.07212250762761967;0.0028305531175324746;3.372640183852837e-05;0.9816182109760812;0.9816172087414269;0.9930592429923337;0.9841727057431566;0.9841664920110842;0.9935201916255721;0.2604266769171632;0.9221498451744892;0.0017254387416342672;24.981005430221558
0.9;0.7;4;156;2;2;0.005393722553145111;0.005393722553145037;0.07208241698724123;0.0027852840834943385;2.8194942034571963e-05;0.8794173910850897;0.8794108166658795;0.9354771621027294;0.9097731015723928;0.9097377246289664;0.9466462065876763;0.2694680030840401;0.9473687606548512;0.0007937143248977728;26.162132024765015
0.9;0.7;5;273;2;2;0.005391095737910148;0.00539109573791024;0.07199248899583344;0.0026886402456725443;2.7738033106030552e-05;0.8627853502905343;0.8627778690572363;0.9243995923808597;0.9014428405773646;0.901404203004383;0.9403421585558512;0.2714285714285714;0.9527900411163953;0.0006384634932459533;41.41100335121155
0.9;0.7;6;140;2;2;0.005414217881979715;0.005414217881979665;0.07212250762761967;0.0028305531175324603;3.372640183852837e-05;0.9816182109760813;0.981617208741427;0.9930592429923337;0.9841727057431566;0.9841664920110842;0.9935201916255721;0.2604266769171632;0.9221498451744892;0.0017254387416342672;27.78572678565979
0.9;0.7;7;204;2;2;0.005414217881979715;0.005414217881979665;0.07212250762761967;0.0028305531175324746;3.372640183852837e-05;0.9816182109760812;0.9816172087414269;0.9930592429923337;0.9841727057431566;0.9841664920110842;0.9935201916255721;0.2604266769171632;0.9221498451744892;0.0017254387416342672;23.746448278427124
0.9;0.7;8;146;2;2;0.0053894044476379835;0.005389404447637953;0.07190061244267316;0.002589798869516692;2.6519368903079655e-05;0.861948586270057;0.8619410594219339;0.9238183899303868;0.8960316770545037;0.8959909218750245;0.9361511690481739;0.27058823529411763;0.9504684279557803;0.0007032818806346954;26.149041414260864
0.9;0.7;9;157;2;2;0.0053901893783338236;0.005390189378333802;0.0719135601185796;0.00260361703887113;2.7127327298794258e-05;0.8645473942528321;0.8645400091037821;0.925562545534765;0.8987236988194924;0.8986839970958482;0.9382454929622621;0.2709739633558341;0.9515344676255864;0.0006736930313780039;28.73479175567627
0.9;0.8;0;177;2;2;0.005396869452566744;0.005396869452566837;0.07212856325153717;0.002835165825513817;2.7284888412756547e-05;0.8962692879951422;0.8962636323616565;0.946326609525069;0.9213282983725248;0.9212974457905684;0.9550843946198231;0.26655119322555815;0.9392722623998311;0.0010556235322867862;24.67877984046936
0.9;0.8;1;227;2;2;0.0054030323110680145;0.005403032311068154;0.07201749846676762;0.0027161398587166926;2.8972835932310836e-05;0.87312510155998;0.8731181840313345;0.9313882765612165;0.887206404980942;0.887162161218333;0.9382447114726197;0.2694980694980695;0.9474520254551273;0.000788925078103804;34.97163105010986
0.9;0.8;2;204;2;2;0.0053894044476379835;0.005389404447637953;0.07190061244267316;0.002589798869516692;2.6519368903079655e-05;0.861948586270057;0.8619410594219339;0.9238183899303868;0.8960316770545037;0.8959909218750245;0.9361511690481739;0.27058823529411763;0.9504684279557803;0.0007032818806346954;28.416608095169067
0.9;0.8;3;241;2;2;0.005394653606533855;0.005394653606534186;0.07213655810691472;0.002843885711182752;2.891119359851208e-05;0.8824886403666575;0.882482233373324;0.937524962985279;0.9126112328590039;0.912576967009237;0.9487522400745583;0.26860779020439646;0.9449848475411184;0.0008656005532259193;38.32313656806946
0.9;0.8;4;211;2;2;0.0053894044476379835;0.005389404447637953;0.07190061244267316;0.002589798869516692;2.6519368903079655e-05;0.861948586270057;0.8619410594219339;0.9238183899303868;0.8960316770545037;0.8959909218750245;0.9361511690481739;0.27058823529411763;0.9504684279557803;0.0007032818806346954;29.46763801574707
0.9;0.8;5;349;2;2;0.0053901893783338236;0.005390189378333802;0.0719135601185796;0.002603617038871144;2.7127327298794258e-05;0.8645473942528321;0.8645400091037821;0.925562545534765;0.8987236988194924;0.8986839970958482;0.9382454929622621;0.2709739633558341;0.9515344676255864;0.0006736930313780039;42.40051770210266
0.9;0.8;6;289;2;2;0.0053894044476379835;0.005389404447637953;0.07190061244267316;0.002589798869516692;2.6519368903079655e-05;0.8619485862700572;0.861941059421934;0.9238183899303868;0.8960316770545037;0.8959909218750245;0.9361511690481739;0.27058823529411763;0.9504684279557803;0.0007032818806346954;42.435630321502686
0.9;0.8;7;166;2;2;0.005391095737910148;0.00539109573791024;0.07199248899583344;0.0026886402456725443;2.7738033106030552e-05;0.8627853502905343;0.8627778690572363;0.9243995923808597;0.9014428405773645;0.9014042030043828;0.9403421585558512;0.2714285714285714;0.9527900411163953;0.0006384634932459533;29.688143491744995
0.9;0.8;8;163;2;2;0.0053894044476379835;0.005389404447637953;0.07190061244267316;0.002589798869516692;2.6519368903079655e-05;0.8619485862700572;0.861941059421934;0.9238183899303868;0.8960316770545037;0.8959909218750245;0.9361511690481739;0.27058823529411763;0.9504684279557803;0.0007032818806346954;25.164804697036743
0.9;0.8;9;283;2;2;0.0053901893783338236;0.005390189378333802;0.0719135601185796;0.002603617038871144;2.7127327298794258e-05;0.8645473942528321;0.8645400091037821;0.925562545534765;0.8987236988194924;0.8986839970958482;0.9382454929622621;0.2709739633558341;0.9515344676255864;0.0006736930313780039;40.72282409667969
0.9;0.9;0;560;3;3;0.0035868940866444986;0.003579305730281533;0.12421873262602245;0.014837091761597126;0.0006004298602142329;0.3874242281008942;0.387372304721086;0.41452702924490653;0.5232356762498753;0.5229439389546152;0.5268114628387286;0.2709347614410906;0.9406841780347269;0.000906615788128847;69.10797023773193
0.9;0.9;1;145;2;2;0.0054030323110680145;0.005403032311068154;0.07201749846676762;0.0027161398587166926;2.8972835932310836e-05;0.87312510155998;0.8731181840313345;0.9313882765612165;0.887206404980942;0.887162161218333;0.9382447114726197;0.2694980694980695;0.9474520254551273;0.000788925078103804;25.33914875984192
0.9;0.9;2;374;2;2;0.0054185673907864605;0.005418567390786351;0.07205559863253942;0.002758156577605394;3.2289895647640446e-05;1.0;1.0;1.0;1.0;1.0;1.0;0.2606607760276604;0.922807378170689;0.0016987224353218582;53.65237092971802
0.9;0.9;3;260;2;2;0.005408338093028784;0.0054083380930285575;0.0720663265183495;0.0027702799642507553;3.0467532460819425e-05;0.9423615702392607;0.9423584276023912;0.9735747290393721;0.9567014768705318;0.9566844858029486;0.9784827013350585;0.2653415669625627;0.9359036247451007;0.0011681980527572869;35.54805088043213
0.9;0.9;4;154;2;2;0.0053894044476379835;0.005389404447637953;0.07190061244267316;0.002589798869516692;2.6519368903079655e-05;0.861948586270057;0.8619410594219339;0.9238183899303868;0.8960316770545037;0.8959909218750245;0.9361511690481739;0.27058823529411763;0.9504684279557803;0.0007032818806346954;23.583205699920654
0.9;0.9;5;272;2;2;0.005404805779098146;0.00540480577909806;0.07203281541938195;0.002733766627600258;2.875812685189801e-05;0.9290516950343072;0.9290478267174166;0.9661320846843028;0.9430863964373524;0.943064067986554;0.9699414193417147;0.26532973389895875;0.9358706395296544;0.0011710647279222167;40.504945039749146
0.9;0.9;6;225;2;2;0.0053894044476379835;0.005389404447637953;0.07190061244267316;0.002589798869516692;2.6519368903079655e-05;0.861948586270057;0.8619410594219339;0.9238183899303868;0.8960316770545037;0.8959909218750245;0.9361511690481739;0.27058823529411763;0.9504684279557803;0.0007032818806346954;31.33980679512024
0.9;0.9;7;137;2;2;0.0053894044476379835;0.005389404447637953;0.07190061244267316;0.002589798869516692;2.6519368903079655e-05;0.8619485862700572;0.861941059421934;0.9238183899303868;0.8960316770545037;0.8959909218750245;0.9361511690481739;0.27058823529411763;0.9504684279557803;0.0007032818806346954;27.716537475585938
0.9;0.9;8;165;2;2;0.0053894044476379835;0.005389404447637953;0.07190061244267316;0.002589798869516692;2.6519368903079655e-05;0.861948586270057;0.8619410594219339;0.9238183899303868;0.8960316770545037;0.8959909218750245;0.9361511690481739;0.27058823529411763;0.9504684279557803;0.0007032818806346954;22.3548686504364
0.9;0.9;9;159;2;2;0.0053901893783338236;0.005390189378333802;0.0719135601185796;0.00260361703887113;2.7127327298794258e-05;0.8645473942528321;0.8645400091037821;0.925562545534765;0.8987236988194924;0.8986839970958482;0.9382454929622621;0.2709739633558341;0.9515344676255864;0.0006736930313780039;23.346344709396362
0.9;1.0;0;189;2;2;0.005386317510380612;0.005386317510380441;0.07234326143259875;0.0030663025317458127;2.9739146038525132e-05;0.8168522187857719;0.8168422331156757;0.8909919422578393;0.8547478667534689;0.8546909258898545;0.9132672454982677;0.28632148377125194;0.9933927619904855;1.2615510310896296e-05;26.703587532043457
0.9;1.0;1;299;2;2;0.005264852593792966;0.005264852593793085;0.07212404299448544;0.0028317122578577366;2.950287351468658e-05;0.8479832022155264;0.8479749138057712;0.9128102666550939;0.9041900771444015;0.9041525148032918;0.9424411659462228;0.2856592135697764;0.9915797257708832;2.048988682404611e-05;36.07394337654114
0.9;1.0;2;145;2;2;0.005384564867520496;0.005384564867520928;0.0720695811114438;0.002772410062510897;2.911238597391154e-05;0.838936411045346;0.8389276294413671;0.9067551340479726;0.8987236988194924;0.8986839970958482;0.9382454929622621;0.2861556284997104;0.9929395029355849;1.4405903011092437e-05;23.287668466567993
0.9;1.0;3;153;2;2;0.00537904945590112;0.0053790494559009154;0.07218982232852994;0.0029021304171093455;2.862874330060436e-05;0.8214349817380924;0.8214252458651197;0.8941335240364152;0.8804018997316876;0.8803550296957426;0.9236343942965668;0.285824493731919;0.9920329848257837;1.834308192461909e-05;23.804466009140015
0.9;1.0;4;135;2;2;0.005385496751440173;0.005385496751439956;0.07212636391424163;0.0028335122549783096;2.9329396537995158e-05;0.8361088523375931;0.8360999165611621;0.9047412339858295;0.9014428405773645;0.9014042030043828;0.9403421585558512;0.2861003861003861;0.9927884165839514;1.5029098991454961e-05;20.930829286575317
0.9;1.0;5;188;2;2;0.005278641838649526;0.005278641838649453;0.07197594295758952;0.0026722788049534465;2.7806337497715563e-05;0.8318155272721185;0.8318063573760303;0.9015810570501287;0.9041900771444015;0.9041525148032918;0.9424411659462228;0.285824493731919;0.9920329848257837;1.834308192461909e-05;26.536673545837402
0.9;1.0;6;129;2;2;0.005279534425781447;0.0052795344257814385;0.07219772097135514;0.0029099668043229975;3.0596579014432906e-05;0.8347899853359108;0.8347809776709837;0.9038788192788211;0.8748434701021294;0.8747943823594175;0.9298812627645342;0.2862661773227738;0.9932416756388519;1.3199108988211665e-05;26.68271231651306
0.9;1.0;7;230;2;2;0.005278641838649526;0.005278641838649453;0.07197594295758952;0.0026722788049534465;2.7806337497715563e-05;0.8318155272721185;0.8318063573760303;0.9015810570501287;0.9041900771444015;0.9041525148032918;0.9424411659462228;0.285824493731919;0.9920329848257837;1.834308192461909e-05;30.140315532684326
0.9;1.0;8;153;2;2;0.005382125960454236;0.0053821259604541925;0.07209751740489294;0.0028026745592218847;2.8483345925871283e-05;0.8321185225438752;0.8321093691901343;0.9018681174145952;0.8907254113829454;0.8906825799556862;0.9319695457906109;0.2859899652643767;0.9924862438806843;1.6315090531016313e-05;26.287678003311157
0.9;1.0;9;314;4;3;0.0023719283415790642;0.003865181965097042;0.1524978957427949;0.012344025356862205;0.0004501514763052226;0.33964638477698406;0.3395742572610337;0.283543418393246;0.664661538067978;0.6644502921230552;0.6783722897422191;0.2539410555174777;0.9038355377739842;0.0036759979345378294;50.35763621330261
1.0;0.0;0;271;2;2;0.00538951061457272;0.005389510614572472;0.07210609694546927;0.0028154573595472205;2.96116361089041e-05;0.8606713688531342;0.8606637720235634;0.9229469290197565;0.8960316770545037;0.8959909218750245;0.9361511690481739;0.2732761978963771;0.9578837392340035;0.0005008818761643562;29.576250791549683
1.0;0.0;1;139;2;2;0.005397196826789971;0.0053971968267901675;0.07209263536874734;0.002803783600153789;3.3729280988713595e-05;0.8930075850219944;0.8930017511565238;0.9439754833067258;0.9213282983725247;0.9212974457905683;0.9550843946198231;0.26977015971951696;0.9482053626098004;0.0007540713445444783;18.38486909866333
1.0;0.0;2;222;2;2;0.00540560613350738;0.005405606133507349;0.07206712674068118;0.002778547972919118;3.341340329075739e-05;0.930082378793923;0.9300785663895643;0.9658349729314846;0.9463939267053658;0.9463728946259579;0.9720732243401865;0.26743280093494354;0.9417233639424762;0.0009517990582060855;28.167917251586914
1.0;0.0;3;144;2;2;0.0053940315918631415;0.005394031591862959;0.07213163602211908;0.002843622396668448;3.156322620913704e-05;0.8777335278808545;0.8777268613125975;0.9343079954140877;0.9097731015723928;0.9097377246289664;0.9466462065876763;0.27230229840280484;0.9552006518176439;0.0005660019677923948;17.519741773605347
1.0;0.0;4;178;2;2;0.005317183216674691;0.0053171832166748235;0.07208724519412726;0.0027963690701090743;2.912206460857452e-05;0.8464839364170126;0.846475565932021;0.9130991089717738;0.8868598707528151;0.8868155030533355;0.9361506573222251;0.2717179587066615;0.9535888268116023;0.0006069958883925357;19.59797716140747
1.0;0.0;5;375;2;2;0.0053940315918631415;0.005394031591862959;0.07213163602211908;0.002843622396668448;3.156322620913704e-05;0.8777335278808545;0.8777268613125975;0.9343079954140877;0.9097731015723928;0.9097377246289664;0.9466462065876763;0.27230229840280484;0.9552006518176439;0.0005660019677923948;45.079787492752075
1.0;0.0;6;208;2;2;0.00538951061457272;0.005389510614572472;0.07210609694546927;0.0028154573595472205;2.96116361089041e-05;0.8606713688531342;0.8606637720235634;0.9229469290197565;0.8960316770545037;0.8959909218750245;0.9361511690481739;0.2732761978963771;0.9578837392340035;0.0005008818761643562;27.862154483795166
1.0;0.0;7;153;2;2;0.005321565372591735;0.005321565372591554;0.0720656930874559;0.0027727552129061268;2.9324688283605104e-05;0.8468624235459367;0.8468540737335273;0.9133879968691903;0.8843416736743686;0.8842963087387737;0.9361503745227872;0.27230229840280484;0.9552006518176439;0.0005660019677923948;17.520235061645508
1.0;0.0;8;112;2;2;0.0035492162692165145;0.0035492162692166134;0.08594634223039571;0.01803015695481349;0.00028135660734573406;0.0034173619237768634;0.003362846500483446;0.00470595394304457;0.0038958047441840977;0.003504543151054595;0.005974787387925608;0.16556291390728478;0.6339586846543002;0.03583891468599905;13.317018508911133
1.0;0.0;9;439;3;3;0.0031006674249752773;0.0030318466985748203;0.134981130746388;0.02667873524404505;0.0006184871687362995;0.03741376517991289;0.037332324141355754;0.04683911162289608;0.03294843063613227;0.032347377419926396;0.03895182087157824;0.13467718375693835;0.5297309149136076;0.06177465625443973;53.110981464385986
1.0;0.1;0;181;2;2;0.00540560613350738;0.005405606133507349;0.07206712674068118;0.002778547972919118;3.341340329075739e-05;0.930082378793923;0.9300785663895643;0.9658349729314846;0.9463939267053658;0.9463728946259579;0.9720732243401865;0.26743280093494354;0.9417233639424762;0.0009517990582060855;21.274296760559082
1.0;0.1;1;163;2;2;0.005302978061736727;0.005302978061736988;0.0720498715028541;0.002755033272165668;2.7966965365125643e-05;0.8406523879821345;0.8406436996268334;0.9090594755186062;0.8960316770545037;0.8959909218750245;0.9361511690481739;0.2732761978963771;0.9578837392340035;0.0005008818761643562;21.384563207626343
1.0;0.1;2;129;2;2;0.0053054085951228435;0.0053054085951233666;0.07200054436397033;0.0027102907672393616;2.9920747010414217e-05;0.9566590523226909;0.9566566889937155;0.9783530072884937;1.0;1.0;1.0;0.2643163225555123;0.9330434174910234;0.0012516416363598428;16.329341411590576
1.0;0.1;3;215;2;2;0.005393143051332137;0.005393143051332189;0.07203330121958486;0.0027382443391788043;3.11542754350794e-05;0.875100172793523;0.8750933626226196;0.9325556158993387;0.9069664551994954;0.9069299795861538;0.9445425152509057;0.2719127386053759;0.9541262663695126;0.0005931709830121479;24.35917329788208
1.0;0.1;4;173;2;2;0.005317183216674691;0.0053171832166748235;0.07208724519412726;0.0027963690701090743;2.912206460857452e-05;0.8464839364170126;0.846475565932021;0.9130991089717738;0.8868598707528151;0.8868155030533355;0.9361506573222251;0.2717179587066615;0.9535888268116023;0.0006069958883925357;20.68677544593811
1.0;0.1;5;124;2;2;0.00530662425138296;0.005306624251382778;0.07209234159934357;0.0028093858013833795;3.140940118752633e-05;0.9438780801763348;0.9438750199037814;0.9723819871111903;0.9841727057431566;0.9841664920110842;0.9935201916255721;0.26392676275808336;0.9319554144944214;0.0012920429676024324;15.678846836090088
1.0;0.1;6;174;2;2;0.005401717720646929;0.005401717720646951;0.07219308532410236;0.002913343813289685;3.358716290652295e-05;0.9139847480825671;0.913980057946321;0.9566471678419244;0.933487030406483;0.9334609404140802;0.9635600646518264;0.2680171406310869;0.9433461039314274;0.0009001903557198203;24.539425373077393
1.0;0.1;7;142;2;2;0.005302978061736727;0.005302978061736988;0.0720498715028541;0.002755033272165668;2.7966965365125643e-05;0.8406523879821345;0.8406436996268334;0.9090594755186062;0.8960316770545037;0.8959909218750245;0.9361511690481739;0.2732761978963771;0.9578837392340035;0.0005008818761643562;16.806536436080933
1.0;0.1;8;154;2;2;0.0053054085951228435;0.0053054085951233666;0.07200054436397033;0.0027102907672393616;2.9920747010414217e-05;0.9566590523226909;0.9566566889937155;0.9783530072884937;1.0;1.0;1.0;0.2643163225555123;0.9330434174910234;0.0012516416363598428;19.736051321029663
1.0;0.1;9;179;2;2;0.005317183216674691;0.0053171832166748235;0.07208724519412726;0.0027963690701090743;2.912206460857452e-05;0.8464839364170126;0.846475565932021;0.9130991089717738;0.8868598707528151;0.8868155030533355;0.9361506573222251;0.2717179587066615;0.9535888268116023;0.0006069958883925357;24.45975399017334
1.0;0.2;0;197;2;2;0.00538951061457272;0.005389510614572472;0.07210609694546927;0.0028154573595472205;2.96116361089041e-05;0.8606713688531342;0.8606637720235634;0.9229469290197565;0.8960316770545037;0.8959909218750245;0.9361511690481739;0.2732761978963771;0.9578837392340035;0.0005008818761643562;25.310838222503662
1.0;0.2;1;298;4;3;0.0026054207342885946;0.0038407810367288332;0.16120166185758023;0.022690653595236306;0.0006766715868015142;0.2481726530199979;0.24809044615629372;0.22096825193986522;0.47891537709563886;0.4785979464604011;0.4779198063330174;0.07947019867549669;0.32856950723678086;0.13199526380393767;40.81604814529419
1.0;0.2;2;176;2;2;0.005317183216674691;0.0053171832166748235;0.07208724519412726;0.0027963690701090743;2.912206460857452e-05;0.8464839364170126;0.846475565932021;0.9130991089717738;0.8868598707528151;0.8868155030533355;0.9361506573222251;0.2717179587066615;0.9535888268116023;0.0006069958883925357;22.003332376480103
1.0;0.2;3;150;2;2;0.005312104996449617;0.005312104996449611;0.07200373689513495;0.002712224037762303;3.0503205141479862e-05;0.9400485116046354;0.9400452425691842;0.9708920875777501;0.9798005970166349;0.9797926673499051;0.9913649452843787;0.2656797818465134;0.9368461537263768;0.00111535513780954;19.75670051574707
1.0;0.2;4;270;2;2;0.00538951061457272;0.005389510614572472;0.07210609694546927;0.0028154573595472205;2.96116361089041e-05;0.8606713688531342;0.8606637720235634;0.9229469290197565;0.8960316770545037;0.8959909218750245;0.9361511690481739;0.2732761978963771;0.9578837392340035;0.0005008818761643562;31.35102891921997
1.0;0.2;5;146;2;2;0.005321565372591735;0.005321565372591554;0.0720656930874559;0.0027727552129061268;2.9324688283605104e-05;0.8468624235459367;0.8468540737335273;0.9133879968691903;0.8843416736743686;0.8842963087387737;0.9361503745227872;0.27230229840280484;0.9552006518176439;0.0005660019677923948;24.22899889945984
1.0;0.2;6;111;2;2;0.005302978061736727;0.005302978061736988;0.0720498715028541;0.002755033272165668;2.7966965365125643e-05;0.8406523879821345;0.8406436996268334;0.9090594755186062;0.8960316770545037;0.8959909218750245;0.9361511690481739;0.2732761978963771;0.9578837392340035;0.0005008818761643562;17.370041847229004
1.0;0.2;7;309;2;2;0.00538951061457272;0.005389510614572472;0.07210609694546927;0.0028154573595472205;2.96116361089041e-05;0.8606713688531342;0.8606637720235634;0.9229469290197565;0.8960316770545037;0.8959909218750245;0.9361511690481739;0.2732761978963771;0.9578837392340035;0.0005008818761643562;36.67229866981506
1.0;0.2;8;208;2;2;0.00540560613350738;0.005405606133507349;0.07206712674068118;0.002778547972919118;3.341340329075739e-05;0.930082378793923;0.9300785663895643;0.9658349729314846;0.9463939267053658;0.9463728946259579;0.9720732243401865;0.26743280093494354;0.9417233639424762;0.0009517990582060855;25.51878070831299
1.0;0.2;9;472;3;3;0.0032764336366996488;0.003217718278542956;0.13729580137952552;0.029335938629801453;0.0007247110440498487;0.010920836137294616;0.010837123118786637;0.013815691710550417;0.008882212213852126;0.008267502146990032;0.01181848996066156;0.1328855140186916;0.523510301285036;0.06720729418459372;57.642547607421875
1.0;0.3;0;92;2;2;0.0054080285325615865;0.00540802853256176;0.07212427261015286;0.00283996091406403;3.382451802469368e-05;0.931149920483087;0.9311461662886691;0.9664292422677495;0.953195946796028;0.9531775812341559;0.9763438652154919;0.26743280093494354;0.9417233639424762;0.0009517990582060855;13.981912851333618
1.0;0.3;1;279;2;2;0.00540560613350738;0.005405606133507349;0.07206712674068118;0.002778547972919118;3.341340329075739e-05;0.930082378793923;0.9300785663895643;0.9658349729314846;0.9463939267053658;0.9463728946259579;0.9720732243401865;0.26743280093494354;0.9417233639424762;0.0009517990582060855;32.77383852005005
1.0;0.3;2;162;2;2;0.005302978061736727;0.005302978061736988;0.0720498715028541;0.002755033272165668;2.7966965365125643e-05;0.8406523879821345;0.8406436996268334;0.9090594755186062;0.8960316770545037;0.8959909218750245;0.9361511690481739;0.2732761978963771;0.9578837392340035;0.0005008818761643562;24.50291156768799
1.0;0.3;3;163;2;2;0.00538951061457272;0.005389510614572472;0.07210609694546927;0.0028154573595472205;2.96116361089041e-05;0.8606713688531342;0.8606637720235634;0.9229469290197565;0.8960316770545037;0.8959909218750245;0.9361511690481739;0.2732761978963771;0.9578837392340035;0.0005008818761643562;21.527514696121216
1.0;0.3;4;149;2;2;0.004277643104911904;0.004277643104911986;0.08846906241602781;0.02074032076595868;0.0003594198486763874;0.005246019536256018;0.005191604144851573;0.007229873656183948;0.004885238460646796;0.004494714257552308;0.007278263529398787;0.16556291390728478;0.6339586846543002;0.03583891468599905;18.9654803276062
1.0;0.3;5;162;2;2;0.005302978061736727;0.005302978061736988;0.0720498715028541;0.002755033272165668;2.7966965365125643e-05;0.8406523879821345;0.8406436996268334;0.9090594755186062;0.8960316770545037;0.8959909218750245;0.9361511690481739;0.2732761978963771;0.9578837392340035;0.0005008818761643562;20.13636088371277
1.0;0.3;6;215;2;2;0.00540560613350738;0.005405606133507349;0.07206712674068118;0.002778547972919118;3.341340329075739e-05;0.930082378793923;0.9300785663895643;0.9658349729314846;0.9463939267053658;0.9463728946259579;0.9720732243401865;0.26743280093494354;0.9417233639424762;0.0009517990582060855;24.856403827667236
1.0;0.3;7;242;4;3;0.0021099231363851784;0.003349273284046308;0.15395877434724262;0.014237740062236045;0.0002652236939934482;0.24891275455446996;0.24883063459483168;0.2328975586192152;0.48276826910046317;0.48244345518406834;0.5298609994259791;0.08648227502921699;0.35525326248566247;0.12137696642260534;33.684847354888916
1.0;0.3;8;245;2;2;0.00530662425138296;0.005306624251382778;0.07209234159934357;0.0028093858013833795;3.140940118752633e-05;0.9438780801763348;0.9438750199037814;0.9723819871111903;0.9841727057431566;0.9841664920110842;0.9935201916255721;0.26392676275808336;0.9319554144944214;0.0012920429676024324;31.145345449447632
1.0;0.3;9;174;2;2;0.00538951061457272;0.005389510614572472;0.07210609694546927;0.0028154573595472205;2.96116361089041e-05;0.8606713688531342;0.8606637720235634;0.9229469290197565;0.8960316770545037;0.8959909218750245;0.9361511690481739;0.2732761978963771;0.9578837392340035;0.0005008818761643562;21.0921847820282
1.0;0.4;0;179;2;2;0.005302978061736727;0.005302978061736988;0.0720498715028541;0.002755033272165668;2.7966965365125643e-05;0.8406523879821345;0.8406436996268334;0.9090594755186062;0.8960316770545037;0.8959909218750245;0.9361511690481739;0.2732761978963771;0.9578837392340035;0.0005008818761643562;21.957711458206177
1.0;0.4;1;181;2;2;0.005317183216674691;0.0053171832166748235;0.07208724519412726;0.0027963690701090743;2.912206460857452e-05;0.8464839364170126;0.846475565932021;0.9130991089717738;0.8868598707528151;0.8868155030533355;0.9361506573222251;0.2717179587066615;0.9535888268116023;0.0006069958883925357;23.478474617004395
1.0;0.4;2;268;2;2;0.005406625376074937;0.005406625376075172;0.07212048234212862;0.0028358876274162184;3.355044153540282e-05;0.9290199137624401;0.929016043424956;0.9652408863489174;0.9497620903869566;0.9497423786062129;0.9742073729243647;0.26743280093494354;0.9417233639424762;0.0009517990582060855;35.0317702293396
1.0;0.4;3;201;2;2;0.00540560613350738;0.005405606133507349;0.07206712674068118;0.002778547972919118;3.341340329075739e-05;0.930082378793923;0.9300785663895643;0.9658349729314846;0.9463939267053658;0.9463728946259579;0.9720732243401865;0.26743280093494354;0.9417233639424762;0.0009517990582060855;31.45286774635315
1.0;0.4;4;178;2;2;0.005321565372591735;0.005321565372591554;0.0720656930874559;0.0027727552129061268;2.9324688283605104e-05;0.8468624235459367;0.8468540737335273;0.9133879968691903;0.8843416736743686;0.8842963087387737;0.9361503745227872;0.27230229840280484;0.9552006518176439;0.0005660019677923948;24.86900782585144
1.0;0.4;5;97;2;2;0.005302978061736727;0.005302978061736988;0.0720498715028541;0.002755033272165668;2.7966965365125643e-05;0.8406523879821345;0.8406436996268334;0.9090594755186062;0.8960316770545037;0.8959909218750245;0.9361511690481739;0.2732761978963771;0.9578837392340035;0.0005008818761643562;12.049572706222534
1.0;0.4;6;463;3;3;0.0033653052955421457;0.0033009481532077526;0.13634643794139215;0.02812909495335246;0.0005645673292927903;0.05196085205402812;0.051880689089554795;0.06407698649697227;0.0443385509173419;0.04374493186920104;0.04747963458639937;0.1398948598130841;0.5477351058272726;0.05232025218301323;54.2827787399292
1.0;0.4;7;198;2;2;0.00538951061457272;0.005389510614572472;0.07210609694546927;0.0028154573595472205;2.96116361089041e-05;0.8606713688531342;0.8606637720235634;0.9229469290197565;0.8960316770545037;0.8959909218750245;0.9361511690481739;0.2732761978963771;0.9578837392340035;0.0005008818761643562;23.7678644657135
1.0;0.4;8;324;2;2;0.00538951061457272;0.005389510614572472;0.07210609694546927;0.0028154573595472205;2.96116361089041e-05;0.8606713688531342;0.8606637720235634;0.9229469290197565;0.8960316770545037;0.8959909218750245;0.9361511690481739;0.2732761978963771;0.9578837392340035;0.0005008818761643562;37.63218641281128
1.0;0.4;9;410;2;2;0.005317183216674691;0.0053171832166748235;0.07208724519412726;0.0027963690701090743;2.912206460857452e-05;0.8464839364170126;0.846475565932021;0.9130991089717738;0.8868598707528151;0.8868155030533355;0.9361506573222251;0.2717179587066615;0.9535888268116023;0.0006069958883925357;50.39725399017334
1.0;0.5;0;161;2;2;0.005307341662715561;0.005307341662715518;0.07222002819692049;0.0029396951078515367;2.9670646330202695e-05;0.861683846572554;0.8616763048202892;0.9235278573733842;0.9097731015723929;0.9097377246289666;0.9466462065876763;0.27093883911180366;0.9514374212556452;0.0006638992986873361;18.50201964378357
1.0;0.5;1;121;2;2;0.0053940315918631415;0.005394031591862959;0.07213163602211908;0.002843622396668448;3.156322620913704e-05;0.8777335278808545;0.8777268613125975;0.9343079954140877;0.9097731015723929;0.9097377246289666;0.9466462065876763;0.27230229840280484;0.9552006518176439;0.0005660019677923948;15.256639957427979
1.0;0.5;2;191;2;2;0.0053054085951228435;0.0053054085951233666;0.07200054436397033;0.0027102907672393616;2.9920747010414217e-05;0.9566590523226909;0.9566566889937155;0.9783530072884937;1.0;1.0;1.0;0.2643163225555123;0.9330434174910234;0.0012516416363598428;25.492131233215332
1.0;0.5;3;291;4;3;0.002170860263251378;0.0034785624015374666;0.15281041296978262;0.012782915685625085;0.0002620586894087749;0.35250266779332323;0.3524319159661273;0.31626132211774155;0.6205653482270083;0.6203281736927355;0.6371037789884453;0.14413712504869497;0.5622524963525778;0.060529950194154525;39.92442011833191
1.0;0.5;4;289;2;2;0.005406625376074937;0.005406625376075172;0.07212048234212862;0.0028358876274162184;3.355044153540282e-05;0.9290199137624401;0.929016043424956;0.9652408863489174;0.9497620903869566;0.9497423786062129;0.9742073729243647;0.26743280093494354;0.9417233639424762;0.0009517990582060855;34.852503538131714
1.0;0.5;5;212;2;2;0.005302978061736727;0.005302978061736988;0.0720498715028541;0.002755033272165668;2.7966965365125643e-05;0.8406523879821345;0.8406436996268334;0.9090594755186062;0.8960316770545037;0.8959909218750245;0.9361511690481739;0.2732761978963771;0.9578837392340035;0.0005008818761643562;32.31713819503784
1.0;0.5;6;162;2;2;0.00538951061457272;0.005389510614572472;0.07210609694546927;0.0028154573595472205;2.96116361089041e-05;0.8606713688531342;0.8606637720235634;0.9229469290197565;0.8960316770545037;0.8959909218750245;0.9361511690481739;0.2732761978963771;0.9578837392340035;0.0005008818761643562;20.139988660812378
1.0;0.5;7;347;3;3;0.00305989362151055;0.00298494105954605;0.13374078361811162;0.025245674750074536;0.0005177843367563916;0.06271019804612675;0.0626309170983127;0.077428818945774;0.06113390096994509;0.06054911654690946;0.0668301646693196;0.14431784983932222;0.5628685614356239;0.053884831804384074;49.20832967758179
1.0;0.5;8;247;2;2;0.005302978061736727;0.005302978061736988;0.0720498715028541;0.002755033272165668;2.7966965365125643e-05;0.8406523879821345;0.8406436996268334;0.9090594755186062;0.8960316770545037;0.8959909218750245;0.9361511690481739;0.2732761978963771;0.9578837392340035;0.0005008818761643562;34.35458469390869
1.0;0.5;9;168;2;2;0.0054080285325615865;0.00540802853256176;0.07212427261015286;0.00283996091406403;3.382451802469368e-05;0.931149920483087;0.9311461662886691;0.9664292422677495;0.953195946796028;0.9531775812341559;0.9763438652154919;0.26743280093494354;0.9417233639424762;0.0009517990582060855;18.96786856651306
1.0;0.6;0;249;2;2;0.005394989459958605;0.005394989459958478;0.07213139931842806;0.002844130682360721;3.035622044914818e-05;0.8809481326718668;0.8809416413330874;0.9363545170237588;0.9126112328590039;0.912576967009237;0.9487522400745583;0.27132839890923255;0.9525134536499186;0.0006351267369056907;35.592986822128296
1.0;0.6;1;222;2;2;0.00530424043870327;0.005304240438703395;0.07206278300402066;0.0027722228649375313;2.6116314751383128e-05;0.8771442776807225;0.8771375788201888;0.9337236861993442;0.9213282983725247;0.9212974457905683;0.9550843946198231;0.2691858200233736;0.9465871012021777;0.0008013280624540233;35.8485586643219
1.0;0.6;2;154;2;2;0.00538951061457272;0.005389510614572472;0.07210609694546927;0.0028154573595472205;2.96116361089041e-05;0.8606713688531342;0.8606637720235634;0.9229469290197565;0.8960316770545037;0.8959909218750245;0.9361511690481739;0.2732761978963771;0.9578837392340035;0.0005008818761643562;18.692606210708618
1.0;0.6;3;209;2;2;0.0053940315918631415;0.005394031591862959;0.07213163602211908;0.002843622396668448;3.156322620913704e-05;0.8777335278808545;0.8777268613125975;0.9343079954140877;0.9097731015723928;0.9097377246289664;0.9466462065876763;0.27230229840280484;0.9552006518176439;0.0005660019677923948;27.644977569580078
1.0;0.6;4;234;2;2;0.005302978061736727;0.005302978061736988;0.0720498715028541;0.002755033272165668;2.7966965365125643e-05;0.8406523879821345;0.8406436996268334;0.9090594755186062;0.8960316770545037;0.8959909218750245;0.9361511690481739;0.2732761978963771;0.9578837392340035;0.0005008818761643562;28.46384572982788
1.0;0.6;5;175;2;2;0.00538951061457272;0.005389510614572472;0.07210609694546927;0.0028154573595472205;2.96116361089041e-05;0.8606713688531342;0.8606637720235634;0.9229469290197565;0.8960316770545037;0.8959909218750245;0.9361511690481739;0.2732761978963771;0.9578837392340035;0.0005008818761643562;21.11178493499756
1.0;0.6;6;194;2;2;0.0053054085951228435;0.0053054085951233666;0.07200054436397033;0.0027102907672393616;2.9920747010414217e-05;0.9566590523226909;0.9566566889937155;0.9783530072884937;1.0;1.0;1.0;0.2643163225555123;0.9330434174910234;0.0012516416363598428;26.698326349258423
1.0;0.6;7;137;2;2;0.005309357806746818;0.005309357806746669;0.07199863890980639;0.0027032890283394838;2.629904025497879e-05;0.8898414185971711;0.8898354120639836;0.941920646425852;0.9366364710036174;0.9366116149851327;0.9656848396181581;0.2691858200233736;0.9465871012021777;0.0008013280624540233;18.839574813842773
1.0;0.6;8;156;2;2;0.00538951061457272;0.005389510614572472;0.07210609694546927;0.0028154573595472205;2.96116361089041e-05;0.8606713688531342;0.8606637720235634;0.9229469290197565;0.8960316770545037;0.8959909218750245;0.9361511690481739;0.2732761978963771;0.9578837392340035;0.0005008818761643562;21.60569930076599
1.0;0.6;9;157;2;2;0.004273268099300352;0.004273268099300224;0.08838192852692724;0.020605323435256645;0.0003677082976584403;0.004400904821495428;0.004346464789397159;0.006065995776818464;0.004098911905245447;0.00370797782028355;0.006164343204308537;0.17315932995714842;0.65875285828159;0.031059183602031033;23.82249689102173
1.0;0.7;0;199;2;2;0.005396590206267153;0.005396590206267433;0.07205770812595522;0.0027659098518812817;3.153993260684276e-05;0.8865061282592799;0.8864999399152496;0.939868048256314;0.9183873346562351;0.9183553303953792;0.9529713339719892;0.27015971951694584;0.9492833763430794;0.0007233711852613622;21.97917342185974
1.0;0.7;1;250;2;2;0.005302978061736727;0.005302978061736988;0.0720498715028541;0.002755033272165668;2.7966965365125643e-05;0.8406523879821345;0.8406436996268334;0.9090594755186062;0.8960316770545037;0.8959909218750245;0.9361511690481739;0.2732761978963771;0.9578837392340035;0.0005008818761643562;34.56623363494873
1.0;0.7;2;276;2;2;0.005317183216674691;0.0053171832166748235;0.07208724519412726;0.0027963690701090743;2.912206460857452e-05;0.8464839364170126;0.846475565932021;0.9130991089717738;0.8868598707528151;0.8868155030533355;0.9361506573222251;0.2717179587066615;0.9535888268116023;0.0006069958883925357;36.112415075302124
1.0;0.7;3;155;2;2;0.005308900721950733;0.005308900721950478;0.07215084526022703;0.0028644150948305427;2.9577190581835474e-05;0.8598888078446009;0.859881168283903;0.9223661834742382;0.9154821666406228;0.9154490248296147;0.950860615829823;0.2721075185040904;0.9546635413463302;0.0005795063587695146;23.71611785888672
1.0;0.7;4;180;2;2;0.005406625376074937;0.005406625376075172;0.07212048234212862;0.0028358876274162184;3.355044153540282e-05;0.9290199137624401;0.929016043424956;0.9652408863489174;0.9497620903869566;0.9497423786062129;0.9742073729243647;0.26743280093494354;0.9417233639424762;0.0009517990582060855;25.1846764087677
1.0;0.7;5;157;2;2;0.00530662425138296;0.005306624251382778;0.07209234159934357;0.0028093858013833795;3.140940118752633e-05;0.9438780801763348;0.9438750199037814;0.9723819871111903;0.9841727057431566;0.9841664920110842;0.9935201916255721;0.26392676275808336;0.9319554144944214;0.0012920429676024324;22.676578998565674
1.0;0.7;6;275;2;2;0.005308164653286105;0.005308164653286028;0.0722617577503476;0.002984223444857619;2.9853701458249962e-05;0.8599438918536793;0.8599362552523684;0.9223661834868866;0.9126112328590039;0.912576967009237;0.9487522400745583;0.27132839890923255;0.9525134536499186;0.0006351267369056907;36.52169418334961
1.0;0.7;7;165;2;2;0.00538951061457272;0.005389510614572472;0.07210609694546927;0.0028154573595472205;2.96116361089041e-05;0.8606713688531342;0.8606637720235634;0.9229469290197565;0.8960316770545037;0.8959909218750245;0.9361511690481739;0.2732761978963771;0.9578837392340035;0.0005008818761643562;23.899495363235474
1.0;0.7;8;283;2;2;0.00540560613350738;0.005405606133507349;0.07206712674068118;0.002778547972919118;3.341340329075739e-05;0.930082378793923;0.9300785663895643;0.9658349729314846;0.9463939267053658;0.9463728946259579;0.9720732243401865;0.26743280093494354;0.9417233639424762;0.0009517990582060855;39.523398876190186
1.0;0.7;9;160;2;2;0.005302978061736727;0.005302978061736988;0.0720498715028541;0.002755033272165668;2.7966965365125643e-05;0.8406523879821345;0.8406436996268334;0.9090594755186062;0.8960316770545037;0.8959909218750245;0.9361511690481739;0.2732761978963771;0.9578837392340035;0.0005008818761643562;18.432053089141846
1.0;0.8;0;176;2;2;0.00540560613350738;0.005405606133507349;0.07206712674068118;0.002778547972919118;3.341340329075739e-05;0.930082378793923;0.9300785663895643;0.9658349729314846;0.9463939267053658;0.9463728946259579;0.9720732243401865;0.26743280093494354;0.9417233639424762;0.0009517990582060855;20.62832999229431
1.0;0.8;1;112;2;2;0.005394989459958605;0.005394989459958478;0.07213139931842806;0.002844130682360721;3.035622044914818e-05;0.8809481326718668;0.8809416413330874;0.9363545170237588;0.9126112328590039;0.912576967009237;0.9487522400745583;0.27132839890923255;0.9525134536499186;0.0006351267369056907;16.136440753936768
1.0;0.8;2;237;2;2;0.005302978061736727;0.005302978061736988;0.0720498715028541;0.002755033272165668;2.7966965365125643e-05;0.8406523879821345;0.8406436996268334;0.9090594755186062;0.8960316770545037;0.8959909218750245;0.9361511690481739;0.2732761978963771;0.9578837392340035;0.0005008818761643562;28.821457624435425
1.0;0.8;3;283;2;2;0.0053940315918631415;0.005394031591862959;0.07213163602211908;0.002843622396668448;3.156322620913704e-05;0.8777335278808545;0.8777268613125975;0.9343079954140877;0.9097731015723929;0.9097377246289666;0.9466462065876763;0.27230229840280484;0.9552006518176439;0.0005660019677923948;36.18582606315613
1.0;0.8;4;308;2;2;0.005317183216674691;0.0053171832166748235;0.07208724519412726;0.0027963690701090743;2.912206460857452e-05;0.8464839364170126;0.846475565932021;0.9130991089717738;0.8868598707528151;0.8868155030533355;0.9361506573222251;0.2717179587066615;0.9535888268116023;0.0006069958883925357;34.681124687194824
1.0;0.8;5;271;2;2;0.005302978061736727;0.005302978061736988;0.0720498715028541;0.002755033272165668;2.7966965365125643e-05;0.8406523879821345;0.8406436996268334;0.9090594755186062;0.8960316770545037;0.8959909218750245;0.9361511690481739;0.2732761978963771;0.9578837392340035;0.0005008818761643562;32.267818450927734
1.0;0.8;6;196;2;2;0.005321210330038428;0.0053212103300384365;0.07206438632832454;0.002777610706280604;3.198030118862046e-05;0.9430103445881989;0.943007237049513;0.9723819870984884;0.9841727057431566;0.9841664920110842;0.9935201916255721;0.265485001947799;0.9363034073840281;0.0011343377468559079;30.189748525619507
1.0;0.8;7;180;2;2;0.005302978061736727;0.005302978061736988;0.0720498715028541;0.002755033272165668;2.7966965365125643e-05;0.8406523879821345;0.8406436996268334;0.9090594755186062;0.8960316770545037;0.8959909218750245;0.9361511690481739;0.2732761978963771;0.9578837392340035;0.0005008818761643562;21.247440338134766
1.0;0.8;8;188;2;2;0.0054080285325615865;0.00540802853256176;0.07212427261015286;0.00283996091406403;3.382451802469368e-05;0.931149920483087;0.9311461662886691;0.9664292422677495;0.9531959467960281;0.9531775812341561;0.9763438652154919;0.26743280093494354;0.9417233639424762;0.0009517990582060855;24.939464807510376
1.0;0.8;9;208;2;2;0.00538951061457272;0.005389510614572472;0.07210609694546927;0.0028154573595472205;2.96116361089041e-05;0.8606713688531342;0.8606637720235634;0.9229469290197565;0.8960316770545037;0.8959909218750245;0.9361511690481739;0.2732761978963771;0.9578837392340035;0.0005008818761643562;24.719966650009155
1.0;0.9;0;205;2;2;0.005317183216674691;0.0053171832166748235;0.07208724519412726;0.0027963690701090743;2.912206460857452e-05;0.8464839364170126;0.846475565932021;0.9130991089717738;0.8868598707528151;0.8868155030533355;0.9361506573222251;0.2717179587066615;0.9535888268116023;0.0006069958883925357;27.159059762954712
1.0;0.9;1;154;2;2;0.005302978061736727;0.005302978061736988;0.0720498715028541;0.002755033272165668;2.7966965365125643e-05;0.8406523879821345;0.8406436996268334;0.9090594755186062;0.8960316770545037;0.8959909218750245;0.9361511690481739;0.2732761978963771;0.9578837392340035;0.0005008818761643562;18.570870876312256
1.0;0.9;2;184;2;2;0.005321565372591735;0.005321565372591554;0.0720656930874559;0.0027727552129061268;2.9324688283605104e-05;0.8468624235459367;0.8468540737335273;0.9133879968691903;0.8843416736743687;0.884296308738774;0.9361503745227872;0.27230229840280484;0.9552006518176439;0.0005660019677923948;25.553200244903564
1.0;0.9;3;232;2;2;0.005393143051332137;0.005393143051332189;0.07203330121958486;0.0027382443391788043;3.11542754350794e-05;0.875100172793523;0.8750933626226196;0.9325556158993387;0.9069664551994954;0.9069299795861538;0.9445425152509057;0.2719127386053759;0.9541262663695126;0.0005931709830121479;27.831348657608032
1.0;0.9;4;220;2;2;0.005302978061736727;0.005302978061736988;0.0720498715028541;0.002755033272165668;2.7966965365125643e-05;0.8406523879821345;0.8406436996268334;0.9090594755186062;0.8960316770545037;0.8959909218750245;0.9361511690481739;0.2732761978963771;0.9578837392340035;0.0005008818761643562;26.234297037124634
1.0;0.9;5;200;2;2;0.0054080285325615865;0.00540802853256176;0.07212427261015286;0.00283996091406403;3.382451802469368e-05;0.931149920483087;0.9311461662886691;0.9664292422677495;0.953195946796028;0.9531775812341559;0.9763438652154919;0.26743280093494354;0.9417233639424762;0.0009517990582060855;27.043115377426147
1.0;0.9;6;261;2;2;0.00530662425138296;0.005306624251382778;0.07209234159934357;0.0028093858013833795;3.140940118752633e-05;0.9438780801763348;0.9438750199037814;0.9723819871111903;0.9841727057431566;0.9841664920110842;0.9935201916255721;0.26392676275808336;0.9319554144944214;0.0012920429676024324;32.71030044555664
1.0;0.9;7;97;2;2;0.0037933412305151877;0.0037933412305150753;0.08489333589513096;0.016571188250552992;0.0003672531921278921;0.003744150154654207;0.003689822716315367;0.005133053144348562;0.003589905233159633;0.0031989451500251814;0.005313932331238894;0.2598363848850799;0.9204907595415905;0.0017556735387838952;10.689476490020752
1.0;0.9;8;165;2;2;0.00530662425138296;0.005306624251382778;0.07209234159934357;0.0028093858013833795;3.140940118752633e-05;0.9438780801763348;0.9438750199037814;0.9723819871111903;0.9841727057431566;0.9841664920110842;0.9935201916255721;0.26392676275808336;0.9319554144944214;0.0012920429676024324;21.628841161727905
1.0;0.9;9;149;2;2;0.00538951061457272;0.005389510614572472;0.07210609694546927;0.0028154573595472205;2.96116361089041e-05;0.8606713688531342;0.8606637720235634;0.9229469290197565;0.8960316770545037;0.8959909218750245;0.9361511690481739;0.2732761978963771;0.9578837392340035;0.0005008818761643562;27.06355595588684
1.0;1.0;0;174;2;2;0.005282960437176493;0.0052829604371765655;0.07209467776061593;0.0027976452790468564;2.9272649727399124e-05;0.82772793631277;0.8277185437470189;0.899572913668141;0.8786297413539578;0.8785821534522502;0.9298817138236418;0.2886638098948189;0.9997382807481887;1.977627857073581e-08;20.486682653427124
1.0;1.0;1;136;2;2;0.0053039063851104485;0.005303906385110443;0.07219542373923851;0.002905915082768459;3.160293449881258e-05;0.81984658176534;0.8198367594947418;0.8938476971896931;0.8987236988194924;0.8986839970958482;0.9382454929622621;0.2886638098948189;0.9997382807481887;1.977627857073581e-08;19.57817316055298
1.0;1.0;2;161;2;2;0.005291903792581767;0.005291903792581783;0.07236478733044376;0.003087926940989382;3.11917077744455e-05;0.800683915988782;0.8006730489370718;0.8796146107365097;0.8804018997316876;0.8803550296957426;0.9236343942965668;0.2886638098948189;0.9997382807481887;1.977627857073581e-08;21.005693674087524
1.0;1.0;3;200;2;2;0.005306221558680494;0.005306221558680524;0.07220711240843544;0.0029184766751716613;3.110032405791948e-05;0.8206288874609278;0.8206191078429659;0.8944193964458963;0.8960316770545037;0.8959909218750245;0.9361511690481739;0.2886638098948189;0.9997382807481887;1.977627857073581e-08;25.921980142593384
1.0;1.0;4;149;2;2;0.0053039063851104485;0.005303906385110443;0.07219542373923851;0.002905915082768459;3.160293449881258e-05;0.81984658176534;0.8198367594947418;0.8938476971896931;0.8987236988194924;0.8986839970958482;0.9382454929622621;0.2886638098948189;0.9997382807481887;1.977627857073581e-08;16.89431095123291
1.0;1.0;5;174;2;2;0.005282960437176493;0.0052829604371765655;0.07209467776061593;0.0027976452790468564;2.9272649727399124e-05;0.82772793631277;0.8277185437470189;0.899572913668141;0.8786297413539577;0.87858215345225;0.9298817138236418;0.2886638098948189;0.9997382807481887;1.977627857073581e-08;19.98096489906311
1.0;1.0;6;155;2;2;0.005269064221318868;0.00526906422131904;0.07229503698979253;0.0030129675649917037;3.132878334923453e-05;0.7851296066202876;0.7851178915211904;0.8677470881520366;0.8704279579396064;0.8703771869211728;0.9153366966547637;0.2886638098948189;0.9997382807481887;1.977627857073581e-08;18.13587474822998
1.0;1.0;7;167;2;2;0.0032564293640736266;0.00325642936407383;0.08356428271527214;0.015123813471399994;0.0003590764826697975;0.0039197854794274555;0.0038654774929324422;0.005353494686500478;0.004146556877100047;0.0037560347291739587;0.006008401536472319;0.2886638098948189;0.9997382807481887;1.977627857073581e-08;19.249746322631836
1.0;1.0;8;103;2;2;0.005276346557928778;0.005276346557928861;0.07216925583952255;0.002877792934323547;3.0049411317870276e-05;0.82772793631277;0.8277185437470189;0.899572913668141;0.8907254113829454;0.8906825799556862;0.9319695457906109;0.2886638098948189;0.9997382807481887;1.977627857073581e-08;11.935688734054565
1.0;1.0;9;174;2;2;0.005261804335284085;0.0052618043352841105;0.07221878128991514;0.0029310170020882564;3.5623818025957364e-05;0.861548558775459;0.861541010167535;0.9232373702211809;0.9243067675234771;0.9242770814248714;0.9571997978923386;0.2886638098948189;0.9997382807481887;1.977627857073581e-08;22.117021799087524
