fair_majority;fair_minority;run;num_iter;row_clus;col_clus;tau_x;tau_y;NMI_true_labels;AMI_true_labels;ARI_true_labels;NMI_rows;AMI_rows;ARI_rows;NMI_cols;AMI_cols;ARI_cols;balance_chierichetti;balance_bera;KL_fairness_error;time
0.0;0.0;0;22;6;6;0.5837593660531045;0.58830537339881;0.09323009767778269;-0.004589830154060346;-0.00012209360657888978;0.05986995762391708;0.04772953573016165;0.016959240321527836;0.05760106046955064;-0.003256628138162943;-0.0005120927147276257;0.4752475247524752;0.840912782199123;0.022288906037735867;0.08912301063537598
0.0;0.0;1;25;9;9;0.5613415571669024;0.5621529196559533;0.11496867271920498;-0.0069631223744633045;0.006842563657997646;0.12807999675984152;0.11136983223821825;0.04024936411018354;0.12109664193621714;0.0329155631210468;0.013490473455521255;0.4666666666666667;0.8412844036697247;0.03227520649577354;0.0957801342010498
0.0;0.0;2;24;8;8;0.5649606767553096;0.5663982704313003;0.09925267735632332;-0.016876545380601536;0.012650991187802784;0.10362593424034408;0.08836803216314565;0.033906602025649935;0.0980830752776275;0.01859368005495191;0.006183295935726929;0.417910447761194;0.7792950265572186;0.043379387163790056;0.10512423515319824
0.0;0.0;3;21;7;7;0.58036581965898;0.5828498713728113;0.12586221341374898;0.021715509333776275;0.004100666067801481;0.08074327598553062;0.06701358750247445;0.028444928051773646;0.06942164635350333;-0.0015158671262800703;0.002183842102811809;0.5;0.8746096460791117;0.021446323403360792;0.08099150657653809
0.0;0.0;4;17;6;6;0.5762501196900053;0.5764121319737949;0.09936061718746002;0.0020043436874028937;0.007418715061855781;0.10033457738363384;0.0888264144834318;0.037484758045446064;0.08243085549377578;0.02363175236861041;0.012812660133792907;0.49473684210526314;0.8751389068355084;0.008959878197325698;0.06190609931945801
0.0;0.0;5;23;8;8;0.569852804205832;0.5720957860870364;0.108180243376889;-0.006421503332466815;0.00431985980301181;0.08560106976147958;0.06993707722855685;0.024967724585836883;0.08125902032515378;-0.0007167341298541931;0.0026313496663587783;0.39473684210526316;0.7483122728059546;0.04030992353281792;0.10500812530517578
0.0;0.0;6;19;9;9;0.5717912157550439;0.5734888885284934;0.12674540851303964;0.006400379906411315;0.0008964458255605153;0.12108315182136209;0.10429159461577281;0.03617294064490684;0.10215760749320392;0.012223102356571165;0.002875179920343632;0.4174757281553398;0.7787231368606259;0.059143104455454426;0.07401299476623535
0.0;0.0;7;24;7;7;0.5814785963900714;0.5813402903100701;0.11531296576435703;0.010193497264454161;-0.0028738750322229462;0.08843275191184904;0.07483953234073674;0.024660430968362606;0.07952741116118665;0.009240327348896361;-0.0016399013781464885;0.4225352112676056;0.7853574348260514;0.01807581829181607;0.10266304016113281
0.0;0.0;8;19;8;8;0.5740277477778191;0.5726121380287811;0.1190083816396631;0.005694175523544877;0.0032770520149247116;0.11262066298740502;0.09749480396038886;0.03148979928511789;0.10330903903826183;0.0240791280234927;0.006762514824869728;0.472;0.8478161148783405;0.012905012626218392;0.07414436340332031
0.0;0.0;9;14;9;9;0.5859810665993661;0.5850453997864681;0.10343947118928748;-0.020551737356872463;-0.0030626620897218175;0.13387972883748064;0.11738485540036017;0.04245424176169619;0.12087481629580601;0.03325252249406364;0.010320203264832743;0.5061728395061729;0.8644790324179638;0.015287546853549692;0.06154155731201172
0.0;0.1;0;24;7;7;0.5926780313082592;0.5932652362813573;0.12170856306153818;0.017333110924457763;0.008696228215575821;0.09989913322794888;0.08634331906271224;0.028201594708197615;0.08326832916713539;0.013087596754664536;0.001508675415424172;0.49504950495049505;0.8755088401482471;0.0066102646934160965;0.09473395347595215
0.0;0.1;1;20;7;7;0.5823168790297609;0.5826596406177325;0.10753952641849425;0.0016114138881248234;-0.005405533887150996;0.0833999676707478;0.06958455790481709;0.021006832345293595;0.07815397598030051;0.00736151235492905;0.0016578220880517922;0.4696969696969697;0.8450014187080298;0.016459893225420637;0.12458109855651855
0.0;0.1;2;23;7;7;0.5603117853514343;0.5607300905769699;0.12143530469693517;0.016921628362329195;0.009172178120203482;0.09654882502102978;0.08307011830314184;0.02667670503597137;0.08624339220215037;0.016587192050694026;0.0035764406009641033;0.4396551724137931;0.8074603087403175;0.024852613063041262;0.14117860794067383
0.0;0.1;3;21;7;7;0.5552076118687478;0.5548974105612926;0.09679089927693486;-0.010715397243465893;-0.0036427150662694694;0.07102091358012502;0.05712851474085044;0.019289477285675972;0.06580016433731702;-0.005302939101481516;-0.0014576010318952566;0.5523809523809524;0.9070335865580074;0.006112867281916325;0.12946557998657227
0.0;0.1;4;15;8;8;0.5614951114040195;0.5608114567420377;0.11217636632349336;-0.00217049058341636;0.014689279327984247;0.12587653414279987;0.11094390423802662;0.044637685109962244;0.12279753433345696;0.04528228021781506;0.023206389396813253;0.4268292682926829;0.7909511487493138;0.03215558929401454;0.0645437240600586
0.0;0.1;5;19;7;7;0.5903959813527008;0.58913473838271;0.11419375081465417;0.008788823835358473;0.006524684494625782;0.1068898535179016;0.09347809565757229;0.03281601082613243;0.10187252939559198;0.0330340354212113;0.00877307337190016;0.5086206896551724;0.8583713001237064;0.015289102154427345;0.096466064453125
0.0;0.1;6;25;7;7;0.5684660177043707;0.5689720333699009;0.11485761407786393;0.009486980337710288;-0.00037900400970768155;0.0897337585308847;0.07617619318667229;0.027382851829922675;0.0694005395823546;-0.0015113019509603387;-0.0008141999869113311;0.5423728813559322;0.8858066401256438;0.008775922761099689;0.1000204086303711
0.0;0.1;7;16;7;7;0.5674061001304956;0.568505363739301;0.10913800722382415;0.0032574696061648317;0.005465344644765742;0.10269928346845042;0.08928640720646248;0.028857650096189146;0.09996829699214128;0.03117488097004636;0.006756915849247553;0.43119266055045874;0.7966007998118089;0.026968800299388734;0.126021146774292
0.0;0.1;8;23;8;8;0.5575922599700817;0.560623292097097;0.11241525559207041;-0.001900809245521431;0.002175568872918107;0.09708938178402546;0.08168344707969866;0.027853218721964935;0.08795885723646063;0.0074291672275126714;0.0021608809959950343;0.45081967213114754;0.8215933240035246;0.03410540613573931;0.09495830535888672
0.0;0.1;9;23;7;7;0.5781800720592196;0.58062287794158;0.10700868601564933;0.0012724775306564664;0.001957531450749027;0.11019872833792253;0.09665830608777447;0.029281104295521696;0.11129663786493343;0.04234526558379531;0.010671060462655242;0.3333333333333333;0.6610091743119265;0.05320781407310084;0.13067412376403809
0.0;0.2;0;21;7;7;0.5648855138289658;0.5654119554438161;0.10262521584287894;-0.003947947220447062;-0.001790625629889073;0.07858093597378397;0.06466818248551265;0.021180710682877486;0.06727708429695735;-0.003956373192291815;-0.004754109199381949;0.5154639175257731;0.8824890122600048;0.012221212606182892;0.11163878440856934
0.0;0.2;1;20;7;7;0.5831367201928694;0.5864524349477328;0.09489813322236863;-0.011726796686514994;0.0031505318767833163;0.08529622814154172;0.07116521757365818;0.021347071641988683;0.07453899435587913;0.0026779080599151814;-0.00031014570139367513;0.5096153846153846;0.7564191533657183;0.047109458457913346;0.10260415077209473
0.0;0.2;2;19;7;7;0.5728973063054998;0.5745109549558906;0.08426749116680504;-0.02433504204306011;0.0036639924016730204;0.08873607417386116;0.07495622965466328;0.021443860444964238;0.08577433364144718;0.015760451648979462;0.0009473909220770512;0.5663265306122449;0.9434905568862723;0.002475079436298263;0.10701942443847656
0.0;0.2;3;19;5;5;0.567350803626005;0.5680660616238162;0.10175740261352786;0.015526380229493516;0.004293116716924198;0.07185021823333891;0.062031769435109484;0.024436300766022295;0.060645649375141795;0.012039916914292228;0.0053949975259197655;0.5365853658536586;0.9233144022134847;0.004013465944883075;0.11888647079467773
0.0;0.2;4;15;8;8;0.5686780140827342;0.5741072550821941;0.10499222031015273;-0.009793098963346797;-0.002811454480244329;0.11776924418003508;0.10257639590629394;0.03831529989811114;0.10231178743843926;0.022778549494259576;0.005060903030858399;0.5058823529411764;0.8882310779816514;0.014667607466604289;0.10102057456970215
0.0;0.2;5;20;6;6;0.5765779781701613;0.580486863112909;0.09571345036415246;-0.0012667279476606557;0.003958507921931872;0.06865252168827012;0.056559932079594054;0.017347077757267685;0.06001159347833622;-0.0013347298654050501;-0.0013799513332794912;0.4959349593495935;0.8237715437338987;0.024005611092857412;0.11961150169372559
0.0;0.2;6;21;7;7;0.5802711589511277;0.5821365153524486;0.10582836915817799;-0.00010988553399143504;0.005617360836486988;0.09986703584213308;0.08639457836902047;0.02544413923398346;0.09221356465577218;0.02188607851098917;0.003649585060524763;0.5022421524663677;0.8824890122600048;0.012199014851330181;0.10196352005004883
0.0;0.2;7;26;7;7;0.5821341684145678;0.5849243063936378;0.11617789497818969;0.01104034201131877;0.011614861393402797;0.0827127414383808;0.06902289507088986;0.021890337069882814;0.06671334554451093;-0.004255419719236882;0.0016796091740673674;0.5536723163841808;0.9352091350703426;0.004057963157162238;0.14186906814575195
0.0;0.2;8;23;8;8;0.5692901629085488;0.5722070908113814;0.10980890227853365;-0.004901815430169105;-0.00121069443906273;0.0867610862886639;0.07115521926301831;0.02294223223963984;0.091735633155711;0.01184277549855664;-0.00045068972946935454;0.49586776859504134;0.8764762532312838;0.019125336987033562;0.1280040740966797
0.0;0.2;9;27;8;8;0.5562770641684738;0.558628631756138;0.11679334593330107;0.003328381330048769;-0.002026004123921188;0.09134194400045431;0.07577742663059182;0.021461793768440627;0.09228419424414072;0.011768914367307443;0.0006560070615523695;0.5;0.8264579638625441;0.028860295975553518;0.13686704635620117
0.0;0.3;0;19;7;7;0.5732763205314853;0.5734647827048324;0.12446874194512025;0.020120678661997453;0.009026425143799172;0.08300409998914941;0.06926797967244987;0.02452857045980567;0.08491836214783563;0.015342203307471988;0.006685545324304147;0.49382716049382713;0.8434408258768186;0.020952261100492753;0.10995054244995117
0.0;0.3;1;16;7;7;0.5658319311056456;0.5646090762083504;0.10073864201406806;-0.006213199481340718;-0.0026080545756497933;0.09613207857675737;0.08266335555864403;0.03210705886773365;0.09368078203133795;0.02464886658418684;0.012214270016151734;0.35714285714285715;0.6957991308546595;0.05045344151625361;0.16212916374206543
0.0;0.3;2;21;6;6;0.5732915780769844;0.5735504937279705;0.114401125627062;0.01860365199712542;0.003697003128338345;0.07929298588369543;0.06755444565504422;0.021831246279369363;0.0746027225313813;0.015276139406159853;0.004490441771033656;0.5130890052356021;0.8965937589282879;0.005997270522662466;0.37099790573120117
0.0;0.3;3;19;8;8;0.5717967608852765;0.5712149368783151;0.10630445615394112;-0.00839918784135154;0.0034106869238008574;0.09800281902883157;0.08254288125897681;0.03090879022894933;0.08001449995762037;-0.0017572999507345713;0.00018424401932080157;0.5391304347826087;0.9041572692574601;0.006972744913295374;0.25217318534851074
0.0;0.3;4;18;7;7;0.5751309756049291;0.5763005664689566;0.10569285388998845;-0.0006413076214424579;-0.003083338306151384;0.09133260094279336;0.07774760097500812;0.022141003789028238;0.09115318193425256;0.021406056494811847;0.0004910472067683923;0.45454545454545453;0.8262614678899082;0.018267634882121027;0.14899921417236328
0.0;0.3;5;27;7;7;0.5676353044866034;0.5683378045051009;0.10931288419723935;0.0035425791944055144;0.01105835556144194;0.08579698914375754;0.07204591429799935;0.02234509576292872;0.08000362639611214;0.009365305459126758;-0.0016892008477355058;0.48672566371681414;0.8205224714475589;0.031774113619464216;0.16235661506652832
0.0;0.3;6;23;7;7;0.5803466806149852;0.5836938861300207;0.11475343402093792;0.009366059699086328;0.0008413636860739084;0.08468288966189726;0.0710028594435319;0.030907084132566067;0.0825368009289022;0.012736663326688762;0.009364745339492228;0.44036697247706424;0.8083679074387892;0.027181195642501328;0.1369919776916504
0.0;0.3;7;19;7;7;0.5673699606062684;0.5690055305721324;0.11280061103454943;0.007413123278302091;0.009176739818437021;0.08779309434084238;0.07414407095284146;0.029875564906537755;0.08171635118698055;0.011467046131270434;0.003609088082381687;0.4787234042553192;0.8499091610850767;0.02631494090700319;0.11299610137939453
0.0;0.3;8;18;6;6;0.5782141076364339;0.581765514838001;0.10432965586091288;0.008920809415391456;0.0005008277948214517;0.059700374453089324;0.04712806884278393;0.014994669559197645;0.06609090982137532;0.00464110621290233;0.0018881868144044165;0.5384615384615384;0.8009143976813488;0.021342863188992083;0.13599228858947754
0.0;0.3;9;18;6;6;0.5871641426015195;0.5863977395697932;0.11095898862708384;0.015178246540374793;-0.004224168216588624;0.08184494815612894;0.06987019918405327;0.020799832049196963;0.06710746039834922;0.00559702609196215;0.0006971021546594313;0.39316239316239315;0.7461698654809478;0.031009613307862213;0.09600210189819336
0.0;0.4;0;21;6;6;0.593471978156405;0.5937814835107541;0.10340199158139264;0.006680707157812482;0.002993276636311651;0.07132712001894848;0.0592943387060946;0.021178429338924873;0.07370396195647218;0.01398642136362203;0.008188667321759128;0.52;0.9045388701110574;0.00760563354775471;0.15273189544677734
0.0;0.4;1;18;6;6;0.5717197612889434;0.5735786190760229;0.09770348986945132;-0.0002364280364900633;-0.002596257972731143;0.08226209192969292;0.07059872843764285;0.02543044018526189;0.0813952204829181;0.02307244141956783;0.007994736680541029;0.5684931506849316;0.9350181201326241;0.002905267866495028;0.08850646018981934
0.0;0.4;2;21;7;7;0.5659719494377541;0.5672437306197152;0.10713587067175825;0.0011957591514262184;0.0053698692147183605;0.09245723476292188;0.07872505562746246;0.032715865325447215;0.07179556753665933;0.00031162895925049186;0.0033035069220023064;0.35;0.6854909955827386;0.057168734087688286;0.11298823356628418
0.0;0.4;3;15;8;8;0.5740449497025517;0.577396346175899;0.12214567920094004;0.00933800940703842;-0.0019028769424500906;0.11989513626313755;0.1048200649279818;0.035169333975410666;0.10444352058466241;0.025337145872807443;0.007694251988484461;0.4634146341463415;0.8372782874617736;0.014326876342972908;0.18079113960266113
0.0;0.4;4;19;8;8;0.5732983954541075;0.5757823194772066;0.11837362946955016;0.004975293439974762;0.005686048401075852;0.08855954285101982;0.07293307475820171;0.02178861635097267;0.09113472388950161;0.010692049967586728;0.0028111030439746582;0.504424778761062;0.8865299514301132;0.017898246504129085;0.11256980895996094
0.0;0.4;5;15;9;9;0.5629912804897904;0.5613867848154571;0.13178577842455055;0.01207403088854467;-0.0033434287077770334;0.1162593884347517;0.09944402856949555;0.03323186693108298;0.10589554763834992;0.016601365494944873;0.0037293321032499803;0.48120300751879697;0.731205181586861;0.05563023346931359;0.08800125122070312
0.0;0.4;6;20;7;7;0.5699637150208613;0.5688073412647875;0.105840184809207;-0.00032815143500267147;-0.0033124420799663995;0.07335261899227033;0.05944853699214546;0.01939163165584994;0.06611890393224813;-0.00517848913159563;-0.002139500576739878;0.5075757575757576;0.8902033101286247;0.005385924305458012;0.10845279693603516
0.0;0.4;7;26;7;7;0.5706299182698611;0.5706494951471867;0.11365265277499231;0.008684172506846798;-0.0038257251804871737;0.08770792365727725;0.07406106390923602;0.025259269551276067;0.08370947450086168;0.013777854121884285;0.0024012040021259727;0.5058823529411764;0.8733202952495112;0.014899602752714762;0.16658973693847656
0.0;0.4;8;22;6;6;0.5829249874156831;0.5836377349032091;0.10298803589867882;0.005719293698104841;0.004711446000616518;0.09002967778486812;0.07844100478568244;0.029311476851942787;0.07821855545572345;0.019565273666827688;0.006432838494470074;0.569060773480663;0.9135971592598935;0.004155507931674506;0.11608624458312988
0.0;0.4;9;18;7;7;0.5589939049512489;0.5607620691761395;0.10135438334587475;-0.00555895201556641;0.00014388472834274063;0.07288327345847875;0.059011755469668206;0.0194037933169691;0.07897920708608273;0.008768414931228711;0.003589357683541013;0.5245901639344263;0.9048752488860929;0.014017485073129932;0.1022183895111084
0.0;0.5;0;13;8;8;0.5620792159319301;0.5668315891578998;0.11197955111845082;-0.0024845625692000287;-0.0025496728557462085;0.09355153553246542;0.07810270084003125;0.02740950804378104;0.09169466926735666;0.011550403196376414;0.007025708808661214;0.47058823529411764;0.846091743119266;0.027425435265574817;0.07481884956359863
0.0;0.5;1;22;6;6;0.5744557664972685;0.5771791174784601;0.10011454582698515;0.0031701607218589324;0.0007004673181433446;0.08975593756627605;0.07799430768088517;0.028374592228208005;0.08265200423973194;0.023299618699698994;0.007286289267468683;0.47540983606557374;0.851967380224261;0.012761108754048317;0.16031575202941895
0.0;0.5;2;17;7;7;0.5681928192731266;0.5693660083288341;0.1132183051262551;0.007952753715494075;-0.01915847694102621;0.07689996268176368;0.06301378477268836;0.023764824569168955;0.05966116609075978;-0.012810109385990025;-0.007314261862312218;0.49514563106796117;0.8611021611975811;0.015370700371507123;0.11219334602355957
0.0;0.5;3;20;7;7;0.5771486432561749;0.5786344541845686;0.10740701077576002;0.001758728957992328;0.005114122130925649;0.10262139206452808;0.08917042722445112;0.03127802263344573;0.09133202235636492;0.021595844064759107;0.010568353782568159;0.4578313253012048;0.8303586321934946;0.017602232569458198;0.3071277141571045
0.0;0.5;4;20;7;7;0.5720676179100646;0.5748636029387061;0.1091948446296188;0.0034315897787689778;0.0012795511774114743;0.09206491828042204;0.07838918899381789;0.03553678025982482;0.07725319125642817;0.00625128859823493;0.006176251459532486;0.5204081632653061;0.9050058493935103;0.006596690117272198;0.12529659271240234
0.0;0.5;5;21;7;7;0.5723163374667914;0.5729138784109064;0.1026878999489593;-0.004346844080806911;0.004362470398184673;0.07835962454473332;0.06464808325484837;0.02182962823205145;0.07753504579206047;0.007578175260838947;-0.0015234444378757189;0.48863636363636365;0.8212550807970656;0.02530572309862823;0.10535240173339844
0.0;0.5;6;25;8;8;0.5896235845767677;0.5890321703427231;0.10986790825488184;-0.005179712263929041;0.0019694660944787733;0.08458698852151182;0.06907477928862728;0.023508971850039723;0.08454605392002629;0.004241910026233713;0.000657228974825407;0.4824561403508772;0.8541587068905021;0.02771821821961285;0.1186225414276123
0.0;0.5;7;25;10;6;0.5374048615827076;0.5871549162490352;0.08467986983107537;-0.014058303255964787;-0.006786553588813554;0.0721061787888634;0.05014899072211528;0.019611632313688853;0.0653215751393466;0.005054795954590624;-0.001157175199516124;0;0.0;inf;0.6742982864379883
0.0;0.5;8;21;8;8;0.563657590933852;0.5650457188017735;0.11555977232094329;0.002128801759940431;0.007817803484766388;0.08887121644899222;0.07313011649676088;0.02239493636390059;0.07260850827103936;-0.010030387484879043;-0.004545227687184486;0.45544554455445546;0.8273856331523435;0.020046130884416737;0.11032676696777344
0.0;0.5;9;17;7;7;0.5741282912041552;0.5767714643117468;0.0949756755727849;-0.012375866466944819;-0.013213424914149981;0.09004149073627572;0.0763484567598531;0.027754988415634084;0.08094871011813451;0.010336724957999035;0.00638788110307783;0.47692307692307695;0.8009143976813488;0.04341511791117279;0.09653019905090332
0.0;0.6;0;19;7;7;0.5733487627952427;0.5748966282268304;0.11321826698598361;0.007584311702785315;0.003402528546922123;0.0854356192163803;0.07181577699601503;0.027164240719019024;0.07548954346320345;0.00520621538769307;0.00598142080261694;0.49673202614379086;0.877496895156444;0.006945776642914604;0.09645915031433105
0.0;0.6;1;27;6;6;0.5898248800780355;0.5927374255637063;0.10575940696170669;0.009306227159160461;-0.007977098185699036;0.06795727930617355;0.05590775645738553;0.02191471720127943;0.06497037873836546;0.004372585590130272;0.006484896537408433;0.4881889763779528;0.8673559535944856;0.014752361047099583;0.19697093963623047
0.0;0.6;2;33;10;6;0.49272345425401326;0.569258236344463;0.09334706249461262;-0.004035308372050648;-0.0027596505629061516;0.0806935668853285;0.05918209749721744;0.02405776897047304;0.07280870902882304;0.012473872896103473;0.006375103363502934;0;0.0;inf;0.7874851226806641
0.0;0.6;3;17;8;8;0.5668541497784816;0.5697589209130387;0.12301466424734105;0.010203254371246676;0.0002629070175815285;0.10151087788466578;0.08619096225888477;0.029984832237115778;0.08822187872734795;0.007640320894682985;0.0013046304985222356;0.48148148148148145;0.8593119266055046;0.010960039205786526;0.10418963432312012
0.0;0.6;4;21;7;7;0.5672075853454135;0.5694350682916617;0.12427404239169328;0.020165587107282775;0.008991575671652683;0.11470423690571654;0.1015245395503151;0.04071095297867611;0.09574449595280195;0.02691343139734634;0.013088961471259741;0.4380952380952381;0.8054681329363873;0.021038937050818156;0.10845160484313965
0.0;0.6;5;18;7;7;0.5633793731660205;0.568139351980238;0.10421908622735199;-0.0018319120945938425;-0.0017285085316003207;0.09040084421201156;0.07674157510274783;0.028921964761409482;0.08589369590923533;0.01598869360330794;0.007304966248291471;0.5;0.8813455657492354;0.013776996955542267;0.09099888801574707
0.0;0.6;6;19;8;8;0.5910571303304032;0.5917303005289866;0.1254953055486485;0.012518381815521881;0.0016537464097209637;0.11677504589836044;0.10170462304706937;0.03836947920226619;0.104467483117153;0.025815782686797746;0.009584072109811591;0.40816326530612246;0.766387448477596;0.035170257043160805;0.24502944946289062
0.0;0.6;7;29;10;8;0.5482708342337084;0.5654674169323018;0.10031911264024808;-0.015117207859025098;-0.005367747693282131;0.09819840695389223;0.0781789378210515;0.03296563070027591;0.08357729193974364;0.002435872901009198;0.007787774181418179;0;0.0;inf;0.7404124736785889
0.0;0.6;8;19;7;7;0.563374078132611;0.5641783567575234;0.11745437072036857;0.012371629121280085;0.005134640240692089;0.0958876366156759;0.08239253129824077;0.026103727372215342;0.08752462413248653;0.018158079608256498;0.002967188591666597;0.5434782608695652;0.9309988370590514;0.0051120588943707745;0.10361385345458984
0.0;0.6;9;25;10;6;0.5217015836047996;0.5765930979653248;0.09770733299451029;0.000362434556300489;-0.0008381302639350666;0.06398644188160879;0.04215120389379976;0.014190039850601452;0.04932327141653876;-0.012019571873568132;-0.006160181369123221;0;0.0;inf;0.5306305885314941
0.0;0.7;0;25;8;8;0.5930779471623564;0.5950575533790673;0.10099435689197463;-0.014813392182019398;-0.0027555380280754535;0.10616076974167195;0.09097395540586337;0.03301169809222937;0.09460737148741506;0.014673524929612394;0.002342038539275405;0.38636363636363635;0.7368626861182132;0.06792790884755381;0.30289340019226074
0.0;0.7;1;22;10;8;0.5461917378232778;0.5757684715932264;0.11317174230969371;-0.0010232549861324465;0.007150218808131544;0.08916147979710609;0.06889281796413928;0.02691920428250096;0.08418121615594087;0.0027438986935497127;0.005309660219621885;0;0.0;inf;0.535696268081665
0.0;0.7;2;26;8;8;0.5726007695194005;0.5753215319000147;0.1310822108268711;0.018896655445909922;0.00027458778320840554;0.09032105401715948;0.0748892242990857;0.03028763128596567;0.08205332763038135;0.0014321353095909548;-0.0003459165381920897;0.45871559633027525;0.8314580808955051;0.023843699400167336;0.16135287284851074
0.0;0.7;3;31;10;6;0.4955814256711232;0.5718722777541494;0.08976067766824801;-0.008502721732108975;0.005116729707579223;0.07839589341535746;0.05712334594494534;0.019587561526980688;0.07235178425825943;0.012443759564650518;0.0003881264853830956;0;0.0;inf;0.5638837814331055
0.0;0.7;4;30;7;7;0.5950101637326765;0.5944015648167451;0.0880393355406523;-0.02060673753242413;-0.0022804865656141835;0.0939357032341716;0.08038471755931675;0.026819484760294228;0.08383636137386259;0.01403918600915047;0.0021674770460439865;0.48672566371681414;0.8656072520751419;0.015298644055669976;0.4779796600341797
0.0;0.7;5;26;10;5;0.4578532267451624;0.594953189331307;0.07801020481711252;-0.010210288817818554;0.0013534455897648476;0.08700189465251285;0.06524438066818626;0.02657459433525386;0.0665230471926153;0.01754329895772072;0.007986138111011128;0;0.0;inf;0.5962941646575928
0.0;0.7;6;17;10;9;0.5683733514219586;0.5725120346318034;0.12288323855695416;0.0019078470755963912;0.0054005139105544895;0.10094866065955331;0.08161202422959841;0.029311636985524376;0.09638650652338916;0.0059287362733408235;0.0006536735474157873;0;0.0;inf;0.3882334232330322
0.0;0.7;7;25;10;8;0.5461648695826634;0.5674296404255468;0.1160286232427326;0.002350148999471463;0.007211537823662367;0.09344818302430839;0.0735228494299351;0.025494858060779852;0.09365483654287067;0.013221003440989493;0.00650659557631484;0;0.0;inf;0.5821833610534668
0.0;0.7;8;18;10;7;0.5244580863512578;0.5690541806091038;0.10893618663800714;0.0028958751434494437;0.0017445211889553747;0.09429278861313284;0.07396274362371638;0.034101771206303935;0.08843638977355209;0.01900459869880213;0.007278341366169986;0;0.0;inf;0.3561224937438965
0.0;0.7;9;17;10;9;0.545927954338044;0.5562758024693938;0.1357590130565452;0.016987938323609144;0.005256188989954515;0.11907980346754872;0.10001428637522834;0.031036028767151867;0.10948449741502439;0.020046581640503623;0.003253627554866716;0;0.0;inf;0.4651939868927002
0.0;0.8;0;29;10;7;0.49927470576649635;0.5557163529258891;0.12950561829894794;0.026267584485088893;0.013168135008576306;0.0748691127735777;0.05400880846234756;0.02046173437846282;0.06866449477937099;-0.0033918011422239183;-0.0012349662552426106;0;0.0;inf;0.6373543739318848
0.0;0.8;1;25;10;7;0.5011749334987795;0.5638206826864028;0.1052826136748329;-0.0007888558579487295;-0.009147840394302562;0.08452839548292788;0.06409836664668553;0.017619254220592934;0.08485769246656946;0.01473689704005709;0.0033420779716763173;0;0.0;inf;0.7185895442962646
0.0;0.8;2;24;10;8;0.5435488685251272;0.558780587093397;0.11074122266498938;-0.0038245054751804585;-0.0001265402822060135;0.09808461468649547;0.07844275994459471;0.027404084518948907;0.07939099763952984;-0.0018235221565478894;-0.002275905275172861;0;0.0;inf;0.5922086238861084
0.0;0.8;3;26;10;7;0.5176826188430231;0.5759196806339425;0.11524296936342138;0.009707629278028516;-0.0010217160029861877;0.10929150090315218;0.08952124940921545;0.034459228620828786;0.10452983373535404;0.036626563636053426;0.014380502319720045;0;0.0;inf;0.6367058753967285
0.0;0.8;4;22;10;7;0.5072239207663692;0.5620071637895548;0.11233525671885526;0.006697824363393658;0.009066278032419486;0.08909488197141546;0.06882599590579654;0.02343998924816297;0.07784961312389091;0.0075695984769861;-0.0018684801906540972;0;0.0;inf;0.586533784866333
0.0;0.8;5;38;10;7;0.5057510941557779;0.5773789518302539;0.10481483104832762;-0.0017425214739493617;0.0030861173481003695;0.08736859955716111;0.06703766202866193;0.025997685751662152;0.0757889910807485;0.005418324163471017;0.002386244228414996;0;0.0;inf;1.033324956893921
0.0;0.8;6;31;10;6;0.46716885851067486;0.5628895270589139;0.0935374876846018;-0.003977823214661464;-0.004642568000279139;0.07750406851737458;0.056360003001518826;0.023251103749920222;0.06440492867434075;0.0038375895474997185;0.0023846087839935084;0;0.0;inf;0.7119104862213135
0.0;0.8;7;27;10;6;0.4884503002404998;0.5687209245224824;0.08952865445990398;-0.008271134820291407;-0.005435770188782716;0.08020911278536975;0.05908032260713087;0.019902528688994395;0.062476693907638305;0.001573072838822508;-0.0023173462501005337;0;0.0;inf;0.6524646282196045
0.0;0.8;8;23;10;8;0.539822695837762;0.5679430211310209;0.09771077637630521;-0.018680019067128864;0.002369930039855128;0.07112680365841452;0.05086516472340822;0.01767226152029483;0.06456686938158837;-0.01772783043756783;-0.005153425810531118;0;0.0;inf;0.6240799427032471
0.0;0.8;9;21;10;7;0.5120490692111171;0.5536070252341827;0.10656385331724814;0.0004987486148489594;-0.0039684500586323335;0.0814290683434936;0.06090281399780439;0.021711527237879016;0.07360513585047318;0.0028025483502992117;0.0005937684549202908;0;0.0;inf;0.5421643257141113
0.0;0.9;0;33;10;8;0.5289776124877495;0.5658878800030217;0.11429838397087756;0.00023703686851334486;-0.011789845794972262;0.1050913986844046;0.0855447729549619;0.03108642117662134;0.10001295480185171;0.01999231509486225;0.010520610686086318;0;0.0;inf;0.6034576892852783
0.0;0.9;1;32;10;7;0.49978898217366924;0.5606058373342869;0.1002202831126501;-0.006846696716484703;-0.0008068428847357572;0.09270552324062543;0.07264981754961546;0.02829454015124183;0.0774834444131215;0.007195563827054737;0.002349578343945797;0;0.0;inf;0.6981675624847412
0.0;0.9;2;23;10;6;0.4362857892465498;0.5528646755941299;0.09927836933712061;0.0019040333638562148;0.000918274227885477;0.07197354345971665;0.051024687240766864;0.01537229258155527;0.06019842713871078;-0.00048383785311763007;0.003005927673983596;0;0.0;inf;0.5279495716094971
0.0;0.9;3;46;10;8;0.5040007437658306;0.5354874732883171;0.11008553114477208;-0.004540829173883504;-0.0007482183458080744;0.08666692024643136;0.06682094357451936;0.02911779824991853;0.08884149929481086;0.008433155919494987;0.003815948722836689;0;0.0;inf;1.2787704467773438
0.0;0.9;4;23;10;7;0.48297553050774655;0.5528835105328651;0.1000339242614524;-0.007140738469963009;-0.006235319972742812;0.07656308232273626;0.05614570054604275;0.022515858906704718;0.07179109489889515;0.001183367580858942;-0.003056947424741802;0;0.0;inf;0.5640461444854736
0.0;0.9;5;25;10;8;0.5346722926006163;0.5672463886951501;0.10796102310099949;-0.006864573629997912;0.0026023342292801955;0.11546615981408087;0.09627109128567476;0.03677533101485922;0.11495076195727395;0.036805484523047625;0.017748159221105873;0;0.0;inf;0.6838052272796631
0.0;0.9;6;42;10;8;0.4914545249418534;0.5274098269628124;0.1164992301565761;0.0029002670122671085;0.00559566965377052;0.06753134363739931;0.04723062974398871;0.0161965260625258;0.07433688539188928;-0.00742993736876175;-0.002842430391245185;0;0.0;inf;0.9779500961303711
0.0;0.9;7;22;10;9;0.5530987568608016;0.5652405163418772;0.11710605694742639;-0.004700391772561881;0.0032028999678603547;0.1119073189060388;0.09297722393651443;0.03713110159276323;0.11070709947478466;0.021960907330781227;0.010508813828028042;0;0.0;inf;0.6141693592071533
0.0;0.9;8;26;10;8;0.5166096386599094;0.565718127316863;0.10734375431872277;-0.007647609972735344;-0.0019805749400076374;0.08203469650186535;0.06216380124821285;0.022679813008007838;0.06757470208611026;-0.014648259962205128;-0.005699194241653202;0;0.0;inf;0.5593657493591309
0.0;0.9;9;21;10;8;0.5055093999376523;0.545030719283277;0.11709696165123884;0.003168182777636463;0.00581402587213574;0.07709577727279522;0.057034595513045766;0.018021705609943175;0.0731067520855845;-0.008516958033516157;-0.004353870405724736;0;0.0;inf;0.5456268787384033
0.0;1.0;0;31;10;8;0.4644711704339486;0.5166028502433775;0.11457372005892158;0.000444114711175925;-0.0009426318673835901;0.08522703534448127;0.06551449725077829;0.02616210561277426;0.08035635091135032;-0.0006684083651779838;0.002800984188588688;0;0.0;inf;0.582960844039917
0.0;1.0;1;140;10;8;0.500963004559397;0.5459490388427947;0.11547436992453747;0.0014196409313572491;-0.002226937618025018;0.0933791929006187;0.0737759021853711;0.023618081157854843;0.10343174754543898;0.024542793118713633;0.005790796278834223;0;0.0;inf;4.826970815658569
0.0;1.0;2;43;10;7;0.4306760466054433;0.501080052314978;0.09920088223194555;-0.007569692569828036;-0.002966488154496972;0.08137402783614098;0.06117045680327765;0.019188974181256892;0.08199702352080636;0.011655150612634814;0.005600126199275248;0;0.0;inf;1.0266978740692139
0.0;1.0;3;29;10;7;0.45065690166774974;0.5181597162235497;0.10353722599612579;-0.003485618726954756;6.593253838821887e-05;0.07075813466364564;0.050421132281946786;0.015306183593367016;0.06866236294019415;-0.0018708495975495473;-0.004087946477104298;0;0.0;inf;0.6794967651367188
0.0;1.0;4;29;10;7;0.3812120355412118;0.48388342677698093;0.1003995346037559;-0.00621735538426477;-0.009678261466582065;0.07158649186685336;0.05106748670734939;0.014670992632158236;0.07716982219616318;0.006129459021977863;-0.0013063253781496172;0;0.0;inf;0.6965041160583496
0.0;1.0;5;27;10;8;0.5004826969347242;0.5317956725647737;0.1077046351759361;-0.007279206698367922;0.0031389551518805664;0.08871358862314004;0.06902859820206456;0.024029605103153908;0.08496276760177254;0.004402158347904898;1.5811522223837224e-05;0;0.0;inf;0.6885933876037598
0.0;1.0;6;138;10;8;0.45562577391766146;0.5139584324180737;0.10764140287119935;-0.006771671368316166;0.008593130657151966;0.0975327897550582;0.07793694504249882;0.027619088950721266;0.08330546224975767;0.0020914333482351236;-0.0003103954229750782;0;0.0;inf;4.669028997421265
0.0;1.0;7;19;10;8;0.45911775027220697;0.507124477063324;0.1183374561625737;0.005238881095491808;0.0004154416375931918;0.09079709052810676;0.0711074002406938;0.023817162256505677;0.08320454200320113;0.002136314853549188;-0.0060024269643171035;0;0.0;inf;0.6288056373596191
0.0;1.0;8;24;10;8;0.5023764789217807;0.5368310337717606;0.110187765994106;-0.004360786765587719;0.0048809280865249795;0.08855463488122582;0.06880950835503272;0.022402884387077722;0.08399031604413285;0.0027435786224603675;0.0015164247539820924;0;0.0;inf;0.7065086364746094
0.0;1.0;9;43;10;7;0.42451955812865;0.5124637045580872;0.10125243631154884;-0.00547477846928065;0.010077541477021156;0.07279182610821912;0.05245034205302239;0.017029865131519197;0.08099328892373535;0.010326321275387535;0.005814339461402017;0;0.0;inf;1.1186432838439941
0.1;0.0;0;21;7;7;0.5727645962612161;0.5715582223249793;0.09923450909198601;-0.007426935693095365;-0.011099827266386282;0.08139436592086936;0.06753907220928693;0.021118959540291925;0.07092789572466408;-0.001059210358814886;-0.0052754991265014485;0.5333333333333333;0.8840648854961833;0.008374637452185352;0.14991450309753418
0.1;0.0;1;21;7;7;0.5742371279486105;0.5747660938471262;0.10575299427423183;-0.0007721656583448145;0.00014997299538772763;0.08417636719632587;0.07054616384225779;0.026816153896121613;0.07949741383145258;0.009656317298666926;0.005028849508117294;0.5170068027210885;0.9011066770889044;0.011601730021484092;0.17142891883850098
0.1;0.0;2;16;5;5;0.5589471116504369;0.5609217577671441;0.08412614672652334;-0.0034639321066784056;0.0040898515758097595;0.05198649249642874;0.04187619547847088;0.01723610603609413;0.05187612233672769;0.0022726820776749752;0.0004398651371880131;0.55;0.9382065699911216;0.0032112042494587684;0.12848782539367676
0.1;0.0;3;25;8;8;0.5647464137460372;0.564536620567825;0.11027910648886716;-0.004056944472355155;-0.004683148113178771;0.11541291883356228;0.10018095199718474;0.03859408023208532;0.10385801679849742;0.023977306985737402;0.013288259425819791;0.5256410256410257;0.9109706267828231;0.005690417962390304;0.1143195629119873
0.1;0.0;4;22;6;6;0.6015341891600595;0.6044503912790911;0.09783611687140104;0.001707693717071756;0.00025284113712020767;0.07957093344151597;0.06754787106382927;0.025945268965727922;0.06159207759048923;0.000515623959734362;0.003969582352465267;0.5242718446601942;0.9094138958686377;0.010749261181147374;0.10718846321105957
0.1;0.0;5;20;7;7;0.5772324458891318;0.5776772270871611;0.0985556129351411;-0.008422707064581187;-0.003583084669533781;0.08597762615864013;0.07230850117555766;0.02684423961176132;0.08123295652675068;0.010543505370102528;0.004954047186544702;0.494949494949495;0.8709229701596114;0.01511326164617947;0.09427452087402344
0.1;0.0;6;14;8;8;0.5637207741654269;0.5636590580818271;0.13148369547869337;0.01943632779278939;0.008520253776417297;0.09676521003389504;0.08140689600770544;0.030725495766295755;0.08021707967052527;-0.0007359314029038261;0.0031967732686234546;0.5290697674418605;0.8805191707147815;0.013038503593682183;0.07666683197021484
0.1;0.0;7;26;7;7;0.5773427618909263;0.5788587456751849;0.09840356290026954;-0.008834658631163141;0.004121549845323028;0.0795341325787389;0.06583432143597043;0.021691134037598647;0.06704314932308983;-0.004020953844746788;-0.0017236997857094194;0.4948453608247423;0.8464690525759229;0.01864680426485835;0.11426353454589844
0.1;0.0;8;25;7;7;0.5813376827567456;0.5818516877808363;0.11571344152517518;0.010697673948192325;0.004202407652726305;0.07837949327407875;0.06449317086507779;0.02368091873200856;0.08108326220281652;0.010825562635519623;0.002898192853081104;0.4827586206896552;0.8608491572434394;0.015122471419183083;0.1524639129638672
0.1;0.0;9;20;6;6;0.5724249897022197;0.5725789523174121;0.09695600148712573;-0.0005425185121778318;-0.00022090510614782209;0.06896745425168625;0.05707215402333569;0.01958942164079443;0.058609414309606374;-0.0016738862318195812;-0.002043434702824806;0.5196078431372549;0.9040899674459898;0.008810106759916475;0.12106704711914062
0.1;0.1;0;18;6;6;0.5739880333364783;0.5742993770712929;0.09356131828667326;-0.004561910427395823;-0.0027842068714632375;0.07645978779535682;0.06467519594419849;0.021374427656395245;0.06902523877423733;0.00964837523195362;-0.0005847364904399715;0.5523255813953488;0.8517937422683524;0.011517266022736294;0.21500372886657715
0.1;0.1;1;24;7;7;0.576910939189854;0.5759713691495929;0.12089725483679134;0.017005320456926484;0.010140167450366706;0.08480458132610703;0.07093204042606498;0.028146226187380764;0.07520909153532769;0.004225269393326596;0.0033286999119906346;0.4094488188976378;0.7681000461278253;0.0442831537272281;0.17853355407714844
0.1;0.1;2;20;6;6;0.5809824045951508;0.5828344165757002;0.09759537410187143;0.00043930260259150087;-0.006421464827088328;0.06625879030344463;0.054111084351770714;0.013477416615604764;0.06770734684944792;0.00654074284867387;0.0018428533793090635;0.4857142857142857;0.8643966125617502;0.012395760109322224;0.09262347221374512
0.1;0.1;3;20;7;7;0.5740815300095551;0.578892118774809;0.09264962639142123;-0.014934544324267135;-0.0004549164317708962;0.08853947551556993;0.07472846973636371;0.024449574879372677;0.08787790629919942;0.017937502301749935;0.003354427364925947;0.5;0.8229175404747924;0.022417149682114227;0.11401772499084473
0.1;0.1;4;20;6;6;0.5706538857261736;0.5742315410458029;0.09009548612809652;-0.0077022992655508835;0.004564284942718559;0.08437441965379952;0.07248035112753616;0.021322538437922665;0.09007628885509085;0.031401054820646944;0.007814021166385089;0.4658119658119658;0.8095011992159441;0.03805052368802671;0.08909821510314941
0.1;0.1;5;20;7;7;0.5782294165433222;0.5773344717873632;0.10419242694646833;-0.0023216354371318215;0.0019191114964234074;0.09064414571281323;0.07704917019192119;0.029191569187815434;0.0829181884871408;0.012833931107684564;0.003317931104066032;0.5548780487804879;0.9376445755262549;0.0034947305164631376;0.10269546508789062
0.1;0.1;6;20;6;6;0.6001373574863519;0.5990394125143984;0.0763642999933086;-0.023599099268977953;-0.0036318573464781223;0.08313567331190716;0.07140828392993129;0.025709161241093306;0.0743283148146506;0.014872578775689413;0.0017403605784498792;0.5163934426229508;0.8580883944094977;0.013187516413463565;0.09525632858276367
0.1;0.1;7;20;6;6;0.5757805413571426;0.5774504732721177;0.08912950453399152;-0.009632759220961462;0.0038589790991381398;0.0697242379458443;0.05787162945454117;0.02128568813891971;0.06796414459401236;0.00861469941422519;0.0026442975569678454;0.572972972972973;0.963119896591948;0.0009649084540890411;0.16921257972717285
0.1;0.1;8;29;7;7;0.5839514017349348;0.5844264470718323;0.11279563814819052;0.007559124700326654;0.007073787461378032;0.07813331167832362;0.06435392509636381;0.01899506667252263;0.07223602312700234;0.001238310257075685;-0.0018572858667038532;0.4608695652173913;0.7564191533657183;0.046246356204664475;0.1738736629486084
0.1;0.1;9;25;6;6;0.5860114948764469;0.5884921900640149;0.09884409375999412;0.001564263691784119;-0.004643478802413971;0.07054414855124952;0.058616786170854744;0.016159946626813818;0.06859945525270117;0.008847694802729983;-0.0006874092689163572;0.49746192893401014;0.8378796775743341;0.016495654658500714;0.09766316413879395
0.1;0.2;0;26;8;8;0.5745429093178226;0.5757205200219732;0.1185885629772856;0.0050738157678448526;-0.005301734809091612;0.10428995913582921;0.08884681488524562;0.03515572456524722;0.10832258234767751;0.029095892253124842;0.011115834551552592;0.5625;0.9350181201326241;0.003836914977832194;0.13003253936767578
0.1;0.2;1;21;6;6;0.5690700720069876;0.5723369991953804;0.09194555623901272;-0.0059529373348114235;-0.00277525614424858;0.07400918642293088;0.06208653138435719;0.021511091095310225;0.06384525977109538;0.0034605226188560625;0.0025949654646856353;0.5521472392638037;0.916430897346928;0.004721679231420077;0.10022473335266113
0.1;0.2;2;19;8;8;0.5664230243568107;0.5669472446888382;0.11668183561663621;0.0030018466377877955;0.010875698462680683;0.10492832312438934;0.08956053953254121;0.027090843631599977;0.0971032421428942;0.017292646063195617;0.003226033857077499;0.4224137931034483;0.7851987767584098;0.04549968930101153;0.09075808525085449
0.1;0.2;3;20;7;7;0.5709615476076335;0.5725553703640474;0.11191353577353172;0.006306555982467281;-0.0065631620794825585;0.06904395105109995;0.055008561325159494;0.020500908585227545;0.058406366972693316;-0.013849968624549583;-0.002520928699280034;0.5247524752475248;0.9099606815203145;0.00502136477017609;0.10463285446166992
0.1;0.2;4;16;7;7;0.5704428550540708;0.5701535513658403;0.1100391345644481;0.004022038242251071;0.000841308856620807;0.0970236933576977;0.08353147291763197;0.030313449242865338;0.0898734742241295;0.020569279829991793;0.004848433394664419;0.36607142857142855;0.7085327097199735;0.04473359480512616;0.08156752586364746
0.1;0.2;5;19;6;6;0.5656090483247455;0.5664302832559533;0.0853603917221357;-0.013382804299413218;-0.006860550353540616;0.06548365222664305;0.0535554987170807;0.021117379859662472;0.05869145606287438;-0.0017138361794863668;0.0002723603307220916;0.5203252032520326;0.9049109552077711;0.008675726410693106;0.10003256797790527
0.1;0.2;6;23;7;7;0.5794365982149543;0.582771831971545;0.10383972643480155;-0.0017975226324989607;0.008467604459950462;0.08983404224669092;0.07613823261595781;0.023735903149510042;0.07905279546641232;0.008083742683203186;0.001535379998853812;0.4523809523809524;0.8100236602971471;0.031338154238126775;0.1088862419128418
0.1;0.2;7;17;8;8;0.5519955954057838;0.5537590418113688;0.10169822427136008;-0.01374709681934903;-0.0053868896954953885;0.10443290785991297;0.08901777986719209;0.034192461326005105;0.09073032332626205;0.010343833723392372;0.004487779462775247;0.4954128440366973;0.8634595995967163;0.01301549702043701;0.08562254905700684
0.1;0.2;8;24;8;8;0.5696960471077083;0.5707888268473152;0.11594587891829769;0.0025192933123392284;0.0054683538816717135;0.09827752922372132;0.08278572881793868;0.03047415855194262;0.07511914980522982;-0.007734209486237818;0.005001797087890409;0.45132743362831856;0.8222309241441038;0.01412423919485531;0.12764191627502441
0.1;0.2;9;20;6;6;0.5661530003638904;0.568414976686378;0.09339935566086688;-0.0031221423751433804;0.011712560266143316;0.08385983258691497;0.07156354775092563;0.018929864495288655;0.08074373881694362;0.01917474566764841;0.00362810021494096;0.5745341614906833;0.7958159842701829;0.020075110832956076;0.09112191200256348
0.1;0.3;0;18;7;7;0.572634786957134;0.5737840598965248;0.10119141554394653;-0.005641166641169988;0.001966503835629018;0.07840103221100896;0.06458570558958919;0.022974390634328604;0.0736014674183826;0.0029492735529207956;0.0009403685804810915;0.47058823529411764;0.846091743119266;0.009916738072554413;0.09649825096130371
0.1;0.3;1;22;6;6;0.58178578281679;0.5858689819605265;0.09590837549764974;-0.0008387283348755562;0.007397964597231188;0.08832444965727555;0.07629971182527995;0.035112082529348526;0.07646914875744708;0.015080673876430866;0.009946591008887113;0.4659090909090909;0.8403527487376431;0.023380743300274717;0.10965776443481445
0.1;0.3;2;19;7;7;0.5738743045462369;0.5731349227160912;0.10766016675339275;0.0013600028249676891;-3.4324338881659465e-06;0.09937329246292606;0.08590897269834323;0.03441993128853084;0.07798817265538589;0.007907745514742335;0.005199987572921313;0.5138888888888888;0.8975170440198637;0.011372528327076428;0.08992123603820801
0.1;0.3;3;25;7;7;0.5654046330751994;0.566215612255089;0.09539339060316283;-0.01186708119384142;-0.003482864472300564;0.09584580736646146;0.08221204896822179;0.035550324849388436;0.07245994527372683;0.0015440584873933918;0.0065385314314519005;0.4945054945054945;0.856224458323695;0.01807407117184651;0.1381676197052002
0.1;0.3;4;19;7;7;0.5780359309338571;0.5795791054112068;0.10110948113656766;-0.005705947633185499;0.0013377687436095236;0.09717972839390819;0.08349809508877491;0.029831648390827876;0.09175679043486094;0.022216359172703055;0.007688925304147469;0.4148148148148148;0.7752149478841441;0.03235731908498624;0.12455868721008301
0.1;0.3;5;18;6;6;0.5719674332175751;0.5712640238880419;0.09359655646728568;-0.0042793455377586045;-0.005746449745134612;0.07979027225994526;0.06794891063253625;0.03080612740301372;0.07812708076423824;0.01868108814257037;0.007484487312531021;0.5245901639344263;0.9097760678701786;0.006991903101366902;0.09041285514831543
0.1;0.3;6;26;5;5;0.5849562290909267;0.5845225246889183;0.10488584503181389;0.019057684730654785;0.012684451699331162;0.08092183057327088;0.07118544338677654;0.026194791051073585;0.06306292547293367;0.01446264131373048;0.004798167564631123;0.5429864253393665;0.9162260167528419;0.004515330285925937;0.17802071571350098
0.1;0.3;7;18;6;6;0.5816318189523129;0.5829888857905688;0.09162169312874954;-0.006970465563639675;0.0055845536501212606;0.07317717123972532;0.06139813248000667;0.024834814757381793;0.06044619974890426;0.0007449041972825898;0.0027360195736232337;0.5289256198347108;0.9146937763451525;0.003616701744168211;0.08988738059997559
0.1;0.3;8;19;6;6;0.5829176666313617;0.5829493713616035;0.1011356444458414;0.003827710245732494;0.008885234183431052;0.061078124458118305;0.0490663380282286;0.02368601479139063;0.04694186481550997;-0.014303386780560238;-0.0032300590554265028;0.5;0.8813455657492354;0.007546907042989262;0.11140918731689453
0.1;0.3;9;20;7;7;0.5724682735760347;0.5761573032584484;0.1155356651113415;0.010857442781660495;0.005431054023840524;0.08699725410811049;0.07320291937889328;0.025307594384525123;0.09376854226009508;0.023630406498875454;0.007387461037823929;0.42735042735042733;0.7916277536669778;0.023813998102827572;0.09471964836120605
0.1;0.4;0;25;10;6;0.5245981038048573;0.5795126713190394;0.0811313311019785;-0.0179599378168865;-0.0034776395756473243;0.11177554304727536;0.0909246565127678;0.040988925680823844;0.09254349653269558;0.03429389660293042;0.013946797073725719;0.28378378378378377;0.4436576354679803;1.1295421492167237;0.7682709693908691
0.1;0.4;1;27;6;6;0.566530765612717;0.5644013451072369;0.09981286275894391;0.0023170535166235256;-0.0006811510728374887;0.05932204595114088;0.04732740954315962;0.01420331470747276;0.05773577497482373;-0.002422910723298924;-0.004656517316679467;0.5308641975308642;0.9168836934004143;0.005291363591686034;0.1443192958831787
0.1;0.4;2;18;8;8;0.57300683994276;0.5769694097195015;0.11568425344263009;0.002076513635179082;-0.0012134425101672558;0.09685220925845801;0.08143089767635595;0.02712579623259981;0.10113490085385857;0.021535003911165293;0.006077169395955221;0.4329896907216495;0.7989175631971487;0.025545575855692608;0.09584498405456543
0.1;0.4;3;19;8;8;0.5682208021216294;0.5679316564077561;0.09960797189609129;-0.01653214818952784;0.0018855146651911812;0.106673560530271;0.0915188939994006;0.034682905195396095;0.09520152817466493;0.015603682680439867;0.009604481573576516;0.49038461538461536;0.8698820263705761;0.018517532842550345;0.0955042839050293
0.1;0.4;4;21;8;8;0.5712381517965958;0.5714888542861664;0.10852258334853757;-0.006204428826227002;0.005843916035746697;0.09103352293379723;0.07550154548631006;0.029172190864356788;0.08916223780551695;0.008553489976875963;0.005042038201113594;0.494949494949495;0.8753905281428217;0.012956213275773079;0.11533880233764648
0.1;0.4;5;20;7;7;0.5896732154398895;0.5892038258190068;0.10249141220579605;-0.004178081362334004;-0.0011506302467818752;0.0992215417448038;0.08573735930093292;0.027231982351395893;0.08924138614413796;0.019813722127242202;0.005838507853642593;0.5769230769230769;0.9673304989930632;0.0010627867257940347;0.10172152519226074
0.1;0.4;6;21;8;8;0.5691473041984408;0.5710710582039124;0.1224638821918661;0.00917076005279035;-0.004210939328394384;0.09829218435248739;0.08297201671659561;0.03018542246388234;0.08283711965938337;0.0022147487832517828;-0.001510075825516228;0.43434343434343436;0.8006589998707843;0.02822460280661604;0.11693406105041504
0.1;0.4;7;19;6;6;0.5721564037059339;0.573956255111672;0.10519331648139447;0.00813076262309928;0.011486190837554321;0.07636748967870312;0.06463461832815742;0.025642854618661143;0.06322262558206054;0.003588504635538523;0.0005494065233689975;0.582089552238806;0.9556908658115257;0.0014318340457779959;0.10342288017272949
0.1;0.4;8;27;8;8;0.5876632477822628;0.5879060362956202;0.11906793282360865;0.0053798359424306035;0.002827852284848407;0.10226565006984437;0.08698535920572877;0.027316578612613496;0.08936594230364683;0.009310624937822014;0.0018639618438684392;0.44525547445255476;0.8145769622833842;0.027862696924303404;0.15555763244628906
0.1;0.4;9;20;7;7;0.5636355155595547;0.5634823540641303;0.12373081001324425;0.01923473271744;0.008448833168436615;0.07754713217381953;0.06384209945153602;0.021717352100547278;0.08181741765001702;0.012140894150627921;0.0013067236956499071;0.5029940119760479;0.8129332280424674;0.02238409256962752;0.13141250610351562
0.1;0.5;0;17;7;7;0.5751662890944054;0.5763247385908934;0.0903490053106348;-0.017645242435770103;0.006456998332373833;0.10352202456695989;0.09001295387660933;0.03459089122983243;0.0864009110148947;0.01628067094631035;0.00654113228086619;0.4639175257731959;0.828459072733882;0.03797938776542019;0.11556363105773926
0.1;0.5;1;19;7;7;0.5714997765421611;0.5711386168013732;0.11088437874109273;0.005185696112190954;0.003857581207922625;0.10421070643316836;0.09080363496642149;0.03343996106825726;0.09315605074100308;0.024076423974784055;0.0075781216245133075;0.44715447154471544;0.7886072024451106;0.04039476835877985;0.13681912422180176
0.1;0.5;2;21;8;8;0.5677178484390742;0.5726077454262123;0.11152082484479511;-0.0030181380134270404;0.002654732086285766;0.09629986331476338;0.08089427753197692;0.028772621298934056;0.08742462221527457;0.006957471261636239;0.0014765659748793305;0.41284403669724773;0.772608125819135;0.03333554391993663;0.20719075202941895
0.1;0.5;3;19;6;6;0.5744924093758872;0.5757439506745275;0.08074425216670485;-0.018646976003128916;0.0015232270695095388;0.07888865840594918;0.06712300407105237;0.02513028846252986;0.060648144693192935;0.0004479132462242985;0.0012006208478416948;0.5491803278688525;0.9373040143682344;0.003964048975837114;0.14337587356567383
0.1;0.5;4;22;9;9;0.5681644134770257;0.5695070220141681;0.12009752384912747;-0.0012108514257963329;-0.008575037636847454;0.11742166910021395;0.10059514207599918;0.03707843270674397;0.10833540698109559;0.01902930142643675;0.005783314848632531;0.46017699115044247;0.8332721712538225;0.03489859260714203;0.12525558471679688
0.1;0.5;5;20;7;7;0.5611631123781693;0.5614883232401306;0.0848900355717686;-0.023711174933376027;-0.0005499550169128173;0.08884710646662303;0.07518140093632937;0.029958237718097396;0.07745492466774839;0.006706337707866194;0.005475348233189418;0.53125;0.8755810747863452;0.010978405451635184;0.09060883522033691
0.1;0.5;6;16;8;8;0.5625777527318205;0.5622185660237954;0.1207031318713971;0.008024536257981812;0.012188377583760355;0.08755175259359357;0.0717896477007962;0.0224082250236377;0.08784061041459638;0.006475330462004058;0.00452911997344485;0.4742268041237113;0.8505292872265349;0.03471767835677279;0.11196231842041016
0.1;0.5;7;21;6;6;0.5857057999551546;0.5884895682892519;0.08422552229692214;-0.014404660432279122;0.018704637791773417;0.07781733583715084;0.06574839805262707;0.01822706212645135;0.07070150509191998;0.009209509697363848;0.0008975066973902118;0.5267857142857143;0.912269971564998;0.00525025066072481;0.20745468139648438
0.1;0.5;8;21;7;7;0.5671490223189402;0.5667267856230237;0.09600097731092078;-0.01148530209014284;0.006648006700502324;0.0974543223642445;0.08393643033458908;0.02693775472691286;0.08184326552393431;0.011763841422174319;-0.0018352511064693923;0.5098039215686274;0.8705341118476154;0.017447244313148473;0.12132000923156738
0.1;0.5;9;21;7;7;0.566508256638539;0.5654397047005354;0.09208468204404617;-0.015586386313864187;0.0009888868823538447;0.08943406021306198;0.07577938713255299;0.030343746803184662;0.0707089161155926;-0.0003479508393351487;0.002330218191531758;0.5277777777777778;0.8954667918520636;0.008243688234229551;0.26120996475219727
0.1;0.6;0;21;6;6;0.580926199207755;0.5805672497206733;0.1121883324343192;0.01627836320815406;-0.0037635345024695037;0.08740969891225767;0.07570300787071742;0.0291321871233038;0.07008940907773901;0.010422491982232052;0.004137065251756776;0.532051282051282;0.9182219492533876;0.004924934342388616;0.12664365768432617
0.1;0.6;1;17;7;7;0.5655469048672583;0.5690985382803007;0.09468808200512949;-0.012844128800325363;0.005988361833730501;0.09178344745582567;0.07818019339862724;0.026431632502925503;0.08156363674770067;0.0114053205593574;0.0028588581887590042;0.4896551724137931;0.8559479893348917;0.023620524908119278;0.11050009727478027
0.1;0.6;2;19;6;6;0.5722139651301323;0.5741762481103035;0.09812914086146626;0.00037887689152097266;0.003605069866728193;0.07478258111126722;0.06292513189149451;0.019901761116489065;0.06759350433306183;0.008156702509391687;-0.0015350443007528258;0.49714285714285716;0.8779816513761467;0.008785626225370428;0.2533843517303467
0.1;0.6;3;33;10;7;0.5158502786210741;0.5694608547017525;0.11545662945298538;0.010964065307391897;0.024440493146953696;0.07436592142984196;0.053271251826622505;0.017897950330412766;0.05979522847922476;-0.01304395940891829;-0.0036919949398803217;0.25;0.32165178571428577;1.3107088595416527;0.9344961643218994
0.1;0.6;4;22;8;8;0.5604165560708212;0.56208937762901;0.10658318254765146;-0.008474340963248849;-2.6408798953949926e-05;0.08316297473490698;0.0675366455965636;0.024480261234980653;0.08087930732490546;-0.00017350460175560338;-0.0009293848281482428;0.47692307692307695;0.8538035168195719;0.020764993943735627;0.1573324203491211
0.1;0.6;5;21;8;8;0.567394864637057;0.5669032430806247;0.11600988740218614;0.0019865445969317773;0.0007954921219743375;0.10652756127863096;0.09131461462255187;0.03522168915496717;0.09643761223965332;0.016859653174253187;0.009463654732650987;0.5106382978723404;0.8416494805055176;0.019520394098126045;0.13593292236328125
0.1;0.6;6;22;7;7;0.5721236080888916;0.5724982701668238;0.0979002137582698;-0.009656173936830732;-0.006971962526732243;0.08942694963179261;0.0758452188691543;0.024815698100695213;0.08403514497131268;0.014500025842843869;0.002912472437446887;0.5680473372781065;0.9301911210308158;0.0031117763413990307;0.13199639320373535
0.1;0.6;7;23;10;7;0.5327681098179876;0.5804146269981972;0.11625043419988741;0.011527667856091738;-0.003225516038713032;0.07853157259385253;0.057770450920945675;0.021392203548022137;0.0795818955496746;0.009031664889624336;0.008839209186401794;0.25;0.32165178571428577;1.3235536526039695;0.49362683296203613
0.1;0.6;8;17;9;9;0.5723618063527472;0.5754054269374668;0.12582779072054157;0.005568390295481927;0.010387755732155274;0.1170614222825968;0.10018859046868397;0.04568557897151432;0.09739816406403091;0.006798218869449955;0.01302431044858608;0.4835164835164835;0.8617601087325858;0.019111949231965193;0.15814971923828125
0.1;0.6;9;22;10;7;0.5260318224468039;0.563357164815773;0.11488075782806037;0.010092460319886538;0.00017737289451301826;0.10408137653187903;0.08361552277278682;0.034503397266952056;0.09877864543720473;0.028891506594549615;0.01655435068259707;0.25;0.32165178571428577;1.3217907809458491;0.49277186393737793
0.1;0.7;0;26;10;7;0.5409400812950096;0.5854831251213224;0.09346213436726901;-0.013958343065639763;0.0025452159694737894;0.09430074223433979;0.07395523437233789;0.02715763262725124;0.07989122652291931;0.008642523940464492;0.0017296071675936397;0.21052631578947367;0.2796972049689441;1.5513980397955829;0.5908505916595459
0.1;0.7;1;37;10;8;0.5519376890311104;0.5796836202212162;0.094611498896598;-0.020609559584409187;-0.002368204150088085;0.10209046942688807;0.0824187631757338;0.028003147330961202;0.0978986622716959;0.01877972593348118;0.0036658907920872623;0.21052631578947367;0.2796972049689441;1.1165472318764673;0.9675443172454834
0.1;0.7;2;38;10;6;0.5041444129512899;0.5877863695429535;0.09678459284873422;-0.0008191504581007481;-0.0067139384922440416;0.07550219659435216;0.054507173612442526;0.017045842604435354;0.06870013627781117;0.008875065419926283;-0.0013589128545268589;0.21052631578947367;0.2796972049689441;2.0590730635915446;1.2262611389160156
0.1;0.7;3;35;10;7;0.4940005736032529;0.5525806731423999;0.09744150933555634;-0.009574476027345338;-0.0006849702485147269;0.07165418861446547;0.050848197162490116;0.014854296303140287;0.07237556801546847;0.0006502041115489615;-0.0022160736646833776;0.21052631578947367;0.2796972049689441;1.5313268132394482;2.2043871879577637
0.1;0.7;4;25;10;9;0.5622674222080444;0.5685457486889424;0.11732973450675678;-0.004577573275350186;0.004300317109817127;0.12001593846375559;0.10120679317705404;0.039127543160342615;0.10184165479881573;0.012266629807745517;0.0037660444696844247;0.21052631578947367;0.2796972049689441;0.5475643039950875;0.9144959449768066
0.1;0.7;5;17;10;8;0.5326444333255173;0.5576159406835565;0.11589587582741057;0.0021992714030876323;0.002628859062318878;0.10725592650149748;0.08772124145995497;0.031268078790944454;0.08692127009904481;0.006263024120406289;0.0013023361568304033;0.21052631578947367;0.2796972049689441;1.022674044846758;0.40949177742004395
0.1;0.7;6;26;9;9;0.576133342884001;0.5745466429584467;0.12224685452707731;0.001131190888232731;-0.00014900528395394642;0.11694814619309285;0.10011310888743584;0.035587492811090596;0.11222054014117985;0.0234658003811886;0.006655200519122017;0.5185185185185185;0.8801968330073813;0.013692043838049067;0.10599780082702637
0.1;0.7;7;22;7;7;0.5775822346975904;0.5783480742080198;0.1104884732494908;0.0047018996226237736;0.002389752454283145;0.08328832535708144;0.06948770620058087;0.021116876391385896;0.0832949227045858;0.013115591204615747;0.0030140240921173226;0.47540983606557374;0.851967380224261;0.017688927943545794;0.12803244590759277
0.1;0.7;8;19;8;8;0.5614877343347685;0.5630487168623539;0.11971506196942679;0.006464020895577368;-0.003557560131666316;0.10216605402258268;0.08689810450142232;0.029361344397881805;0.08415870371764402;0.0031980668733271067;-0.0011293512000578954;0.47058823529411764;0.846091743119266;0.019094757259189646;0.1583538055419922
0.1;0.7;9;36;10;7;0.4970708071419937;0.550754138298857;0.11438192850573725;0.008977463275922724;-0.0013459889704857068;0.08036789193856061;0.05993502468321911;0.02039915276081524;0.08614465203153769;0.016469628242008733;0.0031769154780275106;0.21052631578947367;0.2796972049689441;1.5279178371173174;0.8619000911712646
0.1;0.8;0;34;10;7;0.4879855274444489;0.5523539937709266;0.10009609738140862;-0.006860514065027459;0.0051606301404312094;0.09395022645100722;0.07390328491871648;0.029735865739071193;0.08576070219808804;0.01567393677135613;0.006721581835845879;0.18604651162790697;0.25227591036414565;1.7428110389351255;0.7305464744567871
0.1;0.8;1;26;10;8;0.5274167876290536;0.5628522065311671;0.11632725593969441;0.0024177440802673473;0.0004687580546073217;0.09291991930114293;0.07328255121002879;0.025045655868493857;0.08067296828984569;-0.0004287540120036401;0.0029015269873188887;0.18604651162790697;0.25227591036414565;1.1805395090474786;0.6231539249420166
0.1;0.8;2;22;10;7;0.5137936846906791;0.5728044923238554;0.09899610652977368;-0.007802355352792098;-0.0013961438728489516;0.08144192932512592;0.0611933672774304;0.019703416368872226;0.07153865691187333;0.0003055618840193563;-0.00250894561675956;0.18604651162790697;0.25227591036414565;1.7232413801245796;0.48566174507141113
0.1;0.8;3;21;10;9;0.5667462558507964;0.5714081073893462;0.10969430244815882;-0.012883197019493288;-0.003670656353396329;0.11803041329980651;0.09915764301739047;0.04129200409637565;0.09017881339726595;-0.000783956331968582;0.0037397378256118544;0.18604651162790697;0.25227591036414565;0.5783202838723683;0.45682382583618164
0.1;0.8;4;29;10;7;0.4984766865059976;0.5593538731007223;0.1038968167142447;-0.002705221326371898;-0.004931750529316558;0.09094891958750675;0.07099394107902249;0.023126281882990717;0.08912073739967172;0.01978351778355828;0.010265352705284038;0.18604651162790697;0.25227591036414565;1.7267779172830124;0.6140635013580322
0.1;0.8;5;29;10;8;0.5461778751870802;0.5732851082092616;0.11186181762133232;-0.0017266551944760586;0.005746320649747579;0.08805628874513116;0.06818426750525962;0.02319366727015017;0.08378062500273818;0.0027346296674997947;-0.0006526060202270186;0.18604651162790697;0.25227591036414565;1.1779708663678494;0.5583350658416748
0.1;0.8;6;31;10;6;0.49456852049897354;0.5941219033788525;0.09935285735949884;0.0027685476369762024;0.012392673966764597;0.07352619042478109;0.052628807668614885;0.016830674913620603;0.06275865170627427;0.0019145792340484755;0.0029998008338408605;0.18604651162790697;0.25227591036414565;2.310321681316192;0.6032838821411133
0.1;0.8;7;24;10;7;0.5020672567459735;0.5724578116023601;0.10904659703468396;0.0030389812465629767;0.0055373067517501765;0.08613193622384213;0.06607857933134412;0.027464398394421892;0.08117655050477728;0.011169352500229518;0.010812007581512772;0.18604651162790697;0.25227591036414565;1.7281227270562316;0.4719057083129883
0.1;0.8;8;26;10;7;0.5183089429935356;0.581435337607143;0.09961335962580882;-0.007517391191734888;-0.002186047630416688;0.1020991330535551;0.08227981641123444;0.02788195628506008;0.09658557346149912;0.027687098495520153;0.009945719042595155;0.18604651162790697;0.25227591036414565;1.7390326421220608;0.5493297576904297
0.1;0.8;9;39;10;6;0.4328045163394052;0.5655422160515174;0.09900955806360576;0.00566445901801938;0.006181939664858197;0.06879045460724388;0.04702248954447698;0.013143105526649492;0.07765198365834071;0.018412435556439146;0.0030849275276543763;0.18604651162790697;0.25227591036414565;2.8780566718774874;0.9175570011138916
0.1;0.9;0;31;10;7;0.47582123731972575;0.5497199669467541;0.10693306080691653;0.0010841014678766784;0.004996783115856876;0.08363785672717697;0.06347885777448042;0.0236840942090866;0.08155596516057342;0.010496450798375974;0.005086616687325984;0.16326530612244897;0.2257205513784461;1.939036362913912;0.8035464286804199
0.1;0.9;1;23;10;7;0.4741711873990437;0.5399639507337712;0.1132386119581152;0.008061854161769749;0.001274154937041568;0.08138396421894799;0.061168763611157695;0.023126060486869344;0.08397986335888057;0.013096955381236895;0.008121845702035013;0.16326530612244897;0.2257205513784461;1.9689513375430472;0.49198102951049805
0.1;0.9;2;27;10;8;0.4901711332814928;0.53644882340176;0.11261088754332409;-0.0018270929871817513;0.0005533319987422983;0.08757828403230859;0.06785670344754652;0.023680039594055343;0.0790500669977726;-0.0019839365553812943;-0.0035465873354248918;0.16326530612244897;0.2257205513784461;1.2752196210412745;0.6783130168914795
0.1;0.9;3;23;10;8;0.5179674989559458;0.5509615672949796;0.11270728944834865;-0.0018960788037668543;0.0029592089404148537;0.09491118985524304;0.07543824384063312;0.02895030201670924;0.08969284104388707;0.009734529262210816;0.004175735671018124;0.16326530612244897;0.2257205513784461;1.28506607256279;0.5434203147888184
0.1;0.9;4;33;10;7;0.49760716593994475;0.5613565404413983;0.10698990930043888;0.0005441450904083792;-0.00033032660959724387;0.07450474032535222;0.0543287817349648;0.017481424412009377;0.06561620993247301;-0.005253040567988137;-0.004768576728767834;0.16326530612244897;0.2257205513784461;1.9337642773275685;0.7254977226257324
0.1;0.9;5;28;10;7;0.48843438182802973;0.5702531078240981;0.1219869211863372;0.01781947958965528;-0.004943580532367008;0.0971711197391893;0.07741148153105204;0.029998290728859053;0.091802610020911;0.022183171173819752;0.002839262801588966;0.16326530612244897;0.2257205513784461;1.9618033976988225;0.5771596431732178
0.1;0.9;6;52;10;6;0.4509348531498217;0.5646606173615304;0.10931412222764227;0.013085078019907274;0.009558015604505957;0.07027971351204647;0.049595098231047734;0.021558974785097905;0.06604254694947712;0.006338629358011749;0.003089698911898895;0.16326530612244897;0.2257205513784461;2.603022423268526;1.2742457389831543
0.1;0.9;7;27;10;10;0.5566130166850427;0.5553215252636255;0.11686739448743741;-0.01242818100158943;-0.0009270239200509997;0.09673573083065799;0.07774568746159015;0.022688752122182142;0.09883252271451251;-0.0017281909946395637;-0.0042795205527834;0.5051546391752577;0.810449092891841;0.03126565779582313;0.7159476280212402
0.1;0.9;8;18;10;8;0.5101607035411974;0.546547497883912;0.1145806507431676;0.0005521034661290297;0.0014906893970426;0.09721318523287772;0.07772837859195861;0.028190156514687308;0.0876568379869242;0.007016392293281985;0.0026121103232128505;0.16326530612244897;0.2257205513784461;1.3076959226110874;0.4723081588745117
0.1;0.9;9;23;10;7;0.45511518863338646;0.5369372761178381;0.0923392499011082;-0.01576685547190063;-0.0019103094413705636;0.10079451353177364;0.08112279675949768;0.03706998181128675;0.09690507427692331;0.028167947671978655;0.014980553085201081;0.16326530612244897;0.2257205513784461;1.936230419558974;0.5166616439819336
0.1;1.0;0;34;10;8;0.5015733297919011;0.548978188283691;0.11631742582545242;0.0022359554341936576;0.002438307398068018;0.08809877645466833;0.06853536564015794;0.022865305023173417;0.09295738887067427;0.01317005480832403;0.003010574268346918;0.14814814814814814;0.2075172811059908;1.4020772804965373;0.9266133308410645
0.1;1.0;1;169;10;8;0.42456530862995107;0.48691222084216357;0.1025444482097006;-0.012929475768848349;-0.008338573613706785;0.08279073387509411;0.06308069973211773;0.025260755092418315;0.08810281030082222;0.00773374738674714;0.0038455460436139194;0.14814814814814814;0.2075172811059908;1.4042734704134583;4.887749671936035
0.1;1.0;2;34;10;8;0.4753330066289227;0.527904541024944;0.11582085845394302;0.002109835949463674;0.002702530901317388;0.09288834352031033;0.07335090938803411;0.02865749244324196;0.09894880499697216;0.0194066068327454;0.005796830701772977;0.14814814814814814;0.2075172811059908;1.4647609801374015;0.8408656120300293
0.1;1.0;3;24;10;8;0.4692146492353611;0.5117938457364833;0.10738842817196483;-0.007460819304728748;-0.007709439265668138;0.09301846135668974;0.07342281903853076;0.027618510133542433;0.09932132796610904;0.019734986345055314;0.009137339037472233;0.14814814814814814;0.2075172811059908;1.5168538169172079;0.4783780574798584
0.1;1.0;4;129;10;7;0.4586252925281095;0.5366560093289731;0.11797255925775035;0.013459209139469916;0.007923728882090832;0.09180533852162585;0.07199566849565596;0.025616807767369142;0.10267138094059186;0.03336717917498034;0.009789012578935743;0.14814814814814814;0.2075172811059908;2.1399553834210416;3.9665024280548096
0.1;1.0;5;137;10;7;0.4332844464629715;0.5244187718526989;0.10918665537390176;0.002969712168402774;-0.0075219372794835425;0.08078785198914716;0.06084007904901139;0.02243717606589213;0.06932344520114023;-0.0013749903279546907;-0.0029153893954946284;0.14814814814814814;0.2075172811059908;2.092886381527307;4.129740476608276
0.1;1.0;6;44;10;6;0.41041970957640117;0.5469008039222462;0.08921787799329993;-0.008979716870634178;0.010678305115194813;0.07294931833111948;0.05243871415021505;0.019467223535336038;0.06087729019077443;0.0005135537056572828;0.0022746497180015065;0.14814814814814814;0.2075172811059908;2.872139892529502;1.2187590599060059
0.1;1.0;7;134;10;8;0.43596243250379746;0.48950719852457536;0.1141745100401628;0.0006026940233026252;-0.014117280762493736;0.08515906441060381;0.0654003758131782;0.02652902038473775;0.09847419706434221;0.018242300127123218;0.008968873396123572;0.14814814814814814;0.2075172811059908;1.457811813712614;4.242589950561523
0.1;1.0;8;1000;10;7;0.42617945437470284;0.5258887295295224;0.10670699916644552;0.0003303602095994702;0.0026162689964106586;0.0632056851275554;0.042760123318230675;0.012431283304595985;0.06548480721865159;-0.005768940887072163;-0.005053021007747762;0.14814814814814814;0.2075172811059908;2.151706468970852;38.31720566749573
0.1;1.0;9;52;10;8;0.4560871413639548;0.49988380405891114;0.10095708954291283;-0.014646796454015665;-0.002487010145949923;0.09010486719285979;0.07057528449232077;0.02311751953113101;0.09185303162879062;0.011760581265072437;-0.0013974907821163547;0.14814814814814814;0.2075172811059908;1.394559663408945;1.2660446166992188
0.2;0.0;0;20;5;5;0.5725391516977917;0.5722644308076899;0.08935440521700676;0.0016844118958403032;0.0020717667758848794;0.07915590365599327;0.06945640959495704;0.030316851249415414;0.05768719208973003;0.009279753001809889;0.007374912507951042;0.5771144278606966;0.9639323724306499;0.001308163540926437;0.08592081069946289
0.2;0.0;1;26;7;7;0.5774681311339199;0.5805061784176048;0.11241201728035367;0.0070934480261867425;0.003573556262410777;0.08495542548844692;0.0711207749955552;0.018612778491810318;0.0814443785611027;0.011221147907326333;0.0023272406574002605;0.4691358024691358;0.8404657259619092;0.02084819688360958;0.10437226295471191
0.2;0.0;2;21;8;8;0.5591406382449738;0.5599075085310661;0.12084910163472465;0.007765152928753236;0.00282909975147244;0.09424582271837365;0.07878572911042044;0.02758836743897041;0.10249716403314829;0.023219801283459823;0.0077137723683749285;0.3838383838383838;0.7333824415723564;0.03683408701670051;0.09155535697937012
0.2;0.0;3;21;7;7;0.5761932365924983;0.5783092333083084;0.1043762078303427;-0.0022405174870363436;-0.003146797695472846;0.07789144962833044;0.06408919903322244;0.025175714384000333;0.07587049243886175;0.005468212588788401;0.0026721380822143314;0.5048543689320388;0.8509715475364331;0.020291630461644315;0.09728121757507324
0.2;0.0;4;18;6;6;0.5740945676832125;0.5773555472502433;0.08031197380783862;-0.018395168305923273;0.00504548097132751;0.06319723500596008;0.050966160964047054;0.012548852209146791;0.05884386625326517;-0.0037335330119894878;-0.0026267944356750555;0.515625;0.8895489243580847;0.00989533691276033;0.08558106422424316
0.2;0.0;5;23;6;6;0.5819156183639062;0.5827624606131728;0.07700999883342105;-0.022917526746487695;0.00042070095039899543;0.08923329949104163;0.07756544385884759;0.027882323847920932;0.08220010051000429;0.023475248421383852;0.009819810939852465;0.5771812080536913;0.8860910082284129;0.00589451070844881;0.1472482681274414
0.2;0.0;6;20;8;8;0.5730207038126106;0.574439495182054;0.11216561151257383;-0.002252549436813039;0.005566843382271495;0.08518730766918689;0.06960889998992194;0.02382561964505335;0.07646529341845215;-0.004874519602919165;-0.0037534490360284396;0.3917525773195876;0.7442473666326878;0.043246542865249676;0.09537553787231445
0.2;0.0;7;19;6;6;0.5675152189069363;0.5710602381379093;0.0993587776946629;0.0024318924310066;-0.005286029883078379;0.0732310331148343;0.06118184667132599;0.02237919843813297;0.07040679871702915;0.0100879306811562;0.00030809221485962726;0.524;0.9091044812059041;0.005124790703189025;0.09195089340209961
0.2;0.0;8;18;6;6;0.5690587856281373;0.5711228048424297;0.0891633569453735;-0.008910968449829967;0.0038962472162152335;0.06331030488508772;0.051188705237136596;0.021844454768088332;0.06326100030140741;0.0027247366204515362;0.0038532797547668877;0.5157894736842106;0.8997069317023445;0.007325609295295861;0.08115172386169434
0.2;0.0;9;20;7;7;0.5639676270497781;0.5653996790946292;0.11688447680641773;0.011816866697059829;-0.001894300837592491;0.09316752257964046;0.0795606101464336;0.024923150232120866;0.0908210414215356;0.021683653639255996;0.002681888783960802;0.4357142857142857;0.8024190971746771;0.027801920329530334;0.08890128135681152
0.2;0.1;0;26;7;7;0.5762314079467813;0.575858819541622;0.11200316345531319;0.006514998933229012;0.01087862147368811;0.07047795202926943;0.05662099057067337;0.021845016371149387;0.06637468270588538;-0.004750685274021821;-0.00044450961979375955;0.5283018867924528;0.9139879941103182;0.005954240021142542;0.11107563972473145
0.2;0.1;1;19;7;7;0.5699749300620105;0.5702664635142389;0.11880032323161281;0.01448340201893713;0.01752290895682564;0.09190004769063768;0.0781343445930792;0.02586563691183472;0.07694260675864956;0.005352207507854923;0.002517024771881508;0.4044943820224719;0.7614825688073393;0.03932544695763243;0.08984088897705078
0.2;0.1;2;15;8;8;0.5758478693582338;0.576133973714276;0.11676700316285299;0.0033274945817451;0.016451369412995086;0.09347052240459656;0.07779685955654042;0.02313361490381146;0.09352660480878744;0.01240347452929986;0.003645258386877783;0.5116279069767442;0.8949047282992237;0.006320585367095607;0.07898211479187012
0.2;0.1;3;20;7;7;0.5709681505380593;0.5733300862067467;0.0962551196232606;-0.011141950079819597;-0.0026732288561339673;0.09457029533182022;0.08094897944151831;0.02749357989158224;0.10154957331820375;0.032917795965256194;0.006751411286199098;0.5493827160493827;0.8957595237225612;0.007580088482278723;0.10337400436401367
0.2;0.1;4;19;8;8;0.5702912770439159;0.5710112930436209;0.10791187008728777;-0.007060067548969118;-0.0012324373029963267;0.09524893902963988;0.07980071214909978;0.0324603157837505;0.09861135603665085;0.019156463720788535;0.004115628325823626;0.41237113402061853;0.7719815174445857;0.027946663758673104;0.08949851989746094
0.2;0.1;5;22;8;8;0.5619114173101869;0.5627714063989963;0.11843676370900418;0.0053310504711961346;0.004401761569292541;0.11440273913254073;0.09924609917247419;0.031197021727104268;0.09302342650834788;0.012530391977047778;0.0023703609721137534;0.5142857142857142;0.8979747273671455;0.012794843052728759;0.09423661231994629
0.2;0.1;6;25;6;6;0.5804973761015155;0.5843968956633367;0.10882355324323435;0.012410334103615145;0.017498796799939844;0.07888421458050164;0.06705447490391124;0.0288858009149849;0.08293604782015869;0.02389132005251276;0.007614048700335471;0.5035971223021583;0.8855625301786577;0.011351654290967003;0.09846997261047363
0.2;0.1;7;16;7;7;0.5589224133435177;0.559573977459878;0.09615708961966515;-0.010923132095068492;-0.011909482022581923;0.08267105946582635;0.06879762842579494;0.021492082089484107;0.07319582029181051;0.0015021324862778075;0.0006050957401574238;0.4845360824742268;0.8482700505601269;0.016272124600141397;0.08962750434875488
0.2;0.1;8;17;8;8;0.5756094323118692;0.5760375808983688;0.11957476929887381;0.006061380682592673;0.0034973166568602596;0.08582722396821515;0.07020215273615107;0.027330829057005786;0.0819066100245828;0.0009854340973573987;0.0005660608037609843;0.4852941176470588;0.8638931783086565;0.01392408744411612;0.09050750732421875
0.2;0.1;9;29;9;9;0.5639485236945135;0.5636409706453861;0.11198187114473493;-0.010716259811941586;-0.0031993545042448166;0.11078820657239402;0.09388458673050348;0.03290413150086152;0.10734272809553978;0.01841203126654199;0.010764419585731787;0.4594594594594595;0.8262424598302461;0.03473929751934497;0.18658733367919922
0.2;0.2;0;19;7;7;0.584798857064418;0.5867687591107279;0.10987328049349714;0.004521161815370236;0.0038100798268165498;0.09049577371875592;0.07670349789472007;0.025217852057495254;0.08479862583351538;0.014094181537199876;0.003751652702169833;0.3944954128440367;0.747984065668759;0.03152023206149581;0.11295199394226074
0.2;0.2;1;22;8;8;0.5790227884493202;0.5792464684061323;0.12078449644542515;0.007577045869313543;0.009426667638981567;0.09880795883604655;0.08339892904214563;0.04118642286707815;0.09493132379962145;0.014906725319595927;0.013496182526607736;0.34951456310679613;0.6847864827404131;0.05004010051738534;0.11676144599914551
0.2;0.2;2;18;7;7;0.5679446302996265;0.5697162984508289;0.09222370622738477;-0.015572467430357957;-0.003042811893472636;0.10744417553034567;0.09396567487415924;0.0430464916496189;0.09062937626775457;0.02121796607243779;0.015547369738350957;0.3888888888888889;0.7403302752293578;0.04545816716136175;0.08894205093383789
0.2;0.2;3;19;7;7;0.5826683283337513;0.5822339045875293;0.10579994668114184;-0.0004695219116992345;-0.00661860342492428;0.09423032256082958;0.08070749783034686;0.02524350060325998;0.08429972389185239;0.014492170678432678;0.001105311131586969;0.5144508670520231;0.8782154577212153;0.014291802659244082;0.10224771499633789
0.2;0.2;4;23;7;7;0.575716768153984;0.5765248248831117;0.12594941094517564;0.02212147741687177;-0.005710766945160197;0.07671566347434361;0.06295712917057425;0.020436260371939536;0.07444616968042687;0.0038368153135894026;0.001600177255319565;0.38333333333333336;0.732684867912015;0.0364937528444345;0.1074368953704834
0.2;0.2;5;29;9;9;0.5697294066824948;0.5689910712626393;0.11801574968441005;-0.00358799722742207;-0.007637111878485318;0.10662103752665376;0.08956716817873182;0.029582511728964554;0.09949888361844404;0.009090196126398196;0.007058590452911367;0.5130434782608696;0.8965411789518084;0.008089073839262608;0.13096117973327637
0.2;0.2;6;21;9;9;0.5647353108114217;0.5675692896371404;0.13078092209353412;0.01098776012593738;0.00329288725040705;0.10478857707758675;0.0877395488309877;0.029371426117268232;0.09710261508603822;0.006809877517525207;0.0025979496440146597;0.48739495798319327;0.8664075053128076;0.009775622788445314;0.09830760955810547
0.2;0.2;7;25;8;8;0.5594633170386754;0.5616190916613216;0.11470510439962774;0.0003965845365815403;-0.0021051674347524595;0.08960326592956809;0.07412030190367849;0.026912209191234205;0.08797691274890311;0.007796211056402175;0.005433663398846585;0.45454545454545453;0.8262614678899082;0.04087585285096363;0.10827827453613281
0.2;0.2;8;17;7;7;0.5753057585792645;0.5753299909668375;0.09697821370838017;-0.01013056581373572;0.002602045615564036;0.08435284922396805;0.0705840077824867;0.021619252054441016;0.07479800719612761;0.0036483455219141632;-0.0033046325791035776;0.5277777777777778;0.8680219792721358;0.012762257849551782;0.08725881576538086
0.2;0.2;9;23;6;6;0.5713192867931289;0.5741779458214907;0.1048048755503139;0.008681770904572063;0.0044624833443787;0.05526515732890955;0.04311039805341505;0.012954179579705884;0.0504392630040233;-0.010570475828924763;-0.005399846286030698;0.49238578680203043;0.852232246125376;0.019178545887841555;0.0902853012084961
0.2;0.3;0;23;8;8;0.5727904987375291;0.5755580274391452;0.12652143617991427;0.01382729189351503;0.003423310109620906;0.10833395549091519;0.09316465567176417;0.031032862996266664;0.09066691164314993;0.010569261330816242;0.0018615549003746536;0.5377358490566038;0.8000587199060483;0.023935697652089836;0.10072469711303711
0.2;0.3;1;19;6;6;0.591877765816272;0.5917996944417675;0.10505082869227651;0.008199884027957911;-0.0012699614747216446;0.08297576681610634;0.0712264360599387;0.026172964562017467;0.07635696352671105;0.017283639592760185;0.008148950440424699;0.5678391959798995;0.9546741734010881;0.0019370347880145466;0.07964658737182617
0.2;0.3;2;21;7;7;0.566851818898153;0.5667283709699605;0.09690931169167004;-0.010224417650491693;-0.003704773454863783;0.08304961333022788;0.06924995518150023;0.025454499928109133;0.07433202176235987;0.0035474280605801494;0.0032542127144555492;0.449438202247191;0.8198563402318468;0.01890279672120572;0.08949446678161621
0.2;0.3;3;21;7;7;0.5532259890221893;0.554696937142617;0.10814278714248389;0.002280171610867698;0.005748140071811744;0.0971158956698204;0.08344549623792345;0.03503458291957074;0.07643169433177918;0.005061367343317479;0.007391904424415233;0.5267857142857143;0.8602413901021895;0.013235734024209519;0.07974052429199219
0.2;0.3;4;21;8;8;0.5767994426811516;0.5788553058534449;0.12316275613998362;0.010136512639531347;0.008912138043032397;0.11264082950547112;0.0974605740341306;0.038240456590454615;0.10435114497945734;0.025373751809187724;0.01051007191180305;0.4666666666666667;0.8412844036697247;0.025227144902092862;0.10419011116027832
0.2;0.3;5;18;6;6;0.5636761936095805;0.566593637466093;0.11067968156521879;0.014688193786626863;0.013453030925314585;0.08212762220442876;0.0702733692226744;0.023803887867410722;0.07005710372455544;0.010245487081553496;0.003335118251517281;0.535031847133758;0.9038567849539515;0.010169053182898638;0.0819997787475586
0.2;0.3;6;21;8;8;0.5790182330320571;0.5809411649108907;0.10820195382158013;-0.006722729455837;-0.0014275777626577058;0.1097633708369969;0.09459072373018562;0.0285742390639218;0.09774545096962321;0.018150258452385683;0.002831247508868184;0.5338983050847458;0.8911239341020791;0.011825912086471088;0.09134507179260254
0.2;0.3;7;21;9;9;0.5538837401220866;0.5565189810985692;0.12381985770389199;0.0034710690435822028;0.006383253668759824;0.10518705700348642;0.08793563664725819;0.030722154747905264;0.08368658280682177;-0.008505652695279727;8.42251318896852e-05;0.4659090909090909;0.8403527487376431;0.024392196741298403;0.1032404899597168
0.2;0.3;8;23;8;8;0.5669713560024244;0.5706389706282371;0.11831879421660049;0.00482894235302126;0.0006371141765643868;0.09193683083154387;0.07634610770874574;0.020882415477520715;0.0880688358007932;0.007510459867532839;-0.0012995942018219132;0.43820224719101125;0.8056049311926605;0.02283290766385969;0.0973653793334961
0.2;0.3;9;27;7;7;0.5765927271274579;0.5793006046238136;0.09770045148625096;-0.009704451011290005;0.008351628234940118;0.09242943070390724;0.07881047441853153;0.025831833185854206;0.08123936728857171;0.0113167181095949;0.004422786398051861;0.504424778761062;0.8865299514301132;0.008544330884041156;0.11092185974121094
0.2;0.4;0;21;8;8;0.5764448077071457;0.5760845263060848;0.10324547943378229;-0.012095835111499765;0.01037958015543643;0.09393052773339063;0.0784152210112445;0.029810519265298055;0.09673115621158107;0.01696124078525237;0.007204387459061738;0.5352112676056338;0.8693908451021568;0.018071678922744097;0.08428597450256348
0.2;0.4;1;20;8;8;0.5625004435768225;0.5659656854508237;0.1291748500281706;0.017518300308775207;0.015292819818007041;0.09189646498109147;0.07615331102240074;0.026522374393250017;0.09135604618776842;0.010155927485624341;0.00438032331234486;0.5080645161290323;0.8416494805055176;0.01942309919454518;0.09390068054199219
0.2;0.4;2;19;7;7;0.5661991138557849;0.567483905468358;0.09870954933314152;-0.008516503443121708;-0.0031158879898155467;0.09201672192507052;0.07843123821122197;0.025296171051468867;0.08898885609861504;0.01950750270781801;0.0027266009782624815;0.503448275862069;0.8853884353168925;0.00963272102299066;0.082366943359375
0.2;0.4;3;18;7;7;0.5688408371781656;0.5692023323401724;0.10228964781989389;-0.004669742643938018;-9.831763367649097e-05;0.08777957547848135;0.07421407311344484;0.02682785806119361;0.07582902772556131;0.005638110825848203;0.0026382658439301284;0.5614035087719298;0.9506648799092876;0.0018848310032276898;0.09121227264404297
0.2;0.4;4;18;8;8;0.5677857141665568;0.5685709598699971;0.11807923018687197;0.00461234861146617;0.008070674635426668;0.1172594149734906;0.10212264547336818;0.04152221437614923;0.09688125120254971;0.01721007499861069;0.009637578036587728;0.4918032786885246;0.871660449642101;0.012510565515603155;0.08329176902770996
0.2;0.4;5;25;7;7;0.5764084029922438;0.5759633292339827;0.10925690161324288;0.0032098139336508335;-0.0004102648553461173;0.08224200439272418;0.06859211067890601;0.02613218118119282;0.07328599657796639;0.0028011086507444415;0.0032671334242360462;0.5454545454545454;0.8824890122600048;0.012669877333841381;0.10270476341247559
0.2;0.4;6;18;6;6;0.5880830967930756;0.5910872532911627;0.10176212315813862;0.004890253637854269;0.010369086068823188;0.07342873790350224;0.06151377298626141;0.02152729448330565;0.06263822638490107;0.0024470691081794043;-4.608155805751441e-05;0.5317073170731708;0.9178343949044585;0.005303757403061724;0.09058976173400879
0.2;0.4;7;24;6;6;0.584184441702924;0.5834236088090399;0.09785908654999904;0.0005120887280824049;-0.012743662570716094;0.07967013265680947;0.06785553581471382;0.022086540817611227;0.06353283958526064;0.003379331251788083;-0.0021880068569826027;0.5529411764705883;0.9151084862396452;0.004780245540193111;0.14097118377685547
0.2;0.4;8;19;6;6;0.5854495484727988;0.587051083793916;0.10542871620120277;0.009794313090869967;0.013643097954516976;0.07975992552034418;0.06775083368418464;0.02001244455856767;0.08142704778005698;0.021334403939654936;0.009101305263284183;0.5454545454545454;0.8797483631536072;0.008449382782764362;0.08825111389160156
0.2;0.4;9;19;6;6;0.5660401486389702;0.5659987615980585;0.1014988811750146;0.004459706463302402;-0.002154220834155908;0.06966716661213125;0.057706073006636396;0.021461121196881074;0.07083058573550492;0.010912168472888334;0.005451422932244662;0.4838709677419355;0.8392650606391064;0.0186464394451435;0.0750579833984375
0.2;0.5;0;19;7;7;0.5817019665472952;0.5811353877356608;0.1123080061930155;0.007058966183882537;-0.0017737505705528287;0.10328128123273299;0.08978518062025315;0.034764435662113374;0.08311489383874912;0.012492031742182186;0.0026767546420805983;0.5619047619047619;0.9355710581102306;0.002276277022230988;0.1020352840423584
0.2;0.5;1;17;8;8;0.5717079991472579;0.5733460139529438;0.11094757332650863;-0.0036333674181807224;0.0029443034023946203;0.0911754085745765;0.07572421856080849;0.027902649465466896;0.07960777422732289;-0.0015104097298742213;-0.000847846919273944;0.45454545454545453;0.8262614678899082;0.03604455603482316;0.08748006820678711
0.2;0.5;2;21;6;6;0.5677974358092456;0.5718984575582972;0.1044893430831074;0.007475879807053041;-0.0007919948098353101;0.09280699153572843;0.08118028299654942;0.036450848114630445;0.09660530183651385;0.03900564747475034;0.013529662846158455;0.5396039603960396;0.9253282846998108;0.004027821740388273;0.11670660972595215
0.2;0.5;3;22;7;7;0.5691123794414741;0.5698374853043652;0.10465755793422933;-0.0019117634187765244;0.0004293595672099285;0.0858762237282532;0.07220386777957052;0.033839342180250954;0.07429179574360935;0.003833160138461139;0.001749044128173438;0.48333333333333334;0.861540047417792;0.02107842184850575;0.0945274829864502
0.2;0.5;4;19;7;7;0.572453942697133;0.5741431950372494;0.11347221069264363;0.008477620852588783;0.02105530444694206;0.0992751702456881;0.08562134197963893;0.03333696011587893;0.09079023997740288;0.020397156594017026;0.009243779578850276;0.44329896907216493;0.8120969855832241;0.044603103154439175;0.10061502456665039
0.2;0.5;5;19;9;9;0.5709784269356396;0.5722062237289173;0.1267449543734276;0.006631234353799235;-0.0005437085678367892;0.1116689441769598;0.09466727788642385;0.03324665144923506;0.11268261416216108;0.023965845952636837;0.004738213517090969;0.49206349206349204;0.7691677907819944;0.03580088128615417;0.09329795837402344
0.2;0.5;6;18;7;7;0.563844531084121;0.5660131585662384;0.11008576394927078;0.004431071975234719;-0.0006829154293448573;0.10056557435747143;0.08703620800212859;0.02370064135930031;0.09510894697414045;0.02557049369336377;0.005439560918683901;0.46601941747572817;0.8404884865423172;0.018624630045824535;0.08973526954650879
0.2;0.5;7;17;6;6;0.5742793195916686;0.5733418910449422;0.1033905532908634;0.006283744935083827;-0.0003054626738224719;0.05747299369677641;0.045437304948713404;0.015584474946377302;0.05523881090821219;-0.005204970983903407;-0.0015370669807536863;0.5212765957446809;0.9059985885673958;0.006616417367523799;0.10139703750610352
0.2;0.5;8;15;7;7;0.5727288976460603;0.5730234989494667;0.11169005612562936;0.005621963160066223;-0.002836243881173157;0.09381088178172192;0.08037906308099049;0.027946114645307822;0.08902963261502117;0.020095141309419386;0.005985360733233794;0.4818181818181818;0.8509715475364331;0.018255053007231244;0.10006308555603027
0.2;0.5;9;24;7;7;0.5746192043966375;0.5745838056342806;0.12381639993534917;0.020011759876852876;0.024923474899373677;0.10013496649545925;0.0864556305935082;0.03207131706230568;0.08526300530119406;0.01455732256111098;0.006564122493059804;0.5350877192982456;0.9214560595546023;0.005275769299274681;0.13989663124084473
0.2;0.6;0;24;7;7;0.5758845910604823;0.5769985078600067;0.10960863053899558;0.003724258742861252;0.009024867044219675;0.0849212982513315;0.07123307389202718;0.027607801565498163;0.0796499088793346;0.009447139803542962;0.0021095003562055683;0.46774193548387094;0.7847848716169328;0.031249072811230662;0.10058712959289551
0.2;0.6;1;23;6;6;0.574753817613758;0.575724064197405;0.10611834639802972;0.009710703661252684;0.004370700131299702;0.0894581370181326;0.07783341819934039;0.02699136450612188;0.0758905789984258;0.016638972335928644;0.0036380685264189422;0.45161290322580644;0.8225891946992864;0.019478841432041802;0.17389130592346191
0.2;0.6;2;22;9;9;0.5702801341495077;0.5731942865976445;0.12679860083912042;0.00690233258202481;0.0032678929445234556;0.12930972949533204;0.11252709164686236;0.04625792221058384;0.11920772196819626;0.030897722237774733;0.012339177413949296;0.4375;0.8047068209014758;0.033340647702984755;0.2525293827056885
0.2;0.6;3;21;8;8;0.5636129019017454;0.5650463393672546;0.12263593116610536;0.009695992753876542;-0.008922591560518011;0.10414870170228162;0.08885369224775565;0.031048261971323522;0.0903591108770466;0.010205839018577773;0.005583360460125218;0.4083769633507853;0.7666723508747996;0.04472444363810311;0.08891677856445312
0.2;0.6;4;26;7;7;0.5795218298019621;0.5778359450147007;0.10776285315868395;0.0014781298983986475;0.0030657237984692094;0.093190783424255;0.07964960766548206;0.03313218421171734;0.07669178789132171;0.006184787134507784;0.006387760846492667;0.5;0.8776401715333013;0.015546840698785445;0.11570930480957031
0.2;0.6;5;22;8;8;0.5776577145481719;0.578979345263791;0.10619212296226199;-0.008854598671710035;0.010811039121581224;0.09742208845780415;0.08181418015721227;0.024723381580563242;0.09187747618211264;0.011117563864664044;0.0014981317583336422;0.46511627906976744;0.7965322902866276;0.03583663504469018;0.328228235244751
0.2;0.6;6;17;10;8;0.5401545522724989;0.5575736140209039;0.11440755650758352;0.000412239494201404;-0.003983195036309907;0.0815858494693937;0.06157297778872482;0.024135888913751107;0.08289038747069219;0.0019340909189504841;0.0004228615042321734;0.43243243243243246;0.5579673833819242;0.348107629844193;0.3508479595184326
0.2;0.6;7;23;10;7;0.5281718355373488;0.5657388465705916;0.10976445160511908;0.004052987205009048;0.005486255978906738;0.08472560577345836;0.06437823574771433;0.02195319217129116;0.08303855246325499;0.01300717809823001;0.006137432182070363;0.40145985401459855;0.5579673833819242;0.4999431963357387;0.46552205085754395
0.2;0.6;8;20;6;6;0.5812994698439743;0.5819405490037153;0.08999829726211146;-0.008534425456156907;0.00013943105096313017;0.08810191824623072;0.07643032096359377;0.027072825058542846;0.05662268246994688;-0.0038419556005043977;0.0005383124167761649;0.4591194968553459;0.8319598228408731;0.011500732727998474;0.08754277229309082
0.2;0.6;9;20;8;8;0.571936126118752;0.5733107929864182;0.12733033313285919;0.014876550374578756;0.009381278338841907;0.10118765353028793;0.08589169664564852;0.022171391947779576;0.09609379642282508;0.01636981967905264;-0.0007919693419733187;0.48695652173913045;0.865883362841354;0.012777230343772289;0.15315699577331543
0.2;0.7;0;1000;10;8;0.5398182035832267;0.5765715145622562;0.0958342999064253;-0.020463938076506306;-0.0013761709584425826;0.1016966616666341;0.08210818061101659;0.03283918059753632;0.09730431290684036;0.017477670663723015;0.013233701118647741;0.35135135135135137;0.49709821428571427;0.46429083025661255;35.21418213844299
0.2;0.7;1;26;10;8;0.5077586268123113;0.5429132826549605;0.11884686181995012;0.005133087891622068;-0.005917370135312447;0.09548072418856979;0.07583697560474484;0.02923620734181807;0.09008520769153626;0.010057668488395096;0.002982010444953534;0.3979591836734694;0.49709821428571427;0.4581055943303835;0.547959566116333
0.2;0.7;2;21;10;7;0.505094131681903;0.5597742041522114;0.11006962682951629;0.005049165553828183;0.010058219281107752;0.07652290425910246;0.05619298535925561;0.02315176109416102;0.06985615181525363;-0.001355238653718941;0.0008904381869476223;0.3141025641025641;0.49709821428571427;0.6936515788646052;0.5677230358123779
0.2;0.7;3;52;10;7;0.5049522335117783;0.5654044060812005;0.103147034792134;-0.0026797318678438054;0.00879257493950429;0.07954051014672114;0.059073751509943616;0.019588075714148057;0.07447616794573442;0.0033959196913548287;-0.0018293035156926943;0.2127659574468085;0.4638660872364397;0.7670764159071366;1.4497787952423096
0.2;0.7;4;25;10;7;0.510932452985138;0.5583665283803029;0.11465637097050183;0.009432198596971609;0.011971374092854592;0.08095343133844364;0.06083545912753209;0.020190585989522402;0.06639926573828973;-0.00496936629689625;-0.0031486585890252643;0.4473684210526316;0.49709821428571427;0.6488274983372249;0.6305446624755859
0.2;0.7;5;34;10;8;0.5425387114235004;0.5747484154434817;0.12068246586933551;0.007272311150149405;0.00647852767411365;0.1078435319036501;0.08858658034633204;0.033047706842445936;0.11024928824798477;0.03180017723668652;0.011874111547458323;0.38571428571428573;0.49709821428571427;0.4936087327081284;0.7673830986022949
0.2;0.7;6;22;9;9;0.5690047964861589;0.5677120369005713;0.13420499138048264;0.014691457136139558;0.010848722823027998;0.11116982677666164;0.09416123294025683;0.030727065270127082;0.121290690039975;0.03339978469999074;0.011594536167872765;0.5287356321839081;0.9144788576946954;0.006562735148501621;0.10510706901550293
0.2;0.7;7;30;10;7;0.49519248313201;0.5594265251318682;0.11372012573795327;0.008548352139911407;0.0017294525908433198;0.08452856309567224;0.0642165637746976;0.023096177731465536;0.08850275556127278;0.01812178292532146;0.008239240664716293;0.4367816091954023;0.49709821428571427;0.6635655736260544;0.6163713932037354
0.2;0.7;8;41;10;6;0.49197827863365184;0.5793516976499054;0.08833577677853449;-0.009768843864541755;-0.007133109526759668;0.0664369625224625;0.04554724663685488;0.01484310458129547;0.05797341815207201;-0.0033413190780473114;0.005046217622439537;0.25405405405405407;0.49709821428571427;0.9203529525503904;0.962230920791626
0.2;0.7;9;35;10;9;0.5657796172910051;0.5735915225239715;0.12573100847293445;0.006231645551276641;0.002589140881605472;0.11170310170481036;0.09266837202567842;0.03460220886153395;0.09340376725562213;0.003304274294457111;0.0026363104369173706;0.4473684210526316;0.49709821428571427;0.24995186825248694;0.9651122093200684
0.2;0.8;0;27;10;8;0.5146430053227166;0.5527837511206211;0.12908548612961254;0.016933059533436504;0.010386931722936879;0.10396864130166589;0.08469273389388045;0.030219795825412458;0.095007544120982;0.015253578874356704;0.002816150570727832;0.3006993006993007;0.4556733630952381;0.5581340913572409;0.529883623123169
0.2;0.8;1;30;10;6;0.4272269389059401;0.526972924242491;0.09458520718151936;-0.0032926297488016978;-0.004983826809827707;0.07662177373808095;0.056014026449084486;0.02281739090464872;0.07201019555560376;0.012105554904048424;0.0059743088052122;0.27741935483870966;0.4556733630952381;1.0997415006576619;0.6125376224517822
0.2;0.8;2;33;10;8;0.5021228558413331;0.5451011549497945;0.11963041489309201;0.006388403873722476;0.004631472814712753;0.09015671792607667;0.07044159460356729;0.024595055256900904;0.09369908923468036;0.013573169158734051;0.005325135596718135;0.27741935483870966;0.4556733630952381;0.592898739696621;0.8046371936798096
0.2;0.8;3;24;10;8;0.5303456970141345;0.5555397184298422;0.10773369757720076;-0.007265430723488336;-0.002280538082327791;0.09323699028168796;0.07372187079388752;0.027400277646812046;0.08876237660370656;0.008469584541905812;0.001416392886777971;0.3953488372093023;0.4556733630952381;0.5245471224724814;0.4917607307434082
0.2;0.8;4;26;10;8;0.5109079370894329;0.545778095035686;0.105118053685367;-0.009266895346909797;0.0038252047568721977;0.09849139172331563;0.0787215055872038;0.02656420612384766;0.10084176659244826;0.020345258274837262;0.008615701031808446;0.3953488372093023;0.4556733630952381;0.5398187314354768;0.6510004997253418
0.2;0.8;5;26;10;7;0.5081606078822729;0.5663931107042453;0.1092117230354877;0.003415569828005252;-0.003419790186603921;0.07517216043472183;0.05485721678101594;0.018554141910668284;0.07367267234741169;0.002791533563650746;-0.0016174582827257033;0.3953488372093023;0.4556733630952381;0.793371344830098;0.5553145408630371
0.2;0.8;6;26;10;7;0.4812687443089879;0.5486485393684679;0.1219356994914886;0.017641561412134788;-0.001864625374693647;0.08508352192597628;0.06498940466945836;0.02209047189553347;0.08069338832862635;0.0104932385118082;0.0020154571238906864;0.29591836734693877;0.4556733630952381;0.8377958920483614;0.6241838932037354
0.2;0.8;7;23;10;7;0.47794994560803916;0.5515917179776174;0.11422631119211686;0.008609268980805667;-0.00504959820527325;0.08209184506944217;0.06199347773175458;0.01942675761898464;0.07479666290255135;0.004617272892203222;0.00028863151241059927;0.3878787878787879;0.4556733630952381;0.8005536348807063;0.5898668766021729
0.2;0.8;8;26;10;9;0.5612686920104184;0.5672110217298449;0.1369706912737904;0.01808943599081533;0.0046284622115277275;0.10131909544986133;0.08217894873970348;0.02760735643285883;0.09583429225798848;0.005270624922022018;-0.00023935183885082258;0.3953488372093023;0.4556733630952381;0.29180372271675487;0.5650992393493652
0.2;0.8;9;29;10;8;0.5272964244454604;0.5623001155938366;0.11577341098759746;0.001784797950502498;0.0041337927412686696;0.09959155654760542;0.08025643043890943;0.027511302206266956;0.1098770136409349;0.03161575539052897;0.007538461515645311;0.3644067796610169;0.4556733630952381;0.5529388844776361;0.6830031871795654
0.2;0.9;0;21;10;9;0.5432892581874557;0.5503349199333599;0.1284749034542724;0.008342123551326387;0.004969019536177125;0.09335899042177243;0.07407990607294374;0.029612996060403133;0.10955880630815094;0.020544683708697966;0.00964202186645679;0.3469387755102041;0.4142485119047619;0.3356227259932858;0.4071507453918457
0.2;0.9;1;33;10;8;0.47253377306179445;0.5285589177937648;0.12016014795162683;0.007115708409458363;0.003377796369020263;0.07423325959073034;0.05419025121603021;0.016869901892775183;0.09036868441877802;0.009899011886907439;0.0035572223279458225;0.34507042253521125;0.4142485119047619;0.7277412847272534;0.8331742286682129
0.2;0.9;2;31;10;8;0.485224995237436;0.5203515676746177;0.10999406295950856;-0.0046928209506373495;-0.006805504186915898;0.12018794984844532;0.10132840370257104;0.03824635737542986;0.1168755781311328;0.03899158799398198;0.013462546742240882;0.3469387755102041;0.4142485119047619;0.6293835185443628;0.8673110008239746
0.2;0.9;3;34;10;8;0.5148636673967484;0.5594698529930399;0.11115847056978821;-0.0033524048991429058;-0.002254853588647175;0.09155494077243014;0.07203844712318559;0.024782821863464886;0.08296884598901948;0.0020416275089224834;-0.00011881597066449914;0.3141025641025641;0.4142485119047619;0.6489550368024084;0.6374340057373047
0.2;0.9;4;33;10;7;0.49315285387085467;0.5633652579538617;0.09527903810723934;-0.012480504668222637;0.0028536498285944307;0.08637083786593415;0.06660968926084111;0.02582674208598158;0.0738910841157081;0.0033829040751697766;0.0011400501482526381;0.32098765432098764;0.4142485119047619;0.9659368878835174;0.7562317848205566
0.2;0.9;5;32;10;7;0.45908772174974116;0.5476448935053377;0.10287031558125478;-0.003908378142323681;-0.00223795228867331;0.08454548116805709;0.06473437960904957;0.02711503740274821;0.07210493667039035;0.001467030737228365;0.0018149328568759274;0.3333333333333333;0.4142485119047619;0.9770977092906064;0.8153836727142334
0.2;0.9;6;33;10;7;0.4833822886177548;0.5581914570013493;0.10107745492841273;-0.005740774715129115;-0.005980706286827171;0.0706401484176602;0.0505251755067448;0.01649733748267011;0.07483842738990996;0.0042147783566413195;-0.000495628410009987;0.3469387755102041;0.4142485119047619;0.965124481916068;0.8474545478820801
0.2;0.9;7;24;10;7;0.49762038212305604;0.5670780125699789;0.11529108252366953;0.009874228219442662;-0.004665646126295279;0.08132581828546302;0.061421900467837555;0.02116513205978532;0.08162646427171201;0.01185283629276764;0.005204272368523642;0.32934131736526945;0.4142485119047619;0.9476237993623425;0.4854593276977539
0.2;0.9;8;43;10;9;0.5609103654443245;0.5680806618819865;0.1290062998040146;0.00880537826813061;-0.00410477044988714;0.10039935769591152;0.0813501767150332;0.03086806079493912;0.09587687557238594;0.005583009053725612;0.0027606803574640884;0.3469387755102041;0.4142485119047619;0.31533109558147276;0.983229398727417
0.2;0.9;9;27;10;7;0.4777086835512364;0.556635061204058;0.1239480636263029;0.019955106753361075;0.009270046529745305;0.06691281768973077;0.04670071974608222;0.0160306033804804;0.06950392579156899;-0.0015575247768124074;0.004019772174238915;0.31901840490797545;0.4142485119047619;1.0180324684141595;0.44832873344421387
0.2;1.0;0;36;10;6;0.3816937720747297;0.5497936631978955;0.10017069036686312;0.003368879134480293;0.0052292270549056;0.07102113990089436;0.05070011764397729;0.015539551781330844;0.05217514316101205;-0.009126262915220257;-0.006084854596617075;0.2511415525114155;0.3850760814889336;1.4885864002373483;0.8859593868255615
0.2;1.0;1;28;10;9;0.4985249334549316;0.5093086456496022;0.11799208710395316;-0.003569830165922299;0.002688398009958905;0.0975080191085238;0.07841916371918342;0.02370249186332477;0.10152861116663202;0.011755999751666388;0.0023963569773182906;0.3148148148148148;0.3850760814889336;0.3658571562180671;0.7611393928527832
0.2;1.0;2;22;10;7;0.47276823868522455;0.5546040331193605;0.1138004025901891;0.008408481853785992;-0.0015043429498301953;0.08679149368587338;0.06712855824824986;0.02353808724027795;0.0755014621799972;0.005030768939660147;-0.002005919902150542;0.3148148148148148;0.3850760814889336;1.0801612230570317;0.5737230777740479
0.2;1.0;3;36;10;8;0.4710613495818439;0.529284961631993;0.1012174492338801;-0.014185657831036886;0.0038468677597222104;0.07838710344509892;0.05867735518645363;0.018405785205429823;0.07161969360711164;-0.010523337535465525;-0.004624252091414266;0.3148148148148148;0.3850760814889336;0.7492007502194872;0.8528177738189697
0.2;1.0;4;1000;10;6;0.38582674097077535;0.5155685915335102;0.08379360538821574;-0.01532850336028985;0.011784089848196412;0.07328315992155854;0.05302784025526107;0.015561364400640071;0.0833893944620645;0.024385398568913277;0.005889351115441481;0.2222222222222222;0.3850760814889336;1.465740209915401;35.27572727203369
0.2;1.0;5;42;10;8;0.46950572416049025;0.5240396566150992;0.10688619122759417;-0.008419805152830109;-0.0009106455624414328;0.09821813783385688;0.07893659562567433;0.029073129812342283;0.09917554575691749;0.019848241928696476;0.004904292632979874;0.28272251308900526;0.3850760814889336;0.7392464115154698;1.1407568454742432
0.2;1.0;6;31;10;8;0.47019007015720404;0.5335431492071455;0.10833198964422792;-0.006526053971371295;-0.0009325481361212842;0.082063068139695;0.06238576728844289;0.020330070018338683;0.08988662510066485;0.009603837290119606;-8.604534507771566e-06;0.3148148148148148;0.3850760814889336;0.7962316075779905;0.8283419609069824
0.2;1.0;7;26;10;8;0.48687280499591323;0.5570409920302722;0.09974021371536976;-0.016046499976766635;-0.00011629545722815564;0.08393453908687236;0.0643820977990882;0.020191503330625717;0.07938390262335356;-0.0018829811943563504;5.1764563376638344e-05;0.3148148148148148;0.3850760814889336;0.7167226966804703;0.5956246852874756
0.2;1.0;8;132;10;8;0.44495396780528035;0.5091779533858367;0.11935553782365936;0.005883427917964684;0.0014643084668130042;0.07865907058508856;0.05894199490530534;0.021910207264049054;0.08972424952298647;0.009479786867705339;0.003282068721301283;0.3148148148148148;0.3850760814889336;0.7603538703011423;4.457543849945068
0.2;1.0;9;32;10;7;0.4671780875419791;0.5735129489696853;0.09703894802164838;-0.010223686796966013;-0.0019808133905872376;0.09839879148351524;0.0789461474069654;0.0272337468514443;0.0970248568132199;0.028062014055975606;0.005158154748370669;0.3089887640449438;0.3850760814889336;1.1050766471160711;0.6658127307891846
0.3;0.0;0;25;9;9;0.5618100769845924;0.5598710239064131;0.1164563393198819;-0.005192168227124276;-0.0036929986853870018;0.10556356833136321;0.08842673153237786;0.030141382897178028;0.09178529178608111;0.000750589264021196;0.0005582310570435075;0.46511627906976744;0.8393767292849861;0.015068305082420201;0.11017322540283203
0.3;0.0;1;18;6;6;0.5702487766400954;0.5697947401131136;0.0858946168980382;-0.012972850264934695;-0.0014392655303683722;0.06904155089669298;0.057145799912991666;0.019978582783718706;0.058572637330890284;-0.0015924270110134467;-0.002763042950874624;0.45161290322580644;0.8225891946992864;0.024196979823777467;0.08028888702392578
0.3;0.0;2;23;8;8;0.5735123704304748;0.5751253725789119;0.11971319868269732;0.006561609493731195;0.006387119288033498;0.0883496674607598;0.07273925454541638;0.02612721301150231;0.0952167084899642;0.015165569889137198;0.005812319276214563;0.5;0.8178782095766829;0.03770932884682118;0.10784792900085449
0.3;0.0;3;16;5;5;0.5821351046905398;0.5805745584130141;0.08541587345742482;-0.001902160127092997;-0.000877863010843256;0.07727968693312207;0.06740771876683203;0.030990183562371848;0.06291626707741188;0.013600801755453034;0.014092924918451323;0.5675675675675675;0.9573236317621006;0.000858067766549106;0.10466432571411133
0.3;0.0;4;23;7;7;0.5946501002308179;0.5956553524761922;0.10771865995228312;0.0013694497117599704;0.018873519041003053;0.08978998066219443;0.07618690049787713;0.024964675272475215;0.07453959124843731;0.003941583341792171;0.0002868612408209568;0.5099337748344371;0.8684812501606395;0.022458144675302032;0.11178278923034668
0.3;0.0;5;20;7;7;0.5869608429314165;0.5882561619857501;0.10088397978174128;-0.005588580532655488;0.010684215086569438;0.07947939174548646;0.06550457503615237;0.020352562023871007;0.07177038376660054;-2.5131188721231527e-05;0.001423485985486509;0.5606060606060606;0.9373019943879554;0.0038492342462586628;0.10259246826171875
0.3;0.0;6;22;6;6;0.5726896470838273;0.5738351666793148;0.10098156284743418;0.003756677783494581;0.006986848486221214;0.07104913851235108;0.05922470441826492;0.020168033781785114;0.07037608423636924;0.010987035899025017;0.004600306432947177;0.4606741573033708;0.8338884968242766;0.012617275157847885;0.08949708938598633
0.3;0.0;7;21;7;7;0.5830165219409686;0.5853527921161719;0.12250554867644241;0.018878787909566944;0.02281279778891558;0.07336127518924376;0.05907727292194225;0.023542027520051585;0.06639230518011649;-0.006316725562887315;0.005723209458152532;0.39759036144578314;0.7521828535273647;0.035115644988186034;0.10546278953552246
0.3;0.0;8;20;8;8;0.5802397575936389;0.580473358873032;0.112102311638064;-0.0027504305351901954;-0.004555384834235011;0.10140547690168374;0.08623706139821848;0.02895757393654018;0.08470306110171064;0.004498716379762176;0.0030639939958692496;0.5084745762711864;0.8353859880577439;0.01766360355456841;0.09477829933166504
0.3;0.0;9;19;7;7;0.568322286314881;0.5678188307619747;0.09658359491747545;-0.010820906501290398;-0.0012687140065619495;0.08681462545091545;0.07311214861216585;0.0344842809325527;0.08285556671271335;0.012562138229660595;0.008092258139897376;0.512396694214876;0.8957938537123376;0.011111257510721378;0.09378242492675781
0.3;0.1;0;16;8;8;0.550095011107223;0.5530964866472405;0.10766413756747518;-0.007150406630199259;-0.006797124106468851;0.10658249732184373;0.09136361419598676;0.03322874212990456;0.09640576025543582;0.016644931440207282;0.006497628674671464;0.5045045045045045;0.8806073725750154;0.013027186202883165;0.07659316062927246
0.3;0.1;1;25;7;7;0.5670786535474628;0.5695207372091463;0.10992445874993914;0.004898846546795235;-0.01222902927884326;0.09313288805621799;0.07930704559366143;0.0261364200446549;0.08327732569741526;0.011579390899494016;0.005691751458108518;0.5053191489361702;0.8875741563199014;0.007793806795853831;0.11593437194824219
0.3;0.1;2;21;7;7;0.568162519412232;0.5689368610365497;0.12091145061240492;0.015952618337863253;0.010647003200465523;0.07664283692801346;0.0628584636043463;0.02496798481940988;0.0685539657854262;-0.001962378492765575;0.0004351117216630688;0.5;0.7899313943376173;0.0368497032854552;0.11018514633178711
0.3;0.1;3;20;6;6;0.5668898412019389;0.5685588390221697;0.09068592224049987;-0.007233950617577791;-0.018780333384929338;0.06548234348717755;0.053270603313357416;0.018312138590438325;0.07396552981515737;0.013363068209113467;0.007921008394516952;0.49122807017543857;0.8709767943874797;0.007531716781207806;0.08653831481933594
0.3;0.1;4;21;8;8;0.5732899636831003;0.5736821706167594;0.11676347060932868;0.002987114475477924;0.0011008526595902312;0.099339428056411;0.08402481569818522;0.027236297861246095;0.0915918264604624;0.011471333103815807;0.000831433472868289;0.45054945054945056;0.8212538226299694;0.024891650193261557;0.09485387802124023
0.3;0.1;5;24;7;7;0.5756597977983369;0.5781029107050322;0.11150746851580272;0.005794760770519181;-7.801510199134659e-05;0.09977569468586032;0.0862924820685777;0.03221493819232071;0.08404480898551814;0.014213422965275137;0.004955155804072836;0.5174825174825175;0.9016530672641948;0.005117373008896087;0.14602065086364746
0.3;0.1;6;23;7;7;0.5659825905258016;0.5696896430469061;0.10347335009995476;-0.00313175158992704;0.0007717357450564478;0.08183550248301871;0.06791462048267839;0.024690431076950004;0.0669792179790478;-0.004723812303912837;-0.00040606594652133136;0.5384615384615384;0.8998779583143891;0.010315419766733077;0.09784865379333496
0.3;0.1;7;20;7;7;0.5805241827823413;0.5812048383332583;0.09627815346433807;-0.011108006801947349;-0.0015510523245539972;0.07455473446094804;0.06056071511210247;0.02261836753801549;0.06358187534348485;-0.008495288395975065;-0.0016206298564957792;0.5166666666666667;0.8036953504510757;0.024778289990279728;0.09163355827331543
0.3;0.1;8;21;8;8;0.5678056185323322;0.5701687397505362;0.12303038760167342;0.01039587787891384;0.003288161966244882;0.09205909231751502;0.07652464872339967;0.02814252371227515;0.08224136313758214;0.0010219293578572163;0.0013091612999781646;0.5324675324675324;0.9185089719440865;0.008751919833221277;0.09291648864746094
0.3;0.1;9;17;8;8;0.5569561761698318;0.5594000503822917;0.1295686672997052;0.017717385020765905;0.005591579927699279;0.09998962467601487;0.08462315113868664;0.026391380026650688;0.0910470391146387;0.01058629873692175;0.0019294951533219684;0.3723404255319149;0.717374297702866;0.03263089926793748;0.08228158950805664
0.3;0.2;0;20;7;7;0.5847872701837142;0.5847835739659561;0.09496338547325452;-0.01237885295082974;0.0007353420082100465;0.0758876546058409;0.06196124026637932;0.021818185269034618;0.0791510592931436;0.008870279027315383;0.0017860416762716358;0.3942307692307692;0.7476241695665928;0.033789599112282465;0.08829522132873535
0.3;0.2;1;13;8;8;0.5977666311538689;0.5994369227195283;0.10777561856297987;-0.0064543340144395745;-0.0033252757743738263;0.10709633587897117;0.09169529071883555;0.030054966715947286;0.08658826379610954;0.005472082191215737;-3.359194157576501e-05;0.4608695652173913;0.8341306247269549;0.024062266671692117;0.06783080101013184
0.3;0.2;2;20;6;6;0.581009721899842;0.5837683885855258;0.10616151339242338;0.00940946270984198;-0.004934777533978794;0.09736211911495446;0.0858161364657419;0.03421061434001031;0.08359224983898336;0.02483303181291777;0.008669124934597169;0.5117647058823529;0.8950630064612858;0.009115264005035041;0.0779571533203125
0.3;0.2;3;19;6;6;0.5764120564655744;0.577489869441041;0.11166183795137803;0.015472568153571488;0.001337675200066775;0.08644231835343524;0.07479314000351182;0.03251409699303523;0.07441561106528369;0.015189575179313686;0.004334610917609235;0.46629213483146065;0.840823930542374;0.017535082231992637;0.10098719596862793
0.3;0.2;4;23;9;9;0.5648731054325927;0.5618728747976888;0.11556618672889096;-0.0062213335015761356;-0.004822213337256021;0.12569180162143614;0.10905632062256279;0.0390131063219578;0.10870537694419236;0.019494458323418715;0.007448869281714518;0.41;0.7688333658663542;0.0377502388689944;0.13112688064575195
0.3;0.2;5;19;7;7;0.5777171181737774;0.5801551487701601;0.1003710222181841;-0.0062504296479568;0.022839463116416006;0.09287880363896565;0.07891865066965165;0.022294608314894836;0.0868657502463056;0.01534246562531382;0.0016122014678299438;0.5268817204301075;0.8914940021810251;0.010126895590998929;0.0891273021697998
0.3;0.2;6;18;9;9;0.5655900282812621;0.5659160205211307;0.1157351835595172;-0.006127452761981367;0.006016048449982434;0.09583937367704767;0.07846314684421893;0.023871739551461428;0.09157649356924732;0.0005978814384620112;-0.0009682262776370312;0.47;0.8394407677595166;0.03873749147405679;0.10363936424255371
0.3;0.2;7;19;9;9;0.558315837023825;0.5610409713653758;0.11459224526358651;-0.007051687809725941;0.010797222247699387;0.09384622596913236;0.07638899840574796;0.018891580775199965;0.0974210176395182;0.00662011367248623;-0.0009286061273598941;0.3870967741935484;0.7378707062086622;0.03994299658643156;0.09960603713989258
0.3;0.2;8;18;8;8;0.583578056458055;0.5837647650459212;0.13169346785714026;0.020143595590779606;0.00645650920558656;0.09576846169882063;0.08027934764479573;0.024844273669307092;0.09688642974306338;0.01689659692396011;0.0043268001567229155;0.5045045045045045;0.8767585641284462;0.017473010801066023;0.09470534324645996
0.3;0.2;9;21;9;9;0.5622663181594446;0.5629975934290461;0.12702850411037658;0.006547121104142655;0.0032816789067695805;0.11268106014228971;0.09569601376663164;0.03408472808105238;0.10481764932256335;0.015461832544827156;0.00343877141357642;0.4444444444444444;0.8135497529992943;0.028764197693476243;0.15538716316223145
0.3;0.3;0;17;8;8;0.5677108186240176;0.5692280413714308;0.10261155126824387;-0.012871749747506265;0.0025087381228659435;0.09506407452798797;0.07959498009807021;0.02966395481148592;0.08437376240262195;0.0029799088006484628;0.0059876474879006335;0.48672566371681414;0.8416494805055176;0.03552844618819717;0.09061312675476074
0.3;0.3;1;24;8;8;0.5639902511007594;0.5603450681057975;0.11512619376989262;0.0012962889191285305;0.0014749010360142149;0.07570375504836972;0.05989534992181467;0.018375641057139683;0.06937192819447133;-0.012952735187911546;-0.004581837400509136;0.43478260869565216;0.8012232415902141;0.03018659762587844;0.1119539737701416
0.3;0.3;2;20;6;6;0.5799207948852679;0.5808875733322251;0.09455324815792257;-0.0029594300986145517;0.019255880195250322;0.09066032309639012;0.07892922574037753;0.02404515445515169;0.0738441927618568;0.01353854696190823;-0.00041571358968195;0.4685714285714286;0.8436226037910969;0.013607844787834542;0.0946497917175293
0.3;0.3;3;21;8;8;0.5645475608652866;0.5628546642049528;0.10983272770201154;-0.004794480135054293;0.0039563860788777395;0.09020017301085641;0.07466539965820866;0.031683557921453054;0.08725056296041207;0.006637390378690341;0.00962252661545182;0.45;0.8205631129389434;0.027852112907548958;0.09673690795898438
0.3;0.3;4;25;9;9;0.5627970695296276;0.5636777880666634;0.11360322963291028;-0.00851907314210565;-0.0035283927856978336;0.10445015819480478;0.0873761845395571;0.0314605933872632;0.10060054820430778;0.010654878339117616;0.005020554697968746;0.44144144144144143;0.8095011992159441;0.03910392581740112;0.12369489669799805
0.3;0.3;5;21;8;8;0.5819267464658021;0.5819380515088126;0.11638369859003189;0.002639327135042481;-0.003457789295933851;0.09257381507762608;0.0769524262091084;0.02522538967913681;0.10553954375464618;0.025883876746857517;0.007950770675643195;0.44554455445544555;0.814942817644841;0.03445422179444631;0.10861635208129883
0.3;0.3;6;20;7;7;0.5692038784124249;0.571682069043969;0.1133350916800978;0.007592297352083719;0.0011108333503575042;0.08823849683205737;0.07459711587202887;0.026863393269874476;0.08716999822848284;0.017937053689554526;0.0027793410323286444;0.49230769230769234;0.8496763092601219;0.020950748380060384;0.08563971519470215
0.3;0.3;7;20;8;8;0.5694835476629813;0.5718545837906877;0.12541643368188798;0.012823307813146362;0.008239511225339375;0.11325998133804119;0.09814201198508452;0.042472243775662236;0.08968978073063281;0.00933041540755355;0.004529088828359356;0.4888888888888889;0.8681911543201424;0.01994914974002611;0.10422372817993164
0.3;0.3;8;30;7;7;0.5837227527286025;0.5855786179787436;0.10840627124720055;0.0024737572300707793;0.014605135575415597;0.0969110541373033;0.0833511435176155;0.02881888912197757;0.07910063334565434;0.008458555586560609;-0.0011957832684232803;0.5;0.8556991672449689;0.01576456029826457;0.12830257415771484
0.3;0.3;9;29;8;8;0.5682657706761658;0.5706069808189009;0.10764238987351615;-0.0075669028182571525;0.002243342123914419;0.1053492569619741;0.0901041607932455;0.03424199844173529;0.10060630579153848;0.021601937454162366;0.008031612652970366;0.4838709677419355;0.8621858795372955;0.01766525851335935;0.11517882347106934
0.3;0.4;0;17;9;9;0.5522578669356883;0.5541562022964038;0.12377389560752503;0.0028984864692621942;0.00397623276425018;0.11108665416449157;0.09406607952458651;0.04166398014525653;0.09454553686757923;0.003895279543051559;0.006462701664676225;0.42696629213483145;0.7911290905150618;0.036036130672799455;0.11123180389404297
0.3;0.4;1;25;8;8;0.5618441844446703;0.565353313566178;0.10768599521742883;-0.006658312932732898;0.009586835131845226;0.1020356217731841;0.0866053210862287;0.02860403729723908;0.09435864521592512;0.014415968130079884;0.003585230918186772;0.4953271028037383;0.8758371559633027;0.014791133003501732;0.19957995414733887
0.3;0.4;2;21;8;8;0.5694222195740066;0.5705294652505972;0.09763590859071121;-0.018889866415368117;-0.003468188715593265;0.08800102788253565;0.07252976297665456;0.022077003517622824;0.09132051008159345;0.011492808795622755;0.0028075819508124153;0.38;0.7280680760537163;0.033969704333256835;0.10426616668701172
0.3;0.4;3;26;7;7;0.5574335508367076;0.5610342895388818;0.10385509993319503;-0.0021536984282251796;0.004854784259867715;0.0793507360584572;0.06544575705771802;0.019892127200861684;0.0837714820797563;0.013522127014217834;0.002081349080536289;0.4891304347826087;0.8684792071251589;0.012682142683812084;0.11294746398925781
0.3;0.4;4;19;8;8;0.559952873212894;0.5619241733735036;0.11766351134947957;0.0040369970350672526;-0.0037574252200995644;0.100889742473739;0.08550973529627794;0.027928912484923893;0.08722178953529329;0.006539003873610697;-0.0017254689369545543;0.4714285714285714;0.8471185534871293;0.027878765076051283;0.0921626091003418
0.3;0.4;5;22;8;8;0.5612182834219402;0.5603459096023228;0.1161831204161222;0.002395175098512583;0.0031398636186159576;0.10873253473644741;0.09358848699965047;0.032290737796797565;0.0911211187710365;0.010828799673491063;0.0018430102014804317;0.45652173913043476;0.8287279200328632;0.030682568149589917;0.10385656356811523
0.3;0.4;6;23;8;8;0.5610977205788094;0.5639847759216613;0.11933553074530136;0.005710436990535369;0.0049654286613170714;0.08706144495976577;0.07160208298404838;0.025559322184869334;0.07973486014880082;-0.001167648506826573;-0.0008415288492395261;0.5596330275229358;0.9135971592598935;0.006035555707270258;0.10233545303344727
0.3;0.4;7;23;8;8;0.5712360395972222;0.5721730127270018;0.12540569704416116;0.012888832241926215;0.01170022183753742;0.1029630292819958;0.08759022233470033;0.027023590848540977;0.09053915510399418;0.01000538518785275;0.0011953964578796325;0.38095238095238093;0.7293894337235052;0.04393317139886754;0.11487674713134766
0.3;0.4;8;19;6;6;0.5792519034970187;0.5800387407502688;0.09222401791858355;-0.0057161989578333825;-0.013600931879077526;0.0940898250524362;0.08244369127700688;0.026034580194465508;0.08418012943626833;0.024862975230498626;0.0052443378989359335;0.5555555555555556;0.8790817187763753;0.008221288942132397;0.07978582382202148
0.3;0.4;9;15;7;7;0.5708154787856775;0.5720309219659054;0.11244432912955052;0.0068717466185641615;0.0025219567349899857;0.07235953614243038;0.058443417172109914;0.015104664705274213;0.08369244542183492;0.013514848332921478;-0.0012412480446670198;0.5;0.8813455657492354;0.007878263827882342;0.10972809791564941
0.3;0.5;0;21;8;8;0.5722892516848529;0.5744601420882651;0.12097003364918703;0.008038993106308446;-0.0053714350477616045;0.10501947784193544;0.08971792291886027;0.03083517332019358;0.08568178097942303;0.004813053840192038;0.003433827978715099;0.47619047619047616;0.8529150636282923;0.022423460260741497;0.09413766860961914
0.3;0.5;1;19;7;7;0.5644808019307709;0.5662417597866202;0.1109429868618835;0.005021180617651891;-0.00452285001558724;0.09204020132767284;0.07848995228266326;0.023279887316870456;0.08391979962373197;0.014353974515890372;0.0026513208547029542;0.5267857142857143;0.8655180697165431;0.012478664651213889;0.08771610260009766
0.3;0.5;2;18;7;7;0.5757979617786175;0.5757588932722009;0.09905244310421685;-0.007745531846811021;-0.0021834362155355182;0.08481888842837673;0.07111392357827737;0.02521533685840041;0.0766923634595059;0.005954453408929507;0.0005848677072609631;0.4631578947368421;0.8369612566827271;0.017522928195316954;0.09445929527282715
0.3;0.5;3;25;7;7;0.5633552484720048;0.5672496895886057;0.1120703160199266;0.0065921017144184545;0.009534831829036328;0.07928410073422931;0.0653563886988971;0.02015712839525303;0.0821433815769791;0.011421313053266999;-0.0006120267628046156;0.5321100917431193;0.9182881942536945;0.0056431177806891206;0.0996706485748291
0.3;0.5;4;34;6;6;0.5780372577862422;0.582854946870646;0.09136009470031167;-0.0054130764969133795;0.0020314887460536574;0.07768635109733008;0.06547298699457854;0.02319169159592185;0.0686213441971376;0.006295519112646888;0.006219644908927278;0.41964285714285715;0.7815705960417748;0.030723960757566494;0.5968387126922607
0.3;0.5;5;22;7;7;0.568815464586742;0.571127346369647;0.10185444576465216;-0.004882830542573338;0.007715520835483233;0.09913733882775663;0.08550876705833431;0.033911516505957105;0.10729350338302326;0.038804574863859936;0.01592195089458179;0.5037878787878788;0.8857855937882744;0.020387449772904263;0.1524810791015625
0.3;0.5;6;21;6;6;0.5848310408056173;0.5876925432624933;0.10006564387263896;0.00332169460556457;0.006437218423117224;0.09245672799149389;0.08073373157102284;0.035635198153075656;0.07029544350569826;0.009895351449902981;0.009745392510132844;0.509090909090909;0.8919641870233225;0.012910647586897438;0.09756350517272949
0.3;0.5;7;17;7;7;0.5711144129145537;0.5685550671722819;0.09650781695580302;-0.011025881014504189;0.0004345493822073716;0.06361942447840092;0.049650613040689705;0.014452357305910612;0.06820350986756847;-0.002780295689781839;-0.0032534314694391926;0.42780748663101603;0.7922207332577397;0.034488673434463046;0.08953380584716797
0.3;0.5;8;20;6;6;0.5717553285969385;0.5737310479915092;0.10084131726479158;0.003769498662703525;-0.0007373806822418623;0.060394111397999946;0.04830527604355588;0.013171693955584029;0.06321876124736796;0.0027783107811355737;-0.0013743647498826708;0.4444444444444444;0.8135497529992943;0.02568917256558629;0.09362387657165527
0.3;0.5;9;26;6;6;0.5643257631574361;0.5658065769202759;0.10839466569870898;0.01190727064147653;0.005142725481911755;0.07461424738660327;0.06281283087331023;0.02743907570753102;0.07129658337894053;0.011943334568760589;0.006334217534058857;0.49193548387096775;0.8718175055789734;0.007705829809508746;0.09832429885864258
0.3;0.6;0;22;8;8;0.5630765851420443;0.5657662926946878;0.12751039462417754;0.01524507683301585;-0.0032830627912078278;0.09908967728082337;0.08369820870383374;0.02781767490242478;0.09560779800998398;0.01571770127819992;0.004677847546058431;0.49166666666666664;0.8714981292604171;0.01082979273675751;0.10883498191833496
0.3;0.6;1;20;7;7;0.5701648422495684;0.5713745343540133;0.10004339108673942;-0.007056809554819673;-0.00419788345716365;0.09261894784975179;0.0790607663846375;0.02485281185028134;0.09538038514744784;0.026476252417131734;0.009982181856309233;0.47368421052631576;0.8498689384010485;0.017398609841691844;0.0950629711151123
0.3;0.6;2;21;9;9;0.5623952954241572;0.5615246719334778;0.1383860896349462;0.01932851260812737;0.004116333622426205;0.11755704723344085;0.10083428848127984;0.04394604665243299;0.09914982809612281;0.009317286776687944;0.011720348012773947;0.5106382978723404;0.8914940021810251;0.020708109131137062;0.09605574607849121
0.3;0.6;3;30;10;6;0.47463914695507436;0.5692636523646223;0.11267942369336739;0.016994724920965477;0.0049537697810048;0.08330879075987743;0.06270450856574997;0.02291977181505478;0.07611513138804697;0.01628412216632989;0.007657412004030556;0.4620253164556962;0.6855048577376822;0.26153636673919833;0.6945569515228271
0.3;0.6;4;32;7;7;0.5705659535645446;0.5705475137566275;0.11201297717232554;0.0063172565720500335;0.0037829750360000767;0.08812860613906608;0.07446772080214363;0.027512396320216185;0.07938357969558875;0.009360667305150895;0.0027467157087870107;0.49714285714285716;0.8546940827400046;0.015984165363244048;0.4573347568511963
0.3;0.6;5;30;10;8;0.5158650046455202;0.5465779257911224;0.11444793188584317;0.0014003677306297121;-0.0009401282314996646;0.08613050660258996;0.06628198007170848;0.023508374541212837;0.08494489561897929;0.004186857316204841;0.0016053162201377944;0.4716981132075472;0.6855048577376822;0.14807394259378365;0.6807339191436768
0.3;0.6;6;20;8;8;0.5615652871384701;0.5634302577277573;0.13079012379491953;0.019012834098584386;0.005720069012107255;0.09096407241944293;0.07546225194098631;0.02398515738232951;0.08746361500392079;0.006420683194397789;0.00016663041098933606;0.5294117647058824;0.8404657259619092;0.02774840436686651;0.08271288871765137
0.3;0.6;7;43;7;7;0.5687478107519534;0.568847492307777;0.10518638304641045;-0.0012492818366091093;-0.005408712753514681;0.09296946680084119;0.07939670509909774;0.02908109261753483;0.0833348973827495;0.01342878248893104;0.004747125698646643;0.4247787610619469;0.762328678001388;0.046336593490774784;0.7229006290435791
0.3;0.6;8;40;5;5;0.5887477734442249;0.5904306443190017;0.08466776328097755;-0.0031950464897443735;0.0058779372636912006;0.0609056568134345;0.050932917527373306;0.01832310830004304;0.05792655929692822;0.008970859151836772;0.0006361572706157255;0.5228426395939086;0.8299599043873854;0.01549296301611551;0.7750828266143799
0.3;0.6;9;18;9;9;0.5623053912110205;0.5625051426006542;0.12143234570307522;8.95452004513946e-05;-0.001540494526890837;0.098664658109731;0.08147817529150711;0.027781452704430262;0.08071255205973203;-0.011021730222677328;-0.0053305151344146965;0.4827586206896552;0.8608491572434394;0.02351733777773777;0.08604216575622559
0.3;0.7;0;27;10;7;0.5242153773726254;0.6009422396566335;0.11353025041243987;0.008132036045269155;0.008487127129308073;0.09245946708762201;0.07260316321329402;0.02827570346213726;0.08135548910667748;0.011229420272098388;0.0013340395049946435;0.4634146341463415;0.6369845502027102;0.30404445915145767;0.47577643394470215
0.3;0.7;1;20;10;7;0.5085736559001611;0.5659885834144692;0.09763285720551294;-0.00973494552161866;0.007989164541744705;0.08822145828395328;0.06835248115101225;0.030910587446780484;0.07877431854509542;0.008516961018691425;0.006755445460168901;0.4148936170212766;0.6369845502027102;0.3181182656666477;0.3772428035736084
0.3;0.7;2;23;8;8;0.57731730269049;0.5774199450377695;0.11111833211263362;-0.0035048250246189554;-0.0064201207892927966;0.1111691110247488;0.09608109908852036;0.03544562250667761;0.10177058072895936;0.022595943836346943;0.007555682982563828;0.5096153846153846;0.8553355041904661;0.024018121576636946;0.16492009162902832
0.3;0.7;3;28;10;8;0.5397481235868516;0.5774680841288645;0.1110041296852189;-0.00286984940343585;0.005700849357587961;0.09174239520215105;0.0721696965427595;0.029316350855846614;0.08446625139334746;0.0030313911746299494;0.00026126478128689264;0.4731182795698925;0.6369845502027102;0.20531294932346403;0.503753662109375
0.3;0.7;4;23;10;8;0.5270124119190062;0.5521449013233544;0.11537820858339772;0.0017337958197091486;-0.011124353298309908;0.10148327295020199;0.08192195503556916;0.03191344582869587;0.10134551297072536;0.02072644499424242;0.015113273665071375;0.5;0.6369845502027102;0.20505890218732048;0.4168663024902344
0.3;0.7;5;25;10;8;0.5296073863083239;0.5703061096916482;0.10329328181078494;-0.011734724016279986;0.003267637775236331;0.10389236513334989;0.08452395969281756;0.028682857641776572;0.10733964742287377;0.02824481672837073;0.008788462582549257;0.48951048951048953;0.6369845502027102;0.1997509368354461;0.6006937026977539
0.3;0.7;6;44;10;8;0.5270988045049221;0.5627286401062729;0.11562068502876785;0.0017786516093870803;0.011584399471922871;0.096195000980288;0.07669791720733385;0.026856928770398504;0.08649169060131293;0.005617685404314444;0.00673396210222851;0.3736842105263158;0.6369845502027102;0.23107521015733118;1.060483455657959
0.3;0.7;7;25;10;8;0.5306421705458726;0.5626148778481778;0.11264435631932711;-0.0010854781932695759;-0.007562618563848202;0.09030133036489014;0.07064186111421368;0.022528740261184416;0.09235763528995056;0.011957143298783945;0.00401839843000429;0.4383561643835616;0.6369845502027102;0.22934424678453869;0.527991771697998
0.3;0.7;8;35;10;9;0.5621523525056313;0.5670499022729232;0.13179427244655914;0.012031416355058654;-0.0025872221868727496;0.11869336850107352;0.09984964287846981;0.03680533139809426;0.10702333083004734;0.017731501110600657;0.0055175457058470045;0.4588235294117647;0.6369845502027102;0.12498735210874462;0.5881805419921875
0.3;0.7;9;26;9;9;0.565863070836692;0.5677978146486643;0.11373814281940905;-0.008582101026077286;0.00017177379942020634;0.10886166616984272;0.09190201212717865;0.033913272538276494;0.10279203906641951;0.01323928495159875;0.003207136200387518;0.42857142857142855;0.7932110091743119;0.03421641370422263;0.6062250137329102
0.3;0.8;0;30;10;8;0.5223665081859854;0.5546668290931224;0.11671567369975741;0.003091194238169548;0.009465198605674041;0.11023690398327533;0.0911632835393578;0.031901311486526814;0.10233453209099228;0.022896633126586966;0.005203506534414557;0.4015748031496063;0.6060106107660456;0.2875354861938027;0.9221675395965576
0.3;0.8;1;33;10;7;0.4919906162308178;0.5767065373379846;0.10122607981952222;-0.005784760336971654;0.0042377217719872205;0.08522598951819785;0.06545861409466829;0.02518934514786638;0.0867026430363415;0.017125865947108163;0.005039106823299794;0.2988505747126437;0.6060106107660456;0.4610808092436687;0.713538646697998
0.3;0.8;2;20;10;8;0.5149836849266561;0.5414520514415256;0.12054360333216013;0.007230812377080403;0.010891678384001156;0.0877236437020705;0.06818297791484611;0.024331422726968144;0.0808573392965823;-0.00010932631275938464;0.00015238723569622594;0.4176470588235294;0.6060106107660456;0.2688212106285697;0.5445458889007568
0.3;0.8;3;24;10;7;0.4846792428959253;0.5482237664730832;0.10847430353132391;0.002466459502722685;9.094501468462673e-05;0.07162716389507562;0.05140460126778387;0.013860697982312936;0.07027024404259033;-0.0006392019011747911;-0.0022368029267292593;0.4;0.6060106107660456;0.4062392386496301;0.9196782112121582
0.3;0.8;4;38;10;8;0.5238349583240017;0.5706617926051778;0.10219246349352952;-0.01308430866562739;-0.006586205890323376;0.07871547131854364;0.05889787045874168;0.0179038025941498;0.07955384582244616;-0.00201881262695663;0.00041771633185284257;0.4;0.6060106107660456;0.26805048009318944;0.8298075199127197
0.3;0.8;5;33;10;7;0.4788484292508459;0.5535940776497555;0.09819871020081515;-0.00923305909444749;-0.0014927616740752088;0.09832501670914427;0.07871120751040232;0.02646003563525201;0.096984138421823;0.028302939203374483;0.007162467250973796;0.38922155688622756;0.6060106107660456;0.41852350897008417;0.7440671920776367
0.3;0.8;6;33;10;8;0.5019416853304755;0.5337707645277721;0.09889013722748377;-0.01683086312102374;0.001806924295988275;0.08441454643172369;0.06474684608085635;0.02013150710468164;0.0857645500736504;0.005030790953471131;0.0017704522864209586;0.4111111111111111;0.6060106107660456;0.28688612066819574;0.7685630321502686
0.3;0.8;7;230;10;8;0.5125501058450889;0.5463282368761947;0.11596224316733571;0.0021932355136902713;0.0042198465446074114;0.08745586618998466;0.06788159784354658;0.026055448112317397;0.0856261309634637;0.004899383465766545;0.0025122606221701827;0.38461538461538464;0.6060106107660456;0.290576457324019;7.31503963470459
0.3;0.8;8;38;10;7;0.49093664737120435;0.5581944221887466;0.11167107576983411;0.006071305303264403;0.013933769782517954;0.09045212513944563;0.07070160591792168;0.02747838870993917;0.09472013858532173;0.025113370893681077;0.006176251459532486;0.4375;0.6060106107660456;0.4178940924247522;0.9867353439331055
0.3;0.8;9;29;10;9;0.557536305513225;0.5622800516170414;0.14158548026067166;0.023188007494673944;0.011314442610054218;0.10385174529307753;0.08486722159495776;0.02755922959077572;0.08876060818694251;-0.0021942177711123632;-0.0033881182481005404;0.4864864864864865;0.6060106107660456;0.14191159625406077;0.7927846908569336
0.3;0.9;0;21;10;8;0.5209739311176944;0.5668857630668505;0.11693792193184369;0.003174867393939599;0.004240074116081231;0.08711128767649262;0.06761888253862923;0.023688518723933825;0.07593324126055993;-0.005513789701273248;-0.0030320817022227273;0.313953488372093;0.557529761904762;0.3844845050685088;0.6902143955230713
0.3;0.9;1;38;10;7;0.4562620017514482;0.5301875584046104;0.10781931359528167;0.0016550762035962522;0.006504312358711176;0.08329986703613237;0.06354357654149267;0.027299622945669618;0.09073954767334463;0.021426213601972634;0.007419352972907423;0.34868421052631576;0.557529761904762;0.5355111540272144;1.0911457538604736
0.3;0.9;2;29;10;8;0.5000517216747334;0.5503613924016646;0.108845994793435;-0.006093451655851395;-0.004854234222197098;0.0898416746353282;0.07039647275098848;0.023802303361861975;0.09266922137044649;0.012851472315535671;0.005223379739707077;0.42028985507246375;0.557529761904762;0.3545761882712594;0.7587847709655762
0.3;0.9;3;25;10;9;0.5339314122416512;0.5511963187585518;0.1166340493010583;-0.005325212117789357;-0.0040107999471731505;0.11787154025407331;0.09923705286923261;0.036534894825654765;0.11767995507136791;0.02946243639704802;0.012212041553821554;0.4122137404580153;0.557529761904762;0.19034769448788602;0.6943399906158447
0.3;0.9;4;36;10;9;0.5300900679505642;0.5453637068036232;0.12526570839730816;0.004328163148950777;0.0010071426696857159;0.08776025826717809;0.0684207807707107;0.02351378644030031;0.10430932359797083;0.015008641216433112;0.004267464066936959;0.3058823529411765;0.557529761904762;0.22342869842654334;0.9122617244720459
0.3;0.9;5;25;10;8;0.5240846659336702;0.5597324779630841;0.11574335346357519;0.0016429025491063315;0.00620888847343121;0.08615172300680997;0.0666631538519905;0.02493364805222631;0.0868852106910758;0.006475699209253116;0.004107498952774072;0.4154929577464789;0.557529761904762;0.35149158431330685;0.6794002056121826
0.3;0.9;6;30;10;9;0.5486876776922931;0.556305186360879;0.10951649922040813;-0.013323445260510916;-0.0025818114930500056;0.12220943161024335;0.10362107238854552;0.036748218415043166;0.11806262684684687;0.02990997638153407;0.009825246337654265;0.4336283185840708;0.557529761904762;0.18987570560865918;0.8755664825439453
0.3;0.9;7;34;10;8;0.4971077204379394;0.5470507813627791;0.1218824306016726;0.00876540787253366;-0.004861241812007729;0.090734059699058;0.07131447947192737;0.022540910208836345;0.08955130713403057;0.009343432096108715;-0.0020359144000367583;0.42105263157894735;0.557529761904762;0.35413060557043163;1.1081292629241943
0.3;0.9;8;22;10;8;0.4972380418451545;0.5451905305028919;0.11025343032231429;-0.004192766142313071;0.002391808227470675;0.09981236704343062;0.08055478484950299;0.029757428446963823;0.10333579420903383;0.024068781202163242;0.007774742122161419;0.35664335664335667;0.557529761904762;0.3612809616951886;0.41826391220092773
0.3;0.9;9;24;10;8;0.514206283855802;0.5560886483042423;0.11707444725143286;0.0029072527014104834;-0.0044615162315471135;0.1052387242058178;0.08621100417310903;0.028047192324806534;0.09862999765303505;0.01956810910764077;0.006535682445583648;0.4336283185840708;0.557529761904762;0.34623537211505806;0.525170087814331
0.3;1.0;0;27;10;9;0.4755640177366947;0.4858766975807673;0.1274653814531027;0.007388135250348246;0.004293337499107279;0.08097419102546194;0.061535116628280005;0.02449261543429969;0.08753339729500258;-0.0040906932499541184;0.0006619883366097336;0.37333333333333335;0.5226841517857144;0.23851686989659376;0.7262024879455566
0.3;1.0;1;41;10;9;0.49770724283819295;0.5155844417430667;0.11833376511448329;-0.003184999081237031;-0.0016369749297220168;0.11079822111528488;0.0920184000503457;0.035086518549984846;0.09007376601928689;-0.0010527277889386078;0.003465635846574729;0.39436619718309857;0.5226841517857144;0.2175731203324639;0.8136792182922363
0.3;1.0;2;1000;10;9;0.5086343919114371;0.5342460449968371;0.1234335997813834;0.00251263316260693;0.007639691044805142;0.10359534293413984;0.08462971781882091;0.026570942105777314;0.10414761302986571;0.014418237272715299;-0.0009050800967517547;0.3413173652694611;0.5226841517857144;0.2342081493621155;30.982566356658936
0.3;1.0;3;23;10;9;0.5127177830037581;0.5413915532889078;0.13067738547179997;0.01062502871095405;-0.0005479889764157193;0.09143423606800229;0.0722454466280229;0.027042262214675615;0.09428892483736258;0.0038200778087051747;0.002775409470977463;0.41007194244604317;0.5226841517857144;0.21961944714833048;0.6530661582946777
0.3;1.0;4;31;10;8;0.47677635990258604;0.5351906042129735;0.10296273162617446;-0.012649690128835147;-7.368729569025778e-05;0.0810546205377523;0.06149954856837713;0.022114612598224177;0.07717716177971799;-0.0041819420100086295;0.00013205735677482056;0.32;0.5226841517857144;0.4327314346021889;0.7539839744567871
0.3;1.0;5;35;10;7;0.4252048739617088;0.5273502603106648;0.10449825617185425;-0.0022151164914322626;-0.002073178763342629;0.07433749380263806;0.054496912428244434;0.01910069531736147;0.07148608715864752;0.0009385138519812018;-0.0011022677609483487;0.33962264150943394;0.5226841517857144;0.6554722717779882;1.280245304107666
0.3;1.0;6;32;10;8;0.4725587472200737;0.505829458553278;0.1161088104273635;0.001904946943031809;-0.00031487927041811515;0.08557770960316356;0.0661719125211674;0.025717253588537655;0.09601863855954018;0.016629044493129755;0.004624340706091494;0.43548387096774194;0.5226841517857144;0.4118584090349918;0.6752464771270752
0.3;1.0;7;29;10;8;0.4670456574527695;0.5105488124442996;0.12041190236406807;0.006995028048087976;-0.001611470313303188;0.0918245987598443;0.07249165909280175;0.024288863334933956;0.09339516723190591;0.013494001894475404;0.0016964168680774286;0.3333333333333333;0.5226841517857144;0.4554568840658495;0.5658166408538818
0.3;1.0;8;29;10;7;0.4183540730928227;0.5287035336974013;0.09815947183543756;-0.00946676925875045;-0.0026311300692165984;0.08574970503840286;0.06617311467106816;0.022956046063636604;0.08910132490480446;0.02009097012688416;0.004367429351693529;0.34146341463414637;0.5226841517857144;0.6436128692451618;0.6980729103088379
0.3;1.0;9;32;10;9;0.5155720311595628;0.5408510380580932;0.11728869036010962;-0.004475515547161803;0.007528104201019114;0.10139147580757499;0.0823805359494969;0.03130119298378113;0.09771584084965193;0.007476403957611973;0.003207656975483212;0.3374233128834356;0.5226841517857144;0.23847638385428332;0.7139911651611328
0.4;0.0;0;24;8;8;0.5644248064639348;0.5678089724054366;0.11631247929015102;0.0024633510805050626;0.000505632820478343;0.08722146694943998;0.07154528350564976;0.026212454733790386;0.08431229427694026;0.0035721834208586874;0.0023236729050234136;0.4;0.7554390563564874;0.042181633329726936;0.1658313274383545
0.4;0.0;1;28;8;8;0.5658063976289841;0.5659318351190449;0.12390026504449837;0.010784655518680119;0.009692980168489733;0.08615248173851062;0.07065286829696117;0.022781993596828174;0.08704886081289774;0.0067833950977789995;0.0009740588592885203;0.425531914893617;0.7892646857455838;0.027950279931221393;0.11440587043762207
0.4;0.0;2;19;9;9;0.5742626577678556;0.5746400532384021;0.1291869577077106;0.009049400110053974;-0.005641689612952898;0.12080259526813543;0.10397312708956744;0.03922979369493877;0.10996429357524268;0.020817708385202218;0.009766427599308316;0.38;0.7280680760537163;0.04544328289424167;0.0801398754119873
0.4;0.0;3;19;7;7;0.5696442660454438;0.5699333928908233;0.10092836779780404;-0.006261099550278368;0.0027050434660384755;0.10245429865725349;0.08911721884586934;0.03166296349909259;0.08755831094775808;0.01835253456431485;0.006746715288170221;0.4931506849315068;0.8732598266139214;0.011146265662494452;0.10587215423583984
0.4;0.0;4;22;7;7;0.5943238651217566;0.5936349409192769;0.12342466049739963;0.018965302889896854;0.00403570263163518;0.06602149060066892;0.0520676991736884;0.01721268059825963;0.07178487693005643;0.001313008689031316;-0.0006039218735790588;0.5;0.876485685645991;0.01195797367979991;0.07932257652282715
0.4;0.0;5;25;6;6;0.5761453125204824;0.575592394422593;0.09538608641243107;-0.0023869369958322093;-0.003687348640133556;0.07877255140116361;0.06694602538037035;0.025562277367134664;0.0670344128777732;0.007328819268215224;0.0025623141297047456;0.554140127388535;0.9427507895924199;0.0022404039228242512;0.0873723030090332
0.4;0.0;6;20;7;7;0.5760229301254891;0.576550740642622;0.10465464909696821;-0.0015353329160950095;0.0062443113839227675;0.09381011101631048;0.08024802406233891;0.033102373451736576;0.07326140793646439;0.0022364169677979414;0.0022225309274317238;0.4392523364485981;0.8069462647444298;0.03126154564144844;0.07850861549377441
0.4;0.0;7;24;6;6;0.5988461948424;0.5972598818860534;0.10667440212593268;0.010310369446724614;0.021984958931263354;0.07097354622965302;0.059086848798863056;0.02756977601944123;0.06797172274677296;0.007892595937644452;0.008761445193119595;0.5202702702702703;0.8649488579790604;0.01202611031515905;0.08889555931091309
0.4;0.0;8;23;7;7;0.5774072853093064;0.5766671431107635;0.11114652357755517;0.005468267509196752;0.002093410046368491;0.0822142265402186;0.06854438729510974;0.020890194355774883;0.07049761690310324;-0.0004674284206427402;-0.001737418210076483;0.4774774774774775;0.8544752741105393;0.018794810612636464;0.09451484680175781
0.4;0.0;9;19;7;7;0.5667591487628526;0.5694870208579679;0.10319989870135131;-0.0034939998498515093;0.00017586639001459676;0.08923884596267946;0.07565658133869606;0.02659565882737627;0.07667239506388128;0.006413517116537518;-0.0008744703912120425;0.43258426966292135;0.788837117081392;0.042216562171243505;0.09075546264648438
0.4;0.1;0;18;9;9;0.5640297714674789;0.5643670259045419;0.1260895565694874;0.005622730605907692;-0.0032618258439299696;0.12533414933201428;0.10865357863766166;0.043560718045745114;0.1068472313723264;0.017291728612225863;0.01565506624217001;0.4594594594594595;0.7368565890545359;0.04919119575200731;0.1304030418395996
0.4;0.1;1;25;7;7;0.5789191294825602;0.5798404785341723;0.09840833864049717;-0.008451065743592596;0.001892951483759392;0.11599674887195353;0.10274004704479854;0.0404870995339083;0.09710843011840903;0.02791264575509506;0.011457140399856345;0.5327868852459017;0.880064591896653;0.015095975826636087;0.19217848777770996
0.4;0.1;2;20;7;7;0.5790319846285905;0.5813868160553923;0.10878455479411554;0.0033875286811924257;0.013879638989636433;0.11706349299495583;0.10358300349567079;0.07468888558852461;0.10583203877247475;0.03658515316995204;0.034514701372929855;0.4918032786885246;0.8444953561548773;0.02479178254170982;0.1204984188079834
0.4;0.1;3;21;9;9;0.5595742775903304;0.5589917292608048;0.13567933583011244;0.01647148462510852;0.0053009168798941325;0.11554605719177255;0.09860642251468534;0.037634260514254364;0.09884926862089616;0.008592217201254247;0.0013422275318046022;0.5252525252525253;0.8975421297399194;0.012373984220160204;0.10283231735229492
0.4;0.1;4;24;8;8;0.5715820069067693;0.5744368664760652;0.09560867189890392;-0.020619973937761348;-0.004966512106216025;0.07570744322501306;0.05993780368100367;0.019624244102486574;0.07113362923156878;-0.011125540475007667;-0.006956191516665316;0.45454545454545453;0.8262614678899082;0.018530505815069615;0.0940542221069336
0.4;0.1;5;17;8;8;0.5611130116853333;0.5623954364855932;0.11756606438855066;0.00400070059483591;0.004794275337404738;0.0641884077611547;0.04819056489538105;0.01585355506432656;0.054050738465728144;-0.029489880076803535;-0.008861192664188498;0.5;0.8801968330073813;0.015041834613749503;0.08696961402893066
0.4;0.1;6;14;7;7;0.5666073329192319;0.5703599848132688;0.10231248691708567;-0.0030262127747964526;-0.00546980629674564;0.08963710804758948;0.07558666384544871;0.02197572286936559;0.08209121179527756;0.01051140668905986;0.0015397545979085533;0.4536082474226804;0.8250894658077949;0.018181544730856505;0.06415033340454102
0.4;0.1;7;21;7;7;0.5757433153302981;0.5773456821790248;0.11220826732359897;0.006679270869796265;0.0004227662530347346;0.08475187188493676;0.07098728206702853;0.025322338993079868;0.07629033744995661;0.005349842138329345;0.0033290729796498953;0.5344827586206896;0.8635785334258617;0.017713882001032213;0.07296037673950195
0.4;0.1;8;15;9;9;0.5690222728390948;0.5695234311733679;0.12244009503785405;0.0012193304245635011;-0.0016928716515373062;0.11456845733518847;0.09767368739196204;0.033043291811809074;0.09973372317962;0.009876794938399875;0.002819843956863074;0.4588235294117647;0.831592187037585;0.018941149017246212;0.08634829521179199
0.4;0.1;9;14;8;8;0.5751656598172628;0.5795995846930179;0.12079388385088151;0.007121756655919764;0.0033744316073845426;0.10589688066976542;0.09074921746034179;0.037699470003843175;0.08213337177045293;0.0016748166132718445;7.634988786059529e-06;0.45614035087719296;0.8282524593787995;0.020741431659020343;0.13442540168762207
0.4;0.2;0;18;8;8;0.5762041878101501;0.5752837699837814;0.10990441416028623;-0.0046891799742499515;0.0132933351875914;0.10013458790304873;0.08484669654090285;0.03030573274188575;0.09036432016085552;0.009991019449275704;0.0038960530227760025;0.41379310344827586;0.7738643991944506;0.03842087170796413;0.17133617401123047
0.4;0.2;1;18;8;8;0.5812421293651615;0.5819691575831346;0.1112552553471805;-0.003070919796545412;0.0021654208177478568;0.11657790109781238;0.10150986430024929;0.040012199392304305;0.10607036810461025;0.02688497581348056;0.007723808679282363;0.5061728395061729;0.8885697097307865;0.0046241666631082826;0.08573102951049805
0.4;0.2;2;16;8;8;0.5740463914678218;0.5754203553069777;0.10406642393925185;-0.011199379425846815;-0.012505312878644708;0.08895623036444779;0.07331609763055312;0.026542743096004573;0.09383612383488268;0.01355730710099746;0.0069524491962983355;0.46938775510204084;0.8446228338430172;0.014074434756464953;0.0787208080291748
0.4;0.2;3;22;6;6;0.5761657223940047;0.5790512601224258;0.0945468683187212;-0.0033673542527714027;-0.0035032750884281525;0.07393363286428777;0.06205466012224568;0.02428317705316712;0.06415795531515546;0.0041440904504517345;0.0012641509045176816;0.4722222222222222;0.8350567881215604;0.02028417393115952;0.09033203125
0.4;0.2;4;19;8;8;0.5786893039100535;0.5788222090758052;0.12558799342902516;0.013005539676865203;0.0021070793107568686;0.08140445486603182;0.06565402503470691;0.020276483926464313;0.08813531976444001;0.007645831143511963;0.0029455770494730684;0.5625;0.880064591896653;0.007810031549680058;0.08341169357299805
0.4;0.2;5;18;7;7;0.5716670707154045;0.5732057386033574;0.09726899462587972;-0.009503025516439953;0.004730707937290667;0.08165155209875861;0.06772661506516524;0.021938152737335057;0.08200602714717643;0.011209792895523733;0.0029741157721043577;0.5098039215686274;0.8532777034918163;0.018394226150619225;0.12252187728881836
0.4;0.2;6;17;7;7;0.5593611759209501;0.5591893162209374;0.10233703028912468;-0.00418043382254577;0.004757928200699155;0.06481148529146848;0.05080060908708954;0.016246352532055797;0.054523693891026695;-0.017834540420180428;-0.004451890425018525;0.46825396825396826;0.8257575757575758;0.025799081453545827;0.08396053314208984
0.4;0.2;7;25;7;7;0.5765661092754972;0.5771167849225938;0.10817841376561665;0.0018573977363176028;0.006196739676982787;0.09013967864899192;0.07662601821284261;0.027449317191575926;0.07718226526739214;0.006953843643808198;0.006825858441290882;0.4380165289256198;0.8053674997363703;0.020691679303115357;0.09283065795898438
0.4;0.2;8;16;8;8;0.5691508149047815;0.5703621575350639;0.11093806139692808;-0.0035031033157433273;-0.004267361318983587;0.08565874006904017;0.06994648008832129;0.022590459666021342;0.07696341265064341;-0.004476449605180234;-0.003794665786593677;0.5241935483870968;0.8893035992272634;0.012858104448700863;0.06912636756896973
0.4;0.2;9;17;7;7;0.5643069167339795;0.564415390893663;0.10412642817482204;-0.002281816604007584;-0.0038744432168197895;0.07610248180007624;0.06226933309662904;0.02446350092904071;0.06455129340690156;-0.007067760941623848;-0.0030711892802606287;0.42857142857142855;0.7932110091743119;0.02261640088353549;0.07204866409301758
0.4;0.3;0;19;7;7;0.5721435937016502;0.5705201139960818;0.12538117510286834;0.021254978522695325;0.008169669537358416;0.08524552439185905;0.07153212106304813;0.02279759178980674;0.08165406115344481;0.011550134047797478;0.0027027574499456845;0.45045045045045046;0.8211294090831385;0.01750260032863631;0.07590961456298828
0.4;0.3;1;20;8;8;0.5622209887848018;0.563257543702395;0.1180774934707168;0.004554818600862169;-0.002329640163414883;0.12156025248660701;0.10658947127222049;0.03547312772220475;0.10164722267112673;0.02224155316757508;0.0015546767065030894;0.5280898876404494;0.9065906029309713;0.008095308638601674;0.07481694221496582
0.4;0.3;2;24;6;6;0.5560799357249834;0.5565675058647732;0.09355694202155969;-0.004610555710363799;0.004389555628610675;0.11318642980057633;0.10185395902334707;0.04306685001410803;0.09358304237514534;0.03573991898222698;0.015276001838989865;0.5384615384615384;0.9254128440366971;0.0040772670353219475;0.07998204231262207
0.4;0.3;3;21;7;7;0.5643549541294751;0.5666843004691852;0.10082622700246965;-0.005672801611359209;0.004608763483118448;0.09549017663081259;0.08181397833334833;0.02488482800590014;0.10064541009551196;0.030700405136375387;0.006511942145455712;0.4857142857142857;0.8643966125617502;0.019097289801693083;0.15849637985229492
0.4;0.3;4;14;9;9;0.5664657709908586;0.5666830711213565;0.11903651454742158;-0.0025790737157571175;0.0014062841449237076;0.11851374922419004;0.1016635359683196;0.03257060225960872;0.10722215712317015;0.01805422704716012;0.0030531801486324717;0.36585365853658536;0.708224115334207;0.0582054002645879;0.14995884895324707
0.4;0.3;5;23;6;6;0.564058637808776;0.5651223810329157;0.10503063689294512;0.008325669848041272;-0.005150658922062141;0.07046568209787032;0.05853340617043233;0.017649048915481448;0.06648198472686141;0.006712491957153391;-0.0007757584579351813;0.45161290322580644;0.8225891946992864;0.017111535154870038;0.09328794479370117
0.4;0.3;6;23;7;7;0.5711771445967232;0.5707335523129768;0.10948811008770856;0.0036395604014357445;0.00800490846810017;0.09498244015376926;0.0814739157168097;0.032011870322451515;0.08552350647682164;0.015814765158663903;0.004851076243172519;0.4909090909090909;0.870597449093757;0.01518536554225828;0.09266877174377441
0.4;0.3;7;20;7;7;0.5631187953185776;0.5655372211064796;0.11248286161529862;0.007083590311734755;0.005522809539696588;0.09733093868737178;0.08378852731881985;0.03487659464769494;0.09316793534723772;0.0239473725444513;0.010420504831140199;0.4918918918918919;0.8448317816811919;0.03064365937615716;0.08280754089355469
0.4;0.3;8;18;7;7;0.5751694735311377;0.576612603299787;0.08943098865473635;-0.018624494010867812;0.00654955913936485;0.06299659341711976;0.04887619957365099;0.018527012475377545;0.06256035222924439;-0.00915332245774898;-0.0021604699909674807;0.4588235294117647;0.8064763032208027;0.035913645604915265;0.07707834243774414
0.4;0.3;9;21;8;8;0.5764125198026201;0.5787473840567046;0.11123263023502684;-0.0035670168424348355;-0.004627077375096723;0.10721709346905754;0.09197811026497908;0.03549863049271095;0.09028931080530854;0.010290747923485126;0.005503625697632758;0.43478260869565216;0.8012232415902141;0.032882133281384895;0.08914303779602051
0.4;0.4;0;20;9;9;0.5621886290933694;0.56556009759535;0.1302746159226782;0.010807818758036481;0.008237446189840838;0.10109469196214452;0.08375214042861007;0.02416023374156869;0.10214237971630846;0.011591381451078813;9.068438833198173e-05;0.4927536231884058;0.8727888126837089;0.008604165335020415;0.09543681144714355
0.4;0.4;1;25;7;7;0.5702963765173049;0.5726673377934618;0.11428977260920091;0.009452252724398948;0.007309102836754761;0.09598077008353095;0.0824610087344729;0.025960403780305074;0.09612235946367044;0.026760027081138605;0.007751696963455527;0.46308724832214765;0.8368740005050079;0.019620003522709602;0.09542346000671387
0.4;0.4;2;18;8;8;0.5706457141368148;0.5712446485495433;0.11533651151770477;0.001542205000051233;0.002976348760318043;0.10962974353875954;0.09445483568299412;0.035272853576880724;0.09509709184813994;0.015253796134146706;0.0030155370735111316;0.5;0.8538367716022123;0.01958716986677027;0.08333921432495117
0.4;0.4;3;21;8;8;0.5606844786293013;0.5627511080471899;0.11615216280802076;0.0025068210132322844;-0.004376484171643799;0.07201442550258617;0.05604686766142182;0.017816282070668082;0.07588205760219062;-0.006010574616207008;-0.0010918952140463517;0.5192307692307693;0.8680219792721358;0.014664948586934937;0.09327125549316406
0.4;0.4;4;22;7;7;0.5747110973536961;0.5745835064355439;0.0867868769361463;-0.021708151871356583;-0.006103407819989638;0.09152078614523547;0.07788705659259158;0.028428409282152595;0.07460493437030342;0.0038910589586229824;0.00180182899262318;0.375;0.7211009174311925;0.046287870128992416;0.07990121841430664
0.4;0.4;5;26;6;6;0.5761243661664835;0.5777706137569077;0.09469656659657147;-0.002924334638857739;0.0045232687553093155;0.06812971363536784;0.056108481125174664;0.018515858309955117;0.061906515259044816;0.0011956606912091406;0.002052153916299672;0.5489130434782609;0.8755810747863452;0.012332491593147261;0.30204296112060547
0.4;0.4;6;24;6;6;0.5713017831875568;0.5762421553346234;0.09699953636990633;-7.29072886758846e-05;-0.003113731015592359;0.06704184449569182;0.05494310569525857;0.018184485520046628;0.07137694443916036;0.01107535608267832;0.0040433581408001965;0.4470588235294118;0.8168568658163645;0.015779433188927574;0.23291325569152832
0.4;0.4;7;21;8;8;0.5532014253952438;0.5559266648268668;0.11289948975494428;-0.001062001827662187;-0.00413511263705088;0.09668833018509905;0.08123012012009452;0.025361468153256076;0.0967392788034207;0.01661579201195357;0.004770813038876904;0.4895833333333333;0.8690190543401551;0.014217479820823057;0.08950090408325195
0.4;0.4;8;27;7;7;0.5792152193086603;0.5816182494605902;0.09129622083121068;-0.01660076250616977;-0.0007182208012791908;0.09957096363970885;0.08609164601990181;0.03857742746146679;0.09701139242021047;0.027974517402506456;0.018343125457314337;0.5;0.8813455657492354;0.0098941952562999;0.11102604866027832
0.4;0.4;9;21;6;6;0.5837863626504138;0.5837502785000644;0.10040746283200992;0.002972948359308956;0.0030171533478709264;0.09407960856809464;0.08254324305088345;0.03228713891547663;0.09352271756305935;0.035708436123378935;0.017797215038501412;0.4956521739130435;0.8501901227912206;0.01917936103717324;0.11574959754943848
0.4;0.5;0;24;10;8;0.5315108112277387;0.5646424780992125;0.12154345229321736;0.008805926916799158;0.013914461286828286;0.09161910118115407;0.07174595373558869;0.01828238581624159;0.0873794600003186;0.006224314741422119;-0.004367670676239966;0.5094339622641509;0.8684812501606395;0.019952880806264152;0.6922976970672607
0.4;0.5;1;27;7;7;0.5649098743048526;0.5661493276521715;0.11717214495970257;0.0121595880133142;0.0037515271516334473;0.07779034861609756;0.06400466252620604;0.025336595158454073;0.07663778522752891;0.006370951207654388;0.003708150586945313;0.47619047619047616;0.8529150636282923;0.013840650785182875;0.11329078674316406
0.4;0.5;2;22;7;7;0.5589435998744462;0.5617488150301323;0.10221169740099113;-0.004805666046832329;0.0036506211517092152;0.09287127588565054;0.07935967805090871;0.029915487191377103;0.08019328114961835;0.01027891766631376;0.004364696976480119;0.5463917525773195;0.8929948338345286;0.007317892956677712;0.09698057174682617
0.4;0.5;3;27;7;7;0.5755769997836125;0.577555210885022;0.10190005589030353;-0.0043450355352609125;0.004361390978840928;0.07163840876536569;0.05757041463279698;0.021865064874087053;0.07269132742706357;0.0010167334488975874;0.006531689296989388;0.49411764705882355;0.8744058368850682;0.013583191732535835;0.29384565353393555
0.4;0.5;4;29;7;7;0.5772752811402481;0.5805681159302626;0.115380144807044;0.010330911800321167;0.004899615827630866;0.07491423085277919;0.060861636783525894;0.015952877425220346;0.08302610956982902;0.012324285020697054;0.0003436316217721678;0.5622775800711743;0.901884375166818;0.005557254486049091;0.1138300895690918
0.4;0.5;5;20;8;8;0.5588039962126843;0.5627452198362547;0.13531291353250702;0.024106661841316747;0.0021439033994818434;0.10392924890561538;0.08868977939669555;0.03127158324083252;0.10165579238846452;0.022470309480021648;0.0074531217606625885;0.4421052631578947;0.8105805933168151;0.033814259997798676;0.09032320976257324
0.4;0.5;6;21;7;7;0.5725610367029712;0.5717887271659904;0.09813812686415854;-0.008865637232315541;0.0006236644787656329;0.10336142454101326;0.08993528114592858;0.03016027856762153;0.08821759599255151;0.018136683980353778;0.007343229066644087;0.4661016949152542;0.8405897014371321;0.013490906756064847;0.09571099281311035
0.4;0.5;7;21;7;7;0.58733407025299;0.5873804969015866;0.11067697397630855;0.00492787614792667;0.002510495406450158;0.07735342828847924;0.06351927920261036;0.019418772609285703;0.0738308916228599;0.003279973397153926;-0.0027782790399473603;0.4807692307692308;0.8584534731323722;0.010121585076750227;0.09668540954589844
0.4;0.5;8;25;7;7;0.5745099023400076;0.575786626637511;0.11078002690400157;0.005011265370215304;0.0006089149680668373;0.0783562668255803;0.06457971563309638;0.01963510122880623;0.07663501208760799;0.006357904175681467;-0.0005575107432622312;0.5142857142857142;0.8848676888429158;0.01426880186027487;0.23306679725646973
0.4;0.5;9;29;8;8;0.5540720330073738;0.557851431396521;0.09444469859873969;-0.021996885735083162;-0.007479179833806927;0.09937624428075945;0.08393219767954047;0.02691015518426411;0.09391841059384923;0.013784311030155186;0.0038915782515894226;0.4786729857819905;0.806183571350305;0.02871537890654128;0.2603747844696045
0.4;0.6;0;26;7;7;0.5864495699357775;0.5878525705814066;0.10137425805936286;-0.005526998171966449;-9.48459682640467e-05;0.09826136232648218;0.08467685902440536;0.03385455371088915;0.09216848845986936;0.02266625813628599;0.009156318003076097;0.46;0.8330526580369485;0.019331002749656143;0.23713111877441406
0.4;0.6;1;26;8;8;0.5862542642251228;0.5853880542285876;0.11655194603480568;0.003069546109250033;0.003166714656994877;0.10648659920436983;0.09116175476126018;0.03397190028697706;0.09730289299525345;0.01748516628089042;0.009871458835432511;0.49019607843137253;0.8464690525759229;0.027167251738373595;0.38726210594177246
0.4;0.6;2;26;7;7;0.5685520165025739;0.5696549767766416;0.12407921540073362;0.019773707206446854;0.008344466344028214;0.07847474131532518;0.06472019296765176;0.017235851120185892;0.08145473025462088;0.011685673234594806;0.0010027233869327491;0.46195652173913043;0.8354762797994612;0.022436519744249525;0.21243572235107422
0.4;0.6;3;23;8;8;0.5653715204961279;0.5685201598372983;0.10073767484836683;-0.014638435665406476;-0.0024696766376539614;0.10476453261150767;0.08943308768988029;0.030230602180956773;0.10146981450561195;0.021716693354523912;0.00438170731784114;0.46153846153846156;0.8349589570255914;0.02190535602634803;0.13379716873168945
0.4;0.6;4;29;8;8;0.5662201325308364;0.5684173399322668;0.11937170658650807;0.005831224170567339;0.0006954837730066883;0.08963366174298258;0.07407197121574186;0.023994376079090746;0.08840978843896238;0.008192180675644424;0.0032822736312495427;0.4701492537313433;0.8455548828761701;0.026860211008362823;0.6787800788879395
0.4;0.6;5;19;9;9;0.5632528840865308;0.5636029617936011;0.1258130195190384;0.0050347501905398575;-0.0009205052215397999;0.09993763241300435;0.08278455212750112;0.031250287569621296;0.0761071645569047;-0.016056041478245006;-0.0023081260861059004;0.5084745762711864;0.8912483249149571;0.009708964577032938;0.25998377799987793
0.4;0.6;6;24;10;8;0.539871839194448;0.5629758612481048;0.11727185949123804;0.003896564372887821;0.006331641911381355;0.10841368852346008;0.08913931024264965;0.03263843710397208;0.10371862193892906;0.02416192131818353;0.006793299146440115;0.3950617283950617;0.7487537549728017;0.07017633135125512;0.6115984916687012
0.4;0.6;7;23;9;9;0.5609029442350045;0.5602557490086905;0.11193929334324436;-0.010534944900408922;-0.0043286322971578875;0.12129732944033438;0.10448124665793256;0.035728187059580176;0.11305047716694092;0.02413333962833717;0.004401165264672002;0.5210526315789473;0.8320610687022901;0.023738686557840775;0.1842041015625
0.4;0.6;8;14;7;7;0.5648818198742688;0.566317583346793;0.10036473400862272;-0.006759714141297555;0.0016969640761087393;0.08646959478014901;0.07281027580654195;0.019991112552204485;0.08339627040333979;0.01360119877272493;-0.0006081630872067049;0.5353535353535354;0.7995063203295883;0.023022876424375255;0.0829763412475586
0.4;0.6;9;16;7;7;0.5849545951007665;0.5865180485603819;0.10356316665804716;-0.002940217981594921;0.003278655620628103;0.10580552487523971;0.09240005838392613;0.03393850375519123;0.10261477886011647;0.033703539949948735;0.008563347872112381;0.5377358490566038;0.8736108531829423;0.010987435472062039;0.09918951988220215
0.4;0.7;0;23;9;9;0.5675168040491849;0.567448118746229;0.12819382800051163;0.007808356219569049;-0.002812257036717166;0.1107841983476246;0.09387571234755136;0.03600521579148574;0.09288495400098756;0.0022729865464742607;0.0003399499425242029;0.42718446601941745;0.7914123447544155;0.06612194247062214;0.15138816833496094
0.4;0.7;1;30;9;9;0.5643386507790121;0.5643671682050398;0.13150298046519657;0.011905174383720945;0.005439656972468354;0.09979873013789488;0.0825416272905069;0.028130261419678317;0.09186721154801421;0.000657080654389745;0.0007646843278485454;0.49019607843137253;0.7903610384526415;0.03168229809792726;0.552823543548584
0.4;0.7;2;36;10;7;0.4931267116160856;0.5647899222971996;0.12055546276100967;0.01584165211734578;-0.00010406218010630012;0.07819258472713093;0.058111963359332705;0.02158031937522421;0.08089215164467092;0.010932606207184262;0.004007030320952504;0.3900709219858156;0.7265605025749663;0.17881142228715025;0.6529510021209717
0.4;0.7;3;26;10;7;0.4929794298664889;0.5645717639495186;0.0975671294190855;-0.009776747785212448;0.0055434274457630455;0.08758075259866795;0.06775908306070282;0.038141560609613594;0.07820516632851843;0.007871228542881425;0.012308840531057946;0.44029850746268656;0.7265605025749663;0.1593063010851657;0.4780392646789551
0.4;0.7;4;17;8;8;0.5683043983164614;0.5673850798763671;0.10311419092125472;-0.012511208607517161;-0.0010638971639818074;0.08908478193318563;0.0735886758742067;0.024502850132189488;0.07360087217658917;-0.008075808870723504;-0.003216265257006747;0.5;0.8536730445127393;0.020459964035055667;0.23217368125915527
0.4;0.7;5;21;8;8;0.5688681473639992;0.5717867857828628;0.11112671536512089;-0.003127229748080878;0.0015592458491819963;0.10508557883930997;0.0897916302322481;0.030740278806895636;0.10919965254965772;0.0303476024311625;0.007964986141065963;0.5;0.8344623993478956;0.018626347090702905;0.09944653511047363
0.4;0.7;6;29;10;8;0.5264980170768963;0.56167727203231;0.10277232797676662;-0.012974562610022434;-0.0037752558498903906;0.09335933333859057;0.0739700841758792;0.027041414734887866;0.09349182818703045;0.013680620375427216;0.005958123736610965;0.39285714285714285;0.7265605025749663;0.13813280298502656;0.5603535175323486
0.4;0.7;7;25;8;8;0.5662192829581233;0.566659554725591;0.11703394149405104;0.003526745938752267;0.005095652677931329;0.11732243928377047;0.1022848080930033;0.03414792030386585;0.10550771259534772;0.026379619855159766;0.004888064139324401;0.5086206896551724;0.7924391130498001;0.03229314295952997;0.28094005584716797
0.4;0.7;8;24;7;7;0.5821850838200678;0.5848493787583892;0.10743084357735139;0.0012634049091448715;0.00830227217101615;0.11688911950049814;0.1036623133703705;0.03687867826329437;0.1069699700359363;0.038448172855441116;0.013656978178466618;0.5486725663716814;0.8161364549472223;0.017296067501411733;0.16756606101989746
0.4;0.7;9;19;9;9;0.5573889020786379;0.555924133014504;0.11100183956838224;-0.011753934243051838;-0.002066516864111515;0.09524676981646685;0.07806345655538482;0.025728777846152896;0.08300640857742134;-0.00864032237155651;-0.00503390819993404;0.47572815533980584;0.8523539352969579;0.01818484641733949;0.08176064491271973
0.4;0.8;0;26;10;9;0.5423967148539078;0.5517287047935344;0.12223252570874686;0.0011288686739649788;0.0031403349061642793;0.10539657375486323;0.08644902278384171;0.032381893039270526;0.0946209717371434;0.004074569931848466;-0.00032482246450011334;0.5057471264367817;0.6860545809596049;0.0831051442951369;0.5983481407165527
0.4;0.8;1;36;10;9;0.5401768123973683;0.5526917537304223;0.12195419715647522;0.0011591641076111716;0.0030263937133995444;0.09758902891961449;0.078367747445573;0.0257916634603254;0.09872534178700729;0.008093883233778052;-0.001503109295131219;0.48484848484848486;0.6860545809596049;0.08767411194043714;1.0058410167694092
0.4;0.8;2;50;10;8;0.5325049350666662;0.589710722120863;0.11253288960380924;-0.001610945087940965;-0.007415380784101302;0.09712123935711171;0.07787670834554983;0.02575842943016744;0.10203727139194593;0.022628780219130736;0.005393032632948179;0.3873239436619718;0.6860545809596049;0.17372149540360518;1.0550529956817627
0.4;0.8;3;28;10;9;0.5411144691532221;0.5574487730768652;0.11929922787867747;-0.00184512763211467;-0.0024124191939910483;0.09800956941426205;0.07870268186845342;0.030970471367119425;0.095287904012086;0.004320783694781403;0.0022048872734785267;0.48120300751879697;0.6860545809596049;0.08509516398684983;0.6763205528259277
0.4;0.8;4;17;9;9;0.5703048710930354;0.5691710209188492;0.12880837410772514;0.008573888984280343;0.0025307861925722122;0.10438613367369468;0.08729942917564025;0.02571825926966489;0.08863492102927449;-0.0025218258156208097;-0.0007231468093424738;0.5327102803738317;0.8991397483403821;0.010784373391982849;0.12910103797912598
0.4;0.8;5;30;10;9;0.5548799091554941;0.5653560945529845;0.1274164990622825;0.00700912203852752;-0.001825705872539367;0.1167887676076955;0.09804358190146216;0.034683959449098294;0.1144762823751311;0.02583327129723584;0.010320373191767368;0.47468354430379744;0.6860545809596049;0.08522300664409482;0.5746035575866699
0.4;0.8;6;26;10;9;0.5562837467349893;0.5635244878514929;0.12095595189142401;-0.00025917931377920076;0.003681342008659628;0.0852363846252876;0.06586513455878173;0.022961810812828973;0.07622876408257358;-0.01605784493568918;-0.009221381071985788;0.3888888888888889;0.6860545809596049;0.11475064586447524;0.6422784328460693
0.4;0.8;7;26;10;9;0.5505894378349999;0.5577247744410303;0.11294426639249966;-0.009661855316559765;-0.00264833097987646;0.12271721726726192;0.10420342405699483;0.037443543832676715;0.10629759040371227;0.017162887444261227;0.004716187235634032;0.43434343434343436;0.6860545809596049;0.08770742811199854;0.6519348621368408
0.4;0.8;8;20;10;9;0.5361113876045417;0.5472689638036903;0.11380238459260283;-0.00822786538923381;0.0005235165511384757;0.09991565276923603;0.08086122961950153;0.02942351620699418;0.09671938950549572;0.006519829247056424;0.0012493270353001115;0.5118110236220472;0.6860545809596049;0.07292881377191379;0.4846508502960205
0.4;0.8;9;24;10;8;0.505273971612951;0.548567777384743;0.11048313247330735;-0.00420780542714409;-0.0015432027234994457;0.10655170013137835;0.087441804565095;0.029876046970534666;0.11361071387029091;0.035449919533083935;0.011814673364882363;0.44525547445255476;0.6860545809596049;0.1487917124458626;0.5184993743896484
0.4;0.9;0;32;10;7;0.45363853114437286;0.5395787464982134;0.10463425302711098;-0.0020515748832661065;0.001549014151051041;0.08264771102999427;0.06296582474440829;0.021907375070031293;0.07431986407264737;0.003994994864653029;0.002651989733721267;0.34355828220858897;0.6483592743134727;0.32869967892647717;0.722881555557251
0.4;0.9;1;29;10;9;0.5290879421694596;0.5416804575204403;0.11737197861016098;-0.004419706219147056;0.0037073917597662386;0.07410079865802177;0.05449153371415847;0.017962789748599474;0.07381209733237785;-0.018682525191176354;-0.005260202129064132;0.41875;0.6483592743134727;0.11943119333222893;0.8038601875305176
0.4;0.9;2;111;10;9;0.5465557118920631;0.5538863391175489;0.10339696915693145;-0.020139996057375233;0.00475977363373505;0.113493537706854;0.09471480548144445;0.03508082308616418;0.112510859750735;0.023622292516953663;0.0052212143570986086;0.4375;0.6483592743134727;0.12080895243852399;3.023789644241333
0.4;0.9;3;27;10;9;0.5141772122684931;0.5416162447722822;0.11133549659242264;-0.011187412442072166;-0.002241387034611129;0.08933510753638417;0.07005264443312907;0.019627434253407836;0.10058916785715222;0.010514724635822672;0.004162853809094181;0.4110429447852761;0.6483592743134727;0.11710514009035874;0.7067065238952637
0.4;0.9;4;136;10;7;0.4620644705839086;0.5461898071464752;0.11578431269807403;0.010404822722179692;0.013971290808615179;0.09177363495119811;0.07237749585185789;0.03239188797695783;0.0881576385333553;0.01895571465562941;0.011429199969550077;0.44166666666666665;0.6483592743134727;0.29307887903066154;4.51434326171875
0.4;0.9;5;29;10;10;0.5496139880318386;0.551008368179338;0.11772651701126663;-0.011200911344716269;-0.003654539208662584;0.09913172846558622;0.0801992248834548;0.024054275653076555;0.1109381768430028;0.011721734577009018;0.002316814951247274;0.5384615384615384;0.8644790324179638;0.013041920935208132;0.7633895874023438
0.4;0.9;6;30;10;9;0.542059854598192;0.5529360750882092;0.12191129805300109;0.0007940448871081419;0.00122234066157807;0.11473369308313024;0.0959445682917268;0.03108324312077437;0.10175077515408854;0.011764646105414639;-0.002129037263265139;0.49523809523809526;0.6483592743134727;0.10466721569276106;0.6176707744598389
0.4;0.9;7;23;10;9;0.5431181754648322;0.5558186116731392;0.14126235105575774;0.022928994616436653;0.008076434979307533;0.12066725627025103;0.10205601857103655;0.035329551010633016;0.12162778495964766;0.03364646457606446;0.008627288044276411;0.4444444444444444;0.6483592743134727;0.11709480933408771;0.5149433612823486
0.4;0.9;8;25;10;9;0.5282030993711668;0.5448395716812919;0.11880016385060041;-0.0026164197393230087;0.00079677590810794;0.10097129194049549;0.08197171740764973;0.029873736614194398;0.10573245084841452;0.016408706506811033;0.003804918666959796;0.5;0.6483592743134727;0.10442371372066425;0.5067245960235596
0.4;0.9;9;28;10;9;0.537392139375334;0.5574722695562975;0.12542680181002255;0.004716623871003936;-0.0006009645060414458;0.11230410918583163;0.0935482380910384;0.03510703148617998;0.10647224470795952;0.01710307484885134;0.005334356826669019;0.34415584415584416;0.6483592743134727;0.13585236350503288;0.6390979290008545
0.4;1.0;0;38;10;9;0.5065026438243377;0.5286029241596623;0.1271121948176733;0.0069628204885053705;0.0020737606915605176;0.09075073144005333;0.0715639196587808;0.025393155939355268;0.08559546309949094;-0.00583589739211033;-0.0004848994592997307;0.37748344370860926;0.6233454134217493;0.14294231004594626;0.9093644618988037
0.4;1.0;1;39;10;8;0.443351206593667;0.5002598095588167;0.11127576085229164;-0.002968184565944504;0.0024074588333732353;0.10293053872359993;0.08385934805583636;0.03171501834125282;0.11000946483002388;0.03148965325059365;0.008411829271055335;0.2918918918918919;0.5973974127672642;0.3171307249970979;0.8277451992034912
0.4;1.0;2;37;10;8;0.46191480545272307;0.5346198421865804;0.11162585970988909;-0.0024893812614683367;-0.005711867444641187;0.08386327596936703;0.06437660536155466;0.02257477559423761;0.1008881020976253;0.021106452668939013;0.00745841931233374;0.3050847457627119;0.6180865006553079;0.31834180645673305;1.1124744415283203
0.4;1.0;3;34;10;9;0.4991726613924492;0.5229587699750238;0.1232618000138808;0.002577644478463681;0.0017794824511693196;0.08909986661527074;0.06983060655921038;0.026419927540088074;0.08406550432602651;-0.007594527145564983;-0.002048867392328976;0.36486486486486486;0.6233454134217493;0.1939565811477478;0.6473836898803711
0.4;1.0;4;21;10;8;0.4878138671224213;0.5475729744183918;0.10762240129854073;-0.007311162006971388;-0.003177357883165908;0.08987913727129365;0.07059212267639385;0.030336753093932394;0.08309576568359028;0.002103992252025591;0.010935664548573695;0.3673469387755102;0.6233454134217493;0.26783767251637003;0.511425256729126
0.4;1.0;5;27;10;9;0.49747499531126493;0.5306860209106584;0.12693077493542898;0.006462251821125917;0.005515372969250987;0.1213903541254658;0.10284483254156086;0.0456463902928548;0.11200550506658732;0.02320427051417477;0.01284775114642922;0.38095238095238093;0.6233454134217493;0.15103027685695636;0.7374029159545898
0.4;1.0;6;37;10;9;0.5017422540926567;0.5341587687585659;0.12188982281935941;0.001168463375485753;-0.0032728654644726823;0.0968140698592315;0.07772924885263546;0.023394716360682494;0.09758880922172554;0.007194401918734591;-0.0010092937894609643;0.35;0.6233454134217493;0.16685129641280622;1.1075990200042725
0.4;1.0;7;35;10;8;0.4808526664076556;0.5333620061708848;0.13346297570785182;0.022034638338161074;0.009408505627328648;0.07926786408634079;0.059743889978515194;0.021949259587077732;0.08453559107828557;0.003841390972748959;-0.0011708976883581853;0.36423841059602646;0.6233454134217493;0.2761688842713546;0.7935395240783691
0.4;1.0;8;31;10;9;0.49042537942817077;0.5165949473165943;0.1290835114061041;0.009043421672835911;-0.0030488029946954143;0.09035996360261164;0.07113168510873848;0.02402081593101484;0.1032353388433154;0.013761970499283464;0.0074880005940254615;0.35064935064935066;0.6233454134217493;0.18354276185160953;1.1250495910644531
0.4;1.0;9;58;10;9;0.4980785849728232;0.5342913445768979;0.12519633863768395;0.004561994886642649;-0.0003385454630682774;0.10551580201018705;0.08661906383358536;0.03169709455355182;0.0897053715744649;-0.0014215485028364538;0.0008665268650840693;0.3375;0.6233454134217493;0.16707417450952178;1.592970848083496
0.5;0.0;0;22;8;8;0.5591132342937581;0.561204964818325;0.11470540386525793;0.0011723293262653476;-0.0003433010249937816;0.11089784308337099;0.09571249011526196;0.033058602475639104;0.10638119105757632;0.027474226508780283;0.008412557777620724;0.47183098591549294;0.847609850313858;0.02570645489375495;0.16163063049316406
0.5;0.0;1;20;8;8;0.5687181913120294;0.569988270589542;0.1275953517590706;0.015120569022090276;0.0048563257463343015;0.09229165231622215;0.07684579360626605;0.026625403064766334;0.10121929167638492;0.021966223229617665;0.006064818092395223;0.47115384615384615;0.846782994543383;0.02100077050317581;0.09491729736328125
0.5;0.0;2;19;6;6;0.5794183800077476;0.5834942055005292;0.10593884782639336;0.009629314793191927;0.0010876831430420065;0.08459185670707295;0.07271397095310594;0.03009452171571032;0.08133879706120196;0.021346303443634005;0.005785156625522726;0.5698924731182796;0.9484332461431699;0.0019509848365146971;0.07983684539794922
0.5;0.0;3;15;7;7;0.5717783965516018;0.5712941738094531;0.1142036919734551;0.008902844455039438;0.011263850997731006;0.09767357329293239;0.08417825517037625;0.030285597129949368;0.0920698097378656;0.022905791477215474;0.0042735191469734255;0.5136612021857924;0.82518453094442;0.026648031172018742;0.11555719375610352
0.5;0.0;4;27;7;7;0.5671530255797993;0.5697521758326495;0.11223612538059154;0.0070774173937273996;0.009464875993892037;0.07553620929333044;0.06162810590331779;0.018131441096183476;0.06968017284004757;-0.0015956865034644835;-0.004830085338173614;0.5435897435897435;0.8436982864463781;0.012700205526403198;0.4362926483154297
0.5;0.0;5;24;7;7;0.5738989455189543;0.5727216913381157;0.11006342368082449;0.004178074592020694;0.00650325393170385;0.07693453854717217;0.06314868954351939;0.022160184435996502;0.0630934184112635;-0.008213748269307559;-0.00516592709933068;0.5294117647058824;0.9067916356613129;0.010860117802165673;0.31024932861328125
0.5;0.0;6;22;7;7;0.5782891641013311;0.5810349547223302;0.10908195873964116;0.003092395130209935;0.002436620130975004;0.0779353983710658;0.06417740997511578;0.024950869595439257;0.07261433928801744;0.0019190400490059255;0.0033701616364699588;0.5170068027210885;0.9011066770889044;0.009477125213386846;0.08675312995910645
0.5;0.0;7;21;8;8;0.5819468986168378;0.5832683693391864;0.12102526945415801;0.00784249074389917;0.0005006000175740556;0.09706843659700286;0.08161164174420363;0.029714778260093028;0.07667288982945811;-0.004552307462266822;-0.00419553719042603;0.4927536231884058;0.8727888126837089;0.014201974904109698;0.09706807136535645
0.5;0.0;8;24;6;6;0.5621410456401271;0.5661353462882552;0.11150190591277255;0.015888971967929724;0.010869719045018673;0.07008111179911408;0.05797433786304276;0.02198015728011644;0.07554610038306059;0.015631895833399755;0.006476534619232852;0.5204081632653061;0.8635785334258617;0.012903727232566092;0.3886690139770508
0.5;0.0;9;24;9;9;0.5799495306762119;0.5787570818731251;0.1144091169390639;-0.007686190931135813;0.0025836416554434645;0.11128949080899385;0.09430752418709659;0.03861145993327492;0.0925877579241799;0.001704501705048299;-0.0013094459277891782;0.4838709677419355;0.8421466574138331;0.03248265339989781;0.09960174560546875
0.5;0.1;0;19;6;6;0.5764006381357794;0.5787567790427958;0.10617217331918875;0.009508085617415361;0.005145197749419245;0.07563709905842199;0.06378886670623088;0.024449191166289748;0.07598335373813751;0.016659672470455914;0.005040356838343044;0.49074074074074076;0.870397173628127;0.011663535471064126;0.07398486137390137
0.5;0.1;1;19;7;7;0.580029667006462;0.5792861245715039;0.10696024836097917;0.0006333268938528462;-0.0011389141848872019;0.09565950842035527;0.08212828606772099;0.031822522722277154;0.09147839307284959;0.022398739451120073;0.007398266964137417;0.5175438596491229;0.8974464531457674;0.010391494322313394;0.06319141387939453
0.5;0.1;2;17;8;8;0.565450439960097;0.5666580894673278;0.10918065076988805;-0.005558544140676751;0.004271982570719626;0.10046198138726797;0.08513602718949595;0.02797667108818695;0.08374754163368779;0.0029230232647159803;-0.0016029873741841025;0.5153846153846153;0.8989329068983899;0.01440263916104938;0.14357256889343262
0.5;0.1;3;25;8;8;0.5593711118112038;0.5606944327569634;0.11317538718236193;-0.0011038629011623498;-0.00129562818993751;0.09709184479644521;0.08170049919389812;0.029368985946020186;0.09405710209485423;0.014201908361308413;0.005330990990937471;0.44881889763779526;0.8190765855604307;0.022248682224735673;0.21252059936523438
0.5;0.1;4;22;7;7;0.5823587794696125;0.5830537526444036;0.10210838138940793;-0.0043349971910420036;-0.008303907244182528;0.07837684820803442;0.0643644900126811;0.030684609095261606;0.0697506750204449;-0.0021375245318690644;0.0070036758477721485;0.4523809523809524;0.8235524138968265;0.019756084026578982;0.11159539222717285
0.5;0.1;5;25;8;8;0.581999137489453;0.583896251769398;0.11419769226910545;0.00014618870969487443;-0.004474019949686371;0.10120257408071097;0.08577409935618023;0.03143034118565219;0.08812505224993113;0.007531700308717468;0.0027796054666989643;0.4948453608247423;0.8752673204682062;0.00802506131726794;0.09484028816223145
0.5;0.1;6;30;7;7;0.589343573906885;0.5921255642169846;0.11368845641419739;0.008711406848430319;0.03189237128002621;0.10152471609885123;0.08771436910556325;0.0370775075947865;0.09994879590867355;0.029787633978579888;0.018517626884012456;0.4470588235294118;0.8168568658163645;0.023860363203547334;0.22216439247131348
0.5;0.1;7;24;8;8;0.5780056962743796;0.5763869982984264;0.11267406501172966;-0.0011645987310556674;0.0017015212949064444;0.09048694394936095;0.07487547029551847;0.032353163681306835;0.08556050990654242;0.004848665179677173;0.011654722308079714;0.4107142857142857;0.76978283590756;0.02465301530424884;0.310408353805542
0.5;0.1;8;21;8;8;0.5727610258714502;0.5710206766721634;0.12343242903265772;0.010875961082793133;0.017351761888356864;0.1116565996054156;0.09629393362573084;0.03585409107074682;0.09790135662544458;0.017091766945326776;0.005913784059516297;0.5754716981132075;0.9140064769835763;0.005849405577845933;0.07964587211608887
0.5;0.1;9;25;7;7;0.5651711087842095;0.5651558070805375;0.09591600146699157;-0.011552443417933763;-0.00693794353864165;0.08479010765548463;0.07112040400518932;0.02487975791624791;0.09298779643178098;0.02369512731269386;0.005653375765379767;0.42857142857142855;0.7932110091743119;0.03411441873925137;0.0964968204498291
0.5;0.2;0;23;7;7;0.5755082090292921;0.5771212315746554;0.10321079620463958;-0.0031284317188952863;-0.0055045833158040075;0.10566343842191363;0.09224645330909714;0.03469387013691047;0.09799604411451922;0.028822229157494623;0.012827366619813343;0.5111111111111111;0.8943065299514301;0.007810148058099386;0.0799112319946289
0.5;0.2;1;16;7;7;0.5668474938935758;0.5694765712134513;0.11075949484726705;0.005276165576555025;-0.002827993909485521;0.08485845967031758;0.07103722811774192;0.020356710115988826;0.0933996054420374;0.02399728576356225;0.006942650947432911;0.5286624203821656;0.9143960244648317;0.009304901935180625;0.07855486869812012
0.5;0.2;2;17;7;7;0.5776636446093869;0.5790143902105835;0.09976646901217379;-0.007174839504211276;0.0017288395146830323;0.08022492383614016;0.06645476430679176;0.024167563409298154;0.08095796010826342;0.010744700621209007;0.002130824231588372;0.4105263157894737;0.7695330686019444;0.05127267739163236;0.11351370811462402
0.5;0.2;3;14;7;7;0.5666067683954651;0.5677954722570934;0.1112727396568949;0.005569233856048142;-0.0011714671744852332;0.060966775141805374;0.04685165186863878;0.018410486782551323;0.061327111493351794;-0.010208935928769628;-0.0031578195610500012;0.5047619047619047;0.8869237022413192;0.010855538442387519;0.10823678970336914
0.5;0.2;4;17;6;6;0.5809985323989459;0.5824884212489401;0.09735468969146262;-0.00032422096860006133;0.0098849907606004;0.07245070970693564;0.06062154650104863;0.021727260703659504;0.06578967162418028;0.006122328700783123;0.0016220090293200117;0.5266272189349113;0.894918434967892;0.011459184393686952;0.09105277061462402
0.5;0.2;5;18;7;7;0.557219289420102;0.5581941330323124;0.11401749168319056;0.008815173600053619;0.0020352779944993456;0.08583085983311137;0.07213980711002818;0.02819563955763299;0.07442271505734432;0.0037878220802616586;0.0017178306341886797;0.44274809160305345;0.8113975049754866;0.023010253318706802;0.07417678833007812
0.5;0.2;6;20;8;8;0.5650852690707462;0.5675696893106681;0.09665068115707724;-0.019327317751513515;0.004020178653731077;0.09535439259326951;0.07975744494058966;0.024675299887043912;0.09092560408533266;0.009636045322861251;0.001750364029811378;0.5242718446601942;0.8194540828128615;0.023637706697662395;0.07947444915771484
0.5;0.2;7;22;8;8;0.5834391759652482;0.5843190912369937;0.11658124018911632;0.0024913834800147387;0.002332778623303152;0.12067951683472343;0.1057315923848131;0.04432417123635604;0.10605210676386267;0.02754819580468659;0.012178104218725868;0.49707602339181284;0.8776401715333013;0.01638927506383884;0.09548783302307129
0.5;0.2;8;22;8;8;0.5611172078812815;0.5621275267402316;0.11762326043047697;0.00414959162964098;-0.0036527175771716293;0.0992425581050631;0.08390319856320064;0.02791627862018826;0.08848466560111093;0.007892856136049481;-0.0012459099125304144;0.49696969696969695;0.8777773650781859;0.014162130245001299;0.19457507133483887
0.5;0.2;9;21;8;8;0.569857956958514;0.5687148965220058;0.11676333074843386;0.002995436767219064;0.0022756713833790767;0.11076176778002113;0.09554760343962415;0.036668070782917186;0.09423835000852826;0.014248566148238606;0.005089324269106286;0.46808510638297873;0.7918763011797364;0.03213361165102209;0.11877274513244629
0.5;0.3;0;25;8;8;0.5676430685264757;0.5678350370891079;0.11187186013687937;-0.002374815222554263;-0.001524159012142288;0.11447671366180923;0.09935081459725678;0.04237465250514972;0.09613663285945645;0.016100149316977914;0.008738653533430115;0.4895833333333333;0.8370211942981309;0.02051116208249258;0.14190936088562012
0.5;0.3;1;1000;10;8;0.5441244445239192;0.5745636540345319;0.1208933957032544;0.007648252861884781;0.0024704647688750998;0.09620561054557153;0.07660194031527727;0.024672614468518858;0.09399411185002432;0.014063903950618855;0.0020299016959268406;0.36363636363636365;0.7050764525993883;0.07145374897450597;34.846766233444214
0.5;0.3;2;15;8;8;0.5645347928265544;0.5663967392073826;0.1130408602883328;-0.0008330228168569481;0.0068926340678125315;0.06135771666752834;0.04525528983862539;0.011759077848434895;0.06834502245848355;-0.014549928595954682;-0.0047275036714247995;0.4885057471264368;0.7874199383397232;0.04310042318209023;0.0792393684387207
0.5;0.3;3;15;7;7;0.573957923421298;0.5740254572926493;0.1050770921042245;-0.0015944913849232154;0.0016809646469685398;0.09064084345925924;0.07709854126464549;0.030280801974435608;0.07113372461940992;0.0006506101095882338;0.005135209245961323;0.5308641975308642;0.8543086908601054;0.01866983142398996;0.07951688766479492
0.5;0.3;4;23;8;8;0.5630960311423747;0.5638501895298844;0.12044678582338972;0.007130366171166249;-0.0016907136751069668;0.09842928778582703;0.08312967242783707;0.030879651341510047;0.09459066997304011;0.014777859596607271;0.011359859089857809;0.41414141414141414;0.7743250327653998;0.049633765461123705;0.1277456283569336
0.5;0.3;5;25;8;8;0.5804708740145439;0.5800535898593625;0.1145158297530375;0.0005370860321848392;-0.0029768025553587223;0.09741214076540328;0.08194589746274791;0.021644801064348823;0.09433584605039227;0.013787647048879808;0.00033703972025621136;0.3611111111111111;0.7014791237595955;0.04084921040307446;0.11984968185424805
0.5;0.3;6;25;8;8;0.5684422268288903;0.5691637992299688;0.10596683186339602;-0.009160656351117584;0.0024231046507299076;0.08481627238364947;0.06912910094374708;0.027434062574791775;0.07246221579544442;-0.009388387311564996;0.0013856180590290975;0.4936708860759494;0.8738765355310216;0.01298760343109098;0.19002175331115723
0.5;0.3;7;26;8;8;0.5695866694869308;0.5708931084274982;0.10057401533314642;-0.015286582303267758;0.004642202079805732;0.09494570092634066;0.07946955026432773;0.0362818483257669;0.08353111145926316;0.002449899329362885;0.007541415584706166;0.4673913043478261;0.8421746517159361;0.021327756103870634;0.11121964454650879
0.5;0.3;8;22;7;7;0.5743565970931359;0.5806804402907102;0.09602653885126221;-0.011178780943828345;-0.007220734604773079;0.09425382444838803;0.08054463791794604;0.03435100856150984;0.09975117035996219;0.03085654638126903;0.01191674016895303;0.4861111111111111;0.8648718168567263;0.015617135092807162;0.10614299774169922
0.5;0.3;9;21;8;8;0.5705738935676069;0.5721525683243526;0.11527592326487511;0.0016075996342907457;-0.005105119744047827;0.08397873809589515;0.06815490466054107;0.01870042646330803;0.0843044528816687;0.0030799086220231362;-0.003720613074025656;0.4845360824742268;0.8629841997961264;0.017129171281204565;0.11426424980163574
0.5;0.4;0;21;9;9;0.5677371152585777;0.5692036697980489;0.11897694378876336;-0.0025018350673904183;0.008275971230532052;0.12043254643174196;0.10359599436979575;0.036659317644532695;0.10854726802939188;0.019256833959980953;0.0060415984173114844;0.4;0.7554390563564874;0.046816691813316096;0.11080431938171387
0.5;0.4;1;26;8;8;0.5644653742325952;0.5670563901136506;0.12172024230416967;0.008858531980046954;0.024402514390838747;0.07827676667822338;0.06241695063033776;0.02200884813400454;0.07790897228034094;-0.004251969457386974;2.5858658041393144e-05;0.4742268041237113;0.8496763092601219;0.030539890195090853;0.29801416397094727
0.5;0.4;2;23;8;8;0.562725171521708;0.5644214205316741;0.10915426509731539;-0.00575162185212105;-0.0007474185804949546;0.10029504535824128;0.08501013102734897;0.02885080696227857;0.10416244280324442;0.02528616500889604;0.007649256725709466;0.4731182795698925;0.8491796691890443;0.023976626087006087;0.13242077827453613
0.5;0.4;3;19;8;8;0.5780238848648205;0.5790200416149154;0.12356741547026906;0.010659765410341563;-0.0012536510875657866;0.09396880348824153;0.0785245474136319;0.027910083549007342;0.08487727890099717;0.004185329615075441;0.0020409818447724624;0.449438202247191;0.8198563402318468;0.032915173471153025;0.12667179107666016
0.5;0.4;4;22;7;7;0.5773254785541223;0.5783076514838834;0.11545012163997852;0.010300706198010367;0.004698372013167935;0.07311949058310378;0.05926226508535619;0.02007218396049566;0.06999485196214726;-0.0010042799744096017;-0.002497435189100107;0.4621212121212121;0.8356799923943528;0.015177328778139581;0.21424150466918945
0.5;0.4;5;28;8;8;0.5602309876232332;0.5601642838459246;0.1146098584469578;0.0007966325627112459;-0.0013605989875048713;0.10369675426418765;0.08840033905432522;0.028458155011690144;0.07954976931674486;-0.0018738380214830426;-0.003916241092581309;0.5172413793103449;0.8635785334258617;0.02167140601441583;0.1856522560119629
0.5;0.4;6;23;8;8;0.5616968827287204;0.5622538209939469;0.13009947504720096;0.017990059470479634;0.018477743531027532;0.08718993551203431;0.07161704829646952;0.02569622136794655;0.07720209683058515;-0.004172197080236718;-0.0036306975384694904;0.45454545454545453;0.8262614678899082;0.016941774103675096;0.15383505821228027
0.5;0.4;7;27;9;9;0.5609759686475916;0.5623495801570944;0.1349993160594329;0.01576517453141615;-0.000822367907684827;0.13897567898506497;0.12255822762980863;0.048266043394263006;0.11355366249045405;0.024748102487760187;0.009592612429383978;0.47413793103448276;0.8454096419969793;0.036721890785161825;0.1170663833618164
0.5;0.4;8;23;8;8;0.5606856352203922;0.5630919138644221;0.11400934285544027;-0.00021351980603679171;0.009364780470345418;0.10339987048601966;0.08809404783171766;0.032627681008966264;0.09720307861999525;0.017620079642373398;0.005996285778113739;0.39215686274509803;0.7447990696472412;0.028062288696412332;0.12502741813659668
0.5;0.4;9;22;7;7;0.5858077352535097;0.5860313183319291;0.12803118243788714;0.024513074644039682;0.01619121293337477;0.08970705935504754;0.07596687724911914;0.02637974610241945;0.0772436353610082;0.006177808764543546;0.0032420284708750808;0.5575757575757576;0.8782154577212153;0.011149271558797559;0.17472004890441895
0.5;0.5;0;25;7;7;0.5827880185500584;0.5830071054698304;0.09538144989623949;-0.012090300785531938;-0.005405958004767739;0.09970408457224844;0.08617467581474694;0.03262269577451168;0.09626923332219063;0.0272067302953505;0.010956634091083977;0.4418604651162791;0.8102693104468778;0.027965430170462054;0.3723945617675781
0.5;0.5;1;28;8;8;0.5640664695444044;0.5668184287538354;0.12007562192994398;0.006723695554919026;0.003908567280793105;0.10228066508050432;0.08696369822500713;0.03168261950319037;0.09676570538936478;0.01707359391736981;0.008923320571127661;0.49523809523809526;0.8561289508548358;0.017662571444592687;0.19921636581420898
0.5;0.5;2;20;8;8;0.5583521477698561;0.560712421928122;0.09980693424161217;-0.015408026718402768;0.011034741413052414;0.09846672007621801;0.0829337799144311;0.035682161862365946;0.0929511381927872;0.012320979955071008;0.007318423056548976;0.5217391304347826;0.8704823590319775;0.022186592482057725;0.0978691577911377
0.5;0.5;3;18;8;8;0.5637934511188321;0.563815916863499;0.11751724284843582;0.003736842277616879;0.005865833207502091;0.09103755368467904;0.0756060887992024;0.02396662194538839;0.08415470240775622;0.0036585645246563574;0.002438207093365295;0.5037037037037037;0.8509715475364331;0.01533069908288222;0.08902120590209961
0.5;0.5;4;20;6;6;0.5548443454746593;0.5572068522521874;0.09161610070768504;-0.006028505482257802;-0.00016403348966950157;0.10573728295640342;0.09412566260998409;0.03731908441549551;0.08567044238896106;0.0254703278244353;0.012285185148737752;0.4935897435897436;0.8737803677599716;0.010235799852222636;0.0861063003540039
0.5;0.5;5;23;8;8;0.5646239691490798;0.5688078204912017;0.12713477695964837;0.015716437253116375;-0.008222179983644889;0.09792526838878694;0.08238541207062536;0.027209443212146335;0.07675769614035645;-0.006319535187266488;-0.0019573466383428556;0.44;0.7670729442581932;0.04388936102631031;0.15030360221862793
0.5;0.5;6;21;9;9;0.5653526237615236;0.5633816510653921;0.10796254818223758;-0.015408172127350711;-0.0016604294254622888;0.11712390380602634;0.1002879238214025;0.03705588213188217;0.11363472650781957;0.02531705359816139;0.011425380294260667;0.5344827586206896;0.9209566024121224;0.004637773793108122;0.13069772720336914
0.5;0.5;7;20;7;7;0.5641640743441042;0.5666889118166241;0.11059803495117355;0.004978223276548193;0.0011739654382816212;0.09068356497747906;0.07712705821083815;0.030023853936543356;0.08126022031327085;0.01110395809683421;0.007457602807346101;0.37272727272727274;0.7179172489215626;0.03931665476910216;0.09662079811096191
0.5;0.5;8;22;8;8;0.5840338304653484;0.584820326984705;0.11554243018795422;0.0017121316257859265;-0.0010339512931593522;0.09487068557415447;0.07932791390975776;0.024827440369104736;0.08536119072518465;0.004370766200040853;0.0006695469132275832;0.5126050420168067;0.7849632723606511;0.033242222875430105;0.22545289993286133
0.5;0.5;9;24;8;8;0.571561944355496;0.5717982006162643;0.1287137439236796;0.016647963619587963;0.009809816158084243;0.09458780377925488;0.07901996390148693;0.031111653963596275;0.08381482570859171;0.002573180634528052;0.005284940565341582;0.4957983193277311;0.8060204093241261;0.028239106292880786;0.14058899879455566
0.5;0.6;0;27;10;9;0.5555584076470295;0.5649017735452937;0.11494692690714671;-0.006742563889699769;0.0030833344250281677;0.08894611422058042;0.06948279908725297;0.021969129340275687;0.0904249505150814;-0.0006370169884856542;-0.0014707051893862444;0.5070422535211268;0.8895824401954899;0.013290842505376767;0.6451725959777832
0.5;0.6;1;22;10;10;0.5627722511635654;0.5628216508383084;0.13602642461458977;0.009538614109733133;0.001385245426958035;0.12022556375409378;0.10165252089654497;0.036464374309482614;0.11323652190569886;0.014310052163010295;0.005175676294238608;0.41228070175438597;0.7718616445381503;0.034844363271366724;0.2621915340423584
0.5;0.6;2;21;9;9;0.5855419310275259;0.5863403088510981;0.12676553417668346;0.006192064164107442;-0.0023024282435638744;0.11140669966014236;0.09444881084742368;0.03182950258898647;0.10815496729358472;0.019116901009994056;0.00656003078712719;0.4235294117647059;0.7866555462885738;0.03938005351370552;0.3462493419647217
0.5;0.6;3;23;8;8;0.5802434110523547;0.5839738074133263;0.11490391904524606;0.0012804523278183528;-0.000872811026049816;0.09875189390581399;0.08326696257974264;0.02872461850359295;0.07684894592604354;-0.005340064916931454;-0.0045293959823793795;0.4318181818181818;0.7974078928207368;0.028798536295559583;0.1021418571472168
0.5;0.6;4;34;10;8;0.5219349165308009;0.5674321637845743;0.10770446436788768;-0.007410460306972169;0.0018540031761435846;0.10902050996552216;0.0899937403665544;0.03596284848504036;0.12148291426696885;0.044086877387190936;0.016410901997704293;0.35051546391752575;0.6862385321100917;0.09123650534634846;0.6758317947387695
0.5;0.6;5;22;8;8;0.5690905004592067;0.570110854880397;0.12313741379364174;0.009971953758548134;0.002964628081365065;0.11054976379011637;0.09544288759723751;0.03443840535156538;0.10048720802770418;0.0214446292769595;0.008064376137499033;0.4057971014492754;0.7632270878653172;0.03551513749505361;0.13471102714538574
0.5;0.6;6;26;10;8;0.51948518264504;0.5523180590319526;0.10126566965120158;-0.01414462767310455;-0.012305064874654442;0.10238779374997714;0.08289348882354737;0.03998984656261412;0.09289700462632054;0.012589142052694987;0.01058101784377092;0.4868421052631579;0.8657465291873021;0.026345661227138863;0.6570289134979248
0.5;0.6;7;31;9;9;0.5865058288097637;0.5884774559743702;0.12957372678104928;0.009626658940743441;0.00015541205344634534;0.1152395946159541;0.09839348335912962;0.03881977363226995;0.09963134629320933;0.009514775982860121;0.001417232761527516;0.49382716049382713;0.8002695390680787;0.02651259991531106;0.4104609489440918
0.5;0.6;8;25;9;9;0.56895757238993;0.5713863070615313;0.12537850773313286;0.00469680433873209;-7.012513844052514e-05;0.11724199467405003;0.10039962255698585;0.03244854890645307;0.11009180453594768;0.02115774910806451;0.004128268921604402;0.43137254901960786;0.7786667755235336;0.04865681783306651;0.16135430335998535
0.5;0.6;9;26;9;9;0.5864090514328483;0.5860729590841854;0.11379739891506878;-0.008493510622795348;0.004085834310354757;0.10010247304817103;0.08294070214598567;0.026910711766478437;0.09388524674170325;0.003336556397680758;-0.0021839035303120842;0.49;0.8695154239270981;0.012329888016326484;0.20484471321105957
0.5;0.7;0;21;8;8;0.5681127145493645;0.5701050432400978;0.12036701435861251;0.007053026860671285;5.2347158918724824e-05;0.10504162255857102;0.08976582764624186;0.03210835112623696;0.09849223107120476;0.018869107611942933;0.008642730935411704;0.5042735042735043;0.8518552147716735;0.023028587498375636;0.14191913604736328
0.5;0.7;1;21;10;10;0.5697479068363417;0.5697719540204532;0.13153529436878636;0.004325908852211366;-0.0028300118023996883;0.10593128686093412;0.08711843977296167;0.02770985729415677;0.10171584233738752;0.0014993439917383694;0.00011542953580587999;0.4742268041237113;0.846163798680295;0.0206982114696529;0.18988513946533203
0.5;0.7;2;25;9;9;0.5675722884123949;0.5674295104068126;0.1271805388080763;0.006834530477624578;0.0035453280221367533;0.10872580202019301;0.09173723644940594;0.030923822240269253;0.11588555395577371;0.027382922025242774;0.007615422497614186;0.45263157894736844;0.8238665071134157;0.028011823473656453;0.5445683002471924
0.5;0.7;3;27;9;9;0.5741953148802612;0.5764985092203089;0.11025067948000747;-0.01243605281837581;0.001264411514529736;0.10684827138478074;0.08981169647543352;0.03257559467498598;0.0999015183432281;0.009891403985100645;0.003986710382514338;0.5329341317365269;0.9192158830275229;0.0042928627542717715;0.2929244041442871
0.5;0.7;4;30;10;9;0.5584252500965052;0.5675596625966184;0.12114062834916492;-6.393989183629588e-05;0.0036865840021949444;0.10334765320656629;0.08438161476847851;0.03402931259622576;0.09891227206072128;0.008889365406073168;0.005632282323448797;0.4144144144144144;0.7746859112955062;0.05479002227789036;0.7136073112487793
0.5;0.7;5;28;10;8;0.5192190263276906;0.5555534220431663;0.09578611429415279;-0.020534147593257182;0.00526698656824248;0.0849768541704668;0.06517147641202595;0.017816322591657476;0.09802473672885256;0.017879610951334973;0.0022645354065071992;0.44493392070484583;0.749665410924953;0.09441036258364363;0.7204079627990723
0.5;0.7;6;15;8;8;0.578015544919091;0.5777073971830483;0.11268865067288301;-0.0018249952036747598;0.002543605371949408;0.09824542451189872;0.08297441472385551;0.03618042185128002;0.08465047307783495;0.0041499189922331505;0.00683049074141319;0.5051546391752577;0.8873821792132713;0.014053492566948687;0.21459412574768066
0.5;0.7;7;20;9;9;0.5679446337166183;0.5672549117354145;0.1143314505656113;-0.00797355175810443;0.0004450367682868913;0.10560670918059756;0.08852419820928947;0.03430232196731889;0.0891315528248054;-0.0017529845477090914;0.0007738598218738471;0.41379310344827586;0.7738643991944506;0.04244227065647896;0.09128594398498535
0.5;0.7;8;33;10;8;0.5137130473636935;0.5614113481436064;0.12274570335992308;0.009761303686298333;0.003107888395079534;0.1090110204302985;0.08986054112125604;0.030608871759349482;0.09574802525501196;0.015965536643900012;0.0021569815763062034;0.4968152866242038;0.8161364549472223;0.05955523917625472;0.8603131771087646
0.5;0.7;9;21;8;8;0.5786341947011585;0.5778025766598097;0.1089404967921719;-0.005936434988952417;-0.007973954829951177;0.10274776046459096;0.08746440809766258;0.031130218193262178;0.08116244730576713;0.00016809350415334252;-0.0010320797329266523;0.5094339622641509;0.836645427207537;0.01695761348013433;0.10071229934692383
0.5;0.8;0;16;10;9;0.5593532514019324;0.5703637817219765;0.11866127151695144;-0.0031697430260724815;-0.0018028797235391566;0.09121509673582359;0.07198690541042463;0.02514678718295945;0.09419496513942575;0.003815436177089045;0.004030332957519789;0.46808510638297873;0.7652147249164825;0.07351176666702851;0.3892371654510498
0.5;0.8;1;27;10;9;0.5562391544433095;0.5665881809987164;0.1250449617081509;0.0040908857725600245;0.0023988180820526464;0.10075151839693436;0.08174540119872209;0.029936370664703862;0.09744663912378518;0.007489360056143762;0.005736260834454844;0.5;0.7652147249164825;0.043293727061908406;0.748267650604248
0.5;0.8;2;23;10;9;0.5356416450876975;0.5492083548514666;0.11512169365132327;-0.006815272142654926;-0.002698715477247923;0.1039379885919782;0.0849853714736963;0.03316238028513204;0.0972155078884475;0.006805368589677395;0.0017538530274132519;0.45112781954887216;0.7652147249164825;0.07266159040760922;0.597614049911499
0.5;0.8;3;34;10;10;0.5800869986813352;0.574315798996742;0.11512039018280128;-0.014508457260963361;-0.0028349895535408538;0.10895004565707976;0.09024314042404391;0.033834956556841565;0.1014201200278401;0.0012222368111859956;0.0019051644960182727;0.4166666666666667;0.7776578521316784;0.02446265775752418;0.6552538871765137
0.5;0.8;4;24;10;10;0.549453228374798;0.55152134664976;0.12674657210235218;-0.001126401848234949;0.003419446368525063;0.1114292022759417;0.09274183210454387;0.02781482385747008;0.10458850864837706;0.004735241075649676;0.0006619871918746385;0.45263157894736844;0.8238665071134157;0.028926400102694233;0.6824512481689453
0.5;0.8;5;28;10;10;0.5560346130066749;0.556148574069232;0.13113566459816028;0.003949654152966379;-0.002725143913294034;0.13094271000473856;0.11264655891406102;0.03895159971959429;0.12162494448494457;0.02370145740670916;0.004548200802338371;0.42342342342342343;0.7865172453838113;0.03025955666758945;0.756645679473877
0.5;0.8;6;23;10;8;0.5081523168584724;0.5604595750744519;0.114788585689461;0.0006993571180725621;0.0008058943084848537;0.08714488737171873;0.06754397302941816;0.02289267460909723;0.08886631370678763;0.008511952427500524;0.0016740392140813715;0.47619047619047616;0.7652147249164825;0.09758748077532355;0.5485689640045166
0.5;0.8;7;19;10;9;0.5346027649522281;0.5483672272738535;0.1272824020209544;0.00698027038233326;0.005784285057060774;0.10030048486536013;0.08117952703489599;0.028135548243214226;0.10088021394010695;0.010881543745699863;0.00220542504021801;0.38596491228070173;0.7363140169550574;0.09750788604176139;0.4750065803527832
0.5;0.8;8;27;10;8;0.49472767140780705;0.5363797943280357;0.10375734854200284;-0.011825625905945132;-0.009284425724108706;0.08600862158811694;0.06648709037702852;0.02693674086548484;0.08688640022795946;0.006443705437026322;0.0056088686875214715;0.46357615894039733;0.7652147249164825;0.10581649701574744;0.6996803283691406
0.5;0.8;9;34;10;9;0.5439864918818675;0.558687810855899;0.1453673435822793;0.027308963712002185;0.0037698746488256346;0.11929524346424339;0.1006536978046481;0.03806377561904875;0.10945883870770787;0.020617480055038943;0.008438276773649216;0.5126050420168067;0.7652147249164825;0.03548330740235672;0.907820463180542
0.5;0.9;0;22;10;9;0.5269986203974741;0.5421168128211794;0.12215125674845369;0.0013572116817272112;-0.00021389465815757454;0.11676909623293284;0.09801696209876129;0.038249234147673165;0.11824662014793128;0.029529596498046567;0.015711328282934006;0.41935483870967744;0.7178263394184878;0.10005971057217525;0.5885694026947021
0.5;0.9;1;25;10;10;0.5714663458426109;0.5734680952779264;0.1155920466804831;-0.014061519694008649;-5.107726667162564e-05;0.12614560814015233;0.10778523828487488;0.040135254051753326;0.11452326040161111;0.015800871697955732;0.006225737725185956;0.49122807017543857;0.815746145786559;0.029430454103327175;0.6233823299407959
0.5;0.9;2;19;10;10;0.557578650219788;0.5570155514743835;0.12285323849042197;-0.005695582324145127;-0.000968508835251111;0.10764785255415471;0.08884253366788729;0.034329094000672855;0.1120488902628986;0.013051734504756378;0.007890161756617086;0.4857142857142857;0.7872934045235027;0.046295490793030775;0.4309966564178467
0.5;0.9;3;21;10;10;0.5533610378975415;0.5516379079543657;0.13335855744725997;0.006326639603156514;-0.0005491118711861884;0.1010743425811443;0.08219085344235423;0.026165012053102732;0.09694958934323931;-0.0037395297549766087;-0.0034883089806802257;0.5370370370370371;0.8804222932617377;0.01499038737349339;0.49483323097229004
0.5;0.9;4;38;10;9;0.5137611425815733;0.5316665845058386;0.11047649598557521;-0.012393526538790516;0.002919134026097466;0.1002824210839635;0.08125099694322191;0.03131651219203616;0.10307787108409426;0.013533227162151457;0.0058831048295390695;0.39622641509433965;0.7178263394184878;0.07752373811229578;0.8288235664367676
0.5;0.9;5;25;10;8;0.5092536077869596;0.5609409820504497;0.13041454780578624;0.018181111270976377;0.006897938362678465;0.0960197088413755;0.07679514271315153;0.02705517430092433;0.10315211004429657;0.024256330793520717;0.012688191031390924;0.40119760479041916;0.7178263394184878;0.13214250044047016;0.7871851921081543
0.5;0.9;6;26;10;9;0.5213780505453717;0.5493889249216505;0.11532554929510262;-0.006775290852561121;0.004611636161058041;0.09812198631151012;0.07906359555920311;0.02786307008692852;0.09805627371354052;0.00783525645814003;0.0005465707901202444;0.35064935064935066;0.6864326040931545;0.11012106164900343;0.5987217426300049
0.5;0.9;7;121;10;10;0.5627295189192675;0.5602495507255397;0.13239429537107272;0.005334187602766324;0.0019042890747622758;0.10787012934154339;0.08909880207392651;0.029019797770947778;0.10305739845678627;0.0030037449675580506;0.0014935433291550417;0.48412698412698413;0.862493254182407;0.019124000424545217;3.9356093406677246
0.5;0.9;8;34;10;9;0.5406202823169316;0.5553922952818892;0.1299078980662047;0.009768782175026327;-0.0008367352724824008;0.09017561742491799;0.07100427734475426;0.023138275026837723;0.10092463604941923;0.01118933264860231;0.003934068328823647;0.45323741007194246;0.7178263394184878;0.06842089247346184;0.8052036762237549
0.5;0.9;9;26;10;9;0.5284191903064701;0.5400221279450236;0.11678969265031919;-0.005374872688675952;-0.0014397386745741453;0.11273653470775787;0.09405491985208576;0.035876833294624946;0.09274043692224127;0.002370894394566877;0.0005401978588009204;0.49;0.7178263394184878;0.05445871798936147;0.5805981159210205
0.5;1.0;0;24;10;9;0.5253436181364685;0.5626670081799727;0.11579585560778409;-0.006232965477670283;-0.0024771080886434806;0.09253351239904445;0.07339350218111124;0.022009775449336542;0.09611748777181148;0.005671205711842494;-0.0014634637042803295;0.34375;0.6763814806912737;0.12010051666785188;0.48090529441833496
0.5;1.0;1;30;10;9;0.4759404450674897;0.5142502118449519;0.12538021703549643;0.005380193422556611;-0.0014418551948442088;0.0905432917624537;0.07134516649224022;0.026195913059760826;0.09605695605857835;0.006166346108333017;0.00265794159521089;0.3916083916083916;0.6863803428688926;0.13315792910591112;0.808070182800293
0.5;1.0;2;36;10;9;0.5304683832385008;0.5529101091607612;0.12654428766240136;0.005945134606289736;-0.00040583315285022323;0.10340733527859491;0.08454444199671558;0.03180553742660084;0.10086949467180426;0.01119805546466937;0.006853538647723046;0.4778761061946903;0.6863803428688926;0.08102432292151077;0.9215834140777588
0.5;1.0;3;18;10;9;0.5062713610342379;0.5296496118398903;0.14025024660725363;0.021848955525974056;-0.0005065251987635482;0.08947575525478581;0.07029016828289111;0.025231318829488786;0.09626394127433865;0.0059609823458750275;0.0014681279326147919;0.3776223776223776;0.6863803428688926;0.10444636236418926;0.41939592361450195
0.5;1.0;4;27;10;9;0.5262601244523947;0.5550126807795039;0.11944427605920396;-0.002166159441922672;-0.0007107573024325358;0.10665875529182212;0.08780438265233644;0.029990562736992514;0.10568869360914492;0.016384895834015475;0.0006434067912595386;0.3904109589041096;0.6863803428688926;0.1264824949615726;0.6134340763092041
0.5;1.0;5;129;10;9;0.5218648522318516;0.5348448017923786;0.1369314386405596;0.01787712334625813;0.00912402618813993;0.113758857050673;0.09508179511856472;0.037969421228510214;0.10951744298428392;0.020598767133695482;0.01254800912820148;0.3776223776223776;0.6863803428688926;0.10881392385198507;4.147753477096558
0.5;1.0;6;34;10;9;0.5075020007173894;0.5360030472963864;0.1120502585440196;-0.010642193980485768;-0.004939117583142499;0.11908688820687516;0.10051485545700603;0.03659194439844119;0.11725265896911999;0.029128399332250796;0.005188998537043464;0.3783783783783784;0.6863803428688926;0.10389376567587505;0.8994896411895752
0.5;1.0;7;28;10;9;0.5148313796447821;0.5361923204794514;0.1351257367736506;0.01559871312903803;-0.001655783436389363;0.09580777601207575;0.0767888895184537;0.03135430074250153;0.08317852079314282;-0.008281576018537953;0.0023518910761062017;0.4583333333333333;0.6863803428688926;0.07403789748412909;0.8267130851745605
0.5;1.0;8;30;10;10;0.5174748890712716;0.5215336627987124;0.13038923523533447;0.0030889492933863973;0.0004834805545702617;0.11084170920138595;0.09213956537629257;0.03177663781022751;0.1094176687523893;0.01013475602315538;0.008301558400149595;0.46218487394957986;0.777430796514766;0.054762266509069825;0.903512716293335
0.5;1.0;9;34;10;9;0.5228530429866443;0.5486750580877541;0.1111187531991052;-0.011696117163562234;-0.002018027877758088;0.11671338970365452;0.09812956747356855;0.037396811222333626;0.10551952763279206;0.016340009934439334;0.007208212142900179;0.4824561403508772;0.6863803428688926;0.08154989164377305;1.0472798347473145
0.6;0.0;0;22;10;8;0.5338952890885603;0.5624372501468969;0.10851196445571155;-0.005944990141456484;-0.005744706830636623;0.11483877292148778;0.09543285168937835;0.036019376989549864;0.11326481077531567;0.034505843019581775;0.015502642866830365;0;0.0;inf;0.5823724269866943
0.6;0.0;1;19;10;8;0.5173149491230452;0.5412014684279082;0.11606065638026687;0.003046883349110185;-0.002052457135582969;0.08512386851881809;0.06524154191615555;0.02125126316675626;0.08062668869867866;-0.0005701151888144104;0.0007127951046454887;0;0.0;inf;0.4097483158111572
0.6;0.0;2;26;8;8;0.5756130651246024;0.5780318236455971;0.10925682670260453;-0.005340564173764809;0.0014327322082533804;0.10900407889557691;0.09380421244199873;0.03758158468217221;0.10199097888364572;0.022613817340561122;0.009520353111718671;0.48623853211009177;0.8579754285861156;0.02948192470311481;0.2608959674835205
0.6;0.0;3;24;8;8;0.5649320998021762;0.56479118985325;0.10998472536567193;-0.004455932305559786;-0.0066880744228797594;0.09569603824544104;0.0802050074834851;0.025494198319802586;0.09146280668572088;0.0111414110122404;0.0005723288849326311;0.46153846153846156;0.8269328032557429;0.029853585107720258;0.1853642463684082
0.6;0.0;4;21;8;8;0.5704405899880508;0.5698321674313913;0.10719358660314686;-0.007864067532021781;0.002543886258779887;0.1268588466283806;0.11197618665092621;0.03967208003031087;0.11667387790562891;0.03890433571383577;0.014255414095184825;0.514792899408284;0.8824890122600048;0.013739390905074821;0.1342024803161621
0.6;0.0;5;23;10;8;0.5396765154869843;0.566869554373219;0.12220917026055322;0.009751750340819718;0.00010864090511811702;0.09863134751000753;0.07893268195225896;0.024277045869418746;0.08615460270372594;0.004875504704035471;0.002488304118049295;0;0.0;inf;0.4777512550354004
0.6;0.0;6;22;8;8;0.5702305041675186;0.5697662000257956;0.11193968085927172;-0.0026023905383826366;-0.0038018990187249613;0.09113820246643069;0.07565365407733873;0.024598379195756706;0.08322665588889194;0.0024827388201960386;-0.003522150172636788;0.4777777777777778;0.7991202346041056;0.03994469188950444;0.1309218406677246
0.6;0.0;7;15;8;8;0.5632425340758761;0.5657646600509926;0.1096441869208246;-0.004640031966965705;-0.0024646462395893913;0.09875094850362535;0.08325716856174477;0.02883859486918306;0.09324087628815732;0.012673850765099685;0.005193142241912106;0.48633879781420764;0.8651443604964921;0.012713450733554794;0.08736276626586914
0.6;0.0;8;26;7;7;0.57171580881077;0.5700173955126174;0.10473526873875304;-0.0016058989313322098;-0.0018095946978280476;0.09290784861692174;0.07924467976341872;0.03141147809838203;0.07929084828086998;0.008543659791298201;0.0026954259455750995;0.4915254237288136;0.8669073443067783;0.016070294030648052;0.16726970672607422
0.6;0.0;9;26;9;9;0.5607007647732761;0.5601638834812399;0.12307085956032174;0.002099771231109749;0.009042972571197462;0.10886881253972387;0.09184323331076015;0.0312595941078359;0.10582148701221682;0.01626235676961458;0.00633482866630864;0.3939393939393939;0.747227762265656;0.044633451412945224;0.14906048774719238
0.6;0.1;0;19;8;8;0.5783939506539212;0.5820719658809782;0.12477231334432097;0.012142588125771818;0.008812297641926757;0.09457559600806086;0.07908411115218157;0.024517765879507825;0.07865107290184327;-0.003308300267268642;-0.004016011082202048;0.45794392523364486;0.8304987061867796;0.04240296990241096;0.1488938331604004
0.6;0.1;1;25;8;8;0.5708414173505539;0.5734685677876051;0.111247367265426;-0.0036218410132717615;-0.0029144092372463547;0.08192022065361987;0.06629083354596615;0.02121566819537777;0.08561631371302177;0.005410511062203807;0.002121988229087021;0.44086021505376344;0.8089963028892235;0.028862539731221232;0.11476826667785645
0.6;0.1;2;23;10;9;0.5579314949393578;0.5649952684747014;0.12932886789433518;0.00970005207013581;0.00017049919198209017;0.1308488649313305;0.11216071086514375;0.044846298974376086;0.1231208910978395;0.03514034281670572;0.01742289302870886;0.09433962264150944;0.22793419803859538;0.35477729097620103;0.5653009414672852
0.6;0.1;3;38;9;9;0.5744721032519937;0.5749847189166284;0.11015163962844825;-0.012424929798059101;-0.004503120357746101;0.10349211884422777;0.0863047743289065;0.028182689021265497;0.09489026725074481;0.004091557797455624;0.0019326879703905008;0.4857142857142857;0.8374640626549025;0.0351243931485703;0.4077789783477783
0.6;0.1;4;19;7;7;0.5825067312362188;0.5839262010316746;0.11039332341451709;0.004483494665576655;0.0013113666219105504;0.08221407875754744;0.06846530993394893;0.026411231547568137;0.08359954707401367;0.013629366991856575;0.008867048297507117;0.5047619047619047;0.8869237022413192;0.012432879897753237;0.07931923866271973
0.6;0.1;5;21;10;8;0.5185047369872193;0.569076711955089;0.1151737219867805;0.0016040896566078956;-0.010749018991436422;0.08363740531968494;0.06353561969164347;0.025367482435214153;0.07770635751247519;-0.004180836087490151;0.001799416882628126;0.09433962264150944;0.22793419803859538;0.6767910619915466;0.49923062324523926
0.6;0.1;6;23;8;8;0.5678700581618409;0.5690449758985114;0.11639402396927556;0.002968283599595283;0.01949707012929705;0.09165473998000591;0.0758663382481234;0.024502590479180963;0.07950202667461322;-0.0029784410530297196;0.0018421901896375457;0.5057471264367817;0.8509715475364331;0.017941401580764252;0.21064400672912598
0.6;0.1;7;19;7;7;0.5710136145800032;0.5714101522042594;0.12190391846144144;0.017933062777548452;0.014009943306360496;0.10063222666545835;0.0870754704924457;0.03331296167490653;0.08487464749422156;0.014626173119893145;0.006334227235226366;0.5;0.8813455657492354;0.008701828360249532;0.1908559799194336
0.6;0.1;8;33;8;8;0.5842677453850306;0.5826980055309867;0.10820955364030667;-0.0061969145217083835;0.0019491769460636048;0.10674819299636402;0.09143655947498568;0.035987207871824106;0.10414972303397595;0.025120399314089947;0.01577452650219779;0.31343283582089554;0.6309633027522935;0.07454681406317856;0.7186870574951172
0.6;0.1;9;25;8;8;0.5747317539101834;0.5761462424936433;0.1136055349118987;-0.0005535293351801144;0.0016908206902019772;0.09765416697441529;0.08227674819336461;0.02936111290504426;0.08563943374303162;0.005005068479024965;-0.0007046983221679361;0.3106796116504854;0.6267346245327896;0.07199709855237967;0.2355811595916748
0.6;0.2;0;29;10;8;0.5398331309006;0.5747068441243993;0.1096886110399427;-0.004471562784970171;0.002566603806323416;0.1052666670563053;0.08589139608388605;0.02919067231616662;0.09441559061473635;0.014052138927593378;0.0032267947984980926;0.18867924528301888;0.41968836464249304;0.3456994484600111;0.6949682235717773
0.6;0.2;1;32;7;7;0.5821704524686601;0.5817427507740096;0.11274266425510733;0.007156624840109227;0.006862696440007555;0.09745867571799088;0.08396354055283242;0.0324701246032676;0.07113835172346612;0.0004116789679102102;0.0029302982671924466;0.46236559139784944;0.8359821910415541;0.016413396904533917;0.4475874900817871
0.6;0.2;2;20;8;8;0.5862602536057827;0.5872139523711837;0.11723630255646954;0.003491665960971902;0.003334229819482969;0.10486091689352743;0.08963575807131419;0.02801219141710753;0.09501511910142307;0.015210201919798178;0.004410258374174526;0.41379310344827586;0.7738643991944506;0.030085271355185034;0.08704733848571777
0.6;0.2;3;31;9;9;0.5729830914680389;0.5719974573327743;0.11496055351329364;-0.007218456800054319;0.003749077349206249;0.129815173274272;0.11328201648187514;0.036286917309741845;0.124143294816325;0.03674279772635825;0.011795268402294948;0.42424242424242425;0.7564191533657183;0.06656182673206512;0.15876245498657227
0.6;0.2;4;23;8;8;0.569337915456021;0.5731861338479741;0.11203597379577068;-0.0021117597406955105;0.0019178931207121765;0.09865999428083919;0.08310454927849217;0.029481621950391588;0.08226431258908946;0.0007818871260840929;0.0001461518034414835;0.42727272727272725;0.7915269093671478;0.03731518735265767;0.37574172019958496
0.6;0.2;5;17;7;7;0.5621780105329343;0.5637227614080231;0.09940401033458822;-0.00763970124682888;-0.000606463896475517;0.07592644442337702;0.06204134974847503;0.024688122606328418;0.07062148268581644;-0.0002478581615116578;0.0011330207191522267;0.4842105263157895;0.8625935324354219;0.015466007423797872;0.15400385856628418
0.6;0.2;6;20;9;9;0.5570867051840444;0.5602212674140373;0.11962190074438965;-0.002037947442716643;-0.0025384075811010027;0.11192970816655198;0.09501012075135855;0.036737183917587866;0.09348768279908484;0.003015995858455292;0.002633082201168201;0.4859154929577465;0.8646375929388234;0.019413256196251713;0.09772467613220215
0.6;0.2;7;23;9;9;0.5670292606690247;0.5705269901782875;0.10716955091485646;-0.01569761339048298;-0.0027941478015741207;0.10631433171806196;0.08914974573694197;0.02966442577318901;0.11384069711051495;0.02504675001885494;0.009693023357261661;0.5210084033613446;0.8666061953914331;0.01637499231880131;0.1673905849456787
0.6;0.2;8;19;8;8;0.5636822364731637;0.5598108657257372;0.11700924484347501;0.0034889166977743143;0.00012088200808095555;0.11867362671023289;0.10363851410226625;0.034958614607000955;0.1062322235550941;0.027412275711688052;0.008438449423819307;0.4627659574468085;0.8329615676943921;0.035885900277247536;0.08921432495117188
0.6;0.2;9;19;10;9;0.5543459228548125;0.5637037899872159;0.1278075295169252;0.008368826883958881;0.014594757081522402;0.10121832896421343;0.08186422924449652;0.022553329653521685;0.10522279514696517;0.014910576143747743;-0.002576668348701287;0.18867924528301888;0.41968836464249304;0.17324393963319704;0.43219566345214844
0.6;0.3;0;21;8;8;0.574967155511103;0.5745834967125848;0.12624165102463175;0.014075745582561151;0.00612959995738973;0.10636410711195195;0.0910743248177479;0.02982113865973001;0.0983409270416099;0.01851877412659908;0.005180556876265319;0.5342465753424658;0.8687001214434421;0.01742376950614179;0.09745454788208008
0.6;0.3;1;24;9;9;0.5745525820829004;0.5751043768512039;0.11948334622893936;-0.0018312884444819032;-0.001931272394990438;0.117741741196088;0.10084890622246838;0.038551043120529184;0.10391904171418428;0.014210174061310922;0.005239058207948643;0.5238095238095238;0.908887614678899;0.0074926376874940095;0.2611382007598877
0.6;0.3;2;26;7;7;0.5626492167201764;0.5655877670409182;0.11184107509856711;0.006295338883619232;0.0001432927636975344;0.08674983251879134;0.07306354881304049;0.026843428265496502;0.09900407406421559;0.030115922785840504;0.010525918003133013;0.4329896907216495;0.7989175631971487;0.025015310466309712;0.36858510971069336
0.6;0.3;3;24;9;9;0.5652441107854541;0.5660586473955216;0.1184138467710371;-0.003230451693415602;-0.005830290765903671;0.11372747259197512;0.09683132426764164;0.033950780038955124;0.11164312923154422;0.022712954769783474;0.0070752709278552595;0.5085714285714286;0.8494215082877328;0.02413184997713165;0.15429949760437012
0.6;0.3;4;22;8;8;0.5841541567877602;0.5839278775254085;0.11088832322425458;-0.003314820323786839;0.0011849566341146777;0.07125273761220453;0.055303348760972;0.0215809934206765;0.06431417241901022;-0.018686181713221874;0.0006021879449174065;0.4948453608247423;0.8752673204682062;0.013163624979419503;0.15497922897338867
0.6;0.3;5;19;9;9;0.5718319280966807;0.5691228847981746;0.12259904197955332;0.0017103583603397116;-0.004845709060614156;0.11424260803247913;0.09723821414849543;0.032267084810674904;0.11556215345093314;0.02675196665385988;0.008273408844294623;0.4594594594594595;0.8141121396393748;0.03235504490756215;0.15773439407348633
0.6;0.3;6;36;10;9;0.5611938924458401;0.5690455575225701;0.1093255920204796;-0.013431918986743;0.0012854027777669265;0.12312091600811556;0.10441676417652974;0.041704998982452106;0.11509952329678894;0.026418986282775954;0.010806377628689716;0.3018867924528302;0.6131099587820769;0.13433906346204627;0.9146237373352051
0.6;0.3;7;27;6;6;0.5790350202151827;0.5781109695453195;0.09837709077013872;0.0008184908725950399;-0.0017528079435297945;0.07207633981495024;0.06020582154498013;0.022656658668358705;0.05890757163718189;-0.0013613459849489721;0.00031484909479276106;0.44385026737967914;0.8127964661909616;0.024982713715061416;0.25968217849731445
0.6;0.3;8;22;7;7;0.5662770904653686;0.5674987820316445;0.10314102551676677;-0.003551186260439137;-0.0002945155272499787;0.1009650316936578;0.08749707795298377;0.02913991373205095;0.0837628618169984;0.013937678893205236;0.0009048284312138144;0.5346534653465347;0.8836046747280957;0.008953879863305595;0.11286616325378418
0.6;0.3;9;21;9;9;0.5721949841487881;0.5728430742511957;0.12627875275706413;0.005722928682363333;0.0009229082519635957;0.11229046688765637;0.09529440341344797;0.033830059451182726;0.0969457383158086;0.006702284082113993;0.0030693033070916705;0.47580645161290325;0.8524489898230311;0.020095051664770415;0.1277027130126953
0.6;0.4;0;25;8;8;0.5736066720024974;0.5760160776660861;0.10616422545406276;-0.009154500074722625;-0.005276450129851228;0.11762839890792519;0.10264845535989829;0.04050590675909742;0.10351971567676342;0.024554081811464682;0.01356599427102679;0.4578313253012048;0.8303586321934946;0.025439837713814167;0.11883378028869629
0.6;0.4;1;31;8;8;0.5608916452184186;0.5615062102996349;0.11616557921372243;0.002829537515284812;-0.004868253320569466;0.08125344689227038;0.06555412707751555;0.01790714752364188;0.07275838299914664;-0.008817068195079472;-0.007006711094036269;0.4380952380952381;0.8054681329363873;0.023297487261319506;0.5137860774993896
0.6;0.4;2;21;7;7;0.5861022052708051;0.5881575536283357;0.08663445268784166;-0.021723687359519774;0.0012583917943267387;0.08853548360765023;0.07487080926910598;0.026582651484706833;0.07182782654141638;0.0004371884762035133;0.002077646043128511;0.5;0.8813455657492354;0.015837395142408384;0.15590381622314453
0.6;0.4;3;19;9;9;0.5693053114736247;0.5668304336339206;0.1141095928505006;-0.00788863061792883;0.004417910555500318;0.1207753476411729;0.10392063653245141;0.03255784541959164;0.1031850649514067;0.013453706824260864;0.002646658640920822;0.5238095238095238;0.908887614678899;0.011891115997797254;0.20584321022033691
0.6;0.4;4;19;8;8;0.5571903769507057;0.5610269933322981;0.11482505494224214;0.0007191508958890798;-0.003601809981583056;0.10008406804408584;0.08481600438553757;0.03254943116462605;0.0956643428917993;0.016034194588581904;0.00718800520554346;0.5;0.8813455657492354;0.015910119245909314;0.09572196006774902
0.6;0.4;5;15;7;7;0.5594635432047782;0.5628104164775286;0.11055349527770508;0.0047424616549267135;0.00734376250861461;0.08060968584036354;0.06689318567144503;0.027113411339804376;0.07985086959364422;0.009761416284093972;0.004947644219985082;0.47651006711409394;0.853302752293578;0.01824327360840341;0.07726716995239258
0.6;0.4;6;23;10;9;0.5586741853198908;0.5653074990840974;0.11987315802079733;-0.0014392305930021395;0.001979113312422471;0.11425776388425457;0.09530747922046874;0.033449055029257026;0.10672826689826301;0.017381079648182647;0.006560004774754798;0.39622641509433965;0.7503347384081328;0.06532338714580224;0.5260932445526123
0.6;0.4;7;22;8;8;0.5697919785105763;0.5686462571522511;0.1127347484467114;-0.0014945486359805298;0.013330597014087536;0.10139318563683947;0.08600144576583942;0.030206360184781428;0.09346594490934246;0.013347461981128683;0.004899561656370881;0.5476190476190477;0.9355822159491884;0.004208378744863654;0.2773246765136719
0.6;0.4;8;21;8;8;0.5793810136884563;0.5788811182289214;0.1091761579765546;-0.0052870500804113926;0.004860271084710872;0.10898906050190056;0.09376023776748313;0.03217815210621364;0.10514952669369095;0.025741006725234435;0.009659340443633316;0.5287356321839081;0.9144788576946954;0.007090364641397055;0.11478328704833984
0.6;0.4;9;25;9;9;0.558542613754199;0.5574816113422986;0.11857247990789695;-0.0026985421038354675;0.0035735806685630845;0.1213914002165316;0.10452454037703661;0.03680041955605537;0.11048288718264992;0.020985483023349436;0.005346511308705872;0.4838709677419355;0.8621858795372955;0.013082675392945225;0.21802854537963867
0.6;0.5;0;21;10;8;0.5123107871657618;0.5392473541250886;0.1041278922581011;-0.010776169870369681;0.003172592943955882;0.0806959503849389;0.06103511887847818;0.02332132592577972;0.07701510619406382;-0.004743076442738203;-0.00058154626799739;0.4636363636363636;0.8375519972648013;0.028896075507720477;0.4755237102508545
0.6;0.5;1;26;8;8;0.5723945967187205;0.5749207001452178;0.12012739710852215;0.006739769553003;0.009577666728966672;0.09124589277842478;0.07579666271168671;0.027441360641628918;0.08176611361647536;0.0006882193977131649;-0.002127830968129193;0.5321100917431193;0.9166774485703196;0.0075378376281190415;0.13368535041809082
0.6;0.5;2;21;8;8;0.570168190414399;0.5729097851751872;0.10191717972065811;-0.01342757747963801;0.0038998778564274623;0.09665263031607048;0.08122976265182048;0.030270775676082783;0.08457368421602504;0.003506898413735975;0.001714398622557282;0.5145631067961165;0.8982945189367207;0.010304522410086968;0.09002852439880371
0.6;0.5;3;38;10;8;0.5234938213474146;0.5649758968830219;0.1060385232152231;-0.008761788232481561;-0.0009506192497299123;0.08123635153209471;0.06153134442978396;0.01969236121569547;0.09215278071771688;0.011577358467495935;0.0032539536335400602;0.5074626865671642;0.8337802031417577;0.03269742603105033;0.6771938800811768
0.6;0.5;4;22;10;8;0.5179266321942717;0.5582675280084305;0.12156706391922154;0.008822147847284302;-0.016988783389972707;0.10463190680152357;0.08533807537851058;0.03454996162175137;0.0964870037789934;0.015721195209358357;0.008297896272877421;0.4520547945205479;0.82314350008655;0.04066549068945325;0.47002601623535156
0.6;0.5;5;21;8;8;0.5596211925952819;0.5618275965343189;0.1144560626506348;0.00029611138215196366;0.006020037970855073;0.0826046796205384;0.06689827123941375;0.022328894055631474;0.0857018557891181;0.005125868436969331;0.00069140867577141;0.5057471264367817;0.8880733944954128;0.013200814968168318;0.34781885147094727
0.6;0.5;6;23;9;9;0.5734101236257396;0.5735607563421486;0.1149995695358616;-0.006786415913654654;-0.00981108753525837;0.11360230959031284;0.09663005664323022;0.03362847310944237;0.09921472648924128;0.00873839911681417;0.0018115778804746257;0.4752475247524752;0.8517702111938918;0.024586533236854745;0.42025208473205566
0.6;0.5;7;26;7;7;0.5704247548595445;0.5694176969903622;0.11124123748544142;0.005553680712442527;-0.003364395617908678;0.08052634107342754;0.06677988078011717;0.02231363481539936;0.07036418551787874;-0.0005456421831078441;-0.0023362140908703304;0.5357142857142857;0.9153307402072558;0.006772634999937507;0.14313340187072754
0.6;0.5;8;22;8;8;0.5764393616422939;0.5782852756398312;0.1199963290294265;0.00693068726248289;-0.0008535833264833834;0.0974413100764774;0.08198533412085293;0.04033181254908206;0.07700012792469088;-0.004286348087227321;0.0036051283658932814;0.4631578947368421;0.8369612566827271;0.01653295181870801;0.2489941120147705
0.6;0.5;9;27;10;8;0.5129864037651498;0.56047866240956;0.11573456226007647;0.002180899006530583;-0.006436626728346403;0.08027166611190954;0.06038627112783727;0.02408978030970243;0.05706115720953873;-0.026303068378940364;-0.005446234566882849;0.4153846153846154;0.775967291583566;0.031143059608035293;0.7960386276245117
0.6;0.6;0;22;9;9;0.554106693492151;0.55471219492362;0.13700097891774538;0.018168809992430254;0.010054140217903716;0.10501080254033617;0.08780617548584996;0.02887673245137805;0.10683760061470525;0.016947351237406136;0.006896307837815158;0.46875;0.8370211942981309;0.03493729906568481;0.1653885841369629
0.6;0.6;1;22;9;9;0.5573211206380904;0.5605407992484065;0.12248949991563887;0.0014933933149653873;-0.007500854510912369;0.10340372673840155;0.08629058038671256;0.03167085592328646;0.08804164938797712;-0.0031831105320672863;-0.0016919880819371749;0.5196078431372549;0.9040899674459898;0.009024366636942567;0.1746516227722168
0.6;0.6;2;21;9;9;0.5747992038915994;0.5745423391457046;0.10962986932554507;-0.013441305027493841;-0.0009202700228935546;0.12816558170409886;0.11160634195228401;0.039793713065161794;0.12816106135395472;0.04124327821367502;0.021854614901625415;0.3942307692307692;0.7476241695665928;0.06432665869316041;0.17468476295471191
0.6;0.6;3;24;8;8;0.5672157404759577;0.5673591436959541;0.11707273503174416;0.003329801483193195;0.00035306948417307345;0.10741732760265474;0.09228525957719975;0.03141410139607491;0.10496321487041571;0.02614236108481454;0.00492703037580992;0.4316546762589928;0.797196994145037;0.024761678346397448;0.1334679126739502
0.6;0.6;4;23;8;8;0.5758575593118473;0.57513083133545;0.10805562638519492;-0.007075429513887627;-0.00038882170577932986;0.09831060298097556;0.08299135708211738;0.02954458519302811;0.09452445344651822;0.01495678727263247;0.002033150212108877;0.46956521739130436;0.8448401281146518;0.023457466200733745;0.14578890800476074
0.6;0.6;5;34;8;8;0.5758453954132536;0.5760758856940832;0.10946401600007193;-0.005184392410204278;0.005098730617503806;0.11389277071278052;0.09882284284731344;0.03527229121171866;0.09865704114169063;0.019221135636500856;0.006880407582211721;0.4017094017094017;0.7577422242112328;0.03444103908641723;0.17751336097717285
0.6;0.6;6;30;8;8;0.585571579773627;0.5861798668898155;0.11622130205244591;0.0023643289526676355;0.004309351866602638;0.12416913887388788;0.10923586619150917;0.03881795500324745;0.09788750356744136;0.0182028990895485;0.0012515959849735004;0.46534653465346537;0.8396603025043391;0.01769314079235687;0.17148470878601074
0.6;0.6;7;21;9;9;0.5701072623229811;0.5718325752932348;0.1268781963650766;0.0066772892904068395;-0.00026501519102197375;0.10735820549845164;0.0902747484119697;0.033967238762554024;0.09676612145773907;0.006430005702417331;0.003891446706493372;0.46496815286624205;0.8391942560829676;0.023658444261343673;0.4562506675720215
0.6;0.6;8;24;8;8;0.5790567654538086;0.5795273504484713;0.11273679344795892;-0.0013850367901828958;0.005195144285961283;0.11036355856055804;0.09519763302317553;0.03272300427247292;0.10798038374679066;0.029162729747672443;0.008321910346683297;0.5339805825242718;0.8786099396786421;0.01165862147717394;0.1361987590789795
0.6;0.6;9;25;10;8;0.5155567769332201;0.5521370073816508;0.12503459401819197;0.012436119286668334;0.004825897765469803;0.08971648171707614;0.07028529493884766;0.024814146881760594;0.0851088784665994;0.004303208140922542;0.00031966616850187844;0.4;0.7554390563564874;0.04617256632098467;0.6323490142822266
0.6;0.7;0;26;9;9;0.5624549184822276;0.5591600751774394;0.11125972906973525;-0.011496679372460789;-0.006078821018595866;0.1038768643530617;0.08684384186842743;0.02903391327613316;0.0888086025219398;-0.002115978857916732;-0.0024955557857719375;0.509090909090909;0.8792144704705427;0.021029118849011326;0.5832333564758301
0.6;0.7;1;22;8;8;0.5649371212368633;0.5662706022525132;0.11042156076425588;-0.003929266585566236;0.0034230439444676696;0.10575504638172;0.09037521983077425;0.02763325934626727;0.10463121577088362;0.024623804572357532;0.0015821093563293718;0.5309734513274337;0.9170069470223259;0.007647547052743835;0.17017173767089844
0.6;0.7;2;27;9;9;0.5706610402399779;0.5718926368705505;0.13075302833237396;0.010862675827259336;0.006939803792849249;0.11779847209040589;0.10096628781387887;0.03751669620303644;0.10236173229697394;0.012574381963236994;0.004886294375293047;0.47191011235955055;0.8346694106104477;0.03033938566727713;0.22292232513427734
0.6;0.7;3;28;9;9;0.5653898214397878;0.5653463375655211;0.14992021911682246;0.03254537261684248;0.006523805327463629;0.10263322033084257;0.08556553527955978;0.031431413238146085;0.09502332268982489;0.004546950015335825;0.000705635311915037;0.425;0.7564191533657183;0.060760985726546826;0.25623154640197754
0.6;0.7;4;25;10;9;0.5668443401170027;0.5757100878162369;0.12140385795470601;4.397524302705151e-05;-0.0020443777265695276;0.10934965756909805;0.0905325678509758;0.03241096244320474;0.10833854666922886;0.019439634179514963;0.0050889717514969205;0.4387755102040816;0.7921957349438266;0.04421064826554631;0.5947246551513672
0.6;0.7;5;22;10;10;0.5730195531382987;0.5715133047526275;0.12142172001211171;-0.007290748483498935;-0.001419551436348939;0.12724160469779816;0.10888753880886;0.03675244820024684;0.11641872990912135;0.017868884280297773;0.003203239721592902;0.4578313253012048;0.8303586321934946;0.026672637259896655;0.4966549873352051
0.6;0.7;6;24;10;10;0.5695065501950229;0.5676402585627138;0.12107724818390161;-0.007722767866824318;-0.0029764121809043808;0.13435639083301515;0.11611274768274467;0.04329509542829913;0.12926888095427252;0.032169116831990544;0.014681837769915822;0.4387755102040816;0.8063374324939814;0.025535200605726845;0.7015805244445801
0.6;0.7;7;25;10;9;0.5546106716082893;0.5615488304713157;0.11796509696971229;-0.0033282379549667844;-0.0043370448171349656;0.10831887893593355;0.08939280863694503;0.02917639610743953;0.09891632492540826;0.008377765388372057;0.0020978794057949003;0.44537815126050423;0.8147322381053979;0.037105698302757326;0.5402181148529053
0.6;0.7;8;17;10;9;0.5519140099554815;0.5577441315365621;0.12796025013681056;0.007732224001739154;-0.0046466857754813035;0.10036426792776554;0.08128400053046671;0.029012946928865434;0.09272606833983976;0.0020756589657879502;0.003927951955298635;0.4642857142857143;0.8383530991273215;0.02256872168424124;0.39636683464050293
0.6;0.7;9;21;10;9;0.5543745368755897;0.5615861467361377;0.1157811016751426;-0.006232704548601435;-0.002334824719078009;0.12072065653937532;0.10212551536302292;0.03815905650572284;0.12637869105907648;0.03903581891184067;0.015236086380094941;0.4470588235294118;0.7859667765440668;0.04594856377330125;0.514857292175293
0.6;0.8;0;20;10;9;0.5356575795536702;0.551006540929888;0.12081990660166761;-0.0005209886968077514;0.008173063861983434;0.1017917972065404;0.08281332161525462;0.031256126079277434;0.1098617045845692;0.020941371947692477;0.008701942093950107;0.46236559139784944;0.8359821910415541;0.030980082499242154;0.5808916091918945
0.6;0.8;1;27;9;9;0.5598440895500094;0.5582035048741871;0.1137965257726629;-0.008495984037601842;0.007426798146379681;0.11895291962202886;0.10222217156905833;0.03426423915617192;0.11584813697739249;0.027579280103273374;0.0067829470111138235;0.4740740740740741;0.8503434604213729;0.02283171806029595;0.2917904853820801
0.6;0.8;2;26;9;9;0.5586291688484062;0.5585335555882308;0.11637012980212355;-0.0054541424916372955;-0.0024776349156821927;0.12595739174856216;0.10925133743842452;0.035238074649635895;0.13079940706512697;0.04378715278042072;0.010530823848616358;0.5106382978723404;0.7879366180892899;0.03264638767270496;0.3659510612487793
0.6;0.8;3;28;10;9;0.5491158950354856;0.55915951388809;0.11966911068906574;-0.0015588366362065302;-0.0002292624804130456;0.11698030836045845;0.09825967542753417;0.03389539607584848;0.11630401077267638;0.027481066967942433;0.012701030887499036;0.46534653465346537;0.8383645616470045;0.035191371618096545;0.720226526260376
0.6;0.8;4;20;10;10;0.5495417984438503;0.5522002071287386;0.11533378118633467;-0.014099736824447713;-0.000953301199969732;0.11725243600727475;0.09865626385895382;0.03788525608586066;0.10657675593512202;0.006922207065001313;0.0029719993532788666;0.4636363636363636;0.8375519972648013;0.01558509795521881;0.5605897903442383
0.6;0.8;5;22;10;9;0.5518118773616676;0.562462574496008;0.10970875542515539;-0.013199362612301846;-0.003158545384331773;0.0967009274868526;0.07755515441004177;0.027593293420846054;0.09453151930462511;0.00416473812052105;0.0004691145497740061;0.4642857142857143;0.7950119673129488;0.05729830693592185;0.4435861110687256
0.6;0.8;6;28;10;10;0.5618034837354458;0.5606180879197057;0.12139783524204731;-0.006936163700273765;0.0005094520861633854;0.11974215931446507;0.10122248682682143;0.03760217634500046;0.11324766747519864;0.014344925568935804;0.005339911776637151;0.44329896907216493;0.8120969855832241;0.02295742478219944;0.40981006622314453
0.6;0.8;7;21;10;10;0.5620746413136087;0.5603460609845862;0.12662442998427367;-0.001407261959060074;-0.0012252475433814122;0.11616401888212022;0.09753462184010003;0.041293759703702165;0.10491300984142031;0.0051425676880992805;0.006578777370659583;0.4857142857142857;0.8643966125617502;0.027690619470976934;0.5839776992797852
0.6;0.8;8;36;10;10;0.5612891642082622;0.5623744103349309;0.14248064537998475;0.016781210228539376;0.0006775523444303047;0.1381013852701187;0.11997179645905164;0.04115499313776751;0.12380238037079995;0.02610364157938083;0.006790700586343387;0.4942528735632184;0.8745659844742413;0.022279429172452958;1.1297717094421387
0.6;0.8;9;30;10;9;0.5374557326544468;0.5471087976283688;0.10970033558137081;-0.013283538591769272;-0.001335360835685838;0.08094485336968776;0.06150269731920277;0.021849322635477536;0.07583099917567616;-0.016324472799448247;-0.005843952847732205;0.5172413793103449;0.8443748688733599;0.021330927415276847;0.7901225090026855
0.6;0.9;0;36;10;10;0.5691150665023376;0.5656784255344612;0.1241156826568221;-0.003987178786902863;-0.0020288370343658777;0.11387709402020271;0.09522258397674216;0.030785021428625662;0.10252110753719071;0.002276685674927666;-0.001656729038698277;0.4803921568627451;0.8310657803425985;0.03344637488518618;0.9524638652801514
0.6;0.9;1;23;10;10;0.5561360729143198;0.557338823338764;0.1280121856801041;0.0001992858212070847;0.00258050206542358;0.1366230952549635;0.1184783889457186;0.04103482994449912;0.13129240837952977;0.03439956826776034;0.009101347699879737;0.5631067961165048;0.9276838673353149;0.00571160387586064;0.5929040908813477
0.6;0.9;2;27;10;10;0.5467307040711101;0.5500812362603789;0.11715744013201694;-0.012192299493880017;-0.0018546625543738276;0.11190484934482375;0.09323548547786976;0.030430134840444285;0.11937705675490441;0.02115705330387499;0.006746812947767963;0.5092592592592593;0.8921596217706984;0.018011314063408834;0.7749223709106445
0.6;0.9;3;22;10;9;0.5412666091775354;0.5541655889585109;0.12280664912256938;0.0019331544733659708;-0.006506838851368442;0.10974930272713884;0.09100559718469489;0.032741107711146224;0.10785544398052575;0.01874842239808405;0.00490807286657434;0.4782608695652174;0.7872934045235027;0.04280818392997021;0.5602333545684814
0.6;0.9;4;25;10;10;0.5600806905868898;0.565107054633528;0.1299781475698917;0.002718387875753915;0.0026436772235983353;0.12155453895103482;0.10303983248915907;0.03316022209117102;0.1286711030805554;0.03149852459291165;0.008426731969854504;0.4859154929577465;0.8413233440496254;0.023423866406990318;0.6475987434387207
0.6;0.9;5;1000;10;10;0.5529537989592335;0.5541127332977236;0.12469110111487802;-0.0034911630963102296;-0.0015875091950570104;0.11808472989167072;0.09953880811722857;0.037578352791295164;0.1099398620667679;0.010650160468831394;0.002788624367874954;0.4793388429752066;0.8567269745271897;0.03274023900680309;36.52501726150513
0.6;0.9;6;29;10;10;0.5566295428538048;0.5574473895157743;0.13124706144225168;0.003878300777978787;-0.0002712129362276032;0.10259740281903325;0.08373352705449155;0.028554282293258647;0.10834403884532742;0.008943457585726245;0.0028353153918396477;0.5268817204301075;0.9107904091546404;0.01584385377833292;0.7590465545654297
0.6;0.9;7;29;10;10;0.5462058842609973;0.5468243023700657;0.1287996675839717;0.0012165855834012065;0.00013219890240115983;0.10448855424716909;0.0856393300656634;0.02986449432766685;0.10434107371189678;0.004433735490345354;0.0024231431957169825;0.4789915966386555;0.8205224714475589;0.03608630860465615;0.9732527732849121
0.6;0.9;8;26;10;10;0.5592360149672984;0.5597240647541928;0.12327737110487437;-0.004975019558685537;-0.0008957252767087485;0.12299659919061788;0.10456826723304796;0.03767159565807666;0.11496821517310146;0.016221007289176925;0.003154102002959773;0.45045045045045046;0.8211294090831385;0.040985706146407556;0.6713151931762695
0.6;0.9;9;25;10;9;0.5279664011924343;0.5491693598749842;0.12492939846195061;0.004098860729428596;0.0030347341998057773;0.11350179849043593;0.09483731494915065;0.03723477974937068;0.10204151922945988;0.012398546940753801;0.003593510203861609;0.43333333333333335;0.7872934045235027;0.06131591548222978;0.5269873142242432
0.6;1.0;0;37;10;9;0.5112174760554599;0.5397001079311566;0.10356313466829782;-0.01994417458150943;0.0029304756106987052;0.10812831673202654;0.08927712976652105;0.03218711320799159;0.118796805599126;0.03060116474921936;0.010175697973147475;0.3240223463687151;0.6470638330817171;0.1181868957928261;0.8236584663391113
0.6;1.0;1;30;10;10;0.545089886948376;0.5445705276149205;0.12602892541892666;-0.0021102650788739005;-0.0008059431409103833;0.0986529484071048;0.07972849415201926;0.03136284445410025;0.08599572122476747;-0.015924111954979;-0.0003533849927151769;0.46153846153846156;0.8349589570255914;0.022653867071890505;0.8629288673400879
0.6;1.0;2;21;10;9;0.5125624227631104;0.5376409018445657;0.12225663444501379;0.001299273211973129;0.0032403064305170557;0.1160996839361559;0.09750906528731175;0.035187091287754706;0.10863489823253229;0.019508332545190424;0.0056789076705298855;0.46153846153846156;0.7494152723160358;0.0625559858100688;0.535153865814209
0.6;1.0;3;29;10;9;0.49811145778362265;0.5244652500382895;0.1416999320422816;0.023181971634175774;0.000565725449931348;0.10794626495137688;0.08918704313978798;0.03370086540913528;0.09836799101784477;0.008303671155030251;0.005288115773397004;0.4462809917355372;0.7494152723160358;0.0643281643281135;0.6726334095001221
0.6;1.0;4;39;10;10;0.5189663720156751;0.5179958186908289;0.12489560633402405;-0.0032853927800773216;-0.0014562571248140429;0.10679884904063648;0.08803290351908602;0.03204802980978727;0.11353081782299927;0.014675639289587912;0.009705539651620076;0.432;0.7976423555942801;0.034806235692351514;1.3591797351837158
0.6;1.0;5;32;10;10;0.5481338586895413;0.5484775161662785;0.1193685153064771;-0.009500753129396683;-0.003937063002817961;0.10903599456090633;0.09031624647535896;0.03609868988120038;0.11217636647178625;0.013074417913409034;0.008188457873591291;0.46956521739130436;0.8448401281146518;0.031240985384025827;1.153489351272583
0.6;1.0;6;36;10;10;0.510395810213579;0.5077348185605004;0.1403438484335924;0.014492668197453724;0.0010811469414258774;0.1014141645982727;0.08253149333942197;0.029899340036993526;0.10933840554336081;0.00998556529756824;0.003568077783537359;0.4954954954954955;0.812450201763179;0.040068348785085875;0.8714103698730469
0.6;1.0;7;40;10;10;0.5157048567889764;0.5161343982622699;0.12069192538319296;-0.008015299757139578;-0.0024789628647425457;0.09871262219754541;0.07974605152382315;0.027786650097674403;0.11825621983916931;0.019902182058346037;0.005091893835155735;0.45;0.7844346775644486;0.07186249253288304;1.2247593402862549
0.6;1.0;8;32;10;8;0.45856633464235147;0.5365616958842574;0.11026658965443527;-0.004266026568514356;-0.0004903096891169459;0.0873559915037275;0.06812419928244047;0.020829263630897966;0.0874324732753184;0.006863426821544253;0.001419927378234231;0.41353383458646614;0.7494152723160358;0.10053760697534313;0.7740514278411865
0.6;1.0;9;27;10;9;0.5026682411378693;0.533467670707476;0.11571010635648984;-0.0063568410130534535;-0.00046967235329839545;0.12606236773296792;0.10767686269498337;0.040697892025615474;0.14089406947169347;0.05493403815125634;0.020717767875322604;0.4186046511627907;0.7494152723160358;0.06618547287160875;0.7246012687683105
0.7;0.0;0;27;7;7;0.5615718033249939;0.5634798086860894;0.10853944033257035;0.0027096851829939155;-0.00044836484592528623;0.08713374147882372;0.07345276463211138;0.026198718812526164;0.0784801979571491;0.008124268299320803;0.005451212034993953;0.4044943820224719;0.7614825688073393;0.038201806641189044;0.5736305713653564
0.7;0.0;1;31;10;8;0.5168144265662776;0.566652208639584;0.11469674659910735;0.001203661151739219;0.004580705024205456;0.10700393013436112;0.08767937641904729;0.028724378095451;0.11293587907537644;0.034285123604448034;0.009433229240333569;0;0.0;inf;0.7087135314941406
0.7;0.0;2;33;7;7;0.5665332893406559;0.5686965806983684;0.11424046479387395;0.008567961326345148;0.0002713795166692518;0.06733706838671373;0.05339501500098138;0.016871417527929568;0.05994118352960365;-0.011415127867668627;-0.0049847836931639685;0.5137614678899083;0.820272718260227;0.02667401459578976;0.5808532238006592
0.7;0.0;3;27;9;9;0.5690793636593036;0.5716885417300299;0.12798503160964766;0.007917956037672178;0.019211959279899556;0.1075293560825106;0.09039414580667435;0.02905668124058026;0.10358616056479635;0.013543695534537508;0.004088141061647695;0.47297297297297297;0.8490026092079791;0.010937783357537253;0.2830023765563965
0.7;0.0;4;19;9;9;0.5533677421804377;0.5544974592766735;0.12731969650435823;0.006994009500396915;-0.00327623824462073;0.10830528579920902;0.0913482694358456;0.027839252367833682;0.09282157763758368;0.002039756210151065;-0.00043018457252860966;0.46987951807228917;0.8452248458414799;0.02087081085268252;0.08967399597167969
0.7;0.0;5;37;9;9;0.5645873229842528;0.5644943325612314;0.12711158834048583;0.006608158129420949;0.004768391698989183;0.12798074267459358;0.11139322420865184;0.04318963136632301;0.10391948258759454;0.014450538167203424;0.0037782196192616;0.494949494949495;0.8421466574138331;0.030722282098239625;0.7823572158813477
0.7;0.0;6;19;7;7;0.5914883872448643;0.5915913428872523;0.10653641684592344;-0.00011687862060771722;0.00027704129827578884;0.07430675139421361;0.060517167557687726;0.020664377251107986;0.06063696278064827;-0.010501740767174304;-0.0031330477857729497;0.4444444444444444;0.8135497529992943;0.030841615438462616;0.2227168083190918
0.7;0.0;7;34;8;8;0.5721107126513424;0.5764980622763307;0.10783833331783024;-0.00701029716382886;-0.0023088635811451736;0.10287577665899321;0.08757121968662615;0.02567861909507064;0.0987281085668215;0.019006933828245313;0.0034622595700231303;0.47674418604651164;0.8535866502925665;0.01806057640050552;0.26410341262817383
0.7;0.0;8;22;10;8;0.5194288268951996;0.5515254390331742;0.10324009950134706;-0.012192735095411675;0.004114386481749943;0.10390155042526653;0.0845593151904337;0.027851962143765317;0.10882841792916512;0.030152626686580877;0.009346689323411221;0;0.0;inf;0.45329833030700684
0.7;0.0;9;22;9;9;0.571044586983772;0.5713292332670958;0.1194702234042732;-0.0018304365203403831;0.0025575955062899806;0.10303220664514126;0.08594581668507356;0.0289061428606854;0.09059172782336146;-0.0005768198221375843;-8.894798756322114e-05;0.42857142857142855;0.7932110091743119;0.032955410382844816;0.17912745475769043
0.7;0.1;0;30;10;8;0.5117091886725921;0.5535170225876019;0.11713984109644283;0.0037261903426936255;0.0062338482728898845;0.09102952084850134;0.07141057821879875;0.027232067371520174;0.08427904719410768;0.0033532494802898144;-0.00012975205258675365;0.08064516129032258;0.19731617143639596;0.7856956526902131;0.7951667308807373
0.7;0.1;1;21;9;9;0.5694616757195248;0.5703533834440919;0.12351774484587512;0.002564353672745269;0.007666019783796239;0.11908539858499576;0.10223520791899197;0.03474685846504609;0.11024220410005597;0.021101543534900468;0.004573606550677243;0.4578313253012048;0.8303586321934946;0.02558449982332882;0.20590686798095703
0.7;0.1;2;236;10;7;0.4861486396755258;0.5588078423018146;0.09877413807703984;-0.007611211152672292;-0.010459558974540253;0.09306239883608146;0.07331213522332974;0.029101534263435147;0.07675541216086183;0.005644513025350732;0.002496422899643016;0.08064516129032258;0.19731617143639596;1.1817259361985544;7.513313293457031
0.7;0.1;3;27;10;7;0.4859699758321426;0.5668086297278007;0.10000309579189026;-0.006919317904465183;0.002563666133384117;0.08923079947412693;0.06954256487423896;0.029790456607432972;0.07536206976924073;0.004784629551960131;0.006981266076263266;0.08064516129032258;0.19731617143639596;1.1642871102829635;0.5314526557922363
0.7;0.1;4;26;10;7;0.4613164452257246;0.5440685946821949;0.10059845082932624;-0.00590812285897286;-0.006781198274716635;0.09444799426352528;0.07462799664317701;0.02680270806157303;0.08229853482810454;0.011621842447958568;0.0036821641236431586;0.08064516129032258;0.19731617143639596;1.1651064597685954;0.48505520820617676
0.7;0.1;5;19;8;8;0.569783959838713;0.567641641637547;0.11124165410105417;-0.0034816142277506418;-0.0003518478571300317;0.10002551988700097;0.08478080679689577;0.033180106838258075;0.08334974237087488;0.0028471104716467207;-0.0018128204817597188;0.4375;0.7713484787610944;0.054755849573546234;0.10512161254882812
0.7;0.1;6;21;10;8;0.5323096224731365;0.5778667329460029;0.12894238036308445;0.01738238585928829;0.015903667722779104;0.11669581465563968;0.09748376815123523;0.037534382570771664;0.1066304678602696;0.02670291227865671;0.017149271895914062;0.08064516129032258;0.19731617143639596;0.7895195776101466;0.4841773509979248
0.7;0.1;7;36;10;8;0.5146463232621138;0.5680537382193942;0.10218180016797349;-0.013223099998849082;0.0006104092949038363;0.09607777382601182;0.07644795974017206;0.019374724923287342;0.09518593944487128;0.0150245766892256;0.0018916240320643097;0.08064516129032258;0.19731617143639596;0.7733892044630856;0.8686041831970215
0.7;0.1;8;37;10;10;0.5605093810064402;0.5638163019219883;0.12494628278805606;-0.003208992493211919;-0.002772383907003405;0.13390338934336093;0.11560526559602492;0.038410643388482144;0.1424046482320987;0.04673220568440593;0.016313427395016237;0.42342342342342343;0.7865172453838113;0.02950499799998829;0.8564987182617188
0.7;0.1;9;23;10;9;0.5490884884872526;0.5570179943816974;0.1295230757897979;0.009624240278794117;0.004681644249399062;0.09425902044683804;0.07493108137851241;0.02546781643627843;0.0858238294701201;-0.005850684787455881;-0.003807558237373711;0.08064516129032258;0.19731617143639596;0.4145151600510074;0.5570640563964844
0.7;0.2;0;27;9;9;0.5713777797285821;0.5730610198042074;0.13714234115337723;0.018314056678809414;0.008255051829795211;0.11111618812322456;0.09409095986618761;0.030620032109930966;0.11220001730751916;0.022850046529968183;0.0034602058669322864;0.507537688442211;0.8667302798982189;0.014934542541104122;0.18387365341186523
0.7;0.2;1;22;9;9;0.5697729886734177;0.5678857772390131;0.12534370861344574;0.004528747671050793;-0.0016086778851460437;0.13448642648771383;0.11801573918571552;0.04306674169626632;0.11697011846261135;0.028875956292418986;0.009629416198336353;0.4594594594594595;0.8323819232076113;0.03879666159364446;0.22340631484985352
0.7;0.2;2;23;9;9;0.5540677262586758;0.5532705631603471;0.12346649986296149;0.0023141444024488314;0.0013379998502165607;0.1137007301632078;0.09685805770168965;0.03785564095757958;0.10062261754134798;0.010964981108276714;0.008352942743781263;0.46464646464646464;0.838797848782031;0.010837043884985149;0.2601158618927002
0.7;0.2;3;26;9;9;0.5607393466842183;0.5631312007207342;0.1197851067965796;-0.0016770372011988505;-0.0008002560307294204;0.10125226362740052;0.08409968244734903;0.03314489713243299;0.0938556750913897;0.003355675938932515;0.0016369519164182976;0.42528735632183906;0.7889464338561705;0.042304962518197736;0.17514371871948242
0.7;0.2;4;30;9;9;0.5714240761066111;0.5716332243077631;0.10593879081302836;-0.017414798328111276;-0.0009840042387251466;0.11694667465176789;0.10014670227257792;0.03562276319980464;0.11192419017802885;0.023276327501630525;0.009084285652408656;0.41836734693877553;0.7798957164543594;0.03445500764568955;0.16048717498779297
0.7;0.2;5;27;8;8;0.5675079574503872;0.5706590709251299;0.11123703226825;-0.003070458558326644;-0.0035447096643086693;0.10964266738405923;0.09442813604395064;0.03521988631004377;0.08762886996574551;0.0066682407441556605;0.005397664504429745;0.5096153846153846;0.876485685645991;0.01912653120841326;0.1754286289215088
0.7;0.2;6;26;10;7;0.48681482767122536;0.5625618187348184;0.09528122732559924;-0.012238072784254662;0.001961385512463037;0.10356095990814708;0.08403327024342368;0.02929695760188257;0.08585345063889556;0.015993719693300684;0.0033561945563793977;0.16129032258064516;0.3672273190621814;0.5808252665530961;0.5262458324432373
0.7;0.2;7;28;10;7;0.4952218558217364;0.5703034866288292;0.10841982942673818;0.002089154080847723;0.011199218642637851;0.09105376748374497;0.07139877785430156;0.029353047128282166;0.07466946431405021;0.004449216738836167;0.003359362971425947;0.16129032258064516;0.3672273190621814;0.5603704047377305;0.6782774925231934
0.7;0.2;8;30;10;8;0.505207580656399;0.5438021802063685;0.12389826641843794;0.011396887160621028;0.002286543233664074;0.11576363417922877;0.09679869673970376;0.039031543389797516;0.10584583308287954;0.026829811734061876;0.013612864356320096;0.16129032258064516;0.3672273190621814;0.3878404052523781;0.7451443672180176
0.7;0.2;9;26;8;8;0.5680536701919942;0.5689945404447155;0.12127152276527617;0.008088113436119539;0.0012746970052008822;0.08815735402146108;0.07266859272060476;0.028894493497902296;0.08943496307011409;0.009221207166349183;0.0035509063865740717;0.5030674846625767;0.8553355041904661;0.018409291418061628;0.1460256576538086
0.7;0.3;0;26;9;9;0.5658897500274451;0.566364041260865;0.11820403924163446;-0.0036965748183330604;0.0006027652720783428;0.10847544852412533;0.09149784920706215;0.029508774912428558;0.10307079930096838;0.013660695814584562;-0.0005070680550962553;0.4411764705882353;0.8093989889533795;0.04239892545021831;0.38197946548461914
0.7;0.3;1;28;10;7;0.4916504368820264;0.5714686599260366;0.10293334462491992;-0.0031194126438701666;0.00014524791981411467;0.08597114268441196;0.06606639028052844;0.018821022416516328;0.08768334416861592;0.016811223422827048;0.0003899424145058399;0.25806451612903225;0.5423665019995295;0.2532884266733053;0.6034536361694336
0.7;0.3;2;24;9;9;0.5666288318465985;0.5663579030443877;0.12453847961592791;0.003618988697968637;-0.0030007148949284758;0.09774648117562842;0.08060380463165673;0.028433821453392898;0.0879878791500415;-0.0030183326778107675;-0.0011637281876036591;0.44761904761904764;0.817563978754225;0.049302787467493905;0.22706127166748047
0.7;0.3;3;20;9;9;0.5592438017799203;0.5600073775810089;0.11268990056181387;-0.009955186391531414;0.0017161258375294113;0.11383751678106857;0.09697128733268781;0.03593144633038489;0.11136608686707872;0.022783801868085134;0.00967911012574631;0.45045045045045046;0.8211294090831385;0.021400948980020845;0.2218165397644043
0.7;0.3;4;30;7;7;0.5780080778800546;0.580100349823353;0.10304309912374184;-0.003817852919084392;0.0052347185435739005;0.0673914319897499;0.053423773027245595;0.017095888505304597;0.06800248150747792;-0.0028306644449435266;-0.001097466226475475;0.53;0.8787810752337021;0.014943050853577625;0.1686110496520996
0.7;0.3;5;22;9;9;0.5740110274611093;0.5733835372039763;0.11095403651437384;-0.012024337523817402;-0.0006311159268189601;0.1136538883378112;0.09679306102879881;0.03527048192784076;0.10222359669790312;0.01278791767732757;0.004209710203700933;0.3853211009174312;0.7354274257245275;0.04514177719527842;0.18434810638427734
0.7;0.3;6;33;8;8;0.5695395914420281;0.5695856527770816;0.12166029544849842;0.008581027164400207;-0.001654250781299966;0.1027260769823824;0.08746833157382719;0.026986113343617127;0.10046138196829746;0.021127411941546267;0.003717852092686938;0.48125;0.8590330197809003;0.018412118862247154;0.44618988037109375
0.7;0.3;7;26;9;9;0.5889030610687692;0.5895457485213446;0.11765137281036213;-0.0038012527523947097;0.006058702844962429;0.12401020699716829;0.10728558689679207;0.03653682136890953;0.10164467533962063;0.011646796432894551;0.001475945087437955;0.38961038961038963;0.7413187001629082;0.03666580597206923;0.46224546432495117
0.7;0.3;8;23;10;8;0.5207561257224372;0.558931865534258;0.11691229373053368;0.003228162055797791;-0.004788528862711022;0.10141930826056315;0.08208845345575101;0.02660856426275527;0.09850161624219751;0.0190065492978186;0.005968998196041596;0.25806451612903225;0.5423665019995295;0.17928457670086834;0.5808818340301514
0.7;0.3;9;29;10;8;0.4997491138805806;0.5467992188421439;0.140642290000175;0.030224143995423707;0.012943606241819259;0.10305395014862606;0.08370447436211957;0.037255693199904974;0.1174724396634054;0.039438912202414966;0.01963459694062693;0.25806451612903225;0.5423665019995295;0.2026269615278069;0.6195306777954102
0.7;0.4;0;23;9;9;0.5588471500798713;0.5583452003289239;0.11240728931417951;-0.009759557363764597;0.00037579721977866156;0.10223834654834639;0.08508733196573194;0.02516585879253115;0.09335702043612015;0.0024257151771648815;-0.0006134345072455161;0.449438202247191;0.8198563402318468;0.039225982505257925;0.2439289093017578
0.7;0.4;1;23;8;8;0.5679454595669403;0.5684192622749469;0.11790240678375044;0.003971773415157141;0.000616800396911511;0.09977261918828292;0.08447375423016842;0.03335319307280341;0.0853988165936302;0.005094633937055965;0.0020415180028874476;0.49707602339181284;0.8779028096330275;0.014556765267377605;0.09859943389892578
0.7;0.4;2;22;10;8;0.5186617825791937;0.5640086988973367;0.09939809251057911;-0.016774036985086234;-0.0030273744054641247;0.07707837067488978;0.057337491130398606;0.023818589979429247;0.06748874353576714;-0.014586700794078354;-0.002259710480568521;0.3387096774193548;0.6689731402674919;0.09356389198797284;0.4344828128814697
0.7;0.4;3;25;9;9;0.5659064898454262;0.5665034698752136;0.13618585244374004;0.017113094754743086;0.0025831448457602686;0.10961120785969619;0.09262500482441793;0.03333759031568767;0.10407785412625327;0.01464595935156405;0.006621331557606726;0.3853211009174312;0.7354274257245275;0.08238272072604995;0.347583532333374
0.7;0.4;4;24;10;8;0.514759581725748;0.5502810272335551;0.11521610855857602;0.0013589854853418664;0.002671359351660851;0.08462679971102056;0.0650563766149922;0.02030054195016573;0.09308014118831093;0.012817316229022026;0.001277301216460262;0.3387096774193548;0.6689731402674919;0.1081027571793687;0.6026947498321533
0.7;0.4;5;39;10;10;0.5534284578993843;0.5568807789913778;0.1385395359592253;0.012278682790369802;-0.0005019718475067905;0.10872419446259772;0.0898949223437537;0.03143953064056511;0.10967365094779084;0.010392308480869847;0.005253919696470675;0.3305084745762712;0.6567989247940162;0.06473587051293275;1.08778715133667
0.7;0.4;6;23;8;8;0.5681910993763875;0.5687119663497497;0.12273762742570259;0.009455188059859102;0.0012852767459812777;0.10253615003720634;0.08732309838203403;0.03176988416648289;0.07928759541474106;-0.0015982971578508548;-0.0026466293556398858;0.474025974025974;0.8496012229832343;0.02374019786758546;0.13332414627075195
0.7;0.4;7;21;8;8;0.5695723121418098;0.5702499873280052;0.11963156031113448;0.006197744673252613;0.004261180631318384;0.12309717049895769;0.10817224562951737;0.044794279523796054;0.1122393693811269;0.03397079044126676;0.014493036957152695;0.43089430894308944;0.7962155963302752;0.02084645598540125;0.15767645835876465
0.7;0.4;8;26;7;7;0.5779794337564541;0.5772231289727529;0.10323322594905812;-0.003316512778262628;-0.007999161459369082;0.09102605659246459;0.07746698437965163;0.03322493419011084;0.08819368855004397;0.01860233622300057;0.012266049121898246;0.48695652173913045;0.865883362841354;0.015376477505357151;0.19827961921691895
0.7;0.4;9;42;10;9;0.537544447084217;0.5525856137532444;0.1229034020048718;0.0025336192278509815;-0.0014034978684033812;0.10993936362675136;0.09086603547672285;0.02859609279692269;0.11474773112339923;0.025672857277180692;0.005340736069201797;0.3387096774193548;0.6689731402674919;0.09281459758008304;1.2345397472381592
0.7;0.5;0;26;10;10;0.579909317214908;0.577468516219042;0.12624806592519092;-0.0019133493179464593;-0.000894873847193846;0.12588702095656132;0.10750198204379016;0.03732513167341396;0.1139359808235936;0.01516835667219375;0.003202855496685834;0.5106382978723404;0.8932183619531354;0.01626468492333607;0.1782219409942627
0.7;0.5;1;21;8;8;0.5763232430347173;0.5761161807911841;0.11917988914544585;0.005589258197418721;4.248030658461545e-05;0.11481996894291058;0.09978271346565071;0.04040235137383636;0.09765402463018684;0.01820764883434454;0.009456337550051435;0.5514018691588785;0.8806880142758006;0.009590667153601823;0.09836506843566895
0.7;0.5;2;20;8;8;0.5741912730798813;0.573470583114159;0.11587734202822415;0.001917585932773492;0.0022911158463312336;0.09672974789661028;0.08139470541916984;0.02976192062006061;0.08593092757770855;0.0054271371549321915;0.003055148119937005;0.5058139534883721;0.8739707785509313;0.016785875786806896;0.09225678443908691
0.7;0.5;3;22;9;9;0.5633551426266697;0.5644641286555147;0.12116736983106174;-6.763466021239445e-05;-0.006907218964780725;0.09662161628266608;0.07937305756685843;0.024704740886486987;0.09874252301428375;0.008561654562651021;0.0020332981250539535;0.44954128440366975;0.8199860643363139;0.028239879493824838;0.3933522701263428
0.7;0.5;4;22;10;9;0.5455951609002118;0.5582406413782851;0.153377195498695;0.03684754420638762;0.01717415757928786;0.08894311655299801;0.06956160672467296;0.02527831913245973;0.07977551355368301;-0.012738554496098961;-0.002422923549773145;0.43548387096774194;0.8021234924234615;0.035311985295720466;0.6272952556610107
0.7;0.5;5;27;10;9;0.5405410134834476;0.5550496388150629;0.12693932986717144;0.006842567369466932;0.006554281263962876;0.10370430561515344;0.0846992201494083;0.027771285290828913;0.1009320160769725;0.01010306503585677;-0.0014772187868443728;0.3898305084745763;0.7416200492280153;0.0696424307244367;0.6706440448760986
0.7;0.5;6;24;9;9;0.556743715442827;0.5576333135515404;0.10554074755282986;-0.018001936176102604;0.004599946727846901;0.09086091151558645;0.07351741100369245;0.02115203948299114;0.09369060969175842;0.0032487453578427467;0.0004959370976521379;0.4550561797752809;0.7618221473183305;0.05777397688666417;0.22219443321228027
0.7;0.5;7;38;10;10;0.5679474270148409;0.5679251536287743;0.11356570678214023;-0.016326504292523338;-0.00022942875247655356;0.10611094103927624;0.08722506566855229;0.028795920891988135;0.09701179483052763;-0.0036929887708951545;-9.383841672412377e-05;0.3146067415730337;0.6327609189994511;0.09597038291424048;0.6339564323425293
0.7;0.5;8;31;10;9;0.5383137016349594;0.5527581912231093;0.13766635042478897;0.01886634678397717;0.017984910608657406;0.12853583182918643;0.1100276403347982;0.04554243206304977;0.10500767974535327;0.01515746388800529;0.011405377024889201;0.4166666666666667;0.7776578521316784;0.06283623208642555;0.7301936149597168
0.7;0.5;9;24;9;9;0.5692410222335549;0.5697169571518295;0.11913594613415937;-0.0025518353122338596;0.0044997087789958425;0.10950367639442987;0.09263219028073968;0.03362627587835405;0.0992953560586773;0.009504918431045957;0.001525313760470526;0.417910447761194;0.7792950265572186;0.04448161746220661;0.14199376106262207
0.7;0.6;0;19;9;9;0.5653533757876819;0.5631330784780016;0.11705134649240331;-0.005053847402220254;-0.00040026821109608507;0.11334668669272566;0.0964223062686756;0.02591176473324109;0.11383462559819801;0.025489116084519862;0.004861798442928418;0.4838709677419355;0.8621858795372955;0.011296991560433949;0.13864874839782715
0.7;0.6;1;24;9;9;0.5708779084602416;0.5706927718320209;0.11714826706887016;-0.004808810164872791;0.00010865526955206659;0.1106316237698693;0.0937094016274827;0.03714620448879606;0.10631257677320782;0.017013677555892483;0.009308363570460611;0.5148514851485149;0.8928226072513397;0.016158151166273817;0.12548828125
0.7;0.6;2;21;10;10;0.5587924327395652;0.5591599463839927;0.1241002165440651;-0.00417149071585667;-0.0011628766071511561;0.13361068028997225;0.11533005744857153;0.04680538542274692;0.11757776189518764;0.019116885311815292;0.00963585670762019;0.4639175257731959;0.8378989533531465;0.033557660633902926;0.48058390617370605
0.7;0.6;3;23;10;10;0.5609721087029281;0.5641341149397224;0.12294224764553961;-0.005656880371425595;0.00042598111262084616;0.13439357181725642;0.11621155702595796;0.041195766120993745;0.11726754811101102;0.018867523523337208;0.005744684319337765;0.45918367346938777;0.8320395201129146;0.04159074649436302;0.1524369716644287
0.7;0.6;4;19;10;10;0.5524533342568934;0.5548155836216094;0.12769466027942053;-7.400956760215103e-05;-0.0032229968178969035;0.11188658973730574;0.09320490048610865;0.03176953285597211;0.09776173357744528;-0.00284313993254909;0.00019261795439033143;0.46296296296296297;0.8367204738125653;0.02608645030480631;0.5486106872558594
0.7;0.6;5;23;10;10;0.5689198636441465;0.565299992775216;0.13455889196677792;0.007799636481040755;-0.001341069034476841;0.12761788759629855;0.1092857297047355;0.042631445556990076;0.11453350187035857;0.01574396115590855;0.007252544935971747;0.5;0.8813455657492354;0.01968516836096605;0.2163238525390625
0.7;0.6;6;21;10;10;0.56021229487538;0.5585603175338875;0.11426664287729132;-0.015551066387554458;0.000714249156764876;0.12633648174991643;0.10794278008142374;0.039045133123637964;0.10857144039900565;0.009191597274538553;0.00517228263042353;0.4631578947368421;0.8369612566827271;0.03561111614730936;0.4361138343811035
0.7;0.6;7;21;10;9;0.528131014402359;0.5566796967418279;0.1253476070913113;0.004809217573132833;0.008707817518553733;0.10036655933254955;0.08116604107596549;0.029457092206508155;0.1055093244875982;0.015868770312048495;0.007690582470203164;0.4827586206896552;0.82518453094442;0.03924305658615112;0.6192100048065186
0.7;0.6;8;15;9;9;0.5646872749997888;0.5657373440977088;0.12630083048243626;0.005962342418677091;0.0037780745320086105;0.10151434389670966;0.08428846996036427;0.029115461055714626;0.0896760997375262;-0.0018014637221709753;-0.0012090959924406183;0.4691358024691358;0.8443142394572507;0.01475400375584386;0.12816905975341797
0.7;0.6;9;22;10;8;0.5037991512927863;0.551749000010443;0.11363809132440801;-0.0004495922168855555;0.0047281962112221835;0.08777197502576241;0.0681761497220095;0.02098568796006756;0.09324444674091632;0.012786841090487859;0.0014508458606906295;0.4270833333333333;0.7912810553807005;0.042969670025612736;0.5299873352050781
0.7;0.7;0;19;10;10;0.5737621163715253;0.5735636646639427;0.12119003247105868;-0.0075267613980442094;-7.747402837503181e-05;0.11465589205730813;0.09602933972744422;0.03705112827969511;0.10359647372750633;0.00361977460442564;0.0058622055449490005;0.4166666666666667;0.7776578521316784;0.041738169313809304;0.12920069694519043
0.7;0.7;1;27;10;8;0.5032674916641372;0.5455498780154227;0.11811245845115378;0.004540959972319163;0.0022651745087820703;0.0975473129189121;0.07833895264252753;0.028296695339309702;0.08932126881595197;0.008883919337929895;0.0026942088319064647;0.47560975609756095;0.8227717106785006;0.039137578181935015;0.7340567111968994
0.7;0.7;2;19;10;9;0.5393009056330392;0.564466952608251;0.11416515517825557;-0.007788549943057112;-0.005583711382524654;0.08254043545417007;0.06310540233132712;0.030095754551201052;0.09504621043075023;0.004575772377345531;0.010121249059781096;0.5217391304347826;0.8509715475364331;0.018319851315314287;0.5358552932739258
0.7;0.7;3;22;9;9;0.5655300193649375;0.5650281276805964;0.11550430074576709;-0.006455449723450501;0.003851007279116945;0.11404078491400278;0.09709963913270196;0.03019276670165832;0.11248539410325253;0.023420467063976345;0.003073356479801469;0.49074074074074076;0.86115411306251;0.017300181112396895;0.2679476737976074
0.7;0.7;4;35;10;9;0.5462404796784017;0.5536293751734513;0.11299769362685923;-0.009435510493689325;-0.0027535244974730834;0.10027682817190382;0.08127025844317275;0.029935712035910042;0.0987159237727794;0.00889129295995429;0.004061559316610531;0.47058823529411764;0.846091743119266;0.02049701135168773;1.1202197074890137
0.7;0.7;5;27;10;10;0.5764024012168047;0.575869542269003;0.12399668756689759;-0.004380124874448422;-0.0008113457391165354;0.11702763023062603;0.09846362673061926;0.03714793469811564;0.11128134521206287;0.012156744614276667;0.008281402293323406;0.4222222222222222;0.7849483944954128;0.042367134409526705;0.7887556552886963
0.7;0.7;6;31;10;8;0.4703334888162915;0.5291993716433879;0.11606271013249579;0.0021634254294035666;0.0016855547864861055;0.0929457788101824;0.07342863081636058;0.01943441104649388;0.09308243247514847;0.013084579721103894;0.002225632933327402;0.5471698113207547;0.911141252917797;0.005412811112190873;0.8013455867767334
0.7;0.7;7;24;10;10;0.5636481183864019;0.5668908010968656;0.11788226434451016;-0.011125455109890733;-0.004194674499291048;0.1368771548875304;0.1186848259261572;0.04211281298725122;0.11794751082671905;0.019438072132097386;0.004189749787479702;0.4;0.7554390563564874;0.05622930031407226;0.6069269180297852
0.7;0.7;8;21;10;10;0.5636386227499106;0.5622120485456407;0.11950626781223286;-0.00963721853149117;-0.0010102213260502206;0.13406491489794475;0.11583386381884501;0.04078754579833365;0.12032755853300457;0.022265210509529;0.00710342269237645;0.5096153846153846;0.8161364549472223;0.028605286773728256;0.48700833320617676
0.7;0.7;9;29;10;10;0.567104945874606;0.5672311279613271;0.12614556010196434;-0.0019053575976219113;-0.0036946308464479737;0.11267689970735396;0.09400186718146125;0.03302901558861671;0.10506871979143327;0.005270359016973008;-2.8549695267336803e-05;0.47;0.8453722773513075;0.015582943548729947;0.5775778293609619
0.7;0.8;0;50;10;8;0.49706190507570897;0.5552432118983079;0.11976192424154854;0.006326196173641102;0.0028756276531310358;0.0938483818877719;0.07470917499898813;0.026339816103248117;0.08093033980678674;2.5712015177998395e-05;-0.0011218219406125697;0.5051546391752577;0.8873821792132713;0.016146552089675133;1.3607964515686035
0.7;0.8;1;26;10;9;0.5101082523514677;0.53259314104973;0.11841450756205506;-0.0031188122687548876;-0.002519311467377776;0.11011409625859356;0.09129456514885599;0.030003432533600424;0.09612689142382873;0.005715895606732271;-0.003407619908802483;0.4725274725274725;0.8484595371765027;0.016049468089341427;0.9040019512176514
0.7;0.8;2;21;10;10;0.5508739818728658;0.5574293649855975;0.1188849378028025;-0.010134822660508143;0.0003366354795396105;0.11358903585844614;0.09489687310188588;0.033442986819699115;0.107130064489444;0.007512726378311943;0.0024408043424775194;0.4954128440366973;0.8759385377385038;0.017070777364009145;0.4698903560638428
0.7;0.8;3;26;10;10;0.5620308654738368;0.5663905671825322;0.12634070794145089;-0.0016082881507963943;0.0007455504971181127;0.1061436551021701;0.08732335008026243;0.031490276139870044;0.11078306603804979;0.011502441293038299;0.0078004388641759355;0.49473684210526314;0.8751389068355084;0.01778518667393269;0.7364861965179443
0.7;0.8;4;30;10;10;0.5617527733501286;0.5607174612059572;0.13063475958675966;0.0032739405514980915;0.0005569399478172213;0.13178756153028465;0.11351466108099392;0.04240475870183827;0.11420393592268108;0.015443538454805913;0.0062174067185383226;0.4715447154471545;0.8472603781235745;0.036884855478001924;0.6223418712615967
0.7;0.8;5;25;10;9;0.5357181781328951;0.5463963571062302;0.11903117756713881;-0.002650817647526639;-0.0003795245926419528;0.10259487529216715;0.08369373266854051;0.028856071547444007;0.09760834688185668;0.007605587890951235;0.0004887070317547969;0.5;0.8550825211960295;0.020698104090457928;0.5591046810150146
0.7;0.8;6;19;10;9;0.5429241576385424;0.5534773324105218;0.1196318044332242;-0.0017705585835676777;-0.0020784772620427595;0.09911714301268139;0.08000592323471116;0.025385934413146558;0.0979488838652268;0.00758412828226644;8.695597017584818e-05;0.47959183673469385;0.8570325846251186;0.031422781164590116;0.6344311237335205
0.7;0.8;7;25;10;9;0.5399964999711261;0.5551373816622724;0.13063823875721098;0.010846434909947324;0.012357536102819984;0.10683480644851602;0.0879667515081627;0.02811371136923877;0.10479650866125825;0.014997237627348215;0.0009559909077320048;0.5098039215686274;0.8927916120576671;0.013521735819682398;0.5490336418151855
0.7;0.8;8;20;10;10;0.5634530636704806;0.5648636461716153;0.11878040891054024;-0.01029201384551632;-0.003637359104914925;0.11818460943963371;0.09962415692080358;0.02982330736801346;0.11398004743254735;0.015145570645267297;0.0034358320593451445;0.5052631578947369;0.8595672197337708;0.02164206713154646;0.09470510482788086
0.7;0.8;9;24;10;10;0.5587291615558633;0.5612810997532522;0.12884158973981322;0.001136013582433349;-4.057833701587043e-05;0.12187494959502548;0.10340583417405257;0.03992923651814312;0.11676473117520234;0.018308689516968693;0.009568300050743427;0.5094339622641509;0.8884923388740184;0.02316348752445311;0.5133390426635742
0.7;0.9;0;1000;10;10;0.5380632439387925;0.542802280433847;0.119340811455003;-0.009590389256285026;-0.0014984166838387294;0.130538988049112;0.1122462044709707;0.04125936153049098;0.1250198823916914;0.027421455455561208;0.010598872725726516;0.47115384615384615;0.846782994543383;0.02703624266871118;30.608644723892212
0.7;0.9;1;31;10;9;0.5001909511692109;0.5213223290966436;0.1186522472060415;-0.0029488360643527218;-0.0015301570697002535;0.10136594635230985;0.08247604088226866;0.03144443233847045;0.10765733415880434;0.01863919790844448;0.009933376848697236;0.5204081632653061;0.8567604696285177;0.020808502683475866;0.7067804336547852
0.7;0.9;2;24;10;10;0.5468954442571066;0.5498845493803284;0.1324235921004598;0.005399965734124122;0.004677836883626196;0.11213610866806861;0.09342593428060651;0.02863680399218987;0.11569834912748159;0.017062640431277233;0.001362258556986659;0.47619047619047616;0.8509715475364331;0.03669562629277953;0.5871877670288086
0.7;0.9;3;29;10;10;0.5597023837499825;0.5628120377584264;0.13133139408906985;0.00428368316872821;-0.0029879843600423227;0.09514649803377959;0.07607099595726663;0.03031378146722173;0.09616898846954737;-0.004667889009608899;0.0026095642125190696;0.49572649572649574;0.8567604696285177;0.028975879818988165;0.7402553558349609
0.7;0.9;4;27;10;9;0.5441400178548974;0.5567033767827769;0.12478165590506354;0.004090534253526246;0.00047095385255797444;0.10846165642903484;0.08965343727562144;0.03366629123265673;0.11709555635009261;0.028816546342016143;0.00842123903593447;0.4188034188034188;0.7804686636454072;0.04178319833603083;0.5810809135437012
0.7;0.9;5;31;10;10;0.5720823000804273;0.5715106367788713;0.13001443056111364;0.002612111501703077;0.0046829495293708515;0.1293219739919278;0.11101971969110115;0.04127790256274067;0.11642056726500276;0.017882287675025473;0.006027279953505647;0.5;0.8813455657492354;0.01633551474783293;0.8636400699615479
0.7;0.9;6;28;10;10;0.5630423386005292;0.5660955873775486;0.12344699422222916;-0.004902048120283743;-0.001241460576744673;0.13327584151139207;0.11505592021349065;0.043191503044582816;0.11572847692719265;0.017097882305114474;0.008397088106530146;0.4954954954954955;0.8644790324179638;0.031217420961045517;0.7719755172729492
0.7;0.9;7;38;10;9;0.5125943529266437;0.5316814407032182;0.11783044668868924;-0.003974654767137936;0.004642166423626477;0.09183223740078338;0.07270054577739264;0.02492046733071224;0.10178716472802565;0.012132334186287109;0.001661232979908299;0.5154639175257731;0.8567604696285177;0.02439603752820666;1.0034546852111816
0.7;0.9;8;30;10;10;0.5661171387387839;0.5683792729178703;0.11678906015867498;-0.012462632722507284;-0.0024318543375961383;0.11273869280253204;0.09405826158934508;0.034314224484328956;0.09137146576724185;-0.009983186379541336;-0.004542851107374899;0.45689655172413796;0.829194940556973;0.025603151312889677;0.7977962493896484
0.7;0.9;9;26;10;10;0.5700677332327996;0.5714554584215958;0.1267424111277987;-0.0010976534615222385;-0.0011211679217795797;0.10504040924011099;0.08624227699486152;0.028731740487854523;0.1050076739855933;0.005089856581180375;0.0020803080776616496;0.5238095238095238;0.908887614678899;0.011691802218426927;0.5647070407867432
0.7;1.0;0;34;10;10;0.5151667007600813;0.5166883809012505;0.13241000953389964;0.005410729320450886;0.000761311229139765;0.13936931410826514;0.1212897439923069;0.0488942347959587;0.13943671662156462;0.043437807397355394;0.01531384697172086;0.4661016949152542;0.8405897014371321;0.03349328280112849;0.8837871551513672
0.7;1.0;1;24;10;10;0.5242615491876426;0.5269620830869148;0.1394372732616531;0.013301751212057424;-0.00017172538026334868;0.10045730566388937;0.08156851658691501;0.0271781547044277;0.09842482232220273;-0.002125108423577507;-0.0020468585201964336;0.47368421052631576;0.8498689384010485;0.024417500409321283;0.44399476051330566
0.7;1.0;2;1000;10;10;0.5253857967401125;0.5239948376755458;0.11811522006971399;-0.011196467407031315;-0.0014506142704643916;0.10246301595067722;0.08362085745650912;0.03560817482213896;0.09202670333374743;-0.00919445597205849;0.00010969490507437646;0.46956521739130436;0.8448401281146518;0.02289909017197213;32.51495051383972
0.7;1.0;3;29;10;9;0.49482178282560224;0.5288922955418592;0.12426180642712718;0.003427607406227843;-0.004274802956825805;0.09604124003146629;0.07704668221138274;0.024999322235921682;0.10249472105037656;0.012636432285220243;0.006129673048556201;0.46218487394957986;0.812450201763179;0.03885923843577181;0.9505865573883057
0.7;1.0;4;25;10;10;0.5467181740151403;0.5473566971284239;0.12738168773270436;-0.0004029951484406147;-0.0010369864867698442;0.11607437816074825;0.09749935438597378;0.034055397620322364;0.10942664015320629;0.010082991843405581;0.0023571031682075;0.45;0.812450201763179;0.04239659728727088;0.900266170501709
0.7;1.0;5;22;10;10;0.5350204074316329;0.529736606259897;0.12118825259888232;-0.007766487017095427;-0.0009366675985097542;0.11236574186652316;0.09374124563974591;0.032468817922135046;0.09726928167184411;-0.0033356703923704953;-0.003462061024291227;0.5294117647058824;0.8644790324179638;0.014637437401309333;0.7072410583496094
0.7;1.0;6;27;10;10;0.5423029089851854;0.5387307486396185;0.14109135828408415;0.01524823546006565;0.004598895785510337;0.13359339742962031;0.11538894319672438;0.040313641128945796;0.12553142132445677;0.02800969932083155;0.007064814132398742;0.5094339622641509;0.812450201763179;0.03608579939978443;0.8938279151916504
0.7;1.0;7;19;10;10;0.552920205554715;0.5521915260061092;0.1370165728875667;0.010512142206832014;-0.0001664224518215268;0.11816591264874475;0.0996500519103756;0.03870277704834009;0.1135894424292331;0.014756533320023513;0.004972366574758378;0.5094339622641509;0.8404657259619092;0.024913239469276614;0.6687512397766113
0.7;1.0;8;122;10;10;0.532690051611716;0.536756287410115;0.12981569082994215;0.0026168987033724157;0.0025809554715251074;0.10988999854162164;0.09118095980743218;0.03672315950509078;0.10566507276772402;0.005838927396958308;0.0032203386199200724;0.4122137404580153;0.7717728737912224;0.04559378122753179;5.253069877624512
0.7;1.0;9;30;10;10;0.5424367147966116;0.5404303403397315;0.11962488784800843;-0.009396131104956044;-0.0009266315149498029;0.11177066650201961;0.09310215404664669;0.032119856522831725;0.11747557924789707;0.019058167602578023;0.009118597127839918;0.45384615384615384;0.8253871171302363;0.02868928485193377;0.933650016784668
0.8;0.0;0;23;10;9;0.5455214255646824;0.5616248571095547;0.12498550243713265;0.004202384358195356;-0.002681218745430876;0.0822254389638104;0.0627376683774416;0.018300521304934723;0.0798807480798124;-0.012056796055395998;-0.0058949353219729635;0;0.0;inf;0.5855836868286133
0.8;0.0;1;33;10;7;0.48713104652346456;0.5664887048005408;0.10647094117907482;2.5911621734023284e-05;-0.0007111319932135573;0.08785198077563731;0.06815679417004461;0.024242222038339645;0.07990680632826293;0.00994018497154028;0.0010898005903066169;0;0.0;inf;0.7069320678710938
0.8;0.0;2;31;10;8;0.5274632999713899;0.561786302705145;0.10981307913430761;-0.004776006924267192;-0.008654541902824137;0.10557111419292989;0.08640091173688809;0.03773767376482536;0.10017912468605988;0.020549347144839532;0.013924653929241639;0;0.0;inf;0.7812066078186035
0.8;0.0;3;123;10;10;0.5520340245480599;0.5554310517927069;0.1316534349662017;0.004296567186777349;8.005529350163809e-05;0.1347292405242077;0.11651731916368126;0.04710489646302112;0.11504882192856915;0.016401349559519458;0.010618930460490306;0.5306122448979592;0.9165993883792048;0.008400522671558568;3.9891505241394043
0.8;0.0;4;29;10;9;0.5262887088092059;0.5491193280319537;0.10780150936531997;-0.01518298094208379;-0.007775363779491168;0.1123337521966182;0.09343394550303973;0.02890789476795557;0.10509412880105891;0.015509853118891971;0.0015824857003308723;0;0.0;inf;0.6154448986053467
0.8;0.0;5;30;10;9;0.5269620797162546;0.5476064245532769;0.12757158447640388;0.007380070775159199;-0.0007801532119927631;0.10856824211366903;0.08962288825127729;0.03501905516818257;0.10797616853371518;0.01868134287971594;0.010261658992445582;0;0.0;inf;0.805560827255249
0.8;0.0;6;50;10;9;0.5454280292141296;0.5606678774690002;0.11294065163358699;-0.009469685683449792;0.001474573453610583;0.09890785732281777;0.07977849672272601;0.03390102659139016;0.09189139672163128;0.001271411818821729;0.004751536447461631;0;0.0;inf;1.4524149894714355
0.8;0.0;7;29;9;9;0.5720298162626622;0.5715228742658512;0.11708675547571218;-0.004751622725506994;-0.007440731047188523;0.10976112404253037;0.0927937540259435;0.03183297662692191;0.09549342039605513;0.005159654718512258;0.005194553461710052;0.4;0.7554390563564874;0.034861865065100875;0.30068325996398926
0.8;0.0;8;25;10;8;0.5056390798290841;0.5617501194599757;0.11761234467513844;0.0038244397778253877;-0.0022168606104088265;0.09122780676668643;0.07180004760965525;0.028286781800445165;0.07654423459025031;-0.0047957571336393135;-0.0006638585165736619;0;0.0;inf;0.6302528381347656
0.8;0.0;9;25;10;9;0.5498043053798608;0.5567214356670148;0.11945814935588613;-0.0018908534938707944;0.0064265560516111216;0.11415785471326631;0.09535190202488084;0.03511464068955789;0.09728100414791893;0.006789345866468747;0.004580443418899993;0;0.0;inf;0.5383853912353516
0.8;0.1;0;28;10;7;0.45671434919561305;0.5553265228758667;0.12826022960260283;0.024332400347078575;0.002235216032561907;0.0791262982730999;0.059406666057340414;0.020426444937492638;0.06794830170219143;-0.0027308773636745055;-0.0007670267457917232;0.07042253521126761;0.17394978271366487;1.3017259636797265;0.8084712028503418
0.8;0.1;1;30;10;9;0.5422722649697136;0.5593969156472558;0.13189850627491087;0.012133722723088202;0.009021848739495799;0.1190829290083194;0.10043765477712178;0.0348890739798174;0.10922893443498245;0.020015226847906617;-0.000178447701375883;0.07042253521126761;0.17394978271366487;0.4267834406925309;0.6452038288116455
0.8;0.1;2;23;9;9;0.5694086386662942;0.5692893234135095;0.11067409342038582;-0.012049165189655925;-0.004636730494949497;0.1255204740932806;0.10887962218000906;0.03704234469103845;0.11451753131435892;0.025932465391908185;0.004888391471385049;0.44554455445544555;0.814942817644841;0.03612137641907393;0.20070266723632812
0.8;0.1;3;26;10;9;0.5309949566797308;0.5610360362721034;0.11221254798331594;-0.010036715404539962;-0.005830665009411641;0.12086534770797898;0.10220529662203998;0.03377787042465695;0.11405362005557021;0.024973556786186915;0.003609371627980708;0.07042253521126761;0.17394978271366487;0.45282957465061074;0.5235850811004639
0.8;0.1;4;29;10;8;0.5163716419718996;0.5769841479960437;0.10785434975548641;-0.007002313297243984;0.006575337390999435;0.10662450032958218;0.08758912696990892;0.031132713556711995;0.10629733681411749;0.027339561625095217;0.006994681786843233;0.07042253521126761;0.17394978271366487;0.8775970811011038;0.5889437198638916
0.8;0.1;5;20;10;8;0.4975496535002708;0.534055945324503;0.11460504367767618;0.0006168058533605008;0.0032447881646511132;0.09645944677405244;0.07719903358544042;0.028164708097894384;0.09486820760855592;0.015068490095217546;-0.00042045728283323584;0.07042253521126761;0.17394978271366487;0.8445623024083848;0.4918961524963379
0.8;0.1;6;22;10;8;0.502452185696587;0.5594347563488093;0.1267401607654233;0.014239423048695892;0.007449265159333461;0.10356916637655712;0.08443165660056172;0.03294323007151435;0.10893793428080221;0.03024862968242449;0.012361929691209476;0.07042253521126761;0.17394978271366487;0.8733484940833594;0.44242238998413086
0.8;0.1;7;25;10;9;0.5254298149093961;0.5441916506462673;0.11087620789928826;-0.011926660031334293;4.571032589405398e-05;0.11476250272154792;0.09602422102135787;0.03763082578576485;0.10981896736847047;0.02092690527495266;0.009324116959152364;0.07042253521126761;0.17394978271366487;0.43369030616221904;0.6559813022613525
0.8;0.1;8;34;10;9;0.5443472070567797;0.5634762796869427;0.1219568105975223;0.0013450975194008545;0.005518492209971557;0.11167112896305677;0.09280510894992834;0.03865012940503677;0.0983752000058621;0.007954993139080024;0.007293965438867584;0.07042253521126761;0.17394978271366487;0.4640241180124421;0.7613222599029541
0.8;0.1;9;29;10;9;0.5346391458052191;0.5485445822994015;0.11779822188197392;-0.003693355640398994;-0.002063360152642002;0.11133381008092642;0.09239820561802488;0.03306014511399222;0.1063684831907406;0.016788420614285298;0.004713636647594659;0.07042253521126761;0.17394978271366487;0.4412014360552803;0.6526167392730713
0.8;0.2;0;41;9;9;0.5728449139452328;0.5723073917604009;0.1309042722871892;0.01087351073688164;-0.004744618731481533;0.1138253036965803;0.09702322589164739;0.03716631409183844;0.09657247397327148;0.006427547199536174;0.0022926054480266822;0.49038461538461536;0.8699733649008582;0.01852187191446037;0.8765106201171875
0.8;0.2;1;33;10;10;0.5665364793475288;0.5680074634690224;0.12737097063837227;-0.0004662013505856062;0.00018993879777795574;0.1236884799611687;0.1052664091729767;0.04530913820749021;0.11421831245145708;0.015435462302484795;0.008377196887119734;0.48;0.8575254153235805;0.024799295203398082;0.8690857887268066
0.8;0.2;2;33;10;8;0.49881940009794296;0.564942930445958;0.11090908111686142;-0.0037858581169458454;0.0006586705284479704;0.0900545731764666;0.07074150054410755;0.025085340362390005;0.0762270135512258;-0.0050468295753336515;-0.0013566236056802045;0.14084507042253522;0.3264242836108279;0.4937674796763655;0.7400660514831543
0.8;0.2;3;30;10;8;0.5049185270160439;0.5568108246104153;0.10453164979866517;-0.010615594390575219;-0.008101439302103984;0.08077184340878261;0.06115791502916358;0.017979472115970254;0.08212519223979568;0.0009137220643522703;-0.002519646721159759;0.14084507042253522;0.3264242836108279;0.49063256396532023;0.7548599243164062
0.8;0.2;4;33;10;9;0.5317655263566275;0.5469455002925236;0.11428748871167504;-0.007858481231105666;0.009193661969868566;0.09988143910526318;0.08076648259772769;0.02962203372279461;0.10148917052756525;0.011665859826627248;0.0037888666426290274;0.14084507042253522;0.3264242836108279;0.2547130549656515;0.818486213684082
0.8;0.2;5;32;10;9;0.5246453031014573;0.541408692661159;0.1266892032423191;0.006044717050040986;-0.001697825628450633;0.10013560513953934;0.08109978545204206;0.02933562392007802;0.09630876888943497;0.006176643773694181;0.0016528702754163148;0.14084507042253522;0.3264242836108279;0.24090594643283286;0.8470995426177979
0.8;0.2;6;33;9;9;0.5660427080478873;0.5663906031906191;0.1361278685766244;0.016915160923714857;0.004122793252891328;0.1258514798157523;0.1092189196995989;0.040671364976723724;0.10503522477369538;0.015556570365015203;0.0030236254496942066;0.43564356435643564;0.8023283770958557;0.05993651332611734;0.1360182762145996
0.8;0.2;7;24;10;8;0.5036896354133996;0.5416559074502263;0.10631695746793268;-0.008643485205508145;0.008618072578163678;0.09123096134192712;0.0717892556654636;0.024956379885098235;0.08573258865387094;0.005132289998316221;-0.0008098083305235342;0.14084507042253522;0.3264242836108279;0.46222178484977716;0.5620646476745605
0.8;0.2;8;26;10;9;0.5354472918292396;0.5458061414097451;0.12251116062493443;0.0017090356242438671;0.0022314405271475113;0.11645173558356248;0.0976973446422988;0.038131674895150965;0.11646289425816933;0.02812295931560599;0.010499113962517988;0.14084507042253522;0.3264242836108279;0.2673523470886333;0.6365242004394531
0.8;0.2;9;23;8;8;0.5655735093192581;0.5674730761799361;0.10051244925009693;-0.015529392656377044;0.0016380864336434156;0.10481085653415902;0.08961509591698157;0.031143588267691917;0.09134393714824823;0.011296066120042948;0.003835524998163314;0.46017699115044247;0.8332721712538225;0.03179956269549364;0.2166593074798584
0.8;0.3;0;30;10;9;0.5249516244338212;0.5379972346353435;0.12515159124249883;0.004654519442557385;0.008149754439590864;0.1142943189999719;0.09544415130112352;0.034924851122876535;0.10677478067202315;0.017358303331307723;0.008437582957250864;0.22535211267605634;0.4862596224823368;0.1316095771722055;0.8599388599395752
0.8;0.3;1;39;10;10;0.5705345075411368;0.569497872876344;0.12186447292869403;-0.006874662173873659;-0.0010470848146010374;0.13011823315254462;0.11178788475372556;0.03783575537393342;0.11267382612802197;0.013733747472479388;0.005707295123824134;0.49295774647887325;0.8730309849402803;0.020393498081034255;1.1184306144714355
0.8;0.3;2;29;9;9;0.5759553472929522;0.5755990512878423;0.12570366784302314;0.0050082869228116915;0.0043693146142406766;0.10177032262754512;0.08467810459705936;0.032044771451149465;0.09032684792169202;-0.000544750948190056;0.00020376153212974793;0.49107142857142855;0.8524723791899365;0.021582766076340083;0.73583984375
0.8;0.3;3;38;10;10;0.5762592611852558;0.5748037310726481;0.13743590916914653;0.010985415887714341;0.004069176942485218;0.1297390221555947;0.1114607857638315;0.037158053471156215;0.11732214356750602;0.018909337713190914;0.005039849782748179;0.5;0.8184207233137281;0.031098723985074177;0.2499532699584961
0.8;0.3;4;26;9;9;0.5543116112628975;0.5549776375676997;0.12104999340719787;-0.0003231416682271646;0.0004503573968859246;0.11536180814242988;0.09855325999629916;0.03872063713512196;0.10960901026475924;0.020831890131305927;0.009251097838817054;0.5106382978723404;0.8933571035439949;0.01680905945428824;0.22616171836853027
0.8;0.3;5;32;9;9;0.5675875793442448;0.5664213885685689;0.1271168260017163;0.006475180959074832;-0.0029423907198614977;0.0845794812871278;0.06720569422842926;0.022939133510340836;0.07352856390777837;-0.018862808982725708;-0.007629005563271067;0.425531914893617;0.7892646857455838;0.04417685022472523;0.5169408321380615
0.8;0.3;6;28;10;9;0.5417030442611387;0.55488091532836;0.12393873943597372;0.0032328039522389854;0.00033962699784076985;0.1016648332311751;0.08264323326275994;0.03585813025748025;0.1004694597081967;0.010616862586237886;0.008443687596575922;0.22535211267605634;0.4862596224823368;0.12292102696928123;0.7983410358428955
0.8;0.3;7;31;9;9;0.5602912016689654;0.558130720797852;0.1059785424504377;-0.01743934785972421;6.140084550142903e-05;0.1063372914839134;0.08935244318549902;0.030516485726942325;0.10090733007565689;0.01111821172366386;0.0014495255997396793;0.3888888888888889;0.7403302752293578;0.046818503052093556;0.28249359130859375
0.8;0.3;8;28;10;9;0.5351351872415546;0.5507471300555524;0.11676650733999604;-0.004989768994128194;0.004417806391709519;0.11613002140506881;0.09738193602486299;0.03408624607599025;0.11169098726116114;0.022770043820099492;0.00794720967873338;0.22535211267605634;0.4862596224823368;0.15151279569226256;0.9955861568450928
0.8;0.3;9;29;9;9;0.569282419899377;0.5700684756781169;0.10339590148521992;-0.02044206745991182;-0.0025225883796428216;0.11305214748671537;0.09619402084964518;0.03591308137724924;0.09805515879722614;0.008082069624600523;0.0035948277387688396;0.4909090909090909;0.870597449093757;0.018928089289634725;0.8291130065917969
0.8;0.4;0;26;10;10;0.5646571457206074;0.5624805010725102;0.13330172114107355;0.006354501353646729;-4.6021439525180064e-05;0.12247898497261103;0.10402459753647923;0.03493369763484944;0.11316018837138421;0.01424278411397228;0.004914798721251396;0.4444444444444444;0.8135497529992943;0.032636210057437484;0.41022253036499023
0.8;0.4;1;30;10;8;0.5073606793442943;0.5433238613165616;0.11997245595211789;0.006149807145428158;-0.004129273185871661;0.08673480051860848;0.0673824951914206;0.02259122028608977;0.10409786048794555;0.025583212468717375;0.006024500147069964;0.29577464788732394;0.6035301156761068;0.1588882672094295;0.8727231025695801
0.8;0.4;2;30;10;10;0.5688361942919519;0.5695858353528193;0.1305837703052951;0.0030961233836639276;0.0012437121844174545;0.1099271566489874;0.09124142324592728;0.03636143214000727;0.08203603005568043;-0.020299508633956975;-0.0031514075092153693;0.49504950495049505;0.833343135063927;0.031316131476676556;1.1765382289886475
0.8;0.4;3;24;10;10;0.5571355657266358;0.556568040026914;0.1366039772563662;0.01015305041240898;0.0005096878325150218;0.11623762070673967;0.09763875292797741;0.03341514048891499;0.11414705655439626;0.015327743919237021;0.007088125285207513;0.5178571428571429;0.8754851312103221;0.011049718099817108;0.6204257011413574
0.8;0.4;4;28;10;10;0.5756311485252905;0.5757088589401452;0.13554746638574794;0.008985341517373591;0.0024496210711077797;0.12887352965493143;0.11054428439297943;0.03921050935999421;0.10548920552376263;0.005672277462404085;0.0015312287576132934;0.4523809523809524;0.8235524138968265;0.023720055119218743;1.0130467414855957
0.8;0.4;5;33;10;10;0.5649735314420898;0.5655863824938722;0.12749000120200749;-0.0002624268588984881;-0.0027726668539452344;0.13991569300921777;0.12182042739646885;0.044205290417298;0.12295406525631335;0.025068682372286037;0.006811843172731529;0.4177215189873418;0.7790465268676278;0.04041341025686794;0.8672544956207275
0.8;0.4;6;23;10;10;0.5474897463528059;0.5497896957656219;0.11839004159918969;-0.010865682525123297;-0.0009946204560426657;0.13063263596423827;0.11232951683839576;0.03917325851719149;0.11593972123989585;0.017375855035051735;0.0051242801430717135;0.46987951807228917;0.8452248458414799;0.023923255850800566;1.0931508541107178
0.8;0.4;7;22;10;9;0.5468960298579661;0.5675508789391164;0.12104251276603162;-5.7742869907438954e-05;-0.008427763608672041;0.10195469730429847;0.0828930005767492;0.03205924220054072;0.09299788596172454;0.0021707025005401983;0.006693469210452677;0.29577464788732394;0.6035301156761068;0.1275709236946027;0.7238209247589111
0.8;0.4;8;23;10;10;0.564182179968143;0.5641737829261673;0.12423249435736475;-0.004153884124810197;0.0008243384379716017;0.1378609916984353;0.11975096467425093;0.03869090242116201;0.14074161208991864;0.04493284347037511;0.013870126987935952;0.4842105263157895;0.8113205435293592;0.033901294837576396;0.5524260997772217
0.8;0.4;9;27;9;9;0.5661675745691125;0.5671093402714418;0.11109760551101906;-0.011263701011829556;-0.0030827509850623715;0.1030628475940102;0.08597003153794336;0.026875024179289282;0.09647594080251998;0.0060450434784529005;0.0028002988796650198;0.43209876543209874;0.7977696931350837;0.027763141895534447;0.5409557819366455
0.8;0.5;0;25;10;8;0.48500569434762314;0.5325158991673887;0.12844082994323408;0.016047337216473792;-0.0031118505732537194;0.07824030313884862;0.058549466740986864;0.019949611480905294;0.08543314959379252;0.004921626671832949;-0.0007288111940494459;0.38028169014084506;0.7284590900580414;0.08972009637323974;0.8494973182678223
0.8;0.5;1;30;10;10;0.5631086869681498;0.5645115501299163;0.11212498800545309;-0.01795830581503158;-0.002310688579175137;0.1032314217276357;0.08438313039906023;0.027367986262835903;0.09475903177611188;-0.006183794210341164;-0.0026742385792148005;0.45555555555555555;0.8275229357798165;0.02571433837864706;0.4143390655517578
0.8;0.5;2;23;10;9;0.5468681334338142;0.5575388465202289;0.13697605567023774;0.01796175298460497;0.0039494942746440215;0.0968482941299381;0.0778084411688367;0.026949961911805688;0.0898659244521538;-0.001112451946488406;0.0010955403456802152;0.38028169014084506;0.7284590900580414;0.04605176638698884;0.6498134136199951
0.8;0.5;3;22;10;10;0.556816932635192;0.5572510887359792;0.12865773849441708;0.0010412744123748602;0.0043160326045567216;0.1134841487157282;0.09487270964581779;0.03197828545799923;0.11149010540769368;0.012363139136910164;0.007252544935971747;0.4897959183673469;0.8692723388211636;0.02258158004499186;0.2280712127685547
0.8;0.5;4;23;10;10;0.5677220552421207;0.5685064779466981;0.13580812133225692;0.00905008145303459;-0.0005174703929511781;0.12316433558666508;0.10474519214498457;0.035488752554392725;0.11083499391458101;0.01172525440892868;0.002281564708468643;0.4367816091954023;0.8037871559633026;0.043245616632137066;0.5965220928192139
0.8;0.5;5;26;10;10;0.568984818349446;0.5678718642989594;0.13090304329636732;0.0036997098465490937;-0.001010953341487378;0.13477902361223762;0.116570659364713;0.04432693084298823;0.1261831945176873;0.02868706294762702;0.013461693449397684;0.47619047619047616;0.8342858309180717;0.04323793400228933;0.29287195205688477
0.8;0.5;6;28;10;9;0.5306642663644946;0.5446572177112233;0.11971869059611519;-0.0019166191541614011;-0.0007260476237509319;0.1080440188556734;0.08920764996549921;0.032499976357898204;0.1076685860947369;0.01869638727537772;0.011317189154990356;0.38028169014084506;0.7284590900580414;0.04700110907968305;0.8028430938720703
0.8;0.5;7;23;9;9;0.5706407954909136;0.5702419408753937;0.11722625913327081;-0.004388615641326619;-0.0007747390654034292;0.11132546148026871;0.09442922121004027;0.03646605102861715;0.09494025900034869;0.0043918003206287436;0.006660112048875651;0.5052631578947369;0.8841926590018193;0.021503460030089534;0.17929482460021973
0.8;0.5;8;31;10;10;0.5499246499999911;0.5513809400369658;0.12718077336015524;-0.0005198562954541725;-0.0004921041327803573;0.12572035911261412;0.10727566715755928;0.03445839586624171;0.10745040253951525;0.007780872407020384;-0.0003032782899444619;0.4444444444444444;0.8135497529992943;0.0402084591634529;0.8963196277618408
0.8;0.5;9;14;10;10;0.5712109820079803;0.5726049188860474;0.13410453869289754;0.007292557414814335;-0.0006122782620357333;0.11418343601576597;0.09556174389437819;0.030790610802791;0.11316645690499379;0.01424418207887709;0.0029210758532703896;0.45652173913043476;0.8287279200328632;0.027822436805316167;0.12111067771911621
0.8;0.6;0;19;9;9;0.5644033911985114;0.565161758536579;0.13444250334586125;0.014870708338779792;0.005314464901763983;0.10859436230295327;0.09161036722678134;0.02958302970648031;0.10493570267429772;0.01557905914759578;0.0004995379902489428;0.5287356321839081;0.9144788576946954;0.008152452865752677;0.1591188907623291
0.8;0.6;1;29;9;9;0.5810801204401032;0.5823274873593491;0.11687115952909403;-0.004779129769819648;-0.008091426428389612;0.12410143703597892;0.10742445238553283;0.03971770641807406;0.1150184644518235;0.02641009105915752;0.010692737090560067;0.45569620253164556;0.8276984443558038;0.021458574161854656;0.46503186225891113
0.8;0.6;2;23;10;10;0.5640518437648757;0.5654295505956461;0.141766430483514;0.01599650468386569;-0.002232013866900445;0.11456493577625203;0.09591678144003044;0.029918276785099947;0.10592013656672805;0.00620903863059692;0.0025202377406550835;0.4222222222222222;0.7849483944954128;0.04243998906789177;0.6424453258514404
0.8;0.6;3;19;10;10;0.5681504168811755;0.5652837516125033;0.12463312585702323;-0.0036069774846520116;-0.0031076009204384146;0.1089142192609232;0.09016730716965718;0.027337763277970117;0.10296318721388449;0.002931158711707109;-0.0018225473079181672;0.4835164835164835;0.8617601087325858;0.02225113543030411;0.4864621162414551
0.8;0.6;4;22;10;9;0.5423045907978761;0.5542559410068306;0.12228417546963599;0.0014522257182365396;0.0029104841912034073;0.09579079714774313;0.07656818770289968;0.028291742499170925;0.0989863708187792;0.008410900408377086;0.006858414614566051;0.425;0.7885723483019474;0.04740426152792671;0.5536012649536133
0.8;0.6;5;21;10;10;0.55677724873033;0.5574067688963567;0.12242045100269731;-0.006150519002448134;-0.0027721009986820793;0.1367346194367103;0.11857431622753259;0.0433693424211618;0.13184344209051954;0.03502132795978181;0.013751860205198748;0.46956521739130436;0.8448401281146518;0.03094655698827299;0.5912814140319824
0.8;0.6;6;37;10;10;0.5658169077594822;0.5650549928389074;0.13413779668621195;0.007283319783764432;0.002895083686961007;0.1194753890509917;0.1009641333228637;0.03497915692469854;0.10790460952407191;0.008422913716628427;0.004501498703029201;0.41904761904761906;0.7807893602610677;0.03134869677917114;1.0305132865905762
0.8;0.6;7;26;10;10;0.5581773292261802;0.5563281634667266;0.12648552044009195;-0.0014736529878511886;-0.0026359313975911486;0.10465081378677185;0.0858469733711052;0.026516359258586343;0.10286736465629995;0.0027921472807417302;0.0023558420376590563;0.45871559633027525;0.8314580808955051;0.04263294466697806;0.4610433578491211
0.8;0.6;8;24;10;10;0.55249275887419;0.5493249072346014;0.12417065614314966;-0.004097494719125362;-0.00042881660190859463;0.11776003482710266;0.0991874410803024;0.03706994908498736;0.10866112394491718;0.009216314177731253;0.004414449365994175;0.391304347826087;0.7436353211009173;0.04823723991153083;0.2835404872894287
0.8;0.6;9;28;10;10;0.5720096499907018;0.568184784768898;0.12357738088689837;-0.004968815725344443;-0.0003916897504166115;0.1127752859766893;0.094143282936905;0.0334360830561363;0.10284240548758267;0.002835737826934554;-0.0005979904537037037;0.45454545454545453;0.8262614678899082;0.03301329934138887;0.47963881492614746
0.8;0.7;0;17;10;10;0.5611897848052655;0.5600598078828357;0.1359727234093651;0.00942076863627884;0.0005936124091277045;0.1230289781414815;0.10461021684216333;0.040659371644749615;0.11020391560430744;0.01099006330617575;0.0025212714586307174;0.47058823529411764;0.846091743119266;0.02010265656315891;0.19150400161743164
0.8;0.7;1;21;10;10;0.5653057228173296;0.5621820107010727;0.1389599505113446;0.012833755920370619;0.002695906931245607;0.1175574736153129;0.09902376338907613;0.03222848440622331;0.09928502176161459;-0.001169092953323538;-0.0017348382898851264;0.47474747474747475;0.8511624984290561;0.017914994052844482;0.2843470573425293
0.8;0.7;2;31;10;9;0.5520429082268677;0.5618806951274925;0.10812690653415229;-0.014959766873394738;4.040458051350239e-05;0.10600244512093092;0.0871102674630578;0.03285133728079491;0.10152363115333055;0.01182183076027344;0.006060896745169627;0.3958333333333333;0.7498014514583047;0.06378409916324818;0.8106300830841064
0.8;0.7;3;23;10;10;0.5607412345576905;0.5597317296728895;0.1331926292450845;0.006168320413557253;0.0007404332980952643;0.11994203181355864;0.10146012609022553;0.036024334369073464;0.10555913822359844;0.005817266247762794;-0.0002291480844905105;0.40425531914893614;0.7611620795107034;0.04560562018782699;0.602466344833374
0.8;0.7;4;26;10;10;0.5645861292985613;0.5635587415586069;0.14647689468037356;0.021532699447897728;0.0007298320949665853;0.1265914132307994;0.10824364380139653;0.03254240476571804;0.119881390640889;0.02166822399800996;0.0035179109242554976;0.46236559139784944;0.8359821910415541;0.027767062847706095;0.2584524154663086
0.8;0.7;5;29;10;9;0.5068726294493172;0.5305397974288433;0.11493456661257431;-0.00727663300188514;0.004269191491781164;0.09570530932986658;0.07657491169301991;0.02655526536729009;0.090574922080127;-0.00020846128706325908;-0.0007042812687138093;0.5352112676056338;0.8848676888429158;0.013338994547810831;0.711559534072876
0.8;0.7;6;26;10;10;0.5661835844383507;0.5657206155216118;0.12701860098241405;-0.0009515458337168129;0.00012711955385445197;0.11555633435971123;0.09695840456017586;0.03431837074275208;0.10959340992217502;0.010302910331736356;0.004888088807760223;0.4421052631578947;0.7438121674762896;0.08217699199908178;0.6896049976348877
0.8;0.7;7;20;10;9;0.5209481181372853;0.538571520538881;0.11549939986155087;-0.006471889475654409;0.0016690360352096662;0.10905965713021196;0.09023765565397597;0.03209873555532397;0.10774277522110758;0.018506709055357427;0.0035284074145732736;0.4803921568627451;0.8579986633452822;0.024856552650101456;0.4626038074493408
0.8;0.7;8;17;10;9;0.5242819306239598;0.5657836100707984;0.13936779327112453;0.02075458328977156;0.007302070898398885;0.11084183094996863;0.09202923912789022;0.03161115033690888;0.10027944509444112;0.01036128307267492;0.006708852616568571;0.5352112676056338;0.8772361014727428;0.015502341791800298;0.37192392349243164
0.8;0.7;9;19;10;10;0.5662458448532005;0.5672443926265027;0.12401652784284006;-0.0043481010241330645;-0.001314600494102042;0.12336510351423234;0.10492459206863795;0.033857927985592035;0.12148342970535803;0.02350898189857715;0.006933864919056331;0.5208333333333334;0.9041572692574601;0.01659058026110197;0.40962696075439453
0.8;0.8;0;34;10;9;0.519067576600498;0.5354223922541528;0.11265181431699746;-0.009831946976653615;0.002215456205855329;0.09576619239702115;0.07672074966755758;0.025004772073576535;0.10261644096619743;0.012888653308074831;0.006272959632117565;0.5471698113207547;0.9350861490266278;0.005170721897966431;0.8499755859375
0.8;0.8;1;28;10;10;0.5537853519341777;0.5564167405023176;0.14108201307164564;0.015235186714487797;0.003912141777173785;0.11084995445927343;0.09217537198266498;0.03499742586323608;0.0990435769399007;-0.001438864669719087;0.003536038410240465;0.39090909090909093;0.743095280925826;0.040310384369718254;0.6224315166473389
0.8;0.8;2;30;10;10;0.564378868848113;0.5638762036905641;0.12573677359089003;-0.0024571242052196696;-0.0007115311301033278;0.106111704634077;0.08730709266719783;0.026493219565054016;0.09706653843435668;-0.003602294892187916;-0.0034657411833248063;0.48863636363636365;0.8577252899771984;0.02997874290490337;0.7370519638061523
0.8;0.8;3;24;10;10;0.5572522712009156;0.5586337495776229;0.11057267303463714;-0.01968672028217011;-0.001152277813427714;0.10619725381512582;0.0874004140364731;0.026170307237386885;0.10158421949938815;0.0013735071290071925;-0.0003006786973054432;0.5614035087719298;0.9262275347335326;0.0046577008278055245;0.6327197551727295
0.8;0.8;4;22;10;10;0.557083980872229;0.5583266414929999;0.11725458038829047;-0.011810800561438522;-0.0006964788252967982;0.13075217648146842;0.11244765515144148;0.04280062395033236;0.114651739969036;0.015923482319101557;0.008205455465954558;0.4897959183673469;0.797785825815406;0.027285985828776435;0.597153902053833
0.8;0.8;5;34;10;10;0.5713517425151295;0.5707981215168278;0.12275066205522918;-0.005786510716441538;-0.002190046590612794;0.11576153284659861;0.09717786521156285;0.036265875478155504;0.1043618513727631;0.004499661955000017;0.002570000650820564;0.5119047619047619;0.8792144704705427;0.02072441584382819;0.7852210998535156
0.8;0.8;6;23;10;9;0.5248853698094839;0.5564008722108431;0.11537908533242004;-0.006623483453853631;-0.0023924544253788155;0.0827990407624143;0.06346803037614736;0.021757361169286966;0.08066058627693432;-0.011185840698056984;-0.0021026437431795183;0.5151515151515151;0.8247069936001235;0.020089114932590166;0.6069531440734863
0.8;0.8;7;112;10;9;0.5245073862411542;0.5499501606722331;0.13044153688993487;0.01047394224001069;0.003423995771725445;0.0902483202160245;0.07103752669546733;0.023500351980117424;0.08656761856985508;-0.004763078828448063;-0.0037152616956941595;0.48863636363636365;0.8678899082568806;0.008548017508670796;3.9279370307922363
0.8;0.8;8;25;10;9;0.5039806583818177;0.5448237780238708;0.1329080034861338;0.013219377257280644;-0.0022658956067928473;0.11468155292411784;0.09599504774716983;0.03316316987706455;0.10422163384063562;0.01476265746386811;0.0016348463804224877;0.4387755102040816;0.8063374324939814;0.029220259024277277;0.6348776817321777
0.8;0.8;9;29;10;9;0.5352446221037355;0.5536519852114926;0.12732436177789097;0.006823805352379991;0.0034078469991448692;0.11114753757724541;0.09243706429150202;0.03456465851258542;0.11472336491982048;0.026301453353173944;0.009220346412193067;0.5057471264367817;0.8880733944954128;0.010883917545037487;0.7708530426025391
0.8;0.9;0;30;10;9;0.507594952558957;0.532062856771387;0.12237894890207547;0.0011364521514436307;-0.0019972946269814903;0.09442203645485915;0.07540249770492187;0.02456783556649952;0.09590213329978904;0.005709085505754415;-0.0013264149763596398;0.5104166666666666;0.8918972106849514;0.014287977637264075;0.7849643230438232
0.8;0.9;1;26;10;10;0.5545050135697024;0.5535087139052559;0.13704651650704308;0.010857033379205953;0.002727736226340401;0.11194806978049307;0.09321532660762089;0.032685333605079685;0.10801373005672371;0.008442230317945705;0.0009661230848636012;0.453125;0.8244845615073493;0.03278193306787437;0.6106691360473633
0.8;0.9;2;31;10;9;0.480670616765717;0.5191049400076647;0.11880678243192574;-0.00250095748552397;-0.006740188275222601;0.10390662308134144;0.08494878503337773;0.032287465194457576;0.09156454361626824;0.0006931147665761516;0.0033597832431538754;0.4180327868852459;0.779455904968977;0.02993661167140906;0.7328643798828125
0.8;0.9;3;23;10;10;0.542764153749047;0.5442964439102178;0.12654146221475998;-0.0010967049127046536;-0.0003346317196307564;0.11565541747575746;0.09708063760706973;0.04361222704180505;0.10934585583563826;0.01013074752599467;0.012736079288616428;0.49;0.8523032713979924;0.0219838470043031;0.6844847202301025
0.8;0.9;4;25;10;10;0.5418749307276508;0.5400442157920139;0.11290915175422093;-0.01666899389661111;-0.003350381293613465;0.10305579297917099;0.08416247290244264;0.029182681569698776;0.09077660098957079;-0.010648045772215411;-0.004368478735148018;0.544;0.9262275347335326;0.008673002383946388;0.6014511585235596
0.8;0.9;5;21;10;10;0.5389271980385395;0.5402047047431898;0.12924593263724127;0.0018294456329182118;0.0036085270893870956;0.12697290254921506;0.10861836395284498;0.038298885910954344;0.11597401666755947;0.017314670051244766;0.005961493336698494;0.494949494949495;0.8753905281428217;0.016525190007206713;0.5748841762542725
0.8;0.9;6;29;10;10;0.5625874476105275;0.5659548114396528;0.1379778470097939;0.011639039490246254;-0.0007588092524296192;0.11398943728523511;0.09538840468895109;0.034411840771303645;0.11012094393560252;0.010909511885638155;0.0041873880135866;0.5309734513274337;0.910504536458735;0.009100792391629475;0.7418954372406006
0.8;0.9;7;23;10;10;0.5590135458407882;0.5578467173466106;0.12064609529166964;-0.008208255899278004;-0.002305426811282109;0.12131537791253845;0.10286492495716923;0.03824223035350646;0.11233121635884356;0.013336930697503314;0.005517970289249318;0.4322033898305085;0.7979045654416155;0.044216498322716694;0.5842833518981934
0.8;0.9;8;28;10;10;0.5499929808157542;0.5481975297059666;0.1305645868265792;0.003092926152609977;-7.20264824410399e-05;0.10862409691031166;0.08989397583615419;0.032516550382341934;0.10828514343571653;0.008870325155762618;0.004907257095851782;0.504950495049505;0.8824890122600048;0.01690754228432939;0.7690021991729736
0.8;0.9;9;33;10;10;0.5486785618659893;0.5486890994268514;0.1275482694284921;-0.00022456180516493065;-0.002803687880634888;0.09566901911458843;0.07668503133458976;0.025504492656145107;0.0880897036227712;-0.013604621152017153;-0.005770579318789017;0.5252525252525253;0.910529193754177;0.012928242902647998;0.9417972564697266
0.8;1.0;0;25;10;10;0.544163646551521;0.5431871765866692;0.12525090045075424;-0.003060131203474922;-0.0005122188658622173;0.1226513688689639;0.10422936223608856;0.03433096363779059;0.11008875820510897;0.01089752552084785;0.0004384256442493289;0.4864864864864865;0.8653211009174311;0.02187315939150816;0.6822972297668457
0.8;1.0;1;127;10;10;0.5407432126323746;0.539189537139171;0.13341264827844856;0.006385617892128299;-0.00028707820395451595;0.10105700025473786;0.08217634887624084;0.027940703585664202;0.1063256882487957;0.00664007197341808;0.004868978183370866;0.43548387096774194;0.8021234924234615;0.029383879201038816;4.301156044006348
0.8;1.0;2;30;10;9;0.4983835478297401;0.5320345752041274;0.12354738399614631;0.002654074777852889;-0.0020458971294291203;0.11895789138981978;0.10045851945784462;0.03513383380689908;0.11461671163013878;0.02610557592668315;0.0052595140437764675;0.5238095238095238;0.8754851312103221;0.01969335323375862;0.6672251224517822
0.8;1.0;3;27;10;10;0.5286935859034229;0.5332348329854163;0.13406309278632697;0.007286020372736577;0.0008504556781444094;0.12998214670691793;0.11173039830090857;0.0440670799695743;0.11865887441184422;0.02034946301643488;0.009188830146676152;0.54;0.8754851312103221;0.012584145288549842;0.7841427326202393
0.8;1.0;4;33;10;9;0.5129355230173712;0.5492342212475172;0.1172315646901997;-0.004706190837418991;0.0019630542176542693;0.11741141561772075;0.09888099238511584;0.03524129118710066;0.10432381438809743;0.01495373905963829;0.004121782824623337;0.5045871559633027;0.8754851312103221;0.022726466441349624;0.753101110458374
0.8;1.0;5;26;10;9;0.47378031393249775;0.5158301474629174;0.12073925760623233;-0.00039720958473463873;0.0002396007017511552;0.09535611446317019;0.07633888619307949;0.02918455303014441;0.10549788514650905;0.01603820007701349;0.006586815052881746;0.4700854700854701;0.8454768508640922;0.040935887602648074;0.7334012985229492
0.8;1.0;6;29;10;9;0.5053811321627787;0.5357080085851929;0.11087695955657163;-0.011834551714007375;-0.002885828095055395;0.08989424417716552;0.07079117860846872;0.02477353737489479;0.0834779941889486;-0.00804392837517893;-0.003790078319421788;0.5142857142857142;0.8754851312103221;0.017737484507191162;0.787304162979126
0.8;1.0;7;27;10;10;0.5413536267285012;0.542352839924631;0.1419545708231908;0.016127675876301012;0.002653757289464712;0.10728338448740968;0.0885462115936177;0.03367103841793946;0.0986326857337816;-0.0018449964442632338;0.0034873329913522005;0.49557522123893805;0.8761305032300093;0.01515710567191287;0.8306219577789307
0.8;1.0;8;31;10;10;0.5420138899745275;0.5406634291107562;0.1260756784584492;-0.001966905277995115;-0.0006540294501265034;0.10159505938270372;0.0827264708110548;0.025597571881431375;0.09752392484337197;-0.0030899275238716484;-0.0023124066957588684;0.5225225225225225;0.8824890122600048;0.023911981845589125;0.7938668727874756
0.8;1.0;9;38;10;10;0.49177330273736874;0.49920518684612836;0.11892476188354409;-0.009442984765904494;-0.005287987535933841;0.10125948704143095;0.08237530723412385;0.0283049883864959;0.12263138100737445;0.0246998697020276;0.0029940242492017114;0.4462809917355372;0.8158741808650064;0.03808442509781196;1.050163745880127
0.9;0.0;0;22;10;10;0.5592968743549473;0.5597422226240618;0.12421382789502347;-0.004167389322535886;-3.880795651326355e-06;0.1341427961398287;0.11596514923254178;0.0428697369207442;0.11563311064102293;0.017055394537648486;0.0044394184767149;0.38144329896907214;0.7300698343146652;0.04506529221704467;0.7291259765625
0.9;0.0;1;34;10;9;0.5196099068026807;0.5563091601857126;0.11721030689882263;-0.00448444017719826;0.004839292089115924;0.11972138083318622;0.10106193833993161;0.05210714333967005;0.09948908357387766;0.00915086654364787;0.00514792600399828;0;0.0;inf;1.0013220310211182
0.9;0.0;2;23;10;8;0.47130389712728815;0.5357697850202331;0.1268466351957908;0.014318002462161555;-0.00011056096370631982;0.08667516189131522;0.06728457407062435;0.021515289177252567;0.07325546322985384;-0.008439355302046264;-0.00027728506562790616;0;0.0;inf;0.5222513675689697
0.9;0.0;3;28;10;7;0.4157697891143693;0.5468353476786871;0.09886938093916545;-0.008595538989512031;-0.008297629168190407;0.08956113142739539;0.07007737202278058;0.0297069595493647;0.08569556018563107;0.016259599785348324;0.006861358613050033;0;0.0;inf;0.7156977653503418
0.9;0.0;4;40;10;9;0.5036845991973512;0.5367453779921858;0.1071056134329858;-0.015960818990463303;0.002856445704283393;0.10349841980566599;0.08454907430624051;0.026545009828176782;0.10250773119217925;0.012873366692544982;0.0021335645018340376;0;0.0;inf;1.1366760730743408
0.9;0.0;5;30;10;8;0.48696829142172865;0.5446942871281323;0.12319420476046665;0.01015459722385179;0.003007514818413678;0.10844638543022189;0.0894422488578149;0.031116344703248235;0.10532025587320334;0.026458176368192952;0.00941940138373755;0;0.0;inf;0.7331109046936035
0.9;0.0;6;28;10;8;0.49154330696420395;0.5646565666763632;0.12046196996307879;0.00689843588539236;-0.004342719236099843;0.09539415389546806;0.0762059874189029;0.026959787704454466;0.09658131611555434;0.017146561514759923;0.0021499458028815103;0;0.0;inf;0.6140751838684082
0.9;0.0;7;121;10;8;0.5011713752956181;0.5541325659877955;0.1128925339684168;-0.0013844760247970656;0.0020965004674905166;0.09481318907529881;0.07548798164316615;0.025645916690004864;0.08566269411830381;0.004953255380088756;0.0036469208319371486;0;0.0;inf;4.189032554626465
0.9;0.0;8;39;10;8;0.4922602668954015;0.5662498929706776;0.10253601141589982;-0.013334889730683844;-0.0016207012194242095;0.11140812623891001;0.09254662289237946;0.039768304318356824;0.09694118583546862;0.017571898922797077;0.008265417001678705;0;0.0;inf;0.9567406177520752
0.9;0.0;9;29;10;9;0.5204302357150498;0.5542407138125321;0.12108687898222728;-0.000177950497877159;0.00112254654900904;0.087406643198725;0.06813134352177808;0.024003257053237647;0.08664097631291633;-0.004687157970325155;-0.0018596731265508528;0;0.0;inf;0.8116862773895264
0.9;0.1;0;22;10;9;0.516700278859755;0.5459893367966312;0.12007371861625123;-0.0014890708538369442;-4.87383148241057e-05;0.10384423773323379;0.08494027638605173;0.02957673314520612;0.09200050767690228;0.0013703355722678374;-0.003871371138253842;0.0625;0.15553157042633567;0.47993705439639534;0.4914877414703369
0.9;0.1;1;22;10;9;0.5158747282601343;0.5603839648311659;0.12360109950240755;0.0030224899572322116;-0.0006075843013108853;0.11951198221947379;0.10089821538640145;0.03420649095963247;0.12128109847406579;0.033132893032465124;0.009737520652391203;0.0625;0.15553157042633567;0.5282071066961765;0.5375363826751709
0.9;0.1;2;28;10;8;0.4789836315070086;0.5417532750504997;0.1073460239654507;-0.007496289421267059;0.0015381605594671462;0.09232461651850346;0.07299113165203301;0.024560651796543192;0.08659342725873218;0.005714960801926411;-0.00028433371928131783;0.0625;0.15553157042633567;0.9492677596441614;0.605018138885498
0.9;0.1;3;40;10;8;0.482723739351275;0.5543983627509327;0.11887608940332381;0.005572611496912595;0.010381433875241507;0.10693561834003461;0.0879623268754504;0.0365098684539544;0.09469260023741712;0.01461687194769471;0.009591814344801488;0.0625;0.15553157042633567;0.992914925037584;0.9254488945007324
0.9;0.1;4;32;10;9;0.4904277228258125;0.5344400503881215;0.14385622546470223;0.027090552529106134;0.008487529351504009;0.09134070765373309;0.07207668428834599;0.026136546744113816;0.10735259367000688;0.01836682191185669;0.0069683228873471705;0.0625;0.15553157042633567;0.533491302001687;0.7073469161987305
0.9;0.1;5;42;10;8;0.46916846028122156;0.5187193511124883;0.11169214209701736;-0.002650054256422457;0.00466084447591261;0.0760013443921376;0.05632421512845523;0.023867709081312874;0.07739263877003498;-0.0037735661345747874;0.0008951049808683699;0.0625;0.15553157042633567;0.948459875944757;1.1009101867675781
0.9;0.1;6;37;10;8;0.49343860718519567;0.5483747556798505;0.10607541651536159;-0.009385139634244836;-0.001867933532365454;0.10507249546834616;0.08611435953337074;0.03642116274100259;0.09963471392089077;0.020524608622713457;0.009210656512663437;0.0625;0.15553157042633567;0.949946505113917;0.8068280220031738
0.9;0.1;7;33;10;8;0.4803959992986223;0.553610549173122;0.11492722346117995;0.0010369315901311614;-0.006254663294143823;0.08723178996725349;0.06787726957459683;0.021358812835050086;0.09292761858135791;0.012450727851583228;0.002119523707452289;0.0625;0.15553157042633567;1.0022831733605715;0.8403224945068359
0.9;0.1;8;26;10;9;0.5092648539642554;0.5442712902041614;0.12006708753450189;-0.0015059355443950817;0.004815508374578349;0.10642674901423492;0.08756201292841706;0.033990366708750504;0.09803894298056008;0.007971257937985268;0.004923124660341356;0.0625;0.15553157042633567;0.5005470988801823;0.584322452545166
0.9;0.1;9;118;10;10;0.5528454906807494;0.5543941287259079;0.13005581491781135;0.002435964990903628;-0.0014818632461867938;0.11245846860506761;0.09379562944478692;0.03607105850729222;0.11455280925553812;0.01586659663376798;0.008534342357328785;0.5125;0.8959132610508757;0.015946697899548612;3.6455466747283936
0.9;0.2;0;31;10;8;0.4836844192353139;0.542556773724779;0.11289473956282124;-0.0014352695151110947;-0.005911006754857537;0.10666511884928495;0.08771763261481574;0.030750833258416845;0.10041595685988874;0.020993246288031345;0.005837359793263973;0.125;0.29378185524974515;0.5551156177659968;0.5431869029998779
0.9;0.2;1;40;10;9;0.5107040029426396;0.549511291728089;0.11104335089362505;-0.011760277945260425;-0.0029212923377916504;0.11007658210831213;0.09130866212001518;0.03174999041039876;0.10699557994951446;0.017989282797723556;0.0031755206112736604;0.125;0.29378185524974515;0.2572120194319154;0.9545772075653076
0.9;0.2;2;32;10;9;0.5340521371787424;0.5796148890218227;0.13553778149193385;0.01615539381559736;0.0015060929973194958;0.10524749268265009;0.08636074689591976;0.02767415520306956;0.10802858851440407;0.01896042393000826;0.007546519182996541;0.125;0.29378185524974515;0.2918337233953567;0.7791564464569092
0.9;0.2;3;1000;10;10;0.557039244949549;0.5568349123364008;0.14646437632406759;0.02168884623936697;0.005968575180501805;0.11208421738648312;0.0934254216144686;0.035917091999824576;0.10955634929586604;0.010187896139655232;0.007432828544590818;0.5;0.8710281159968877;0.02229863773064487;35.75281858444214
0.9;0.2;4;37;10;8;0.45080097656055995;0.5479175296219062;0.11309510989541421;-0.0004874416944309841;0.0013642262715247338;0.0779289955097881;0.05834238366710357;0.0243282479837453;0.07782990508910795;-0.003557905267984687;-0.0017878784001958657;0.125;0.29378185524974515;0.6184744538638105;0.7999274730682373
0.9;0.2;5;32;10;8;0.4805512516901455;0.5380767017743392;0.12370500543570893;0.010857042024108504;0.0038612754400296485;0.08970280841410314;0.07036488961619357;0.025611437166318918;0.08206886290163218;0.0010672906358445223;9.032656589791335e-06;0.125;0.29378185524974515;0.5540824282386387;0.6687045097351074
0.9;0.2;6;35;10;8;0.480390572811234;0.5466994309458794;0.12193699445499448;0.008451077817696814;0.004922242863317608;0.09622167702760831;0.07708240333794267;0.02822061389873188;0.08986917475939495;0.0099773086915885;0.0017786734454215978;0.125;0.29378185524974515;0.5752449683592886;0.7853960990905762
0.9;0.2;7;34;10;10;0.5623582493073048;0.5650236448808745;0.13675438033749884;0.010218064054137565;-0.0014822528902108606;0.12551320746470024;0.10712762319494197;0.039251145020689354;0.11306021085970949;0.014153244009532046;0.006472038843308497;0.4444444444444444;0.8135497529992943;0.022259543455670282;0.7623684406280518
0.9;0.2;8;19;10;9;0.5096805921387044;0.5442515444139623;0.11546807148240745;-0.006319987599755496;-0.002253301926529954;0.10811094841645631;0.08931492605346186;0.028797622702919346;0.11147319927181072;0.022297165841516496;0.003208728754841692;0.125;0.29378185524974515;0.27492254118283244;0.45778417587280273
0.9;0.2;9;20;10;9;0.5417432477866543;0.5532151583120564;0.11627477147258837;-0.006023088178526041;-0.0015235023197273279;0.09818785672570085;0.07917073310478004;0.03289817860551201;0.09772757542421306;0.007889727404174936;0.006557147702946125;0.125;0.29378185524974515;0.2759405585719218;0.4588286876678467
0.9;0.3;0;24;10;10;0.5624973001198362;0.5643092853806998;0.12896708706153828;0.0014868952477948489;-0.00072246597062024;0.1001009237851458;0.08116679985355017;0.026500933578349335;0.08830989875518559;-0.0133512472648505;-0.004537950049097164;0.4;0.7554390563564874;0.0495694874832807;0.6812100410461426
0.9;0.3;1;39;10;9;0.5218284178535056;0.5376895545339067;0.13893530564372636;0.020401447276976705;0.00899942330756746;0.08590511944336647;0.06656146259114254;0.02384736226193545;0.08769352442844479;-0.00388768638269934;-0.0008952180648587586;0.2;0.4406727828746177;0.17029549850234849;0.8869717121124268
0.9;0.3;2;32;10;10;0.5413637279636508;0.5391962653301318;0.12387383119185959;-0.004555557484814576;0.003251415823275517;0.10477416172064397;0.0859780696892324;0.028360769996968058;0.10150491374185988;0.0013369114223178984;0.0005980633978497334;0.44086021505376344;0.8089963028892235;0.039148809909835235;0.9587898254394531
0.9;0.3;3;26;10;10;0.5555682008087106;0.5563703909612167;0.12496817649786805;-0.003184373116015316;-0.001875811906709771;0.11044510753135547;0.09176330959618605;0.02963851543774837;0.10659266630237364;0.006932421918101146;-0.0005818400391342833;0.45;0.8205631129389434;0.02479312905367392;0.6727049350738525
0.9;0.3;4;28;10;9;0.5315127665095242;0.5519046083878758;0.1268574371529172;0.006352503029348488;0.003386944453910797;0.09948205920838804;0.08047912807038989;0.02673296531033047;0.10929621782614372;0.020317050749214118;0.006515794500862032;0.2;0.4406727828746177;0.1683737564673011;0.7270102500915527
0.9;0.3;5;21;10;9;0.5092902451717987;0.5332413072772642;0.12005455031942795;-0.001027452731432792;-0.011400376013190841;0.09219280337771085;0.07301909510925579;0.024393937923227284;0.09617185509286831;0.005336850703759343;-0.00011140394960621897;0.2;0.4406727828746177;0.1595627684487722;0.47084689140319824
0.9;0.3;6;1000;10;9;0.525182416916844;0.5615213869259733;0.1271715402912137;0.0068869490701594215;0.006010657924748537;0.09952521871213488;0.080550196094663;0.027571256740095054;0.10334017262034555;0.013549897056976852;0.003647361582496746;0.2;0.4406727828746177;0.1832930249358351;36.18773913383484
0.9;0.3;7;18;10;10;0.5542160564236895;0.5537584677453913;0.12098079867562378;-0.007908829533380388;-0.0021373189242415856;0.10972983570522443;0.09101602676802781;0.03089496751367999;0.112074787796206;0.013084811129608753;0.005225708724981103;0.4264705882352941;0.7904851981462214;0.026045685503893135;0.45536303520202637
0.9;0.3;8;29;10;9;0.517478734742925;0.5550642097064474;0.12513875103176317;0.0045683906464258585;0.0012381060683951364;0.09841131374004754;0.07940013989645484;0.026405606022255727;0.09531761188309318;0.00471432984972146;0.003283843808288979;0.2;0.4406727828746177;0.18696546798635597;0.7618310451507568
0.9;0.3;9;36;9;9;0.5560538089438263;0.558450097264916;0.12749333839157798;0.007017102172179059;0.0018896617849699581;0.09960940289789852;0.08248190664960162;0.028094904408770955;0.09498237536157123;0.004508529966956602;-0.0009535583219067443;0.43956043956043955;0.8073394495412843;0.02037683943050037;0.8634920120239258
0.9;0.4;0;27;10;10;0.5473166714914968;0.5490153879696115;0.1400566764216408;0.014036068993881197;0.0008610170113550129;0.12305285505026223;0.10460334212585813;0.038138915631367;0.12074489625293197;0.02271324277953733;0.00875531385452604;0.45;0.8205631129389434;0.03449549136961952;0.6977908611297607
0.9;0.4;1;27;10;10;0.5568770507406933;0.5537864541921694;0.1196270630753432;-0.009289094953796028;-9.365854004978994e-06;0.13263215604576317;0.1143774193931928;0.04104645251991793;0.12437472233254641;0.02670850008616186;0.009825429561792666;0.3125;0.6295325469637395;0.08230886888385738;0.6428959369659424
0.9;0.4;2;41;10;9;0.5153627755791547;0.5289523171401257;0.12974821669520675;0.009701715925079343;-0.0018616162370050614;0.10472211975685422;0.08582579483586579;0.03680600335398683;0.11290044590327016;0.02429657474405488;0.009603552874727668;0.2625;0.549750204378236;0.10054155084868924;0.9258966445922852
0.9;0.4;3;19;10;10;0.5661672872298443;0.5596142992222529;0.14397371081492466;0.01852999472587372;0.0006565686825257424;0.1543229894286356;0.13655456887508685;0.05055580385348054;0.12689277582686614;0.02954908136417902;0.013890691953007243;0.47540983606557374;0.851967380224261;0.02426603697229268;0.42630910873413086
0.9;0.4;4;19;10;9;0.5378015596401857;0.5523873770339429;0.11989926537532077;-0.0018370284094484616;-0.00033188126204285233;0.10442981186788854;0.08559469384692152;0.03033178321403094;0.10909333005564532;0.020312430862216894;0.00505357233397058;0.2625;0.549750204378236;0.12920774956101488;0.5257539749145508
0.9;0.4;5;24;10;10;0.5535546791840766;0.5571065297531121;0.13140603962006042;0.004510845294007004;-0.0010007658149129896;0.1244236141578501;0.10601091001797115;0.04088376715597403;0.1098446500475057;0.010603849486968964;0.0034013799637533843;0.3875;0.7384246631953053;0.07801027442731127;0.5938904285430908
0.9;0.4;6;25;10;10;0.5564257441143924;0.5585460695817568;0.1262462247480015;-0.0015144287617462368;-0.002888511029746482;0.11173501084282772;0.09305761134117918;0.03457055826859526;0.11602320827998144;0.017390931877371285;0.0028411813218943097;0.45;0.8205631129389434;0.01731888908398137;0.6406810283660889
0.9;0.4;7;28;10;10;0.5535075213280432;0.554268781976961;0.1331091066478105;0.006173433002149488;-0.0007853713948977173;0.1323587833315049;0.1140975547884553;0.03919522820633681;0.11836106953334229;0.020002087144744298;0.006171248980436675;0.38095238095238093;0.7293894337235052;0.04942478575062955;0.632115364074707
0.9;0.4;8;34;10;8;0.47934491124040346;0.5511269754007591;0.1288022838159622;0.01676073558025973;0.006080926914188089;0.09610507405205729;0.07701876578175663;0.024872893209523503;0.09445708675649266;0.014365908364072623;0.00462756184302885;0.2625;0.549750204378236;0.19372285853473695;0.7813577651977539
0.9;0.4;9;33;10;9;0.5339480208593376;0.5522194600033332;0.11067309454278629;-0.012310386739290895;-0.0004106681709605912;0.08463525993792723;0.06535636566840468;0.02182740318718115;0.09417641658664487;0.003914315815654357;0.002361481152308894;0.2625;0.549750204378236;0.10354667256354125;0.8400847911834717
0.9;0.5;0;17;10;10;0.5474936363456372;0.5482946883155914;0.13037491401484141;0.0030013670010955356;-0.0025415930357598833;0.1264975809228041;0.1081090982762017;0.04045489337317343;0.11951296077936067;0.021300483465122297;0.009283156902651862;0.3875;0.7384246631953053;0.059363419142809376;0.39073824882507324
0.9;0.5;1;24;10;9;0.532169917895927;0.5445625513361247;0.11258888991618668;-0.009615373740899045;-0.0001658979311902506;0.10433915831246462;0.08539644355868953;0.03444747619725147;0.1141056664667199;0.02517080248686911;0.008885439298902174;0.3375;0.6671868301466174;0.06945003139045239;0.505483865737915
0.9;0.5;2;30;10;10;0.5699174705597763;0.570378399381535;0.12619067097985623;-0.0017812164773145028;0.0024337994855093965;0.0994595129092897;0.0805538678893302;0.0261935154059335;0.09530425766939893;-0.005597348205584473;-0.003042662976258808;0.5257731958762887;0.9041572692574601;0.010074693983309168;0.7190101146697998
0.9;0.5;3;24;10;10;0.5626685240857977;0.5614111710387755;0.12221666564464559;-0.006338793098587338;-0.001068437630186067;0.12070766524962112;0.10221893024372124;0.03289722027963519;0.11870063688288222;0.02038126890585726;0.004232250782956917;0.4235294117647059;0.7866555462885738;0.04137486871395804;0.5322830677032471
0.9;0.5;4;33;10;9;0.5205751988634628;0.5617288310363854;0.11916590655372324;-0.0022198506870664695;-0.006957188530670033;0.11491389381823255;0.09629528578934908;0.03345167458134648;0.1140459746710865;0.025248220856128975;0.006752977643906794;0.3375;0.6671868301466174;0.06792117604356;0.7798504829406738
0.9;0.5;5;23;10;10;0.5593661098135485;0.5583536758934508;0.1330936637138993;0.005959838321413532;0.0008086417626828291;0.11630261613693821;0.09770660878818016;0.030945389702537518;0.10315415368598022;0.0031696345795863873;-0.0033373408180100753;0.49107142857142855;0.8485471271730815;0.03064854111738846;0.6064178943634033
0.9;0.5;6;34;10;9;0.513832939137608;0.5475484864310105;0.1163722467921632;-0.005589259098319727;0.0029458952756288986;0.10052496217751053;0.08159424862645753;0.028304621009658762;0.09316317394111975;0.0024563796008622895;0.0038042131691067823;0.3375;0.6671868301466174;0.08969845486408647;0.8366515636444092
0.9;0.5;7;26;10;9;0.5375517092605366;0.5606719493786686;0.12444054390063548;0.003621853747534503;-0.002297532315299939;0.10633989896133587;0.08751828226842186;0.027678765304034385;0.10961686643678135;0.020695432794515453;0.0059789684489685935;0.3375;0.6671868301466174;0.09422791615880309;0.5725696086883545
0.9;0.5;8;35;10;10;0.5610640283395257;0.5607856288545516;0.12669671416396205;-0.0014601436536526623;-0.0002081020717451805;0.14627820225907331;0.12833414611976626;0.04465723720103992;0.13314935009332798;0.03654777680619375;0.011668070132848471;0.4375;0.8047068209014758;0.02669164514074518;0.8771359920501709
0.9;0.5;9;29;10;10;0.5661688938437553;0.566871469224557;0.13308953178423313;0.0060920914136425;0.003193920455647932;0.10222114891901905;0.08333576545835374;0.025674337837417203;0.10395576180568714;0.004034973579557173;0.0007238668135466226;0.3853211009174312;0.7354274257245275;0.05076404297482298;0.782151460647583
0.9;0.6;0;24;10;10;0.5638055348741425;0.5621885406530626;0.13981711786935125;0.01371038753522764;0.00043644272249752724;0.10990730106798699;0.09121294051212946;0.03225840393401435;0.105293907159272;0.005549171366641708;0.004656488573843111;0.46534653465346537;0.8396603025043391;0.030529944971666806;0.6486270427703857
0.9;0.6;1;17;10;10;0.552521958629834;0.5562223177018683;0.13217160814260373;0.005090636574319236;3.2542141623346095e-05;0.12987581360902956;0.11157251103901433;0.03893539908400294;0.12707784475548886;0.029682438485979123;0.008724586890331617;0.525;0.8486653915810498;0.0214110011005749;0.4174182415008545
0.9;0.6;2;26;10;10;0.5607471183866506;0.5601843498404838;0.12506971808269643;-0.0031132593319452735;-0.0006592824660065923;0.11733143593148711;0.09877435382444333;0.03448706827800635;0.10834985809488401;0.008943461007829487;0.003019887690260429;0.4024390243902439;0.7587235739928201;0.03971819971109745;0.5898091793060303
0.9;0.6;3;25;10;10;0.5399205265822459;0.5401556138298303;0.12715581026272424;-0.0002660113215324752;-0.003827970355266012;0.11381467614580379;0.09517010792358764;0.03273550297278662;0.109937376207676;0.010659694254138426;0.006235070383520245;0.45;0.8205631129389434;0.029019020491466582;0.6239793300628662
0.9;0.6;4;32;10;9;0.5248941202870486;0.566788328928028;0.11378567318075532;-0.008650521906129928;0.003412950204328702;0.10804999724816264;0.08930310275913039;0.031440825868971796;0.10503946243122576;0.01567171314335328;0.001877651529013023;0.4;0.7435256450697117;0.07467263343425865;0.6103708744049072
0.9;0.6;5;30;10;10;0.5630896334634575;0.5634265919088174;0.13586948359824907;0.0093695081547504;0.002124529085580229;0.10893142491159089;0.09020749938371846;0.029674227380021144;0.10682014693472913;0.007178350615883674;0.0009337877354110488;0.4270833333333333;0.7912810553807005;0.044007459893852796;0.7423868179321289
0.9;0.6;6;29;10;10;0.5596212115895763;0.5609319753781269;0.12211366731065966;-0.006524746671148852;-0.00271946061715796;0.1112667085057957;0.09255664179582025;0.02886134782866768;0.109342055474598;0.010045197065579258;0.0017360049586895574;0.4625;0.8309956896130426;0.04346554452687142;0.7572708129882812
0.9;0.6;7;24;10;10;0.5561452926758479;0.5541593436401606;0.1232612521384906;-0.005189476409736234;-0.00038148725146280334;0.11741089024335391;0.09886784909132368;0.03400629008865719;0.11909117237732313;0.02085071425776168;0.01238935394458951;0.475;0.8514694448763799;0.020002630393676887;0.6455016136169434
0.9;0.6;8;18;10;10;0.5727383556476611;0.5733953318953813;0.1247070805010093;-0.003418619959328822;-0.00039229202294839896;0.12193352923530504;0.10347236046677115;0.0346986309564707;0.10466480325147959;0.0047300022072956265;-0.0008456152757147191;0.4827586206896552;0.85847570580395;0.01799561756207908;0.4757850170135498
0.9;0.6;9;26;10;10;0.5618960036667558;0.5609655824533941;0.12538668245099185;-0.0025983640292286613;-0.0039683286069256;0.10314422895327194;0.08427701254973376;0.027737096973086118;0.09663579658858858;-0.00415790014263734;-0.0010609002330010306;0.48623853211009177;0.8650243515686941;0.02228456357950763;0.6493656635284424
0.9;0.7;0;28;10;10;0.5477471837986234;0.5496679155301468;0.12670925107541905;-0.0013746721874711167;-0.0019275127045224353;0.10137730757450447;0.0825013715431876;0.030990735075059;0.08299066130921234;-0.019229262749482945;-0.0034270337266182737;0.5;0.8813455657492354;0.016372189659054327;0.7352662086486816
0.9;0.7;1;19;10;10;0.5540878754954242;0.5576255613149642;0.14028579262982754;0.014591056361128748;0.001463903241974007;0.10662918773838638;0.08783854886956907;0.030076329909303184;0.09915778704891524;-0.0013053301293920565;-0.0027838192487340823;0.4523809523809524;0.8235524138968265;0.040427073573753206;0.550239086151123
0.9;0.7;2;33;10;10;0.5644356775724655;0.565712544562952;0.1192375444161736;-0.009820145121203114;0.00021614252591140577;0.1085423631660589;0.08978953830782757;0.034598032070713054;0.09524083544429832;-0.005687704225129898;0.0008748193518699234;0.5038167938931297;0.8858194011083687;0.01215440475576131;0.9173188209533691
0.9;0.7;3;34;10;9;0.5279135297678502;0.5620050603514947;0.1065683732757927;-0.016959229914679883;-0.0006523701517898458;0.1014200550167629;0.08253386078631487;0.029389458409820945;0.0928059279363942;0.002366833823022271;-0.00024279210925644916;0.45977011494252873;0.8327674637000649;0.03193835439267735;1.0134973526000977
0.9;0.7;4;30;10;10;0.5732781807823008;0.5735039837592301;0.12606050119763865;-0.0019981551367208154;-0.0012727306094496734;0.1337680558822947;0.11557763281868232;0.04031895224255395;0.12834289013033662;0.03111515965302171;0.011189571698410176;0.5157894736842106;0.8997069317023445;0.008335343490995708;1.03397536277771
0.9;0.7;5;25;10;10;0.5491442778556985;0.5496686942619166;0.12122625065543374;-0.007629740959958955;-0.0014506142704643916;0.11538969732698694;0.09680745877931682;0.03472673792601545;0.11946525311733053;0.021303124547487985;0.0076003866440507595;0.475;0.8514694448763799;0.028912913918680914;0.6453766822814941
0.9;0.7;6;25;10;10;0.5483908570811638;0.551337882724055;0.12277463426333943;-0.005589607189937543;-0.0027779319177066095;0.10423506181639923;0.08542822371059884;0.026798682638769944;0.1060685505681603;0.006355785500328022;-0.001330842435110005;0.4485981308411215;0.8187984610831607;0.03359110980007206;0.8393754959106445
0.9;0.7;7;32;10;9;0.5127548172885443;0.5393497367043697;0.135873587855041;0.016422197093292543;-3.7928497197084055e-05;0.10791059042710799;0.08917209480856093;0.03491217501304551;0.10595002658490507;0.016832007829529;0.008497723823975721;0.475;0.8496012229832343;0.029761904012741494;1.1006217002868652
0.9;0.7;8;19;10;10;0.560862265421351;0.5638461512880896;0.12729285538802235;-0.000626154729753448;-0.0007483749990708867;0.11900089621419285;0.10050397646630638;0.03454197293071826;0.10619070196986807;0.006506609312752008;0.0014696177313319842;0.4777777777777778;0.83632258505928;0.03399944003316553;0.5157477855682373
0.9;0.7;9;56;10;10;0.5628420344706337;0.5654951000661168;0.12904539321970263;0.001564870962233402;0.003901942166613467;0.11564470276433501;0.09707635901945627;0.030776393648189602;0.1035414144566188;0.00355249811068326;0.0016624126501357088;0.46226415094339623;0.810449092891841;0.047285993326140786;1.5529215335845947
0.9;0.8;0;23;10;10;0.5577500826541584;0.5555158771693695;0.13059011852761238;0.00309980679748252;-0.0009002049800664952;0.1048689954637564;0.08607833291275227;0.030240291015858695;0.09602222702710554;-0.004754203662087793;-0.001262279072731323;0.5168539325842697;0.85847570580395;0.019458294032356313;0.5357980728149414
0.9;0.8;1;20;10;10;0.554595559711026;0.5579487749539344;0.12299241344320232;-0.0051967423050799585;-0.00017745197309951413;0.09083354558599813;0.07171370541122726;0.02293393226632438;0.09533968025114851;-0.005578565999726488;-0.0007160869632266105;0.4639175257731959;0.8378989533531465;0.02442484778752599;0.5747842788696289
0.9;0.8;2;24;10;10;0.5532592952048688;0.5524861754840097;0.12516552023390476;-0.003040565424481369;0.0007456575467739968;0.11875323295263779;0.10023447422056686;0.03517092046243869;0.09984458062510904;-0.0005659180854262284;-0.0032044450122913704;0.47115384615384615;0.846782994543383;0.02881747867333221;0.6652436256408691
0.9;0.8;3;21;10;10;0.5468045827354456;0.5509624857352237;0.13064230564562726;0.0035004702908935097;3.222185285641392e-05;0.10580402106223047;0.08698358292010078;0.02916659752311219;0.09922889656567219;-0.0013742620481630068;-0.002941254545296489;0.5375;0.8742221362669367;0.01665358000144516;0.48355674743652344
0.9;0.8;4;21;10;10;0.560463128612624;0.5588185836487187;0.13048666352676141;0.0029664844463145336;0.00028448215966761156;0.1331762307608777;0.11497845367197669;0.039690246189837415;0.12888816615658788;0.03178987493745476;0.009447094537785687;0.4215686274509804;0.784093641252768;0.034461766248698594;0.5190443992614746
0.9;0.8;5;26;10;9;0.5121795563158578;0.541282756279125;0.1247401979442387;0.003660765444681124;0.0033857743443862086;0.09789989096125784;0.07896421643411403;0.028879232992313493;0.09329921095284949;0.003015697158455312;0.003237676511046176;0.45871559633027525;0.8314580808955051;0.025672780838379126;0.6758387088775635
0.9;0.8;6;22;10;10;0.5414837791783913;0.5397614361758191;0.13256475135880114;0.005460677218108344;-0.0010681877098120845;0.11449544580741666;0.09588203330543632;0.03635504707173985;0.11391539557866763;0.015113123078582116;0.006518472714157047;0.4387755102040816;0.8063374324939814;0.027074521474413315;0.7266128063201904
0.9;0.8;7;35;10;10;0.5569549953937026;0.5572153332852542;0.12063053440767076;-0.008238272575830574;0.0031309407587442935;0.1193511301603958;0.1008528115204412;0.03729407489750826;0.1083038035249096;0.008870420113286833;0.003769738538002064;0.48314606741573035;0.86131498470948;0.016367644762133683;0.9374761581420898
0.9;0.8;8;23;10;10;0.5626639459405217;0.5622948917040814;0.1227181636075203;-0.005851872692161805;-0.0018440338660796114;0.13468171480889235;0.11650699504768879;0.04046977447051381;0.12851710569277336;0.03133225812176216;0.006802758069385195;0.4787234042553192;0.8559831034255164;0.017997542138258934;0.5744478702545166
0.9;0.8;9;26;10;10;0.5639709316449177;0.5648744914641843;0.1494799212312082;0.024996127296498947;-0.0013516764483429546;0.11477458773912033;0.09617827033274023;0.03412286456634987;0.10585845745728394;0.00612866739879135;-0.000689767339656188;0.5192307692307693;0.9036581117175705;0.016379863581566564;0.6750600337982178
0.9;0.9;0;22;10;10;0.5696391169502365;0.5682529791071893;0.13468745376772398;0.007913221878018316;0.0018937732579044418;0.12650939524189184;0.10816977582421489;0.04278992190077077;0.11926722300060916;0.021038846608730805;0.011405052774487306;0.4661016949152542;0.8405897014371321;0.021352351454273905;0.4472970962524414
0.9;0.9;1;1000;10;9;0.5046473142025205;0.543981994666214;0.1176006822394496;-0.00398616965185886;-0.001227088996434358;0.09264630646924532;0.07357587260291634;0.03121031113122756;0.08774232734021231;-0.003626006557029114;0.000938379867653706;0.5163934426229508;0.8824890122600048;0.013874844644007785;34.35855197906494
0.9;0.9;2;23;10;10;0.5579852116754692;0.563062040520504;0.14856944863644783;0.02387312186581552;0.001049689329423087;0.09255518891335324;0.07349343646187134;0.028631786063162818;0.08963903742191551;-0.011946429752449849;-0.004073799442628827;0.5042735042735043;0.8682839577367049;0.01751682545126373;0.641181230545044
0.9;0.9;3;22;10;10;0.5629041267082103;0.5611400432970413;0.1195140035015915;-0.009534378144236404;-5.1125857398473924e-05;0.12240571043898756;0.10399242609263645;0.03600914386707248;0.11251235288045859;0.013556207084653528;0.002969590096575155;0.5212765957446809;0.9059985885673958;0.01213627966095903;0.6167566776275635
0.9;0.9;4;38;10;10;0.550544196503293;0.5527070767192184;0.13273747519130302;0.005695098878555684;0.000986800958922562;0.10792597919101407;0.08919208957836115;0.03471061828932205;0.11786449050756492;0.019475886565623286;0.007774661490076231;0.5306122448979592;0.89968035665468;0.011003110138173927;0.9739611148834229
0.9;0.9;5;24;10;10;0.5417672256810239;0.5449176183891618;0.1224464712960996;-0.005942608411466334;-0.003312858926580999;0.1142011799670127;0.09560639881249328;0.036045806310551466;0.11110809093519387;0.011952275904360248;0.0033854324340036376;0.45794392523364486;0.827676030132054;0.034855021503178985;0.6270713806152344
0.9;0.9;6;21;10;10;0.5643534498262635;0.5631759558089903;0.12357040319480365;-0.0048986771373954125;-0.0015556593937950732;0.1324489748154481;0.11424126074544287;0.04690997622624736;0.11488668298933925;0.01617887419824581;0.009005990376599804;0.5098039215686274;0.8927916120576671;0.015707086380332816;0.49470043182373047
0.9;0.9;7;17;10;10;0.5561110289089936;0.5557529346692759;0.12133724390381964;-0.007280149795251027;-0.0005860794757528521;0.13130913980272263;0.11307152915644411;0.043478465167056106;0.11404681553117019;0.015272580809707309;0.0075189166580786875;0.4722222222222222;0.8480872425134152;0.015916376229595238;0.41604042053222656
0.9;0.9;8;26;10;10;0.5543996087872383;0.5562851847718584;0.14203274803989802;0.01633142395099873;0.0020562749168692514;0.10719521024355418;0.08844004206581577;0.028938941146542184;0.09332653707145734;-0.007767538081884747;-0.003341557815078083;0.5212765957446809;0.9059985885673958;0.008311758595170485;0.6294453144073486
0.9;0.9;9;20;10;10;0.5692173874461187;0.5679257540253992;0.1450448488035362;0.019681756333434403;0.0002634920071144913;0.1340714545273028;0.11589852788085148;0.046251728829380105;0.11871123621431845;0.020475989395000664;0.01118171977965981;0.43478260869565216;0.7926858251024308;0.03912234508392397;0.5636217594146729
0.9;1.0;0;23;10;9;0.4937874862733817;0.5337023608831165;0.131188344609107;0.01150502057306564;0.01707701368843531;0.09532409557062393;0.07634077652035069;0.024513293403320667;0.09654252088050352;0.006007360333547109;0.004308653699884763;0.5045045045045045;0.8866230841070152;0.00846358106536381;0.5997264385223389
0.9;1.0;1;22;10;10;0.5432712137685215;0.5417913349856793;0.11754171516294327;-0.011617492608050256;-0.0007172832671099154;0.11279157678511881;0.09417539283502385;0.03265249057944901;0.10917548730802934;0.009804718151440857;0.00038851107158840184;0.5294117647058824;0.915243472124206;0.009552102512966239;0.5284867286682129
0.9;1.0;2;238;10;9;0.4887777358743118;0.5225455450842734;0.11499330827392724;-0.007219780715018902;-0.005917540347179388;0.08871659110345546;0.06959268037566026;0.02589016457869596;0.09111045933057699;0.00027502475440686664;-0.0015450067888520987;0.47368421052631576;0.8498689384010485;0.013328490310336664;7.904656171798706
0.9;1.0;3;27;10;9;0.482990691824115;0.5186206408769657;0.12590824271751558;0.004963918317250773;-0.0008094429960172494;0.08791454167699012;0.06876991758074864;0.025221323329217945;0.10067780174286112;0.011143787041495668;0.004338801504047311;0.48214285714285715;0.860108323201061;0.013743462479840866;0.6336314678192139
0.9;1.0;4;30;10;10;0.5386733653444702;0.5379081217603384;0.11954572204246271;-0.009578317449508471;-0.0005122831859381051;0.11433314612766654;0.09574492148620609;0.036483380683785885;0.10515153708504844;0.005394959510927611;0.0028013407350778196;0.46551724137931033;0.8398704803022126;0.0199174791774942;0.874309778213501
0.9;1.0;5;1000;10;9;0.4822523669131232;0.5207706841961299;0.12164981121488855;0.000570217840906343;0.00015010795763126196;0.09996298518060581;0.0810612395290049;0.027209342390948108;0.0939904539766276;0.003252743319726213;-0.0026267038084852343;0.46774193548387094;0.8426051013206975;0.018361498448045525;19.77639627456665
0.9;1.0;6;142;10;9;0.4925789937990945;0.5245856185173644;0.11974163055291054;-0.002040121951557263;-0.0017022530303954157;0.1098748900218084;0.09119938237099466;0.029873576390402876;0.10424420872438717;0.015015862133138711;0.00016263197009803277;0.5436893203883495;0.9312330506029657;0.006644620699964809;5.0486159324646
0.9;1.0;7;30;10;9;0.4893388428007702;0.5301226063270364;0.13002073177071713;0.00993252882390157;0.0030769784029826878;0.09734103419281052;0.07839738912013973;0.025450168927379807;0.09893459028263889;0.008906238845282567;-0.00039321518754234367;0.5370370370370371;0.9238200508455842;0.010034751260860321;1.0072875022888184
0.9;1.0;8;21;10;10;0.5230618344320682;0.520549900480485;0.12929436382078777;0.001721773239955219;-0.002237275221779744;0.11422444373601222;0.09562512175215895;0.03291291181436378;0.1362327023528448;0.03991653021217607;0.014843789346436055;0.432;0.7976423555942801;0.027225855746902144;0.6312375068664551
0.9;1.0;9;35;10;9;0.4860459805435692;0.5193036868733832;0.12909175272944237;0.008834269940479799;-0.007971833432629371;0.10830291624063733;0.08959728827047157;0.03017437102826412;0.09776834110523015;0.00759980023285637;0.0014390023729001218;0.5294117647058824;0.915243472124206;0.006618916362503988;0.9830195903778076
1.0;0.0;0;26;10;9;0.46256024285971226;0.4958797214958512;0.12013417595248355;-0.0010394396214951445;-0.0012794283023726744;0.07526780606108441;0.05575882054293304;0.022898352883843627;0.08098413339113476;-0.010965336639849487;-0.0024071267725772724;0;0.0;inf;0.7415122985839844
1.0;0.0;1;34;10;8;0.4759267238352843;0.5286028587724514;0.11234088954117458;-0.0021770792894890475;0.0018013184148114594;0.0758616422063223;0.05629281683551668;0.02097716541982553;0.07685451071998649;-0.0044425078822162714;-0.0035984533312304542;0;0.0;inf;0.841076135635376
1.0;0.0;2;126;10;9;0.518014970701102;0.5536465810089064;0.10627325789308607;-0.017110768622089587;-0.001435913006680543;0.09866092927826967;0.07967462672340611;0.025781028273699425;0.10727477528145771;0.018098607279705477;0.008397928913080695;0;0.0;inf;5.139624357223511
1.0;0.0;3;29;10;8;0.4525086754661081;0.5231747182111934;0.10549135240128583;-0.009751700046088056;0.003239722362156843;0.08222695993553676;0.06281535617542698;0.023425650221904553;0.08209526957549837;0.0010769503207929236;0.0035344258946819777;0;0.0;inf;0.8914055824279785
1.0;0.0;4;22;10;9;0.4922432702701073;0.5247003031690409;0.1063013093913109;-0.017297372298250274;0.0017633597531186186;0.10672977290537136;0.08792419366985979;0.03699818482350847;0.08755629294132024;-0.0033774796399472437;0.0012043206430710862;0;0.0;inf;0.6474828720092773
1.0;0.0;5;32;10;10;0.5465001194317322;0.5457706542071079;0.12572773703447593;-0.002182995965909284;-0.00035564214994758265;0.11614881887711317;0.09758523989318167;0.037196072693552164;0.10273678121087572;0.002610913199601832;-0.00011438692090915778;0.4044943820224719;0.7614825688073393;0.07956651597060266;1.200838565826416
1.0;0.0;6;22;10;9;0.49382211635325823;0.531859196532795;0.1204075327887993;-0.000990639035893522;-0.0002908252237515868;0.10176048035999175;0.08283404730176662;0.02899813318648465;0.09843497146582408;0.008308266428430962;-4.430532955121855e-05;0;0.0;inf;0.5491559505462646
1.0;0.0;7;46;10;9;0.4964448426672929;0.5266517425497974;0.11757524037241585;-0.003943442948594169;-0.007096847007845508;0.084017357683475;0.06470494769514505;0.021006720285391665;0.08185955365300679;-0.009924503011089818;-0.0050896215234648165;0;0.0;inf;1.8821721076965332
1.0;0.0;8;27;10;9;0.4957386901791838;0.5295286549010132;0.13449348928245575;0.01495486336582216;0.0026037554856970916;0.09317587134515896;0.07407811417320738;0.025315492385290614;0.09971058104569434;0.009961005853426425;0.004031346038111482;0;0.0;inf;0.6543831825256348
1.0;0.0;9;121;10;9;0.4954702933655564;0.5248333315539087;0.11428420485116464;-0.008216814424367384;-0.0003003212081732818;0.10567098699227227;0.08684499015013916;0.027325340749272134;0.1039496218769294;0.014685841070934381;0.001294474806691147;0;0.0;inf;4.259135484695435
1.0;0.1;0;27;10;8;0.4572378279178246;0.5234219485035598;0.11364092864613551;-0.0009210585700981625;-0.0021935195596575504;0.09311981058430349;0.07396951095547805;0.03191311625949865;0.08648638325773658;0.00633672467026393;0.0043842603298753;0.056179775280898875;0.1406402498536014;1.0304994464794572;0.7798130512237549
1.0;0.1;1;22;10;9;0.4990752574932199;0.5373938471762396;0.12020001889958318;-0.0012835870713437474;-0.003637250336757888;0.10192127193467164;0.08301369035695387;0.030609514925167572;0.09804145820342561;0.007921148206622115;0.0061475460088627025;0.056179775280898875;0.1406402498536014;0.5401555865134473;0.6105639934539795
1.0;0.1;2;344;10;8;0.4592251880897687;0.5268739114544676;0.10835234175989258;-0.00663254279407125;-0.00010513402147152948;0.08491995019267194;0.06559685168639676;0.020592580835911777;0.08618196486173699;0.005661481346926278;9.304245307190343e-05;0.056179775280898875;0.1406402498536014;1.0257842676511024;11.912713050842285
1.0;0.1;3;23;10;8;0.44527241823590075;0.5169041503402283;0.13354680348414652;0.021765354216606147;0.004617962348097432;0.07504346816444545;0.05550462858991836;0.01904081606944418;0.06136060637500065;-0.021162710241308624;-0.006481620559604748;0.056179775280898875;0.1406402498536014;1.0436610103479818;0.5311284065246582
1.0;0.1;4;30;10;9;0.4671367892833884;0.48696254515834675;0.12037220079579193;-0.0011693830245954645;-0.005170189688918459;0.0822131102498457;0.0628261370813869;0.021634776311796517;0.11333912887947613;0.02483218869499591;0.008488639263491589;0.056179775280898875;0.1406402498536014;1.0529626236720597;0.660102128982544
1.0;0.1;5;35;10;9;0.4849101663305774;0.5380070761530782;0.11414329947407675;-0.007725909694397061;0.001669147464775752;0.08687502003868922;0.06762856051164474;0.02272787093507277;0.1088216850567403;0.019592945213995898;0.011921182743323044;0.056179775280898875;0.1406402498536014;0.5843337902325041;0.7859940528869629
1.0;0.1;6;28;10;10;0.5120244465948837;0.5170592057822515;0.12758178125378059;0.00031997048484277865;8.989554767103062e-05;0.09498441614836817;0.07598642260538106;0.0257663236435193;0.09981644801143057;-0.00039734991168695837;-0.0036943248581669096;0.4157303370786517;0.7764234745886122;0.048295548233691574;0.7348294258117676
1.0;0.1;7;30;10;8;0.4327746027377313;0.502115464572049;0.11436372138179224;0.00016194598477978797;-0.0016275237054789358;0.08694894768367874;0.06767106913830477;0.02551751838533468;0.08364340908717059;0.0028404510679196056;0.0020395340644239054;0.056179775280898875;0.1406402498536014;1.0283121976505458;0.7507932186126709
1.0;0.1;8;17;10;9;0.48975101228079354;0.5190801630447911;0.11285627856273878;-0.00961343053333072;-4.888415534346299e-05;0.1091890568124499;0.09043599705855054;0.030818803626165507;0.11750069574055198;0.029386329867016357;0.011108665098977132;0.056179775280898875;0.1406402498536014;0.5320094989510812;0.5154690742492676
1.0;0.1;9;31;10;8;0.44548833392855036;0.5077552540362904;0.13116624357086387;0.019183172086303907;-0.002311120025517342;0.08372279411517114;0.06438295945474891;0.0244080123835266;0.08267123952450171;0.002002871467593584;0.002897246452287798;0.056179775280898875;0.1406402498536014;1.0151074239595426;0.9568767547607422
1.0;0.2;0;1000;10;9;0.49058814238568965;0.5168393468004441;0.13229941724028438;0.012524559146318765;-0.0004377147832359928;0.0913057482952797;0.07218823936450904;0.023717849190743937;0.08936670915429519;-0.0015922907145470983;-0.0025549153330065495;0.11235955056179775;0.2670744138634047;0.3186138590997417;36.14957046508789
1.0;0.2;1;23;10;9;0.4902211917840481;0.5107886947604061;0.11068995386396854;-0.012015414077625566;0.0010121742717504622;0.09913598968308206;0.08017809851144987;0.02847003457188208;0.09589734688819042;0.005441311272941414;0.0024137624524499354;0.11235955056179775;0.2670744138634047;0.34017416799285755;0.45620083808898926
1.0;0.2;2;37;10;8;0.4540950081153806;0.5303621163885861;0.11160558096028501;-0.0030808406916262325;-0.0011521924726661454;0.09621981120039202;0.07716473315687197;0.028208697707735514;0.09303164648524646;0.013318425003160127;0.010015008065849679;0.11235955056179775;0.2670744138634047;0.5937213368051161;0.8015596866607666
1.0;0.2;3;28;10;10;0.5226602383637126;0.5333356518459593;0.13455566430190627;0.008215703861608602;0.003923470361315468;0.08851793435909056;0.0693713082392279;0.02414675479876579;0.10640267624947393;0.0068224977995429365;0.0010017117242151756;0.3707865168539326;0.71519025417356;0.08091648232064952;0.6369233131408691
1.0;0.2;4;55;10;7;0.4017274724516065;0.5473608224091049;0.10111013225132323;-0.005891670472045162;-0.00024204876781157568;0.07034528507127304;0.050647603433677926;0.018588031821207843;0.06567284292309664;-0.005647590557963367;-0.002670820220645727;0.11235955056179775;0.2670744138634047;0.9380230548322656;1.4819214344024658
1.0;0.2;5;40;10;8;0.43892015845719856;0.5043989673732724;0.11593901086860728;0.0017421902311486129;-0.001167590866150464;0.07829872883414707;0.05886651618483336;0.020858003534650053;0.07144152040970843;-0.010094669499647055;-0.003441161547694637;0.11235955056179775;0.2670744138634047;0.5977089625277258;1.092228889465332
1.0;0.2;6;22;10;9;0.4855528138740955;0.5281915141143451;0.11473049638682721;-0.007130616364807896;-0.01137583597786087;0.09567075639158039;0.07660556286999681;0.028871914043232635;0.09531974514117646;0.004044778136413327;0.004243274740912495;0.11235955056179775;0.2670744138634047;0.3588151710979457;0.510667085647583
1.0;0.2;7;25;10;9;0.49647780802729696;0.530286817203355;0.11026358902465817;-0.012721612644362848;0.0014587829391021255;0.10126458227210247;0.08236521217737965;0.03049110562876819;0.11195621471411261;0.02349231277585807;0.010637060363970911;0.11235955056179775;0.2670744138634047;0.30585976749341415;0.6171417236328125
1.0;0.2;8;30;10;7;0.39144523753349375;0.505984974833951;0.10476155090341242;-0.0021366772240751205;-0.0014540387120781392;0.08679237277475887;0.06746530880496551;0.02615431936713562;0.08753996276385106;0.018432242002849486;0.005337823749066985;0.11235955056179775;0.2670744138634047;0.9221570681415178;0.6276414394378662
1.0;0.2;9;32;10;7;0.40902110564242444;0.5529817987403279;0.11907066335541143;0.014373449585823086;-0.00040059824460578024;0.06758560006471871;0.047825131129391296;0.015148609202887965;0.08099913706762259;0.010851113196400072;-0.0002576120820709207;0.11235955056179775;0.2670744138634047;0.953901488393999;0.7430768013000488
1.0;0.3;0;27;10;9;0.4804256246285718;0.5131813677567572;0.11149730657306146;-0.011095371285720131;-0.001598852767502615;0.09572441384224589;0.0767142672277124;0.026169700071206583;0.10248837385264789;0.012854130507811808;0.003284250950501613;0.1797752808988764;0.4029008300567934;0.20312072632121517;0.6800816059112549
1.0;0.3;1;26;10;9;0.47293508682195085;0.5216368719534974;0.11996342238520838;-0.001389191035112942;0.004990704853369919;0.08469202116818943;0.0654272111897995;0.0247698775605976;0.0864625845836343;-0.005004325781939156;-0.004005254388297929;0.1797752808988764;0.4029008300567934;0.2425726919256648;0.6030879020690918
1.0;0.3;2;35;10;9;0.4739384148210302;0.5090172402599036;0.12031643826346738;-0.0007724166289354981;0.0032979347235984995;0.0811292560426341;0.06178741299721339;0.025885774153706242;0.08538339606378686;-0.005887482615671657;9.208858265869435e-06;0.1797752808988764;0.4029008300567934;0.2576607089598728;1.0221538543701172
1.0;0.3;3;38;10;8;0.4489811448196381;0.5150176427088903;0.10760862047580336;-0.007704138519850966;-0.0033566332838870817;0.10118105336365114;0.08225292810060104;0.0350116275521455;0.09028752176643878;0.010481466889592887;0.0031667540753107944;0.1797752808988764;0.4029008300567934;0.3509247923258052;1.2700769901275635
1.0;0.3;4;32;10;8;0.44982701782531365;0.5360810596612162;0.12214119427917901;0.009200648001310523;0.0012219686917132365;0.0953879678162829;0.07631957779190018;0.028588333006781135;0.08941782695381016;0.009040214212597908;0.0032119559163294987;0.1797752808988764;0.4029008300567934;0.37266292116165534;0.9676406383514404
1.0;0.3;5;25;10;9;0.48093508919034944;0.52189714832495;0.11422436795963106;-0.00813638400796378;0.0008810227900524164;0.08301600704595032;0.06374693545537767;0.022427916300785444;0.09154443742161769;0.0009031763735673502;0.0030983218102524275;0.1797752808988764;0.4029008300567934;0.17548331424602678;0.6302750110626221
1.0;0.3;6;29;10;9;0.48748130028224124;0.5248729949249422;0.13182165897413847;0.012226317482638109;0.005630189730116456;0.08346688442299419;0.0641954469386013;0.023352226397581936;0.09382245069031472;0.003481591157971419;-0.0011050524387665385;0.1797752808988764;0.4029008300567934;0.20374162931966547;0.8868443965911865
1.0;0.3;7;24;10;10;0.554740399412451;0.5528293658925453;0.11484716264584857;-0.014821170700713305;0.0015739792741448122;0.10856471566259777;0.08985621363548094;0.03461265419924355;0.10716478120254849;0.007583621682202352;0.0029371987071081704;0.4044943820224719;0.7614825688073393;0.04178088585907425;0.6450972557067871
1.0;0.3;8;125;10;8;0.445870803249597;0.5265460788455718;0.11608388113272494;0.001911998754062037;0.004596418292597383;0.07604442009540421;0.05658382334903086;0.019039105237161978;0.07563518752806027;-0.005583286635176664;-0.0026882575653878285;0.1797752808988764;0.4029008300567934;0.35669396294286204;5.16276478767395
1.0;0.3;9;36;10;8;0.4485782883484006;0.5277713339077553;0.11278620770384727;-0.0013769344765744158;-0.007095259133746355;0.1239920128944042;0.1055315628275726;0.0412018883772688;0.11880723555064858;0.04078160672773998;0.01867840246497046;0.1797752808988764;0.4029008300567934;0.37204405439816945;0.9504168033599854
1.0;0.4;0;31;10;9;0.4976066639146976;0.5295734279530193;0.11324300564509954;-0.009356963221157097;-0.00015869200832914937;0.08401615604598325;0.06476292239750804;0.022043121629253697;0.08742494732292393;-0.003538378505491351;-0.0005883376247305923;0.23595505617977527;0.5047706422018349;0.14380188862298982;0.7455949783325195
1.0;0.4;1;24;10;9;0.5019574706871167;0.534544685307077;0.11803127751793288;-0.0038625484005294876;-0.0006208655660280214;0.10726987811131511;0.08851242361910051;0.03372108501915222;0.08872383260145784;-0.0020964920858078753;-0.0017875164429065876;0.23595505617977527;0.5047706422018349;0.1301807543939852;0.5156724452972412
1.0;0.4;2;34;10;7;0.38665527961794566;0.5274751092772018;0.10864749509346747;0.0023942696285243867;-0.0018408768016417317;0.08348037611683376;0.0641497191648366;0.024659245001860765;0.08113710264439612;0.011316460393353774;0.005817611222783626;0.23595505617977527;0.5047706422018349;0.372596760303671;0.8782660961151123
1.0;0.4;3;23;10;9;0.4948389977068096;0.5258118813847181;0.12254220012360378;0.0014307229267264572;-0.002255350481102276;0.09097296316901436;0.07187109099267165;0.021822586963624394;0.09401093410949084;0.0035457066084557142;-0.0008948260862845811;0.23595505617977527;0.5047706422018349;0.13838569860723227;0.6774697303771973
1.0;0.4;4;1000;10;8;0.44547523798829;0.5231462589373949;0.11877307589569673;0.004932952541806138;0.00662252995956735;0.0746772699797515;0.055213931246494326;0.017585027820656598;0.06846886384107007;-0.013314770471098651;-0.00776394643766118;0.23595505617977527;0.5047706422018349;0.22696859680973286;38.6271870136261
1.0;0.4;5;1000;10;8;0.46323321957234287;0.5436187248912375;0.11366271621762067;-0.0006769247934015498;0.0063826508738812435;0.08500144628123961;0.06575472684167848;0.02380401127081659;0.09240046223727535;0.012499489178941312;0.004121801423031678;0.23595505617977527;0.5047706422018349;0.22644167399416043;19.20035457611084
1.0;0.4;6;30;10;9;0.4961072564492662;0.532092809744369;0.12091411533546084;-0.00037599248274822775;-0.0028861193725373295;0.09677240341743476;0.07780286826252318;0.027391913465619457;0.09034040316041489;-0.000530464206959445;0.0005627680933189662;0.23595505617977527;0.5047706422018349;0.12117815031374451;1.0438172817230225
1.0;0.4;7;35;10;9;0.501237822824544;0.5296719148003103;0.1210412273379617;-0.0001662328169689788;0.004369929504375;0.10689191104656735;0.08812606455291505;0.031550469168115346;0.11132749435014525;0.0224731563662697;0.007596422785620059;0.23595505617977527;0.5047706422018349;0.133703547128654;1.1672487258911133
1.0;0.4;8;24;10;8;0.44343467629639804;0.5170158477343076;0.1201488540511032;0.0063847468389449475;0.0015852518620587334;0.09229766040100272;0.07321111448245134;0.025327494546337606;0.09688943290007426;0.017735031228351426;0.005642824702673309;0.23595505617977527;0.5047706422018349;0.21692207256655538;0.5578351020812988
1.0;0.4;9;27;10;8;0.44320003964853666;0.5243662990223028;0.11591892043159073;0.0019190167512657347;-0.0024063882059037664;0.08534089243293652;0.06609913509389215;0.023079293455928657;0.10641178124402224;0.027711921161369887;0.009758176615257148;0.23595505617977527;0.5047706422018349;0.22546373329779829;0.8026165962219238
1.0;0.5;0;45;10;10;0.5134215334373176;0.5185221215787876;0.1278875750882781;0.0006152206009439456;-0.002527267335869305;0.10056384264526039;0.08168872654653687;0.02615157687355471;0.10732650661727586;0.007810005402671122;-0.0013024191123312391;0.4157303370786517;0.7764234745886122;0.037204430688864656;1.1041922569274902
1.0;0.5;1;1000;10;8;0.45400446409440354;0.5359223120999181;0.11987205542404358;0.006637675160257918;-0.00045342480608943404;0.10304507242823577;0.08419286176295025;0.029171870725115165;0.0969327826083912;0.017224342268204205;0.008490085642404518;0.30337078651685395;0.6154223347042075;0.13966611894631473;36.61981439590454
1.0;0.5;2;126;10;9;0.47161391132893643;0.5080160057347015;0.11999769663094241;-0.0013594651152707634;0.0011067879156111903;0.08314342152577911;0.06386450300337301;0.02436119615033363;0.09593401033798638;0.005577038728411964;-0.00025450532405902314;0.30337078651685395;0.6154223347042075;0.13287251878307146;4.413608551025391
1.0;0.5;3;32;10;9;0.4834894426305576;0.5236982438323867;0.11622827888238389;-0.005726677064311201;0.0047105703319009875;0.08647100045969817;0.06727608733362128;0.02358120782176871;0.09684154631776615;0.00670066636902308;0.0018947587261448726;0.30337078651685395;0.6154223347042075;0.12136883795381295;0.8274595737457275
1.0;0.5;4;32;10;9;0.48376706203228154;0.5185933270936601;0.12575469169557438;0.004955017114136987;-0.00022208394096258317;0.10379209520721414;0.08497509809453502;0.03259024066462073;0.10400214398951271;0.01455919419272464;0.00695490979908798;0.30337078651685395;0.6154223347042075;0.07393361842650384;0.8438601493835449
1.0;0.5;5;43;10;10;0.5307188368644141;0.5296341321180181;0.1403948348540214;0.014620969826681695;0.002874350144295522;0.13171827734572575;0.11349849097215288;0.03863670062681635;0.12365024643354411;0.025905287823592697;0.007439153893089711;0.48314606741573035;0.8444953561548773;0.0300909636845163;1.2758314609527588
1.0;0.5;6;139;10;10;0.5139826576032189;0.5207170242088015;0.1267450731300056;-0.0006772385165471304;0.00011085635081815729;0.11760631543070997;0.09908473476197466;0.03916992764134815;0.12207819054998595;0.024278982175506097;0.010936008753363811;0.39325842696629215;0.7463006806747559;0.046122040178566914;4.583677768707275
1.0;0.5;7;23;10;9;0.494239166199646;0.5253368637873808;0.11620542856533204;-0.006023103443493833;-0.002385124147542213;0.10038956973512417;0.08150533432025762;0.02890360514894367;0.10877112851838701;0.019963515992943968;0.004364602825764625;0.30337078651685395;0.6154223347042075;0.06814735760426491;0.55721116065979
1.0;0.5;8;1000;10;9;0.4968799636366332;0.5306335252766359;0.12145104465697203;-2.129830720841457e-05;0.001506047498179416;0.10794383378680807;0.0892138480756595;0.030458838067876467;0.10278404192674746;0.013369991032790565;0.0021904615797525965;0.30337078651685395;0.6154223347042075;0.07852968033957333;19.617881774902344
1.0;0.5;9;39;10;10;0.5075828531080866;0.5031907321280089;0.12261719765997327;-0.005383903163931345;-0.0031731245460247873;0.10076586418617031;0.08188872581343276;0.031454721398018845;0.11132466354741756;0.012095004158011789;0.004067445240616306;0.3707865168539326;0.71519025417356;0.06625735357456675;1.0017647743225098
1.0;0.6;0;32;10;9;0.4866625859407469;0.520836607453887;0.11906858710985305;-0.002596765851177631;0.00408013164277292;0.10303838394072884;0.08420668672526424;0.031497796984278674;0.09408569978368601;0.0036308014993307776;0.00048793584215938546;0.3595505617977528;0.6992493744787323;0.06466493850126294;0.7325613498687744
1.0;0.6;1;31;10;10;0.514213135336656;0.5117833266387394;0.13097295211038204;0.00363007628215316;-0.001026229818163353;0.08109142912136987;0.06180931264604717;0.02069899778940472;0.08147991200424702;-0.020936337469895563;-0.008595648782252243;0.42696629213483145;0.7911290905150618;0.034115440115571646;0.898841142654419
1.0;0.6;2;1000;10;10;0.5498104711082655;0.5490788928109211;0.13379300183526233;0.006963567427953258;-0.00045507935452255573;0.13040042883471187;0.1121471640111514;0.03965113061675289;0.13401927058468538;0.0373984059746972;0.009352198236326936;0.449438202247191;0.8042937833255739;0.042377752984072474;38.86511707305908
1.0;0.6;3;20;10;10;0.537393007158118;0.5374010288357343;0.11880286545025318;-0.010398200933352156;-0.00271391798087522;0.12124130332366839;0.10279811653698989;0.034297666628710116;0.12359858374568046;0.025903011959573643;0.007817291543673336;0.4044943820224719;0.7614825688073393;0.0445810294234905;0.7281782627105713
1.0;0.6;4;47;10;9;0.49206581806009486;0.5283312386144087;0.11523835967628304;-0.006839135114407653;0.0006550007709445439;0.09139791770880563;0.0723179575289837;0.02926929543506605;0.09547084683277554;0.005128290593710882;0.0011298885835946673;0.3595505617977528;0.6992493744787323;0.0807514957234257;1.103055715560913
1.0;0.6;5;28;10;9;0.4909825084964328;0.5206271780726258;0.11571740507672713;-0.006476318666327488;0.0013485019588343199;0.1082998720826845;0.08957744412338141;0.033005810461339734;0.10819489774726528;0.019264020502800152;0.0051676432241948836;0.3595505617977528;0.6992493744787323;0.06945962135168755;0.6964156627655029
1.0;0.6;6;28;10;9;0.4896541474448629;0.5273043119534966;0.12415126426577398;0.003327068988043372;0.0024729734652018547;0.10868906976186367;0.089976651554097;0.03133925039315613;0.10977189244733059;0.02076771870239028;0.005334356826669019;0.3595505617977528;0.6992493744787323;0.06404183318237712;0.6336071491241455
1.0;0.6;7;35;10;9;0.5124739072842306;0.5246970085276366;0.12861912135689668;0.008138274616485896;-0.004060654686732441;0.09316999516393164;0.0741230743464056;0.025440370147731206;0.0930075072397759;0.0025915445910584182;-0.0028348756066836583;0.3595505617977528;0.6992493744787323;0.08952925838155665;0.9566054344177246
1.0;0.6;8;125;10;10;0.5455551398255397;0.5510243175492977;0.13149740374418142;0.004238291710942057;0.003712913494264685;0.1106827726987522;0.09202972706399176;0.03453609011839596;0.09932093046943173;-0.0011311337393024525;0.002870297975248584;0.5168539325842697;0.8732191696942483;0.01336452082229967;4.745967864990234
1.0;0.6;9;124;10;10;0.5263669346941067;0.5286966412253377;0.1277459894314687;-0.00016361365970247966;-0.0010364931343393802;0.09975203523293091;0.08086066281186366;0.02984143663163625;0.09413935170252714;-0.006849129695397392;-0.0021988040619259743;0.4044943820224719;0.7614825688073393;0.0354498105502007;4.647529602050781
1.0;0.7;0;24;10;9;0.4948781930830816;0.52231875690356;0.10799748500855277;-0.0152030888320129;-0.003179186089213151;0.11232616642718665;0.09370307637403166;0.03141288357152691;0.12711983583338013;0.040034055274172656;0.009195043135265448;0.42696629213483145;0.7911290905150618;0.028618629816017746;0.6785290241241455
1.0;0.7;1;34;10;9;0.47978512883190033;0.5151207134601756;0.11585139578278025;-0.006133100107654383;-0.005649632434072019;0.0956709209060368;0.076682128923188;0.027942794835843603;0.09707699144228957;0.006879068162704033;0.0001473421409797598;0.42696629213483145;0.7911290905150618;0.05866752704625813;0.8226544857025146
1.0;0.7;2;49;10;8;0.4300964787552139;0.5192043080658153;0.1341603480854651;0.022379100768606552;0.0026644118982954088;0.08981184888866327;0.07070096415559829;0.028234084962171686;0.08695243559708972;0.0067780944342402645;0.006265929995254174;0.42696629213483145;0.7911290905150618;0.06807610131607691;1.4462435245513916
1.0;0.7;3;1000;10;10;0.5468098464141443;0.5487015442201647;0.13398042156613615;0.00717795247080568;-0.004387276291370566;0.11703880483206631;0.09851680497529945;0.034513356075287556;0.1176846430059161;0.01926382849371137;0.006470973895144151;0.42696629213483145;0.7911290905150618;0.02284676496907247;34.54805636405945
1.0;0.7;4;28;10;9;0.5029203165510034;0.5346059354691125;0.11717470705943545;-0.004809939740131397;-0.0029529402437837664;0.10795712639892674;0.08923253539012918;0.03420491774690461;0.0949484040568563;0.004698261664144869;0.0012458336705451919;0.42696629213483145;0.7911290905150618;0.054645077958977634;0.5338635444641113
1.0;0.7;5;30;10;10;0.5466404785699475;0.5451700736475072;0.12693437964004056;-0.0010551023837245147;-0.002100734978012201;0.11921825672778197;0.1007411372878154;0.03391007561249993;0.12373077084850624;0.02603118872452963;0.011334351717095726;0.4606741573033708;0.8338884968242766;0.020224776601260652;0.6690247058868408
1.0;0.7;6;16;10;9;0.4903651037783142;0.5246556215106052;0.11554330787051863;-0.00677563534266433;-0.0013242748587088261;0.10373221795216916;0.08492868628202793;0.028366172310667532;0.10761303951619601;0.018717724148047624;0.005024262576525561;0.42696629213483145;0.7911290905150618;0.028552868346340562;0.29129910469055176
1.0;0.7;7;124;10;10;0.5406511239499016;0.5364348220755729;0.12303128542113265;-0.005419978557175312;-0.002017271139348274;0.10030328368058145;0.0814171983786073;0.026712594069065135;0.10674936970007202;0.007124841184446114;-0.0006359252134135475;0.449438202247191;0.8198563402318468;0.04701747401673357;3.637847900390625
1.0;0.7;8;221;10;9;0.4917380323138105;0.5265880952072618;0.1400164379405353;0.02123939851791103;-0.00015890145982471233;0.11864873011314829;0.10014161654152876;0.03596629638190306;0.11448238117893347;0.0261828312087769;0.00906572843418955;0.42696629213483145;0.7911290905150618;0.0653132312434806;7.548234224319458
1.0;0.7;9;128;10;9;0.48963466481020984;0.5234784946892914;0.119524175168882;-0.00198372955997718;0.009350587448846188;0.0912867018861115;0.07221312340770004;0.02663608343988041;0.09570360724271676;0.005309289903362973;0.002378864687462325;0.42696629213483145;0.7911290905150618;0.05039159263618498;5.091766595840454
1.0;0.8;0;21;10;9;0.4926341298155824;0.5294130583706388;0.1211950659325283;-0.00034489191338849825;0.0017580841316753376;0.097329755747919;0.07839507518124869;0.0338975150140363;0.10128097558974151;0.011761681583443054;0.004648674404625024;0.48314606741573035;0.86131498470948;0.017436914239974684;0.6869115829467773
1.0;0.8;1;122;10;9;0.4840036493942833;0.519953436891507;0.11126624177574104;-0.011526370825911663;-0.0036828710822931956;0.10116733794977542;0.08230432372184683;0.027751519276921884;0.09472702167850282;0.0044747198805985796;0.001368920023596218;0.48314606741573035;0.8523032713979924;0.029840603911957635;4.137775659561157
1.0;0.8;2;114;10;10;0.5478663959281638;0.5480805297633516;0.13357155719092156;0.006626726973080905;-0.0014666752853252786;0.11785628836884729;0.09934525280694549;0.03332187610757241;0.11209767179718973;0.013077290176168863;0.0024042406244541223;0.48314606741573035;0.8471894517696045;0.024928512696657648;3.8561103343963623
1.0;0.8;3;30;10;10;0.5612448464468426;0.5590085811278687;0.1300127269289967;0.0024836663524137876;-0.0005019718475067905;0.12143954070595639;0.10301006992961906;0.03443047506627116;0.11436769434538102;0.015596796158189308;0.006887903636896511;0.5168539325842697;0.8732191696942483;0.013894842139844158;0.8514425754547119
1.0;0.8;4;128;10;9;0.4548220883679118;0.4940845135951662;0.11882698523992143;-0.003042083985542702;0.0013222524332063234;0.10252181424086712;0.08369438106895455;0.03291582528331797;0.10746052113605742;0.018562848747764565;0.00645246757429869;0.48314606741573035;0.86131498470948;0.017874337620196155;3.937502384185791
1.0;0.8;5;35;10;9;0.49605698530476633;0.5459816828729787;0.13058211943573206;0.010414071396404276;0.001863169641052512;0.10238052097408432;0.08354422137708765;0.03153327177112015;0.09629219469734077;0.006210823472415191;0.0027541454484985156;0.4777777777777778;0.8548389321928674;0.035467896326479835;0.9128384590148926
1.0;0.8;6;1000;10;9;0.4833293311040007;0.5193240087104461;0.1240022230358436;0.0030242583335770732;0.002520014346137426;0.08373545686440002;0.06451368840273636;0.02484976884318249;0.08873733364385684;-0.0022927639725628226;-0.0007090357370529284;0.48314606741573035;0.8523032713979924;0.023419570927062032;36.96605563163757
1.0;0.8;7;32;10;10;0.5157410643089181;0.5117911227592271;0.13177574312988694;0.004506408192893883;-0.001702369776425839;0.1004936099221226;0.08161627280022236;0.02691216460552316;0.10838548141263572;0.008972068185933775;0.0005159491415159601;0.48314606741573035;0.8410186639395157;0.029691554171553912;0.9246289730072021
1.0;0.8;8;32;10;9;0.47289069940315254;0.5127484304260406;0.12570321483226948;0.005236659256576399;0.00024482343089244203;0.0954414604884486;0.07646070647788378;0.0247470746593512;0.10569776751804504;0.016224073858463462;0.00343598680419697;0.48314606741573035;0.8146052420861581;0.03016751065315424;1.0267610549926758
1.0;0.8;9;27;10;9;0.4836402429131743;0.5170788133988797;0.12155847647281863;0.00013533221920766555;0.00035067121550442083;0.10525312765123819;0.08648262636325192;0.03442333145769214;0.10448501600313786;0.01520952407573017;0.007277273550150061;0.48314606741573035;0.86131498470948;0.023828363336302623;0.9205770492553711
1.0;0.9;0;1000;10;10;0.5547924017323007;0.5550639904088469;0.13138325198033493;0.004019309201718975;-0.0019748461632879766;0.13898329549962735;0.12091796135048323;0.04331848726644494;0.12082287404896781;0.02280121838583097;0.004473080007573369;0.550561797752809;0.8097564013594548;0.024970097881646607;34.98221492767334
1.0;0.9;1;25;10;10;0.5169015805486745;0.5227582159289726;0.13281317485888022;0.005719833465929793;0.001809869241148283;0.09739376884979137;0.07846012024130303;0.025623190423303157;0.10364853884683146;0.0036951277739988965;0.002653005414982871;0.550561797752809;0.8806073725750154;0.015267521382594934;0.6126255989074707
1.0;0.9;2;121;10;10;0.5259336619213055;0.5299627439920697;0.11487825189659552;-0.014542083641322473;-0.004975623366951237;0.1161124658235449;0.09757366697646488;0.03486762329352136;0.1166715833932361;0.01810743424220154;0.006712902456650217;0.5384615384615384;0.8960657662947741;0.014281541950567994;3.853037118911743
1.0;0.9;3;33;10;9;0.47213299977120304;0.5125832966542292;0.11326588021371212;-0.009441265532397538;-0.0013239983208274313;0.11674769165359845;0.09822270149445891;0.03707391944805668;0.11786300883017263;0.03002939881029795;0.01070904395528106;0.550561797752809;0.9362237062149464;0.007531465583735627;1.04046630859375
1.0;0.9;4;34;10;9;0.4600963138727571;0.4992428251844712;0.1214306869231608;6.1010470854838735e-05;0.00307651236677191;0.08828119200012471;0.06915626139384112;0.02310050567578451;0.09733339423038326;0.007299959679716361;0.001839608902330671;0.550561797752809;0.8644790324179638;0.016523385806078164;0.9193980693817139
1.0;0.9;5;28;10;9;0.4520414867195339;0.4905987431719363;0.1278561364177177;0.007558452711975706;0.005362234456025726;0.09102556152413056;0.07195742190070667;0.025557905723557574;0.10898767241866153;0.020038234315086344;0.004963313885919469;0.5444444444444444;0.861477369110957;0.015167550566725495;0.7734408378601074
1.0;0.9;6;38;10;9;0.48957248497258316;0.5413657091748919;0.10949804477131367;-0.013416844550782186;-0.0048469553122736184;0.0958167517648619;0.07685030708262744;0.025755533686940585;0.09880672617247845;0.008637631252467111;0.005071409684302187;0.550561797752809;0.9211233238566409;0.011154424499971304;0.8294193744659424
1.0;0.9;7;27;10;8;0.4167253481893679;0.5072943311290419;0.12043463377096592;0.006797869505650889;-0.004625843965430349;0.08367215429511302;0.06445408244981758;0.023519934697796455;0.09180880875972497;0.012053174162117004;0.007452112465449188;0.5494505494505495;0.9100667938931297;0.00868552236679123;0.7232487201690674
1.0;0.9;8;30;10;9;0.4852081497881543;0.526854980186086;0.12077549317373332;-0.0008988497938655879;0.0006501881330740441;0.1057697741138384;0.08701109277532862;0.02973480937667832;0.11479278264988427;0.026645903004456028;0.008034167544286118;0.5212765957446809;0.8660451176216195;0.021377458094391594;0.8269355297088623
1.0;0.9;9;25;10;9;0.4824227453023522;0.5229222350580618;0.12957745504213763;0.009388610293713195;0.00904946421625653;0.09891484071142681;0.08001370295933685;0.02916202605609847;0.10453233546417451;0.015138861287348806;0.002758737764550908;0.5444444444444444;0.89968035665468;0.016042845922679322;0.7394721508026123
1.0;1.0;0;31;10;9;0.47316743694028485;0.5090149260529316;0.10807329924288255;-0.015175407084969192;-0.0011882729475537004;0.10028522237624624;0.081418949223807;0.025936985192335706;0.10610238915576486;0.016951716535357927;0.004015716680376968;0.5934065934065934;0.9650865060183302;0.0005930860916372458;0.8241837024688721
1.0;1.0;1;1000;10;8;0.3963667839551443;0.48031533138464316;0.1002177379977673;-0.015834556404395985;-0.0041598979102286235;0.07843826504037923;0.059113995998747795;0.021600494545879555;0.08620368226511686;0.005732419659262282;0.0041350541086603645;0.5869565217391305;0.9687473367666216;0.0005705197649185935;19.245028972625732
1.0;1.0;2;1000;10;9;0.4592618748858866;0.49555202898493184;0.11371358673242882;-0.008665951874229682;-0.0016878120512771623;0.09854826951769664;0.0796457755827115;0.030504906308651887;0.0963268914375092;0.0061021158803992465;0.001368401116771404;0.5869565217391305;0.9779313811738091;0.00034381722923788167;36.1474723815918
1.0;1.0;3;125;10;9;0.46738703179963204;0.5096809382581942;0.1260388360454202;0.005272800069276123;-0.0009732321180133146;0.10371397076424665;0.08491948061111274;0.02803584465201931;0.10571997409113967;0.01644473718879991;0.002184824212970062;0.5806451612903226;0.94872910761124;0.00117777798811124;4.277551174163818
1.0;1.0;4;22;10;9;0.4580681148122337;0.49789928879534645;0.13199872446787558;0.012121138466542605;0.005282268688652021;0.09379124302518255;0.07478879650832769;0.026499416059527717;0.10180819357459492;0.012293834180263653;0.0060866397313641615;0.574468085106383;0.964716092239028;0.0007080090924770539;0.6318473815917969
1.0;1.0;5;39;10;10;0.5158406672077106;0.5181565566335298;0.12856710266349178;0.0010455853037011466;-0.0016295789297369196;0.09331841145269296;0.0743055958799774;0.022913059267638744;0.10673840965010986;0.007121088884635379;0.0029881356735720105;0.6;0.990221437133304;8.663891444116731e-05;0.9714376926422119
1.0;1.0;6;28;10;9;0.4596394410249195;0.5014565559173179;0.12489780349251876;0.0038938246996043807;0.000692058147205859;0.09609510305496481;0.07714093757815209;0.03248946847636258;0.0928673746701314;0.0024387930787434266;0.006392107628099662;0.5913978494623656;0.9687473367666216;0.00048384435070496007;0.6783797740936279
1.0;1.0;7;30;10;9;0.4803668312541957;0.5265431018595111;0.12558818773744154;0.004777407029871937;0.0021574088496817776;0.10028863144236025;0.0814221174859485;0.03022928494400941;0.10563390545203802;0.016372518091038447;0.004493467434344262;0.5934065934065934;0.9615497712276081;0.0006300783440469531;0.814211368560791
1.0;1.0;8;125;10;10;0.51287406827563;0.5127466828210497;0.14086050001027914;0.014870589953597446;0.0007090488383009933;0.10326168709923043;0.08445768596800883;0.030101077077688283;0.11392621718480728;0.015148917060189964;0.005578398959803932;0.5684210526315789;0.9582414875931283;0.0008409690262629523;4.2759740352630615
1.0;1.0;9;1000;10;8;0.3834076172987186;0.477970031680968;0.13485830941242874;0.0231531680509776;-0.00027802906714424747;0.07371410814899262;0.0542908077640754;0.017713286080709132;0.07718831430897531;-0.00381809895474602;-0.0012191479036031136;0.5869565217391305;0.9779313811738091;0.0002956439270504073;34.85594987869263
