sensitive_p,fair_majority,fair_minority1,fair_minority2,tau_x_mean,tau_x_std,tau_x_var,tau_y_mean,tau_y_std,tau_y_var,NMI_rows_mean,NMI_rows_std,NMI_rows_var,AMI_rows_mean,AMI_rows_std,AMI_rows_var,ARI_rows_mean,ARI_rows_std,ARI_rows_var,NMI_cols_mean,NMI_cols_std,NMI_cols_var,AMI_cols_mean,AMI_cols_std,AMI_cols_var,ARI_cols_mean,ARI_cols_std,ARI_cols_var,NMI_van_rows_mean,NMI_van_rows_std,NMI_van_rows_var,AMI_van_rows_mean,AMI_van_rows_std,AMI_van_rows_var,ARI_van_rows_mean,ARI_van_rows_std,ARI_van_rows_var,NMI_van_cols_mean,NMI_van_cols_std,NMI_van_cols_var,AMI_van_cols_mean,AMI_van_cols_std,AMI_van_cols_var,ARI_van_cols_mean,ARI_van_cols_std,ARI_van_cols_var,balance_chierichetti_mean,balance_chierichetti_std,balance_chierichetti_var,balance_bera_mean,balance_bera_std,balance_bera_var,KL_fairness_error_mean,KL_fairness_error_std,KL_fairness_error_var,time_mean,time_std,time_var
0.0,0.0,0.0,0.0,0.3002833421075862,0.005736037068797364,3.2902121254617456e-05,0.3002835057717506,0.0057562521605794715,3.313443893617583e-05,0.8325638364617806,0.06683266150552879,0.004466604643912589,0.8320130076357204,0.0669910483073308,0.004487800553315129,0.6697716702555392,0.11215851465286869,0.01257953240913776,0.8309137443112092,0.0698903842158447,0.004884665805838395,0.83035574536715,0.07006197504498345,0.004908680347203883,0.6682657460398806,0.12015885904958165,0.01443815140809723,0.6511109781586673,0.1242264670699383,0.015432215120678463,0.6503291289567603,0.12447281446083922,0.015493481539802503,0.4483320595590724,0.15241948615410764,0.023231699759482208,0.6422608385270934,0.12363342771664425,0.015285224448966699,0.6414480833229261,0.12387932485145367,0.015346087125651988,0.4355302694974257,0.14994553041430517,0.02248366209122732,0.9884971499133199,0.004066742616624125,1.6538395509866838e-05,0.9933182227015569,0.002781556530807328,7.737056734076896e-06,2.324297324691898e-05,1.4536627838410053e-05,2.1131354891243812e-10,0.06271777153015133,0.03697299097120484,0.0013670020613567946
0.0,0.0,0.0,0.25,0.3017806075799755,0.004385184769150603,1.9229845459590428e-05,0.3017342090514153,0.004320103097529216,1.8663290773281525e-05,0.8298049452240879,0.1003766468891164,0.010075471240702362,0.8292903902180354,0.1004980233552277,0.010099852698307892,0.6767320240986925,0.13127885216696936,0.017234137026276998,0.8304839515803344,0.09994825027888547,0.009989652733810729,0.8299700994523601,0.10006422633022587,0.010012849391066668,0.6787494652661297,0.12866657116703745,0.01655508653588231,0.5854104781137888,0.18925345060338167,0.035816868565286625,0.5844901836790853,0.18961791354390595,0.03595495313674419,0.3840928786902923,0.24865402544678478,0.061828824370890295,0.5788395272196266,0.1910332173726616,0.03649369013975058,0.5778939130130571,0.1914036281365078,0.036635348863818556,0.3755322503934536,0.2541535047065025,0.06459400395459818,0.9865351273933364,0.0021136153356277458,4.467369787000788e-06,0.9919740169960953,0.0014208987921876983,2.0189533776404596e-06,2.3192227103829453e-05,5.875088360806668e-06,3.4516663247285974e-11,0.1929892539978027,0.1259571091932807,0.01586519335632804
0.0,0.0,0.0,0.5,0.29824051562600645,0.008373598007387921,7.011714358933097e-05,0.29820985825298835,0.00841664251314964,7.083987119415787e-05,0.7979486876412915,0.04267963598933848,0.0018215513281824363,0.7973233422356308,0.04278653760594286,0.0018306878003047625,0.617774231025217,0.07690041349215417,0.005913673595264286,0.797029604786359,0.04464074398772055,0.0019927960237772083,0.7963992165785648,0.044757292779484384,0.002003215256948485,0.6170810793305782,0.08244116835994805,0.0067965462405533,0.6521423417325974,0.106075280444514,0.011251965121382296,0.6514261814321101,0.10627022705349434,0.01129336115800124,0.47087692959284516,0.12603638576591134,0.01588517053693362,0.6465364922385444,0.10642140753085248,0.011325515980847784,0.6457986966957893,0.10661830441475209,0.011367462836276746,0.46482189020617837,0.12742800160423332,0.016237895592848488,0.9883821093721206,0.004134307039040539,1.7092494693060148e-05,0.9932407446794542,0.002827127854181129,7.992651903886796e-06,2.051447268160894e-05,1.164075284894386e-05,1.3550712689019457e-10,0.5829749822616577,0.5365499913956526,0.2878858932666749
0.0,0.0,0.0,0.75,0.2442761203178611,0.062395983861782967,0.00389325880207988,0.29736349129674944,0.00983121688629748,9.665282546542072e-05,0.7524333215307586,0.1336192462552582,0.01785410296982333,0.7502237338811883,0.1350058047341078,0.018226567311904047,0.5960272745983924,0.16534330968752503,0.027338410058424807,0.8109435194820078,0.10055964979872285,0.010112243167641782,0.8103767347452283,0.10069175132088261,0.010138828784066465,0.64153959225635,0.1383033970684199,0.01912782964066502,0.5506060754664963,0.22253290871172002,0.04952089545969872,0.5479546725850797,0.2246091358843569,0.05044926392271751,0.3592498262066222,0.2819433448551773,0.07949204970812544,0.5737297607963904,0.21062399328158435,0.044362466545880885,0.5727902070014044,0.21104649607430814,0.04454062350524296,0.3741335210857871,0.2795186812724162,0.07813069318027058,0.4933759234132369,0.5200682694344728,0.27047100487256737,0.4960594978257621,0.5228945931057695,0.2734187554992482,,,,1.3958786487579347,1.1101835179339083,1.2325074434921084
0.0,0.0,0.0,1.0,0.14761456466656475,0.021987277630778745,0.0004834403776129433,0.2592158675395673,0.029300112478821395,0.0008584965912715853,0.6426631913687618,0.07756352172247838,0.006016099901993376,0.638755021611363,0.07848502296891635,0.006159898830431328,0.4651409494830537,0.10683058984256233,0.011412774926109781,0.8540610610834214,0.06899839196330894,0.004760778093522415,0.8535530236626245,0.06916235624412956,0.0047834315212398875,0.6994683755129897,0.1184451723245537,0.014029258846993221,0.4348317482874232,0.10073454961862706,0.010147449486867636,0.43104222507327095,0.10143508116851738,0.010289075691663709,0.22559716359055743,0.13371811817976656,0.017880535129538015,0.5905157882427013,0.15062624431928123,0.022688265477731805,0.58954429460864,0.15090248493577232,0.022771559959790993,0.34924834240362734,0.1715563627089928,0.029431585585939495,0.0,0.0,0.0,0.0,0.0,0.0,,,,1.6757903099060059,1.2601489396296865,1.5879753500498233
0.0,0.0,0.25,0.0,0.30077931698153704,0.006333415245221551,4.0112148668404754e-05,0.3006691551946753,0.006386849522309035,4.079184682061915e-05,0.8216719735052729,0.05875726826295495,0.0034524165737248535,0.8210981678206071,0.05888943738336387,0.0034679658353291344,0.652532000449846,0.09398431367272603,0.008833051216533355,0.8222488479885669,0.05692381340744793,0.003240320532845949,0.8216754505242907,0.0570485214313245,0.003254533797500291,0.6545435816604349,0.08849320799934926,0.007831047862016091,0.6583376019750876,0.12327769762195064,0.015197390730969092,0.6575983702175624,0.1235084305712457,0.01525433242217222,0.46400792669171176,0.14934288259810416,0.022303296582711123,0.6516502537378827,0.12308577279398873,0.015150107464293417,0.6508888767377182,0.12331377495629066,0.015206287093970696,0.45398244411419875,0.1484897941773654,0.02204921897483634,0.9866424153808795,0.0030492562613777786,9.297963747551587e-06,0.9920452795258295,0.002050215366024198,4.2033830470817364e-06,2.6074570155182298e-05,1.0146286925278334e-05,1.0294713837007406e-10,0.20922060012817378,0.08780386670136746,0.007709519007711506
0.0,0.0,0.25,0.25,0.29922272412561673,0.010831498545059251,0.00011732136073162069,0.29907732827405825,0.010889600727834181,0.00011858340401164673,0.8218749752053025,0.1137567600861625,0.012940600465300734,0.8213533911502087,0.11396367107455083,0.012987718324788414,0.6670731423765789,0.17799678512729203,0.031682855515651365,0.8221578837640265,0.11342057663252371,0.012864227203654183,0.821635955273765,0.1136296575895631,0.012911699083921355,0.6691757294397048,0.17836696612274686,0.031814774603833126,0.6375619380833006,0.12466703798047918,0.015541870358826239,0.6367840217685181,0.12476882488476641,0.015567259663125508,0.43221763507219035,0.13311026061258777,0.017718341480351032,0.6302864631800913,0.12594209211522717,0.015861410566360364,0.6294830575728231,0.1260432004821276,0.01588688838777781,0.42203969704292127,0.1341975121823717,0.0180089722759378,0.987563110976619,0.0035555998561210096,1.2642290336847744e-05,0.9928654813230624,0.0027329050400067673,7.4687699576943906e-06,2.2759333996536544e-05,1.3519504471018147e-05,1.8277700114187966e-10,0.3577078342437744,0.22655965910285927,0.05132927913280381
0.0,0.0,0.25,0.5,0.2984841555492591,0.01363727819721564,0.00018597535662825309,0.29845135569774184,0.013711779049897722,0.00018801288471321405,0.8045137916592038,0.05707584720315569,0.003257652333957975,0.8038943170067737,0.05721671038391935,0.0032737519471573045,0.6208489650174803,0.10105628492114514,0.010212372722063668,0.8037594206812116,0.0574883104349114,0.0033049058366607428,0.8031349976990164,0.05763225818840598,0.003321477183895088,0.6200454940269127,0.10237971645758258,0.010481606341935006,0.6492785530254368,0.18120143647416695,0.03283396058030156,0.648530958972587,0.1815647389457505,0.032965754428438535,0.4695805207851388,0.24511583686814784,0.060081773483572465,0.6440095193143229,0.18394059016372216,0.0338341407097784,0.6432417199382543,0.18431316342787937,0.033971342212792174,0.4639821292554652,0.24884854767538434,0.061925599680148026,0.9875788907647743,0.003347746140532466,1.1207404221450021e-05,0.9926752402886807,0.0022507341753760417,5.06580432820567e-06,2.0659393891926115e-05,7.141994906824958e-06,5.100809124911364e-11,0.9354225158691406,0.9485859486848897,0.8998153020424121
0.0,0.0,0.25,0.75,0.2027548645793514,0.06577350920762344,0.004326154513485326,0.27881270951280224,0.030311426302228453,0.0009187825644754268,0.7290082498603843,0.12538113241307403,0.0157204283651848,0.7261710251725373,0.12710082101191805,0.01615461870190363,0.561650965688951,0.16366772974979624,0.026787125761452334,0.8462000050712305,0.06860790953997319,0.004707045251445144,0.8456811182493016,0.06877194972522986,0.004729581069009544,0.6943517943442714,0.11675916700035838,0.013632703078617575,0.5193512812233319,0.1344085625896479,0.018065661697415296,0.5164490902067431,0.13573137870192195,0.018423007164324552,0.29941048099478895,0.15353459911537692,0.023572873125519502,0.6140581209252944,0.10785403927781316,0.011632493788540064,0.6131496362287684,0.10808410148344974,0.011682172993484664,0.39157212682676035,0.13808775255859967,0.019068227406685054,0.29562603648424546,0.47600322477572804,0.22657906999689226,0.29736713457643693,0.4788066131804179,0.22925577282530232,,,,1.059746766090393,0.3586964979540573,0.12866317764450502
0.0,0.0,0.25,1.0,0.14696456374188097,0.02559639149130914,0.0006551752573763629,0.28619641669330165,0.013326291513963914,0.0001775900455151466,0.6788849677189911,0.08949363182201385,0.00800911013669417,0.6755349645135472,0.0904802155102335,0.0081866693987783,0.5280600756707303,0.11217251600069152,0.012582673345925393,0.8574133419574341,0.0740689122015807,0.005486203754725469,0.8569376087981346,0.07426447239822616,0.005515211860586894,0.717795017158894,0.12563132240440497,0.015783229169079545,0.49642112365917895,0.12578569890324665,0.015822042048578223,0.4932195006531363,0.1266442123532626,0.01603875652257827,0.27577526840271743,0.10703444293879376,0.011456371975217896,0.6528468942339114,0.16493537439132747,0.027203677725607358,0.6520470889564925,0.1652265944450609,0.02729982751191263,0.44718787185275194,0.18713212370367957,0.035018431721849236,0.0,0.0,0.0,0.0,0.0,0.0,,,,1.5419475793838502,0.8613966057628406,0.7420041124197427
0.0,0.0,0.5,0.0,0.30451082274281105,0.008190885425312025,6.709060405058896e-05,0.30441942574205405,0.008227988521214502,6.769979510523762e-05,0.8105850053411539,0.06886498611192508,0.004742386312195635,0.8099702269011602,0.06903729324983547,0.004766147859263777,0.6235277466718678,0.12293753101726239,0.01511363653262035,0.8092954273776194,0.0689675000368019,0.004756516061326269,0.8086739044999842,0.06914074901605773,0.004780443174501487,0.6215526153654918,0.12225671261153029,0.01494670377857831,0.6209518772963368,0.10857128603014989,0.01178772415024062,0.6201111733898171,0.10878636174381276,0.011834472501455688,0.40448104055394696,0.13957296851962167,0.019480613541379303,0.6135971265641244,0.10928054148118643,0.011942236746421309,0.6127284241851674,0.10949971448429648,0.011990187472142446,0.396002045899923,0.14209194994206914,0.02019012223833948,0.9886065813589141,0.003988263186035913,1.5906243241089332e-05,0.9933919388272516,0.0027288104433338405,7.44640643564783e-06,1.9881455248937843e-05,1.1192736405061993e-05,1.2527734823320008e-10,0.24294672012329097,0.11202051153837377,0.012548595005318929
0.0,0.0,0.5,0.25,0.29420132274071287,0.011937857292218667,0.00014251243672937843,0.2941996889934752,0.01179199582946248,0.00013905116564206051,0.7902608957984658,0.08732159165398443,0.007625060368985203,0.7896545425941675,0.08742359569811815,0.007642885084788022,0.6124493443531834,0.11857834537028282,0.014060823990754074,0.7908756744541707,0.08816856164713571,0.00777369526292477,0.7902708641636533,0.08827059333749811,0.007791697648153966,0.6154678335971188,0.11897020439118922,0.014153909532881339,0.5788775907507535,0.1626082539519022,0.026441444253286317,0.5779829608943621,0.1629676979224372,0.02655847056613874,0.3872365516184838,0.23475445413762974,0.0551096537374565,0.5727723223146446,0.1647037425587282,0.027127322812851812,0.5718544403469092,0.16506940826226923,0.027247909544055718,0.38067600641720667,0.24059775423659854,0.05788727934369467,0.9884671311216973,0.0035122175332259176,1.2335672000699549e-05,0.9933731021471894,0.0025153668196681474,6.327070237487451e-06,1.7986853843219924e-05,8.985364994561882e-06,8.073678408549806e-11,0.649467945098877,0.549702706377728,0.30217306539899863
0.0,0.0,0.5,0.5,0.2974730355760088,0.00610223177618656,3.723723265030098e-05,0.2974092849385843,0.006159762761132597,3.794267727343588e-05,0.8167681781599375,0.09847289483782984,0.009696911017742295,0.8162241668907617,0.09859592989343988,0.009721157391552111,0.6568043190484854,0.13123279231543733,0.017222045778906705,0.8158441764492885,0.09934588116074297,0.009869604103604466,0.8152957631387887,0.09947025529961598,0.00989433168937078,0.6554641333147788,0.13269521804706558,0.01760802089255828,0.6700706725748644,0.17113960557256594,0.029288764595533447,0.6693603701060675,0.17147690000013632,0.029404327233656755,0.49692637517584537,0.22224229080988334,0.049391635824424754,0.6634680991266879,0.17394385018526026,0.030256463017272268,0.6627339400998231,0.17428830814058177,0.03037641435450638,0.48772487914152174,0.22758539401839,0.05179511157050583,0.9889293856637892,0.0038596759931068033,1.489709877176499e-05,0.9937839741461769,0.0028421551997137185,8.077846179259727e-06,1.971304550120091e-05,1.4505230350360257e-05,2.1040170751701234e-10,0.9225119829177857,0.5958741535444951,0.35506600686236856
0.0,0.0,0.5,0.75,0.28372666156123477,0.04997044399910952,0.0024970452734681407,0.2980432479536982,0.006683107794443842,4.466392979215604e-05,0.8986429713375947,0.09719905893739937,0.009447657058316038,0.8979928598443971,0.09827267635237245,0.009657518917458145,0.7974690687068671,0.13929750119271447,0.019403793838534293,0.9129458839103457,0.05964564832470424,0.003557603364074293,0.9126095971110508,0.05983681594509044,0.0035804445424466296,0.8100105299338989,0.11679943989393592,0.013642109159537149,0.6314000526527235,0.10560990877220766,0.011153452830874024,0.6301905860075274,0.10619840428735203,0.011278101073179869,0.3837164540341882,0.11969068676556294,0.014325860498412104,0.6423759242085179,0.0917053824673211,0.008409877173477643,0.6414104060929241,0.09192670521820914,0.00845051913227552,0.39153357072904077,0.1243302334897077,0.015458006959605234,0.8868781094527364,0.3116175867011478,0.09710552034144737,0.8921014037293107,0.3134526550659638,0.09825256696790209,,,,0.5871091604232788,0.6660923737591851,0.4436790503801458
0.0,0.0,0.5,1.0,0.1325395775498396,0.028003878265830746,0.0007842171979274675,0.28277996070852407,0.01809214611542775,0.0003273257510619874,0.6685280601745429,0.11266582899156737,0.0126935890223571,0.6651446465163524,0.11390751868251148,0.0129749228124067,0.49867554627091193,0.1302601828160551,0.01696771522727209,0.8537954020749495,0.11952785779882584,0.01428690878997633,0.8533368913010703,0.11973764522490776,0.014337103684005877,0.712948488832968,0.18577660166210358,0.034512945725119905,0.47748987018371586,0.11968722242972134,0.01432503121294159,0.4742566576467205,0.12052317499328959,0.014525835710463104,0.23906606262343005,0.09584993976607226,0.009187210953159679,0.6531771027997577,0.15003053438526706,0.022509161247928802,0.6523677492704613,0.1502119926900565,0.022563642747917584,0.43225899086930586,0.16466281122057688,0.027113841399063345,0.0,0.0,0.0,0.0,0.0,0.0,,,,5.1970031499862674,8.585722412748723,73.71462934877576
0.0,0.0,0.75,0.0,0.20751380474422496,0.04782686803442971,0.0022874093059827546,0.27892714245711814,0.032778227154441335,0.0010744121753881552,0.7241586096017087,0.0949809147882259,0.00902137417400823,0.7210870334891155,0.09639709974850573,0.009292400839923365,0.5678286576572849,0.10666818248850755,0.01137810115540155,0.8359424827137623,0.05451256337088592,0.0029716195652648536,0.8354000036599862,0.05461940533116868,0.002983279438730498,0.6757954386172701,0.0722680450089813,0.005222670329420148,0.4529446800015178,0.16855786954333515,0.028411755384987993,0.4492424159471201,0.17013786840864262,0.02894689426663659,0.24395875136841366,0.18539666229859667,0.0343719223914599,0.5331331056814433,0.18535167169594144,0.03435524220048006,0.5321024117376318,0.18567607540256736,0.03447560497689988,0.3088519502804107,0.20985750881048482,0.044040174004142715,0.19778803822613553,0.4169777782232397,0.1738704675319893,0.19881852355953075,0.4191488004931162,0.17568571695481813,,,,1.3816434144973755,0.8913162116616905,0.7944445891709474
0.0,0.0,0.75,0.25,0.19236585689260138,0.055211844998242214,0.003048347828109924,0.28694195176549636,0.023500490519967603,0.0005522730546790871,0.7119460759932255,0.10575520510314394,0.011184163406408043,0.7088602379990543,0.10721146978985123,0.011494299254500184,0.5385726124851877,0.13980126387626238,0.019544393381400346,0.82922756693678,0.06756929318513855,0.004565609381539211,0.828662940651584,0.06772883451969092,0.004587195025395676,0.6604175467522244,0.11433194060787213,0.013071792643162,0.5038834869579856,0.06748862152753381,0.004554714035686699,0.5008075592955952,0.06846350707742516,0.004687251801340644,0.28155612320198353,0.08417168948743436,0.007084873311169068,0.6408973311773626,0.07809588667653998,0.006098967515794975,0.6400655578583055,0.07830047315296676,0.006130964095978467,0.4248055407717007,0.12402364086553058,0.015381863493542107,0.19711857379767828,0.4155625133600406,0.17269220251011388,0.1982680354773378,0.41798575195599846,0.17471208883822145,,,,1.1303100824356078,0.8753316048195482,0.7662054183959657
0.0,0.0,0.75,0.5,0.2466093895571809,0.07213739047140169,0.005203803104023475,0.28327773062938333,0.02490309047655171,0.0006201639152833206,0.7877210569825934,0.13126675677818828,0.017230961435064036,0.7862883099335851,0.13232513172454247,0.017509940485917513,0.6329626664203547,0.16853141691359722,0.028402838486904725,0.853858889688264,0.10267934143461718,0.010543047157446693,0.8533972671255196,0.1028075519783673,0.010569392743784696,0.7172574190368197,0.13847773241712555,0.019176082375389022,0.5386956900648651,0.14912534679480854,0.02223836905667191,0.5368750671052587,0.15008425245330395,0.022525282834467072,0.30582111286322483,0.1563403680687442,0.024442310687870412,0.5947048517059306,0.15823829888310292,0.025039359233418212,0.5937760780886212,0.1584403114651211,0.025103332297164587,0.3687752608961057,0.17474255619026563,0.030534960943908142,0.5920251858214921,0.509539156697749,0.25963015220825314,0.5953545945142064,0.5124028851656101,0.2625567167260414,,,,1.7825422525405883,1.4693141309204474,2.1588840153225095
0.0,0.0,0.75,0.75,0.2002960956354632,0.08203914284704901,0.006730420959078514,0.29905353266590473,0.009119049494558712,8.315706368421151e-05,0.744809565737893,0.11649373683404847,0.013570790721560541,0.7426662067502097,0.11793484701247388,0.013908628139855618,0.5802715413505577,0.14971126744077587,0.02241346359872352,0.8186104186949675,0.0634459661954762,0.004025390626477508,0.8180241356937368,0.06359844392363599,0.004044762069507871,0.6457985911283762,0.10920986324512275,0.011926794230018412,0.5239342642530191,0.14171979948923824,0.02008450156726989,0.521594770399479,0.14301591421000895,0.02045355171732464,0.2965571713460283,0.16556129580905096,0.027410542669972074,0.5900162014930875,0.13099538024404417,0.017159789645281715,0.589106698630301,0.13124597437371022,0.0172255057893046,0.36723071052648837,0.15204688003509567,0.02311825372840677,0.29562603648424546,0.47600322477572804,0.22657906999689226,0.29736713457643693,0.4788066131804179,0.22925577282530232,,,,0.8006733417510986,0.5792931514455554,0.3355805553117231
0.0,0.0,0.75,1.0,0.12653210520093758,0.023199458637434625,0.00053821488107004,0.2809288486154899,0.01162097143019852,0.00013504697698149025,0.694856140509748,0.0826662139754025,0.006833702933027032,0.6918369197845841,0.08351362526166078,0.0069745256043451075,0.5222404409803822,0.10111323579908935,0.010223886453762245,0.8902146044085333,0.07735252359182562,0.005983412906023939,0.8898291574378394,0.07757651718739773,0.006018116018926616,0.7753790038110445,0.14045665172382554,0.019728071013468025,0.49902393272722395,0.1023116490585373,0.010467673533077296,0.4960309479520489,0.10295475589986475,0.010599681762400734,0.24414260787300254,0.07694900753310745,0.005921149760330227,0.6828330842987221,0.1372519542341835,0.018838098941102402,0.6820368440807452,0.13750952757097334,0.018908870172792278,0.46657336551732864,0.16263673540919213,0.026450707704559567,0.0,0.0,0.0,0.0,0.0,0.0,,,,1.98481605052948,1.4410059021521278,2.0764980100372674
0.0,0.0,1.0,0.0,0.16078519059959,0.029091361156700725,0.0008463072939495958,0.27931007726278934,0.026560503656840106,0.0007054603545050167,0.6818130307260342,0.11470651898586913,0.013157585497855557,0.6783404862616447,0.11611436698461423,0.013482546220237673,0.5285762857948231,0.14723650377951505,0.02167858804521515,0.8553976595566635,0.11483553546875752,0.013187200206396268,0.8549428636056907,0.11502914539706531,0.013231704290779193,0.7142829527799462,0.17507903093529584,0.030652667073242275,0.47369996463036446,0.1390751368524235,0.019341893690520327,0.47018736874033273,0.14011785812883698,0.019633014166612884,0.2534203988489493,0.13938005305900672,0.01942679919073153,0.6305266218299526,0.17128167212906134,0.02933741120732727,0.6296735986186366,0.1715048339104358,0.029413908054646172,0.41068134341929763,0.18726445449895673,0.035067975918791836,0.0,0.0,0.0,0.0,0.0,0.0,,,,0.7771473884582519,0.6208402241009734,0.38544258386174685
0.0,0.0,1.0,0.25,0.14190847603780093,0.020403564006824245,0.0004163054241805738,0.27120967382051375,0.031882232722454495,0.001016476763368748,0.6581156517787704,0.06985151238012481,0.0048792337817907296,0.6545401526370265,0.07064632375984577,0.0049909030607809485,0.4882710455532927,0.08979350260382489,0.008062873109863106,0.8674422530776733,0.06446214598570052,0.004155368265081766,0.866964896891169,0.06461771434369441,0.00417544900700329,0.722355423530087,0.11045099065946763,0.012199421337657806,0.5194208193603839,0.0905266654163929,0.008195077151411545,0.5163520902717527,0.09116307225136668,0.0083107057423079,0.298756838319152,0.08129683206699713,0.006609174904129532,0.7437679123662198,0.10253485397179136,0.01051339627901658,0.743145412560877,0.10273828833049256,0.010555155889079425,0.5458590068550009,0.12499339257840766,0.015623348188259938,0.0,0.0,0.0,0.0,0.0,0.0,,,,0.8320811033248902,0.24622141737128297,0.060624986372323525
0.0,0.0,1.0,0.5,0.13901441006641463,0.02178381997791514,0.00047453481283021474,0.2698313438350625,0.03085651437974755,0.0009521244796675674,0.70217024128909,0.09377271486948843,0.008793322053994376,0.6991571286549437,0.09476570325916554,0.008980538514204219,0.5401671228884596,0.11783498964942703,0.013885084785680575,0.9143027510505002,0.07474618906259183,0.005586992779380722,0.9139947384396828,0.07497529902653763,0.005621295464118734,0.8252820160382051,0.13948925160471687,0.01945725131324401,0.4621431435628948,0.1345820528129309,0.018112328939342517,0.4588450301367336,0.13546557053690475,0.01835092080088912,0.21338441008446263,0.10676840209615157,0.011399491686165502,0.610401729463704,0.14669753690871037,0.02152016733508244,0.6093984553743884,0.14691364581947727,0.021583619327970812,0.35594148841930334,0.14545896385103368,0.021158310164616327,0.0,0.0,0.0,0.0,0.0,0.0,,,,1.700857901573181,1.2009980454813527,1.4423963052500293
0.0,0.0,1.0,0.75,0.13174861131486973,0.019406155859854606,0.00037659888525696925,0.2789445413529261,0.015189802558425178,0.00023073010176394008,0.7136133026330216,0.08464351389467513,0.007164524444438061,0.7107797834175037,0.08552008457776039,0.007313684866187291,0.5348017707652485,0.10605343476066138,0.01124733102453386,0.9103378381968399,0.06587991955554748,0.004340163800645407,0.9099919488494856,0.06609012931208214,0.0043679051924877385,0.8020943162839022,0.13329869511656608,0.017768542119779237,0.5156215454364915,0.09855295910430245,0.00971268574821431,0.5127297210913764,0.09917376476446688,0.00983543561755781,0.24657431432603616,0.0743643719884369,0.005530059821234619,0.6802128916253936,0.11293801350521065,0.012754994894503144,0.6793495358046557,0.11321098459799332,0.012816727033647082,0.43112682254181667,0.14585241887584066,0.021272928091933683,0.0,0.0,0.0,0.0,0.0,0.0,,,,2.803411030769348,6.8421428213189,46.814918387325754
0.0,0.0,1.0,1.0,0.12238764885626333,0.03208982401856725,0.0010297568055426154,0.2901094808077717,0.006230981228920122,3.882512707515491e-05,0.7385115297832938,0.10224516976219086,0.01045407473969923,0.7359788941984524,0.10327691654602904,0.010666121491255447,0.5573433283791519,0.1294597113772701,0.016759816869886077,0.9116021344573543,0.13039835106253428,0.017003729959827938,0.9113560721562968,0.13065600685962062,0.01707099212850123,0.839404122871036,0.20786763708563302,0.04320895454756443,0.5285797507056014,0.07908579210602869,0.0062545625130379905,0.5258374413804242,0.07958609033117678,0.00633394577420223,0.23714358020983178,0.05044364119597237,0.0025445609371080005,0.6672178164923135,0.12901652053733245,0.01664526257155993,0.6663693376660372,0.12908774266268636,0.016663645305747935,0.42785480427671113,0.11584599363948621,0.013420294242319879,0.0,0.0,0.0,0.0,0.0,0.0,,,,2.8635995864868162,6.234397966258341,38.86771800168614
0.0,0.25,0.0,0.0,0.3041563918750355,0.006491750072775754,4.214281900738401e-05,0.30411329311901164,0.006449384760106067,4.159456378388839e-05,0.8252969164307714,0.0718455734568648,0.005161786425345756,0.8247189977130006,0.0720214326502023,0.005187086760987626,0.6482351017444169,0.1265864308526839,0.01602412447602132,0.8293814238365205,0.06867207142610109,0.00471585339395153,0.8288175175303714,0.06883658906634922,0.004738475994289428,0.659703091762548,0.11966462661523865,0.014319622862964482,0.6114839343790042,0.13041183257008898,0.01700724607428892,0.610597773037137,0.13068880587177928,0.01707956398019161,0.3852700615348396,0.16975373660473306,0.02881633109126909,0.6075382193923227,0.12981431966846613,0.01685175759098671,0.6066364689963013,0.13009153889093286,0.016923808491011095,0.3799973414486228,0.1687678073916802,0.028482572811795268,0.9862241821197045,0.0022385331110205465,5.011030489135326e-06,0.9917645051586765,0.0015050864250743664,2.2652851469431367e-06,2.9417787723579785e-05,1.0639270781324298e-05,1.1319408275834093e-10,0.14736678600311276,0.07079436835220715,0.005011842590387988
0.0,0.25,0.0,0.25,0.30507462539034974,0.00751603884773027,5.649083996059056e-05,0.3050458045097487,0.0074892967226477,5.608956539986158e-05,0.8128903982457862,0.06785679386448815,0.004604544473567636,0.8122846845215734,0.06802512399988832,0.004627417495200181,0.6294133734909971,0.12114134099394654,0.014675224497811633,0.8157306612910207,0.06652940552610402,0.0044261617996568005,0.8151343727005598,0.06669341512902695,0.00444801162157272,0.6380730478097725,0.11851462781250541,0.01404571700553668,0.5667086278723675,0.0960369172421462,0.00922308947337484,0.5657449985146144,0.0962057067141413,0.009255538004367373,0.33083420172910233,0.10492145309863386,0.011008511320328825,0.5589227358565569,0.09701247451371726,0.009411420211274642,0.5579328319567718,0.0971857731720865,0.009445074507056249,0.3193531527168135,0.10339448808775173,0.010690420166928234,0.9861262297534882,0.002285742830423009,5.224620286830189e-06,0.9916984882510184,0.0015368292774007642,2.3618442278761552e-06,2.824962366689837e-05,9.621082116234529e-06,9.256522108732788e-11,0.5053421020507812,0.4719068334113626,0.22269605942033951
0.0,0.25,0.0,0.5,0.30233894751017676,0.01345322239303535,0.00018098919275646777,0.30222522859460715,0.01346829693431931,0.00018139502231099495,0.7757896485313045,0.08900062674462865,0.007921111560936708,0.775129540674555,0.08911966089652615,0.007942313958311813,0.5727734261657732,0.1294601869263847,0.01675993999901447,0.7776064993324393,0.08654819828178602,0.007490590625823349,0.7769507920286405,0.08665384239211563,0.0075088884013176154,0.5770388373395735,0.11975349822459547,0.014340900337028189,0.5869167731663437,0.18291609238511888,0.03345829685344135,0.5860935787130843,0.18319365444823846,0.0335599150301006,0.38010057315759144,0.2090836019624654,0.04371595260959866,0.5834038653961328,0.182392007161391,0.03326684427636091,0.582565867371934,0.18266579619554227,0.033366793099751386,0.37777480730801155,0.20700848234975072,0.04285251176474705,0.9874982004989861,0.0034503316550710175,1.1904788529985107e-05,0.9926208014456144,0.0023197325979323726,5.381159325910074e-06,2.322035343455788e-05,1.1575607173444908e-05,1.3399468143390922e-10,1.084752869606018,1.1138503273702038,1.2406625517827103
0.0,0.25,0.0,0.75,0.23388159671342135,0.07070035612791296,0.00499854035661372,0.2934454278571982,0.01874767956021351,0.00035147548889244743,0.7423320302906726,0.11791215016305322,0.013903275156074412,0.7402557645186488,0.11902325794041194,0.014166535930749834,0.5806420066497741,0.14192229780917764,0.020141938615436908,0.8154308646201057,0.09412221292031965,0.008858990965017986,0.8148777174606835,0.09423119323687244,0.008879517778844794,0.6514262160465849,0.11942142871554903,0.01426147763646296,0.6104642967417814,0.16677855384757925,0.027815086023489897,0.6085586644664462,0.1676125600608957,0.028093970290167372,0.4339000257840901,0.17341195245741312,0.030071705255092104,0.7007896398415193,0.1478399206125783,0.02185664212673346,0.7001851476808739,0.1479557347202623,0.02189089943661263,0.5356731752915123,0.14299831087490386,0.020448516913075646,0.4743210358884265,0.5032436190053123,0.2532541400695639,0.4836769627215844,0.5112241830333963,0.2613501653181636,,,,1.0481786251068115,0.7694333522563356,0.5920276835644221
0.0,0.25,0.0,1.0,0.13186902778933887,0.02419261636828629,0.0005852826867430738,0.2620929537905331,0.030421474005255567,0.0009254660806524401,0.6293318128450642,0.10656702448048007,0.011356530706623237,0.6254037982530145,0.10782951824110633,0.011627205004109083,0.4653174058197752,0.11335936749066275,0.012850346197883127,0.8404774999344997,0.14817128992098838,0.021954731156849594,0.840057753051822,0.14840825874634772,0.022025011264122894,0.717735982669294,0.2193714165099588,0.04812381838158583,0.4139131117003553,0.11935880255623209,0.014246523747657594,0.41012506574975405,0.12023368431547413,0.01445613884407309,0.19793546277741753,0.09018744472103438,0.008133775185309632,0.5803719651912733,0.16437375272756338,0.02701873058574215,0.5794621296250781,0.16448298867079347,0.02705465356207637,0.35912427979738476,0.14925211926386836,0.022276195104755984,0.0,0.0,0.0,0.0,0.0,0.0,,,,5.428598093986511,8.294735544102066,68.80263774659021
0.0,0.25,0.25,0.0,0.30176527954256255,0.009120493831332495,8.318340772737407e-05,0.3016746798437848,0.009180388283646907,8.42795290385214e-05,0.7797801905129075,0.0882528579098263,0.0077885669292519916,0.7791345324449998,0.0883701622422864,0.007809285574728022,0.5842315675787787,0.1280558217266143,0.016398293478078425,0.7795531129347163,0.08679307935086925,0.007533038623206286,0.7789039799569714,0.08690750343049969,0.007552914152522316,0.5843457499226263,0.12440368498583235,0.015476276838054208,0.5967018495002256,0.1401350686657969,0.01963783746996761,0.5958893583378991,0.1403007638903377,0.019684304348212285,0.39042540495318895,0.15693033314516688,0.02462712946105306,0.5888709694968429,0.14431009986765062,0.020825404923811294,0.5880318356882654,0.14448557416265648,0.0208760811411125,0.3809310152747761,0.16543002184806754,0.027367092128652105,0.9893028049678602,0.004108214259637561,1.6877424403089394e-05,0.9940609464766871,0.0030131544190958133,9.079099553316629e-06,1.703759396728126e-05,1.2846844650316598e-05,1.650414174693682e-10,0.5441169023513794,0.6732254118365721,0.45323245514252214
0.0,0.25,0.25,0.25,0.3030416931339552,0.0066860486606440525,4.470324669250012e-05,0.30304724272319933,0.006740368359010658,4.543256561515203e-05,0.8029790108745913,0.1293146596405193,0.016722281197943355,0.802431816945333,0.1294710546813897,0.0167627540003114,0.6367418496032634,0.1764446298129556,0.031132707389830944,0.8031976958687217,0.13184538264880982,0.01738320492581108,0.8026512724692196,0.1320133751255767,0.017427531212046234,0.6404706870259822,0.1848661115076156,0.03417547918394616,0.6047080694281892,0.15300597041650266,0.023410826983095684,0.6038539502924657,0.15324178410485684,0.02348304439563955,0.40448893539869346,0.20911379921708528,0.043728581023003456,0.6002320041627858,0.15480109168328832,0.023963377986337832,0.5993582269245662,0.1550435135130551,0.0240384910824729,0.40075900249695273,0.21431076493469542,0.04592910396689427,0.9884857577966646,0.00405439425328285,1.6438112761052995e-05,0.993310581958594,0.0027734953019296986,7.69227618982611e-06,2.2633604498865967e-05,1.5291800569205122e-05,2.3383916464834215e-10,0.3898584365844726,0.3050775607271359,0.09307231805921927
0.0,0.25,0.25,0.5,0.2997024278912309,0.01097296440552674,0.0001204059478449568,0.29959780187120705,0.011095751137950314,0.00012311569331532567,0.8273440496711894,0.0693545363479508,0.00481005171203923,0.8267734522219883,0.06952098262617962,0.004833167025309569,0.6543735195992451,0.11868278092048726,0.014085602487020375,0.8273846845277886,0.06975937670566866,0.004866370638363388,0.8268128285131476,0.06992850700725589,0.004889996092263837,0.6558012894414676,0.11981185972836747,0.014354881731570004,0.6017653686702664,0.19834662107801143,0.03934138209306425,0.6008672960801485,0.19874115997402636,0.039498048667821535,0.39354583029242857,0.264745517502902,0.07009018903787939,0.5925226868230824,0.2030352235828549,0.04122330201533988,0.5915931102368707,0.20344501275850646,0.04138987321630886,0.37989916512483063,0.2707331103921755,0.0732964170626219,0.9881021678000435,0.003910035462926982,1.5288377321346622e-05,0.9932276125588733,0.0029161208371060493,8.503760736604085e-06,2.3019702491577856e-05,1.487381053368433e-05,2.2123023979193893e-10,1.1257716178894044,0.7813308638937998,0.6104779188730315
0.0,0.25,0.25,0.75,0.20513984845864436,0.07950437339629987,0.006320945389138275,0.28632318733065515,0.027486647784653297,0.000755515806437586,0.7218851384662102,0.12784016794743192,0.016343108540827597,0.7194583486701791,0.12909392723964958,0.016665242050155935,0.5489122979613457,0.16134598922224944,0.02603252823810623,0.811439642555728,0.1007758384266691,0.010155769610598116,0.8108751293924016,0.10090873524294261,0.010182572848330289,0.6432497310459966,0.13864614707069273,0.01922275409754816,0.5596736310350974,0.10604705864050551,0.011245978646302815,0.5573504621995029,0.10713745403492839,0.011478434057086394,0.3571852226189236,0.17891643670172372,0.03201109132204191,0.638886834925718,0.08250412737789495,0.006806931034387915,0.6380479911707854,0.08280712475458286,0.006857019910121051,0.44028695445376276,0.177804886771435,0.03161457775980282,0.5956415735796708,0.3386466716130644,0.11468156819460666,0.728074894729225,0.22896429008120717,0.05242464613239119,0.6773353644824193,0.5830377409407193,0.3399330073612573,1.0166491270065308,0.7401767482130357,0.5478616185952236
0.0,0.25,0.25,1.0,0.12182780816043681,0.019627687953627404,0.0003852461344049703,0.26909757294183356,0.02757307340277195,0.00076027437687465,0.6359704679174144,0.08006248828852357,0.006410002030949973,0.6322402490355599,0.08095861726116717,0.006554297708840155,0.4619013575197511,0.08471279014188954,0.007176256813623817,0.8353890627180132,0.11494430948539225,0.013212194283073636,0.8348991360078182,0.11513622438682938,0.013256350166054325,0.6902227379642248,0.170947865636321,0.029223172765613654,0.44313087547780194,0.11050971690959316,0.01221239753143842,0.4396613105337937,0.11125645775844187,0.012377999392955958,0.21853344371390587,0.0963096908666128,0.009275556554822522,0.6251648644062915,0.1648572657356667,0.02717791806584022,0.6243426994969183,0.16506208336962244,0.027245491366320186,0.4201402533335278,0.17925781052215617,0.03213336263319724,0.23899106673673148,0.010856654780049093,0.00011786695301316282,0.37353833570810424,0.032545986223633666,0.0010592412192689524,1.8836731341800834,0.20189062048735182,0.040759822640767926,2.9401612043380743,5.879378946795867,34.567096800026476
0.0,0.25,0.5,0.0,0.3010640052272566,0.0072009524380867804,5.1853716015587946e-05,0.30105522789807204,0.007187789526951914,5.166431828375963e-05,0.8213300562997456,0.06075700948808096,0.0036914142019347593,0.8207551582018258,0.06089834217644347,0.003708608079839194,0.6524445007368872,0.10048108715251547,0.01009644887535141,0.8202556722261202,0.06243167319264946,0.003897713817633785,0.8196751798104932,0.06258120437816911,0.003916407141422173,0.6514315678279475,0.10552642278446715,0.011135825905686108,0.645540905219381,0.20780368524164394,0.04318237160000823,0.6447800054456879,0.2082070875043318,0.04335019128703648,0.46819791614789397,0.2679545917655971,0.07179966324826781,0.6390210357186658,0.21003808943741797,0.04411599901452079,0.6382373996904043,0.21044778484229273,0.04428827014502793,0.4599256212836971,0.2704911926490788,0.07316548530072106,0.9875248727167524,0.0034945895312860097,1.2212155992173774e-05,0.9927392625377832,0.0025326375106231847,6.4142527602156015e-06,2.330433310034116e-05,1.2337227278316588e-05,1.5220717691683893e-10,0.5003028869628905,0.5796132574118813,0.33595152816761176
0.0,0.25,0.5,0.25,0.3012184547878433,0.00496891147846377,2.4690081280809007e-05,0.3011216454008797,0.004967279310522352,2.4673863748743413e-05,0.7967508958986083,0.12151905971681648,0.014766881874459209,0.7961978193698367,0.12164873821953116,0.014798415510404022,0.6326296269852489,0.15685974642035966,0.02460498004705954,0.7949241199793693,0.12136137023622097,0.014728582185613102,0.7943627015361292,0.12148893133325546,0.014759560436496458,0.6286103815979394,0.1552782712170007,0.024111341512140422,0.6463361190900446,0.1760947197667998,0.03100935032974775,0.6456646672233237,0.17623723510349004,0.031059563036922824,0.467955822518155,0.17761084178779826,0.031545611120570305,0.6366919641723736,0.17920280941063066,0.03211364690066282,0.6359914846390361,0.17934900287605202,0.032166064832634116,0.4533865508657122,0.18079039104386496,0.032685165493793605,0.9885191026052688,0.0040911577586578525,1.673757180622634e-05,0.9933329451087293,0.0027975004282836283,7.826008646247083e-06,2.004003739848484e-05,1.2239178597241938e-05,1.4979749273518512e-10,0.7273476362228394,0.39741618270448126,0.15793962227540165
0.0,0.25,0.5,0.5,0.2965464738250548,0.00855725312970745,7.322658112588795e-05,0.29642187277331067,0.00865733764122964,7.494949503425159e-05,0.859851827210797,0.05827467095420344,0.003395937274820682,0.8593650732296674,0.05839728646214007,0.0034102430661412477,0.7137807035359326,0.08495116966033789,0.007216701226659512,0.8589236366384579,0.05864737061846399,0.0034395140804594736,0.8584318987399401,0.05877182973639582,0.0034541279705638996,0.7122712510063451,0.08613229545474595,0.0074187723203036505,0.6410916663309623,0.12726099023360504,0.01619535963523772,0.6402403288552116,0.1275325146119513,0.01626454228324757,0.4260401025675016,0.1620822271877324,0.0262706483701357,0.6320307089249881,0.12801426744216884,0.01638765266875513,0.6311466006190369,0.1282912922695087,0.016458655672180505,0.41267862340363487,0.1638052618633689,0.02683216381412686,0.9882713133519874,0.0037037892272714715,1.3718054640052202e-05,0.9932411268069469,0.002642442022951666,6.982499844660892e-06,2.2225586723311342e-05,1.2888112003371558e-05,1.6610343101145004e-10,0.963949728012085,0.9522559532258649,0.9067914004541004
0.0,0.25,0.5,0.75,0.24882812294883916,0.07723559332803034,0.005965336876732885,0.28346773320155944,0.029490661395863253,0.0008696991095654592,0.8595740896582147,0.12174789801690898,0.01482255067153567,0.8584233570403855,0.12312444350547387,0.015159628588532629,0.7355240424309348,0.18946791070176797,0.03589808918569312,0.9208950147566926,0.06512934179594007,0.0042418311627723864,0.9205906587288123,0.06534691482245657,0.004270219276813393,0.8254128513660394,0.1317245194015314,0.01735134901156442,0.5976524204999076,0.14000491494381473,0.019601376208424795,0.5959499807581999,0.1411133688028206,0.01991298285488086,0.3412072673529172,0.1613867339050273,0.02604567788053209,0.655371778100766,0.09534136834223327,0.009089976517369399,0.6544248137940382,0.09556619813187654,0.009132898225381082,0.4023981689812898,0.12784716951589123,0.016344898753225024,0.7903253516589712,0.3153634780338771,0.0994541232776237,0.8440146178574214,0.2380890242730359,0.05668638347928628,0.22697629078638282,0.3654917706025644,0.13358423437819755,0.703843092918396,0.32379490682225265,0.10484314168403128
0.0,0.25,0.5,1.0,0.1298867080151642,0.010416398654153163,0.00010850136092224382,0.2727417960068371,0.024276852208940942,0.0005893655531747607,0.7006245300818366,0.038596020051126945,0.001489652763786993,0.6976690769832861,0.03899433701552027,0.0015205583192799744,0.5178746932879513,0.046099985092779516,0.0021252086255544936,0.9165299460172234,0.02944004522505805,0.0008667162628534633,0.9161856399514747,0.02956156146425993,0.0008738859162052177,0.8102931790986446,0.06732047537794189,0.00453204640511208,0.4586640104561763,0.08556027740517635,0.007320561069650731,0.4554334799360705,0.08608394827741514,0.007410446151028685,0.2015900848159286,0.07003942571388946,0.004905521154331441,0.6161715200117573,0.08573373950610615,0.007350274089700866,0.6151286674229013,0.08594360007177293,0.007386302393296847,0.3506054730530985,0.10710391845530284,0.011471249348480162,0.24242424242424238,0.0,0.0,0.4102469733365745,0.011504639240707168,0.00013235672405881923,1.1920632528198456,0.06840902508213659,0.004679794712688394,3.000788688659668,6.083562591971061,37.00973381042965
0.0,0.25,0.75,0.0,0.21815419299658784,0.0726617515884244,0.005279730143897897,0.27526708824773377,0.0504707858061574,0.0025473002198910196,0.7720354117694399,0.13829530872944495,0.019125592416572492,0.7697061672092673,0.14003949849780334,0.019611061139516262,0.6325920497754117,0.18659980392949327,0.03481948682652533,0.8790776935122062,0.08301912786844537,0.006892175592037282,0.8786691791547205,0.08325659196932822,0.006931660106347207,0.7595586966583223,0.1490102552041702,0.022204056156011932,0.5765865596304717,0.17549347846672583,0.030797960984351162,0.5741005082564191,0.17703249740414384,0.03134050513714819,0.369187372761895,0.18544246423305716,0.034388907540828684,0.666748033052871,0.12823693416453896,0.016444711283920298,0.6659298458004952,0.12847157379220378,0.016504945272645663,0.45146678052288686,0.1517490626664924,0.023027778020159036,0.3941334991708126,0.5088242474627307,0.25890211480601416,0.396466233675536,0.5118357464901745,0.2619758313851541,,,,0.6771857738494873,0.5455358280077264,0.29760933964007563
0.0,0.25,0.75,0.25,0.23453446406819572,0.07771419430822332,0.00603949599697629,0.26854022969410796,0.04590962766524038,0.0021076939123610048,0.8409459477114755,0.151014832439509,0.02280547961673298,0.8394240139494433,0.1527228410082283,0.02332426616562458,0.723293765097934,0.2395340921287225,0.05737658129193132,0.9349304905933982,0.06484305168605367,0.004204621351960227,0.9346845917239902,0.06506005717303312,0.004232811039358339,0.8627787487110956,0.12740362872928593,0.016231684613389728,0.594846465324828,0.16549959883920223,0.027390117215936868,0.5928392018190669,0.1669410822437874,0.027869324940726987,0.3510434010633688,0.17001849780774492,0.02890628959680216,0.6933891830905836,0.13575684202224805,0.018429920155853617,0.6925537239740148,0.13600411337628682,0.018497118855269876,0.4495035721483752,0.15034525454102382,0.02260369556300524,0.7244817578772802,0.33664711088490873,0.11333127726715603,0.814551151927121,0.22801484164986563,0.05199076801261329,0.44790700387151655,0.5782244199122961,0.33434347978291135,0.6834820747375489,0.5455025561681206,0.29757303878595354
0.0,0.25,0.75,0.5,0.19465599876343692,0.08550019302054941,0.0073102830065512065,0.27999530231763803,0.027576400019871408,0.0007604578380559638,0.7734144059723431,0.13925610820807854,0.01939226367326008,0.7712402172570968,0.14088807221905186,0.019849448893600772,0.6258824380620999,0.19521873035120668,0.03811035267993714,0.8720807182458014,0.07236281796713023,0.005236377424144026,0.8716434502067572,0.07255418735353818,0.005264110102532318,0.745670654223108,0.12414625177486974,0.015412291829749347,0.5589906275172541,0.1362301566210211,0.018558655572987935,0.5566464854170006,0.1374273119907172,0.018886266080993922,0.32392172765225935,0.14821609710330969,0.021968011440537727,0.678408326565257,0.08930600647797506,0.007975562793044122,0.6776207668934121,0.08951908292741038,0.008013666208164578,0.46464320386015306,0.1209588923135609,0.01463105362972362,0.5941334991708126,0.33669169927357445,0.11336130035972708,0.6958674312803264,0.2541522640439409,0.06459337331866107,0.4612614039342696,0.39704424643480213,0.1576441336269799,1.4913968324661255,0.8579473461114066,0.7360736486996057
0.0,0.25,0.75,0.75,0.25919669083394525,0.07731085719004462,0.005976968639459474,0.29562380767733687,0.009771338473414395,9.547905556202838e-05,0.8337320816402152,0.14247591775570692,0.020299387140330964,0.8327328874722137,0.14344754449598754,0.02057719802192832,0.7029491079060692,0.19416102500466617,0.037698503630862606,0.861043080932965,0.11379615937430734,0.012949565888342757,0.8606124326126816,0.11397531808596217,0.012990373132796256,0.7321951158089826,0.1668375352020976,0.027834763152311155,0.592789327145014,0.1691067176228938,0.028597081945189142,0.5913868087561391,0.16984663015831747,0.028847877776136274,0.35773584498764865,0.17827330542329023,0.031781371426545725,0.6034896509205352,0.1667200401708888,0.027795571794582776,0.6025694621821793,0.16692320054196666,0.027863354879173616,0.37071055819282506,0.17748107789069978,0.03149953300924464,0.8565018222472066,0.2757583494574184,0.07604266729547969,0.8796576175722775,0.23820950182376985,0.05674376675912861,0.1875927906313754,0.39541741323786034,0.1563549306917208,0.7609501838684082,0.5691363565648131,0.32391619236387004
0.0,0.25,0.75,1.0,0.12348560464123293,0.02978318146228381,0.000887037898015326,0.28589806380163957,0.010917092892845932,0.00011918291723102719,0.7182987244851299,0.10827170997927607,0.01172276318183647,0.7155565215443168,0.10935679488310411,0.011958908587105306,0.5419901012446882,0.12241755679425537,0.014986058211474739,0.9075525014985082,0.09195652402339076,0.008456002310464443,0.9072390150664544,0.09223842313236054,0.008507926701944384,0.8141947788088622,0.17329488479634408,0.03003111709657817,0.5237411523600567,0.10027229121112663,0.010054532384728983,0.5209530862387678,0.10089300427541369,0.010179398311718645,0.24484412156220334,0.06536501790810784,0.004272585566127258,0.6867251697394935,0.13190663804824046,0.017399361161189515,0.685912372918225,0.1321248486602947,0.017456975633505775,0.4609117271980548,0.15051670862449607,0.02265527957515145,0.24242424242424238,0.0,0.0,0.3684937816674343,0.0,0.0,1.1336600982918794,0.19949262504565388,0.03979730744760585,3.7075243949890138,7.56192449038086,57.18270199822182
0.0,0.25,1.0,0.0,0.13298108191906444,0.022216601394445024,0.0004935773775196566,0.25813057162832476,0.02945872379966093,0.0008678164079047093,0.6291483066851702,0.08475028587797488,0.007182610956398468,0.6252332724953489,0.08575144184107396,0.0073533097778230895,0.45688366974454586,0.09918027664894435,0.009836727276161136,0.8535138412170615,0.10527817968643105,0.011083495118088465,0.8530522867110776,0.10540832377321797,0.011110914720679549,0.7165199550159945,0.14178436195974925,0.020102805296333192,0.42581843203417097,0.10473433686369842,0.010969281318278656,0.42212473315847043,0.10542993461289626,0.011115471112479581,0.21642769408636794,0.11332450972752578,0.012842444504984084,0.6159393716394946,0.16561366536538158,0.027427886155756594,0.6150151243652788,0.16596584364017686,0.027544661255195637,0.4014868246453195,0.23174482949526287,0.05370566599778846,0.0,0.0,0.0,0.0,0.0,0.0,,,,5.853469586372375,8.119121436582649,65.92013290197589
0.0,0.25,1.0,0.25,0.13304631022393973,0.0256613351589095,0.0006585041221378848,0.2662480158613444,0.031125819210525808,0.0009688166215263374,0.6911394717047127,0.09108941634220152,0.00829728176956293,0.6880122171702336,0.09205498312605788,0.008474119918338801,0.5262668738834329,0.11763182538633649,0.013837246343721556,0.9024897490165396,0.07013527891253397,0.0049189573481389325,0.902133004377936,0.07034413330221942,0.004948297090040414,0.7958794764918118,0.1302973298715903,0.016977394171666018,0.4773695030230732,0.1058092421403516,0.011195595722315559,0.47416350878383406,0.10651219735688916,0.011344848185792905,0.2322572068966693,0.08834989204577876,0.007805703424500759,0.6721165300416698,0.09835916145046174,0.009674524641237997,0.671253108638801,0.09860017850179571,0.009721995200585977,0.4337403489497369,0.12959580889786837,0.01679507368389282,0.24242424242424238,0.0,0.0,0.40347459581352974,0.045686062363563255,0.002087216294287391,1.7347768703836326,0.23941524786519697,0.057319660910353704,4.303844046592713,5.804633162047063,33.69376614593648
0.0,0.25,1.0,0.5,0.1265307779559795,0.024350110764083045,0.0005929278942231129,0.27551278039144145,0.020622909816331598,0.00042530440929254614,0.700664598815491,0.09513009436686909,0.009049734854249418,0.697695580544842,0.09611497071726516,0.00923808759598074,0.5277276414443637,0.10605877883798262,0.011248464568604111,0.9005469565085773,0.08513180319364612,0.007247423915001696,0.9002047643985737,0.08538673440144162,0.007290894411742335,0.8004486275965137,0.1576564217942424,0.02485554733296407,0.4897447959988358,0.0979774591283354,0.009599582497244633,0.48669055274442286,0.09860689099114921,0.009723318950940384,0.23714590462206933,0.07422994500439906,0.005510084735356108,0.6729088000807792,0.13273596126038692,0.017618835411718936,0.672073440757826,0.13297087084834527,0.017681252494167316,0.44661213351362294,0.15275661468004245,0.02333458332850696,0.24242424242424238,0.0,0.0,0.4104637465104135,0.009507030356943693,9.038362620784893e-05,1.202419486791744,0.18188582824715127,0.033082454517152214,4.879379343986511,8.43984008470794,71.23090065544294
0.0,0.25,1.0,0.75,0.13409799048832335,0.014924252392591977,0.00022273330947778733,0.2877451158924943,0.00833995847405048,6.955490734888639e-05,0.7554926593924699,0.058198056173851306,0.003387013742414752,0.7531278454824665,0.0587761081320709,0.0034546308871528913,0.5826718096068191,0.06970564255601393,0.00485887660414678,0.9460761013280345,0.046445031051637636,0.002157140909387584,0.9458542778792935,0.04663611410899862,0.00217492713918754,0.8798031916436821,0.10364677763271532,0.010742654513645537,0.5092498605196754,0.06834523693976637,0.004671071412352804,0.5063931404516006,0.06876675521719007,0.004728866623100937,0.2214504929547812,0.042872824515157074,0.0018380790819074535,0.6412330745169361,0.0767369391960118,0.00588855783717241,0.6402184659453912,0.07686953759741877,0.005908925810440977,0.3704021700289141,0.075099070338226,0.005639870365665818,0.24242424242424238,0.0,0.0,0.3684937816674343,0.0,0.0,1.0722790467179517,0.12746958692992108,0.01624849559208471,0.9695868015289306,0.48063421157283953,0.23100924533424505
0.0,0.25,1.0,1.0,0.12693139005759854,0.014076890190859207,0.00019815883744550816,0.290357312145613,0.0028662254156603595,8.2152481333774e-06,0.7596991579693673,0.054845562358421855,0.0030080357104115404,0.7574091108243086,0.05537597592508953,0.003066498709656095,0.5725990061701225,0.06592636221565247,0.004346285234989409,0.9545693519220432,0.04794363638831772,0.0022985922701352236,0.954382282034193,0.0481410929187305,0.0023175648274098436,0.8980878765488549,0.10774228025694789,0.011608398954966702,0.5335399794916611,0.05480177231830869,0.003003234249227745,0.5308708963009474,0.055124077392202854,0.00303866390834157,0.23033791936703274,0.03620737445943919,0.0013109739652460493,0.67910676789242,0.08899965089491953,0.00792093785941755,0.6781787304282141,0.08919301583178146,0.007955394073168419,0.414904755386604,0.10336985623137625,0.010685327177295395,0.24242424242424238,0.0,0.0,0.3236769703835572,0.0,0.0,1.2266705784072038,0.1416205591229292,0.020056382766291087,2.9866000413894653,5.592515540775511,31.276230073815604
0.0,0.5,0.0,0.0,0.3012534681591696,0.009483817983293574,8.994280354024258e-05,0.3013023274210817,0.009451032370286792,8.932201286420877e-05,0.8171708760005842,0.06462744072730532,0.004176706094961362,0.8165807650399467,0.06478394299572925,0.0041969592700738965,0.6411144379581305,0.11217508340597261,0.012583249337136913,0.8195663270326703,0.06405899762296224,0.004103555176458683,0.8189839181458602,0.06421453128583729,0.004123506028259776,0.648637606539617,0.11192983140285793,0.012528287157872202,0.573645416138018,0.1430396687431954,0.02046034683416307,0.5727158621740871,0.14329633764432484,0.020533840382276347,0.3539277096699275,0.1649640124857305,0.027213125415392253,0.5690311156987058,0.14524466265955183,0.021096012031087005,0.5680832455007383,0.1455064054776568,0.021172114035028274,0.3496003781439537,0.16829061756259475,0.02832173195959952,0.9867575428848013,0.003031331847214338,9.18897276793589e-06,0.9921228160230058,0.0020380826493210844,4.15378088546365e-06,2.694363588105305e-05,1.1316855948964147e-05,1.280712285696052e-10,1.019075798988342,1.30041668138243,1.6910835452176927
0.0,0.5,0.0,0.25,0.2999638144277067,0.009017126823598908,8.130857615286694e-05,0.2998808637871097,0.009056408166747697,8.201852888273439e-05,0.7984065251507185,0.09654902247447052,0.009321713740775813,0.7978126917484425,0.09668421811191087,0.009347838031911554,0.6210207236193293,0.14048386071094507,0.019735715120252212,0.8005410678399352,0.09533934888442358,0.00908959144570584,0.7999537010838252,0.09546863755915139,0.009114260757400612,0.6275021033330915,0.1364965058851062,0.01863129611884283,0.6410170029075848,0.18403987353965467,0.03387067505249208,0.6403010759054354,0.18430015983518283,0.03396654891527394,0.44833338372283527,0.2058381924172828,0.042369361457614337,0.6332517957806648,0.18370481469915736,0.03374745894365174,0.6325131841692488,0.18395707307645492,0.033840204734856175,0.43431335707598684,0.2007752697714671,0.04031070895180539,0.9875201531909349,0.0034860719061304943,1.21526973347123e-05,0.9926355238527869,0.0023436997232944966,5.4929283929707e-06,2.6270555650375996e-05,1.4017142253449371e-05,1.9648027695343573e-10,0.6919814109802246,0.6227647930866943,0.3878359875083132
0.0,0.5,0.0,0.5,0.30049417444724036,0.007776772887455974,6.0478196543070325e-05,0.3004123989251544,0.007881566797633587,6.211909518556016e-05,0.8647920539072034,0.08039578249614554,0.006463481843167541,0.8643281060953065,0.08061581513437972,0.006498909649780486,0.7242749828046386,0.14555580185247297,0.021186491452916373,0.8628482203111119,0.08249283187408449,0.0068050673106059695,0.8623754568270405,0.08272166575073767,0.006842873984576765,0.7206344190339484,0.15016418185904723,0.02254928151339701,0.7646213503932644,0.12170813184655373,0.014812869357578105,0.7640479131865818,0.12197555733969062,0.014878036588328154,0.5889558230588507,0.1824465251203949,0.03328673452850688,0.756401569178583,0.12433451855713598,0.015459072504834791,0.7558010237321935,0.12460841671176523,0.015527257515412932,0.573686873885235,0.1864641266528396,0.03476887052840621,0.9866920457574014,0.0031542137490161207,9.949064374482332e-06,0.9921791390540717,0.0023487601897842127,5.5166744291151714e-06,2.8306338720906046e-05,1.3467206713016448e-05,1.8136565665111529e-10,0.7127604961395264,0.3061316431635957,0.09371658294604308
0.0,0.5,0.0,0.75,0.19185490172830155,0.07690174637146228,0.005913878594980713,0.2817681424568539,0.032024680078086995,0.0010255801341038221,0.6928131152080987,0.11776594989417964,0.01386881895447843,0.689974152498552,0.11895898083989813,0.01415123912246725,0.4920480983858111,0.1632498732234216,0.02665052110746323,0.815101137687632,0.1121476263064521,0.012577090086171626,0.8145324230745393,0.11233961197223001,0.012620188418071205,0.6428946927837076,0.17695717819527965,0.03131384291483596,0.4930155307929729,0.10072326623397874,0.010145176360840962,0.4903096719818915,0.10124919684338497,0.010251399861430519,0.27318435894122745,0.14679836162164,0.021549758974797786,0.6353638033177056,0.16868968959557015,0.028456211375849805,0.6345444377277298,0.168968067388586,0.028550207797033742,0.42733925949759666,0.23060650401591073,0.05317935969444025,0.2962796312554873,0.4770599805534838,0.22758622504569034,0.297806405914514,0.4795158714623974,0.22993547098434242,,,,1.5002441644668578,0.9125554087984871,0.8327573741273739
0.0,0.5,0.0,1.0,0.13190664920050194,0.018364389472008604,0.0003372508006796204,0.2732080808207026,0.019886795364178738,0.0003954846298567209,0.6728188196888907,0.06124187393272483,0.003750567122791761,0.6695078475358638,0.06189883571579241,0.0038314658629706585,0.5035239073369112,0.06750803862487338,0.004557335278977396,0.8812735498608854,0.04735406005731551,0.002242407003911844,0.880827992159589,0.0474541275156716,0.002251894218273621,0.7435851395682282,0.07075349177227491,0.005006056597969374,0.48380778068211094,0.10767846315482517,0.011594651427385042,0.4806367758059255,0.10836982220372614,0.011744018364467215,0.2503174794069782,0.09755713271675907,0.009517394143915343,0.6840510608016294,0.1605322147171607,0.025770591961996586,0.6832640487927704,0.1608718796167509,0.025879761651426397,0.4651115544819091,0.1962546146709204,0.03851587377963144,0.0,0.0,0.0,0.0,0.0,0.0,,,,2.6507656812667846,5.876191360108868,34.5296249006181
0.0,0.5,0.25,0.0,0.29907713770715394,0.00579852149805994,3.362285156346328e-05,0.299037818999909,0.00575844567341779,3.315969657370407e-05,0.7957153734172535,0.08618097002208538,0.007427159593947579,0.7951289477625852,0.08627375839039984,0.007443161386805087,0.627095252067974,0.11166872304156311,0.012469903705733327,0.7963213563494288,0.0874692189165732,0.007650864257875405,0.7957361021263234,0.08756496025514755,0.007667622264485571,0.6301480054291597,0.11472742004018212,0.013162380909076381,0.6396463465403619,0.14796006614639842,0.0218921811740466,0.6388986125171001,0.14826850969523114,0.021983550967244855,0.46760864030094085,0.20487472543280028,0.0419736531211653,0.6342038100070837,0.1496004052366966,0.02238028124698384,0.6334366771174749,0.14991228068295154,0.02247369189956405,0.4605492949992138,0.20966760221515135,0.04396050341865094,0.9877264735075126,0.003348824387658851,1.1214624779378677e-05,0.9928751167245808,0.0024356135852393107,5.932213536602289e-06,2.1220080111100245e-05,1.1104197577898126e-05,1.233032038489986e-10,0.33195121288299556,0.29262402620491224,0.08562882071237317
0.0,0.5,0.25,0.25,0.29295848651197354,0.013581081547245837,0.00018444577599294139,0.29279873058386063,0.013621169977489172,0.00018553627155565235,0.7813378059479222,0.11590596359073178,0.013434192395896043,0.7807459367721706,0.11603099027908627,0.01346319070514541,0.605144465409767,0.15351267001746738,0.02356613985589183,0.7825524057975057,0.11438980846057388,0.013085028279646778,0.7819627297094576,0.11450911985732726,0.013112338530499739,0.6085083992753701,0.14906799813918656,0.02222126806922453,0.5452025460255896,0.16096607230975854,0.025910076434830412,0.544316190323643,0.16113159887722014,0.025963392156729374,0.3407895803423397,0.16587978040588813,0.027516101547505667,0.5382797042475727,0.1611899224085035,0.025982191086059377,0.5373664360172035,0.1613655975676903,0.02603885607837778,0.33272160299774595,0.1666901805882821,0.0277856163045541,0.9896532640151458,0.003732543623710476,1.3931881902901732e-05,0.9941701312678853,0.002621399506797474,6.87173537423804e-06,1.826703840057751e-05,1.3883220551711335e-05,1.9274381288745998e-10,0.7571589708328247,0.7708779970622179,0.5942528863546569
0.0,0.5,0.25,0.5,0.29612168043749476,0.004675667764783522,2.1861869046635737e-05,0.29600777661808897,0.004786778646602499,2.2913249811569657e-05,0.8680746491329054,0.08681479541949602,0.0075368087037289465,0.8676446878735049,0.08706254574733485,0.007579886872006774,0.7432147343324402,0.1556889195153832,0.024239039659867467,0.8690879311347629,0.0866696874176621,0.007511634717075256,0.868660919344592,0.086917764668911,0.007554697815040193,0.7473167001138368,0.1553179014514938,0.02412365051129594,0.6037755473626566,0.12500024418452685,0.015625061046191338,0.6028390889402144,0.12519105971590874,0.01567280143279223,0.37520258721001065,0.1352398753759685,0.018289823891707486,0.5953750742402664,0.1264618089480512,0.015992589122413404,0.5944080023261228,0.12665722113681463,0.016042051666099965,0.3627894840165074,0.13817439069975254,0.01909216224524786,0.9882713133519874,0.003703789227271499,1.3718054640052407e-05,0.9932411268069469,0.002642442022951675,6.98249984466094e-06,2.502374102512088e-05,1.5461582857408256e-05,2.390605444565008e-10,1.2475889921188354,0.7406760001743053,0.5486009372342076
0.0,0.5,0.25,0.75,0.24607076177490178,0.07968132344277977,0.006349113305592885,0.28383733261617594,0.025904170740404166,0.0006710260617480113,0.8451802245829217,0.12214093915391654,0.014918409017400741,0.8439353371958747,0.12359699582162277,0.015276217376130238,0.709512397810087,0.1752283275505799,0.030704966776173317,0.9023442744039201,0.051199954145780165,0.0026214353045299916,0.9019636812253206,0.051352794980928824,0.002637109552353309,0.7838994234378253,0.09687284103875962,0.00938434733092079,0.6803608367080424,0.14600128315037905,0.02131637468155716,0.6789718313524209,0.1470330311761335,0.021618712256841845,0.4685391546551573,0.17576920437618967,0.030894813207038734,0.7268513322597406,0.11233786626943072,0.012619796197968502,0.7261265307258474,0.11262019107151161,0.012683307436983784,0.5139973355396508,0.15317587806133298,0.02346284961986035,0.789759535655058,0.314964273307077,0.0992024934598551,0.843983518402123,0.23702596418120056,0.05618130769602777,0.2278364235441539,0.3668091661414097,0.1345489643653563,1.3047512531280518,0.8030270500175922,0.6448524430599566
0.0,0.5,0.25,1.0,0.1320884978531543,0.01842310236205472,0.00033941070064274614,0.27539496182849377,0.020008775714481244,0.0004003511055924145,0.7206588605408111,0.06881807964801975,0.004735928086441191,0.7179033005987534,0.06952093718785898,0.004833160707478234,0.5446328946527004,0.08542405096836833,0.007297268483846391,0.9254121101550867,0.06124002713771139,0.003750340923827628,0.9251268067139202,0.061443239514758725,0.0037752716820680077,0.8406482732220232,0.12080487437430128,0.014593817672590714,0.48263341688832256,0.09983567409814843,0.009967161822631706,0.4795515882227284,0.10046014158020221,0.010092240046314272,0.21873417931075462,0.0787446718928862,0.006200723351518302,0.6328375993159774,0.12311987343766975,0.015158503235307819,0.6318543144810308,0.1233241172986479,0.015208837907490665,0.37747234274232566,0.13395528903096202,0.01794401945936857,0.24242424242424238,0.0,0.0,0.40570968078242425,0.022588481253032124,0.0005102394853185837,1.1447846920635114,0.1268361876442073,0.016087418496116564,4.763861036300659,8.012695838283832,64.20329459685105
0.0,0.5,0.5,0.0,0.2948038053602312,0.009254639127705421,8.564834538405617e-05,0.2946599789023047,0.00934651919068377,8.735742098181999e-05,0.8835834581376606,0.04888311064710786,0.00238955850653739,0.8831496268915062,0.04898852417418705,0.0023998755007649092,0.7512349711768834,0.07343041996935383,0.005392026576875677,0.8832283766361464,0.04994496481243307,0.0024944995101151774,0.8827923832793456,0.050054526811895476,0.0025054556543627634,0.7519682836594505,0.07616076107537069,0.0058004615275796985,0.6509825159393194,0.09839864901841228,0.009682294128648686,0.6500990303948068,0.09866718153508174,0.009735212712076774,0.41910109590898104,0.1388731874203011,0.01928576218427408,0.6395999058430262,0.09938674292079756,0.009877724668404704,0.6386771337271451,0.09966077016993298,0.009932269110864202,0.39970608246160805,0.13749326666001843,0.018904398376842935,0.9871009433972496,0.002945789995911474,8.677678700012122e-06,0.9924546677991486,0.002208956263291285,4.8794877731337965e-06,2.4880030388121228e-05,1.1442923914906637e-05,1.3094050772234225e-10,0.6786771774291992,0.42307789277841856,0.17899490335782703
0.0,0.5,0.5,0.25,0.2990395793889679,0.009771053843010778,9.547349320301569e-05,0.2990491619069259,0.00988285881664229,9.767089838968424e-05,0.8173231819614177,0.06581682672199533,0.00433185467975316,0.8167340926735844,0.06597831031831919,0.004353137432460424,0.6422067085317196,0.11593799334753212,0.0134416183014524,0.8182364124062887,0.06758978928264293,0.004568379615272073,0.8176499255331693,0.06775975193949708,0.004591383982902178,0.6470257786905583,0.12157564630978723,0.014780637775642484,0.6389924535144211,0.19610979224477965,0.038459050614290634,0.6381957200637502,0.19652083984970886,0.038620440495234915,0.4498072040865388,0.26727618252132535,0.07143655774317283,0.6336002789523331,0.19737422897372411,0.038956586262972076,0.6327845488367279,0.19778929609286672,0.0391206056489117,0.44250628625289384,0.2679711308093502,0.07180852694724188,0.9867956941819453,0.003111905286390319,9.683954511464013e-06,0.9922489763332113,0.002319709785569738,5.381053489268e-06,2.6029103004106747e-05,1.2670412893407533e-05,1.6053936288942784e-10,1.2971113681793214,1.0132542553355437,1.0266841859555873
0.0,0.5,0.5,0.5,0.3007663523492537,0.010881533858532053,0.00011840777911437946,0.3006978296757504,0.011000030135154468,0.00012100066297430642,0.8504745044647455,0.12117195922142188,0.014682643701557927,0.8500045949763024,0.1213923058944797,0.014736091930378932,0.7021000669840853,0.19298014478375417,0.037241336280758715,0.8500291625001578,0.12222447129550836,0.014938821383466546,0.8495565080577734,0.12245186423043534,0.014994459053508971,0.7028873219729559,0.19648080908837656,0.038604708340023074,0.6442176462592472,0.17505499575202912,0.030644251537742934,0.6433724635053517,0.1753335517651639,0.030741854374587416,0.42431855650882494,0.23654453226117933,0.05595331574266011,0.6350040771618118,0.17880663787114,0.031971813746781,0.6341271850539856,0.17909360913554406,0.032074520833195036,0.40954183695068586,0.24086251026938615,0.058014748853270154,0.9868176468738943,0.0031569184683295395,9.966134215680125e-06,0.9922636987403838,0.002346270947245448,5.504987357888053e-06,2.6164499426810806e-05,1.3090018529132228e-05,1.7134858509302508e-10,1.1311870098114014,0.7794570151714046,0.6075532384999154
0.0,0.5,0.5,0.75,0.2587702356856342,0.07862536993070379,0.00618194879674002,0.28400508072870995,0.02935738580833101,0.000861856101499195,0.8280370811828334,0.1501225327253658,0.022536774831878523,0.8269686195662576,0.15125491648400508,0.022878049760583354,0.6949714296863104,0.20321251220931172,0.041295325118419664,0.8730668927511059,0.10920127295887555,0.011924918015838844,0.8726611900647969,0.10936362756903271,0.011960403035058092,0.7495564944453014,0.15792663457729203,0.024940821908909533,0.6347005736166584,0.1658764237318292,0.027514987950061347,0.63344602583715,0.1664865322650187,0.02771776542563111,0.4188177514465288,0.17770767906481885,0.03158001919860466,0.6555597467089765,0.14891906898741894,0.02217688910807964,0.6547348828858272,0.14911303260331377,0.02223469649215691,0.4354286712450374,0.1660813195485411,0.027583004702984623,0.9101669806182473,0.1619878627738735,0.026240067686047273,0.9333013728324469,0.12461964240967528,0.015530055274315339,0.035271303538069815,0.07429744921370614,0.005520110959663242,0.9654106616973877,0.7973059323678856,0.6356967497890234
0.0,0.5,0.5,1.0,0.12378452869394885,0.020018763351362844,0.0004007508861178681,0.2868673773957543,0.01077521700553816,0.00011610530151643874,0.7016773037962989,0.08808208290727891,0.007758453329284755,0.6987569317261777,0.08898483338275107,0.007918300572155968,0.5221862969436144,0.09536992035424859,0.009095421708375719,0.8943619792459924,0.08033853667630902,0.0064542804752906495,0.893972741160517,0.0805835118923118,0.0064937023888983585,0.7713207609258592,0.15701297169126344,0.02465307327932149,0.5329080149168545,0.07869036135326746,0.006192172969907808,0.5301534919004766,0.07919748003741078,0.006272240844276081,0.2637855261997079,0.06618839710673877,0.004380903911559346,0.7449092739446447,0.096831434451883,0.009376326698009313,0.7442383061264949,0.09704043458313795,0.009416845944084276,0.5367583121514041,0.13158460857215432,0.017314509213087064,0.34880468828744193,0.07853855187019318,0.0061683041298670254,0.4574307179105599,0.11090194376534311,0.012299241130931325,0.5176625652336405,0.07556547087498398,0.005710140388558054,1.6319021224975585,0.9413674694750881,0.886172712585931
0.0,0.5,0.75,0.0,0.20573637411194742,0.07937990873922357,0.006301169911447463,0.2955844785257541,0.012107576719175735,0.00014659341401072627,0.7541054485460532,0.13047091426023444,0.01702265946790145,0.751718744156944,0.13220293401375774,0.01747761576184598,0.595184233891258,0.1587040404771383,0.025186972463769147,0.830831324785799,0.0629184329985708,0.003958729210995644,0.8302705827738679,0.06306079303895554,0.003976663618701983,0.6631496899704811,0.10042211289433177,0.010084600758161916,0.5701856225499868,0.15174884853950307,0.023027713033065042,0.5678081323554409,0.15304068637526247,0.023421451686211445,0.352457790168237,0.17764651485656618,0.03155828424068419,0.6481012698961333,0.12774873982875057,0.0163197405278338,0.6473012440738375,0.12800909633354718,0.01638632874413136,0.4494360400429184,0.1636755244984088,0.026789677319829217,0.3949066120238138,0.5098267799722,0.25992334557682206,0.3970865590368685,0.5126394759243897,0.26279923227603297,,,,3.319395565986633,5.783051044909515,33.44367938802903
0.0,0.5,0.75,0.25,0.24662599834449178,0.07807314375304523,0.006095415775483666,0.2902424897602053,0.015226713100639909,0.000231852791849199,0.8372925284633098,0.11248658429164794,0.012653231645602019,0.8360145042250975,0.11393091182168369,0.012980252668520263,0.6991827725346009,0.14071680748313745,0.019801219908246365,0.8827877193168485,0.049903222934338465,0.0024903316592342845,0.8823497213461836,0.050012846408114126,0.002501284805841614,0.7502678326433438,0.07667030783737991,0.005878336103878598,0.6489241684116033,0.16606046403618327,0.027576077715912514,0.6474075879671563,0.16723275897773635,0.027966795675305658,0.4328073046725547,0.19880332786662508,0.03952276317084483,0.6939692032892524,0.11519049936602008,0.01326885114419307,0.6931908798703835,0.11548745454555516,0.01333735215741167,0.47912498675570936,0.1560528322101615,0.024352486440812823,0.789759535655058,0.31496427330707694,0.09920249345985507,0.843983518402123,0.23702596418120056,0.05618130769602777,0.22844228833520472,0.3677850218758696,0.13526582231623385,1.046539831161499,0.8514103649498229,0.7248996095439906
0.0,0.5,0.75,0.5,0.1956834298086832,0.09012175820055299,0.008121931301158939,0.28986525956818443,0.011975355881111559,0.0001434091484792732,0.7723497562857455,0.14320496806440644,0.02050766287832767,0.7703560430189181,0.14481628038091698,0.020971755063364364,0.6392815156527295,0.18599707852967876,0.034594913221575485,0.846891837185499,0.07671923010947893,0.005885840268591177,0.8463967126787464,0.07692575038614598,0.005917571072471637,0.7048294126642821,0.13254163551708653,0.017567285145544217,0.5215407712581406,0.13413484898746647,0.017992157712890436,0.5192248229403686,0.13546969532344919,0.01835203835102815,0.28774397197050183,0.13856224905287842,0.019199496862591904,0.585509634329229,0.12159889789671463,0.01478629196969563,0.5845519057798397,0.12181194053476539,0.01483814885684522,0.3602627178815839,0.1419607402170026,0.020152851762959303,0.7753522767644858,0.18181301428488172,0.033055972163354604,0.8356312865084756,0.13614188675641672,0.018534613329596997,0.0887820723966503,0.08810621184356557,0.007762704565423253,0.9032036066055298,0.6382829458981354,0.40740511902440196
0.0,0.5,0.75,0.75,0.2598900235308844,0.0841704844310136,0.007084670449351503,0.2984071866727582,0.006914639036980862,4.781223301173962e-05,0.8814771549447817,0.13315595985466327,0.017730509644816695,0.880563368410314,0.13455486305030753,0.018105011170487018,0.783012823706392,0.19882209087111619,0.03953022381836238,0.9051559590689063,0.08800507887691539,0.0077448939081321,0.9048124611850652,0.08828033420903944,0.007793417408059698,0.7990459639748874,0.173560541349424,0.030123261513505115,0.6734294757995579,0.1600452696730551,0.025614488344720934,0.6721226106615537,0.1611601158907193,0.025972582953910073,0.43963957630622447,0.18855188399105524,0.035551812956576355,0.7093907024332143,0.09803685634965693,0.009611225202923268,0.7086122467472491,0.09825026522554973,0.009653114616890867,0.480162371444065,0.12995233492384495,0.016887609352159175,0.9213930348258706,0.13425258391427944,0.018023756287660644,0.9424933915951879,0.10224191676076222,0.01045340954291463,0.03126336520572866,0.06583311514350987,0.004333999049498628,1.5732702255249023,1.1548238248395037,1.3336180664169406
0.0,0.5,0.75,1.0,0.12262244537738895,0.023063111654901734,0.0005319071192064642,0.28245987823711377,0.014422468377314729,0.00020800759409464334,0.7552297225236076,0.07019358280369817,0.004927139066819632,0.752883857371159,0.07088280546835063,0.005024372111064038,0.5713680910917386,0.07807167190508002,0.00609518595405446,0.942875610068677,0.06790813325759469,0.0046115145625312375,0.9426619679972236,0.06813749363190474,0.004642718038437859,0.8788778725038083,0.13559031022028467,0.018384732225633037,0.5164962748213672,0.08033560648061387,0.0064538096686080505,0.5137126146433444,0.0808192325421548,0.0065317483487028925,0.22479509381176416,0.047153434332670684,0.002223446369365486,0.6618526126998492,0.07699818189263093,0.005928720014770676,0.6608991933814606,0.077137886887816,0.005950253593517496,0.3974599633083506,0.08359274033228004,0.006987746236259996,0.4177806938046465,0.07140035548202334,0.0050980107629593,0.5702572469870014,0.09115812095609575,0.008309803016246184,0.34909936782657597,0.0709236056707085,0.0050301578413341555,3.8732818841934202,7.168703676973447,51.39031240825262
0.0,0.5,1.0,0.0,0.13424543224991978,0.0168746610975518,0.00028475418715722805,0.2812690558618226,0.015484218452843134,0.0002397610210953678,0.6782732224672252,0.04992426115288734,0.002492431851661696,0.67502063459781,0.05046477116285563,0.0025466931285193853,0.5089862556465778,0.05606735048400251,0.0031435477902959762,0.8735440588418859,0.054716285116824234,0.002993871856985601,0.873090090423192,0.054833519848392825,0.00300671489896409,0.7395394323219977,0.08238917808562755,0.0067879766656252505,0.5076882208525668,0.0867146876023177,0.0075194370459675496,0.5046692156442062,0.08725782322837371,0.007613927714554113,0.27004919509740455,0.07725119297262831,0.005967746815694257,0.7009171568074434,0.10797245055487066,0.011658050078823989,0.7001819505443306,0.10823345079274478,0.011714479870505506,0.4912514750288799,0.14088536501454643,0.019848686075281983,0.0,0.0,0.0,0.0,0.0,0.0,,,,3.21439642906189,6.0645015687125285,36.778179276916724
0.0,0.5,1.0,0.25,0.12058838613957341,0.018877958941059272,0.00035637733378031974,0.27696950216620375,0.01566101525024737,0.0002452673986684807,0.6667756846042495,0.0641211959541848,0.0041115277705949665,0.6634620318383473,0.06478841808970894,0.004197539118566925,0.4833722227175947,0.06556049078224911,0.004298177951609371,0.8712952985323434,0.05506194091783131,0.003031817337638746,0.8708319955026201,0.05517956138561751,0.003044783994709131,0.7318959740886208,0.0826454587926254,0.0068302718590435435,0.5112972540167953,0.06625995891123025,0.0043903821549179205,0.5083581999601166,0.06667454213201837,0.004445494568514292,0.26649720488758327,0.056217212930929725,0.003160375029721492,0.7307257139189125,0.10262069379589504,0.01053100679515085,0.7300665258062,0.10285466490598655,0.01057908209292278,0.5393589646260415,0.1303522712245194,0.01699171461339067,0.24242424242424238,0.0,0.0,0.4055713814447957,0.011106281720794062,0.0001233494936616443,1.2616944894328448,0.11958167602692892,0.014299777241409385,6.80509672164917,9.106008757768508,82.91939549655679
0.0,0.5,1.0,0.5,0.12708655725681256,0.02291626829777879,0.0005251553526957812,0.27743885073830216,0.02364219581651701,0.0005589534230265344,0.730734592761396,0.09259608463725061,0.00857403489014888,0.7281166904410437,0.09352293594008024,0.008746539546852351,0.5527760303113658,0.10301126934076213,0.01061132161119504,0.9340202241082218,0.06758176465136959,0.004567294913393107,0.9337713854233283,0.06780624602010558,0.004597686999339084,0.860916732941142,0.13284972460395014,0.017649049327345397,0.48675078683694173,0.11215055828616115,0.01257774772389763,0.4837471083295421,0.11284325338266982,0.012733599833985422,0.21203427914389109,0.07186633087125958,0.005164769512897359,0.6439830270266936,0.1289143485140772,0.016618909252808962,0.6430154158956556,0.12912369596203285,0.016672928858895496,0.3845127692303595,0.13243571694052908,0.017539219121551944,0.38891453133032283,0.08648792007953661,0.0074801603196843125,0.5139164465747603,0.12549381966183173,0.015748698773316347,0.4837639400525443,0.08064688283642475,0.0065039197112320216,1.9585968255996704,1.0437238475922086,1.0893594700326839
0.0,0.5,1.0,0.75,0.12436169399619505,0.022283914210186585,0.0004965728325269556,0.2866339503578982,0.007984990614425848,6.376007511246888e-05,0.7513375739258201,0.07788240406427836,0.006065668862831524,0.7489540717694891,0.07864749209137757,0.006185428012263297,0.5676278109933216,0.08478938619486716,0.00718924001130233,0.9406413700655012,0.07151041926046219,0.005113740062807082,0.9404189185512328,0.07175185912008991,0.005148329287189229,0.8721773050156376,0.1446438501944155,0.020921843399064513,0.5300522392966717,0.0910663233093389,0.008293075241081043,0.5273466688430795,0.09161330827946279,0.008392998253907887,0.23515243452946616,0.05345137694635409,0.0028570496974612333,0.6808762312443413,0.13847789260822826,0.019176126741216003,0.679990696638126,0.13872211460403014,0.01924382508021367,0.4285372436948549,0.15362008090638996,0.023599129257685793,0.41102462290713293,0.07789628475963555,0.0060678311793542295,0.5678236815829195,0.09327810938095558,0.008700805689685514,0.34848518275519547,0.07076975806099328,0.005008358656011524,1.2138312578201294,0.8271082838707869,0.6841081132476783
0.0,0.5,1.0,1.0,0.1225734475805795,0.0126446555759587,0.00015988731463462345,0.2919680393993365,0.0027842812322794275,7.752221980423446e-06,0.7484163877018692,0.05700855727764748,0.0032499756028788137,0.7460335579406309,0.05755468112808316,0.0033125413197553316,0.5518603126417202,0.06590380597538571,0.0043433116420412855,0.952311654010181,0.05046722478478458,0.0025469407774779754,0.9521143993322256,0.05067612350324135,0.0025680694933157703,0.889704473827061,0.11743896955318257,0.013791911569713345,0.5664437596215037,0.036322895084420756,0.0013193527073138377,0.5639809864320029,0.03653163738190011,0.0013345605298026415,0.24601767148703346,0.023455019218767144,0.000550137926552736,0.7527211017526078,0.07499979482078542,0.005624969223159912,0.7519888389462499,0.07522118626018776,0.00565822686238986,0.5165251318417358,0.11552420512866438,0.013345841970609725,0.41713087750823596,0.07163560633809007,0.00513166009542581,0.57682176799707,0.009388369601626211,8.814148377673911e-05,0.42882089212704216,0.06804300153396786,0.004629850057751553,1.4616511583328247,1.1161494476954976,1.2457895895909645
0.0,0.75,0.0,0.0,0.21886858736565165,0.05695409616328478,0.00324376906977669,0.2890083409180403,0.024004337859985386,0.0005762082360963277,0.7210283003079139,0.10414445215526229,0.010846066914719715,0.7181234193619723,0.10574476974433916,0.011181956328283307,0.5657352396206703,0.1259962355834676,0.015875051381204666,0.818873271577248,0.06081064129135136,0.003697934094265407,0.818286351756956,0.060953768511149226,0.0037153618957107668,0.64651067689273,0.09987255998601052,0.00997452823815927,0.5075024560793169,0.18686772622823156,0.034919547105709305,0.5044048764355702,0.18832886473973434,0.03546776129415716,0.3150919756506858,0.20453293984507026,0.04183372348166713,0.5916448930850018,0.19754680798123572,0.03902474134357522,0.5907729353336604,0.19790159359496576,0.039165040747426993,0.38971093937623447,0.22464330563789325,0.05046461476791992,0.28255709404783313,0.45632653868554673,0.20823390990873178,0.2891427765114512,0.46609279820184635,0.21724249653562705,,,,0.4970004320144653,0.5982447905275856,0.35789682939339473
0.0,0.75,0.0,0.25,0.21389835742089489,0.07081779583330401,0.005015160206687532,0.29074216229110583,0.027218285125282078,0.0007408350451611516,0.7140655951976327,0.11243012779211708,0.012640533635351777,0.7115698774250576,0.11354736997492833,0.012893005228223255,0.5523373976000282,0.13730203923529385,0.018851849978170174,0.8051425473901036,0.09364470953723042,0.008769331624312253,0.8045722894719536,0.09375755194754089,0.008790478547195828,0.6403121119288858,0.12447846894016196,0.015494889229686865,0.5061437579088848,0.09076064623661048,0.008237494905287156,0.503638493828676,0.0913069090817842,0.008336951646069206,0.3037680177572469,0.07972440711206968,0.006355981089371027,0.6088428358388553,0.14523560098021843,0.021093379792085223,0.6080297088163762,0.1454294753335778,0.021149732295799712,0.4220484456553931,0.1664551004856635,0.02770730047769233,0.2963552150190523,0.47718085382930914,0.22770156726126847,0.2978574207810088,0.4795976408335055,0.2300138970930641,,,,0.8681894063949585,0.8727804714620907,0.7617457513655893
0.0,0.75,0.0,0.5,0.2395505254555828,0.08565264621222786,0.00733637580315707,0.3007628284554486,0.007463617722005306,5.5705589500231666e-05,0.7701620983849522,0.1434154123679198,0.02056798050466048,0.7683853642637793,0.14476637241128848,0.02095730258112387,0.6109421231331027,0.18090139239013672,0.032725313768690215,0.8217546361512689,0.10338721169886454,0.010688915542865832,0.8212085646305425,0.10352260331062162,0.010716929396208325,0.655367010854375,0.14080935117691107,0.019827273378862666,0.6496050549013408,0.1992849783902428,0.03971450261199954,0.6478197374683325,0.20089511336688962,0.04035884657469543,0.4657511323711322,0.25676807478167357,0.06592984422708711,0.7030419141757609,0.15167373981103519,0.0230049233482656,0.7023720525214945,0.15198006834653557,0.023097941174617626,0.5278241332958753,0.20942881270627545,0.043860427591560204,0.5918833860998041,0.5094168403376762,0.2595055172196215,0.5951585969248613,0.5122330895874041,0.26238273806825757,,,,1.0930946111679076,0.9833014212968371,0.9668816851243799
0.0,0.75,0.0,0.75,0.2670567088776322,0.07663478223977668,0.005872889848937992,0.3008676594773486,0.0065938956400288535,4.347945971159153e-05,0.8330484663283595,0.14291624402698064,0.020425052806779483,0.8320255316813775,0.1439409291308672,0.020718991079057336,0.7005754293453981,0.1955879707618679,0.038254654306745295,0.8613642374140538,0.11037973258907495,0.012183685366435694,0.8609323152304367,0.11055090122144691,0.012221501760874111,0.7313544581575918,0.15998264317197472,0.025594446116291393,0.6418591846116127,0.1969844970264948,0.03880289206878113,0.6405635820963563,0.197901806635994,0.039165125069790356,0.43240777300754035,0.21309758522377775,0.04541058082820522,0.654917512750717,0.18232812128937728,0.033243543812913876,0.6541359939691844,0.1825595842373236,0.033328001796904455,0.44151407747072186,0.1947908487092466,0.037943474740868594,0.7889364627700824,0.4158128707709675,0.17290034349879332,0.793482955433265,0.41820662296576155,0.17489677949242666,,,,0.8011934041976929,0.7805664240152735,0.6092839422999917
0.0,0.75,0.0,1.0,0.13282667958170455,0.014741013372638773,0.00021729747525231515,0.28814084802498774,0.005240214075246864,2.7459843554415345e-05,0.7087290227630743,0.06597927618546362,0.004353264885957687,0.705857043758668,0.06666648094775822,0.0044444196819578095,0.533826230985514,0.08026378106910023,0.006442274551508452,0.9030054551607334,0.05951412766813221,0.0035419313920987397,0.9026303276506082,0.0596923098194233,0.0035631718515780194,0.7887276438198861,0.11749886490615914,0.013805983254235838,0.4656018291080857,0.08853399969755754,0.007838269102447119,0.4624201429409659,0.08910034382430541,0.007938871269609439,0.20091424910905623,0.06952380153734657,0.004833558980204353,0.5950208649317303,0.13188321720028662,0.017393182979097973,0.5939631021453523,0.13212614369183748,0.017457317846876083,0.335252191683352,0.15505436527004887,0.024041856189297734,0.0,0.0,0.0,0.0,0.0,0.0,,,,2.675447964668274,6.1409705642277315,37.71151947071146
0.0,0.75,0.25,0.0,0.18687657905621435,0.06128619371287381,0.0037559975398118936,0.2859984996620243,0.021114077765282357,0.00044580427987839087,0.7070582087872287,0.10731524230642935,0.011516561231287643,0.7039587843057833,0.10876373770444903,0.011829550639442188,0.5512452437234445,0.1252305093640101,0.01568268047556942,0.82779674134161,0.05607255584219902,0.003144131518676528,0.8272449839000956,0.056195034368200954,0.003157881887643286,0.6717075421842366,0.08584345936065478,0.007369099515004389,0.4815921038022063,0.15642845624818624,0.02446986192419072,0.4783121537549576,0.15779645168034054,0.02489972016290605,0.27204136830197767,0.16590249037036495,0.02752363631108903,0.5789685624854807,0.15215288991368045,0.023150501909084565,0.5780464921707614,0.15244098752538904,0.023238254677715814,0.37082076128936736,0.17894403414816032,0.03202096735721797,0.19711857379767828,0.4155625133600406,0.1726922025101139,0.1982680354773378,0.41798575195599846,0.17471208883822148,,,,1.3319897651672363,0.904067691703124,0.8173383911814147
0.0,0.75,0.25,0.25,0.20348288887931484,0.08175003148747831,0.006683067648203695,0.2867190719328282,0.025423515032147268,0.0006463551165898181,0.7494972557018842,0.13347660865793412,0.017816005058823296,0.7470853369750277,0.13521565016880777,0.018283272050573403,0.5954872433561337,0.1557183764681483,0.024248212769875956,0.8471788773719258,0.05817487941816593,0.0033843165953181464,0.84666093491358,0.0582946288855835,0.003398263756907906,0.6933515294112488,0.08205109715095112,0.006732382543674818,0.5405357732395363,0.1787567922542246,0.03195399077702001,0.5379913463402004,0.18024524865507596,0.03248834966273016,0.32544520404555843,0.20057960345596443,0.04023217732255194,0.6119750038161279,0.15339052685410987,0.023528653728581397,0.611078610079457,0.15368824184038707,0.023620075679989305,0.3973987962410394,0.18622529948974273,0.03467986217004437,0.5861334991708126,0.34357700033587923,0.11804515515980077,0.7219212382301333,0.23187463708822698,0.053765847324796966,0.7232069840899251,0.6224539380184303,0.3874489049546519,2.768608522415161,5.974664313707277,35.69661366148725
0.0,0.75,0.25,0.5,0.224609161941435,0.08764243643948273,0.007681196665048771,0.28955588787799275,0.009912272145658419,9.825313908959577e-05,0.7791410240669268,0.15575880425431057,0.024260805102732638,0.7774501855724943,0.15710333327517412,0.024681457326170428,0.6410709926612267,0.2034457871085401,0.04139018829221342,0.8363926575982374,0.11236043781093615,0.012624867985065248,0.8359047574651856,0.11254513350535135,0.01266640707573736,0.6914429316116854,0.16509815389197294,0.027257400418537577,0.5152944633798087,0.12430384013782599,0.0154514446730102,0.5132513774344953,0.1251764870703603,0.01566915291527608,0.2821264735314017,0.09733680899296486,0.009474454384932924,0.5461096932537053,0.13138977556834533,0.017263273123900153,0.5450896725916742,0.13150769394190126,0.01729427356591677,0.31442440486180556,0.13400569016608582,0.01795752499688899,0.7214238287847562,0.34550339909002686,0.11937259878276237,0.7925098506297388,0.260122831727291,0.06766388758582456,0.32673151194058736,0.42187015113330545,0.17797442441723796,1.1549551725387572,0.6745380030921789,0.4550015176155844
0.0,0.75,0.25,0.75,0.2613980333259279,0.08063409164467308,0.006501856735361538,0.29768382257877,0.0072473399846360075,5.252393685290384e-05,0.8489050311735916,0.1615981540109568,0.026113963379748913,0.8479529116794673,0.16270005105870364,0.026471306614504767,0.7390206593111599,0.23767838225469654,0.05649101339120964,0.8794664450338949,0.12673903326025493,0.016062782551744002,0.8791105123053773,0.12698119995769674,0.016124225142696565,0.7724494630309353,0.1998566861798587,0.03994269501079452,0.6040617022861898,0.16294811535924594,0.026552088299130125,0.6026699903846046,0.1636798129097574,0.026791081154173182,0.3696673661403929,0.15609813075135992,0.024366626424068658,0.6160805941792746,0.15237672466624677,0.023218666220013177,0.6151611606618482,0.15252210414734266,0.023262992253532844,0.38143264841812946,0.15129414969874908,0.022889919733067494,0.8536656413048893,0.2812826412705805,0.07911992428015407,0.8782680627747632,0.24076207388159304,0.05796637621976567,0.1945451533789267,0.41007904048148686,0.16816481944221692,1.1066885471343995,0.6560805870652734,0.43044173672391384
0.0,0.75,0.25,1.0,0.12505694662242073,0.014634907575473283,0.00021418051974264528,0.28707057373174416,0.008039123069273802,6.462749972293025e-05,0.7121215745830486,0.05246271057532804,0.0027523360009106363,0.7093290176438641,0.052985952617157335,0.0028075111747476425,0.5303279109157082,0.058594701956983714,0.0034333390974277513,0.914523574435076,0.05795702602667339,0.003359016865856496,0.914193767585647,0.058142696798349956,0.0033805731909848542,0.8146933701801604,0.11326469884571573,0.01282889200461068,0.49199354743905294,0.06314751963590552,0.003987609236167073,0.48902571720095667,0.0635262670173893,0.004035586601164643,0.22169770234765918,0.04805507928160358,0.0023092906447612057,0.6449035033236968,0.09081721613016172,0.008247766745632506,0.6439458995366815,0.09103760314790176,0.008287845186914852,0.39574983243531553,0.12397342778710671,0.015369410797284964,0.24242424242424238,0.0,0.0,0.364000364000364,0.0,0.0,1.1657700383797425,0.10804198871358271,0.011673071325185936,3.464022183418274,5.669178664909993,32.13958673467065
0.0,0.75,0.5,0.0,0.21554228356652425,0.07837288357739124,0.00614230888023532,0.28474964022374427,0.02504315767326434,0.0006271597462479785,0.775542642090149,0.13778008804852024,0.01898335266265799,0.7735091012955684,0.13939231823145612,0.01943021838193953,0.63320332509924,0.18837710254246465,0.03548593276229424,0.8690132516484862,0.0730454102130159,0.005335631953187768,0.8685634081818037,0.07323898282249097,0.005363948604873128,0.7362055016515685,0.12503814204796893,0.015634536966808055,0.5357829904907914,0.11618407387426676,0.013498739022021073,0.5334768957602007,0.11743858793601493,0.01379182193640511,0.2974405725312455,0.10907621606157268,0.011897620910310887,0.6229628639648803,0.1211816984334628,0.014685004035218718,0.6220422261787204,0.12142412808321046,0.014743818880767898,0.39540934803786876,0.15165823781343632,0.023000221096676807,0.39423714759535655,0.5089580862967266,0.2590383336068262,0.3965360709546756,0.5119259192551561,0.26206814680523655,,,,1.0498436212539672,0.890494829508732,0.7929810413817858
0.0,0.75,0.5,0.25,0.29565786788333603,0.006856212666216925,4.70076521243934e-05,0.2955679592941471,0.006983193151945638,4.8764986597380455e-05,0.790439255426108,0.172920077615028,0.02990135324238731,0.7899611647611918,0.17314218471685697,0.029978216128526223,0.6452540003047464,0.2380173109922264,0.05665224033197022,0.7928921515657661,0.17184550564196177,0.029530877809341518,0.7924207391522259,0.17206723934888235,0.02960713485714557,0.6528059848515685,0.23708150199447933,0.05620763858795831,0.535596482462704,0.173318101091353,0.030039164165912464,0.5347159973172311,0.17334117905983681,0.03004716435785441,0.32334066457522226,0.14862605493879977,0.022089704206671126,0.5286891448293194,0.17356972342390206,0.030126448889449858,0.5277858759916911,0.17358822452658612,0.03013287169429248,0.3147664889689278,0.14687470546177184,0.021572179104482232,0.9883321332654658,0.0037807460683123824,1.4294040833059538e-05,0.9932819159748172,0.0026894377847900973,7.233075598256666e-06,2.2507896824307034e-05,1.578668497471748e-05,2.4921942249097066e-10,1.4909730434417725,0.8227265125145706,0.6768789143943879
0.0,0.75,0.5,0.5,0.2195509890258426,0.09581598320402214,0.009180702637353452,0.2882373862588592,0.012565369739204557,0.0001578885166829176,0.813438552369784,0.16381944379952568,0.026836810166785956,0.8117648456598484,0.16563782703913077,0.027435889746244998,0.6890180973309294,0.2288478730866625,0.05237134901628918,0.8742990863316239,0.08890197923789249,0.007903561912414668,0.8738730547841372,0.08915980838276258,0.007949471430850941,0.7462453941290569,0.16483438544012832,0.027170374623424788,0.5582345773766598,0.12381344084699358,0.01532976813437198,0.5562364145722797,0.12499354887619929,0.015623387260666822,0.3086864672814459,0.11713780232852464,0.013721264734356513,0.6066509569769363,0.123386308989952,0.01522418124616391,0.6056692685751377,0.12361884795626528,0.015281619570034231,0.36535072317966133,0.1535168422906966,0.023567420866906608,0.818414074710381,0.22017889770727112,0.04847874699558896,0.8605705002185035,0.17333666744764376,0.030045600281855038,0.08443059655286439,0.10926149702381746,0.011938074731885672,1.571791172027588,0.9712651152342655,0.9433559240710311
0.0,0.75,0.5,0.75,0.27602190810536814,0.0622794122476803,0.003878725189916511,0.29561015214538255,0.006494523784673977,4.2178839189696e-05,0.8982497701234824,0.09992842808199857,0.00998569073893916,0.897611318371642,0.10097960539407631,0.010196880705543365,0.7911879000133026,0.15981278898121976,0.025540127521955877,0.9106807019769907,0.06702839243262525,0.004492805392102013,0.9103366952447673,0.06724190818581584,0.004521474216469687,0.8039190662947077,0.13546493062848378,0.01835074743017992,0.6447525162812491,0.14125898509939247,0.019954100871310387,0.6435607912887982,0.14210151341353075,0.020192840114415862,0.39583119543938095,0.17179863550111715,0.02951477116004571,0.6307909601891766,0.1530028758742737,0.0234098800257984,0.6298128017748137,0.15330173638705502,0.02350142237928611,0.3755514182835091,0.18030639965849335,0.03251039775780833,0.9467744610281924,0.12184488765235459,0.014846176647014911,0.9659516403702451,0.0796726744949633,0.006347735061180377,0.017993467010054977,0.056790489543143426,0.003225159702549883,1.297021746635437,0.5668613392209457,0.32133177790336415
0.0,0.75,0.5,1.0,0.12607172033884592,0.014190515141655806,0.00020137071998556268,0.28801883665705197,0.007128620569138445,5.0817231218743735e-05,0.7521187504884699,0.05843012612676238,0.003414079639189359,0.7497453697530299,0.05900204835916687,0.003481241710577466,0.5682027024312116,0.06429289111267464,0.004133575847626238,0.9418163476228155,0.050303947940096815,0.0025304871783599706,0.9415753252699689,0.050512497327761,0.0025515123862870624,0.8641163422406425,0.11828150416936811,0.013990514228568245,0.5373555266084484,0.057734137376456295,0.0033332306186035277,0.5346950458968154,0.05807594606850452,0.0033728155117518457,0.24344592735226986,0.040961931144465995,0.001677879803083973,0.7143784933772546,0.10253105944734538,0.010512618151395071,0.7135565331837302,0.10279356834501681,0.010566517693101643,0.4731166806741374,0.14396666473798336,0.020726400555778905,0.39690979490709943,0.07595868871457458,0.005769722391237638,0.548455621758957,0.08712153127337965,0.00759016121141847,0.3485335142897548,0.0561251656144947,0.0031500342152544587,1.157647156715393,0.7037771543163936,0.49530228293768097
0.0,0.75,0.75,0.0,0.21070967513493252,0.09244478764731746,0.00854603876315762,0.29025761719890475,0.015611025302685983,0.000243704111001102,0.7875943854875603,0.15075151533462372,0.022726019375685292,0.7856243149927691,0.15252217516267413,0.02326301391635345,0.6447699167003794,0.208542998744798,0.043490182325472825,0.8648329118751782,0.08083735597657073,0.006534678121282816,0.8643680321716716,0.0810599544493394,0.006570716215328979,0.725851992630596,0.14685772587451779,0.02156719164903501,0.5626866126787146,0.14636994952497384,0.021424162123943394,0.5605195895597055,0.1476297961904573,0.021794556723235957,0.3219189286977072,0.15240974248458367,0.023228729604217107,0.6407888164334281,0.13314791674805912,0.017728367734348084,0.6399169472632492,0.13340412246250638,0.0177966598899914,0.4135047664566276,0.15857895387356657,0.02514728461163476,0.49274461028192373,0.5193985623111876,0.26977486653092864,0.49563517005377467,0.5224454041877176,0.2729492003568676,,,,1.76206796169281,1.010919088878466,1.0219574042588677
0.0,0.75,0.75,0.25,0.2572117558627419,0.0853280894215973,0.007280882844340105,0.2917246262052205,0.01336878119919351,0.0001787243107519099,0.873896550526107,0.1492781196615565,0.022283957009689978,0.8729028405428597,0.15085239728795227,0.022756445767522192,0.7803817161617662,0.2056228721898808,0.042280765567616056,0.9131832775358395,0.07593080527097522,0.005765487189098757,0.9128708998849164,0.0761638873915323,0.005800937742590013,0.8217588285404286,0.14256577297743872,0.020324999624654595,0.620391749128705,0.15088019762823787,0.02276483403633612,0.6189304282784224,0.1519620649230903,0.023092469175689512,0.3728776276496384,0.1489663099489136,0.022190961499795794,0.6379441525049604,0.12491509860439116,0.015603781859344766,0.6369949686514934,0.12512810407159633,0.015657042428552242,0.3891626987283,0.1360333895667251,0.01850508307701239,0.8521633499170813,0.28047489836180167,0.07866616861106299,0.8771574512088588,0.2401663093287571,0.057679856136596236,0.18779256453588467,0.39582417217672106,0.1566767752793865,0.6750636100769043,0.3077436491546324,0.0947061535950095
0.0,0.75,0.75,0.5,0.2799941570775049,0.06301382576063003,0.00397074223699104,0.29900592579481244,0.006939815126794273,4.8161033994082616e-05,0.9025781441490764,0.08491635792222832,0.0072107878427759885,0.9019970338046942,0.08576947175215581,0.0073564022846438525,0.7991848974928019,0.1322290128869818,0.0174845118490656,0.9114927291057586,0.058415668481895375,0.0034123903241867048,0.9111492750075708,0.05860516044641194,0.003434564830949686,0.80359543543038,0.11631171977102789,0.01352841615609412,0.7539076773284504,0.12266762419488429,0.015047346025617362,0.7530566018218672,0.12341406116608873,0.01523103049350709,0.5448634765468754,0.1622858974986018,0.02633671252692669,0.7664225856406446,0.08405693945705353,0.0070655690708867624,0.7657883867468691,0.0842680618234558,0.007101106243481768,0.5617407582365825,0.1178161055749577,0.013880634732849577,0.9483649169880932,0.1160862954571287,0.013476027992959778,0.9658119658119657,0.07962306882844845,0.006339833089659839,0.01762141082927807,0.055612096673043426,0.0030927052963719277,1.413097906112671,0.7451280633131661,0.5552158307368296
0.0,0.75,0.75,0.75,0.27540749537982656,0.07046589628127754,0.004965442538723764,0.29475439928209535,0.010719136363933226,0.00011489988438859563,0.8950901725412432,0.10908078845168971,0.011898618409242284,0.8944360240616328,0.11018642190106186,0.012141047571358803,0.7927162000829531,0.1555443546629904,0.024194046267526144,0.9147542391627663,0.0576971783646385,0.0033289643912409093,0.9144253682269173,0.057882029697957964,0.0033503293619552873,0.8155188011490244,0.11250979175075737,0.01265845323979879,0.638006336786893,0.1537002787721984,0.023623775694651503,0.6367971415165743,0.15461407892690823,0.023905513402416208,0.3959441739944212,0.16452482979152516,0.027068419617930325,0.6359878378090569,0.1369049766162424,0.01874297262229388,0.6350249336814129,0.13716660953690074,0.01881467877184859,0.38260838169557265,0.15409731862194062,0.023745983606471885,0.9771707855066818,0.027816894757933315,0.0007737796339739378,0.9858549435653062,0.01852407829500064,0.00034314147667931385,0.00028254940095670034,0.0007803312153614117,6.089168056674179e-07,1.1129846572875977,0.4475838092576674,0.20033126630960396
0.0,0.75,0.75,1.0,0.11584139888326073,0.01531716426406814,0.00023461552109244608,0.2823739777397102,0.012899711572050747,0.00016640255864209993,0.7402607984511359,0.05218050169408751,0.002722804757046669,0.737789471553128,0.05268593249000553,0.00277580748234142,0.5501162365167529,0.051986726632618406,0.002702619745974596,0.9354705435321821,0.04475276924609001,0.0020028103551937796,0.9352044553403779,0.04493747534573285,0.0020193766904483476,0.8538459177454356,0.10217679873653823,0.010440098200047042,0.5049354137648764,0.06484277559418564,0.004204585546757917,0.5021076478773226,0.06522424002624225,0.0042542014870008615,0.21684156193953497,0.036210830686428365,0.0013112242590011822,0.6742928389247046,0.10382034259945513,0.010778663537468237,0.6733795308694466,0.10407146868045772,0.010830870593307493,0.4209860903249041,0.13392960683201272,0.017937139586177504,0.5206422988967802,0.14272437448210445,0.02037024707130799,0.6230251291357597,0.13201981791192674,0.017429232321498293,0.1279009441702072,0.0329225757806968,0.0010838959960357236,1.028673529624939,0.5933672014871312,0.3520846358006698
0.0,0.75,1.0,0.0,0.1246712874860667,0.01782753708412209,0.00031782107848574826,0.2844088930657326,0.008084614488854018,6.536099143338833e-05,0.6759701279950581,0.07376642378632041,0.005441485278223018,0.6727570404376255,0.07454817405248897,0.00555743025456019,0.4961613797977725,0.08888401210236865,0.007900367607414017,0.8719662139684294,0.07010367883931345,0.0049145257868056045,0.8714870341397594,0.070288431626602,0.004940463620527504,0.7203822680518945,0.12918310774651479,0.01668827532704765,0.453192515820099,0.09247104301994633,0.008550893797196764,0.4499154551701719,0.09306920063647639,0.008661876107112696,0.197163471111717,0.07816178927794858,0.006109265303130437,0.6004671919319076,0.1466725375892785,0.021512833282878317,0.5994543279766285,0.14697455186221217,0.021601518895098093,0.3495843952872052,0.18484812803595413,0.03416883043839649,0.0,0.0,0.0,0.0,0.0,0.0,,,,3.3271531581878664,5.623008054868179,31.618219585112424
0.0,0.75,1.0,0.25,0.12910693609645993,0.012310088545540469,0.00015153827999904665,0.28939345495545526,0.007464694292622847,5.572166088231611e-05,0.729442354911874,0.04963586458716019,0.0024637190533149033,0.7268227177210734,0.050127588400177205,0.0025127751188175804,0.5536793374389204,0.056797893304607674,0.0032260006838415976,0.9232457270459105,0.04081874195550862,0.0016661696948303997,0.9229280866356071,0.04098793532838914,0.0016800108424842104,0.8217646091515839,0.09607978753468187,0.00923132557270961,0.5450253195382773,0.05600133166142313,0.0031361491478527127,0.5423736526159884,0.056335001652613056,0.003173632411199916,0.26006348988249484,0.0481519187817036,0.00231860728235978,0.7313969826880029,0.1123904160852955,0.01263160562782585,0.7306480222246903,0.1126903304783291,0.012699110583315028,0.5050780401325266,0.15748981323328184,0.024803041272254,0.24242424242424238,0.0,0.0,0.364000364000364,0.0,0.0,1.119165143887608,0.10025842704222414,0.010051752192980979,1.5400809049606323,0.48768540475675437,0.2378370540127593
0.0,0.75,1.0,0.5,0.11326578890771066,0.020188806981111296,0.00040758792732056826,0.2850679042922889,0.006547835024331897,4.28741435058675e-05,0.709407529459158,0.06561855824893535,0.004305795186668921,0.706616367056591,0.06626249156629638,0.004390717788573499,0.5263960396268624,0.06874372108770314,0.004725699188983922,0.9022348499455,0.0679146180600898,0.004612395346247877,0.9018758450124162,0.06811748024243124,0.004639991114578011,0.7933631332161727,0.12609835478750642,0.01590079508011584,0.4893507081913482,0.062087965886231604,0.0038549155078898595,0.48640254954988793,0.06245854755741025,0.0039010701629812786,0.21759972205916647,0.04017484584368106,0.0016140182385635377,0.6505089080272002,0.09043418746321308,0.008178342262131565,0.6495863594559999,0.09065944222575766,0.00821913446468549,0.4080718794006012,0.12696506912801578,0.016120128778681825,0.37018645663624444,0.061541634579965844,0.003787372786774048,0.5206823267079097,0.06861539408987766,0.0047080723061092185,0.38437716130326216,0.06216366906428433,0.0038643217515338607,1.3000197887420655,0.6595719841181229,0.4350352022335173
0.0,0.75,1.0,0.75,0.10614311537746282,0.021681802860120832,0.0004701005752651439,0.2826337585895245,0.010418095237349037,0.00010853670837447468,0.7120967386184661,0.06365140998936714,0.004051501993634507,0.7093535265104038,0.0642662395963883,0.004130149551860389,0.5270337752978589,0.06378378374265146,0.00406837106852933,0.8985971220168547,0.07043815722780064,0.004961533993648363,0.8982230851514666,0.07065006319122615,0.004991431428924248,0.7820176171375446,0.13261369691919744,0.01758639261057676,0.501692058237558,0.08314495394082395,0.006913083365821738,0.4988411901858152,0.08362789459470081,0.006993624754342388,0.21936727923939964,0.04993490095535254,0.0024934943334208675,0.6708612562211218,0.149116357186798,0.022235687980660727,0.670009603954519,0.1494135741128588,0.02232441612917875,0.44396104845277556,0.1836026098107101,0.03370991832930386,0.49078914896789694,0.12525885237353288,0.015689780097934505,0.599654009180027,0.12109448239500296,0.014663873666513684,0.14177630575350528,0.03469025927901478,0.0012034140888452709,1.0567409992218018,0.2608129233108885,0.06802338096597141
0.0,0.75,1.0,1.0,0.10278795133955052,0.02123998042366019,0.0004511367683974681,0.2823700114961434,0.006411507557706191,4.1107429162523605e-05,0.7126640801759665,0.07738192109231684,0.0059879617119375506,0.709954743682347,0.07811411928667408,0.006101815631932748,0.5085047667095847,0.08470309998791387,0.007174615147562535,0.9215770145551302,0.06568554098752255,0.004314590294823504,0.9212760557908594,0.06590360046944156,0.004343284554835777,0.8285884691698904,0.13164940537048944,0.017331565934403454,0.4971895644478173,0.06748533948683542,0.0045542710456534284,0.49434716599983447,0.06786992260479949,0.004606326394381473,0.20470311058103818,0.03513926489782763,0.001234767937559701,0.6551649268166259,0.09343020402407275,0.00872920302397986,0.654219140464498,0.09364544829975203,0.008769469987261531,0.4014029210123088,0.12136136720971417,0.014728581451011087,0.5403028400725864,0.14405354644599025,0.02075142424366707,0.692676280145633,0.08963319441180649,0.008034109540464698,0.12306959495965272,0.03850822031572659,0.0014828830318845386,3.8013959407806395,6.084337960794658,37.01916842116689
0.0,1.0,0.0,0.0,0.15064189081030127,0.017031905333497927,0.0002900857992892351,0.25988685045772425,0.03811873971578731,0.0014530383175199407,0.6673978390756996,0.053483862145455065,0.0028605235099940416,0.6638041656959264,0.05413876131264276,0.0029310054764673044,0.5066083298526874,0.07844672001966449,0.0061538878818436305,0.8724277169527468,0.05408014450410507,0.0029246620295848855,0.8719687257039641,0.05419468096154441,0.002937063444523584,0.7353903732759651,0.08050714844742324,0.006481400951135442,0.44729329864730716,0.11201867313309587,0.012548183130499373,0.44363058789409415,0.11279857858819357,0.01272351933151688,0.2300517455662016,0.11101040690821408,0.012323310441927263,0.6173654595861484,0.19515965946273728,0.03808729268161158,0.6164605251778695,0.19551805118502838,0.03822730833919138,0.39473526504755607,0.22182860265740145,0.04920792895693529,0.0,0.0,0.0,0.0,0.0,0.0,,,,1.184028649330139,0.779094568926863,0.6069883473313344
0.0,1.0,0.0,0.25,0.13988441336820276,0.01576218776658702,0.0002484465631891455,0.26794209719779766,0.029186771843598625,0.0008518676506502814,0.6584827088658198,0.0570253614061661,0.003251891843503858,0.6549022341291643,0.05767931944361655,0.0033269038914787623,0.48212666857215314,0.07255848933810735,0.005264734375028238,0.8613233281851098,0.059710170874942306,0.0035653045059148084,0.8608420052589887,0.059839825069915774,0.0035808046643981207,0.7204221467095043,0.09102817044925099,0.008286127815337892,0.4368278802716901,0.06722021705273627,0.004518557580616976,0.43322738232945496,0.06767804219593694,0.00458031739547502,0.2062590479313456,0.06855446932559044,0.004699715264513319,0.5839816284776137,0.13246795407751033,0.017547758857481388,0.5829894328196761,0.13271630193765516,0.01761361680000685,0.35525288085454976,0.1625702234718842,0.026429077559698377,0.0,0.0,0.0,0.0,0.0,0.0,,,,0.9850921392440796,0.5247080607089513,0.2753185489729485
0.0,1.0,0.0,0.5,0.1279577765408016,0.019804646920285895,0.0003922240396371896,0.27883510691075253,0.014348847607672723,0.00020588942766821522,0.6577382210349885,0.06526274491221896,0.004259225873477362,0.6542681166043419,0.0659637796504381,0.004351220225771552,0.4857042749316355,0.07243780125414051,0.005247235050534361,0.8612171235626317,0.05699720278277947,0.0032486811250612836,0.860734123993107,0.057116326119131255,0.003262274709346955,0.7184627739127718,0.08290508250799809,0.006873252705657972,0.4497910667329671,0.09469501434658477,0.008967145742099895,0.4464046470843547,0.09530971225069886,0.009083941249311014,0.21281207771496305,0.08169538711412559,0.006674136275726838,0.6070681846966208,0.147876580409818,0.021867483033701368,0.6061388082120229,0.14815795897853057,0.02195078080868395,0.38393791174218367,0.177485582391063,0.03150113195669481,0.0,0.0,0.0,0.0,0.0,0.0,,,,5.331063556671142,8.646606572655791,74.76380522229432
0.0,1.0,0.0,0.75,0.13001068335959626,0.01762983699351628,0.00031081115241795513,0.2870660487933136,0.008249894116326267,6.806075293059477e-05,0.6917688432710776,0.06217244790226042,0.0038654132781592862,0.688721426196605,0.06281125431939873,0.003945253669176186,0.5196852293913422,0.0744956192489178,0.005549597287279732,0.8912400834890999,0.05916632090874653,0.003500653529876777,0.8908352764079155,0.05932927367525629,0.0035199627148334587,0.7664126229746164,0.10498496398791073,0.011021842663542912,0.48759573055892896,0.11028800739807916,0.012163444575838763,0.48453389013517023,0.11097216394620532,0.012314821170903472,0.2360557722601165,0.09164920116900972,0.008399576074917613,0.6546437798421505,0.179885843588158,0.03235891672342325,0.6537836688399458,0.18022302810749563,0.03248033986023516,0.43243395107760224,0.21160058371783122,0.044774807029726894,0.0,0.0,0.0,0.0,0.0,0.0,,,,4.244359087944031,5.889195638541241,34.68262526901317
0.0,1.0,0.0,1.0,0.1202813777671055,0.019117808903245485,0.0003654906172610123,0.2942029482694073,0.008855633313196823,7.842224137780133e-05,0.719001043311998,0.06403526307406775,0.004100514916965064,0.7162807301247233,0.06467511608181599,0.0041828706401963725,0.5232205549600839,0.08523345946268145,0.007264742611976561,0.8987306991131254,0.07626473610996473,0.005816309973922559,0.898359757386254,0.07649405901396801,0.005851341064432421,0.7847752879643475,0.14705920781317675,0.021626410602639107,0.5090585551238397,0.08721797624897153,0.007606975380966162,0.5061977337138547,0.0877462016534285,0.007699395904604138,0.22622313465974137,0.06341462168019926,0.004021414242842798,0.6657148978243556,0.14732065242013795,0.0217033746294951,0.6648548296350191,0.1475990887927564,0.021785491012451988,0.42933164640358934,0.17403762021372748,0.03028909324965765,0.0,0.0,0.0,0.0,0.0,0.0,,,,1.022879147529602,0.5251627145974535,0.27579587680336637
0.0,1.0,0.25,0.0,0.12330543581251956,0.018099206646501453,0.0003275812812327623,0.2673643729572798,0.028360453683247983,0.000804315333119654,0.5997746917739271,0.06322232381758804,0.0039970622288959595,0.5955297917601826,0.06396427417720507,0.004091428371016664,0.4298389410306081,0.07260273670491962,0.005271157377043883,0.7948328443490188,0.08449028116192152,0.00713860761082055,0.7942408829130565,0.08457945691451972,0.0071536845319550985,0.6257221536211754,0.10805098646197094,0.011675015675405027,0.40602056895992983,0.11876734361405214,0.014105681909138332,0.40216042116059736,0.11959325943198289,0.014302547701565563,0.20750773115848636,0.10909132516628241,0.011900917226535562,0.5750049195710083,0.16197155086758555,0.026234783290450855,0.574152334596188,0.16219514522692444,0.026307265135183108,0.3740813174072636,0.17735666498744426,0.03145538661546854,0.0,0.0,0.0,0.0,0.0,0.0,,,,2.569857048988342,5.8716756083214054,34.47657444935655
0.0,1.0,0.25,0.25,0.12901850023518452,0.017783530259858973,0.0003162539485033198,0.27411222391256673,0.02184618167357766,0.00047725565371496047,0.6648627091142194,0.0667987344157614,0.004462070919547426,0.6614641928923557,0.06752000964695633,0.0045589517027250755,0.4963599253759742,0.06755630376792553,0.00456385417878423,0.8709297281491523,0.0758661034058787,0.005755665645991478,0.8704894762484493,0.07606916405363025,0.005786517719818112,0.7446328852466519,0.132011952354351,0.01742715556440744,0.443556894566748,0.053710929655079294,0.002884863964412876,0.44013524136322274,0.054076435481029014,0.002924260874333894,0.20466875002314272,0.046260886668874984,0.0021400696353904955,0.5997348377468792,0.0939250658756491,0.008821917999745023,0.5987555407739924,0.09409341978378619,0.008853571646607807,0.3631793665694776,0.11347855853713071,0.012877383247665002,0.24242424242424238,0.0,0.0,0.3952934838504578,0.021823332761795843,0.00047625785283207173,1.7826140144538776,0.15702784132300612,0.024657742950563187,1.2234905242919922,0.9293723166667905,0.8637329029865971
0.0,1.0,0.25,0.5,0.11399626327363785,0.016023503397212483,0.00025675266112048,0.2723004828849154,0.021160014710145017,0.00044774622253355355,0.6355576595840288,0.05327965873822373,0.0028387220352615802,0.6319328176711976,0.05383257477397804,0.002897946106795937,0.4565530754239454,0.05453049516151808,0.0029735749025603473,0.8597259433884398,0.05872164973722673,0.0034482321478615406,0.8592376781237967,0.058846539517967866,0.003462915213239754,0.7146231476726935,0.08698440913491569,0.007566287432550403,0.4428787571103376,0.07590904897557539,0.005762183716376303,0.43952603938756807,0.07637410820295339,0.005833004403796431,0.2115015966018456,0.07104175403725964,0.005046930816690496,0.6314205365158767,0.1325479594635931,0.017568961557962323,0.6305382020605974,0.13282861598463053,0.017643441224392445,0.4111307792259149,0.16782814303145124,0.028166285593385257,0.24242424242424238,0.0,0.0,0.40220955682711024,0.015823058035698334,0.0002503691656010776,1.2509423417224506,0.1087861587198057,0.011834428329010757,5.481940054893494,8.11219757212761,65.80774944923307
0.0,1.0,0.25,0.75,0.1336382755588053,0.029111789020380266,0.000847496259967133,0.2909304437394615,0.006034069160490516,3.640999063358272e-05,0.7555375041323547,0.11116897494113086,0.01235854098946178,0.7531632963870916,0.1122977542106395,0.012610785600753202,0.5871971465285906,0.12081344143230541,0.014595887630717088,0.9306252424105356,0.1257073156017121,0.015802329195788455,0.9304338345089969,0.12594559258109905,0.015862292290604194,0.8709154351670634,0.20043335447832386,0.04017352958743343,0.5387767953554554,0.11099166800367088,0.012319150366237099,0.53608589283058,0.11169663208190164,0.0124761376184397,0.25005419289405106,0.06723423189839325,0.004520441938966921,0.696442288254722,0.14209089642375142,0.020189822846505254,0.6956402442155241,0.14218269076195705,0.020215917552310305,0.45587264674981187,0.14152431135909668,0.020029130705666545,0.24088120468488566,0.004879513771964607,2.3809654650792263e-05,0.3696003696003696,0.0,0.0,1.0526087777552073,0.21193774901137455,0.044917609456008395,3.3907156944274903,6.054597976405362,36.6581566558919
0.0,1.0,0.25,1.0,0.11555685800460694,0.014141001178458467,0.00019996791432916376,0.2879596252564419,0.006269382160911905,3.9305152679560425e-05,0.7187934953010374,0.04722271227267737,0.0022299845543880736,0.7161076905194571,0.047679945968096625,0.0022733772475206134,0.5231403502794569,0.05756194244164354,0.003313377217655084,0.9253040841690933,0.03962575412394715,0.0015702003898915144,0.9249957407081606,0.03978951832034035,0.0015832057681647,0.8292529269787856,0.09153877351946295,0.00837934705744753,0.5020510136013405,0.07078305647066266,0.005010241083329019,0.4991934734646407,0.07119571811379945,0.005068830277739592,0.21206511938505263,0.045798018862566126,0.0020974585317359625,0.6545149765529158,0.10703328979311606,0.011456125123937162,0.6535602689639701,0.10730006657269847,0.011513304286505523,0.3955637851697366,0.1361349919306407,0.018532736027955608,0.24242424242424238,0.0,0.0,0.3246489732976219,0.0,0.0,1.29556675192117,0.11165152509918118,0.012466063056973085,1.0981585502624511,0.6181638051126155,0.3821264899513077
0.0,1.0,0.5,0.0,0.13314356002534483,0.0199035836971668,0.000396152643990124,0.28527108402565093,0.011638699000389111,0.00013545931442165851,0.6659477332894318,0.06702627542641217,0.004492521597537264,0.6625610613342995,0.06774765340403839,0.004589744541753714,0.4980480649898956,0.07014522974556234,0.0049203532560577225,0.8639759150415592,0.05909563095865444,0.0034922935984014764,0.8635052903797762,0.05922390722408636,0.0035074711868871883,0.7288119404986333,0.08994446788558981,0.008090007303221897,0.4452431180726526,0.1167347917219048,0.013627011598356494,0.4418282584294652,0.11748996451915603,0.013803891762712541,0.20689503526024264,0.09519902650425864,0.00906285464735854,0.5786192682213657,0.16000833263461683,0.02560266651251019,0.577633829180362,0.1602891392675952,0.02569260816714653,0.34727380077070913,0.17634070537941968,0.031096044373711287,0.0,0.0,0.0,0.0,0.0,0.0,,,,2.681884431838989,5.921648773497393,35.065924196663175
0.0,1.0,0.5,0.25,0.1288069207402183,0.022206839003453452,0.0004931436985253015,0.2795929345619669,0.018845277186743017,0.0003551444722451768,0.6952135314678206,0.0753325046382161,0.00567498625506685,0.6921890389920586,0.07612563392343864,0.005795112140245392,0.5129277974749433,0.09841114629265643,0.009684753714634625,0.8966649144725292,0.08053222323689807,0.006485438979477586,0.8962860031818544,0.08077700666727092,0.00652492480612433,0.779852768377183,0.15696968118312235,0.02463948081073107,0.5153213668015812,0.07960218950788801,0.006336508574449716,0.5124156566107914,0.08012369634051472,0.0064198067152670115,0.2496383759710973,0.07560381695417417,0.0057159371380402745,0.7190855445994717,0.10340658698321005,0.010692922231516187,0.7183474201183317,0.10363867755944521,0.010740975486270652,0.4981488004671724,0.13718891318701537,0.018820797901434438,0.2389683350357507,0.010928538730238009,0.00011943295877831219,0.3967774033894116,0.03520379014786291,0.0012393068407747696,1.182030990800572,0.12366759373617212,0.015293673740494916,5.16956856250763,8.069881162262325,65.12298197303635
0.0,1.0,0.5,0.5,0.12340104947227244,0.02723891493529205,0.0007419584868520764,0.28246169414488664,0.01469049720293733,0.00021581070806950953,0.7168770363115525,0.10724556082065455,0.011501610315736713,0.7141100610887118,0.10833386370978851,0.011736226026291032,0.5384906332014414,0.12117483220774493,0.014683339960575137,0.9046949820511448,0.09800281352269624,0.009604551458364374,0.9043719788301097,0.0983045805982521,0.009663790566598243,0.8074398069608553,0.18862372613728431,0.03557891006191323,0.48493623025936017,0.12099194845302491,0.014639051590459438,0.48190572864786363,0.12175990318464788,0.014825474023534825,0.21505808277936872,0.08121338008153403,0.006595613104267709,0.6228632747722692,0.1681480679273769,0.028273772747709758,0.6218958924328886,0.16841905873778049,0.028364979346119954,0.37188087330235453,0.1808720877424585,0.032714712124315606,0.38658088437349514,0.09026901506324925,0.00814849508048912,0.5116666024409764,0.13076741920009394,0.017100117924253096,0.4969737375277238,0.0983446594740274,0.009671672047062407,1.256965446472168,0.7498750154872017,0.562312538851931
0.0,1.0,0.5,0.75,0.12557552797953525,0.022607751062400223,0.0005111104080994585,0.2831690897716504,0.013314439696027905,0.00017727430441916365,0.7534167997129355,0.08350180934441279,0.006972552163790662,0.7510525210574639,0.08432407420452664,0.007110549490450517,0.5688088988626333,0.09366280253002796,0.008772720577779012,0.9508164777490433,0.0713709134112911,0.005093807281162012,0.9506360180863116,0.07160973847585284,0.005127954644580038,0.8960261173114537,0.1426079463888102,0.020337026373233764,0.5331427567571151,0.06543833980830334,0.0042821763168669775,0.530456236899716,0.06583439618860905,0.004334167721518742,0.23993893226810203,0.03800672744914676,0.0014445113313937255,0.7011855860642605,0.07735918393435637,0.00598444333898958,0.7003240959302555,0.07751418502706704,0.006008448880410385,0.44599084222867963,0.09597427930825995,0.009211062288739894,0.4270176252319109,0.0759321598073338,0.005765692893006478,0.579887234374671,0.09307311310059159,0.008662604382235515,0.3365272424638654,0.06963384846033356,0.0048488728513966985,1.669582152366638,0.8370106584364518,0.7005868423362226
0.0,1.0,0.5,1.0,0.10809891226159338,0.023666051451149833,0.000560081991288471,0.2880234337636386,0.00627663814981163,3.939618646367077e-05,0.7036618329818344,0.08298975531566749,0.006887299487354361,0.7008496721446401,0.08378548941937583,0.00702000823724434,0.5033793439673897,0.08682097980201127,0.007537882533781249,0.910837988288978,0.07725780354526464,0.005968768208638706,0.9105155731008937,0.07749684144720193,0.006005760434292753,0.8139872505574252,0.1471545033878545,0.02165444786732608,0.485911934826451,0.10017192631178033,0.010034414821012748,0.4829846024154351,0.10075154282586428,0.010150873381791964,0.20203931546576848,0.05535881922700643,0.0030645988662083767,0.6340992014420946,0.16655754592485505,0.027741416104510197,0.6331578339730228,0.1668342926269521,0.027833681196335485,0.3916620850881813,0.18301168950288618,0.033493278494700816,0.38503852541588385,0.06921970778778963,0.004791367946226984,0.5700666443101141,0.012327442380980866,0.00015196583565640318,0.4733591992792829,0.09249426738195671,0.0085551894985249,2.9328751325607296,5.990412752162439,35.885044941270365
0.0,1.0,0.75,0.0,0.13003425240532762,0.012843882938871176,0.00016496532894742606,0.28541962032269963,0.01172716791332232,0.00013752646726725658,0.7011153444379941,0.041443496716393066,0.0017175634200816826,0.698164650550032,0.04186980166234101,0.0017530802912437738,0.5259242671227382,0.045230354510508386,0.0020457849691462664,0.8963763974386012,0.036890543485450636,0.0013609121986519243,0.8959718292137284,0.03697178458957488,0.0013669128557379268,0.7740450557803179,0.05797901460673718,0.003361566134768243,0.518098598453136,0.08464978982518731,0.0071655869174483845,0.5152234614452442,0.08515994703654405,0.007252216579266987,0.25820241521511994,0.0742913654313785,0.00551920697765862,0.7096355477452834,0.11900927065443954,0.014163206501701645,0.7088796506858395,0.11931848229139054,0.014236900216320878,0.49031906546932175,0.15823373179159972,0.025037913876695912,0.0,0.0,0.0,0.0,0.0,0.0,,,,1.4222359657287598,0.8342492185878341,0.6959717587144117
0.0,1.0,0.75,0.25,0.11736180096270117,0.018594763993108363,0.00034576524795939926,0.279348036972905,0.01626967411207794,0.00026470229571321906,0.683825746534685,0.07762023209273886,0.006024900430130646,0.6807372286991563,0.07840898131399167,0.006147968350697895,0.49825757657748976,0.08278302523525549,0.006853029267100948,0.8896906799018431,0.06720613522660822,0.00451666461209715,0.8892823020665672,0.06739488476876587,0.004542070492995229,0.7639978068721559,0.12510825095888947,0.01565207445799247,0.46595060367351177,0.0945939275996196,0.008948011138722074,0.46280578200757355,0.09518014855872203,0.009059260679660395,0.20481012019239234,0.06640038339307702,0.004409010914747619,0.6512842803733507,0.10280681849809166,0.010569241929699562,0.6503809364535617,0.10305615116240104,0.010620570292407653,0.4067981543192702,0.1377784861654414,0.018982911250040726,0.23981924508240296,0.008237724898896896,6.786011150990589e-05,0.36672600744457035,0.009089531232517515,8.261957802691137e-05,1.1828306146523582,0.13015076790044347,0.016939222385075108,1.8558450222015381,0.9337614942459092,0.871910528136353
0.0,1.0,0.75,0.5,0.11351605819143631,0.017678600409500304,0.0003125329124387843,0.282285437217896,0.02309463239894196,0.0005333620456422596,0.6850626532653733,0.0633846580491434,0.004017614876006839,0.6820287483076833,0.06400970685153004,0.004097242571218811,0.4985983742291319,0.06672054948400348,0.004451631723447357,0.9011268524005305,0.04930445622290567,0.002430929403436422,0.9007400729794529,0.049452699005317326,0.0024455694389105133,0.778435221530421,0.09418317893818774,0.00887047119490269,0.48917719719168823,0.08142007803520539,0.006629229107258935,0.4862167923099022,0.08190507084909385,0.006708440630795082,0.22286675117983198,0.0590359225383666,0.0034852401499560213,0.6999667734772611,0.12027708488440456,0.014466577148290258,0.6991690095289917,0.1205827817116445,0.014540207245318107,0.4763563767548556,0.16838181131214344,0.028352434380758282,0.3496290438679197,0.04896597689541825,0.002397666893322634,0.49017374986674744,0.062229399191843296,0.003872498123777787,0.38857837663922934,0.04572827347885633,0.002091074995357075,1.7927924871444703,1.0746364080751927,1.154843409560752
0.0,1.0,0.75,0.75,0.10193535471969854,0.02180516162299694,0.0004754650734050185,0.2764329725153735,0.015029788480679174,0.0002258945417739564,0.6923407254362781,0.07300987627379221,0.005330442033514447,0.6894024213059124,0.07371837432479111,0.005434398713090021,0.4980977637693861,0.07479599445336702,0.00559444078626811,0.9022562876397728,0.0696754422476554,0.004854667252406362,0.9018982311589623,0.06988328806526495,0.004883673950812802,0.7945037263085227,0.12987542390084897,0.01686762573342521,0.47913408046148265,0.06457479753836472,0.004169904477120795,0.47614627922589114,0.06496052793317673,0.004219870189357035,0.20300276594840008,0.03823687210488218,0.0014620583883651166,0.6500045451575593,0.08893976270518887,0.007910281390055306,0.6490818519035585,0.08915677568405701,0.00794893065037726,0.40671803167284715,0.12240935205120189,0.014984049469595084,0.4838263668121999,0.1313622182314894,0.017256032378697453,0.5833014157572036,0.1280834272129822,0.016405364326623303,0.15563482094708866,0.03999833336389912,0.0015998666718896057,1.2515976667404174,0.550211235639981,0.3027324038244747
0.0,1.0,0.75,1.0,0.1120340821075694,0.02208055301847909,0.000487550821601866,0.28639987075318485,0.006606605277802249,4.3647233296684526e-05,0.7364272102987569,0.06992564380400969,0.004889595661405238,0.733940691353703,0.07058998470389398,0.004982945940495986,0.5330054442122656,0.07578925409650004,0.00574401103650385,0.9405973594897808,0.06932070649375975,0.004805360348793986,0.9403734312221979,0.0695583194554423,0.004838359805465362,0.8704252022184329,0.14232775338720224,0.020257189384248264,0.5282576575249258,0.05211401697380755,0.002715870765146301,0.5255899208963105,0.05241275692671633,0.002747097088659051,0.22209389652956726,0.029096457295133445,0.0008466038271275243,0.7115677771364176,0.08843073112500152,0.007819994207302313,0.7107461084043943,0.08863806871803914,0.007856707226063828,0.46757476537888243,0.12229778015525375,0.014956747030902776,0.5719677612360539,0.1643135813109275,0.02699895300322278,0.707597734895174,0.09870491068115339,0.009742659392574468,0.132648810769501,0.050500696197485616,0.0025503203164307384,0.9330709457397461,0.4403390830966553,0.19389850810240314
0.0,1.0,1.0,0.0,0.12538144306729132,0.02035936578556264,0.0004145037751903386,0.2821662005474543,0.01723659155349355,0.00029710008838196517,0.7387084449287574,0.07187483035574713,0.005165991238667428,0.7361883583209176,0.07258583159614825,0.005268702948504392,0.5500912039293946,0.09647897574646877,0.00930819276108771,0.9446561834262948,0.04781286475922918,0.0022860700364843397,0.9444279603428519,0.04801016978872711,0.0023049764031424056,0.8745742418426689,0.10902309036163359,0.011886034232000922,0.5172846383448515,0.08259236712384092,0.006821499107119319,0.5144844069340623,0.08309405716071391,0.00690462233542799,0.22386362021999343,0.05755571435595714,0.0033126602550245304,0.6626846354600529,0.09362071545139392,0.008764838361630868,0.661725439597078,0.09382777447065374,0.008803651262115861,0.39747660243977245,0.11012388214380883,0.012127269418423499,0.0,0.0,0.0,0.0,0.0,0.0,,,,0.9635108947753906,0.8689840703773943,0.7551333145696643
0.0,1.0,1.0,0.25,0.10983597460207206,0.030920819512901977,0.0009560970793494596,0.2907018176622536,0.005540083430489135,3.069252441678027e-05,0.6963763085405982,0.09761289379080945,0.009528277034215845,0.6934624484824667,0.09857540996719509,0.009717111450200584,0.5013123977792969,0.11028291366337238,0.012162321046082846,0.8774194580204092,0.12876547490966583,0.016580547528711784,0.8770561791241669,0.12902424728044154,0.016647256386284528,0.7677169265179181,0.20951408461483098,0.04389615165199055,0.48997989648753826,0.11150455267835316,0.012433265267999635,0.4870386734435973,0.11217840178992483,0.012583993828141812,0.20777541147449363,0.06815043676880013,0.004644482031778224,0.6299586651059903,0.1821190404769205,0.03316734490423422,0.6290819252261229,0.18233912291703042,0.03324755574615192,0.3945044381920987,0.19197752037117505,0.03685536832786493,0.23580550329016586,0.014974474459710974,0.00022423488534453626,0.3246489732976219,0.0,0.0,1.3754547339938985,0.2641763113703947,0.06978912348926775,3.205323839187622,5.899005055687805,34.79826064703028
0.0,1.0,1.0,0.5,0.10966078011510327,0.02098931876534219,0.00044055150223314577,0.2865105899139987,0.00688864349557832,4.74534092091735e-05,0.7141007798929275,0.07437987647637886,0.005532366024641378,0.7113890454098415,0.07509252473285255,0.0056388872707540715,0.5133322316047463,0.0833464937788904,0.006946638025234617,0.9225303232329634,0.06467778071422961,0.004183215318117972,0.9222333241393237,0.06489231508980525,0.004211012557714566,0.8314252108876735,0.1293854827874854,0.016740603156150682,0.4879509800591471,0.0886147081862459,0.007852566506933514,0.4850366464318811,0.08912784945380978,0.00794377354826098,0.2003088968563111,0.050033651970201196,0.002503366329475218,0.6278062857062424,0.12955733234392974,0.01678510236407546,0.6268070212873994,0.12977853490816965,0.016842468122911007,0.3692498362980342,0.14256377866441325,0.020324430987075807,0.3853018785508323,0.0690117650013304,0.004762623708598851,0.5695909036164595,0.012544916292056228,0.0001573749247746978,0.4624792736503486,0.08070390533927663,0.006513120337010922,1.262269711494446,0.9170265131318073,0.8409376257866806
0.0,1.0,1.0,0.75,0.10989952268382844,0.02105334069945707,0.0004432431546074154,0.2867312057135298,0.005857528349234903,3.4310638362090566e-05,0.7267024500389445,0.07365936085106904,0.005425701440988002,0.7241242192107864,0.07435788732074325,0.005529095406804349,0.5225555859333255,0.07821868483689179,0.006118162657613006,0.9327105576149692,0.06820067617672497,0.004651332230962501,0.9324558163635455,0.0684289586201079,0.004682522377832439,0.8560569254519566,0.13605001565488464,0.018509606759694354,0.5160879664179363,0.0849811510873977,0.007221796040139117,0.5133509962387001,0.08546555654117391,0.007304361354892593,0.21412537284027736,0.04450600307322469,0.0019807843095538858,0.6656218212564834,0.13901607395605836,0.01932546881815629,0.6647102812083612,0.13926634185962705,0.01939511397496251,0.4118946990215836,0.15198199511281055,0.023098526838470367,0.553317143561046,0.1498137226254004,0.02244415148688041,0.6956916230690621,0.09054324080474747,0.008198078455426487,0.1383486539547304,0.04722293667021883,0.002230005747759498,2.981312298774719,6.104513331432413,37.26508301363605
0.0,1.0,1.0,1.0,0.1129795503213642,0.015955102577616675,0.00025456529826227024,0.28785414535016923,0.007224363416873404,5.219142677905877e-05,0.7708278869657873,0.030509196157799706,0.0009308110501951004,0.7686740742114544,0.030795955852913805,0.000948390896894616,0.5695480692679816,0.030255013252341745,0.0009153658268993747,0.9533853772618686,0.04929655920277089,0.002430150749232295,0.9531929664448798,0.04950016028112508,0.002450265867857073,0.893711604032044,0.11299078583510128,0.012766917683633722,0.5436641731081029,0.0430423056938682,0.0018526400794443992,0.5410940129844419,0.04328476234976201,0.0018735706516753744,0.2273225511760865,0.020034357090074447,0.0004013754640126163,0.7038887171675449,0.09283573082771288,0.00861847291831556,0.7030262951321236,0.09306089357815378,0.008660329913564463,0.44984455011666136,0.12126839617414052,0.0147060239106483,0.9713036565977742,0.0011519377381708866,1.3269605526222582e-06,0.9820092230844706,0.0013364657446951268,1.7861406867434996e-06,0.00014669074689110836,4.9199155044392026e-05,2.4205568570821256e-09,5.117003464698792,8.068856318885583,65.10644229481981
0.3,0.0,0.0,0.0,0.29897739844017035,0.00812584208240155,6.602930954812796e-05,0.2989302519120587,0.00814326525815174,6.631276906462112e-05,0.7775970070068674,0.07812749224884755,0.006103905045093734,0.7769622929966827,0.07820709939913965,0.00611635039642691,0.5932859297877329,0.10599537500382862,0.011235019522202258,0.7780739758142615,0.07897280334947575,0.006236703668874969,0.7774402899845124,0.07905198426729948,0.0062492162165973635,0.5956074964051827,0.10608973546946161,0.01125503197198034,0.5927577979495672,0.12021365244054526,0.014451322233096213,0.591954703278721,0.12035009657621697,0.014484145745904752,0.4004271796609998,0.13395066453846047,0.017942780530295174,0.5931470925103995,0.1187451370824112,0.014100407580720627,0.5923422968105287,0.11888351077723076,0.014133289134719944,0.40185952704582634,0.13420756168743006,0.018011669614085346,0.8136409863243774,0.07651690893895864,0.005854837353572888,0.8782146791256104,0.06267810578668596,0.003928544945006997,0.00815648663086265,0.007669553693915531,5.882205386385337e-05,0.06066052913665765,0.013906171961648785,0.00019338161862694683
0.3,0.0,0.0,0.25,0.2999164225555396,0.006885239864042728,4.740652798540312e-05,0.29983745480702695,0.0069789327972221175,4.870550298814253e-05,0.8284400166120462,0.10220109882840017,0.01044506460173242,0.8279214961135221,0.10233000090190218,0.010471429084583301,0.6743505127295248,0.13650783131865787,0.01863438801132315,0.8288227512892499,0.10424941623984281,0.010867940786348002,0.828305767995305,0.10438483945916933,0.010896194708916555,0.6776343173507924,0.14225027692976322,0.020235141286594326,0.6451971891235058,0.13518420530452366,0.018274769363815602,0.6444283072807777,0.13534725994540955,0.018318880774730262,0.44682000733746907,0.15245156644540145,0.02324148011165665,0.6468365173206413,0.13300080609238513,0.01768921442122423,0.6460674354413639,0.1331658401543255,0.01773314098400737,0.4508659437531855,0.14932469754775224,0.022297865297727686,0.7887190020240739,0.0976524119403447,0.009535993557766777,0.8540234279248808,0.0783998899867406,0.00614654274993303,0.01138543677904864,0.009783964198384563,9.572595543527088e-05,0.15207753181457517,0.10216718631351843,0.010438133959221187
0.3,0.0,0.0,0.5,0.2995385414990021,0.004884536470408442,2.3858696530750165e-05,0.2994924284821938,0.00488200739124578,2.383399616817843e-05,0.8488668468796442,0.06102232908459183,0.0037237246469082213,0.8483582529972198,0.061153817428475664,0.003739789386075334,0.6992668484937956,0.09150950412198898,0.008373989344652317,0.8492029838775099,0.06165981663796037,0.0038019329878268946,0.848694694964695,0.06179474467614136,0.0038185904695895007,0.7018620109776307,0.0944726121043641,0.008925074437821642,0.6199805898436359,0.14983200038895098,0.022449628340554605,0.6191132589866472,0.1501177859249261,0.022535349651001943,0.40811942666916606,0.1776698455604052,0.03156657402145823,0.6199869240226921,0.15030365346250835,0.0225911882441778,0.619117878225571,0.15059039847219777,0.022677468112015306,0.4094158792818326,0.17866503795685024,0.03192119578812273,0.7421732604780579,0.11873115654719904,0.014097087535035484,0.8179935634860375,0.09652490373517617,0.009317057041085026,0.015444175187203622,0.011477282119014033,0.00013172800483943927,0.3821585178375244,0.42431263958555077,0.1800412161120575
0.3,0.0,0.0,0.75,0.20387633276229336,0.035984828197759104,0.001294907860422239,0.27684006598180577,0.03289212740345854,0.0010818920451253482,0.7337748591086825,0.0730093983902874,0.0053303722533117005,0.7307654961201345,0.07406302867078006,0.0054853322158887885,0.5793015752725232,0.09210936917747406,0.008484135890272209,0.8613961647917495,0.05945521088623568,0.003534922101526758,0.8609150685688194,0.05958377587613109,0.003550226347657021,0.7205388823752743,0.09001345187765152,0.008102421518930286,0.5184826207020347,0.09120723285435245,0.008318759324948069,0.5152114569495827,0.09205061950963109,0.008473316552106876,0.3113009732849065,0.11574345085600775,0.013396546416057082,0.6687618903095324,0.09278070664635325,0.008608259525796658,0.6679616923992004,0.09303934934942845,0.008656320527364992,0.4600525689102931,0.1348012128635882,0.01817136698949442,0.060526315789473685,0.19140101627334927,0.036634349030470914,0.07062797481959157,0.22334526695492926,0.04988310827116862,,,,1.2133225679397583,1.0572033039257533,1.1176788258315287
0.3,0.0,0.0,1.0,0.1459464878061449,0.01858203631679036,0.00034529207367851584,0.2657231432301852,0.024556024918318858,0.0006029983597890967,0.642662303411467,0.05366432608834025,0.0028798598945157156,0.6387662456250567,0.05429387276240143,0.002947824619539835,0.48052317791694527,0.06940361314358123,0.004816861517383881,0.82777910213385,0.05491538640556519,0.003015699664072534,0.8272267372524233,0.05503310783923634,0.003028642958445016,0.6711885243222159,0.08203506577872445,0.006729752017319647,0.3774855375231782,0.08301731194176326,0.006891874082036028,0.37330821688895105,0.08361071233462129,0.006990751217102794,0.176669663436918,0.09448263748069917,0.008926968785309219,0.535388012738499,0.12432680110112725,0.015457153472039254,0.5343708969795824,0.12453836902462723,0.01550980535931423,0.3172770716201222,0.14616893747720075,0.021365358283213818,0.0,0.0,0.0,0.0,0.0,0.0,,,,2.969161343574524,5.9579879935703035,35.49762093152789
0.3,0.0,0.25,0.0,0.3009279864141175,0.007097215902122453,5.037047356133982e-05,0.3008304999855701,0.007156328786916388,5.121304170644818e-05,0.7969977598205122,0.12275262634977512,0.015068207275767504,0.7964465673235896,0.12288676398035582,0.015101156761563678,0.6342100395920918,0.1605048414063948,0.025761804114891946,0.796932153010429,0.12279493716656585,0.015078596593740855,0.7963793797344519,0.1229298282710521,0.01511174267875036,0.6352460010619854,0.16119432032729847,0.02598360890577971,0.6623964651593951,0.17371042334249562,0.03017531117782905,0.6616673612852664,0.17408942544476746,0.03030712805168925,0.49929533090481115,0.25303198810424105,0.06402518700398478,0.6646587088523372,0.17456814715836386,0.03047403800230418,0.6639318511825871,0.17495082609560864,0.030607791551535892,0.5060909573266907,0.2545361432357417,0.064788648213326,0.757253277460454,0.13401209004158693,0.017959240277314402,0.8266306846381308,0.10575826400115117,0.011184810404537187,0.01447783553301717,0.012755950229359539,0.00016271426625389765,0.21256387233734125,0.17833329585339153,0.03180276440993327
0.3,0.0,0.25,0.25,0.3007327325831291,0.005391053072492911,2.9063453230435258e-05,0.3007344296221723,0.0054162880947676365,2.9336176725521636e-05,0.7852237376247493,0.1161894046759206,0.013499977758944837,0.7846466917650174,0.11631018711997432,0.01352805962788344,0.6162805867419756,0.15068673399257268,0.022706491801348358,0.7841948125236524,0.11829017053312232,0.013992564444755162,0.7836141780770712,0.11841741244204326,0.014022683569468983,0.6157506511912588,0.1561568877143974,0.02438497358064692,0.6292502736651604,0.16123537344710828,0.025996845650628472,0.6285531137913735,0.1613531481910634,0.026034838431167263,0.45034618843167973,0.15832063216883138,0.02506542257033841,0.6296483308838952,0.1578665502627217,0.02492184769185244,0.6289485645537584,0.15798097160562322,0.024957987389456725,0.45180801444845775,0.15325726762104833,0.023487790078669628,0.7897751380071797,0.0991375638464754,0.009828256565413987,0.8581353409867107,0.08065533353703672,0.00650528282797064,0.010307514995222821,0.009585204358238288,9.187614258919028e-05,0.7388745784759522,0.9115846015902099,0.8309864858563818
0.3,0.0,0.25,0.5,0.3025981916240981,0.006895611211580215,4.754945398127077e-05,0.3024477477946078,0.006907861232665106,4.771854680975749e-05,0.8323250457468037,0.062360434183751146,0.003888823751585958,0.8317721516226844,0.06249909472382372,0.0039061368412974897,0.6666113690535931,0.09814063843739114,0.009631584912898734,0.8317503860247119,0.059234827030080664,0.003508764733283575,0.8311929371078348,0.059360067277501656,0.003523617587189523,0.6643246406545845,0.08809221891604535,0.007760239033552459,0.678184531808973,0.08967093433332832,0.008040876464212079,0.677455392490826,0.08987874440897803,0.0080781886965344,0.48184475599474863,0.1271746571610796,0.016173393424038132,0.6805089821339306,0.09278720696155894,0.008609465775727172,0.6797820137348685,0.0930061821026529,0.008650149909311834,0.48957594978492847,0.13811928692988024,0.019076937422018582,0.7476689513864954,0.12329173707845946,0.015200852431823977,0.8199405875902046,0.09892452490184989,0.009786061627056718,0.015296508619479421,0.012264337794686862,0.0001504139815421846,0.43551442623138426,0.22851764452080905,0.05222031385733886
0.3,0.0,0.25,0.75,0.20572029263451927,0.06943284034289089,0.004820919318081377,0.29031079096755874,0.02640939474845553,0.0006974561309797504,0.6574591832277091,0.10444696788315933,0.010909169099985716,0.654443839395688,0.10525712219227723,0.01107906177219998,0.4642040678088029,0.14359230707478504,0.02061875065105936,0.758817927741954,0.1276690997447747,0.016299399029641233,0.7581643253333807,0.12788891736927452,0.016355575185885124,0.5598072257632944,0.20318396410435985,0.04128372326916179,0.5542609566617547,0.14420144337423266,0.020794056271212027,0.5517974171770201,0.14489469059683027,0.020994471363151176,0.3997017569588849,0.241144374599916,0.05815060940118461,0.703846297893962,0.19774401805176914,0.0391026966752584,0.7032398406074374,0.19807970596250643,0.039235569914193004,0.5556538087276157,0.289414501223938,0.08376075351870084,0.23438547663597892,0.3845766680804553,0.1478992136318647,0.25301648219500306,0.4114654466551905,0.16930381379115544,,,,3.3932672500610352,6.102290030222525,37.237943612953224
0.3,0.0,0.25,1.0,0.13407081422030387,0.017083543630241976,0.0002918474629663812,0.27446864990790293,0.02148854411171756,0.00046175752804123143,0.6259675491965937,0.08137626806604759,0.006622097004357237,0.6220081655635781,0.08233283358115258,0.006778695485501767,0.4631902314145238,0.093518779961543,0.008745762205495496,0.8156988211298216,0.10066791816232522,0.010134029747136609,0.8151500137027622,0.10081164926481088,0.010162988627491244,0.6565721717809743,0.1455712862991572,0.02119099939479119,0.40182685565831083,0.1052052000559781,0.011068134118818374,0.3979505928526344,0.105976233189444,0.011230962001023413,0.19278590385402633,0.10360587375043928,0.010734177075591963,0.5607364432738224,0.19300903354536716,0.03725248703011667,0.5598191120493029,0.19330143547168305,0.037365444955413246,0.3489945900633486,0.21508342519954526,0.04626087979556839,0.0,0.0,0.0,0.0,0.0,0.0,,,,1.1521086931228637,0.8072465924900197,0.651647061086748
0.3,0.0,0.5,0.0,0.29869750666054234,0.011922397805451358,0.00014214356943143135,0.29875653094503896,0.011957117649815545,0.0001429726624915304,0.772039599704059,0.07917999688022036,0.0062694719059517056,0.771384226534005,0.07926850676929134,0.006283496165433187,0.5784800117564737,0.11258772522352654,0.012675995871008315,0.7700481549319204,0.08000892481167365,0.006401428049520048,0.7693835030086624,0.08010510093329702,0.006416827195533704,0.5753931935563499,0.11691370224552214,0.013668813772754609,0.5561118662327187,0.12671007909327234,0.016055444143823334,0.5552299759228468,0.1268663518907602,0.016095071242070196,0.34838049328246745,0.13540617112845207,0.01833483117966765,0.552777248788307,0.12552509803834605,0.015756550237536384,0.5518841097523756,0.12567755063649066,0.015794846733987677,0.3433593148639492,0.13227989105234642,0.01749796957682064,0.7483668193028614,0.1237255853210494,0.015308020463036275,0.8229962189387896,0.10094496515410734,0.010189885989963945,0.014279290892687941,0.011938436556015314,0.0001425262674020028,0.23238198757171627,0.1366753142111011,0.018680141514703215
0.3,0.0,0.5,0.25,0.29815093252940905,0.008773051052883146,7.696642477649407e-05,0.2980722947502545,0.00882143263922838,7.781767380844378e-05,0.8401584794698884,0.10197749047233476,0.010399408563035126,0.839664091509324,0.1021023520510156,0.01042489029434953,0.6910230637984911,0.13409986475230173,0.01798277372658562,0.8393552975672293,0.10099929934746076,0.010200858468677985,0.8388557131735359,0.10112100189842183,0.01022545702494063,0.6890526827066707,0.13175624649489437,0.017359708490423363,0.6047334273173142,0.18606368471414036,0.03461969476940303,0.6038727982712633,0.18633276835700777,0.034719900563586314,0.3937927668991033,0.20482197028060958,0.04195203950963092,0.602602402740002,0.1881755907272613,0.03541005294555376,0.60173362019038,0.18845219716225442,0.035514230615281216,0.3915271733341038,0.20928607628127355,0.04380066172521105,0.6981960314067066,0.12071796072805369,0.014572826042339913,0.7823704187969504,0.09848466496787371,0.009699229233834332,0.01982227571843557,0.012066306518702262,0.00014559575300327672,0.36067433357238765,0.20566256752264572,0.04229709168000681
0.3,0.0,0.5,0.5,0.30041688252032145,0.00674485920824902,4.5493125739101605e-05,0.30028368717872006,0.006796570421640727,4.6193369496321604e-05,0.7973201198603099,0.09527331784223171,0.009077005092666906,0.7967215097342268,0.09540306884283405,0.009101745544630533,0.6173219002203607,0.1360203945102565,0.018501547722725817,0.7985478984233615,0.09288122641291677,0.008626922219967506,0.7979516626738741,0.09300174771666261,0.00864932507835376,0.6209215492088359,0.12882108617092228,0.016594872242256184,0.5417795814933578,0.11889477899788728,0.014135968472956457,0.540817626602071,0.11900755441309376,0.01416279800738547,0.31641679364402664,0.12326667812872917,0.01519467393689172,0.5416599304823512,0.12251620186782362,0.01501021972011731,0.5406958981324113,0.12263754408442432,0.015039967219059116,0.31819515534306275,0.13375975925611847,0.017891673196254773,0.7302625545130108,0.13370855871434226,0.017877978673466712,0.8115135700394495,0.11243595333159875,0.012641843601585451,0.0163893077895272,0.012982344494249983,0.00016854126856738285,0.9364498138427735,0.9968941504590207,0.9937979472194127
0.3,0.0,0.5,0.75,0.17938835272702475,0.06711052067906328,0.004503821985814981,0.27860921209335643,0.03686438245502479,0.0013589826937903397,0.6895103344694647,0.09463078076957766,0.00895498466905987,0.6866297590626085,0.09539175920914528,0.009099587725015554,0.5134132989209894,0.12369220433806004,0.015299761414008399,0.8244611873965807,0.11331106228004872,0.012839396835033082,0.8239492720733084,0.1135050504490184,0.012883396477434212,0.6754572141217159,0.1703533075176443,0.029020249382201085,0.498578347489201,0.0757439338918447,0.00573714352141214,0.4958009768003543,0.07575021874167022,0.0057380956394108866,0.28305172242789495,0.07054803192797826,0.004977024808911041,0.6687745790245041,0.13244872027008803,0.01754266350118403,0.6680732668202615,0.1325634370369831,0.01757306483905818,0.48324302753867376,0.13577813997136892,0.018435703294084654,0.14373799462159048,0.30770760448702317,0.09468396985914229,0.15882367643960738,0.33738037536921317,0.1138255176842712,,,,0.8049609422683716,0.46935969450524995,0.22029852282606155
0.3,0.0,0.5,1.0,0.13009149829549346,0.023988965742043077,0.0005754704773729164,0.2762699657669733,0.02191839206499983,0.0004804159107150476,0.6497016116232981,0.09798924293308967,0.009601891730600063,0.6461291001744287,0.0990447821736692,0.00980986887582958,0.47902243867133826,0.12394743557732751,0.015362966786195753,0.8672653791952252,0.08142904930028703,0.006630690069948575,0.8668110365840589,0.08165385282359308,0.0066673516809370005,0.7341090705148724,0.14880232536250357,0.02214213203328837,0.5120162114139262,0.07194221898680135,0.005175682872744881,0.5090005724691907,0.07239713426963608,0.005241345050455715,0.29659408868302817,0.09116941421372714,0.008311862088074152,0.7396370486090078,0.12820684943322314,0.016436996241593147,0.7389948628997772,0.12851152326036744,0.016515211610699965,0.5526227244849992,0.19398222667711232,0.03762910426661059,0.0,0.0,0.0,0.0,0.0,0.0,,,,5.513308358192444,8.993465637987809,80.88242418166747
0.3,0.0,0.75,0.0,0.24377577860622623,0.06090400530799615,0.0037092978625564224,0.2848364057500064,0.029637852916802862,0.00087840232551804,0.7589253825867397,0.13213252484801236,0.017459004122710606,0.7567903966979478,0.13344876831676017,0.017808573765260332,0.6031658630853859,0.16834861085308445,0.028341254776163265,0.8355857355009293,0.10963718927897813,0.012020313272994477,0.8350755891002428,0.1097938490966359,0.012054689299454857,0.6821221941657514,0.1580970804904518,0.02499468685960439,0.5413275897631371,0.11723596601857902,0.013744271728309415,0.5391379996559772,0.11772956102577556,0.013860249539321813,0.3459581491178751,0.16132551528515676,0.02602592188202135,0.6423217509023177,0.19824815177401706,0.03930232968181371,0.6415207001681352,0.19858173264403484,0.039434704539906926,0.44527928093949304,0.2563311922460846,0.06570568011829916,0.345612544008757,0.3727058349091391,0.13890963937531847,0.3882753276988063,0.4142747751577817,0.1716235893320306,,,,0.5227800846099854,0.32704823562639745,0.1069605484263396
0.3,0.0,0.75,0.25,0.19239457427275325,0.05922817197226375,0.0035079763551760495,0.2891334125160604,0.02776915647966607,0.0007711260515921802,0.7120453620332394,0.10390579184087499,0.010796413578079244,0.7089687191980922,0.10533835592583973,0.011096169229158896,0.5465968895542491,0.13224877918133246,0.017489739594952834,0.821603502878897,0.0611564888392842,0.003740116127149493,0.821028885143401,0.061299249024464604,0.0037575979309633248,0.6549313310576215,0.10156503615278352,0.010315456568716222,0.4989418389007989,0.19201430584437335,0.03686949364889655,0.4956331380231892,0.19362960943063642,0.03749242564826081,0.28731175565796047,0.21703115819965693,0.04710252362948451,0.5999816840139301,0.1814318373295455,0.032917511596774654,0.5991147046085825,0.18178483755578217,0.033045727165182115,0.3974712163881188,0.2166556848618998,0.046939685782978836,0.1712230215827338,0.36096982403840494,0.13029921386631702,0.18131675580137432,0.38224928418992765,0.14611451526371208,,,,1.1409366607666016,0.9604025420803703,0.9223730428344376
0.3,0.0,0.75,0.5,0.2631599002518213,0.06754938698746793,0.004562919682382702,0.29137955557126227,0.025714039724682988,0.0006612118389625747,0.8107844465520955,0.13190016032110077,0.017397652292732085,0.8096354530618122,0.1329138609499675,0.017666094432627292,0.6619528169737909,0.1661706799885867,0.02761269488786929,0.8501320345423877,0.10090682450095481,0.010182187230866495,0.8496539869573327,0.10102518334803111,0.010206087670503301,0.7036760865350603,0.13059864498133514,0.017056006070960816,0.5762128884002425,0.1664261430903079,0.027697661103915635,0.5747111708073265,0.16728112348951038,0.027982974275912825,0.348686141422219,0.18194262723105858,0.03310311960373994,0.6244620868421163,0.1419111043834527,0.020138761547331206,0.6235960172493563,0.14209266166849524,0.020190324500037455,0.4047195228220925,0.1691845166782616,0.02862340068365698,0.47442571897780983,0.3434680293503345,0.11797028718580223,0.5366313754448575,0.37995469300566453,0.14436556873702877,,,,0.8596688747406006,0.8826159632545661,0.7790109385917857
0.3,0.0,0.75,0.75,0.2123042986125423,0.07770541491920555,0.006038131507765892,0.29847685598512813,0.007314155088379324,5.349686465686516e-05,0.7820920984309959,0.11980280291995064,0.014352711587476533,0.7803433231519387,0.12055452378864048,0.014533393205905885,0.6367564995595066,0.1742579526502443,0.03036583406185478,0.8719531000848395,0.10772290254561709,0.011604223732852517,0.8715414769583157,0.10787897943542106,0.011637874204028,0.7443445299915039,0.15373312009241602,0.02363387221334921,0.5882585585238943,0.17127249982635948,0.029334269196770305,0.586240449191572,0.17210536332309403,0.0296202560845742,0.36464878718297566,0.18660834033484286,0.03482267268252454,0.6790636723199326,0.19105360694824536,0.03650148072793463,0.6783268584679967,0.19130898997995432,0.036599129647150265,0.4731810462368652,0.21212677560959148,0.04499776893052198,0.2976363645925365,0.39543794637981605,0.1563711694370863,0.3267794421469213,0.4283430772604278,0.1834777918369328,,,,3.399522542953491,6.908577993373483,47.72844989052438
0.3,0.0,0.75,1.0,0.1211415985820498,0.024815757233013377,0.0006158218070478557,0.27575871624764636,0.014384059297713418,0.00020690116188013582,0.677631676092243,0.09645514441563627,0.009303594884241248,0.6744395757924685,0.09745111060062045,0.00949671895729436,0.5095989519452145,0.1170777609948119,0.0137072021195583,0.8896180947205528,0.0915354473359356,0.00837873811898984,0.8892534304973052,0.09180657043900355,0.008428446375771718,0.7851286176774017,0.16776397626230163,0.028144751731338107,0.4699852845379372,0.11500244932294931,0.013225563350277525,0.46681274021682473,0.11573641001397202,0.013394916602922241,0.219100145345602,0.08329768158420311,0.006938503757303291,0.635811130882195,0.14838213574319783,0.02201725820771279,0.6349233856673892,0.1486106912035955,0.022085137540010416,0.4098435768261951,0.16105229241498142,0.025937840892120687,0.0,0.0,0.0,0.0,0.0,0.0,,,,5.337346935272217,9.211268187834209,84.8474616282065
0.3,0.0,1.0,0.0,0.16649115382499127,0.02262387532187684,0.0005118397345798278,0.2815761715332755,0.025698621679686992,0.0006604191562356783,0.6989545816256029,0.09671359572483479,0.009353519598026782,0.6956941536139419,0.09791199084246256,0.009586757950734472,0.5543080728961393,0.12595596153274752,0.01586490424563897,0.8665685088971022,0.12343051489465885,0.015235092007160602,0.8661611371287673,0.12365857160641745,0.015291442331739473,0.7413919294476804,0.19487546518416124,0.037976446930743236,0.5296783303233747,0.06606500913516651,0.004364585432029634,0.5265753144801588,0.06655021274455188,0.004428930816345114,0.3210070687880601,0.09912558484419552,0.009825881570703805,0.7229511728154056,0.10827604452565427,0.011723701818121466,0.7222543797847624,0.10854246782927164,0.01178146732246847,0.5231445490915709,0.17987479493481792,0.0323549418528428,0.0,0.0,0.0,0.0,0.0,0.0,,,,0.7771456241607666,0.26561028491774014,0.0705488234540831
0.3,0.0,1.0,0.25,0.15111195375370406,0.022310400998909005,0.00049775399273212,0.27575292604713547,0.02372437785977243,0.0005628461048332603,0.6949475864152076,0.08500984817312637,0.007226674286417997,0.691781917617959,0.08595447368783933,0.007388171546953463,0.5470842568634486,0.11482722066096504,0.013185290604721957,0.8904403367347756,0.07700235796444677,0.005929363132084798,0.8900557580057885,0.0772250439908461,0.005963707419388117,0.7761133687248535,0.1394215810510517,0.019438377262774982,0.47421090085884093,0.10411861679315407,0.010840686362919663,0.4708878442194078,0.10484674427437661,0.010992839784936525,0.23875356040186252,0.09104702485335459,0.008289560734647369,0.6404804356389204,0.11900068558659738,0.014161163170080204,0.6395761141549083,0.11921876069788351,0.014213112902339212,0.4112225232805173,0.14468843179922627,0.02093474229651935,0.0,0.0,0.0,0.0,0.0,0.0,,,,7.385662412643432,10.653507161416176,113.49721483834573
0.3,0.0,1.0,0.5,0.13280110535856604,0.02399149333620151,0.0005755917525010015,0.27930137354332807,0.024073033209559475,0.0005795109279085533,0.6576522700156258,0.08833721458435918,0.007803463480523121,0.6541474463400005,0.08932269835416727,0.007978544441269556,0.48312141797738944,0.10585306982063385,0.011204872390451983,0.8453321111006786,0.07549911852440208,0.0057001168979617135,0.8447885476536688,0.07568849210378982,0.005728747836945453,0.6752652060903378,0.13171717905455885,0.017349415258090715,0.5114300472717367,0.1042339303228417,0.010864712230547018,0.5083889606370008,0.10494552754375801,0.011013563751437671,0.2947731467223005,0.10831067602107018,0.011731202540141226,0.7634436278261187,0.13705684369034132,0.018784578402358657,0.7628769874681474,0.13734954477078223,0.018864897448741112,0.5902411837409891,0.20369955044851124,0.04149350685292557,0.0,0.0,0.0,0.0,0.0,0.0,,,,9.814618349075317,11.227754705418699,126.06247572505173
0.3,0.0,1.0,0.75,0.12913755951172062,0.021720987556524792,0.0004718013004307049,0.28176582238841097,0.009078197944873788,8.241367792631067e-05,0.7023410458919448,0.08386383866774064,0.0070331434360888295,0.6994000717949773,0.08472931325147194,0.0071790565240660575,0.5400237292078356,0.10067042828648644,0.01013453513138461,0.8990471551942797,0.08588992930014999,0.007377079955184764,0.8986988006877892,0.08614784122779047,0.007421450548208596,0.7958550340591636,0.15955215911296008,0.025456891477607328,0.49129731615775574,0.06721212456872346,0.0045174696890415995,0.48826245314045735,0.06764916995708216,0.004576410195882188,0.23583969571874364,0.05024757079268146,0.0025248183705655347,0.6806057340368253,0.08290992901652128,0.006874056329524596,0.6797783407144049,0.08308569644987382,0.006903232954560576,0.4542007133822814,0.113028547449466,0.012775452538536188,0.0,0.0,0.0,0.0,0.0,0.0,,,,1.2842170476913453,0.9324308592909717,0.8694273073580998
0.3,0.0,1.0,1.0,0.11703498265158441,0.022036243861216318,0.0004855960435109938,0.2779151361659536,0.008364210033713461,6.996000948807293e-05,0.7135915702152935,0.05873513070873503,0.0034498155793721893,0.7108264401157964,0.05931736566967284,0.003518549869989682,0.5284805225412765,0.08469917906329008,0.007173950933995278,0.9233940819313091,0.06184093875581457,0.003824301706200408,0.9230997353192105,0.0620481180194766,0.0038499689497588966,0.8332904134488321,0.12386618383276765,0.01534283149729299,0.4838949045178089,0.07072892674850449,0.005002581078995314,0.48089289205486896,0.07115794212714342,0.005063452727769893,0.20911423954844674,0.050085814260911576,0.0025085887901785337,0.6380635779553508,0.12345218675675577,0.015240442415024905,0.6370982089145963,0.12366147531240958,0.015292160476441682,0.38693833537482314,0.13804037932232077,0.019055146323450203,0.0,0.0,0.0,0.0,0.0,0.0,,,,3.141626977920532,7.09292198029856,50.309542218602445
0.3,0.25,0.0,0.0,0.3021916243469371,0.0077691856397764875,6.0360245505309195e-05,0.3020309031519767,0.00781755162941007,6.111411347849204e-05,0.7888282328019471,0.08875385824482486,0.007877247353342465,0.7882170351801956,0.08886471157863211,0.007896936963953473,0.6099165638693702,0.1245910895803278,0.015522939602813266,0.787606834372267,0.09055938571728203,0.008201002341491466,0.7869908051659502,0.09067653402445582,0.008222233822688293,0.6088849410843049,0.1294823735337779,0.01676568505594079,0.599912972969512,0.19210349076056057,0.03690375116239278,0.5991023756668507,0.19242635229995783,0.03702790105946748,0.4209034633647901,0.25214380480075427,0.06357649829940087,0.6040558323248201,0.1957533018188818,0.03831935517299423,0.6032496115181623,0.19609049277042745,0.03845148135494906,0.43344860656382467,0.2582409021066114,0.06668836352083644,0.762996208971326,0.11018252471854093,0.01214018875335188,0.8351266094484397,0.09012500600003416,0.008122516706506194,0.01282774331807457,0.010472689214468018,0.00010967721938283475,0.2233733654022217,0.13526168585095621,0.01829572365924277
0.3,0.25,0.0,0.25,0.30435383256881493,0.004772514953082535,2.277689897739639e-05,0.3043297279730159,0.0047157793679407835,2.2238575047095973e-05,0.8365589327821704,0.10606607284258245,0.011250011808248006,0.836052167736776,0.10620896484814586,0.011280344214114684,0.681521350101659,0.14800174582585052,0.021904516767499663,0.8383665588793768,0.1047582948924714,0.010974300348777999,0.8378649821760964,0.10489482169526744,0.011002923618481947,0.6869489875734306,0.14450358249519427,0.020881285353945418,0.6712220381866802,0.18142668900385286,0.03291564348290074,0.6704724846415594,0.18178944931807797,0.03304740388337004,0.4791850246898838,0.23876140571933263,0.05700700886107177,0.6728430279825943,0.1786344461053755,0.0319102653353743,0.6720965786067895,0.1789910346144884,0.032037790472364984,0.4820679297964494,0.2361590904301324,0.05577111599278745,0.7577230680812225,0.13286503186206855,0.017653116691708493,0.8275059571682609,0.10593958272660169,0.011223195188286482,0.014574989352535839,0.01262957554242688,0.0001595061783818672,0.2583641290664673,0.1961813690458673,0.038487129560710785
0.3,0.25,0.0,0.5,0.2964533188297829,0.009025266675306056,8.145543856039004e-05,0.2963173148308976,0.00909414311721516,8.270343903639186e-05,0.8072294707071794,0.10140904294301031,0.01028379399061731,0.8066492072306308,0.10155326449250772,0.01031306552908523,0.6298638292162719,0.14554040464451182,0.02118200938408824,0.8074738650542779,0.09928478329421696,0.009857468193779624,0.8068917364836292,0.09942237132305372,0.009884807919499174,0.6303868040912392,0.14003933728581827,0.01961101598745117,0.5817343364290972,0.1839003238535652,0.03381932911344616,0.5808541485678271,0.18417615335230286,0.033920855463650985,0.3690702506338054,0.21135046669558558,0.04466901977244183,0.582105717189284,0.18519293792913935,0.034296424258826064,0.5812243055523931,0.18546974642537137,0.03439902683909155,0.37173085624225444,0.21598249649621779,0.04664843879273873,0.7413508819118305,0.12065732745315384,0.01455819066813759,0.8219437213165417,0.10091718004314855,0.01018427722786126,0.015330685877238709,0.012135763512071103,0.00014727675602091637,0.6245315551757813,0.6333624444480163,0.40114798603716645
0.3,0.25,0.0,0.75,0.2257056083035304,0.06598902755704916,0.004354551757924994,0.2961859372997009,0.008258026082217741,6.81949947745885e-05,0.760961902612828,0.11562894699817212,0.013370053383906098,0.7589176588285638,0.11657953988857075,0.013590789120630858,0.6103529123436299,0.14633568259997276,0.021414132001999972,0.8397768345512866,0.10411625159580995,0.010840193846362,0.8392813750838547,0.10425323950900624,0.01086873794812222,0.6939763370122265,0.14196190555155555,0.020153182627828777,0.4757190336095861,0.10225245025223448,0.010455563582585686,0.4730526016661985,0.10314956057540973,0.010639831846900122,0.23732551951754383,0.08348912980048272,0.006970434794841852,0.5313198410192874,0.11446637560294882,0.013102551143675357,0.5302613765716406,0.11453214971527177,0.013117613318401427,0.29602825980088976,0.11052603349262853,0.012216004079613645,0.26457214464733264,0.3476641663602758,0.12087037257098553,0.30097403691678554,0.39219387962436436,0.1538160392148104,,,,0.7632803440093994,0.5428108114024314,0.294643576975366
0.3,0.25,0.0,1.0,0.13196063491447074,0.022755354439479833,0.0005178061556663545,0.2777952744863599,0.00982921645539467,9.661349612700136e-05,0.6183630774605372,0.08567745956491789,0.00734062707749814,0.6143287069497301,0.08668373816462005,0.007514070462192407,0.4565444408900249,0.09447706405234411,0.008925915631950733,0.8058129541217607,0.09120242978620179,0.008317883198907066,0.805243646315352,0.09130982249180176,0.008337483683484349,0.6415142063499182,0.11941102072532665,0.014258991870664392,0.4101588056713319,0.1056957176894803,0.01117158473789432,0.40634471383475407,0.1064497920195968,0.011331558221015415,0.21127048030306034,0.101499738522348,0.010302196920105014,0.5808020043103157,0.16534255240292042,0.027338159635112484,0.5799410908056857,0.16557509967199327,0.027415113631390507,0.38520102791947725,0.19121744292588505,0.036564110479114106,0.0,0.0,0.0,0.0,0.0,0.0,,,,5.065132188796997,8.586128114257559,73.72159599444404
0.3,0.25,0.25,0.0,0.3013095157397706,0.005187656432065405,2.6911779257149568e-05,0.30122078777390493,0.0053223240276020125,2.832713305478971e-05,0.7964131671607462,0.12280090484772273,0.015080062231419451,0.795859911567144,0.12293520630767762,0.015113064949911261,0.6327287021460354,0.16048269943723542,0.025754696818662038,0.7953237253412897,0.12503665151556,0.015634164222223596,0.7947668433299808,0.12517759513337598,0.01566943032337539,0.6322081885246369,0.16594398766777618,0.02753740704308305,0.6224428087729917,0.16227975220326074,0.026334717975151713,0.621704131213635,0.16241085298464336,0.026377285167199442,0.4359501417473002,0.16539066602864935,0.02735407240940023,0.6248751037468657,0.15950778654465972,0.025442733968376728,0.6241355440838366,0.15964116771889464,0.02548530243065225,0.4425013765933848,0.16190596080561329,0.026213540144388783,0.7658548875306637,0.11156776358401846,0.012447365871139435,0.8360489813747002,0.08997070594356228,0.008094727927982952,0.01293876170519614,0.011096048671809156,0.00012312229612715774,0.45799105167388915,0.7394178810445088,0.5467388028083513
0.3,0.25,0.25,0.25,0.29685972373600683,0.006351808271257172,4.034546831481102e-05,0.29682225479838215,0.006329434169704665,4.006173690862499e-05,0.8142230398807356,0.04796892373858125,0.002301017644637824,0.8136397157820406,0.048070481962266945,0.002310771236084632,0.6470250256024122,0.07035243613035867,0.004949465269476196,0.8131707277174092,0.04759476802046514,0.0022652619429218914,0.8125818511287843,0.047694793725895336,0.002274793348555705,0.6451261581019501,0.06907425091777128,0.004771252139851227,0.6468877149315079,0.1100609323203547,0.012113408823225697,0.6461379885323948,0.11027859215460943,0.012161367887602685,0.45955744912618623,0.13380270357966242,0.01790316348522701,0.6451056958829191,0.11425280910852322,0.013053704389188644,0.6443494563468601,0.11448059847408398,0.01310580742698444,0.4581243455481803,0.14300733115260916,0.020451096763392018,0.749581166973661,0.12482291963874105,0.015580761267139608,0.8220245052093851,0.09998924680087325,0.009997849475805941,0.014681878214707381,0.012183590544904003,0.00014843987856587423,0.8248111724853515,0.8745876307858362,0.7649035239235823
0.3,0.25,0.25,0.5,0.298875040856715,0.009511914799174197,9.04765231467491e-05,0.29884042383752385,0.009630108771890267,9.273899495843786e-05,0.8096948480975004,0.10342240853486553,0.010696194587152626,0.8091253717542475,0.10357312797887046,0.010727392839327478,0.637830330200855,0.1516575741130328,0.023000019785850034,0.8126332917255921,0.10359064422386809,0.010731021570716015,0.8120739773964741,0.10374193353712242,0.010762388774020727,0.6473997004938261,0.1528095627491256,0.023350762467578955,0.5740393492135707,0.20099316091648178,0.04039825073519874,0.5731086804730227,0.20139068356775094,0.04055820742788599,0.36489579531315874,0.2630797672879322,0.06921096395627256,0.5747868732184738,0.19825288368039784,0.03930420588759336,0.5738572562945994,0.19864532264443793,0.039459964208512846,0.36484066088580736,0.2577670737647505,0.06644386431724233,0.7789300205556431,0.12287080327248344,0.015097234296825326,0.8458244347194359,0.09861907905758006,0.009725722754165226,0.01245005589576593,0.011656940447549873,0.00013588426059772424,0.6608616828918457,0.3090237750132668,0.09549569352345012
0.3,0.25,0.25,0.75,0.19462413650457072,0.07400872534755838,0.00547729142757033,0.2907064368933566,0.026912351318242052,0.0007242746534764847,0.7237299394115048,0.1296372109171403,0.016805806454375124,0.7212084719353979,0.13072945817444886,0.017090191234584974,0.5590183337920478,0.19093237064577814,0.03645517016041681,0.8229090681670828,0.1111879760807309,0.012362766024929188,0.8223888288123538,0.11138285463561305,0.012406140306778108,0.6687983192565301,0.16980110594103726,0.028832415578799356,0.5096358455927519,0.16876207634378276,0.02848063841186476,0.506913250320528,0.1698320514956798,0.028842925715231234,0.2850177671161075,0.18184656443778005,0.03306817299782369,0.607703101602977,0.1780883355752518,0.031715455267963495,0.6068788573652515,0.17831861952610184,0.031797530069694664,0.4044711901880702,0.1934461462034029,0.03742141148094833,0.43737916219119227,0.17834003808397308,0.031805169183792975,0.6013767466904713,0.12635682564529052,0.015966047387154347,0.7968421912563374,0.5375658902836307,0.2889770863964325,0.8066464900970459,0.7405051694768136,0.5483479060218843
0.3,0.25,0.25,1.0,0.13649388060849635,0.021262469045014484,0.0004520925898901992,0.268671655329085,0.031102534371587057,0.0009673676443357544,0.6828796664798162,0.07613321584057503,0.005796266554227585,0.679675290805869,0.07694520023984833,0.005920563839950355,0.5252450979896086,0.08952955793191168,0.008015541743483531,0.9013798800558452,0.07058381171113143,0.004982074475672454,0.9010184105908806,0.07079450145744161,0.005011861436607702,0.7922825685204629,0.13152175262924112,0.017297971414667292,0.5013439372010462,0.08201655675948372,0.006726715582681613,0.4982873850251625,0.08254942202278227,0.006814407076295411,0.26348670059472673,0.07193291566213916,0.005174344355656425,0.70117259769149,0.10381917543026216,0.01077842118701955,0.7003926842993812,0.10406507724158187,0.010829540301296401,0.47594162795356043,0.1377954261404182,0.018987579465219447,0.24242424242424238,0.0,0.0,0.3927171941296999,0.03676334872566908,0.0013515438095251546,1.754059725174341,0.18248305992485936,0.033300067159539815,3.609953022003174,7.419317094498871,55.04626614872318
0.3,0.25,0.5,0.0,0.3009140524141211,0.006325933241996725,4.0017431382199195e-05,0.3008566733410428,0.006378540968291793,4.0685784884176805e-05,0.8552636538977694,0.06835481019876831,0.00467238007730964,0.8547606736952105,0.06851814817385447,0.004694736629174277,0.7028320547104668,0.11530156210727151,0.013294450224376989,0.8540816423795639,0.0714188145862267,0.005100647076901828,0.8535731833946205,0.07159548734819894,0.005125913808626114,0.7023387221492329,0.12333048645385616,0.0152104088889448,0.5764409926952773,0.16119819675523087,0.02598485863713812,0.5754542764956994,0.16147623145422965,0.02607457332465994,0.34125323448685096,0.18021294433612856,0.032476705306296566,0.5753264383927406,0.16290747580954584,0.026538845674637768,0.5743335424566003,0.16318995011611195,0.02663095981889911,0.3416789357111839,0.18219192581883378,0.03319389783357543,0.6719358209440837,0.10801222301005242,0.011666640319573297,0.7619332959660984,0.08982133189584704,0.008067871663543908,0.022094319845361098,0.010081777850763713,0.0001016422446321498,1.084025001525879,1.2594059081204279,1.5861032414086393
0.3,0.25,0.5,0.25,0.2983949011429674,0.008172206704910737,6.6784962427788e-05,0.29831357016295773,0.008250283474078076,6.80671774026458e-05,0.8399204070426547,0.10281332245318837,0.01057057927386329,0.839425708554353,0.10294235684084245,0.010597128831947343,0.6912118357255721,0.1368855572518371,0.018737655784145973,0.8394987870248085,0.10218097040598827,0.01044095071310945,0.8390007844408531,0.102308425838148,0.01046701399747983,0.6905987494748491,0.13580990253855327,0.01844432962753134,0.6079370765364975,0.1546787295150839,0.023925509364400493,0.6070672539649532,0.1548851576172181,0.023989412050110494,0.39289067815100676,0.17155038051740876,0.029429533055667742,0.6066302034804634,0.1552574214585571,0.02410486691796002,0.6057540713415013,0.15546682924099123,0.02416993499424753,0.39171322971701555,0.1740790839766493,0.030303527478149326,0.7194878974354147,0.12128115583225314,0.014709118760007269,0.8004258366856132,0.09952995995845547,0.009906212929331748,0.017831137280296082,0.01239794400608358,0.00015370901557798378,1.0142867803573608,1.0477207787962697,1.097718830321462
0.3,0.25,0.5,0.5,0.2981774514313892,0.007246840024059925,5.251669033431686e-05,0.2981040938326002,0.007321080796764101,5.359822403274808e-05,0.8189992058231278,0.13011940465442914,0.016931059467623074,0.8184928057202854,0.1302629582104144,0.016968438281728164,0.6649605867500833,0.1690564621721576,0.02858008740216616,0.8186150827762123,0.1322666356217297,0.017494462898691412,0.8181077451760599,0.13241641726321005,0.01753410756082455,0.6660319514191786,0.17419782458537297,0.030344882090276377,0.629117253688997,0.17477243181999336,0.03054540292427423,0.6283545831363536,0.17493594893293768,0.03060258622906738,0.4307728325007404,0.1821956863705073,0.033195268132020256,0.6297809880205278,0.1713910312828954,0.029374885604214432,0.6290151133908186,0.17155406073768942,0.02943079575559083,0.43234506928866273,0.17637714453073833,0.03110889711281696,0.7815894490548192,0.09466227216292859,0.008960945771048365,0.854998810101358,0.07881191255668281,0.006211317560842218,0.01160979488053584,0.009762565161620834,9.530767853489281e-05,0.8967066049575806,0.6385293847409191,0.40771977517761676
0.3,0.25,0.5,0.75,0.2183410099994847,0.0887603972472403,0.007878408119487904,0.29257719770981105,0.025584378117790078,0.0006545604036740558,0.7710839766328574,0.14838744206817775,0.022018832963536808,0.7692272058184425,0.1496542214070194,0.022396385984941182,0.6210205019118558,0.21084113827747133,0.04445398559013979,0.8459611490256493,0.11557876813817616,0.013358451644338284,0.8454906687616361,0.11578072797383697,0.013405176970151636,0.7044882920996894,0.17811648935869923,0.03172548378146761,0.5495813903282695,0.11708529142126424,0.013708965467202374,0.5475961010113671,0.11751621819269817,0.013810061538313845,0.3244430530261765,0.12305836837676626,0.015143362027551906,0.6358324537863133,0.19275418498177127,0.03715417582798689,0.6350026013768243,0.1930535758887335,0.037269683163426985,0.4342933896695362,0.2520692264371252,0.0635388949166107,0.4972073039742212,0.1917347779327499,0.03676222506892092,0.6260828708704042,0.1510914631233524,0.022828630228755354,0.3935526165775747,0.3915075116272241,0.153278131660541,1.623322558403015,0.9892057050577117,0.9785279269187244
0.3,0.25,0.5,1.0,0.11657231414473972,0.01918019999350975,0.0003678800717910314,0.27738291034641266,0.01084572670123605,0.0001176297876779046,0.6521009409224943,0.07305434312878531,0.005336937049978302,0.6486405299015745,0.073810825967588,0.005448038030017564,0.4852307000331214,0.08469265655983924,0.00717284607516288,0.8582847868653818,0.07729114181267409,0.005973920602706897,0.8578145466006879,0.07749758000798614,0.006005874907094212,0.7230416773803134,0.1334935779533508,0.017820535354787344,0.4592940623271796,0.06729936435156611,0.0045292044421248465,0.4560391217570589,0.0677257282231271,0.004586774263352875,0.2262751652896419,0.052111469940695196,0.002715605299379979,0.6627584057397782,0.07387731678719171,0.005457857935675078,0.661954791669852,0.0740570035103091,0.005484439768925934,0.4492287370703186,0.10270843196394248,0.010549021996491801,0.24242424242424238,0.0,0.0,0.40563170755228956,0.014255102813355278,0.00020320795621932953,1.2767723496307428,0.14922778827107552,0.022268932792276944,1.4152389526367188,0.6368911678223518,0.40563035965011907
0.3,0.25,0.75,0.0,0.20978339558267392,0.06534810999163965,0.004270375479479433,0.29211438799247613,0.018727785073687254,0.00035072993376622307,0.7141512626691913,0.10577976204357019,0.011189358057994332,0.7115002806517765,0.10671085233401285,0.011387206005851497,0.5508576928586384,0.1316160352915339,0.0173227807458623,0.8084194846771297,0.09404550083104055,0.008844556226561249,0.8078614069945624,0.09415965349675202,0.008866040346628405,0.6495771994379369,0.12615984915222384,0.015916307538111872,0.5235687455924267,0.1841379735994742,0.033906793321320655,0.520649770901197,0.18577094446374126,0.034510843806950436,0.3281022703279028,0.24346109772697613,0.05927330610642423,0.5764438996753811,0.17485978405108552,0.03057594407839226,0.5755383851111174,0.17521121551762697,0.03069897004316433,0.3853834620097603,0.2356120350917308,0.05551303108006698,0.2367853085952291,0.3887730477901317,0.15114448268802805,0.25547915847567443,0.4156999041139398,0.17280641028033877,,,,3.8021641969680786,6.33581240411261,40.14251882010721
0.3,0.25,0.75,0.25,0.16157166182060828,0.05049556337255505,0.002549801920311723,0.26446215958711783,0.03202135907429612,0.0010253674369650064,0.6888831584750548,0.07928797797008366,0.006286583450584472,0.685613240247751,0.08032434006515175,0.006451999606902144,0.5082739370869329,0.10111599200016369,0.010224443838177166,0.8569231815599411,0.060490207966710195,0.00365906525985585,0.8564239756156325,0.060620989411170605,0.0036749043571892587,0.7071277984029016,0.0904532023863033,0.008181781821937547,0.4916772009981772,0.13531287657876376,0.01830957456801975,0.4884004451452566,0.1363890219530385,0.018601965309306422,0.27365891854689095,0.15674215825148938,0.02456810417333494,0.6868349976728988,0.1501363747809482,0.02254093103236534,0.6860995012807563,0.15044123509936264,0.022632565218221698,0.4923860691535076,0.18326640008352157,0.0335865733995734,0.3856115107913669,0.16531811268985772,0.0273300783833365,0.5863889003434398,0.11308364222965035,0.01278791013992356,1.0247858185522531,0.3581643808322862,0.12828172369697494,1.3384193420410155,0.9081962658936126,0.8248204573831015
0.3,0.25,0.75,0.5,0.26655338326053934,0.07389835740366656,0.00546096722696004,0.29942683575274687,0.008149168147046028,6.640894148882958e-05,0.8322624978520718,0.14317751188578867,0.020499799909805154,0.831231137377417,0.14420795278047538,0.02079593364513582,0.7009306059787386,0.19258820677661975,0.03709021738943404,0.8601489964892902,0.11051057458108429,0.012212587094241393,0.8597121594692382,0.11068142813011507,0.012250378532921827,0.7271685822370337,0.1600635403038551,0.025620336934603846,0.6537403906201761,0.18237108192134874,0.03325921152116329,0.6525154675409521,0.18309619470535937,0.03352421651558287,0.44711433468124706,0.19659558088039913,0.03864982242170156,0.6902330237720831,0.15953035596264944,0.02544993447356964,0.6895312648030071,0.15971053131872032,0.025507453814107947,0.4909055085771311,0.1781087133739199,0.031722713779713155,0.6064082944170979,0.18363628553169736,0.033722285363879084,0.7086280149087223,0.14240482823773187,0.020279135105417918,0.1759687875919375,0.3220214407424817,0.10369780829786364,1.471030879020691,0.8272889913472509,0.6844070752043517
0.3,0.25,0.75,0.75,0.16396321510674466,0.07530295155209575,0.005670534512457279,0.2973841455372232,0.0076722642019169595,5.886363798401648e-05,0.7444023208249665,0.10048848315701589,0.010097935247197865,0.7419392197589845,0.10171478810762848,0.01034589811977976,0.5800273420919014,0.130782292345726,0.01710400799120294,0.8577314064855935,0.06358789348417948,0.0040434201977553545,0.8572362926281963,0.06373242905301277,0.004061822512997306,0.7093983861203885,0.1037321482536444,0.01076035858131606,0.5271473418179152,0.07893531819160914,0.00623078445801058,0.5245426988121074,0.07969246764147496,0.006350889398787533,0.26761357340468506,0.08418992003600384,0.0070879426356687215,0.6620642664516483,0.13803441881376594,0.01905350077725414,0.6612681048847906,0.13831139058460215,0.019130040765446374,0.4537958907073708,0.1734285168859792,0.030077450469270375,0.387719298245614,0.11465568124587106,0.013145925241954789,0.4834287469018007,0.11745279048975577,0.013795157993830461,0.7230664046010524,0.3747025444372509,0.14040199680774998,1.9499625205993651,1.25653448706294,1.578878917178526
0.3,0.25,0.75,1.0,0.10887837052286893,0.021208062022583022,0.00044978189475372826,0.27810079307983004,0.008310625709539894,6.906649968406548e-05,0.6595498548062921,0.08078300733812131,0.006525894274590962,0.6562189618421962,0.08160377568181679,0.006659176205528273,0.4822968084141507,0.09115865216988504,0.008309899865430086,0.8658592818514632,0.07752642080937475,0.006010345923512254,0.865397711654038,0.077736477542597,0.0060429599407306875,0.7269633545156433,0.13868567338066667,0.019233716001048954,0.49146392504191105,0.07688142634856374,0.00591075371738963,0.48846145408042824,0.07735641426178716,0.0059840148274412286,0.23203951125436578,0.06205663784344278,0.0038510263004322143,0.703374328600877,0.10057545752361109,0.0101154226560837,0.7026574017716127,0.10078408898775151,0.010157432593091015,0.5002091762592002,0.13792412583589828,0.019023064487596705,0.23986856516976998,0.00808176108841866,6.531486229027796e-05,0.36553409256279373,0.00935935873664865,8.759759596128142e-05,1.2426940045793833,0.15000537957567137,0.022501613901641244,2.1744590044021606,1.1158542208214508,1.2451306421250472
0.3,0.25,1.0,0.0,0.14617669203335246,0.01662803954837703,0.0002764916992223905,0.2735088345698255,0.022759731018828444,0.0005180053560494217,0.6754886153715248,0.052891700600115034,0.002797531992372209,0.6721265336596461,0.05348277859654513,0.0028604076064070658,0.5175917990110602,0.06153063950148295,0.003786019597461454,0.8850573175338667,0.04406416572123683,0.0019416507007086227,0.8846269456864159,0.0441532642468326,0.0019495107436506263,0.7553087121016698,0.06322748852231518,0.003997715304839498,0.47077627385921533,0.11096154606563645,0.01231246470527636,0.46742957021844667,0.11169442128561606,0.012475643746328681,0.242272671238995,0.11025900192094826,0.012157047504603672,0.649871094194822,0.1409121009928098,0.019856220206207822,0.649000159152813,0.14121215179101032,0.01994087181344734,0.42556601244096226,0.17762901482368929,0.03155206690723442,0.0,0.0,0.0,0.0,0.0,0.0,,,,7.412263250350952,10.243712817248573,104.9336522822627
0.3,0.25,1.0,0.25,0.13129383381661766,0.02083778214152343,0.0004342131645775928,0.2839655966517571,0.009515135139894446,9.053779673045409e-05,0.649560860815048,0.07531090165707963,0.005671731908402319,0.6459893129110311,0.07612058689901745,0.005794343749850866,0.4783576718235863,0.08165605293678786,0.0066677109812155015,0.8418139496628563,0.06146386838103565,0.003777807116361274,0.8412750968204893,0.06159546671820265,0.0037940015202332106,0.6769200759142899,0.09240887241161694,0.008539399700386498,0.4930708225314896,0.10002682812044904,0.010005366343837856,0.4899275084015393,0.10067674515107987,0.010135807014215485,0.26897728258007103,0.08546653069515087,0.007304527869065164,0.7191520665011168,0.10566248535932558,0.011164560812309692,0.7185095984579447,0.10586476318796813,0.011207348084844573,0.5354049579553241,0.14258841334784417,0.020331455621055664,0.23840653728294176,0.01270509921347869,0.00016141954602433685,0.3669159989169085,0.03002460846125894,0.0009014771132519019,1.8452908436793412,0.13971775510610893,0.019521051091890628,3.4857589960098267,6.77580087737829,45.91147752988041
0.3,0.25,1.0,0.5,0.12372165381125402,0.025096404862681672,0.0006298295370316322,0.2757621033536285,0.019438300458698776,0.000377847524722649,0.6788419557794787,0.07721966013431555,0.005962875911259203,0.675658254156527,0.07801526330661827,0.00608638130880098,0.5041358049704528,0.09460004735478543,0.008949168959527647,0.8811941101497363,0.06812355321527697,0.004640818502674673,0.8807716573114763,0.0683059382600093,0.004665701201580203,0.7555601438332953,0.11797475140359798,0.013918041968740743,0.4627981262554986,0.11390180197559197,0.012973620493286967,0.45957479798158196,0.1146174240452984,0.013137153894779749,0.21369713143651445,0.09297119673766378,0.008643643422833384,0.6409099499000932,0.1668525747839867,0.02783978171204588,0.6400389343292512,0.16716116860632826,0.027942856289833302,0.4172402693350654,0.19135202763149037,0.036615598478682655,0.24242424242424238,0.0,0.0,0.4141928017152251,0.00814385065253397,6.632230345077797e-05,1.239294996802243,0.1350495798366155,0.018238389014046383,1.134163236618042,0.3627345115772061,0.13157632588915427
0.3,0.25,1.0,0.75,0.12216745087737468,0.021519712264364114,0.00046309801594102324,0.2796143116165327,0.014863126025041478,0.0002209125152362653,0.7000848737429629,0.08873184745121562,0.0078733407521058,0.6971587480041449,0.08962860188772097,0.008033286276347579,0.525250968154148,0.09867697661827471,0.009737145714523533,0.897896188805643,0.07564029142882776,0.005721453687437995,0.897521254937544,0.07586804720805088,0.005755960587163036,0.7814258860847233,0.14585457348557818,0.021273556606659926,0.4787799108030287,0.0836974452601129,0.007005262343069594,0.4757131496283593,0.08422717764309852,0.007094217453722075,0.21465424373952025,0.060717970009539796,0.0036866718820793743,0.672919975285716,0.10333670748553467,0.010678475113950956,0.6720640830460742,0.10357636914847972,0.010728064245982142,0.4347978499058202,0.13937823439355837,0.0194262922226657,0.24026770775237033,0.00681956141623969,4.650641790986509e-05,0.36585583011718076,0.008341935255973282,6.958788381485002e-05,1.190612709375876,0.1467358627930677,0.021531413429625987,1.6614771366119385,1.0464462805727617,1.0950498181245671
0.3,0.25,1.0,1.0,0.11304149668529491,0.016946806060504045,0.0002871942356523366,0.2837759111191286,0.00844833705292342,7.137439895979876e-05,0.6943107606027583,0.05413710217028591,0.0029308258313959753,0.6913869701586292,0.05466182353464346,0.0029879149521325017,0.5023673847343613,0.06403626154968775,0.004100642793260017,0.9121743746281359,0.05610869204372682,0.003148185322857774,0.9118329898900935,0.05629233639675697,0.00316882713700565,0.8049256483066973,0.11192226646339822,0.012526593730303914,0.5122869851607124,0.06641510956891566,0.0044109667790510725,0.5094803775955841,0.06680497695045241,0.004462904945350478,0.22602860816104947,0.046880749870369415,0.002197804708408142,0.72065932495303,0.14885068620494074,0.022156526783681737,0.7199262821554843,0.14914968475542034,0.02224562846264127,0.5080698057507818,0.18363917281766948,0.033723345793157875,0.24242424242424238,0.0,0.0,0.3236769703835572,0.0,0.0,1.3534068164623954,0.1521553614852501,0.023151254028707133,1.426268744468689,0.9240066596076439,0.8537883069992763
0.3,0.5,0.0,0.0,0.2967261806033936,0.01039688229069795,0.00010809516136662865,0.2965768583171659,0.010419789745271612,0.00010857201833566745,0.801864612769395,0.09398727824890858,0.008833608472637765,0.8012829230152907,0.09410737993074296,0.008856198957429203,0.629806296439518,0.12948497264513525,0.016766358140911427,0.8035273601480448,0.09317777488744285,0.008682097732974974,0.8029502669881303,0.09329446861748948,0.00870385787461973,0.6348829819821289,0.12734859635807455,0.0162176649943718,0.5763999898466823,0.15166580876324717,0.023002517547809864,0.5755278495581184,0.15186783483312943,0.023063839256902682,0.371704557654535,0.16822585163437592,0.02829993715811106,0.5806935060593552,0.15311522769528485,0.023444272952178928,0.5798305123918803,0.1533191754874917,0.023506769572164275,0.3819078516303398,0.174485699420983,0.030445259302429625,0.7828548478836611,0.09538747232871976,0.009098769877262278,0.855458540101331,0.0798309938027193,0.006372987571529807,0.01114346820470807,0.009962088376444583,9.924320482009227e-05,0.30551590919494626,0.25562021589933437,0.06534169477642232
0.3,0.5,0.0,0.25,0.30028941005596016,0.010494768055398701,0.00011014015653661704,0.3002712435159922,0.010521871610313174,0.00011070978218391433,0.7771407500998746,0.077885864805197,0.006066207936453426,0.7765037754219861,0.07796384856047467,0.006078361682360627,0.5915967334540191,0.10471354147570752,0.01096492576838472,0.7773539410265042,0.0772438120295128,0.0059666064968507074,0.7767157707809584,0.07731833383235734,0.0059781247466118535,0.5926213348035,0.10231994613435658,0.010469371376937632,0.7064366001440321,0.15739653831753556,0.024773670274343438,0.7058468060189533,0.15771438403999272,0.02487382693311431,0.5665077307789247,0.22619524704400196,0.05116428978529708,0.7063106311205185,0.15661658401850367,0.02452875438962502,0.705719735023882,0.15693183496080126,0.024627600824164167,0.5667289089561381,0.22692031151818046,0.05149282777950806,0.8201654390509738,0.08122346358353566,0.006597251036505943,0.8838677522599958,0.06525290809353451,0.004257942014663263,0.00775031698478474,0.007771250696514142,6.039233738807154e-05,1.1810744047164916,0.8800971732711672,0.7745710343998989
0.3,0.5,0.0,0.5,0.29512726750275253,0.017868909155586525,0.00031929791441060395,0.2989370294512952,0.01164877349772499,0.00013569392400130013,0.8131972957727491,0.11763462459537231,0.013837904903694171,0.8126172369972092,0.1178696010612546,0.013893242854339313,0.6488744019110283,0.18713119820484087,0.035018085341579436,0.8143307624657179,0.1166616170423688,0.013609932890940315,0.8137799248775129,0.11688110936990354,0.013661193727539352,0.6472019915282996,0.18609250024433427,0.03463041864718755,0.7119102964167667,0.1706596072346665,0.029124701541490636,0.7112129908528908,0.17111201758635197,0.029279322562472024,0.5410459738235899,0.25176248020385955,0.06338434643839877,0.7065864696689934,0.1763952001178379,0.031115266624612083,0.7059195063013126,0.17676824307783365,0.03124701176082408,0.5317817105007813,0.25963779724542685,0.0674117857584574,0.6972068232271013,0.2737229163480284,0.07492423493406976,0.7606283798260811,0.28503596866852576,0.0812455034348048,,,,1.2857311248779297,0.8782737985081189,0.7713648651458799
0.3,0.5,0.0,0.75,0.19288778784779376,0.0728353368576379,0.005304986295165586,0.28534163668918,0.02363960853092855,0.0005588310914955498,0.6926383987054284,0.09426354061086514,0.008885615088496222,0.689986887264847,0.09514995492078075,0.00905351392142661,0.5209786491190359,0.11720507645487994,0.013737029946794254,0.8065249480348242,0.10794691090797577,0.01165253557457446,0.8059614275264627,0.10814404096545986,0.011695133596339061,0.6392707072799814,0.16761410143808306,0.028094487000895993,0.5026414238086678,0.15237433128161093,0.023217936833518114,0.5000009132150235,0.15324124376437975,0.02348287879045406,0.3105131178881466,0.19331614319965373,0.03737113122158903,0.622397257646781,0.21415705116813832,0.045863242565032616,0.6216123716351515,0.21449446879231582,0.04600787714249774,0.43764686481370124,0.2694148763906405,0.07258437562058409,0.2286069717466357,0.3750403818114548,0.1406552879892818,0.25128839985305873,0.4086015225101984,0.16695520419765214,,,,1.4147680759429933,0.9753589151041607,0.9513250132731653
0.3,0.5,0.0,1.0,0.1298898795674484,0.022440778378488454,0.0005035885342324349,0.2594185933197438,0.041594110009948,0.001730069987519656,0.6720197699680361,0.07321666629574317,0.005360680223462214,0.6687007182665752,0.07399372974817216,0.005475072042045538,0.5047385008860203,0.09463322523622908,0.008955447318610865,0.9037997631842141,0.06850467404080883,0.0046928903654374675,0.9034480288315845,0.06870827550695228,0.0047208271231392596,0.7996734088396762,0.12639054473134098,0.015974569797485107,0.47223228602659717,0.08765013348293753,0.007682545899576765,0.46898929061750705,0.08822482613140364,0.007783619945916403,0.2347553641446653,0.0709562305069595,0.0050347866477567695,0.6770320664943962,0.13832509743133675,0.019133832579388808,0.6762042229771932,0.13859701735191524,0.019209133218847093,0.44829216769712604,0.161391075667055,0.02604707930496907,0.0,0.0,0.0,0.0,0.0,0.0,,,,3.796850228309631,6.406598858807978,41.04450893767969
0.3,0.5,0.25,0.0,0.27956670936991723,0.045285609426033234,0.0020507864210872304,0.29965705183854613,0.007249803782860975,5.25596548899853e-05,0.7931910665200999,0.11493390867406154,0.01320980336309752,0.7920365990131419,0.11567725670262463,0.013381227718244916,0.6305843181970779,0.1538079240500533,0.023656877500586964,0.8140524983538026,0.10367857419333393,0.010749246746762649,0.8134995484564328,0.10382360161280971,0.010779340251855424,0.6526277127437884,0.1485413045236048,0.0220645191495743,0.5548190183011819,0.18441486542142776,0.03400884258840331,0.5532137404351097,0.18549321035678534,0.03440773108846662,0.33701496071508064,0.19637589185910578,0.03856349090345921,0.5578022151813666,0.17624201106978737,0.03106124646592305,0.5568776869245841,0.17649167631315385,0.03114931180782707,0.33836119628195793,0.18142465982471764,0.03291490719251451,0.6325458157349286,0.34860476445084987,0.12152528179783254,0.6834663304251201,0.36945085702955666,0.1364939357598739,,,,0.7428371429443359,0.89257164361512,0.7966841389857968
0.3,0.5,0.25,0.25,0.2743713670880529,0.05681185513385099,0.0032275868837496704,0.3014524021294022,0.007283424240556457,5.3048268667925395e-05,0.7550961718036175,0.12738872520087902,0.01622788730830507,0.7538489259586061,0.1280846604188503,0.0164056802346122,0.565429446658644,0.1772531808963084,0.03141869013785943,0.7743860665553248,0.11707760296121938,0.013707165115144925,0.7737677364024801,0.11721461634146024,0.013739266284075718,0.587675482550637,0.1616702133623603,0.026137257888631096,0.5044640185759576,0.14700545989186958,0.021610605238020077,0.5027894793960227,0.14809484843691476,0.02193208413355275,0.272830848079599,0.1669017969364002,0.027856209820599363,0.5002626829335178,0.14954473738979068,0.02236362848098146,0.4992560365163272,0.14970469542448397,0.022411495832137515,0.2722844172881875,0.15991851086205855,0.025573930116338336,0.6636313364744086,0.24001631101056548,0.05760782955112049,0.7398466678787864,0.22163340998716718,0.049121368422539745,0.12175036144813509,0.22803284990020042,0.05199898063360733,1.314668869972229,1.0326355630910782,1.066336206160428
0.3,0.5,0.25,0.5,0.27975972709249064,0.04658575057491257,0.002170232156627967,0.2942922405286417,0.009708237819151457,9.424988155320261e-05,0.8038617499100548,0.11528014803662107,0.013289512531345268,0.80305792585559,0.11577734719917779,0.013404394124478962,0.6515163000804631,0.16794433326895306,0.028205299077153176,0.812975860089557,0.10860176909408009,0.011794344250363891,0.8124384922315958,0.10878903015221351,0.011835053081459221,0.6573866059137199,0.16359724376115375,0.026764058166246364,0.581024705153273,0.12807353012144798,0.016402829117769444,0.5799162584345663,0.12836046640201243,0.016476409334942165,0.37187956723931126,0.13233940281806342,0.017513717538241654,0.5972832962643423,0.1259192628993594,0.01585566076911799,0.596430650580348,0.12604803289675118,0.015888106597140468,0.3934479465294744,0.1357528066722749,0.018428824519400044,0.7075458406564883,0.18431713375819686,0.033972805796837036,0.7883093421850497,0.15968024826052962,0.025497781684544377,0.06091879623459336,0.14761099714825524,0.021789006479102216,0.901822304725647,0.2798964545331785,0.07834202526024368
0.3,0.5,0.25,0.75,0.20565438490774518,0.08284589317905465,0.006863442016635334,0.29601436808062037,0.008941085542838392,7.994301068435369e-05,0.7943169475129379,0.1219764986490503,0.014878266222681772,0.7923843964709139,0.12341192543098489,0.015230503338582977,0.6535775228793825,0.17537785254246827,0.030757391162407745,0.8844084056399557,0.0655790143190586,0.0043006071190592925,0.8839986529820132,0.06575263360187271,0.004323408825582121,0.7648164171048681,0.11181080322474612,0.0125016557177629,0.556116157688716,0.14205448926991407,0.02017947792173613,0.5537854548480737,0.14326472048622366,0.02052478013599579,0.3123407548630487,0.16014455663034446,0.025646279018329603,0.6218715672865924,0.14831809487829586,0.02199825726832717,0.6209517542550811,0.14858082954024887,0.022076262906868493,0.3920662989327316,0.16700713675357481,0.027891383726627236,0.4619273002650511,0.19222217240633235,0.03694936356460976,0.600686171017742,0.14758857659476657,0.021782387941269275,0.4651762649316805,0.3807611258729749,0.14497903497605544,3.257061314582825,6.431915252646055,41.36953381722097
0.3,0.5,0.25,1.0,0.13158300449914712,0.015608806010276642,0.00024363482506644822,0.2807124923580882,0.01722050224490874,0.000296545697566907,0.6974766820188042,0.06001016466656251,0.003601219863307948,0.694484249656845,0.06063405323581835,0.003676488411804054,0.5239752696799178,0.07537176659225567,0.005680903199237468,0.9055957470712768,0.05135688591597196,0.002637529730986159,0.905229829374079,0.051508671538780325,0.0026531432436899586,0.7960316390601272,0.0957449869858604,0.009167102532922577,0.5056588345068536,0.061536500397801466,0.0037867408812086198,0.5027019708850514,0.061923934755337036,0.0038345736955832377,0.24675107669823135,0.056465184521262556,0.0031883170630202288,0.7076332155237963,0.1118715877267642,0.012515252140507098,0.7068629037164188,0.11215812699384588,0.01257944545076766,0.4870534236124599,0.15001340900284693,0.022504022880655436,0.24242424242424238,0.0,0.0,0.4029452556665585,0.018148138226846695,0.0003293549211007343,1.2354737307502344,0.14016017711462955,0.019644875248804324,3.4623798370361327,6.756817726867966,45.65458579411718
0.3,0.5,0.5,0.0,0.2711449015683781,0.05471974362221111,0.0029942503420805136,0.2901397782592604,0.02205497607355574,0.0004864219696051161,0.7968738260725903,0.11128215534556404,0.012383718098354249,0.7957734345884984,0.11199006145849498,0.012541773865477484,0.6364423246926914,0.14033900246857714,0.019695035613875297,0.8271228004317143,0.10151938374384495,0.01030618527573005,0.8265972672691951,0.10164364263405883,0.010331430087920262,0.6706458926588528,0.1331035555763097,0.017716556507055767,0.5525580349241166,0.17918254209526877,0.03210638339172277,0.5510960349478562,0.17981352510871,0.032332903812020676,0.34138920249250604,0.1971348571330867,0.0388621518968825,0.5896457398679282,0.16803788687900653,0.028236731426761794,0.5887617616416624,0.16827309132869406,0.02831583326531501,0.38201472686081656,0.1874966037187404,0.03515497640606238,0.593864154426525,0.3288859184907933,0.10816594738153275,0.6571949018539972,0.3565011807548886,0.12709309187962978,,,,0.959858512878418,0.6466889553161629,0.4182066049279102
0.3,0.5,0.5,0.25,0.2655083871933227,0.06293934771686462,0.0039613614910243905,0.28715315829278887,0.02590630187582598,0.0006711364768814247,0.7862625073538503,0.12534338411293922,0.01571096394088382,0.7851184965140189,0.12618307059622694,0.015922167305092393,0.6151066457997185,0.19446477745451596,0.03781654967043442,0.8231565944725153,0.10937237974161347,0.011962317450343702,0.8226360262896497,0.10956184299952215,0.012003797441451941,0.6679532434243657,0.16532100256051493,0.027331033887613782,0.5129375332804981,0.1664833246814425,0.027716697396986602,0.5113996333345561,0.1669853273651369,0.02788409955524194,0.2810633990370067,0.16882671347756573,0.02850245918363607,0.5477231485171641,0.194437968556356,0.03780612361632249,0.5467769325525069,0.19469615632086898,0.03790659328612025,0.3279722117405258,0.2052272748618725,0.04211823434723056,0.6791238264602596,0.23914637951699327,0.057190990836085774,0.7647344914263388,0.20482620735293772,0.04195377521858864,0.10828554266166816,0.20269548382755795,0.041085459164087804,1.3647518157958984,0.9310662030316579,0.8668842744277884
0.3,0.5,0.5,0.5,0.2784929748963801,0.05107216794766344,0.002608366338874341,0.2946017715032142,0.008049407604210265,6.479296277871804e-05,0.8912503844556271,0.0951729342107601,0.00905788740628567,0.8906224280519665,0.09604946097999265,0.00922549895454713,0.7845415180804634,0.15035083873320054,0.02260537470777688,0.902846106831959,0.0708136144602773,0.005014567992928794,0.9024913050892543,0.07102409411013137,0.005044421944164799,0.7979025422632141,0.13101240442575574,0.01716425011341778,0.6050774831319252,0.10171804975594681,0.01034656164615327,0.6037937197196277,0.10253366025351529,0.010513151484983302,0.3508680071493844,0.10792056555714503,0.01164684847017404,0.6049242016268365,0.10245922725785749,0.010497893250277286,0.6039063618224756,0.1026113742082527,0.010529094116906066,0.35294381505599565,0.1063424909669361,0.011308725385052886,0.641987284525136,0.13681712503553956,0.018718925702990465,0.7371669483936982,0.1255309951605643,0.015758030746001614,0.03094473493960716,0.025868729562840684,0.0006691911691953876,1.4980538606643676,1.0873635214097535,1.1823594276926193
0.3,0.5,0.5,0.75,0.13023531528069596,0.014954916365745093,0.00022364952350643042,0.2869671434681869,0.020307612239610143,0.00041239911487436364,0.7151244669176233,0.04254248004405322,0.0018098626082986664,0.7122643494413767,0.04299257158692259,0.0018483612116566633,0.5344863642535247,0.041045790623213986,0.0016847569278847212,0.8710722844964481,0.07207737855345604,0.005195148499138206,0.8706304992685527,0.07226801173199676,0.005222665519696021,0.7421609139498739,0.12326760037553673,0.015194901302343022,0.5164285698971126,0.07641615601842315,0.005839428900631988,0.5134819448652641,0.07689419560206914,0.005912717317289269,0.2646425966819652,0.0908787999657697,0.008258956283218382,0.7024279184444782,0.13783190897129285,0.01899763513067076,0.701726523057593,0.13807835151341882,0.01906563115666325,0.5024301203253083,0.1580983601757454,0.024995091490259722,0.5331520170031081,0.07117960246083936,0.005066535806483128,0.6717466055113397,0.06411113822483892,0.004110238044484402,0.19225917175408813,0.02531907758099941,0.000641055689552667,3.609026479721069,6.450513474240525,41.609124081358566
0.3,0.5,0.5,1.0,0.10543281545960145,0.02512987203622901,0.0006315104685572447,0.2777951561930493,0.012822750533254563,0.0001644229312380802,0.6366538186868087,0.09086694277045654,0.008256801288449423,0.6330791782959551,0.09179487283016885,0.008426298677906872,0.4600445186140332,0.09709141187496886,0.009426742259874844,0.8395846798564233,0.08291774534494195,0.0068753524930886415,0.8390619983851207,0.08314761717715903,0.006913526242239391,0.6855859261767122,0.14975941698630807,0.0224278829760789,0.47541951088512313,0.060445065193545915,0.003653605906252016,0.47230525869513845,0.0608171271745199,0.0036987229577617265,0.23659970045470816,0.06364644248581547,0.004050869641100217,0.7127671391007874,0.12310014477929711,0.015153645644683907,0.7120913121280342,0.12338968203406787,0.015225013632468372,0.5398346322715164,0.1922109751321082,0.03694505896123591,0.31624185958005907,0.0662198341924326,0.004385066440473266,0.43275179770686567,0.08678330705403282,0.007531342383234544,0.6198658827266059,0.08216275549214483,0.006750718390061975,5.8783101558685305,8.77885179281984,77.06823880029611
0.3,0.5,0.75,0.0,0.20166087831301605,0.08000021408926343,0.006400034254327982,0.27802327260829857,0.038750594706547146,0.0015016085901110796,0.7123203879716267,0.10637353071883256,0.011315328037590415,0.7099118452436484,0.10734564187128223,0.01152308682875758,0.5345441397380454,0.13055683560513756,0.017045087323226918,0.821966895129598,0.1041372470962463,0.01084456623278466,0.8214214555190477,0.10428737270133924,0.010875856104948036,0.6579504137052365,0.1490583998541547,0.02221840656708107,0.5384665557576542,0.16726528036438978,0.027977674015377922,0.5360852314498021,0.16819759041339502,0.028290429420872194,0.3293130951736701,0.18393429145174056,0.033831823571853846,0.6581710462054312,0.15105175770022702,0.022816633504328096,0.6574399297729989,0.15122230977562368,0.02286818697387469,0.4592077505987081,0.1699285711317683,0.028875719286884434,0.2120248538011696,0.35130488751388383,0.12341512399114259,0.23565733852807202,0.3849214314949585,0.14816450842412804,,,,1.29304678440094,1.1999936746744697,1.4399848192587372
0.3,0.5,0.75,0.25,0.26438790371945065,0.07616390231315068,0.00580094001556716,0.2972895522709956,0.00987628257618869,9.754095752472832e-05,0.8313604019918595,0.16732450818350303,0.027997491038851168,0.8302473546595437,0.16865605559908883,0.028444865090242948,0.7044171930097898,0.2416145097276057,0.05837757131091127,0.8649236620545222,0.12566889787559551,0.015792671893266854,0.8645112626100598,0.12590241324655246,0.015851417661305666,0.7376577487027797,0.19902663605563334,0.03961160185962153,0.6096865586626905,0.17083332556472805,0.029184025123504362,0.6082751354627334,0.17163820822809822,0.029459674523752002,0.37364798344870714,0.1830931164883957,0.03352308930543324,0.6478836969213032,0.14138606849282034,0.019990020363856484,0.6470521499749678,0.14153399313937273,0.02003187121397601,0.41832425738614365,0.1502386212613154,0.02257164331850097,0.5986477510269925,0.1705687523023051,0.029093699261965107,0.7027220285383524,0.13146517541628647,0.017283092347234973,0.1721873183357861,0.3121509111865396,0.09743819135458692,1.3952067375183106,0.9253967351021583,0.856359117337734
0.3,0.5,0.75,0.5,0.2256953175491327,0.0958911009134219,0.009195103234388062,0.29781963437512693,0.005439979872429554,2.9593381012438667e-05,0.8147212329324656,0.14216281353344576,0.020210265551745266,0.8131139944272874,0.1438169483281765,0.020683314626429396,0.679431186625787,0.19631053592625292,0.038537826515652636,0.8644954366487976,0.08081695882663106,0.00653138083398538,0.8640298845292029,0.08103798914181445,0.006567155684148837,0.7253594787119757,0.14565120633003087,0.021214273905393228,0.5570025926420222,0.1490077394827279,0.02220330642575251,0.5549777173032104,0.1503023562391336,0.022590798291035424,0.30970309496412357,0.16211048904873593,0.02627981065962033,0.5902075887705036,0.15375285020276522,0.023639938945473962,0.5892213877671199,0.15403379574729326,0.02372641023231886,0.3513968783064967,0.17795171956649822,0.03166681449667363,0.558872460368106,0.15515537004015664,0.024073188852297936,0.6864148001553734,0.10441157134106321,0.010901776229909933,0.1089732590634297,0.10951140550309277,0.011992747935262817,1.8077009439468383,1.261873159716573,1.5923238712130878
0.3,0.5,0.75,0.75,0.21213781184177014,0.08877772748974579,0.007881484898243566,0.2911463437514644,0.008490687742079648,7.209177833350158e-05,0.8694547166268544,0.13910641605048552,0.01935059498641077,0.8681733696785383,0.1404723576680344,0.01973248326881618,0.7767277797474138,0.23763066284695836,0.05646833192508479,0.9521083317455797,0.05061883120285903,0.0025622660723435354,0.9519101821552285,0.050828365455382135,0.002583522734865884,0.888958723071997,0.11785727476637521,0.013890337215356862,0.6063210109665516,0.14230125709230446,0.02024964777005013,0.6043468553862037,0.14352088932748455,0.020598245673352073,0.3331321196231107,0.1489940724752268,0.022199233632753137,0.6592737932100953,0.0827698818818339,0.006850853346732737,0.6582973020331057,0.0829225219265744,0.0068761446426632115,0.39093167658873224,0.08666120159566358,0.007510163862004244,0.583079586224644,0.0548291423643551,0.003006234852410719,0.7031429975572557,0.024711416580905254,0.0006106541094350391,0.11262308385416016,0.08752261728514424,0.007660208536441829,1.7703539371490478,1.0685048590924382,1.1417026339041514
0.3,0.5,0.75,1.0,0.1192978727916038,0.016754792298966578,0.0002807230649815098,0.28469508304378766,0.00899057575862284,8.083045247153666e-05,0.7080574547751003,0.0645921362535474,0.004172144065796832,0.7052372060316867,0.06524877716393114,0.004257402921388342,0.5230509103063484,0.07325103804314055,0.005365714574397624,0.9040577008904445,0.07507405533032042,0.005636113783740012,0.9036858026505474,0.07531696212836,0.005672644784244815,0.7840279121001952,0.1533689626605676,0.023522038707578574,0.5248251732903839,0.08069473479667388,0.006511640223905531,0.5220604277460226,0.08119423098027066,0.006592503144477544,0.23966667966463434,0.06363754226824199,0.004049736785942285,0.7399883009137436,0.11251904431194126,0.012660535332872602,0.739287202769167,0.11278763778412383,0.012721051236922718,0.5264670515157925,0.15924861210216795,0.025360120456466753,0.33716105552931097,0.08784892150910356,0.007717433010312637,0.48174477091220586,0.1002792636722151,0.010055930722641639,0.4258463080870434,0.0638138922011246,0.0040722128378567505,1.116754174232483,0.7323270479812536,0.5363029052049373
0.3,0.5,1.0,0.0,0.12882472717020096,0.024275309023470935,0.0005892906281850095,0.2619005423582203,0.03583505008971059,0.0012841508149320673,0.6628431430951783,0.09376541298626449,0.008791952672484737,0.6594053622669731,0.0947635166333904,0.00898012408472686,0.5007321731556368,0.12039461441004029,0.014494863178942281,0.8797459742634365,0.08363351246775516,0.006994564407694157,0.8793406406284436,0.08387280531392409,0.007034647471227414,0.7622835854404537,0.15032986984084695,0.022599069766365987,0.4745067207430849,0.0683604092547584,0.004673145553478059,0.4712558584573662,0.06883401855940482,0.004738122111036487,0.24641612134974406,0.05628788448742116,0.0031683259400692677,0.700830148915841,0.08375462800440074,0.007014837712155549,0.7000908065363041,0.08393251104268167,0.007044666409929881,0.4954342336675931,0.11182745094572777,0.01250537878501915,0.0,0.0,0.0,0.0,0.0,0.0,,,,5.722586750984192,9.029753462833975,81.53644759956215
0.3,0.5,1.0,0.25,0.12037728948668176,0.02492612551821,0.0006213117333495597,0.27895957249075465,0.014079975270341579,0.00019824570361343043,0.6632378749416087,0.10012015629762633,0.010024045697061125,0.6598796624195742,0.10116449089638974,0.010234254218325722,0.4940241258349666,0.11955032985377001,0.014292281368145214,0.8624876124549175,0.09446651192449321,0.008923921875180417,0.8620363996253004,0.09474285785340553,0.008976209114230606,0.7301270934147308,0.17605800978673367,0.03099642281006561,0.460127716964655,0.11753060139273738,0.013813442263738521,0.45687343580295814,0.11827256150312157,0.013988398804509673,0.22348197025486546,0.10621242824295526,0.01128107991326492,0.6328172263226589,0.20559659385637968,0.04226995940534514,0.6319511251292349,0.20597794414491533,0.042426913474165856,0.42718540561534646,0.26352274664078557,0.06944423799710367,0.23796203796203796,0.014110729485932826,0.00019911268662517405,0.3976964094727208,0.03994215176805346,0.0015953754878622161,1.2770770198560208,0.19346819364951864,0.037429941954007645,6.9485132694244385,9.412175188477512,88.58904177859168
0.3,0.5,1.0,0.5,0.11774515291386052,0.026071083853327525,0.0006797014132872352,0.2753422111981304,0.0136858646962252,0.00018730289248338326,0.6904735819415377,0.0974862941250071,0.009503577542227394,0.6874441990919281,0.0984752112121024,0.009697367223268178,0.5143563842730774,0.1080783756676804,0.011680935286964251,0.8984298153887995,0.0855203711830222,0.007313733887281894,0.898078438441852,0.08577779287783857,0.007357829750993373,0.793136738027076,0.15949368588843427,0.025438235838278537,0.4541804390354115,0.1050739480334282,0.01104053455533157,0.45095780624716725,0.10574048942387039,0.011181051103599645,0.19754422110647485,0.07340475903625628,0.005388258649170846,0.6211803070815795,0.14980813648846444,0.022442477758146395,0.6202307904373241,0.150039358934944,0.02251180922960896,0.3793072438075261,0.15994777783541264,0.025583291634486516,0.35004568207683434,0.08944414195556429,0.008000254530167136,0.4744913971414778,0.11174465137016505,0.012486867109839732,0.5856024533182872,0.09947959050708349,0.009896188927457016,1.550007176399231,0.7903159942968392,0.6245993708414015
0.3,0.5,1.0,0.75,0.11203282176489064,0.033990809605906454,0.0011553751376649824,0.28349804621159247,0.010857025392924526,0.00011787500038260793,0.701990576209986,0.11767718613600427,0.013847920136887794,0.6991177916682939,0.118844492124859,0.014124013308415673,0.5210730816746199,0.11885189075843183,0.014125771936854215,0.8889449298128342,0.13477982863952068,0.018165602208098555,0.8886305090454976,0.1350506493284585,0.018238677884038268,0.796685846927173,0.2161883029458312,0.04673738233059848,0.4787955508760037,0.09390896333839932,0.008818893395292828,0.47577451353505573,0.09449613809257593,0.008929520114411178,0.20415864131358022,0.052911124195763604,0.002799587063659521,0.6414746859686992,0.1181103291788985,0.01395004985874776,0.6405982142036855,0.11815332768980329,0.013960208844174034,0.40784540400918434,0.10314813031722771,0.01063953678793979,0.3708997058773059,0.10123254480301462,0.010248028127294362,0.539283676820306,0.10745227900230227,0.011545992262788608,0.42180106645041393,0.07463939863108071,0.005571039828009374,1.3513169050216676,0.8866513136486395,0.7861505519948581
0.3,0.5,1.0,1.0,0.11077994438909955,0.017307165280156623,0.00029953797003465894,0.2757448130919438,0.010294652008936511,0.00010597985998510054,0.705736845333149,0.05849213718883966,0.0034213301129180397,0.7029483372305617,0.05905187288625387,0.003487123691374285,0.5143611062042199,0.06479353951848889,0.004198202763333981,0.944879281923267,0.04747676727403948,0.0022540434307933063,0.9446521061246347,0.047672465444607924,0.002272663961567337,0.8753811830881624,0.1074905518708379,0.011554218741497294,0.48862393804978643,0.06207833052303649,0.0038537191205273644,0.48571286862644536,0.06243907462188827,0.0038986380396377313,0.20481703316637065,0.03670230266990276,0.0013470590212731508,0.6953236615613789,0.09848584518229966,0.009699461701271898,0.6944593326420441,0.09872197273438632,0.009746027900568917,0.44649135830831765,0.12554148483421507,0.01576066441437945,0.39848598542972435,0.08368660897303358,0.007003448521405425,0.5670185181152492,0.022620426900819286,0.0005116837131753088,0.46310576190848485,0.06483505062687686,0.004203583789789685,1.3825543403625489,0.7696106927684112,0.5923006184234738
0.3,0.75,0.0,0.0,0.21554173071134736,0.05491532511645802,0.003015692932646285,0.28899545257107206,0.032720159369491734,0.001070608829164938,0.7182389335434455,0.12821072338027675,0.016437989589693842,0.7151385818611129,0.13011809944894953,0.016930719804206722,0.5566066006401589,0.16410244249711364,0.026929611633518487,0.8163420365327351,0.0643711210838096,0.0041436412295864766,0.8157468555385643,0.06452736739820669,0.004163781143343147,0.6396727300741826,0.11094306191526568,0.012308362987134475,0.5619803062833728,0.18373045715652186,0.03375688088694452,0.5589913699298961,0.18549196878446256,0.034407270483536034,0.3670138922943388,0.19741756044850378,0.03897369317343865,0.6750290380101618,0.1325666030676667,0.017573904248900298,0.6743302947391461,0.13279480893841347,0.017634461280989736,0.48356320267026176,0.156568112915764,0.024513573982003427,0.1664334285995861,0.3510540408325495,0.1232389395848613,0.17974849035869794,0.37896111853829656,0.14361152936379687,,,,1.055460548400879,1.1940606849683488,1.4257809193870825
0.3,0.75,0.0,0.25,0.18380422689456816,0.05601456773921517,0.0031376317990111247,0.27501999729682725,0.034036558962295294,0.0011584873459938043,0.6797216210412653,0.12386406493274,0.015342306581662033,0.6763901435203057,0.12562626149249467,0.01578195757658065,0.510689083427987,0.14707248520682784,0.02163031590491259,0.8219750682490445,0.07548940802955897,0.005698650724653243,0.8213827295112308,0.075681241467071,0.005727650309997108,0.6420452406905083,0.1354232952460923,0.018339468895310292,0.4495044058249059,0.13241039664195636,0.017532513138880206,0.44605253667850436,0.1337942752667089,0.01790090809414387,0.22408381911420988,0.1292949037031046,0.01671717212359509,0.5839665318443441,0.125333179964281,0.015708405999958847,0.583021018666622,0.1255563199459305,0.015764389478364862,0.3532838426664181,0.1472293164216327,0.021676471613981244,0.08157894736842106,0.25797528280320986,0.0665512465373961,0.08797570735306637,0.2782036140001128,0.07739725084272374,,,,1.2156906366348266,1.063085091182026,1.1301499110934967
0.3,0.75,0.0,0.5,0.16518051721043098,0.049325640863081485,0.0024330188465536942,0.2768217765854404,0.03299624325853317,0.0010887520691762957,0.7149108534652274,0.10623351203230086,0.011285559078717013,0.711949231985471,0.10753725876173238,0.011564262021987789,0.5552446973543612,0.1373180414400379,0.01885624450492797,0.8672063994218293,0.08665958843500418,0.007509884267724309,0.866771672495843,0.08690774119314977,0.007552955479295503,0.7408489690217442,0.15557342393290213,0.024203090234206484,0.49555504484069346,0.10486855855992172,0.01099741457443573,0.49244535571848125,0.10578362167952038,0.011190174615635894,0.25977397455978324,0.1022213926158163,0.010449213108316861,0.6546156647913071,0.12017849050228176,0.014442869579407026,0.6537925042400597,0.12039127539632372,0.014494059191553459,0.44243359466975674,0.14451358515684828,0.02088417629488564,0.08082191780821918,0.2555813451368964,0.06532182398198537,0.08819570162001579,0.278899296955852,0.07778481784246855,,,,1.4780946969985962,1.0244426832260005,1.0494828112152874
0.3,0.75,0.0,0.75,0.1541743154486699,0.025975848790414206,0.0006747447203824632,0.28320387445907336,0.021991356995423848,0.00048361978250017736,0.7289959395146768,0.04572798094193651,0.0020910482410261087,0.7264119651449908,0.046213457805560264,0.0021356836823462986,0.5628006536288412,0.0510257373054477,0.0026036258675645576,0.8912066561823269,0.06002433712073695,0.0036029210467838804,0.8908020693725666,0.06018991226664176,0.0036228255386660324,0.7668450875933701,0.10649406411353274,0.01134098569141722,0.5251799190977643,0.08156136945797847,0.006652256987860862,0.5224696581960497,0.08166040574448702,0.006668421866354248,0.2748065722482195,0.09546237937869759,0.009113065876642385,0.6888660910711863,0.14843367898142704,0.022032557055961337,0.6880818478445156,0.14873810020633635,0.022123022452990155,0.47617800817656136,0.1845096044759438,0.034043794143869224,0.0,0.0,0.0,0.0,0.0,0.0,,,,3.4704833984375,6.340765561641498,40.205307907698824
0.3,0.75,0.0,1.0,0.12088679145568226,0.013608056443955593,0.00018517920018188132,0.2770305369210458,0.009847836184667894,9.697987752005431e-05,0.6570355184917458,0.04339776073518826,0.0018833656368286477,0.6536434122546293,0.04385788475235714,0.001923514054951041,0.4787843724974934,0.0564729686354485,0.00318919618650035,0.8779990688575344,0.05238945374739755,0.0027446548639507074,0.877540622860945,0.05250842778830056,0.002757134988799174,0.7331559364965666,0.08609719213245028,0.007412726493092058,0.4640862876878534,0.05282762888487663,0.002790758373598252,0.4608786721442092,0.05316103910122822,0.002826096078322316,0.2157338925970999,0.058009842138960634,0.0033651417849871325,0.6684604357179466,0.11817947320889999,0.01396638788793311,0.6676194863917256,0.11847759870510037,0.014036941394926802,0.4424519787872326,0.17033066338167704,0.02901253488804218,0.0,0.0,0.0,0.0,0.0,0.0,,,,7.471060585975647,9.999983790613696,99.99967581253665
0.3,0.75,0.25,0.0,0.16367173376021468,0.02170454287845239,0.0004710871815625785,0.2848742297375958,0.030200598399392424,0.0009120761436813842,0.6626077776870101,0.09415806860979535,0.008865741884326928,0.6588573607374422,0.09533889102411561,0.00908950414170819,0.5023522546003447,0.11672298252673467,0.013624254649936409,0.8065549278411916,0.09473619042743386,0.008974945776703012,0.8059901138789247,0.09484859374460534,0.008996255735329188,0.6442401713343455,0.1254405187817973,0.015735323752246438,0.42642597095146356,0.11928065740413246,0.014227875230762022,0.4224962723298146,0.12021800728070875,0.014452369274544543,0.2137891448044167,0.12595181352054236,0.015863859329113477,0.5312737534780654,0.16377017692845952,0.026820670851178938,0.5303136783017536,0.16399987464101465,0.02689595888226852,0.32770589965904245,0.18310615855707585,0.033527865301529,0.0,0.0,0.0,0.0,0.0,0.0,,,,3.009071707725525,6.853000724861882,46.96361893495748
0.3,0.75,0.25,0.25,0.18028651912962973,0.054594595797131114,0.0029805698902521265,0.28747102186470463,0.020240920910215298,0.00040969487929359095,0.7315246152231943,0.09134386414527844,0.008343701516991084,0.7289038980428585,0.09254019594892622,0.008563687866265662,0.5718003446391446,0.10603690595091325,0.011243825423642823,0.8611525130809768,0.05902296864853121,0.003483710828085498,0.8606702074808451,0.05914978693588323,0.003498697294560382,0.7196519312038603,0.08868133413691986,0.007864379024304029,0.502050708889162,0.13762651223119127,0.01894105686892224,0.49907709133844946,0.13880124686199444,0.01926578613044432,0.2620738670942301,0.15555176424519135,0.024196351359791594,0.611650895910917,0.10911450363983641,0.011905974904567872,0.6107200989702983,0.10935038250779235,0.011957506154600499,0.3820528388369896,0.13722564456445388,0.01883087752612983,0.373869575307496,0.16944574917609526,0.028711861913848186,0.5318411311681587,0.13711421713307828,0.01880030854001694,0.9426719365599887,0.45051962822876435,0.20296793541938402,3.2249944448471064,6.687694492758857,44.725257628477145
0.3,0.75,0.25,0.5,0.1751698500313204,0.06467762068774138,0.004183194617827352,0.2892549806208483,0.007903032255894978,6.245791883771647e-05,0.7190104449517362,0.08767441684340879,0.007686803368831804,0.7165517678582982,0.08816150117482069,0.00777245028939791,0.5526930052610604,0.10872522958282028,0.011821175547836979,0.852356934350729,0.10309466191796517,0.010628509315979537,0.8518895259151623,0.10322365021574517,0.010655121963862507,0.7130939465354075,0.13847503719300625,0.019175335925604466,0.45723201540464026,0.0762062585333605,0.005807393839653379,0.4543432776010259,0.07646023603461218,0.005846167694468607,0.2060479937709221,0.05564904908195517,0.003096816663725856,0.55037875732594,0.10657911939288772,0.011359108690563415,0.5493348187369955,0.10661310968563488,0.011366355156841213,0.3091484505882274,0.10521226662172954,0.011069621047681904,0.42779414003044136,0.22850589561588094,0.05221494433121587,0.5748260541664397,0.1788248598497428,0.03197833050028016,0.6184827382058485,0.32416544633434746,0.10508323659714669,1.5638660669326783,0.8695340847957924,0.7560895246216564
0.3,0.75,0.25,0.75,0.1395040440155156,0.017912551452940427,0.00032085949955423814,0.2935040639197253,0.008948883189882609,8.008251034616353e-05,0.7418103489703607,0.06494889602543572,0.004218359094922859,0.7392506415998085,0.06562291911259002,0.0043063675128575335,0.5745343213078309,0.07576457612700127,0.0057402709957041715,0.9034874394762342,0.06778885990760904,0.004595329527573444,0.9031339634295467,0.06799066068140294,0.004622729939893672,0.7981917659816163,0.12513693127946793,0.01565925157004228,0.5238750300224705,0.07821399646755715,0.006117429243427044,0.5210209841070643,0.07871195899206769,0.006195572488368946,0.24912140487465914,0.07066165559903606,0.004993069571996785,0.6556468577377721,0.13142463331107954,0.01727243424095172,0.6547636473879133,0.13167456982840067,0.017338192339494365,0.42265814657131234,0.15539128573111086,0.02414645168116774,0.32,0.0,0.0,0.4214741056846319,0.0,0.0,0.8491910405603939,0.08756959674169754,0.007668434273503524,5.2208754301071165,8.842955002722547,78.19785318017574
0.3,0.75,0.25,1.0,0.11645636982152893,0.013085817354087032,0.00017123861582452534,0.27868121033049137,0.009074207585098809,8.234124329746475e-05,0.6698629821858879,0.03216945802521604,0.001034874029636137,0.6666546450172689,0.03249094470963457,0.0010556614881245304,0.48980565137578463,0.040114609678629225,0.0016091819096687736,0.8934743251710643,0.03251500854885806,0.001057225780932313,0.8930557382124101,0.03257998114179822,0.0010614551711999275,0.7623077710265457,0.046755151712566174,0.0021860442116650794,0.47034210133597043,0.06338930825756894,0.004018204401373099,0.46723577717334236,0.06376210830998492,0.004065606456134249,0.21154115038421167,0.057977704644336304,0.0033614142358258953,0.664472436361888,0.1179956945044328,0.013922983921583433,0.6635979983348491,0.11831066283697944,0.013997412940925429,0.43240196164187683,0.167392069197735,0.028020104830299306,0.24242424242424238,0.0,0.0,0.364000364000364,0.0,0.0,1.2303119784053975,0.05446678661441962,0.0029666308441007204,5.489264607429504,8.927443120551986,79.69924067069098
0.3,0.75,0.5,0.0,0.17433081389205438,0.07057887774821328,0.004981377984197236,0.281015433523252,0.029057235302701757,0.0008443229234365772,0.70757705565419,0.12617228088967145,0.015919444464902153,0.7045795906855085,0.12777473188201843,0.016326382107521697,0.5433090744254157,0.14928241676902254,0.022285239956400145,0.8424312537388307,0.1022549986749103,0.010456084754005905,0.8419449091675537,0.10238256734338448,0.01048219009582266,0.6992218757852082,0.13664741625007074,0.018672516367820097,0.52048389872804,0.17816582726758887,0.03174306200594431,0.5174867015905333,0.1796107999072565,0.032260039443324534,0.304649849056179,0.1942962869162632,0.037751047109446864,0.6514087307581984,0.17760293577908695,0.03154280279735048,0.6506545409985993,0.17784901719599025,0.03163027291757964,0.4460352655602569,0.18925749419971116,0.035818399110753706,0.1712230215827338,0.36096982403840494,0.13029921386631702,0.18131675580137432,0.38224928418992765,0.14611451526371208,,,,0.9329620838165283,0.8511713732228784,0.7244927065941206
0.3,0.75,0.5,0.25,0.20398689492695882,0.07947440349560173,0.006316180810981711,0.2769218117218494,0.029379335262484572,0.0008631453404654694,0.7974461076189151,0.10636898707173197,0.01131436141066628,0.7956130904109102,0.10772162262400335,0.01160394798074819,0.647253331214708,0.14022734607794846,0.019663708588064724,0.91746150817986,0.029430462314715813,0.0008661521120579076,0.9171213150038733,0.029552081999830105,0.0008733255505246826,0.8134994139730279,0.06808770590542698,0.004635935695463916,0.5753005896798402,0.16270162366578142,0.026471818343481567,0.5730874889905786,0.1639700054954966,0.02688616270219318,0.3259889700227229,0.192577764590333,0.03708619541460971,0.6771649570258423,0.11423216306404277,0.013048987078290058,0.6762937331193732,0.11452589816464177,0.013116181350417897,0.440362797355587,0.15493091613571242,0.024003588774651155,0.5200772642160245,0.2586684256626938,0.06690935443481656,0.6475140631618992,0.20928042568875901,0.043798296576468186,0.45565856240357006,0.3909428627828372,0.15283632196084027,3.0455686807632447,6.53764615410224,42.74081723624781
0.3,0.75,0.5,0.5,0.16842975661888343,0.07421174299694602,0.005507382798644767,0.29472811855498876,0.009472991924311256,8.973757599806626e-05,0.7523552334977868,0.10160509444724317,0.010323595217633203,0.749968690049107,0.1028489340251143,0.010577903230102315,0.5874793762887089,0.13985248551149587,0.019558717703743164,0.8786840578002254,0.07417622588334705,0.005502112486297325,0.8782534579405745,0.0743791020903917,0.00553225082777291,0.7492143612957254,0.1346551799058228,0.018132017475469504,0.5753808048446499,0.14293451395024256,0.020430275278192085,0.5729075335921502,0.14405599171104563,0.02075212874785285,0.3321089585352356,0.18034310031901693,0.03252363383267501,0.6934526400885473,0.10430756219000561,0.01088006753002189,0.6926871842066952,0.10454862975307326,0.010930415983245194,0.4767253659534763,0.14117319029984,0.019929869659434836,0.5617915212244601,0.1758961166948841,0.030939443868340293,0.6597372507456015,0.15262552091635834,0.023294549634989736,0.1683911122451372,0.08692485956976101,0.007555931211222672,3.708621454238892,6.974202511107915,48.63950066594395
0.3,0.75,0.5,0.75,0.13284844248341593,0.024482766111179922,0.00059940583645474,0.2876861575207778,0.007923713846399913,6.278524111962969e-05,0.7498295755780394,0.07020386390203089,0.004928582506774875,0.7473852884454741,0.07092015842682778,0.0050296688712863505,0.5853718679917677,0.07960577048800517,0.006337078694988956,0.9197193979429714,0.08297454147142758,0.006884774532393655,0.9194339409622859,0.08323524162183002,0.006928105447844424,0.8342473501965963,0.15917915728398568,0.025338004113639855,0.5468934473782203,0.06441751531501959,0.004149616279360784,0.5442263871366901,0.06482073636862665,0.004201727863370997,0.2643561502423887,0.05696347900947322,0.0032448379408626963,0.7159917418596928,0.08320031472312638,0.006922292370027279,0.7152223862779206,0.08338433063586646,0.006952946595591498,0.49481907499240824,0.11486274174308443,0.01319344944073851,0.503922917882066,0.08121884129962892,0.006596500182054308,0.635212634631707,0.08684023812791757,0.007541226958113428,0.17831952525301548,0.020604179812624003,0.00042453222575094255,1.5768473386764525,0.9822206123315279,0.9647573312889217
0.3,0.75,0.5,1.0,0.10369498539197261,0.027486419368946816,0.0007555032497256147,0.2750277560089554,0.011057035622322431,0.0001222580367533072,0.6618495131264474,0.09857512848486281,0.009717055955807213,0.6585965887673391,0.09954633117271403,0.009909472049947656,0.4766815763942146,0.10939451695737452,0.011967160340337301,0.8883767538282891,0.09228150891650996,0.008515876887907907,0.8880073127697594,0.09255519206559279,0.00856646357829877,0.7814870619131584,0.16952601807825776,0.02873907080546978,0.47137841661586155,0.09770482665018453,0.009546233150742607,0.46831806995685793,0.09829647051250834,0.009662196115216421,0.2076688016525901,0.058512340693858474,0.0034236940134741664,0.6811435947214338,0.12904508283679209,0.01665263340435453,0.680360061695415,0.12925312866084931,0.01670637126861807,0.461410160350589,0.1430500439112369,0.020463315063006807,0.366349970290792,0.051053461015378054,0.002606455881648727,0.5349789075007866,0.08123457842609574,0.0065990567320655,0.4178701742998469,0.07995809929889164,0.006393297643491415,1.5205796003341674,0.9889525802126458,0.9780272059092496
0.3,0.75,0.75,0.0,0.17480270229902445,0.07749468644147506,0.006005426426662537,0.28345042926272246,0.018402994623615183,0.00033867021111680926,0.7196620026620048,0.10723911045360465,0.011500226810880417,0.7170678791946393,0.10858418285751595,0.011790524766834459,0.5529010814751941,0.133241111290305,0.01775319373787544,0.855919629227459,0.06587521211632993,0.004339543571371462,0.8554180444116641,0.06602773018826681,0.00435966115381456,0.7051273217132816,0.10852474166481088,0.01177761955341394,0.5124373780755895,0.18260142871368668,0.033343281768279595,0.5096740034292102,0.18403062299234446,0.033867270198950424,0.2840287298026646,0.20236896453811362,0.04095319780822829,0.5984446051795587,0.14943882752158366,0.022331963171025634,0.5974958210429595,0.1497211643233808,0.0224164270463488,0.36281376514704505,0.17098946726584469,0.029237397915857374,0.1712230215827338,0.36096982403840494,0.13029921386631702,0.18131675580137432,0.38224928418992765,0.14611451526371208,,,,2.281543517112732,1.3782015241924104,1.8994394412862832
0.3,0.75,0.75,0.25,0.17043523729740248,0.06605003602450225,0.004362607258838046,0.29229169260885135,0.006869265046225283,4.718680227529244e-05,0.7816975358237397,0.10095583364289136,0.010192080346531154,0.779640250884567,0.10213241214641401,0.010431029610844977,0.6247418042199013,0.1274621669420015,0.01624660400155066,0.9121509763943365,0.07615892207880255,0.00580018141220512,0.9118339757706593,0.07639375077169741,0.00583600515696822,0.8181220086168068,0.14411300453111503,0.020768558074985177,0.5309153600816476,0.0725299634675935,0.005260595600610447,0.5283820197623406,0.07325433434314504,0.00536619750005728,0.25246498343509594,0.0531458641215881,0.0028244828732303055,0.6442926744823486,0.0694394674390105,0.0048218396382134,0.6433502079710249,0.06956864587091757,0.004839796488313137,0.39190906849770174,0.07810110845309604,0.00609978314160227,0.41764383561643836,0.20585128001534436,0.04237474948395571,0.5140583788759756,0.19518817069821873,0.03809842198051697,0.6730531063430044,0.3640088945572705,0.13250247531680606,1.818056845664978,0.9524735956858666,0.9072059504787637
0.3,0.75,0.75,0.5,0.21458261331671266,0.08639192977200738,0.007463565529731455,0.2904324394033628,0.009261233582472142,8.577044746910978e-05,0.8313097724587323,0.10734641654990175,0.011523253146105021,0.8299239728428656,0.10862002258930614,0.011798309307301377,0.6871417908996535,0.13527913682302703,0.018300444859583268,0.9248966464704464,0.06336796497983256,0.004015498985685286,0.9246099608181038,0.06357656950297921,0.004041980189767147,0.8397012006683038,0.12496225497247461,0.015615565167805755,0.5960976457057314,0.15288885373450703,0.02337500159625148,0.5942302426837285,0.15398090339708742,0.023710118610983173,0.33682964583112096,0.1807104960105686,0.03265628336838573,0.6616231631404809,0.1360634323442736,0.018513257621304718,0.660722744926798,0.13631230811921088,0.018581045344786686,0.41744515586324493,0.1529074200772439,0.023380679114678733,0.6529840563722759,0.1861933165637824,0.03466795113302089,0.7590773051435034,0.1484719302737468,0.022043914079212332,0.09303682372055051,0.08915789405981495,0.007949130073181186,0.9760331630706787,0.3634600149374849,0.13210318245835675
0.3,0.75,0.75,0.75,0.11839048282716473,0.016746510865178907,0.00028044562615755516,0.2839168042688865,0.00898041264958243,8.064781135678012e-05,0.7274807148271615,0.06462822037355143,0.004176806868652327,0.7248452181810174,0.0652701225523272,0.004260188897995811,0.5447649014232616,0.07055670334368123,0.004978248386728238,0.9124119273280513,0.05964351204206256,0.0035573485287116614,0.9120732048614437,0.05983513312194607,0.0035802431557210076,0.8079294126362386,0.117175926048687,0.013730197645367363,0.49621782015428695,0.08162274194483865,0.006662272002593723,0.4932822345479096,0.08211865971485237,0.006743474273363716,0.21607129069614564,0.057706229144771526,0.0033300088821088783,0.6410216396183858,0.13968125669991613,0.019510853473267864,0.640076189298673,0.1399511502180823,0.019586324447364235,0.3930150431892482,0.16134107180378646,0.02603094145079458,0.5968025264371768,0.12564305800827294,0.015786178025670238,0.7056397582398494,0.10972246922753591,0.012039020253387565,0.039072215720405326,0.02157027223734704,0.0004652766443932644,3.653297710418701,6.890537007510824,47.47950025187622
0.3,0.75,0.75,1.0,0.1212030484211341,0.012147272289263282,0.00014755622406950361,0.28365012933631334,0.006276808249934801,3.939832180644958e-05,0.7451051862481468,0.04767885746569695,0.002273273449234246,0.7426848381421288,0.048142938994015075,0.0023177425749814572,0.5602640409072316,0.05070901798290771,0.0025714045047908573,0.9532596854287905,0.049420999104753116,0.002442435152512008,0.9530667129744103,0.04962515380400606,0.002462655890071257,0.8932280690596697,0.11344773614487164,0.012870388836396414,0.545756552531897,0.04681574223214438,0.0021917137207465866,0.5431655597267332,0.04709352497836275,0.002217800094887676,0.23744017245385557,0.026994729139704642,0.000728715401326019,0.7335196027129791,0.08873748209130165,0.007874340727904081,0.732742595600028,0.08897095085699079,0.00791583009639707,0.4929273219961468,0.1231641855233881,0.015169416595639565,0.448492213861672,0.0664391092991284,0.00441415524446153,0.6090861090492935,0.09180676085251063,0.00842848133823008,0.15089055736008622,0.03184610230297386,0.0010141742318914772,1.7149765014648437,1.1840686228628603,1.4020185036483503
0.3,0.75,1.0,0.0,0.12095212565013821,0.023017707121249842,0.0005298148411196357,0.2670034611535572,0.019337984230078133,0.0003739576340827505,0.6751964116408169,0.09414976675271164,0.008864178579590005,0.6719885788560802,0.09513106161235298,0.009049918883493298,0.5048945728203833,0.11064352589847538,0.012241989823246594,0.9080575627191161,0.0854927393711628,0.007309008485185568,0.9077255193741145,0.08575970571380433,0.0073547271241183225,0.8073924921329402,0.16805084484016716,0.028241086451493938,0.5089508664018023,0.06721021430779776,0.004517212907300103,0.5060248919173838,0.0676322188602274,0.004574117027957698,0.25933278762909956,0.06343748514728519,0.004024314521812029,0.7520940621654293,0.12530896844584094,0.015702337572960762,0.7514161530781416,0.1256310562631803,0.015783162297802373,0.5445852149887213,0.19957224957519198,0.039829082800502714,0.0,0.0,0.0,0.0,0.0,0.0,,,,5.67912003993988,8.576322257366064,73.55330346219255
0.3,0.75,1.0,0.25,0.11951342721322396,0.02084790108036201,0.00043463497945655946,0.28296863528589833,0.006834565199671441,4.671128146855992e-05,0.6922481952570235,0.08062875425955757,0.006500996013448123,0.6892535045053876,0.08144714881846771,0.006633638050657626,0.5192054115414351,0.09042391663589772,0.00817648469977578,0.8946893478775229,0.08365819954246036,0.0069986943506861144,0.8943026580396454,0.08391425164399942,0.00704160162897246,0.7750313581909652,0.16299606002208938,0.02656771558272457,0.48253346804473385,0.07897253123259172,0.006236660689282676,0.4794984822461725,0.07946721242140689,0.006315037850029005,0.2173101467824047,0.057884680782628976,0.0033506362693068565,0.6721653593800692,0.10376574547996444,0.01076732993501276,0.6713076660840471,0.10399723839665546,0.01081542559413079,0.434983460535742,0.13819418384175491,0.019097632447688754,0.23899106673673148,0.010856654780049095,0.00011786695301316288,0.3615965880116824,0.007601407109057144,5.778139003762448e-05,1.1920513198281313,0.1409801783065097,0.019875410675335266,1.7082554578781128,0.8994718528787599,0.8090496141211495
0.3,0.75,1.0,0.5,0.12139513449354447,0.02191238068043502,0.00048015242708430186,0.2795585812825253,0.01068104325820327,0.00011408468508360955,0.7288055584224894,0.07029541439593258,0.004941445285095885,0.7262098784773597,0.07098542419827888,0.005038930448609598,0.5497218462208627,0.07965067942124177,0.0063442307322654256,0.9405842923010121,0.0714907321880515,0.005110924788783704,0.9403616089177635,0.0717320554212897,0.005145487774962976,0.8719843567965293,0.14444417670966722,0.020864120185333568,0.4907076146496759,0.0736389124453937,0.005422689426140358,0.48777632043424746,0.07408264573215839,0.005488238398676486,0.21295555877743305,0.04459113854092793,0.0019883696363762284,0.6694512129613268,0.07808556717776576,0.006097355801473369,0.6685223818163045,0.07823477631930231,0.006120680225731265,0.4136450977156964,0.09222055819339689,0.008504631353501702,0.38875513907922515,0.041492187424062785,0.0017216016172335539,0.5543182358048959,0.08917704449371389,0.007952545264633825,0.38899953487965955,0.06842533882011428,0.004682026992647439,5.403175115585327,8.480537481889954,71.9195159817404
0.3,0.75,1.0,0.75,0.10727989141866463,0.023457347635528716,0.0005502471580940446,0.28096154836961806,0.009032781173896305,8.159113573549553e-05,0.714106679337868,0.0637108121411306,0.0040590675836824335,0.7113863053784437,0.06432716418772667,0.004137984052434746,0.5326096726971383,0.059026887830537014,0.003484173486958799,0.9111775064812935,0.07730276085047634,0.005975716835105938,0.9108567295895437,0.07754138513067566,0.006012666407983768,0.8154199457152126,0.14668776894756827,0.021517301558815174,0.492056043535149,0.06168766265582268,0.0038053677239385797,0.48915138989817725,0.06205322598138387,0.003850602854696694,0.21156901280902174,0.03205180588399894,0.0010273182604255491,0.6732301143441706,0.08698671539396885,0.007566688655031338,0.6723627960501232,0.08717753426770343,0.0075999224809966065,0.43746048680150773,0.11671345054526035,0.013622029538180933,0.42513551674748185,0.047418834650769424,0.002248545879637011,0.57969518465064,0.06972672889711308,0.0048618167226915044,0.1745875587962275,0.030132448454304104,0.0009079644498512938,4.037937784194947,7.346523113677443,53.97140185979691
0.3,0.75,1.0,1.0,0.11229582210072726,0.015873224435723077,0.00025195925398683623,0.2778250604225631,0.00970031321342514,9.409607643855037e-05,0.7132884773619264,0.05466162501671365,0.0029878932494678155,0.7105864914873836,0.05517930298176508,0.0030447554775534283,0.5194639424924268,0.05804275657782191,0.0033689615911522888,0.9536013771976602,0.04909637531184504,0.0024104540687615475,0.9534099285697953,0.04929909670448683,0.0024304009358783445,0.894268945918147,0.11257702191363418,0.012673585862942871,0.5416743254201942,0.022140531828759538,0.0004902031496603142,0.5390820762836462,0.022268035882693,0.0004958654220729031,0.23035842829988976,0.00809563899566775,6.553937074817635e-05,0.7818593535663139,0.046870360455894204,0.002196830689265451,0.7812114818426086,0.04706532692239353,0.002215144998311781,0.5584328380863766,0.0918389931733076,0.008434400667086839,0.5891614353251182,0.10712422392552923,0.01147559935164693,0.7290120127102224,0.07035320299042862,0.004949573171012454,0.11741946392726614,0.025984939932728487,0.0006752171033075075,3.788103723526001,6.175727260080877,38.139607190906055
0.3,1.0,0.0,0.0,0.15383777716411212,0.016950556707655384,0.00028732137269944097,0.26481337168484276,0.031149218853606213,0.0009702738351898567,0.6581027700586247,0.06198044312102292,0.003841575329478357,0.6543941119543282,0.06271678908701471,0.0039333956333850876,0.5015169543717297,0.08097920442158214,0.0065576315487523885,0.8575904328067161,0.06552433114048274,0.004293437971407636,0.8570957519774991,0.06567591295230278,0.0043133255421184515,0.7102758627260346,0.10841671999379063,0.011754185174212,0.4657150449109443,0.13076839402303544,0.01710037287536385,0.46214775599082863,0.13169016475599238,0.01734229949346042,0.26326655307099156,0.1338088204622523,0.017904800433499266,0.6501574978047444,0.14229125428914313,0.02024680104717759,0.6493305389780236,0.14258237428489512,0.02032973345671792,0.4265946167530508,0.16949793779964228,0.028729550918331404,0.0,0.0,0.0,0.0,0.0,0.0,,,,3.8846078872680665,6.863819570698155,47.11201909909901
0.3,1.0,0.0,0.25,0.13690517600655708,0.011296430233869031,0.00012760933602867035,0.26726176583752886,0.026284785700342504,0.0006908899593129297,0.6334027614603609,0.040102533300942815,0.0016082131771532272,0.6295548169691927,0.04055918622880194,0.0016450475875426371,0.47450790946275545,0.048707227553330526,0.0023723940159319206,0.8408793363336736,0.05801212145572014,0.0033654062357932253,0.8403578498446587,0.05813582858489188,0.003379774565251932,0.692822239143214,0.08648987236348457,0.007480498021451853,0.41238606472588596,0.0802778066472573,0.006444526240094429,0.408613142733424,0.08081046940015818,0.006530331964673903,0.20752693215300977,0.08570966583982623,0.007346146818374675,0.57683905772319,0.1435978995960172,0.020620356768387835,0.5758948554436909,0.14386045209236847,0.020695829676220648,0.359052154068784,0.16382946024048767,0.02684009204268953,0.0,0.0,0.0,0.0,0.0,0.0,,,,0.9930408716201782,0.2697901109181772,0.07278670394924235
0.3,1.0,0.0,0.5,0.1397457890610031,0.017748610987365382,0.0003150131919808271,0.2771175837688088,0.020524923171433264,0.00042127247119323806,0.6972084761524286,0.07528190493128999,0.005667365210083783,0.6941346943023101,0.07610417292429333,0.005791845136490743,0.529240877216209,0.0946513280855408,0.008958873908356686,0.8868963194844124,0.08743863128017904,0.007645514240151104,0.8865005523271497,0.08769711893199039,0.007690784668971668,0.7689331353509016,0.16638186799989008,0.02768292599913285,0.5270872941583321,0.08305280651941324,0.006897768670751091,0.5241783429283116,0.0835740584494269,0.006984623245708225,0.29205656247471456,0.09969996729579067,0.009940083478781728,0.7521617858234493,0.12262360802975086,0.015036549246233981,0.7515167586666385,0.1229274640494904,0.015111161417638753,0.5643118435092773,0.19189486388904936,0.03682363878699678,0.0,0.0,0.0,0.0,0.0,0.0,,,,5.909238672256469,10.310446523316152,106.30530751016211
0.3,1.0,0.0,0.75,0.1261220820991576,0.022000798792385746,0.0004840351475030421,0.2617275018375519,0.028911056907302182,0.0008358492114972653,0.7003454597693167,0.06525283240704327,0.004257932137141676,0.697388131224213,0.0659246300047958,0.004346056841269224,0.5318295293940324,0.08900602422990053,0.007922072349213641,0.9251967195805557,0.061289333078158106,0.0037563823491654057,0.9249104588398502,0.06149288435551993,0.0037813748263613475,0.8398648635014023,0.12103094731861862,0.014648490208842235,0.5024245835874181,0.0986641188464492,0.009734608347746252,0.4994558517375368,0.09927642587434451,0.00985580873438422,0.2486549044489427,0.07990177439370408,0.006384293551262386,0.7126860674389821,0.09902016197910023,0.009804992478367245,0.7119039869599652,0.09925913453701389,0.009852375789037023,0.4811444698339016,0.13121580910745614,0.01721758855972437,0.0,0.0,0.0,0.0,0.0,0.0,,,,5.919604349136352,10.391861845273313,107.99079261124729
0.3,1.0,0.0,1.0,0.12566237514057418,0.014411887036252048,0.00020770248794568986,0.2774513419860287,0.006261765397137006,3.920970588878237e-05,0.7163172455389049,0.04669928965099635,0.002180823653907655,0.7135864884342781,0.04716157284311732,0.002224213953036661,0.5456484175969989,0.07014907636231195,0.004920892914485473,0.9448715740008259,0.04765201382985124,0.002270714422040334,0.9446443082169219,0.047848613042124746,0.0022894897700549903,0.8753576515632897,0.1084939434940236,0.011770935774884386,0.5215627945362986,0.0688611732908552,0.004741861186993189,0.5187892084533673,0.06927064021539055,0.004798421595850082,0.23915305612789317,0.04881332211035048,0.002382740415448831,0.7198520440900579,0.0980195718322721,0.00960783646218195,0.7190531941807541,0.09826863042908678,0.00965672372640844,0.4801795404144788,0.1316822256577202,0.017340208554170747,0.0,0.0,0.0,0.0,0.0,0.0,,,,5.652405333518982,9.48815114770396,90.02501220167596
0.3,1.0,0.25,0.0,0.1335222818128703,0.01872972835568344,0.0003508027242776923,0.25230845202175767,0.03479718113703192,0.00121084381508341,0.6350254884339789,0.06038533421470234,0.0036463885882213006,0.6311868397811694,0.06105359339392456,0.003727541266310669,0.4647773686292105,0.06714251201919685,0.004508116920247994,0.8614290549265151,0.0583221860695857,0.0034014773879353765,0.8609475597224089,0.0584465166619079,0.003415995309910678,0.719863173209031,0.08723968843449068,0.007610763238147005,0.4455257702108111,0.12936326994435013,0.0167348556106948,0.4419529023579608,0.13022873820009148,0.016959524253187967,0.23866608043228643,0.12051204972717415,0.014523154129444894,0.6567033705941705,0.17071177150297936,0.029142508929685434,0.6559106774699591,0.17103377817580195,0.02925255327708943,0.4475747858021335,0.19615100251038917,0.0384752157858307,0.0,0.0,0.0,0.0,0.0,0.0,,,,1.1744794607162476,0.7740796887321142,0.5991993645076068
0.3,1.0,0.25,0.25,0.12735690353148194,0.019251329713428605,0.0003706136957351391,0.25351180796864536,0.029665445527288413,0.0008800386583325161,0.6563849554429324,0.06893602067958532,0.004752174947136215,0.6529094721032939,0.06967397246396642,0.004854462438909551,0.48560697891373694,0.08612671966440173,0.007417811840150444,0.902252059047153,0.07144246931746283,0.0051040264221766185,0.9018949931704412,0.07165480590859753,0.005134411209798784,0.7963339003512081,0.132155688934065,0.017465126117637352,0.4528129755214576,0.07814971513216672,0.006107377975238807,0.4494539665780223,0.07865725051376021,0.006186963058384432,0.22077296250005102,0.07307204045617352,0.00533952309642866,0.6549866325083188,0.08541269827210675,0.007295329026121947,0.6540840973468707,0.0856145701140193,0.007329854615808326,0.4144211115264847,0.11137900679933364,0.012405283155606009,0.24242424242424238,0.0,0.0,0.4005465314023914,0.04036959721361203,0.001629704379189272,1.7553951004589847,0.2031837596261944,0.04128364017583514,1.6634577989578248,0.5512678177806383,0.303896206920627
0.3,1.0,0.25,0.5,0.12379159489429199,0.019177054769024624,0.00036775942961417003,0.2732378975801599,0.018967085478590606,0.00035975033155216267,0.6636038893347214,0.07553615310075715,0.0057057104252610236,0.6602622387881814,0.07632307627428235,0.0058252119719699215,0.48735071981874684,0.07370260606329015,0.005432074140520534,0.8817925628412973,0.0682185283146295,0.004653767605413907,0.8813728957998433,0.06840079646345038,0.004678668956834365,0.7575807922622089,0.11813161693862975,0.013955078920535154,0.46270875301877334,0.08875805307406735,0.007877991985498956,0.45947812034905827,0.08931748391560732,0.007977612933014772,0.22051946429899777,0.0763480845654428,0.005829030016812005,0.6472753907483233,0.13243466014010546,0.01753893920642524,0.6464042885410338,0.13269908100156524,0.017609046098659976,0.42355696564074863,0.1615768611387193,0.026107082055440982,0.24242424242424238,0.0,0.0,0.4012387638770189,0.01822461634715316,0.0003321366410009222,1.2394494587767846,0.11581973437122697,0.013414210869821573,3.9716822624206545,6.386808740903716,40.79132589288411
0.3,1.0,0.25,0.75,0.12283165193593915,0.019037216091558163,0.00036241559651668104,0.2723409020231903,0.014851214305652533,0.00022055856635241843,0.7022022184585242,0.06322320415997132,0.0039971735442534155,0.6993076763372328,0.06387104064714294,0.004079509833348986,0.525238529401155,0.08477595938636968,0.007186963289879401,0.920594646907402,0.07259154261955725,0.005269532059886997,0.9202917424043813,0.0728291145380686,0.005304079924399116,0.8274407780740457,0.1482414780239965,0.021975535806739038,0.4992027103791064,0.08819271060614033,0.007777954204058417,0.49626864748855004,0.08873118191370645,0.007873222643803267,0.2275422829812439,0.06855213403901311,0.004699395081302821,0.7057821533613184,0.10500238459995444,0.011025500771676749,0.7049821608436516,0.10524009658788312,0.011075477929826967,0.46720674811294877,0.13861861886436636,0.019215121495864466,0.23908577298407802,0.010557167329786591,0.00011145378202911336,0.3661081402275751,0.011043398929771981,0.00012195665992208894,1.1132235141390823,0.14457128050618237,0.020900855147197264,3.534812307357788,6.650161882999881,44.22465307010452
0.3,1.0,0.25,1.0,0.11100497712174529,0.018767408864872135,0.0003522156355012812,0.27310549743759793,0.00862389553450036,7.437157418997525e-05,0.679676577738521,0.0595454742214821,0.0035456635002611894,0.6766170171526363,0.06012568226948277,0.0036150976683707947,0.4986082496630342,0.07163223750779771,0.005131177450373541,0.9226696810155015,0.06209650380915671,0.003855975785320614,0.9223720639523503,0.06230533391057026,0.0038819546337076566,0.8305137798931158,0.12527458948889725,0.015693722771611723,0.5001968690218981,0.06833070957992274,0.004669085871695746,0.49732585641505545,0.06873131936963667,0.004723994262290993,0.221247372121446,0.043564295439222966,0.0018978478371159029,0.7105251099846791,0.1040848599020644,0.010833658060832372,0.7097344710813493,0.10434089203305999,0.010887021750254681,0.4785826540683106,0.14196595615576474,0.020154332707220515,0.24242424242424238,0.0,0.0,0.3246489732976219,0.0,0.0,1.3018920484959802,0.16978511875562138,0.028826986550860453,3.0688939571380613,6.28031053201539,39.442300378543436
0.3,1.0,0.5,0.0,0.12717008602223234,0.02622137967375472,0.0006875607519951973,0.2740883904348101,0.016161655701025453,0.00026119911499848853,0.6422348887577126,0.10405961608318595,0.010828403699380052,0.6385806512875439,0.10517208322970056,0.011061167090875061,0.4825226832186805,0.13016924594146775,0.01694403258897032,0.8418954198724359,0.09261040986993592,0.008576688016277525,0.8414040494193014,0.09288567088695562,0.008627747856119835,0.7015345556502985,0.1723135755157937,0.029691968307037145,0.4211719745284128,0.13506231898974516,0.018241830010887677,0.4175784951706265,0.1359543970453136,0.01848359807595477,0.19679817537681304,0.10152002243651834,0.010306314955511186,0.5811697330218057,0.17744353920171574,0.031486209604430826,0.5802475394836646,0.17772703110631027,0.03158689758586338,0.36453839340892863,0.19066866686175643,0.03635454052283946,0.0,0.0,0.0,0.0,0.0,0.0,,,,1.8007957220077515,1.2479559585918392,1.5573940745848764
0.3,1.0,0.5,0.25,0.12197665565068035,0.021548749726474043,0.00046434861477421516,0.2701459645210762,0.016171208971092196,0.00026150799958673274,0.6644845077703906,0.07754089659556415,0.0060125906448439724,0.6611509739651511,0.07836363708157733,0.006140859616653161,0.4981693337421742,0.08942025378143677,0.007995981786336558,0.8757522126480985,0.07901385061069797,0.006243188588329697,0.875309510978125,0.07923681634852012,0.006278473065049104,0.7419861128591831,0.14624113976776026,0.02138647096057359,0.469389737928113,0.07095036171786427,0.00503395382789578,0.4662011322876508,0.07141931169465324,0.005100718082938032,0.2294368353803808,0.06549717800984235,0.004289880327252977,0.6662081935975003,0.09999080093493316,0.00999816027160943,0.665368982744207,0.10022928584497023,0.01004590974099275,0.438189359843857,0.13648275724578937,0.01862754302541307,0.23956910141881238,0.009028748618102036,8.151830160887942e-05,0.3955073057824865,0.03744902110802163,0.00140242918194905,1.2126714725455607,0.1465816289086743,0.0214861739335203,3.628115487098694,6.0890004451813375,37.07592642141853
0.3,1.0,0.5,0.5,0.11393760114135845,0.01989643559874605,0.0003958681495350491,0.2697686791857733,0.013589062537817399,0.00018466262065671226,0.6761143834759102,0.0727426104921751,0.005291487381216303,0.6729506518874295,0.07347804688549449,0.005399023374106925,0.4962774299063456,0.07852814710642762,0.006166669887968736,0.8904091299890945,0.07623317553287967,0.005811497051826844,0.8900238663193786,0.07645396839039902,0.005845209282640131,0.7749498903877979,0.13865682398140367,0.01922571483660996,0.45582989743695634,0.09075990436196499,0.008237360239793032,0.4526206897392718,0.09132442358823716,0.008340150343723766,0.2011871821838837,0.06642284857631613,0.004411994812992221,0.6610498567670076,0.13121877644909094,0.0172183672927965,0.6602004124741641,0.13146838277124948,0.01728393566848777,0.43505643093137786,0.15803668694943837,0.02497559442195478,0.36139496787088693,0.07015647799335645,0.004921931404432308,0.47744221139945103,0.09939258939672453,0.009878886826985879,0.5297278408329986,0.07961392534392846,0.006338377108668613,1.8078323364257813,1.1879645404270947,1.4112597493121584
0.3,1.0,0.5,0.75,0.11810562201782386,0.021427517439591395,0.00045913850362399336,0.2724725384084161,0.01331664175575773,0.0001773329476511903,0.7149174705005245,0.07994176421023123,0.006390685665044207,0.7121783340892469,0.08073834696715851,0.006518680670989273,0.5286363496432367,0.09243390908624809,0.008544027548964777,0.9383376073381704,0.07835138164540774,0.006138939005744337,0.9381072903021206,0.07861325522884197,0.0061800438976750485,0.8658837669824002,0.1617343089064949,0.02615798667746151,0.504883267103129,0.09839117142000903,0.0096808226134016,0.5020213355736234,0.09898825802565228,0.009798675226953114,0.21507779293398704,0.06287052888683695,0.0039527034025106,0.6872695493411357,0.08943991890572298,0.007999499093862302,0.6863919350122597,0.08961195248610077,0.00803030202837118,0.43176726914269653,0.1085036969449156,0.011773052250714086,0.4053061240890642,0.09202279747665722,0.00846819525542987,0.5605477603879148,0.11455963361154906,0.013123909653212359,0.35117639740533796,0.06781056123200058,0.0045982722145989,6.110068511962891,8.922730830734077,79.61512547773243
0.3,1.0,0.5,1.0,0.08968107431470221,0.02001531207654958,0.0004006127175216715,0.26737436962818956,0.007816147688306758,6.109216468542307e-05,0.6265268540513405,0.06861730774056257,0.004708334921563069,0.6229804994134555,0.0692754953107068,0.0047990942505437605,0.43157744382479823,0.07247197212311927,0.005252186743414178,0.8689757408748537,0.07605722863450948,0.005784702027562048,0.8685274327793154,0.07626070795197597,0.005815695577336571,0.7386353320230887,0.13183077485121925,0.017379353197872857,0.4160067659088119,0.08101203409447781,0.006562949668124835,0.4126743341904944,0.08147933877188604,0.006638882646703772,0.16754222767800486,0.04647309146207426,0.00215974823004232,0.6020380465719127,0.142789565840155,0.02038886011281996,0.6010837622347789,0.14304295990649263,0.020461288378810456,0.37451548862953254,0.16430511435393852,0.026996170602860817,0.3496101740873504,0.04919785595495339,0.0024204290305643427,0.5680544883021132,0.013440516714718687,0.00018064748955863238,0.5219941553626051,0.07781622042164013,0.006055364160709283,4.238808751106262,8.461387401699788,71.59507676164388
0.3,1.0,0.75,0.0,0.1292408103783248,0.016187102424594986,0.00026202228490432885,0.27402880458404033,0.011281658818987919,0.00012727582570804788,0.6927743483763654,0.06598504509040917,0.004354026175583331,0.6897506164566006,0.06666087871961547,0.004443672751671283,0.5305824690768383,0.0808226294649741,0.006532297433632498,0.912801376014367,0.058508780753562244,0.0034232774252684157,0.9124640332593991,0.05869696415880662,0.003445333601460229,0.8089113240089751,0.11464003030472393,0.013142336548268022,0.48759167229205325,0.08468807107388945,0.0071720693822161525,0.4845460163274297,0.08520106571774702,0.007259221599439847,0.2359748648369783,0.06499935250475262,0.004224915826037091,0.6738837366096291,0.10377322023290245,0.010768881237506474,0.6730090242300232,0.10402845939043859,0.010821920363148132,0.43758988547743183,0.14200258302514693,0.020164733585813745,0.0,0.0,0.0,0.0,0.0,0.0,,,,3.614656901359558,6.738469896627022,45.40697654774859
0.3,1.0,0.75,0.25,0.12208154161759219,0.01660086352706828,0.0002755886698443458,0.2729374041258329,0.01585296739506509,0.00025131657522899683,0.6911337260445694,0.07401249971148179,0.005477850113542091,0.6881239190174554,0.07476821805779534,0.0055902864315380335,0.5085114760625082,0.0885024938360459,0.007832691415199343,0.9210202745692613,0.07145886577051637,0.005106369497208676,0.9207189188050414,0.07169286186177862,0.0051398664419320715,0.8283730585024873,0.14600622339582864,0.021317817270312615,0.4882420836303769,0.07650893844433013,0.005853617661878296,0.48523434247652614,0.07698879833310142,0.005927275068774959,0.21300315326976887,0.06024650210967307,0.003629641016450842,0.660725264281217,0.09190694011358304,0.00844688564104174,0.6598058795740221,0.09209504111646327,0.00848149659824306,0.4088204131997609,0.1157595971564447,0.01340028433382236,0.23981924508240296,0.0082377248988969,6.786011150990593e-05,0.36672600744457035,0.009089531232517515,8.261957802691137e-05,1.1437236651490494,0.13551278609239797,0.01836371519452401,1.7607576847076416,1.1679935909788606,1.3642090285676938
0.3,1.0,0.75,0.5,0.11479239038262441,0.022289596230432675,0.0004968261001157186,0.27366547122808743,0.009939796027406668,9.879954506644939e-05,0.6991806468952555,0.07606509846679159,0.0057858992047627004,0.6962937878124988,0.07681371836001646,0.0059003473282919295,0.5248845011204548,0.07414504361202323,0.005497487492228828,0.9202170186854918,0.08090220686819033,0.0065451670761434615,0.9199325618961727,0.08115737998165552,0.00658652032548682,0.8345953977636256,0.15533663996154656,0.024129471714543146,0.48478926532090794,0.0911300212737188,0.008304680777348443,0.4818146673246382,0.09167436332323547,0.00840418889072058,0.21577024979150408,0.053680259038927584,0.0028815702104863666,0.6545181683204653,0.16352670301063765,0.026740982597529286,0.6536216903039388,0.16379086463511783,0.026827447337919492,0.41388996975347797,0.1757064836360257,0.030872768391736964,0.4099885792833519,0.06654697939158322,0.004428500466143802,0.560305179865243,0.08776556167040998,0.007702793815322539,0.36865379655065084,0.07574938301487591,0.005737969027134372,2.216931962966919,1.1848414089234958,1.4038491642998148
0.3,1.0,0.75,0.75,0.09466871327057266,0.018719972013778046,0.0003504373521966333,0.26898246544100607,0.01855657845454628,0.00034434660393973116,0.6590101913502305,0.07617971250015927,0.0058033485966069226,0.655740733786643,0.07693121527321677,0.005918411883414021,0.46501505292868506,0.07554600594206581,0.005707199013798643,0.8811572954663148,0.061940441743286626,0.0038366183233534846,0.8807154915129551,0.06209693433424396,0.003856029253711406,0.748249191580158,0.11192173211084637,0.012526474118692059,0.45522433335992074,0.09217269339414054,0.008495805407530239,0.45208023203611025,0.09271923995330142,0.008596857457517886,0.18702941662279543,0.059704324857991944,0.0035646064067486345,0.6710612260203757,0.1096368532079978,0.012020239581352059,0.6702290339332515,0.10991423964771782,0.012081140077335944,0.44442474494514095,0.1488112322398565,0.022144782840744514,0.3921656033423521,0.04483424074240755,0.002010109142948157,0.4964540832362787,0.05166502224716675,0.002669274523800235,0.18049226076974345,0.02219194448956445,0.0004924824002279099,1.358712124824524,0.8399047689358939,0.7054400208812575
0.3,1.0,0.75,1.0,0.09945402826816482,0.024303270206673173,0.0005906489427385679,0.2650227340040828,0.01271370495669004,0.00016163829372576493,0.6746572058217373,0.06884848673841033,0.004740114126169064,0.6715892352332352,0.06950234976951074,0.004830576623483409,0.48397913165645,0.07200817536433166,0.0051851773193003405,0.9307827748815732,0.06853367666893324,0.004696864837761885,0.9305191595895528,0.06876580901919599,0.004728736490064536,0.8484707448575316,0.13936711358144588,0.019423192348023637,0.4837003701796959,0.09301534763978984,0.008651854896550957,0.48077800322655245,0.09354598318557546,0.008750850970155967,0.2015224619481944,0.04705501613468251,0.002214174543435232,0.6748737747653722,0.13912406170877487,0.019355504546346994,0.6739919170988069,0.1393774405100888,0.01942607092314334,0.43190982166883857,0.1614886627523299,0.02607858819753574,0.5347345512110874,0.1352760843837806,0.01829961900620773,0.7014838231662901,0.09319542641829558,0.008685387505287944,0.1379872791383629,0.04641953092383956,0.002154772851189297,1.858090305328369,1.071783039833217,1.1487188844741316
0.3,1.0,1.0,0.0,0.11730686529241292,0.014413885596981422,0.0002077600980028685,0.28205329335499696,0.008362610403050861,6.99332527532145e-05,0.6796997204217383,0.048775309611672736,0.002379030827714535,0.6766048129510135,0.04925919430142815,0.002426468223225852,0.4988882229510274,0.05495790374765209,0.0030203711843361913,0.9045546447965531,0.051336699295001904,0.002635456694505449,0.904184047031556,0.05148891052061233,0.002651107906599623,0.7921314353842824,0.0961976165201682,0.009253981424161338,0.5087590995776498,0.06682948699226383,0.0044661803316491605,0.5058983121465989,0.0672247992784597,0.004519173638029196,0.23981205545892909,0.04747806338462213,0.0022541665027541965,0.7287372799857603,0.11179421276999878,0.012497946008863756,0.7280214473224388,0.11208185133627685,0.012562341398967265,0.5136031387796548,0.15007513342321258,0.02252254567199506,0.0,0.0,0.0,0.0,0.0,0.0,,,,7.866591954231263,10.462510593215244,109.46412791314121
0.3,1.0,1.0,0.25,0.10888028627832372,0.020372493322837092,0.0004150384841890419,0.276644545465894,0.010356786320265895,0.00010726302288364677,0.6716321302959506,0.06804876375083506,0.0046306342480169635,0.6684872662365116,0.06872013333836685,0.004722456726042918,0.488574103311014,0.07863607185228162,0.006183631796357198,0.9010511800369196,0.0887037812432194,0.007868360806844922,0.9006901117051692,0.08898206676287315,0.007917808205392415,0.7830734143371599,0.17807357052196343,0.03171019651844068,0.4945853305839975,0.07998932095964137,0.006398291467584523,0.4916732655414804,0.08046631736795623,0.0064748282307606556,0.21434318632978427,0.05359957714335397,0.002872914669946353,0.7050246553030053,0.11152425986479515,0.012437660538390358,0.7042406043115422,0.11176086750095633,0.012490491504566319,0.46982346753162396,0.15527030849797668,0.024108868701056847,0.2352167446194649,0.015319533419721707,0.00023468810419797025,0.3246489732976219,0.0,0.0,1.3249372322858755,0.19206172640906508,0.03688770675123056,1.3133583068847656,0.7109387570830984,0.5054339163228607
0.3,1.0,1.0,0.5,0.11730211429591944,0.013585299334920574,0.00018456035801939338,0.27205164545733096,0.006828461712103748,4.662788935366685e-05,0.7199127517297936,0.05129130200524389,0.0026307976613931363,0.7172615864527467,0.05178301351997289,0.002681480489209695,0.5363878723984085,0.056992834652826105,0.0032481832017643764,0.9620177737948087,0.049301140930044354,0.002430602497004095,0.96186069448644,0.049505225430361136,0.0024507673449108746,0.9122994921137823,0.11477540806782044,0.013173394297134702,0.5175403878626322,0.038875491992180336,0.0015113038776340777,0.514797934594791,0.039101554175143556,0.0015289315389116862,0.2242765124186535,0.02099935741468039,0.00044097301182949235,0.7515711882688855,0.07007258954237308,0.004910167805173893,0.7508292729657147,0.0702738860119166,0.004938419055215847,0.5157297867483058,0.10966913237454487,0.012027318595785446,0.4250868583566225,0.07827788227067937,0.00612742685278234,0.5771163338842439,0.014208922956266325,0.00020189349157711216,0.4173942540807385,0.06754769357697872,0.004562690907569413,3.387162756919861,6.62876471191301,43.940521605903164
0.3,1.0,1.0,0.75,0.10715574865241226,0.019683578481865412,0.000387443261851755,0.26805439162346734,0.011715562011714916,0.00013725439325033766,0.7078467306309465,0.05888424571078162,0.0034673543929277036,0.7050914873436837,0.05944390143277099,0.003533577417548993,0.515715836901597,0.06429217872528711,0.004133484245244261,0.9524371787698567,0.05019029000210347,0.0025190652104952476,0.9522405415852677,0.050397830399825816,0.0025399413090096074,0.8899538638917655,0.11634326612468243,0.01353575557255868,0.5045607939870905,0.07456486850020182,0.005559919614452389,0.5017564626637021,0.07498944083572767,0.005623416236855101,0.2116720483712506,0.03986093053418056,0.0015888937830507677,0.7096697701446436,0.09465873747757003,0.008960276580847523,0.7088285384146269,0.09488952855409834,0.009004022629219044,0.46161973398222844,0.12585871505914725,0.015840416156339618,0.5229075805210083,0.12274168134825145,0.015065520340195697,0.6934282260703728,0.08580525259724903,0.007362541373277711,0.13660628829033977,0.04682156868561085,0.002192259294181374,1.9742763757705688,1.3011203963309244,1.6929142857483415
0.3,1.0,1.0,1.0,0.10157555456699315,0.015033650245780652,0.00022601063971246064,0.26674215447056604,0.00770114886699424,5.930769387160667e-05,0.7035554224262144,0.0382476725507887,0.0014628844555523556,0.7007694595993372,0.038607112255163716,0.0014905091166828124,0.5097222870105538,0.03939439065428943,0.0015519180150227662,0.942751534296832,0.04935303348507114,0.0024357219141785532,0.9425147827468079,0.049557196332424044,0.0024559157083304233,0.8675942014345424,0.1144527217704635,0.013099425520667132,0.5095387143418154,0.03594483852813075,0.0012920314168133927,0.5067733216124324,0.036147531537485435,0.0013066440362535044,0.2120850721723234,0.017230176582306127,0.00029687898505745047,0.69552951866244,0.10198068444083322,0.010400059999020802,0.6946640200410179,0.1022271230644598,0.010450384690036209,0.4492330557544181,0.136281401394881,0.01857262036615268,0.9282110682110682,0.02907371704628087,0.0008452810228872029,0.9548664883538536,0.018582780988579906,0.0003453197492695268,0.0011836422575313423,0.0008201166160055265,6.725912638483562e-07,4.472535276412964,7.4014726996129445,54.781798123115735
0.5,0.0,0.0,0.0,0.29956175149146475,0.008851599637264585,7.835081613842253e-05,0.299554469527403,0.00889928127934161,7.919720728884004e-05,0.801175809755277,0.09670790638631455,0.009352419157624177,0.8005923718964626,0.09683917946378433,0.009377826679219027,0.6293296406817571,0.13776574774366618,0.018979401251371462,0.8013772984836889,0.0974893363420515,0.009504170700413643,0.8007928861990079,0.09762583769724185,0.00953080418608821,0.6315428960229328,0.14092818559006737,0.01986075349370847,0.711190437988187,0.07742230398973761,0.005994213155079339,0.7104334971600725,0.0775337105719808,0.0060114762750596885,0.5204172942942924,0.08504603785741906,0.007232828555245556,0.7069451435694555,0.07626564791901329,0.005816449052506895,0.7061697193745506,0.07637646705215693,0.005833364719369214,0.512693609598046,0.08424659549824448,0.007097488853044828,0.6679562926656999,0.12232389188848586,0.014963134526745976,0.7937911874960311,0.10680833312428115,0.011408020024787413,0.02914772086183809,0.02705575548467047,0.0007320139048462762,0.052615046501159626,0.011896021459210218,0.00014151532655799
0.5,0.0,0.0,0.25,0.29819413672799994,0.008691820588875304,7.554774514919663e-05,0.2981063165973945,0.008667009597586338,7.51170553646537e-05,0.8019893206447627,0.09495885245396563,0.009017183659374014,0.8014086378224459,0.09508473170940632,0.009041106204249779,0.6310884971977109,0.1335747484775158,0.017842213430831613,0.8015542325658368,0.09397182004134166,0.008830702961882302,0.8009700812157344,0.0940972190931272,0.008854286641059982,0.6314394780544712,0.1321316882158183,0.017458783030762218,0.7108629340550447,0.09614819153860361,0.009244474736144008,0.7101021923423744,0.09633572439622716,0.009280571794945836,0.5257010416354226,0.1412224995257793,0.01994379437230874,0.7054264181029408,0.09963183911962686,0.00992650336635921,0.7046423536304539,0.09983771005299824,0.009967568348626546,0.5174042675538482,0.15116572536777736,0.02285107652596629,0.6982381366390653,0.0299594585438055,0.0008975691562380003,0.820791393144685,0.020759606889842356,0.00043096127822079015,0.021341438953907617,0.004491830338091898,2.0176539786202774e-05,0.1813846588134765,0.09989230402947653,0.009978472404317373
0.5,0.0,0.0,0.5,0.29788300927215394,0.00437572952599748,1.914700888468613e-05,0.29786193937524225,0.004319073958064791,1.8654399855233466e-05,0.8160775227985665,0.04794096575207198,0.002298336197241339,0.815501123970505,0.048043134405071464,0.0023081427634637614,0.6519704458969131,0.0712122970059992,0.005071191244870642,0.8181495865351733,0.04823255379232884,0.002326379245329895,0.8175795533862701,0.0483373005409401,0.0023364946235851676,0.6589412466801091,0.07355724006591444,0.005410667566114568,0.7247755733937089,0.10232027666979439,0.01046943901778327,0.7240404374032618,0.10255346198605,0.010517212565324202,0.5527137524614979,0.15646751666875064,0.02448208377248576,0.7225858793449301,0.10560180154334313,0.011151740489199627,0.7218403991134557,0.10584560326129715,0.011203291729747917,0.5504409499841425,0.1664244501480939,0.02769709760709539,0.6887772721645923,0.0074280735013738846,5.5176275941812885e-05,0.814271360156433,0.005340777537327194,2.8523904703218724e-05,0.02245898559084711,0.002715303348733466,7.372872275643174e-06,0.5212930679321289,0.8854469403214448,0.7840162841246081
0.5,0.0,0.0,0.75,0.24856310178863333,0.05665434020416714,0.0032097142639695092,0.2944995589741666,0.008028061258799658,6.444976757503997e-05,0.7731449628853638,0.12073359497215283,0.014576600954899849,0.7711778329585111,0.12261520428195455,0.015034488321105445,0.6355076331055021,0.14952999249968305,0.02235921865695527,0.828343447786865,0.10321672707311579,0.010653692747686074,0.8278240904476746,0.10335240176076237,0.010681718949718035,0.6765444130016167,0.1410755690859892,0.01990231619293571,0.6595826917171899,0.1003928229209966,0.01007871889404658,0.6573674593278332,0.1019478019148061,0.01039335431526054,0.4790354957216768,0.10139329317408993,0.010280599900686952,0.7139558635404065,0.0755248916421003,0.005704009257550992,0.7131610746302931,0.075603814533883,0.005715936772073778,0.5156289929039646,0.0827870452146624,0.006853694855374557,0.3240844282918647,0.3607932947360227,0.1301718015264745,0.38249964624310173,0.4150673497822697,0.17228090485527703,,,,0.7399391174316406,0.6546187664289537,0.428525729360965
0.5,0.0,0.0,1.0,0.15543668058340526,0.021912456278695428,0.0004801557401657387,0.2603332402457647,0.028212702301587365,0.0007959565711579931,0.6539559515719022,0.0643253827162475,0.004137754861591713,0.6502145548917734,0.06510980774265926,0.004239287064286052,0.5118121573356864,0.08885955865732095,0.007896021164773864,0.8563504443445265,0.06311180380189166,0.003983099779128467,0.8558494738535986,0.06325365819844563,0.004001025275485788,0.7050035020146004,0.10103866770629664,0.010208812371863434,0.5809184879148916,0.0895131939786194,0.008012611896253945,0.5772251789319311,0.09039825298153138,0.008171844142112947,0.40864037704386247,0.13205760567870367,0.017439211217591986,0.765417622385596,0.144324023664251,0.020829423806639283,0.764738090962864,0.14468686267678718,0.020934288231251475,0.5966955403102283,0.23024313861638862,0.05301190287992555,0.0,0.0,0.0,0.0,0.0,0.0,,,,4.973476290702821,8.953629586101652,80.16748276511484
0.5,0.0,0.25,0.0,0.297772714675827,0.008149459817977699,6.641369532483311e-05,0.297816548669468,0.008199265342107864,6.722795215029117e-05,0.8094505999827522,0.054546575549098905,0.0029753289041335547,0.8088498527428791,0.0546772967808881,0.002989606783265316,0.6349130333346288,0.09314030567331251,0.008675116540918092,0.80957900863043,0.055925896363785095,0.003127705884092831,0.8089769899694671,0.0560642539280462,0.0031432005685084435,0.6368524751319414,0.09760643292087542,0.009527015747537353,0.6935721872229885,0.07609898421743534,0.005791055398925472,0.6927545122367293,0.07623622945114172,0.005811962680927129,0.4944063561994125,0.08558635695112825,0.007325024496165938,0.6878463957749683,0.07597400470435026,0.005772049390816635,0.6870069082604846,0.07610922244917548,0.005792613741818077,0.48348965163271773,0.08516425923709213,0.007252951051402632,0.6569897222767807,0.11559036551765038,0.013361132600504018,0.7851807773276676,0.1022149616919581,0.010447898393688461,0.030485370733488233,0.02615185952883506,0.000683919756815921,0.21150035858154292,0.12628147753350663,0.015947011568045538
0.5,0.0,0.25,0.25,0.30201014207114335,0.009040187741225404,8.172499439660208e-05,0.30195484490951535,0.009064126553169473,8.215839017187191e-05,0.7853612503665166,0.08924334729266381,0.007964375035999005,0.7847369989075019,0.0893587316891064,0.007984982929085708,0.5997356340137274,0.12802579526239763,0.016390604252569354,0.7866451751316221,0.08962097286578058,0.008031918777408978,0.7860243993119544,0.08973380252197746,0.00805215531505325,0.6039104642209301,0.12694191103176392,0.016114248776396264,0.6914206054528478,0.08018909499439478,0.00643029095602007,0.6906271063523002,0.08033561471203285,0.0064538109911601894,0.49342874874837256,0.09942638926286554,0.009885606881850863,0.6882140513089953,0.0798653300448374,0.006378470943170806,0.6874059873097088,0.08001190341754888,0.006401904688499171,0.4881458982971229,0.10003573892911058,0.01000714906309317,0.6796777705894804,0.1287391781214239,0.016573775983379713,0.8017663658321574,0.1103912650364931,0.012186231396357263,0.02731733033556154,0.02926894379026818,0.0008566710705978783,0.6392546892166138,0.7570834071299088,0.5731752853514314
0.5,0.0,0.25,0.5,0.2990094542606307,0.006036600469714104,3.6440545230952546e-05,0.2990475143221929,0.005915079338093086,3.498816357593574e-05,0.7810371644712937,0.07747191565539266,0.006001897715316275,0.7804143359371523,0.07754971624159245,0.006013958489151507,0.6013032012332478,0.10466299620619234,0.010954342774857432,0.7845053606361245,0.07730607657772386,0.0059762294758409044,0.7838934593400646,0.07738227285666173,0.005988016152462846,0.6111098458432427,0.10368859962420064,0.010751325692027781,0.632263355968736,0.09831483596792284,0.009665806971399574,0.6313709707412064,0.09836244050072376,0.009675169701258422,0.4268383150937508,0.10011091340260586,0.010022194982304049,0.6287792339325926,0.09928674734877817,0.009857858199100109,0.6278742268031592,0.09933218927441291,0.009866883826047793,0.4208218253314988,0.09929524706487501,0.009859546089674568,0.7055859739061584,0.04242923752012098,0.0018002401965388419,0.8258301248036352,0.028491746939093936,0.0008117796436413687,0.01953553161986414,0.005685814205868914,3.232848318366075e-05,0.6011535406112671,0.3352986494316272,0.11242518431067322
0.5,0.0,0.25,0.75,0.20131706506373273,0.04230943388922585,0.0017900881960267734,0.2880914778972354,0.019753122108948484,0.0003901858330510294,0.7456625757110786,0.06468474574144918,0.004184116331635928,0.7431780168963552,0.06556362062293261,0.004298588349187834,0.5979951912126256,0.07324627518057086,0.005365016827827911,0.8686416545233981,0.05578599571429916,0.0031120773178358045,0.8681673785704381,0.055905324970591745,0.0031254053600674693,0.7236931881223168,0.08249560033040108,0.006805524073873271,0.6709165500532919,0.09278581818591675,0.008609208056429998,0.6683764296556945,0.0935044394674067,0.008743080200113924,0.5088320705655358,0.13989356679231124,0.019570210029874843,0.803758700875532,0.15038832760793172,0.022616649080710597,0.8031790268663631,0.15078620667454154,0.022736480123297556,0.658919079679794,0.24598923040656598,0.06051070147601461,0.0783132530120482,0.24764825049511405,0.06132965597329075,0.08745008745008745,0.27654145792318274,0.07647517795027944,,,,1.248999786376953,1.20354458614302,1.4485195708341734
0.5,0.0,0.25,1.0,0.14584915530208428,0.030631640264016474,0.0009382973852641151,0.2676084390503011,0.026511590605121715,0.0007028644364135779,0.6684805869326201,0.1022516875862024,0.010455407614226338,0.6649969585329385,0.10342616103373022,0.010696970786175096,0.5244815337696289,0.14426409281620906,0.02081212847608378,0.8680328680448985,0.08877299231883085,0.0078806441652392,0.867602985616921,0.08902753389923743,0.00792590179217987,0.7454969642962282,0.1600026303222797,0.0256008417100481,0.5760500315249976,0.10845777269638314,0.011763088458260311,0.572433583598176,0.10950592984287955,0.011991548670753657,0.38389282480908066,0.12238035451307104,0.014976951170744946,0.7593462065168868,0.11328921579620432,0.01283444641571895,0.7586411293925414,0.11351980017133266,0.0128867450309393,0.5813680277187115,0.15594575482784412,0.02431907844882607,0.0,0.0,0.0,0.0,0.0,0.0,,,,1.501721692085266,0.9258820697852966,0.8572576071499048
0.5,0.0,0.5,0.0,0.29918699396667353,0.003214503022066719,1.033302967887607e-05,0.29922776350761654,0.0030938344122970127,9.5718113707132e-06,0.8143712041085795,0.04896584450939338,0.00239765392851809,0.8137888086910966,0.04907169496917187,0.002408031247147447,0.6479257603603201,0.07378309408009859,0.005443944972032679,0.8138919548220622,0.04921941634357406,0.0024225509452020853,0.8133065169853936,0.04932644294072144,0.002433097973184248,0.6479077866774381,0.0746547007054812,0.005573324337424976,0.6985220323023709,0.08938320929785906,0.007989358104384878,0.6977186698249831,0.08956908101226362,0.008022620273381444,0.5102663929630176,0.12978099079359476,0.016843105571367128,0.6917982391359658,0.09305629249500029,0.008659473572915046,0.6909697463636307,0.09325369071587894,0.008696250832132806,0.4983472705153715,0.13914707150685976,0.01936190750893514,0.6865339614780839,0.005990208623592126,3.588259935415747e-05,0.8124808447160277,0.004755845625879413,2.261806761719635e-05,0.02253518070081454,0.0024331781047930647,5.920355689644371e-06,0.16988177299499507,0.08522450079537201,0.007263215535820364
0.5,0.0,0.5,0.25,0.2880785408565939,0.04264987243640539,0.0018190116188416523,0.2981604305199303,0.01494076963054936,0.00022322659715314606,0.7595341517629903,0.08663542616898168,0.007505697067481074,0.7585441474983179,0.08716502280330632,0.007597741200300909,0.5720923205998872,0.11141506148234659,0.012413315925115069,0.7740776238158233,0.07850099439834884,0.006162406121529597,0.7734283416201422,0.07858483018710839,0.006175575535536662,0.5841411475058377,0.1092266248554537,0.011930455577314016,0.6836540003798037,0.16404119476288742,0.026909513579235565,0.6825567944909432,0.16467316308733732,0.027117250641188795,0.5124108241854175,0.21100502779453267,0.04452312175457151,0.6927762040849077,0.15984489208505104,0.025550389525681613,0.692029277917747,0.16009901804753185,0.025631695579783925,0.5181496178535528,0.21683647576175233,0.04701805722077701,0.6384243970273397,0.2273978149130956,0.05170976622725048,0.7458757299440171,0.26343104847654303,0.06939591730145077,,,,0.7623170614242554,0.7558187209060967,0.5712619388721281
0.5,0.0,0.5,0.5,0.25858384786091093,0.06880787616474585,0.004734523822302999,0.2863699998944112,0.026715311896834452,0.0007137078897451444,0.7377713207681287,0.12097338053544299,0.014634558798173096,0.7362758028517574,0.12174366139399564,0.014821519089615867,0.5722476053764585,0.14215979002056395,0.020209405898690837,0.7935558115648977,0.12894532100806252,0.016626895809872293,0.7930114311023061,0.1291353370003996,0.016675935262206776,0.6358721839789812,0.18620084372136833,0.034670754202549434,0.6448535843731198,0.16692697043098215,0.027864613457265992,0.6431696171714039,0.16783276721077034,0.02816783774962463,0.47392228394484903,0.2145139613200689,0.04601623960122801,0.6922065218615847,0.16864800713032277,0.0284421503090294,0.691479989260934,0.16891358656624558,0.02853179972667254,0.5199417396528896,0.2209590397305592,0.04882289723865083,0.5020769078719505,0.34892054838540676,0.12174554908557297,0.5829831334345846,0.40326235637336816,0.16262052806780136,,,,2.8849793434143067,6.423438564269353,41.26056298894273
0.5,0.0,0.5,0.75,0.17879411197729925,0.06629648331320476,0.0043952236996980375,0.26458413290991534,0.04481556452675498,0.0020084348238517398,0.7176928884387745,0.09988046122798758,0.00997610653511553,0.7148483465649933,0.10127674296886063,0.01025697866638066,0.5556768976498132,0.13810080373305744,0.01907183199171645,0.8794192361667552,0.07227765857841385,0.0052240599295777625,0.8789907366831393,0.07247454898583543,0.005252560250700258,0.7504203694863067,0.13052781503148259,0.01703751049689293,0.6262537877353396,0.1434860085239267,0.020588234642128368,0.6231637869785163,0.14497674816272185,0.021018257507837274,0.42913863991742146,0.21371650127312194,0.04567474291642433,0.7712330209388678,0.12061381376816925,0.014547692071702614,0.770534431532264,0.12089575721879794,0.014615784113506534,0.5904541983832342,0.18347069557458012,0.03366149613462025,0.14947348802534713,0.3152783143963844,0.09940041552862539,0.16837685616963655,0.354992677962797,0.1260198014071981,,,,1.1581792831420898,0.9692544067290736,0.9394541049637284
0.5,0.0,0.5,1.0,0.1295467837399161,0.014142305060451686,0.00020000479242287736,0.2660578502791375,0.024156831420656517,0.0005835525042860179,0.6484009487841487,0.05059811742607172,0.0025601694870625424,0.644841930588469,0.05114807768926372,0.0026161258513069576,0.4961570668180796,0.06220760337270599,0.003869785917375902,0.8746069714458405,0.05439281376147697,0.002958578188890718,0.8741572427646608,0.054509558407894905,0.002971291957823706,0.7428889442522294,0.0821628626597578,0.006750736000446222,0.5694130748779879,0.06059173663476443,0.003671358548416654,0.5658795530394584,0.06111940550644326,0.0037355817294610467,0.37590145624985744,0.08021781806173733,0.006434898334585991,0.7909896629749211,0.10080604067533123,0.010161857836636536,0.7903446819787038,0.10106654339598194,0.010214446194011899,0.6277552026804026,0.1668654249994015,0.027844070060230888,0.0,0.0,0.0,0.0,0.0,0.0,,,,5.806651663780213,8.656003421280959,74.92639522922767
0.5,0.0,0.75,0.0,0.2419027743136426,0.06504523441173064,0.004230882519676988,0.27492488976703094,0.04066880528104364,0.001653951722987443,0.7542133386837838,0.11694524950280136,0.01367619138127246,0.7521916178590191,0.11798561880167883,0.013920606244015069,0.6004986051699396,0.14335429040041048,0.020550452576205216,0.8509091981249227,0.10642774823244235,0.011326865593828136,0.8504379329536276,0.10656129546970289,0.01135530969218132,0.7091890136140575,0.1437271638324207,0.0206574976233115,0.7174071279623533,0.1463112929735025,0.021406994451578086,0.7153611727418939,0.14785121731929177,0.021859982462796444,0.570717705696456,0.2089166575714762,0.04364616981083745,0.8159944537849124,0.08958866454895018,0.008026128815664321,0.8154439618177228,0.08980053836645699,0.008064136690905513,0.6733380452519062,0.1603484680894705,0.025711631218639938,0.34854278603040945,0.368836212952218,0.1360401519849339,0.4089548443597521,0.4318670243742919,0.18650912674190526,,,,0.5514511108398438,0.24420773378318095,0.059637417239516974
0.5,0.0,0.75,0.25,0.2444105677407422,0.0786968870739752,0.006193200035134004,0.2967034755746131,0.014896985341467517,0.0002219201722638981,0.764204478676181,0.1502154318369091,0.02256467596194909,0.7623037620800238,0.15173084664870543,0.02302224982473296,0.617687682472279,0.17347600535904403,0.030093924435331074,0.825909682459135,0.10230700312902997,0.010466722889243349,0.8253800627264252,0.10243541433937578,0.010493014110879594,0.6682421636780308,0.13587740401128792,0.01846266892084676,0.7121244345507465,0.19281776902242123,0.037178692050783786,0.7101223315329961,0.19466602431617605,0.037894861023066044,0.5612260960468323,0.26160806705999573,0.06843878075086722,0.756726905202801,0.14402668567012003,0.020743686185119556,0.7560797102514943,0.14436286915885754,0.02084063799177742,0.5980234535479065,0.22404409366507005,0.050195755906202684,0.4239770646915737,0.36621251582582975,0.1341116067474836,0.49498346139225635,0.42654946172798597,0.18194444330043455,,,,1.0988520622253417,1.1611416572794668,1.3482499482697068
0.5,0.0,0.75,0.5,0.2073887553211709,0.08536538422129414,0.007287248823249175,0.3053087968034701,0.006412753092014757,4.112340221914483e-05,0.7109615443333266,0.13511268405172527,0.018255437391661338,0.7083975115842821,0.13651784713266205,0.018637122585736885,0.5277646313018459,0.17784107750917744,0.03162744884962526,0.7938501410679148,0.09690289450892735,0.009390170964208303,0.7932376842470715,0.09703455141061844,0.009415704167459953,0.6093772697116717,0.13758233766175504,0.01892889963647318,0.6995781379007016,0.18427363218692852,0.033956771519363424,0.6972798430253604,0.18592988099359645,0.03456992064629294,0.5487683249137152,0.2696282877236364,0.07269941354078006,0.7936024349698162,0.15457698053976682,0.02389404291279145,0.7930821035073393,0.15495098041444927,0.024009806331399042,0.6665953385283536,0.24783524544880495,0.06142230888666939,0.2876713322074973,0.3723885941430878,0.13867326504786534,0.33351546072827587,0.4309762655044427,0.18574054142815585,,,,0.7871453046798706,0.35165466311610766,0.12366100209130318
0.5,0.0,0.75,0.75,0.14730365979785093,0.01465331464733825,0.0002147196301538977,0.2874391327334734,0.02264167636136973,0.0005126455084530088,0.7095742971878114,0.051461656879518966,0.0026483021287853417,0.7066142466417618,0.052036073061609865,0.0027077528996732,0.5303752265911,0.07137961066092459,0.0050950488181051795,0.8953950958820778,0.036309345616639475,0.0013183685791085765,0.8949860990043742,0.03638797352812081,0.0013240846174832207,0.7706710469342184,0.05564822329770092,0.003096724756190784,0.6146616607628361,0.046774924981183574,0.0021878936069953513,0.6114790523811138,0.04719854144921742,0.0022277023149334945,0.3817472034950179,0.036695078000688656,0.0013465287494766245,0.7687029956762471,0.04552960424724692,0.0020729448629109247,0.7679386086635406,0.045586755316591676,0.0020781522602947994,0.5659377068458087,0.049491398694915166,0.0024493985447790506,0.0,0.0,0.0,0.0,0.0,0.0,,,,0.9024402379989624,0.6494570046655285,0.4217944009091203
0.5,0.0,0.75,1.0,0.12927192391636197,0.019957296175130226,0.00039829367062186753,0.2691276357663648,0.010720404458361433,0.0001149270717508557,0.6900033398471952,0.06049805103707775,0.003660014179284864,0.6869537930607973,0.061124402538950996,0.003736192585743719,0.5364415949584022,0.08266336981904063,0.006833232709839477,0.9222451190652059,0.06232878238453758,0.003884877113539042,0.9219455858298515,0.0625389012800369,0.003911114173314202,0.8290344278736613,0.12640311362534828,0.015977747134182707,0.6075646347366429,0.07288144966768446,0.005311705705663225,0.6044407886035156,0.07349372998506762,0.005401328347118027,0.39370526636613296,0.08106870112354293,0.006572134301858331,0.824535880683712,0.09813809828601268,0.009631086335195084,0.8239403498167295,0.09839654790523372,0.009681880639666955,0.6578622925940552,0.15772215042480292,0.024876276734624156,0.0,0.0,0.0,0.0,0.0,0.0,,,,0.8324307918548584,0.3934706788429966,0.15481917510916854
0.5,0.0,1.0,0.0,0.14871013838912556,0.014154217580334668,0.00020034187531145498,0.2676914170584518,0.023638120116999336,0.0005587607226656887,0.6548025224401774,0.0481612482156169,0.0023195058296862623,0.6510354209047354,0.04872181357392583,0.0023738151179323835,0.49345381294665736,0.05020716961050963,0.002520759880298482,0.8399256691165018,0.05708460607034576,0.0032586522502065563,0.8393999562973586,0.057204263251449936,0.0032723277341411856,0.6892872540560454,0.08351634092469266,0.006974979201449494,0.5470450145081299,0.09283272527028084,0.00861791488110744,0.5430147707735884,0.0936881218648325,0.008777464178559704,0.36344093042157655,0.13496247355002874,0.018214869266742206,0.7220335893869436,0.1184025731973209,0.014019169339746935,0.7212673482315802,0.1186712715606155,0.014082870693813346,0.5384631953273201,0.17727721121798562,0.03142720961722629,0.0,0.0,0.0,0.0,0.0,0.0,,,,1.3398662567138673,1.0605775851712473,1.1248248141676742
0.5,0.0,1.0,0.25,0.1225469207387742,0.02571789796849642,0.0006614102759179922,0.2750211269828086,0.02023528237762773,0.0004094666529023314,0.5709436101040015,0.10542240468290116,0.011113883409125381,0.5663525404202103,0.1066546026826534,0.011375204273394656,0.40580819560040526,0.10929039518023954,0.011944390478652925,0.7716179800740216,0.11710165330670316,0.013712797207163304,0.7709890054589685,0.1172346023799397,0.013743951995182564,0.5809654889593338,0.15836085222884416,0.025078159518645813,0.5264994960948004,0.14622570419609715,0.0213819565676445,0.5223773280789337,0.14756204167179338,0.021774556142348085,0.38052387727409975,0.1713924683578586,0.02937537820979956,0.7408189279526851,0.19042638918105126,0.036262209696533196,0.7402298072640974,0.19075639828739288,0.036388003487578466,0.5928709950278038,0.2591147046175621,0.06714043014904644,0.0,0.0,0.0,0.0,0.0,0.0,,,,5.694197678565979,9.166650840844387,84.02748763795312
0.5,0.0,1.0,0.5,0.13112678431056213,0.015734140010359107,0.00024756316186558323,0.27813782849314156,0.012557057372807604,0.0001576796898639818,0.6587610130080727,0.05765766526552224,0.00332440636387101,0.6552995217136323,0.05827858329638782,0.0033963932710340135,0.4880213887119849,0.05596821751471614,0.0031324413717745787,0.8718213989315554,0.05551234126303698,0.0030816200325038783,0.871360480602768,0.055631971552039056,0.003094916258766883,0.7342315317712089,0.08393230417429433,0.007044631684006266,0.5812423987591826,0.09810437303498752,0.009624468008587987,0.5777970977117539,0.09893821699068821,0.009788770781296504,0.3852824140626835,0.13352033011205028,0.017827678553230877,0.7848688468917739,0.13196594505782247,0.01741501065500422,0.7842248566661612,0.1323028053504504,0.017504032303599166,0.6232459928399018,0.2119786207200198,0.044934935642362006,0.0,0.0,0.0,0.0,0.0,0.0,,,,3.4435686826705934,6.1721677194264455,38.095654356729845
0.5,0.0,1.0,0.75,0.12864395859187597,0.014498404838310344,0.00021020374285554079,0.2765048972456944,0.011604991842977714,0.00013467583567557928,0.6852088189251034,0.055042257369657226,0.0030296500963475853,0.682100069253458,0.05561564624327891,0.003093100107057543,0.5146650902936841,0.06854092339998201,0.004697858180522201,0.9127601941960684,0.05893541499433225,0.003473383140554162,0.9124226469122003,0.059125488707539926,0.0034958234149054315,0.8086217899301233,0.11677980141073623,0.01363752201753099,0.6389192929105028,0.06136876275766792,0.0037661250424069295,0.6360359170178056,0.06186604982634594,0.0038274081211159185,0.4419972463722866,0.09864371822701576,0.009730583145650881,0.8839809646769533,0.09242651137339336,0.008542660004656012,0.8835779848268006,0.09274118965459546,0.008600928258549644,0.7728920787046801,0.17812915718178937,0.03172999663829463,0.0,0.0,0.0,0.0,0.0,0.0,,,,3.3814576387405397,6.19587117294102,38.38881959168153
0.5,0.0,1.0,1.0,0.1168692366706433,0.004970718784620935,2.4708045235783423e-05,0.2736369303570297,0.004767900357982795,2.2732873823652463e-05,0.6630137096180999,0.007530906614588638,5.67145544376549e-05,0.6597601404043572,0.007603816865703292,5.781803092715384e-05,0.49367903004348224,0.00980503905271572,9.61387908252804e-05,0.9099567849772686,0.0023900257164149417,5.712222925124756e-06,0.9095863183864299,0.002400700812614328,5.763364391687094e-06,0.7991029272621446,0.008528986792271676,7.274361570274468e-05,0.5685528132300575,0.010904340859574445,0.00011890464958178475,0.565185177160681,0.010989801806627094,0.00012077574374894411,0.34319245961318867,0.008943261286755573,7.998192244318094e-05,0.786918361016909,0.0029600575542346793,8.761940724381791e-06,0.7861873557645886,0.0029720510522990734,8.83308745747203e-06,0.5908466150513727,0.007228488118598976,5.225104048072657e-05,0.0,0.0,0.0,0.0,0.0,0.0,,,,3.9640122175216677,6.1265211505660115,37.53426140833268
0.5,0.25,0.0,0.0,0.30164546260004677,0.007563896477546786,5.721252992304467e-05,0.3015244310013504,0.007531253360331567,5.671977717750551e-05,0.8327769881013829,0.062051116288814774,0.003850341032688014,0.8322257012376157,0.06218880298109846,0.0038674472162218807,0.667712466446648,0.0975553011290308,0.009517036778375877,0.832850274515842,0.05849562621749775,0.00342173828657721,0.8322967299373794,0.05861858094497864,0.0034361380320030127,0.6671756800012019,0.08669895857404937,0.007516709417824728,0.7886020284041557,0.15107761772252026,0.022824446576711968,0.7880232641142814,0.15146774526882967,0.022942477856823074,0.6499849227667264,0.2460301704102736,0.06053084475210827,0.7866517283294657,0.152898418712606,0.02337792644481539,0.7860628913112518,0.15329642272451605,0.023499793220133517,0.6473765505851432,0.2518726113294353,0.06343981233790878,0.6673711116812313,0.12012028541328931,0.014428882967770087,0.7916741686766183,0.10432371238577319,0.010883436965949527,0.03035601394690765,0.028232870219367216,0.0007970949608236322,0.11061601638793941,0.028928052959737802,0.0008368322480413951
0.5,0.25,0.0,0.25,0.29452226558697764,0.007935808921578556,6.297706323980578e-05,0.294401325974615,0.008016109709443733,6.425801487383809e-05,0.8135064104371204,0.09988009237772123,0.009976032853382126,0.8129500445579303,0.10001512455371105,0.010003025139494335,0.6476214814393505,0.1398105497542191,0.019546989822576976,0.8128572675346936,0.09936755317709187,0.009873910624402179,0.8122967728898818,0.099501590702458,0.009900566552319474,0.6471131905324394,0.138502988634116,0.019183077860582064,0.696617117820972,0.1420441302919056,0.020176534950383858,0.6958310041912057,0.14220470001620958,0.020222176706700158,0.5068816501401876,0.1721993802444876,0.029652626556585633,0.6897494858306569,0.14362812712059636,0.02062903890017019,0.6889375251421977,0.14379121758460417,0.020675914254462982,0.49413157907932004,0.1751557098006169,0.030679522675757923,0.6012443059862724,0.1865123703444501,0.03478686429150531,0.7320726075399632,0.16199424860254036,0.026242136580301646,0.04596307877920261,0.042773359210287326,0.0018295602581322719,0.44650635719299314,0.6633798646258716,0.44007284479103975
0.5,0.25,0.0,0.5,0.29221686746867925,0.010505496216644577,0.0001103654507579335,0.2921160847998435,0.010654085065633681,0.00011350952858575863,0.836382264592898,0.05803800933621606,0.0033684105277107033,0.8358444529598058,0.058159133540705676,0.0033824848142056363,0.6781788844275329,0.083495046423895,0.006971422777328381,0.8356391805683335,0.05775980689052112,0.003336195292030291,0.8350969861043721,0.057879989029324994,0.0033500931300347817,0.6767611036627088,0.08280453323515981,0.006856590724292684,0.7234171164143629,0.11748557958379674,0.013802861410140638,0.7226572661286725,0.11775075602505809,0.013865240544472756,0.5406402993082299,0.17559404333189177,0.030833268053642282,0.7166349827636455,0.12009563486629682,0.014422961513938888,0.7158498676434758,0.120369522183357,0.014488821870649673,0.5271897991681971,0.18030822147448303,0.03251105473129122,0.5118678389071211,0.1846908564876895,0.03411071247015632,0.6561398222121296,0.1641012016836332,0.026929204394012467,0.0649193476458703,0.043628944046101535,0.0019034847585778587,0.6051585435867309,0.4206285406357131,0.17692836919732974
0.5,0.25,0.0,0.75,0.181551728824683,0.014066845824131093,0.00019787615143987438,0.2881956363288307,0.024356082601161247,0.0005932187596745896,0.7303952201794661,0.05532016539328512,0.00306032069914042,0.7274681164018802,0.05598023949227027,0.0031337872136119357,0.58343524155175,0.06240335138202792,0.0038941782637088454,0.8675051079913132,0.0717047247923978,0.0051415675575535065,0.8670481526790166,0.07189383883190728,0.0051687240619882596,0.7303139520205733,0.12189256935764442,0.014857798464608154,0.6864820631437096,0.09258096064754043,0.008571234274421429,0.683710914928457,0.09343559479630291,0.008730210374938908,0.5506428709007132,0.16114643294754713,0.025968172851718305,0.8529342042878648,0.13599364872561145,0.018494272493705003,0.8525034723408332,0.13635651369899984,0.018593098828145534,0.7470045245580627,0.22491440111864588,0.05058648783055914,0.0,0.0,0.0,0.0,0.0,0.0,,,,0.9070346355438232,0.6678716987663901,0.4460526060131037
0.5,0.25,0.0,1.0,0.1462978143357319,0.017952775095660685,0.0003223021336353745,0.26696569312227936,0.02690941684461127,0.0007241167149170488,0.6572635444571122,0.050409555498289106,0.0025411232855350892,0.6536947482524667,0.05099420886630992,0.002600409337900841,0.5113349142365067,0.067378299236963,0.004539835208065729,0.8701630998966294,0.05192422188795,0.002696124818669066,0.8696935799796351,0.05202974933549246,0.002707094815914178,0.7264486551990726,0.07389502193174793,0.005460474266293508,0.5956075848260991,0.10630188264197728,0.011300090253228711,0.5921798632556748,0.10726360472418985,0.011505480898427243,0.4310344560206124,0.14674394009844863,0.021533783955617076,0.8285725256127323,0.15855864814292175,0.025140844900910866,0.828077925926946,0.15898103364373614,0.02527496905843076,0.7065401849420156,0.26018316933886726,0.06769528160721767,0.0,0.0,0.0,0.0,0.0,0.0,,,,1.4455102920532226,0.8845153354912803,0.7823673787192521
0.5,0.25,0.25,0.0,0.3049192134716495,0.006537855629117161,4.274355622717895e-05,0.3049668629974785,0.00646582474468864,4.180688962902792e-05,0.811605871428877,0.06842549872825329,0.004682048876210192,0.810995160032529,0.06859599678873694,0.00470541077544041,0.626114760418884,0.12222208765609287,0.014938238711013649,0.8137685910921684,0.06725002746190702,0.004522566193627248,0.8131648375336973,0.06741646603532789,0.004544979892692518,0.6327818679104669,0.11989573596433745,0.014374987502430119,0.7176293251040405,0.13184179854230416,0.017382259842869514,0.7168638906974474,0.1321622343239138,0.017466856181489097,0.526897913486716,0.20136777963645738,0.04054898267571686,0.7155412860310649,0.1332892063979875,0.01776601254220531,0.7147668075235044,0.1336136797546597,0.017852615417580764,0.5241455410390097,0.20367074775210486,0.04148177348990153,0.7115340464642084,0.03873492974312178,0.0015003947822045806,0.8321434473634722,0.030390367244753805,0.0009235744212710051,0.020236660631806742,0.005626084061239034,3.16528218641279e-05,0.8158204317092895,1.3125490152806578,1.7227849175142245
0.5,0.25,0.25,0.25,0.3006089593013304,0.015198101499984686,0.00023098228920383676,0.3006563617648976,0.015122309070839252,0.0002286842316339871,0.7961315063903899,0.06297550112356873,0.003965913741764607,0.7954819782520335,0.0631380003144424,0.0039864070837065295,0.5986128653058012,0.11750920182193629,0.013808412512828556,0.7966466621706033,0.06454603380155874,0.004166190479511962,0.7959976625781444,0.06471638587726719,0.004188210601015349,0.6023395785083177,0.12190765697223341,0.01486147682845973,0.7018995452659345,0.09786658919441377,0.009577869280548146,0.7010929251602247,0.09808261173319545,0.00962019872440477,0.49543601809909943,0.12756034076824893,0.01627164053691179,0.6980112994502026,0.09671630162674398,0.009354043000355321,0.697189022023277,0.09692608468514916,0.009394665892392707,0.48890990104793397,0.1244872757947936,0.015497081834809004,0.6784175835229141,0.12900724095885963,0.016642868219817267,0.7991583078360833,0.10993338974472122,0.012085350180764778,0.02812631070696992,0.02732732659270552,0.0007467827787043902,0.9982455015182495,0.9429615579209597,0.8891764997167235
0.5,0.25,0.25,0.5,0.2998249231543978,0.010798249158867729,0.00011660218489698763,0.29974732055565384,0.010920774754221386,0.00011926332123243918,0.7807013677394314,0.11751389548492586,0.013809515632042076,0.7801078609625863,0.11764547101700872,0.013840456850813837,0.6044241600613562,0.15853322730548022,0.025132784159891057,0.7802882966100199,0.11932941629747486,0.014239509593896058,0.7796926244907867,0.11946897385237511,0.014272835713339486,0.605610624220644,0.1643715329861628,0.02701800085622121,0.7617251020568976,0.09402312359680244,0.008840347770899587,0.7611300013159215,0.09417078493322208,0.008868136734939166,0.606877716189308,0.13433799964624477,0.01804669814895446,0.7605394263589009,0.09521411728408365,0.009065728130187236,0.7599350890997953,0.09537156352106642,0.009095735128452808,0.6074253038943428,0.14177361382949563,0.020099757578274955,0.6483157903540433,0.16970722673466695,0.028800542805971663,0.7718480329445523,0.14611459102366436,0.021349473710012702,0.03550602717019768,0.03819223835763035,0.0014586470707660514,1.1032311201095581,0.8951977641002127,0.8013790368500201
0.5,0.25,0.25,0.75,0.17235833889827923,0.039634849519845215,0.0015709212964607746,0.28780704632019677,0.011741569662572345,0.00013786445814103926,0.7274516797122264,0.0551936437517094,0.0030463383105906097,0.7247415948137098,0.056013096334876104,0.003137466961020111,0.5635646901006898,0.05640460945129583,0.0031814799673532106,0.8587277375238782,0.05960398214579356,0.003552634687636077,0.858235748241808,0.059731782125638205,0.003567885795904712,0.7118527208923312,0.08839475853255802,0.007813633336029238,0.6242448317453114,0.05689924752751012,0.003237524369196866,0.621247945983693,0.057514572474196994,0.0033079260468896585,0.4176039595016442,0.07519941409580029,0.0056549518803516476,0.748115303653549,0.08427698610635373,0.007102610387170539,0.7473525131410614,0.08444405118434829,0.007130797780424834,0.5554795248827595,0.1233766641226335,0.015221801250029119,0.3336734693877551,0.0010756046463157734,1.15692535517608e-06,0.4842096621467066,0.05015810065853337,0.0025158350616715655,1.0103640339617548,0.3215986556968144,0.10342569534599816,1.5832263231277466,1.3119481855221933,1.721208041494975
0.5,0.25,0.25,1.0,0.13499815723802505,0.02136740309472459,0.00045656591501244594,0.2579152836953666,0.030302817431012968,0.0009182607442573034,0.6561149088676715,0.07813831022921411,0.006105595525476907,0.65261579068783,0.0790092587370019,0.006242462966170511,0.5045595284108689,0.09616058698336136,0.009246858488984606,0.8849609487773484,0.07163219550129052,0.005131171432335106,0.8845328882839729,0.07183751807060267,0.0051606290025441644,0.7498090271080052,0.1354580063536566,0.01834887148530727,0.6056325171089291,0.0845212625654525,0.007143843825658162,0.6023771464925461,0.08529887270833139,0.007275897685312122,0.42687610191937697,0.10353137633242866,0.010718745885286969,0.8758307970355667,0.09601606283059282,0.009219084321488347,0.8754178359376994,0.09634085666933818,0.009281560663781965,0.7604094126517277,0.18721601170888988,0.03504983504018319,0.2381818181818182,0.013415723406774932,0.00017998163452708881,0.39657368820562894,0.056896239463548146,0.003237182065093413,1.8275921952337846,0.24583986396674382,0.0604372387151871,1.7800513982772828,1.0668277419629357,1.138121431021736
0.5,0.25,0.5,0.0,0.3015021219406745,0.0060599301342948355,3.672275323253462e-05,0.30152960447380345,0.006029644548600659,3.635661338246964e-05,0.8048727324775742,0.05807637399382323,0.003372865216270428,0.8042551992902329,0.05822114109574648,0.0033897012704908196,0.6224902285515197,0.10406136798978459,0.010828768307905365,0.805610641310885,0.06035853142697045,0.0036431523160205797,0.8049949147702449,0.06051396372459784,0.003661939805661943,0.6268553558374668,0.11089377119263104,0.012297428489323605,0.7359436584002954,0.11195006420194545,0.012532816874819707,0.7352292561762239,0.11221918740966005,0.012593146022884406,0.5598829725130015,0.17203707030207724,0.029596753558121865,0.7335946634336086,0.11357425887745874,0.012899112279564017,0.7328697536497415,0.11384719153064822,0.012961183019416098,0.5574449050606272,0.17770413372929927,0.03157875914448068,0.7050080531008118,0.033468103720962664,0.0011201139666771147,0.8267243746637867,0.026288401291501225,0.0006910800424630032,0.020625330693691428,0.004638922710087482,2.151960391016539e-05,0.702488923072815,0.43242812784293394,0.18699408574974483
0.5,0.25,0.5,0.25,0.2895573382029149,0.03737826656794181,0.0013971348116241166,0.30000454575267926,0.005606150999933798,3.1428929034058726e-05,0.8542829104532356,0.07919064837330352,0.006271158789784199,0.8536175054471327,0.07964219326139783,0.006342878947485842,0.7199294563032519,0.1275737513878316,0.01627506204316427,0.8676216529972095,0.07253045025367108,0.005260666214000255,0.8671657668131978,0.0727220598561118,0.005288497989715908,0.7311596736063231,0.12367209600615645,0.015294787330555976,0.7959351755350632,0.14527263987009514,0.02110413989482636,0.7951538020248959,0.14585734524655955,0.021274365162374066,0.656347838077178,0.22711182377923295,0.05157978050032936,0.8047700913945087,0.14009315590190075,0.01962609233055427,0.8041956264437312,0.1404505092611921,0.019726345551728204,0.6608655331168319,0.22501356171107653,0.050631102953904446,0.6067781402306247,0.1828727479644898,0.0334424419480838,0.735381801749432,0.1758553082833201,0.030925089451421552,0.0853288517375241,0.1655669645356803,0.02741241974555922,0.5551581621170044,0.3876563502900841,0.1502774459202284
0.5,0.25,0.5,0.5,0.24525576832715656,0.07671179372215842,0.005884699296070984,0.2901262660435727,0.026412249777879954,0.0006976069383291196,0.7982128758978331,0.08170434079931387,0.006675599305450424,0.7967812983132433,0.0826464945563651,0.006830443062455284,0.63053557873039,0.1187522731073281,0.014102102368157439,0.866109402889902,0.06687901261861788,0.00447280232884125,0.8656275544554696,0.06704279439359227,0.004494736280101487,0.7195668225770894,0.11601525269607003,0.013459538858132987,0.7246506504375922,0.10557477903578359,0.011146033968454531,0.7230093026383101,0.10675352739206415,0.011396315610648189,0.5288760544463633,0.15190705199428173,0.023075752445593414,0.783954326505308,0.061566183308437404,0.0037903949271681165,0.7832644256087973,0.06172564439002738,0.0038100551753641188,0.5997967548277694,0.10213948138859935,0.010432473658332034,0.5173923592299857,0.23796240174072708,0.056626104642215194,0.6383385680972632,0.23928220877719703,0.057255975437294104,0.2142875594317685,0.24768584762851098,0.06134827911545396,1.1402255058288575,0.9179453215216147,0.8426236133034206
0.5,0.25,0.5,0.75,0.1718602271077655,0.06682694213910169,0.004465840195662845,0.2806212448248726,0.024860620011141938,0.0006180504273383909,0.7570427664871087,0.13581923715583585,0.018446865181593185,0.7545416390300359,0.13723145717590607,0.01883247283862254,0.6118474473200931,0.2123438606097804,0.045089915138665844,0.8978148319276006,0.0757289687612609,0.005734876709644029,0.8974394818708872,0.07595730917873972,0.005769512817674657,0.7809908046376328,0.1465328651287775,0.021471880562848496,0.6679650388039853,0.1429266912458272,0.020428039070480013,0.6652713915725403,0.14429123144073722,0.020819959470684393,0.4627558979608007,0.1930673095018964,0.03727498599830106,0.7940601411791401,0.11890899236356374,0.01413934846491806,0.7933999942907652,0.11919936853483952,0.014208489459104488,0.615997244867431,0.184485392803981,0.034034860158039165,0.31879791916766703,0.02939174015873185,0.0008638743895584105,0.46521135832001,0.05308842357201058,0.0028183807173612083,0.657302311605638,0.29163903617729814,0.0850533274224234,1.4169536352157592,0.9396868222105759,0.8830113238362104
0.5,0.25,0.5,1.0,0.12055857117757836,0.017194782762440443,0.00029566055424751897,0.2668921598948499,0.015916608888323497,0.00025333843850385853,0.6541843775046804,0.06532421633013209,0.004267253239145896,0.6507517260782538,0.06600492676742632,0.004356650357573311,0.4897557152099211,0.0675130119368381,0.004558006780783645,0.8793789004502731,0.08240655489000671,0.006790840288839689,0.8789712369268645,0.08264226728406072,0.006829744341850135,0.7598491464372796,0.14809530218238723,0.021932218528492586,0.5673880084253655,0.06678622299553558,0.0044603995820094045,0.5639113150444202,0.0673563970112408,0.004536884218335888,0.3531427539967147,0.05897060465031711,0.0034775322128240017,0.7735373096101418,0.10289918236068415,0.010588241730497334,0.7728470035722308,0.1031123944298206,0.0106321658850509,0.5948017010355385,0.14520892975286576,0.021085633279972704,0.24242424242424238,0.0,0.0,0.404815911852298,0.013563163569074766,0.00018395940600147694,1.292226417030674,0.10862525098613984,0.011799445151801875,3.4583893537521364,6.609585534381349,43.686620936303186
0.5,0.25,0.75,0.0,0.23287293377111862,0.07273689251638922,0.005290655532940758,0.2948131131082291,0.024208384997786995,0.0005860459042010785,0.7661611207140442,0.12980227964706453,0.016848631801574747,0.7639977063418734,0.13159541658870738,0.017317353667155443,0.6035396982809049,0.17504479899283512,0.030640681654442052,0.8479050426700236,0.07806949506821292,0.0060948460602057225,0.8473737847430007,0.0782689666311638,0.006126031137510232,0.6856437473478274,0.1399669736263803,0.01959075370612784,0.7146094586318119,0.12909917837925833,0.01666659785819956,0.7126200562608123,0.13029188162229247,0.01697597441667747,0.5542416848351219,0.18295119091628093,0.033471138257685475,0.8106236162495657,0.09310509843215338,0.008668559354060969,0.8100391714321619,0.0933719000827514,0.008718311725063311,0.6516224681632303,0.1604718018852831,0.025751199200309546,0.33734090674157313,0.3562577768574052,0.1269196035713807,0.40059067353321,0.4226939577932414,0.17867018195491455,,,,1.1140955209732055,1.080905924852343,1.168357618380899
0.5,0.25,0.75,0.25,0.2254082847754082,0.0824936534301889,0.006805202856260117,0.2809837432678139,0.030689762787270966,0.0009418615399389618,0.6701884289013165,0.09924699840233492,0.009849966691873071,0.6681988208091638,0.09918394001801427,0.009837453957497053,0.480764860893406,0.1345674143438599,0.018108389003192074,0.770282451346407,0.15778180974015626,0.024895099484878874,0.769743275795759,0.1579495374650984,0.024948056385438525,0.6100692278978721,0.20571504019887074,0.042318677764023004,0.5926017762041681,0.13262515185075233,0.017589430903435115,0.590529016546306,0.13282006682338354,0.01764117015096807,0.40835961221153755,0.15828626599571938,0.025054542002867632,0.6918374382405982,0.18920677338287017,0.03579920309395679,0.6911706832084208,0.18941117921075973,0.035876594810010536,0.5302873755172813,0.22627565683466777,0.05120067287596033,0.5392102599004358,0.24312842173215493,0.059111429453968585,0.6842950323925161,0.20195564162079216,0.040786081182465836,0.562869178036001,0.5833928809720881,0.34034725356891293,1.680206871032715,1.2043010302194623,1.4503409713876585
0.5,0.25,0.75,0.5,0.16238314609522567,0.07494375238164545,0.005616566021041389,0.288218326444926,0.03264835037774653,0.001065914782388102,0.6880321038251422,0.12494028229754844,0.015610074140591096,0.6848712022660841,0.12650197604686517,0.016002749943761645,0.49607612615838165,0.17016857587401482,0.028957344214990337,0.8287608902305736,0.09479187678061261,0.008985499903590845,0.8281986969633464,0.09506557700801951,0.00903746393186769,0.6588711812508256,0.1807245215910915,0.032661352704328905,0.6140886727126433,0.10897899895861367,0.01187642221402152,0.6110152152966575,0.11027780437753487,0.012161194138329848,0.3960134878949017,0.11880783105814982,0.014115300720741868,0.7646081998933809,0.0967019566312919,0.009351268416320259,0.7639238419983901,0.09690780447251082,0.009391122567682389,0.5766287092120012,0.12099695224106564,0.01464026245162672,0.4015559911786327,0.1512407001997635,0.02287374939691474,0.5455262430384588,0.14677747478562053,0.02154362710444347,0.640347822198284,0.3269487963800605,0.10689551545437027,1.7341846466064452,0.8348644801709549,0.6969987002511188
0.5,0.25,0.75,0.75,0.13842581645585783,0.029676924062333254,0.0008807198218014944,0.29058435002902444,0.009357957391013118,8.757136653201705e-05,0.6947015681494324,0.0527125941672268,0.002778617583838753,0.6917939881630263,0.05343053453070601,0.002854822020236967,0.521948884754373,0.060502586702809974,0.003660562997731038,0.8613690400583263,0.06149219794681574,0.00378129040833037,0.8608886865003118,0.06162872257131963,0.003798099445772681,0.7217269315542385,0.0953612206944219,0.00909376241233024,0.6204761403466306,0.08302847546890461,0.006893727738690495,0.617483297298709,0.0839377880816367,0.007045552268037752,0.41318208558343344,0.15791100805036012,0.024935886463480897,0.7768882719701218,0.0830528476167317,0.006897775497248058,0.7762043253980739,0.08325225679784241,0.006930938261933899,0.6057186023581489,0.1372198299315157,0.018829281726434093,0.33074291300097747,0.005558636316869261,3.089843770321786e-05,0.42652789658777673,0.003757102057989209,1.411581587414675e-05,0.8239930424232554,0.24050519519570993,0.057842748916126535,2.333702325820923,2.609810429146774,6.811110476083269
0.5,0.25,0.75,1.0,0.11949786300633472,0.02099962674886221,0.00044098432359152923,0.27400442767779654,0.008155708020893868,6.651557332207257e-05,0.6720428165254864,0.07041868410766465,0.004958791071455063,0.6688507033886626,0.07114220536852542,0.005061213384697448,0.5067649566400438,0.08343333842950175,0.006961121961491774,0.8946702029142278,0.0784091732837084,0.0061479984550346116,0.894281874722404,0.07864718353593197,0.0061853794781345705,0.7715020726041593,0.15240547810912572,0.0232274297576712,0.619602024030091,0.07960967202100756,0.006337699879292395,0.6166081554776404,0.08027227265816929,0.006443637757707472,0.40724947470056405,0.08566453184542096,0.0073384120162951405,0.8612333183945268,0.1323441095121122,0.01751496332255395,0.8607825220061734,0.13272246084281242,0.017615251612171874,0.7392128311806613,0.229801162480416,0.05280857427735055,0.23899106673673148,0.010856654780049095,0.00011786695301316288,0.3657479076357407,0.008683216108061017,7.539824197929031e-05,1.1671330015902721,0.13296884466305578,0.017680713651027857,1.5254494428634644,0.8890157721282632,0.790349043092812
0.5,0.25,1.0,0.0,0.1434749791343704,0.02008525393692469,0.0004034174257107488,0.2675902108074112,0.02915118779454004,0.0008497917498325402,0.6659746445212085,0.08729733113244921,0.007620824022848485,0.6624604685729812,0.08833223005586391,0.007802582866642068,0.4977681989180679,0.09398194940585652,0.008832606814124976,0.8758695922476492,0.06380361186909295,0.004070900887541858,0.875405200364218,0.06396633548693043,0.0040916920756265355,0.7317536183676933,0.11348782119089691,0.012879485558656992,0.5967992627601275,0.10181743948031387,0.010366790982327378,0.5933575040880632,0.10274721137612522,0.010556989445570156,0.41654690628621205,0.14663952792240617,0.02150315114930614,0.8165954457850277,0.10973520143502745,0.01204181443398605,0.816009239497274,0.11005391196471785,0.012111863538737866,0.6583251536059739,0.1903272598279317,0.036224465833609026,0.0,0.0,0.0,0.0,0.0,0.0,,,,0.6276441812515259,0.08418901345867771,0.007087789987145418
0.5,0.25,1.0,0.25,0.12957141366012806,0.0213719334612105,0.00045675953987040906,0.28139585309008003,0.013839067028417468,0.00019151977621703148,0.6504015137791695,0.08069212887171039,0.006511219661848717,0.6468231680058366,0.08158143526877552,0.006655530580513411,0.46562776505101067,0.09490013912517499,0.00900603640597757,0.8518949962928415,0.0728548647384104,0.005307831316052074,0.8513781746063419,0.07303579570190169,0.005334227453809921,0.6943888240708361,0.12864440302270624,0.016549382429068473,0.5775318650137138,0.11331287754535543,0.012839808217608717,0.5740242234557359,0.11429741286563869,0.013063898587778268,0.3816992693780229,0.1483662651305439,0.02201254862878685,0.7864710529939617,0.1372730835878976,0.018843899477729922,0.7858454661430441,0.1376272293711242,0.018941254264372032,0.6243672734866855,0.22114588911155628,0.048905504270940744,0.2295289792136102,0.02162485668122436,0.0004676344264834939,0.3400353129219008,0.03975505965371057,0.001580464768070086,1.7977010935115818,0.1495384994241698,0.02236176281003243,3.535945916175842,6.254455827484549,39.118217697955444
0.5,0.25,1.0,0.5,0.10561901490980181,0.014535112355072878,0.00021126949117459225,0.256873915760348,0.02833341135754058,0.0008027821991556096,0.6198979533293517,0.054577531833017376,0.0029787069809840247,0.6160784207648861,0.05517354872508179,0.0030441204789189743,0.4175100429631772,0.07996579739682877,0.0063945287533106665,0.8584504935018782,0.06680487588979964,0.0044628914426515336,0.8579599926516188,0.06696158117473716,0.0044838533534209135,0.7138773798082727,0.11204882835139257,0.012554939934919835,0.5300182523814666,0.06303681992235674,0.003973640665923632,0.5261924415006788,0.0635816390483494,0.004042624824074589,0.3105954680167098,0.08334313201320599,0.006946077653770682,0.747660841905743,0.09258433396359723,0.008571858895482905,0.7468992679618405,0.09277594791703672,0.00860737651190471,0.556238823239922,0.13821753277945112,0.019104086367638648,0.23499202551834125,0.01586370976475819,0.0002516572875004844,0.3604011737767351,0.04608643936709287,0.002123959893536727,1.3577608500886997,0.10693775232521258,0.011435682872368506,5.2002513885498045,8.324695718280113,69.30055880195125
0.5,0.25,1.0,0.75,0.11966716358679977,0.016639359924265736,0.00027686829868926065,0.27930443883221245,0.006758689891724281,4.567988905249598e-05,0.6807327726151046,0.06504990497608425,0.004231490137397591,0.6776187934744579,0.06570826447516166,0.004317576020337791,0.5004628873538142,0.07884044333266375,0.0062158155048909645,0.9022885128493741,0.07046793993344873,0.0049657305584641384,0.9019310629818799,0.07067774277755341,0.004995343324130003,0.7956686934579851,0.1306749146367103,0.01707593331531152,0.5915229758877593,0.08166360178422562,0.006668943856372577,0.5883010510051279,0.08232950715385956,0.006778147748197413,0.36584845012162537,0.09155813732541915,0.00838289251050031,0.799702985293775,0.11237136034439608,0.012627322625650111,0.7990633658691806,0.11264084508360772,0.012687959981149315,0.629465164993114,0.1703329252144282,0.02901330541210399,0.24242424242424238,0.0,0.0,0.3684937816674343,0.0,0.0,1.2175081193824169,0.1476939739955114,0.021813509954586797,3.5790099620819094,7.049699904435403,49.69826874259654
0.5,0.25,1.0,1.0,0.10135136666692024,0.01176752851821056,0.00013847472742689883,0.26542530274567155,0.011871617159673819,0.00014093529398586185,0.6228134960267916,0.0379946725039821,0.0014435951386848535,0.6192049043848209,0.03836598451505685,0.0014719487678095822,0.4429284882175983,0.038040146715923914,0.001447052762169017,0.8948307877037834,0.036455240243321196,0.001328984541198265,0.8944192582068172,0.03653478731495917,0.0013347906841493012,0.7683325710069303,0.0569676775406694,0.0032453162843776888,0.5479368105203075,0.06642411264047371,0.004412162740074339,0.5444424088795896,0.06694300200312249,0.004481365517190062,0.32905646356486934,0.067125348670894,0.00450581243418909,0.8137296548612172,0.10827935712046449,0.011724419178421083,0.8131213495896311,0.10859493321271593,0.011792859519474234,0.6536924112915498,0.18928227369069667,0.035827779133519796,0.24242424242424238,0.0,0.0,0.3236769703835572,0.0,0.0,1.391475198455175,0.08652776916959418,0.007487054837466572,1.5999698877334594,1.01414212274641,1.0284842451285947
0.5,0.5,0.0,0.0,0.30160778323569565,0.00949018246520886,9.006356322295773e-05,0.3015824684087936,0.00944734607696763,8.925234789799567e-05,0.7858394355054761,0.09017950021975275,0.008132342259884387,0.7852174428859254,0.09029896301550537,0.008153902721675606,0.6015295529629144,0.13122696215526217,0.017220515596498606,0.7876720538456417,0.09074126148982917,0.008233976536765553,0.7870557320974342,0.090863260515527,0.008256132111512528,0.6078203732197011,0.13334523550226268,0.017780951831153895,0.7160762514688684,0.09957075396814592,0.009914335045785047,0.7153464169440877,0.09977933278550474,0.009955915251120502,0.533686662989908,0.14372395153328832,0.02065657424434301,0.7147439809066132,0.10189833219572693,0.01038327010427072,0.7140055648259582,0.102117053262367,0.0104278925669891,0.5337154083690014,0.1511722428005216,0.022853046993339853,0.6801428235283749,0.1282766101826181,0.016454888719943363,0.8018595934339338,0.11035938264416152,0.01217919333760046,0.02726945429722693,0.029207484380358643,0.0008530771438288942,0.5476988554000854,0.635037497383683,0.40327262308333117
0.5,0.5,0.0,0.25,0.29827874628856116,0.008592191800561014,7.382575993762791e-05,0.2982170234471683,0.008592051769413946,7.382335360828931e-05,0.757609663353381,0.09646905260613027,0.009306278110724328,0.7569655940127366,0.09654379794278846,0.009320704921217966,0.5689473250326557,0.12161907646682833,0.014791199760644238,0.7576781081734026,0.09623428427661551,0.009261037470232448,0.7570328839061806,0.09630478738677319,0.009274612073611589,0.5697144497257224,0.11849942583243701,0.01404211392261724,0.700867104258186,0.1757859188441097,0.030900689263867926,0.7001989199691471,0.17610652207223151,0.031013507116377365,0.547849428616357,0.25112969989518547,0.0630661261694459,0.6981747969091769,0.17956738715417833,0.03224444652937857,0.6974959852047343,0.1798984234042336,0.0323634427433289,0.5459012979869136,0.2594503415593917,0.067314479735285,0.6832148013313537,0.12891517025230514,0.016619121121180823,0.8029373600798149,0.11053365657986854,0.012217689236916315,0.02653130984420381,0.028044228368713946,0.0007864787447965801,0.6114298105239868,0.2668091011379543,0.07118709645004313
0.5,0.5,0.0,0.5,0.3000207759479849,0.006029116884449481,3.635025040635381e-05,0.2999452340278687,0.00606603496896434,3.67967802446982e-05,0.8936891629521819,0.06031154930474121,0.0036374829795382297,0.8932967563337074,0.060476364978225214,0.0036573907209795048,0.774865383100637,0.10607574458299525,0.011252063588836847,0.8940869879586139,0.06061262504353215,0.003673890314667821,0.8936953983407209,0.06077921038431086,0.0036941124149403215,0.7776675901570774,0.10693777555904578,0.01143568784151685,0.7942780104229759,0.10363573089703171,0.010740364718561973,0.793630483482158,0.10388509427033725,0.010792112811556856,0.6254366698526863,0.16003609721603923,0.025611552412141556,0.789669218655705,0.10566086058504483,0.011164217459572278,0.7890025556783409,0.10591678603145643,0.011218365563233326,0.6151957151848476,0.162996811030669,0.026567960406167615,0.6182290813513128,0.14845366846648625,0.022038491681157412,0.7520960250385614,0.1326591738844303,0.017598456415699515,0.042225292824108404,0.0367343805146898,0.0013494147117980217,0.3259855985641479,0.20946820449499146,0.043876928694355555
0.5,0.5,0.0,0.75,0.16983413234740424,0.04119179705317219,0.0016967641444697252,0.2912184809335383,0.005738242630159575,3.292742848258068e-05,0.7154731492564609,0.0688684979236704,0.004742870006262594,0.712622264878029,0.06984790120485038,0.004878729302722539,0.5489619480965369,0.07864071666660276,0.006184362317836893,0.8417991869809962,0.06973790405099771,0.0048633752614261625,0.84126270395255,0.06990510527297202,0.004886723743225301,0.681526119039291,0.11701316854015173,0.013692081611805955,0.6206011608838459,0.0782275372750695,0.006119547588122387,0.6175565377114431,0.07902611267837946,0.006245126485055926,0.4181856170287195,0.10234925747489629,0.010475370505662614,0.750990232870816,0.11789717837776195,0.013899744669437821,0.7502732749327038,0.1181746365305278,0.013965244719122357,0.5685398658982793,0.17644705589728155,0.0311335635348184,0.0336734693877551,0.10648485998526173,0.011339025406080797,0.050050050050050046,0.15827215516358253,0.025050075100125142,,,,0.8496160984039307,0.6422560275255087,0.412492804892847
0.5,0.5,0.0,1.0,0.14080924608445838,0.018021781245742614,0.00032478459926940027,0.2778797732931598,0.007661440838566231,5.869767572285043e-05,0.6786609664115717,0.05790512143986846,0.0033530030889659134,0.6754223078614978,0.05853224494518992,0.0034260236983237108,0.5329547187818806,0.0728306605726137,0.005304305119443268,0.8914524576863118,0.06050835143445254,0.003661260593315214,0.8910493311328007,0.06067488308848966,0.0036814414378018886,0.7678238901322332,0.10731905844259525,0.011517380305005175,0.6116006221189918,0.06792642365164028,0.004613999030102116,0.6084283021762462,0.06852446739128644,0.004695602631259479,0.41949453141728466,0.08685177510868643,0.007543230839529842,0.8345965038657411,0.11216695262275414,0.012581425260675173,0.8340612271431358,0.11249233334582182,0.012654525061587494,0.6936933307197265,0.19672049365831182,0.0386989526251699,0.0,0.0,0.0,0.0,0.0,0.0,,,,3.5493319511413572,6.33294330725339,40.106170932885504
0.5,0.5,0.25,0.0,0.29731157745939923,0.009772980909675297,9.551115586087781e-05,0.29734875698965113,0.00987014336883817,9.741973012142008e-05,0.8217847892261284,0.06144397608093412,0.0037753621966344036,0.8212119331940648,0.06158828672628727,0.003793117061879373,0.6541353431598521,0.1027847745812802,0.010564709885724584,0.82287582239756,0.06380482105152642,0.004071055189417309,0.822306046942672,0.06396090306527612,0.004090997120925649,0.6593980364384315,0.11082445412330667,0.012282059631728907,0.7087894548761595,0.08032655040145922,0.00645235469939817,0.7079927286527552,0.08046510723133746,0.006474633481750636,0.5119523089748934,0.09102329192072006,0.008285239672084622,0.7044009193425504,0.08140198400537507,0.006626283000011338,0.7035871927597533,0.0815425655120626,0.006649189990289021,0.5038710907620041,0.09325942175337402,0.008697319745773691,0.6252367936144575,0.1549521985858485,0.02401018384658823,0.7564655157581621,0.13647948888576572,0.018626650886519845,0.038619689831444294,0.03617682147165985,0.0013087624117923491,0.7368133544921875,0.8165382498806175,0.6667347135181018
0.5,0.5,0.25,0.25,0.3024553291722786,0.01158849045960485,0.00013429311113235263,0.3024660659002942,0.011661126946850281,0.00013598188167055777,0.7848234737140067,0.13298346410056028,0.017684601724185005,0.7842494685866861,0.1331961721963313,0.01774122028775474,0.6122656594598723,0.20269755159528696,0.041086297422724016,0.7844192641169263,0.13474427185791807,0.01815601879852053,0.7838432156848371,0.134963803714729,0.018215228313147893,0.6134914446713896,0.2072165572040842,0.042938701579513495,0.7436239689417041,0.09606486466314179,0.009228458222747747,0.7429840460239726,0.0961996194610705,0.009254366784454774,0.5693307476606667,0.11022470193271082,0.012149484916154944,0.7412917125316795,0.09600974456766667,0.009217871051948599,0.7406391174398178,0.09614753389402843,0.009244348273903346,0.5662350496576881,0.1102268542359804,0.01214995939476007,0.6522065433251596,0.17164557366553015,0.029462202958968935,0.7764808540806444,0.14864562411796062,0.022095521569418033,0.03515794369737399,0.039682082913797226,0.0015746677043774779,0.7252906322479247,0.645721669120586,0.4169564739718756
0.5,0.5,0.25,0.5,0.29546036854249297,0.010505066426862584,0.0001103564206327954,0.29538608052274096,0.01057011314015773,0.0001117272917957351,0.8125130590966002,0.09980846036963459,0.009961728761356918,0.8119523035869539,0.09994386735228429,0.009988776621330998,0.6445234057765824,0.1395806713958967,0.019482763827329296,0.8124750074483018,0.0987515866642761,0.009751875868712033,0.8119119000951278,0.0988832505438641,0.009777897238120599,0.6446704255460889,0.1365545880195614,0.01864715550919215,0.6965455594699713,0.13055595959933627,0.01704485858690353,0.6957606641872787,0.13066349868536822,0.01707294988870122,0.5010786572787966,0.13146455446715835,0.017282929081248448,0.6904061639647583,0.13190041612202008,0.017397719773162054,0.6895972660926847,0.13200927535422174,0.017426448779546733,0.4891561999386079,0.133398489754897,0.017795157068887357,0.5635958074887574,0.19843782444707772,0.03937757017128923,0.7000246697395338,0.1736359259173952,0.030149434769191154,0.054202775951375105,0.04638946581570963,0.002151982538666892,1.3935092687606812,0.7350624399673928,0.5403167906508171
0.5,0.5,0.25,0.75,0.2059612885642476,0.07303858141865721,0.005334634375649819,0.28814009741185326,0.014386877110959704,0.00020698223300585626,0.7831106518887644,0.09207660328124524,0.008478100871811823,0.7812816942789846,0.09313504808240058,0.008674137181311069,0.6341178412176836,0.1463576582356287,0.021420564124217098,0.8795995712174675,0.06816742626934962,0.004646798004187215,0.8791703984652968,0.06834972629193241,0.0046716850841820754,0.7498543830369971,0.11818977003097009,0.013968821739973594,0.7000774115105328,0.12329940258345876,0.015202742677437835,0.69806919810748,0.1242586235683506,0.015440205531101056,0.5197340385812406,0.19641914698556667,0.03858048130253765,0.7943905203377251,0.13721765783205353,0.018828685620914522,0.793770932505608,0.13756274821109155,0.01892350969538817,0.6355429255847982,0.21715873893217044,0.04715791789461056,0.36824203365556746,0.14403307547046268,0.02074552682948,0.5249996007377264,0.11902436839552455,0.014166800271953543,0.5023380409225233,0.364573914310545,0.13291413899571258,1.0510794639587402,0.7841160397557387,0.6148379638022233
0.5,0.5,0.25,1.0,0.1299313051494313,0.01709321102327283,0.0002921778630861358,0.26936143966220105,0.01826723645191837,0.0003336919275902952,0.6856768835602308,0.054218105090213235,0.002939602919573406,0.6825674241792641,0.05477380021046017,0.0030001691894954064,0.5256126803209026,0.07121125251464125,0.005071042484703999,0.905943980645558,0.04936295193000268,0.0024367010232437558,0.9055790147321275,0.04950858026305221,0.0024510995196630825,0.7961108030559558,0.09150090368052637,0.008372415374352963,0.5897503660206376,0.059100523837999595,0.003492871917925958,0.5864641871598834,0.059601917248925274,0.003552388539747736,0.3701829143195779,0.05638859724136918,0.003179673898849348,0.7816646588703742,0.061380980404115486,0.0037676247553704093,0.7809385115868659,0.06149506711149709,0.003781643279047531,0.586668677958819,0.077215274853416,0.005962198670688579,0.2422694094226941,0.0004896249418530966,2.397325836846483e-07,0.40687085566242465,0.020200868241821116,0.0004080750777234169,1.2303277484461708,0.10945151940910137,0.011979635100960895,3.959037947654724,6.313602186238147,39.86157256607111
0.5,0.5,0.5,0.0,0.2926585069112021,0.03982236239196059,0.0015858205464766373,0.30297741005381074,0.008426423490015825,7.100461283309048e-05,0.8003013881662975,0.1297713504929935,0.01684060340877536,0.7995642751454475,0.1299941714470822,0.016898484610213402,0.637705633792336,0.17515929501433167,0.030680778629917676,0.8151166896633425,0.13401154741883384,0.01795909484159035,0.8145955122423238,0.1341783694339034,0.01800383482394106,0.6575058561619237,0.18543393195920607,0.03438574312185146,0.7668547936548797,0.10503397593578181,0.011032136100878394,0.7660596999642294,0.10539332126078252,0.011107752166378512,0.6029253515005453,0.15449962861886213,0.02387013524336632,0.7762976061494562,0.09921803840088311,0.009844219144119117,0.775696399322747,0.09938520305857358,0.009877418586993904,0.6149570775029712,0.145232816620204,0.021092571023437808,0.6464079765500392,0.2316092910388353,0.053642863695511904,0.7509602916702366,0.26585554723971094,0.07067917199812618,,,,0.7011184930801392,0.4090431637395191,0.16731630980203505
0.5,0.5,0.5,0.25,0.2863157814317997,0.05366294097042407,0.002879711233595218,0.29430611920522165,0.028624441133766908,0.0008193586302204869,0.8007571219444196,0.11134793569306964,0.01239836278310797,0.7999144970381562,0.11184830956795126,0.012510044353208257,0.6324237628326941,0.15657181188198638,0.024514732276008134,0.8249320028249288,0.1084842420233332,0.011768830767377135,0.8244005673216389,0.10864935551856077,0.01180468245459861,0.6691993244124,0.16120196184085156,0.02598607250133936,0.7643791031472605,0.10566193358243346,0.01116444420837858,0.7634676386655052,0.1064698721659905,0.01133583367904236,0.6006438397178485,0.15297769175433873,0.023402174174485476,0.7871794572750488,0.07683706310814521,0.00590393426708509,0.7865737612107584,0.07697645124497882,0.005925374046270601,0.6299419983220726,0.12342428162307433,0.015233553294171963,0.657652115198453,0.16643650058676623,0.027701108727568632,0.7823684397578802,0.15035159751704397,0.022605602875927184,0.07450397673283064,0.16960856787593154,0.028767066296924475,1.1865461826324464,1.1071239473752732,1.225723434851807
0.5,0.5,0.5,0.5,0.23609303294848902,0.0860911180254455,0.007411680602871187,0.28234665426318595,0.03400000764096459,0.0011560005195856505,0.7628391893668116,0.06648346564190748,0.004420051203758693,0.7612532815380044,0.06751557543449725,0.004558352926251289,0.5767705878596474,0.09471248654261906,0.008970455107085796,0.842653489322241,0.0692453518734939,0.004794918756083984,0.8421207387592547,0.06940999436169563,0.004817747317290621,0.6840592867873827,0.11608931651698152,0.013476729409379919,0.684327123732357,0.10960357579347146,0.012012943826715245,0.6825774112248171,0.11066693914441611,0.012247171419593897,0.48190376391016987,0.1618112921914203,0.026182894280657194,0.7544327971410725,0.08922013793346607,0.007960233012866712,0.7537049634060979,0.08941410324768527,0.007994881859587721,0.5682825119450688,0.13018378741461467,0.016947818505613586,0.5173923592299857,0.23796240174072708,0.056626104642215194,0.6580999913674584,0.2138674408461487,0.04573928225408091,0.083003541768537,0.08000393337099565,0.006400629354830711,1.152361226081848,0.7591963576882463,0.5763791095270997
0.5,0.5,0.5,0.75,0.13523798215067834,0.016941267802095327,0.00028700655474231184,0.2863767737393967,0.015318836782868198,0.00023466676038015567,0.7151507359320787,0.05696250737628654,0.0032447272465934984,0.7122922212785093,0.057573834283495356,0.0033147463941033853,0.5436030722672484,0.05359171417202155,0.0028720718278956556,0.8802072901028056,0.0465500262987891,0.002166904948417957,0.8797569939799162,0.04664593063838154,0.002175842845120701,0.7395334842463646,0.06641190755026141,0.004410541464464469,0.6422070731830127,0.08566207482778307,0.007337991063800705,0.6392966814889501,0.08639472388536569,0.007464048315228577,0.4338734627869273,0.10908258991720503,0.011899011423045119,0.818300012376635,0.13751157721215923,0.018909433867375626,0.8177375216550719,0.13789313349402466,0.019014516264800902,0.6733435363328988,0.23295990675566539,0.05427031815560831,0.4703193278693921,0.1254804538519091,0.015745344298881088,0.6128197863203366,0.1239506282169228,0.015363758235369819,0.2287580772239858,0.039104362901978065,0.0015291511979695985,5.645126581192017,8.394154550880216,70.46183062406304
0.5,0.5,0.5,1.0,0.13419396414103385,0.015746284189705605,0.00024794546578297264,0.2773075095810481,0.00818297027571363,6.69610025332128e-05,0.7307955050342055,0.049508068829982564,0.0024510488792742913,0.7281894032353896,0.0500064040167001,0.00250064044268144,0.5760041212674478,0.058985282452844644,0.0034792635460418626,0.9443260385620945,0.04811623311459751,0.0023151718891382903,0.9440963291637209,0.04831490853085035,0.0023343303863444364,0.8732407470726674,0.11029644717226973,0.012165306258825288,0.6411841584332981,0.0554091409714095,0.003070172903189531,0.6383762972370735,0.05586375672886067,0.0031207593158613257,0.41568869094485494,0.05542572014575741,0.0030720104536758187,0.8519345683912309,0.07605243734400464,0.0057839732259637525,0.8513962435052829,0.07629377289367345,0.005820739782351422,0.695134875957162,0.13498125391626856,0.018219938908808162,0.34256328338085834,0.022069506492438138,0.0004870631168197691,0.4824340524301709,0.031170522757012955,0.0009716014889454626,0.5438901494955314,0.033475861957672305,0.0011206333338091318,3.604272985458374,7.051489275542841,49.7235010030957
0.5,0.5,0.75,0.0,0.22237331382174266,0.08545881458186844,0.007303208989738168,0.30603160207455293,0.009506274312766367,9.036925130956168e-05,0.6997032598556217,0.14453684265868863,0.020890898885742512,0.6973669237916569,0.1457882854489476,0.021254224174143826,0.5091083664551999,0.19673349101801738,0.03870406648813632,0.7725337467972334,0.11874253671900643,0.01409979002646459,0.7719088946852845,0.1188884925508335,0.014134473661009592,0.584007561960313,0.16800168603121934,0.0282245665093324,0.6218071164468156,0.14030390993168088,0.019685187142117217,0.6194857721734555,0.141275226022456,0.01995868948769603,0.4234582891737849,0.156840688708276,0.024599001634486337,0.6962127925420338,0.13994053923868038,0.019583354522412645,0.6954692466656414,0.14009105203243952,0.019625502859555676,0.50528802901137,0.15355957736535703,0.023580543800627067,0.36054616989915095,0.3815131064581986,0.14555225039938477,0.4188384838280929,0.4421624099787549,0.19550759679822052,,,,1.0838448762893678,1.055669954609539,1.1144390530653059
0.5,0.5,0.75,0.25,0.2552677834037004,0.07935798226068898,0.006297689348487826,0.28963360843189156,0.028247253633591436,0.0007979073378404446,0.8490130486702328,0.10691657946297513,0.011431154964062676,0.8478684080107198,0.10826291566517662,0.011720858908325147,0.7147568142321095,0.13647434836577282,0.01862524776186232,0.9157736248202829,0.02994238385842016,0.0008965463511249801,0.9154258747882948,0.03006627007646031,0.0009039805963106525,0.8074750489698387,0.06971806390208533,0.004860608434255255,0.7554270733799546,0.13584641265893346,0.018454247832301235,0.7540150553560959,0.13716197004042033,0.018813406025369163,0.5723064321019102,0.1920843483785921,0.03689639689202834,0.8168807251361475,0.07367499444178371,0.005428004805996861,0.8162434690462941,0.07391952808594085,0.005464096632448199,0.6419177086397542,0.1369943812046616,0.018767460481648138,0.5695000276699564,0.1900385413651264,0.036114647204184856,0.7035468426522545,0.1771288563243839,0.03137463174278424,0.25057638347861316,0.3678120186983824,0.1352856810989792,1.2385703563690185,1.2707071169294593,1.6146965770151784
0.5,0.5,0.75,0.5,0.2151737277741113,0.09727169266943744,0.00946178219477749,0.3024349850739177,0.00922852077277991,8.51655956536303e-05,0.7600388563689177,0.14071443540400197,0.01980055233106704,0.7581713914051068,0.14195869229097338,0.020152270316963268,0.5976466271774304,0.1842624063825711,0.03395263440589578,0.8319542151506438,0.11686209875560027,0.013656750125563671,0.8314507144728923,0.11707026713824852,0.01370544744782087,0.6809092712150508,0.18114118998148482,0.03281213070790838,0.7309573599233463,0.16996729184222537,0.02888888029618021,0.7291624676711064,0.17137136323138552,0.029368144135783474,0.5722007320021537,0.2507234404033793,0.06286224356770688,0.815899896816388,0.13433806287311173,0.018046715136500118,0.8154068878890419,0.13464019212418057,0.018127981335236257,0.6875657709492218,0.2082257683913471,0.043357970622166925,0.566491722483452,0.18882076240289558,0.03565328031441074,0.6958764561480969,0.1731564157964419,0.029983144331470275,0.11865346027143746,0.10513238211679099,0.011052817769550954,1.8705931425094604,0.9407337924282442,0.8849800682164267
0.5,0.5,0.75,0.75,0.13751543784564033,0.060104711129972954,0.0036125763000174945,0.28538028522650766,0.016717419019328147,0.00027947209866779443,0.7111528491637563,0.09294984403122926,0.008639673505429846,0.7083680261600429,0.09403521800679117,0.008842622225584743,0.5392851202406569,0.11357787293999672,0.012899933221574037,0.8865787433564121,0.07185144117591093,0.005162629599055389,0.8861579104741262,0.07205732447587293,0.005192258010621236,0.7555223364410744,0.13574793046119638,0.01842750062449781,0.6242722944086502,0.09619315067006476,0.00925312223583378,0.6213796156374778,0.09716283441942891,0.00944061639241736,0.40162789728215487,0.1080036764327255,0.011664794122984866,0.8067760296054358,0.0930758038633944,0.008663105264817063,0.8061473609559402,0.09332934902982563,0.008710367390331014,0.6334826730281201,0.1530933617676005,0.023437577417305403,0.5448576656418345,0.11727940691845688,0.013754459287144994,0.6881639872266369,0.09080532270413652,0.00824560663140237,0.17990175452891335,0.06445940010253275,0.004155014261578398,3.8462377071380613,6.290497439299765,39.5703580338369
0.5,0.5,0.75,1.0,0.11229525645282164,0.02030468798740094,0.000412280354265704,0.2691549262928974,0.00923490258649988,8.528342578214216e-05,0.681693218938481,0.059782465724245455,0.0035739432080705825,0.6786401839216349,0.06037417343919237,0.0036450408184656815,0.5104863149203231,0.06478316173572737,0.004196858044477411,0.9237753465329795,0.06420882374820809,0.004122773047128452,0.9234839876969666,0.0644203139180419,0.004149976845299062,0.8362353539297466,0.12663923605764268,0.016037496109263347,0.5988650802165187,0.05685408761369249,0.0032323872783854217,0.5957570692270591,0.05731144041578384,0.0032846012025319416,0.3679840755716788,0.04745941870992057,0.0022523964242835586,0.8289322157166656,0.0572535844927172,0.0032779729372647073,0.8283315110425109,0.05743202308651067,0.0032984372758094946,0.6608807451285046,0.10128064462287667,0.010257768975225437,0.3951839712447965,0.054854302031544844,0.003008994451367945,0.5574150970697886,0.06964279447958119,0.004850118822925183,0.3915943568032614,0.04607149466784805,0.0021225826209295517,4.381541800498963,6.481573285983004,42.01079226156852
0.5,0.5,1.0,0.0,0.13403665909743695,0.020925482517256785,0.00043787581858001937,0.27817283328320763,0.01759524319688564,0.00030959258315755043,0.6676271727749608,0.08991683018753661,0.008085036350974295,0.6642409760338973,0.09092597435975132,0.008267532813270154,0.4998274394696375,0.09094009535845111,0.008270100943804183,0.8736163676939059,0.10051937740710411,0.01010414523431183,0.8731914665031801,0.10062716647040472,0.010125826631862542,0.7411230677892131,0.13119716906871742,0.017212697171645627,0.6017656290780125,0.07342190048368843,0.005390775470636647,0.5984819530125434,0.07408915885850086,0.005489203460360175,0.4107017038159455,0.09362768641257507,0.008766143662971494,0.8165126623910239,0.10238294370005124,0.010482267160687862,0.8159434470740372,0.10264156942105501,0.010535291773217256,0.6634240466286541,0.17795927242411513,0.03166950264172042,0.0,0.0,0.0,0.0,0.0,0.0,,,,1.5286066293716432,1.046466163881959,1.095091432149823
0.5,0.5,1.0,0.25,0.12149361713633504,0.018580470330705534,0.0003452338777102287,0.278437335119293,0.011952073001700725,0.00014285204903798337,0.6617767650903903,0.055634545336817276,0.003095202634834377,0.6584117194386734,0.056209429362543056,0.0031594999492627176,0.4806690885976178,0.045476599704441935,0.0020681211206780483,0.8713192293331915,0.0563189838538352,0.0031718279423285497,0.8708565134563125,0.056441487974756434,0.0031856415648045754,0.7328761807515318,0.08606847300572322,0.0074077820455369075,0.5959110769320859,0.0904541743779248,0.008181957662392027,0.5926555824749984,0.09119281345400483,0.008316129225656926,0.3969320076875446,0.12232584091011896,0.014963611354367733,0.8096301742037962,0.12514365501461355,0.01566093439041661,0.8090493463273238,0.1254836287380273,0.01574614108126307,0.6639274313471406,0.2105925787018563,0.04434923420429754,0.23598185537708583,0.006039588873890644,3.647663376562366e-05,0.3691246395164193,0.022167214856303324,0.0004913854144855148,1.250099158286719,0.1293030968710626,0.016719290860447395,5.8793503761291515,8.96559654906974,80.38192148069125
0.5,0.5,1.0,0.5,0.11595199581152478,0.024666250820566414,0.0006084239295430933,0.27814099221831656,0.00813576413653736,6.619065808536749e-05,0.6766101475362889,0.09403738221949956,0.008843029254696252,0.6734374947763511,0.09500559300782999,0.009026062702769434,0.5053853848982053,0.11739802809262066,0.013782297000035752,0.8855005049030769,0.09732178804766836,0.009471530428795285,0.8851208119475207,0.09761345112512373,0.009528385840556921,0.7741937274453374,0.18335138524385988,0.033617730470842315,0.5908493090945612,0.10564349092784096,0.011160547175420817,0.5876030460940662,0.10653103091976368,0.011348860548827645,0.37024052155329157,0.10986841354307558,0.012071068294472275,0.7808499326186431,0.11982121214655715,0.014357122880270254,0.7801791355529124,0.12007992588218944,0.014419188599872108,0.6047484010086885,0.1710831006322223,0.029269427321935097,0.30688748486108425,0.06984141655321562,0.00487782346615978,0.44512589997377183,0.10787650237902772,0.011637339765532375,0.5588314334662212,0.08896593062428346,0.007914936811844818,1.464621639251709,0.8022915285607306,0.6436716968003137
0.5,0.5,1.0,0.75,0.10773112062905299,0.01929399496618497,0.000372258241755171,0.27025501443276356,0.015419997516261526,0.00023777632340151166,0.6757157620684582,0.07182483306781799,0.005158806645219921,0.6725958492929862,0.07253180892526559,0.005260863305971236,0.4922449086292067,0.08334881357838435,0.006947024724924268,0.9111390255057173,0.07682540352506236,0.005902142626788663,0.9108178522106236,0.07706270015252373,0.0059386597547977805,0.8149251529858317,0.14578612480025377,0.02125359418427517,0.6168545738694822,0.05885793130459431,0.0034642560774563427,0.6138778517899919,0.05932078015000815,0.0035189549576056006,0.3954619431509147,0.06895503371605916,0.004754796674782855,0.8612993552754418,0.07317594648379089,0.0053547191437986275,0.8608194356548481,0.07342362768518883,0.005391029102453227,0.7289708692924914,0.14270201386956408,0.020363864762429254,0.3628269367420316,0.06009108223346682,0.0036109381639892715,0.5041920226480021,0.0938576112688375,0.008809251193092211,0.4209271192231876,0.06340646175087994,0.0040203793917658005,3.8924673557281495,6.699379116093375,44.88168054114806
0.5,0.5,1.0,1.0,0.10906440798920995,0.018435318541385245,0.00033986096972234256,0.26173329619775904,0.013208283019286974,0.0001744587403175846,0.6722356484109738,0.053525044925193464,0.002864930434243979,0.6691322453112177,0.05404199144012723,0.0029205368388147846,0.4962140860162484,0.06528129896629203,0.0042616479947264006,0.950442940635902,0.07184524161467544,0.005161738742671091,0.950260884198251,0.07208611323157758,0.005196407720835825,0.8947246175016236,0.14437214737919318,0.020843316938879475,0.6018269923372496,0.05169293562204005,0.002672159593224377,0.5987835963581813,0.05209557521601287,0.002713948957087255,0.3676787045156556,0.04470269436333793,0.001998330883342005,0.8844586075324974,0.06199830255307936,0.0038437895194631663,0.8840261791756451,0.06220251286355115,0.0038691526065402462,0.7529389462674685,0.11921041112520328,0.01421112212063999,0.41987704818545935,0.08445047138606117,0.007131882117327937,0.5731439679015085,0.015055308466176856,0.0002266623130117365,0.43035940067234646,0.08806208290332479,0.0077549304452720486,3.243903541564941,6.810201872014586,46.378849537590966
0.5,0.75,0.0,0.0,0.23201710201136977,0.06350930394967624,0.0040334316881723625,0.2927188771083675,0.02264251688852285,0.0005126835710470425,0.7604233765154292,0.12546847774010447,0.015742338906419094,0.757921248914907,0.127295517383412,0.016204148745910543,0.6075041851578592,0.15195717468215353,0.023090982937382525,0.8435379816583616,0.0646744316563575,0.004182782110072857,0.8430076999365342,0.06481954166497068,0.004201572981656871,0.6846540204834946,0.1027603846112481,0.010559696645451637,0.6813957752470152,0.1975793595559661,0.03903760332254572,0.6786212489057099,0.19961773260442855,0.03984723917013314,0.5180373442600066,0.2780494576873862,0.07731150092024958,0.7493262848213693,0.1509293988903123,0.022779683449391,0.7486235590154092,0.15130572509066578,0.022893422445212128,0.5783881612546874,0.23861984041435194,0.05693942823937079,0.2775909364128158,0.3584084473958328,0.12845661516469142,0.3269460870702946,0.4220977809226344,0.17816653665981227,,,,0.7184108257293701,0.8851581760538062,0.783504996634901
0.5,0.75,0.0,0.25,0.25926814421260413,0.07033521809292256,0.004947042904178982,0.2979229120551477,0.01110653752918923,0.0001233551758872888,0.7706126586162235,0.1452683032147736,0.0211028799188994,0.769170562967932,0.14616319331474922,0.02136367907996475,0.6146360858750777,0.18112960810217313,0.03280793493124682,0.8105989369488406,0.12622096700357513,0.015931732511317603,0.8100776927812687,0.12635909486705496,0.015966620855621397,0.6570083995129278,0.16464982359716748,0.02710956441057837,0.7084708548749188,0.20230463324569384,0.04092716463267469,0.7069036236634264,0.20343853888915356,0.04138723910535365,0.5546408731041512,0.2718507957640358,0.07390285515753951,0.7367352952277548,0.18212240600664145,0.03316857076964795,0.7361060307071513,0.18241969378624878,0.033276944681068774,0.5857443227065593,0.24841160433881027,0.06170832517018162,0.4675096761472237,0.3457620235628302,0.11955137693826316,0.5523653288457322,0.3958677576098895,0.15671128151508223,,,,1.359106755256653,1.2278126871459678,1.5075239947166021
0.5,0.75,0.0,0.5,0.23703913786028305,0.07937372580206782,0.006300188347701847,0.29224773788406516,0.014317164433844821,0.00020498119742575112,0.7804251973230565,0.13488316092431274,0.01819346710093405,0.7787634053580064,0.13607208456223985,0.018515612197113354,0.6276721964222698,0.1667370793633619,0.027801253634624046,0.840050531702067,0.10007846089402732,0.010015698334917354,0.8395531279369302,0.10019750597652458,0.010039540203915677,0.690566161680416,0.12975860096043385,0.016837294523209104,0.6890514684651443,0.18049919538943848,0.032579959536234694,0.6872425944672527,0.1815332315693878,0.03295431416402497,0.5201762991341995,0.22808125776603816,0.052021060144137946,0.7442384090436146,0.18170619334748092,0.03301714070083212,0.7435715643013615,0.18201229980282327,0.03312847727951282,0.5821916853288218,0.24989092979421673,0.06244547679341815,0.35185101497324645,0.3364026024325889,0.11316671092341846,0.4317984074436466,0.39304875440323433,0.15448732333793402,,,,1.635135531425476,1.0236956571171025,1.0479527984004164
0.5,0.75,0.0,0.75,0.1454302533502315,0.01372262033915014,0.00018831030897245712,0.2747257246978606,0.025650199775435305,0.0006579327485197414,0.7277446716916328,0.0590379439373233,0.0034854788243465287,0.7249767705346744,0.05969373984063915,0.00356334257616191,0.550232578169741,0.06687984609554086,0.004472913813763232,0.9063303655823998,0.07369812142760247,0.005431413101957639,0.9059683652099739,0.07393561160001734,0.005466474662668619,0.7913262444968372,0.1506068334578354,0.022682418284196166,0.6460209728357043,0.05122826739966555,0.0026243353807716362,0.6431052510048755,0.05169042441132331,0.0026718999758227283,0.415290803838424,0.0745780541522502,0.005561886161135963,0.8314511456414276,0.07620272549961521,0.005806855373569706,0.8308682206795783,0.07645097529664195,0.0058447516238077585,0.6630861162174395,0.1398410730433045,0.019555525709902825,0.0,0.0,0.0,0.0,0.0,0.0,,,,0.7662855625152588,0.3474605112519218,0.12072880687944686
0.5,0.75,0.0,1.0,0.13306398684152998,0.025362235812489496,0.0006432430054083248,0.27582452965314574,0.009061534470637856,8.211140696255811e-05,0.6992146239658252,0.08790284572786548,0.007726910287056919,0.6962544478993921,0.08880376889955499,0.00788610937076557,0.5420867893366892,0.10898449021625758,0.011877619107697544,0.9189289454520783,0.08307810596555333,0.006901971690823707,0.9186398926924919,0.08334003601320954,0.006945561602683063,0.8312442880511526,0.1601863943387916,0.025659680931262842,0.6074367252332367,0.09937261576764668,0.009874916764504341,0.6043106934169473,0.10020822530207853,0.010041688418192132,0.3911687130687816,0.09390648446840792,0.008818427825215337,0.8200873090658283,0.12062875541694706,0.014551296633441636,0.8195019981881453,0.120913073069085,0.014619971239009889,0.6577627002664539,0.1792186562098518,0.03211932673366505,0.0,0.0,0.0,0.0,0.0,0.0,,,,5.571911430358886,8.084882881423082,65.365331206328
0.5,0.75,0.25,0.0,0.22688908044652312,0.07371898603056193,0.005434488901374185,0.29070222717175204,0.020930164646610166,0.00043807179213421,0.7354097223128038,0.12504704134192451,0.015636762548368977,0.7332482826717655,0.12622607198643723,0.015933021249125236,0.5793738687895658,0.15154495804534446,0.022965874308965215,0.8168737187352176,0.10044630406010574,0.010089459999335216,0.8163298734774486,0.100573629765217,0.010115055004150941,0.6590065318462388,0.13561492850850146,0.01839140883436596,0.6556507018190183,0.1593778688751853,0.02540130508719576,0.653255573660954,0.16097413102396815,0.02591267085892167,0.48241526674501306,0.21369465741748692,0.0456654066087771,0.7225794600478691,0.11866866465973544,0.014082251972124744,0.721847041956432,0.1189227438110018,0.01414261899553717,0.5445870795373705,0.17673414202864984,0.031234956958602973,0.28524593334003695,0.3690135940276505,0.13617103257720367,0.33308923599292795,0.4303541308561493,0.1852046779449517,,,,1.0519871711730957,1.0875690141791003,1.1828063606025
0.5,0.75,0.25,0.25,0.21980279166333525,0.0802792030489366,0.0064447504421723915,0.283118069764336,0.02476493744118269,0.0006133021264656921,0.7772963231514096,0.13473751321267144,0.01815419746673481,0.7752337210835364,0.13650149912230072,0.018632659262635465,0.6204547243366192,0.16664503082026078,0.027770566297085665,0.869702481256472,0.05312086231791708,0.002821826013399103,0.8692315745919366,0.053230462206156876,0.0028334821066810954,0.7256908251819507,0.07564260286953421,0.005721803368878065,0.6842874791954633,0.12260649286792724,0.015032352093373093,0.682110266993162,0.12418249677619976,0.015421292505570863,0.4952763759427749,0.12963353638584876,0.016804853755901177,0.7822534565295737,0.13143524369749196,0.0172752232858191,0.7815982803318675,0.13177366213837383,0.017364298033358292,0.6160141769338633,0.2129847518868465,0.045362504536301564,0.39756037117949705,0.15047668445437565,0.02264323256438174,0.5857611780440535,0.1194410558091741,0.014266165812810242,0.6531658582723289,0.6086306801560172,0.3704313048271761,5.320112824440002,9.321189084472717,86.88456594849333
0.5,0.75,0.25,0.5,0.29968214672417165,0.0066420923179979175,4.411739036080695e-05,0.2996288306066518,0.006799646961578714,4.6235198802106633e-05,0.8938684228449814,0.11399723849959295,0.012995370385533077,0.8935283626873132,0.11417861183243884,0.013036755399982742,0.7883919348317954,0.17103155276184173,0.029251792040126654,0.8947025284728956,0.11551683538165335,0.013344139256591999,0.8943663234465957,0.11570164186436471,0.013386869930109714,0.7931977662751464,0.17364729224506026,0.030153382104041362,0.8005134190756286,0.06490743124137102,0.004212974630353306,0.7998803470704888,0.06496902503416306,0.004220974213889706,0.6250380585602646,0.07904182907877283,0.006247610744117937,0.7967525351750899,0.06386773762797811,0.004079087909716251,0.7961017672489208,0.06392732187187206,0.004086702481709931,0.6158188789534639,0.07493932131860508,0.005615901879693137,0.5564290701617891,0.19169300697148361,0.03674620892176926,0.6946209014041654,0.16841817216782012,0.028364680716349497,0.058515829386919314,0.046160757819825926,0.0021308155625006206,1.0107357263565064,0.6751211120882457,0.4557885159872695
0.5,0.75,0.25,0.75,0.16204947480907395,0.07472020401502417,0.0055831088880468355,0.2863526443859284,0.020873011067497164,0.00043568259102385915,0.7558186996960349,0.11848614462875913,0.014038966468987227,0.7534442586682614,0.11977957185915047,0.014347145834761392,0.6039737078650054,0.1709461277031199,0.029222578576691378,0.8821321426808757,0.12026834516527922,0.014464474848794743,0.8817670950547264,0.12047488747777556,0.014514198512782683,0.7730145482969586,0.18343639819346086,0.03364891218218993,0.656630608950813,0.11198633495233049,0.012540939216055556,0.6539988041493523,0.11312724192751925,0.012797772866127467,0.4346792547727444,0.1426740321844311,0.020355879459764078,0.7809828652942591,0.08281907486038059,0.006858999160729324,0.7803095168427159,0.08292601922168784,0.00687672466395574,0.5978314498279612,0.09814206209190507,0.00963186435165135,0.3511457743311738,0.13655538663171488,0.018647373618137134,0.4701247299931509,0.12850255741817257,0.016512907263010735,0.7901621744632393,0.39327231281840125,0.15466311202953445,3.6405287981033325,7.0995795527336885,50.404029825594286
0.5,0.75,0.25,1.0,0.11704874405537462,0.014476577589801004,0.00020957129871352863,0.2742573332304541,0.00795370301144271,6.326139159423286e-05,0.6711406233784624,0.05837920634285814,0.0034081317332220083,0.6679386248435396,0.058970852918025375,0.003477561493879382,0.4958240508477124,0.06678225597152389,0.004459869712646138,0.90137652950136,0.05797091806243914,0.0033606273410020323,0.900993777096148,0.058144251415466135,0.0033807539726649354,0.7821783838196101,0.11408020766190807,0.013014293780184068,0.5776848553842021,0.05797464071244254,0.0033610589657368005,0.574359393522798,0.058456936476154936,0.0034172134221772134,0.34588764974991915,0.05250938104004662,0.0027572350972088072,0.7758915058549674,0.0724065940581052,0.005242714863095236,0.7751449003047199,0.07255410538138418,0.005264098207693002,0.573785568245989,0.09960424571570432,0.009921005764594404,0.24140762463343107,0.003214827728812441,1.0335117325941358e-05,0.36363636363636365,0.001151070219371534,1.3249626499240314e-06,1.2083503877859507,0.10172247776332939,0.010347462482311042,9.845445537567139,10.799938720746292,116.63867637187506
0.5,0.75,0.5,0.0,0.22546226583376075,0.08289534942531226,0.0068716389563446174,0.2893808917322568,0.021111711176329515,0.0004457043487927566,0.792849205273739,0.12432476377335405,0.015456646887300288,0.790961164668213,0.12594575223776408,0.015862332506736253,0.6485694775405486,0.15379231791702563,0.023652077050291487,0.8843711285292952,0.04820675772467439,0.0023238914903254545,0.8839392606614919,0.04831098678572687,0.0023339514442106764,0.7546407579809027,0.0730629093096963,0.005338188716796906,0.6902044465881969,0.11927809263751706,0.0142272633832441,0.6880894985660677,0.12081225286901211,0.014595600443286125,0.4986404874416711,0.1357648206253126,0.0184320865194233,0.7777394589946807,0.0985878581120477,0.009719565767121251,0.7770387766362546,0.09882958009155622,0.009767285901073326,0.596514496284484,0.1559789408809464,0.024329429998341773,0.3428236279849183,0.36137147139542203,0.13058934033849232,0.40623124592590243,0.4282113750147542,0.18336498169202647,,,,1.1419455051422118,0.9358374430404456,0.8757917197964793
0.5,0.75,0.5,0.25,0.19954470391395224,0.09046847877873856,0.008184545652539071,0.28069680023346666,0.02546067633649504,0.0006482460395117586,0.7715933853041107,0.12024441492319694,0.014458719320221948,0.7694781578281856,0.12177330454564643,0.014828737699966753,0.610462813703965,0.1516389778793961,0.022994379612307977,0.8786645949352468,0.06908525478738492,0.004772772429037891,0.8782318989722411,0.06927037146584064,0.00479838436301555,0.7476185380784987,0.11968572463023716,0.014324672680264957,0.6926212339483383,0.15274028647185608,0.02332959511150466,0.6903686838904255,0.15423974777398905,0.02378989979338376,0.5053387973240087,0.21778418421636084,0.04742995089478579,0.7932101968733144,0.13838284830555453,0.019149812705158118,0.7925865592941234,0.1387312618144275,0.019246363004623224,0.6335170866412468,0.2187940377165258,0.047870830940300514,0.4444570534625448,0.2145665107151969,0.04603878752049471,0.5990095115626171,0.18710251617204832,0.035007351557911605,0.5392331716919738,0.4426748736386222,0.1959610437509701,1.720864725112915,1.2972142701955558,1.6827648627989882
0.5,0.75,0.5,0.5,0.19389009822704378,0.09286579647810385,0.008624056155512606,0.289970273956277,0.01625007072794304,0.0002640647986631513,0.8052534834801113,0.1370148383206984,0.018773065920047127,0.8034191444880132,0.13848147743075181,0.019177119591403825,0.6727140587072051,0.2065357470617841,0.04265701481436926,0.9019840196267597,0.08433145672885244,0.007111794594010312,0.9016476001030782,0.08458346740330164,0.007154362957965391,0.8049330183794423,0.15560475325544731,0.02421283923568864,0.7326480223226388,0.16004881365688195,0.02561562275297532,0.7306605276040683,0.1614800316090273,0.02607580060845245,0.5523014536264181,0.2332035482962413,0.05438389493795734,0.8244758331587431,0.11472248068929944,0.013161247575506683,0.8239239017222564,0.11499760441358237,0.013224449020862778,0.6778663851847703,0.1759692514927271,0.03096517747091064,0.42756368062805905,0.1829842203271831,0.03348322488874709,0.5968316361443284,0.16424374824191043,0.026976008836552053,0.21279427992826974,0.13352659133934416,0.01782935059470422,3.410602331161499,6.692975272259485,44.79591799507693
0.5,0.75,0.5,0.75,0.1644786168351345,0.06970148277453997,0.004858296700969492,0.28892408356383864,0.02052084200214472,0.0004211049564769869,0.7997118454738695,0.10660116752799861,0.011363808918332425,0.7977563841781873,0.10764240205922732,0.011586886721080346,0.6532319730196088,0.18522150778104457,0.034307006944683555,0.9365853721179377,0.04379773196036223,0.0019182413248717348,0.9363243305991491,0.04397804865012152,0.001934068763072455,0.8579915830775817,0.09820707421437413,0.00964462942574759,0.7071698946209767,0.10479244671841355,0.010981456889231543,0.7049301647593906,0.10577311193102204,0.011187951207572516,0.4755375874175695,0.15704762829208072,0.024663957552167548,0.8195887717196498,0.05374610769603998,0.0028886440924743273,0.8189470147563966,0.0538944931622204,0.002904616393212621,0.6382176696289994,0.07915209113874414,0.006265053531636058,0.4222661358065493,0.10258272686363046,0.01052321585077821,0.5978893070786138,0.10280383264949026,0.0105686280074244,0.22381992080764007,0.07320079489867683,0.005358356373798152,1.8371132373809815,1.0626603089548223,1.1292469322279584
0.5,0.75,0.5,1.0,0.10944982803251213,0.01571013209448619,0.00024680825042620505,0.2712360645789431,0.008979077103461275,8.06238256299025e-05,0.668537523096079,0.04825966518391633,0.0023289952836637057,0.6653480889887005,0.04873769012199559,0.0023753624384276664,0.49256281298296295,0.05882701873552709,0.0034606181333100556,0.9010460934812088,0.04940318076151836,0.002440674269355258,0.9006591049601017,0.04955117693675686,0.0024553191358177855,0.7780025551991283,0.0937144069625762,0.008782390072347351,0.5866096565602289,0.051969309483975754,0.0027008091282412524,0.5833946452210046,0.05239066670880828,0.002744781958193432,0.35723716435849107,0.0584543862848723,0.003416915275941067,0.8237904435756356,0.07873756415569078,0.00619960400917152,0.8231839053917718,0.07901164179138401,0.0062428395385699794,0.6581165366314664,0.15602146395988184,0.02434269721618471,0.3685056522904929,0.07289843754691987,0.005314182196782177,0.5109320757118697,0.05866929157616405,0.0034420857740489544,0.43296768582290734,0.03181162407170114,0.0010119794260792356,3.1420195579528807,6.190064970680595,38.31690434124695
0.5,0.75,0.75,0.0,0.16564516739618038,0.07530663259655472,0.005671088913032479,0.2869577717399761,0.01388714263735683,0.000192852730630294,0.6956432061108525,0.10626518043715687,0.011292288573341507,0.6929347287369624,0.10711706585508415,0.011474065797402436,0.5187211563652359,0.14603418862716483,0.021325984247994357,0.8455055378058471,0.11928976803381293,0.014230048757560898,0.8450368927710009,0.11949537915483484,0.014279145639357735,0.7050657268496988,0.1830358882014514,0.033502136369694215,0.610521416571417,0.10662746977435689,0.011369417310481392,0.6076132942218982,0.1078972777527783,0.011641822546460187,0.39282204762887235,0.12795138284567795,0.016371556372121246,0.7352778570135147,0.09647788571827823,0.009307982432669155,0.7345187774313692,0.09662217105616376,0.00933584393960657,0.5380972072626088,0.11994611450778946,0.014387070385515741,0.14578435704816614,0.30807327820802005,0.09490914474583613,0.1686816113705279,0.3559612355627056,0.126708401223328,,,,1.2904517889022826,0.8681302235377201,0.7536500850196518
0.5,0.75,0.75,0.25,0.217027767890615,0.09388112548145953,0.00881366572166555,0.2911161697838919,0.01563991111523217,0.00024460681969236284,0.777976807162416,0.12439585991989455,0.015474329965210025,0.7763228152929776,0.12532582204564333,0.015706561671416257,0.6236342469955736,0.16073134983991025,0.025834566821359616,0.8729473091165719,0.11316614188848795,0.012806575669925387,0.8725440123174699,0.11333720120162497,0.01284532117621762,0.7517468330518333,0.1650770535656803,0.02725043361392649,0.7165442745555975,0.13564761472713885,0.018400275381162293,0.714766441756729,0.1368548446922005,0.01872924851572632,0.5266774401946266,0.20047829198540337,0.04019154555738465,0.7925862979726676,0.10183876198055286,0.010371133441731697,0.7919607222964793,0.10204462868610513,0.010413106243685069,0.6255947601510037,0.15391508463322467,0.023689853277652714,0.4986187757280732,0.2261865014865909,0.05116033345474358,0.6259512419247736,0.21639526073362222,0.04682690886797234,0.4760421425893844,0.4817481472874427,0.2320812774148836,1.5504013776779175,0.9329827527880286,0.8704568169999276
0.5,0.75,0.75,0.5,0.14311349757922393,0.0861476289957885,0.007421413981596019,0.2864757199831459,0.020401287037393204,0.00041621251278210796,0.7047820698387097,0.11408407250963208,0.013015175600382992,0.7019618890270977,0.11544140482394336,0.013326717947725573,0.5296256335568366,0.14344146997950188,0.020575455309880343,0.8447359463417461,0.06535395898205072,0.004271139954627569,0.8442107552242195,0.0655025143981324,0.004290579392477542,0.6883791059218218,0.10594245694022265,0.011223804182530932,0.6307741003155887,0.16113073350226076,0.02596311327897658,0.6279022615271397,0.16254348446265407,0.026420384341261066,0.4321440024249559,0.22981386944261836,0.052814414588188835,0.7532915993524354,0.12929043818985922,0.016716017407325808,0.7525800804555265,0.12960678586766217,0.016797918942946036,0.5787780928962084,0.20640341839631027,0.04260237112568231,0.5086341857721571,0.12952150396402728,0.016775819989103533,0.6871202632827815,0.0886784961830798,0.007863875685292497,0.17361770027500079,0.08532223076921613,0.007279883063435372,1.4407159805297851,0.8176795104540542,0.6685997818163817
0.5,0.75,0.75,0.75,0.11187589031934983,0.024871036073129613,0.0006185684353509145,0.2899410009524491,0.01346581200134349,0.00018132809285552638,0.7015498663930132,0.08588879980143484,0.007376885931330952,0.6986529898430754,0.08675142294092678,0.007525809382275556,0.5217576895410382,0.084192513809772,0.007088379381608647,0.8765184229766099,0.09071677553016629,0.008229533362590576,0.8761019461962786,0.09098174540278234,0.008277677996536704,0.754690108935618,0.16977054526413324,0.02882203803928111,0.6122070478275153,0.08572177612668018,0.007348222902312677,0.6091649804992258,0.08642543405488218,0.007469355651574788,0.36798508995004015,0.06391481665511026,0.004085103788056359,0.7710217441439665,0.09777150132369097,0.009559266471088507,0.7703272185567743,0.09795831088372327,0.009595830671192176,0.5857833876890172,0.12106676396403394,0.014657161336723108,0.5789965956625917,0.1762631233919579,0.031068688667888582,0.7274889123429076,0.1358586082774515,0.01845756144308601,0.06614176937286806,0.048472961659614254,0.0023496280120544333,3.2994640350341795,6.710479805608638,45.03053922148134
0.5,0.75,0.75,1.0,0.11553866236202952,0.017130699073982247,0.0002934608507633362,0.27207341901433835,0.009975705384855217,9.951469792542936e-05,0.7028527699184746,0.055737393005762755,0.003106656979078851,0.7000330922639264,0.05627791253227689,0.003167203438990608,0.5218152731548434,0.06194925565535969,0.003837710276253115,0.9534956286703556,0.04917527145930717,0.00241820732309655,0.9533037149215386,0.04937832544012817,0.002438219023271209,0.894080746343872,0.11257158781324886,0.012672362382796,0.6113678184605668,0.055599038902439585,0.00309125312687499,0.6083902571970824,0.056038139441695285,0.0031402730720868845,0.3665509251298824,0.0470049734421347,0.0022094675282957887,0.840323980312084,0.06036469330511237,0.0036438961978202786,0.8397374195470657,0.06053383750768796,0.00366434548340717,0.6670623783830346,0.09105004004067437,0.008290109791408404,0.518605735727687,0.06435061848692838,0.0041410020996502095,0.6545000235195871,0.06915259247546462,0.004782081046077687,0.14291763665805973,0.014486032908865801,0.000209845149436743,1.7745221138000489,0.9515832498394371,0.9055106813749845
0.5,0.75,1.0,0.0,0.12429702986164007,0.012653267621325737,0.00016010518149689028,0.2799851040858808,0.008430900941220912,7.108009068067966e-05,0.6769314420016775,0.04472861432244837,0.0020006489392063336,0.6737350767210781,0.045186184842760484,0.0020417913006441175,0.4870205716549,0.044763507845540285,0.0020037716346377465,0.8945367632049214,0.036132087221331786,0.001305527726969928,0.8941238797657899,0.036210210308851985,0.0013111793306112905,0.7674473264498561,0.05566721652789948,0.003098838995964045,0.597604269077306,0.07586892792689351,0.005756094224776163,0.594380803957937,0.07648589935493622,0.005850092800133433,0.37854394955617876,0.10731944520085693,0.011517463318219734,0.813367091154611,0.10827965440422191,0.011724483557897734,0.8127572700929331,0.10859562173430343,0.011793009059859916,0.6529601177531423,0.18936981605205383,0.03586092723158871,0.0,0.0,0.0,0.0,0.0,0.0,,,,3.34144983291626,6.19550550055008,38.384288407346304
0.5,0.75,1.0,0.25,0.11262922645409568,0.01509813869621727,0.00022795379209021333,0.28029534719720006,0.00867476415737666,7.525153318610679e-05,0.6707907162385436,0.03990527105010082,0.0015924306575820146,0.6675778221902152,0.040305678338709884,0.001624547706343547,0.4773889320238613,0.04390026946443532,0.0019272336590500326,0.8866095528145108,0.04473344469474822,0.0020010810742580975,0.8861861552330315,0.0448253693187523,0.0020093137345625397,0.760979465491979,0.0650808177164582,0.0042355128346428595,0.5783027399086207,0.06250183452269056,0.003906479318701793,0.5749733079631726,0.06300294858895099,0.003969371530902001,0.3455740575449283,0.07855634487488133,0.0061710993201012955,0.7805639644560548,0.09519158173848823,0.009061437233875284,0.779873006720478,0.09542471418320407,0.009105876076946188,0.6022444238575303,0.15110268599123083,0.022832021713764507,0.2368001030029215,0.0041825412557840854,1.7493651356335916e-05,0.364000364000364,0.0,0.0,1.2140553693110907,0.08714134105529293,0.007593613320914881,1.6138831615447997,1.0421027562285239,1.085978154539086
0.5,0.75,1.0,0.5,0.11136256356224272,0.016239130074750602,0.0002637093455846695,0.2710649322064662,0.013789360613754275,0.00019014646613615767,0.6876687051381406,0.055362019723199894,0.003064953227831974,0.6846689691430872,0.055906843291219935,0.003125575126789023,0.504176038428492,0.06705501279997061,0.0044963747416042225,0.9247387602186332,0.06146727207715824,0.0037782255366073975,0.9244504704789472,0.06167180687889498,0.0038034117637077186,0.8382705078796576,0.12178764013704331,0.014832229290149962,0.6047220556081379,0.07183223066968536,0.005159869362982886,0.6016545789135794,0.07240072113569196,0.005241864420968233,0.3712500863013159,0.07337803106647994,0.005384335443193296,0.8276278858740748,0.09650549835985425,0.009313311213683832,0.8270450013765014,0.09675550082565777,0.009361626940023862,0.665776933548685,0.15266431476040435,0.023306393001263814,0.3311491270440379,0.0662169280319162,0.00438468155798397,0.5097875830737101,0.09808945894058155,0.009621541955256033,0.3958928219457795,0.05344414833849096,0.002856276991626626,1.7594358444213867,0.8252536503992673,0.6810435874973161
0.5,0.75,1.0,0.75,0.1093419660843439,0.015751617988112997,0.00024811346924344494,0.2685136496648758,0.011785918547658153,0.00013890787601203246,0.6954564187557057,0.06123614749439748,0.0037498657599556026,0.6925555089010579,0.06182752137904617,0.0038226423998764117,0.5109936050960477,0.07685008702643695,0.005905935875970932,0.9442612528751642,0.04826473364443323,0.0023294845137680855,0.944031221622539,0.04846413513412112,0.0023487723942983534,0.8730242673286865,0.11101636832746307,0.012324634036618947,0.615904939216066,0.0720192141743675,0.005186767210293417,0.6129504957565061,0.07257851418192635,0.005267640720856084,0.37494258541374076,0.07221819086689436,0.005215467092087185,0.8518532496613606,0.0762240864788067,0.005810111359528603,0.851314558322076,0.07646622461464606,0.005847083506817503,0.6949266554387229,0.13549362331836934,0.018358521959940158,0.3936014284459275,0.06359693719763489,0.004044570420919915,0.5542403282606447,0.09150613618905452,0.008373372960249795,0.17111898300535838,0.029325226956451268,0.0008599689360473761,1.558484172821045,0.5876553536456395,0.3453388146683816
0.5,0.75,1.0,1.0,0.09425250624062317,0.022801513746322784,0.0005199090291237469,0.2582736494176562,0.006433783550782076,4.1393570778314026e-05,0.6418763675847379,0.06603031391607722,0.004360002355855702,0.6385006832330641,0.06665700647509515,0.004443156512220877,0.45586638908007726,0.07080313582245332,0.005013084042292772,0.9203776001054971,0.08005620187972445,0.006408995459407198,0.9200934403221913,0.08030898614879635,0.0064495332562475634,0.8345794763075693,0.15375847833593154,0.02364166966018113,0.5621722061040281,0.07717710283616896,0.0059563052021846,0.558840958217516,0.07776872172392643,0.0060479740785735064,0.3241223746177089,0.061314418394081464,0.003759457903004476,0.799071246581107,0.09928395420775456,0.009857303563127504,0.7984121803640306,0.09948357058844697,0.00989698081702651,0.6160662788887954,0.12847033076605452,0.016504625887139458,0.5419183101727689,0.1420696996466594,0.020183799557692013,0.7039283821298239,0.0885710418822066,0.007844829460099597,0.12099210048699416,0.045321998238171964,0.0020540835243008627,3.8028852224349974,6.40295557935163,40.997840151150164
0.5,1.0,0.0,0.0,0.15826837937400481,0.02919509382975129,0.0008523535037279818,0.27888022541944907,0.015621111621467601,0.00024401912829035015,0.688102548294544,0.1118249920990892,0.01250482885796136,0.6847254686217076,0.11318014421167857,0.012809745043776358,0.5446997828786064,0.14322759138184343,0.020514142933044308,0.8587468878482628,0.11282637000058718,0.0127297897675094,0.8583056838867605,0.11299925696300736,0.012768832074191768,0.7230178121416494,0.16296434120083012,0.026557376503020577,0.6202670443049616,0.1148441498244563,0.013189178748902165,0.6169310224966055,0.11596344414663112,0.013447520378348836,0.4544338778251725,0.14027454003919454,0.019676946583207594,0.7977102605731796,0.13174490526074495,0.017356720062162663,0.7971315841761359,0.13204451265171205,0.017435753321428146,0.6454801550358722,0.20650178600656766,0.042642987623902256,0.0,0.0,0.0,0.0,0.0,0.0,,,,0.8156844854354859,0.2244858832471809,0.050393911777266945
0.5,1.0,0.0,0.25,0.1484932739922091,0.01502893918122003,0.0002258690129128106,0.2854229499698905,0.010204798713170345,0.00010413791677632312,0.686361369730115,0.05475843827442225,0.0029984865622537113,0.6831109360902483,0.0553756180716432,0.003066459076816497,0.5309212006016109,0.06391401518700873,0.004085001337325182,0.8730332344147136,0.0577969857046547,0.0033404915565440592,0.8725783347854434,0.05792583628567437,0.003355402509394749,0.7393931421391786,0.09081785360534352,0.008247882533481606,0.6083194759240734,0.08237209556066324,0.006785162127055038,0.6050245814632282,0.08310324339357089,0.006906149062531084,0.4163829281690316,0.10378563512719234,0.0107714580587547,0.7888225282409336,0.10690565588439387,0.011428819260072437,0.7881706699297238,0.10718176576233161,0.011487930911931322,0.6246886369381788,0.17644442588296197,0.031132635425168063,0.0,0.0,0.0,0.0,0.0,0.0,,,,1.048431134223938,0.596663430458337,0.35600724924631083
0.5,1.0,0.0,0.5,0.1335606646907499,0.02839432150181424,0.0008062374935483905,0.2695644288789407,0.027110330745515804,0.0007349700331312595,0.6864641270229349,0.12551033793198793,0.015752844927801806,0.6832765501865564,0.12686969473637702,0.016095919442501494,0.5303046211253506,0.1416071274584739,0.02005257854704047,0.8887529575560397,0.13334714986937826,0.017781462378286428,0.8884364667975424,0.13361684929952403,0.017853462416731716,0.7951093915527732,0.21464036280213739,0.04607048534383316,0.6055303760816375,0.12275079637780853,0.015067758011386212,0.6022856025650448,0.12383930189323189,0.015336172693403026,0.4015093192297134,0.11612918535990535,0.013485987692355256,0.8116196104898238,0.12676592625170033,0.016069600058451525,0.8110676094125958,0.12701009202137564,0.01613156347527831,0.6593853239449535,0.17675340211377183,0.03124176515879272,0.0,0.0,0.0,0.0,0.0,0.0,,,,1.488756489753723,1.0559565371845743,1.1150442084228371
0.5,1.0,0.0,0.75,0.12739031170378534,0.0302056920343382,0.0009123838312732823,0.2754408191748658,0.017119984744735965,0.0002930938776599921,0.7005881649232162,0.11205674141736158,0.012556713297077436,0.6976217958420274,0.1132285289686094,0.012820699772395219,0.5325798991233244,0.12341168286760744,0.015230443468214913,0.8994445059028969,0.12681926206261995,0.016083125230107475,0.8991474488430446,0.12706729224355684,0.01614609675810948,0.8084142146569704,0.20289254699018422,0.041165385624164115,0.6246481505120617,0.10819273192664747,0.011705667241751403,0.6216424014197772,0.1091178797296832,0.01190671167670161,0.4006217967113561,0.10439609190983373,0.010898544006046451,0.8248656640306663,0.112808769939453,0.012725818575252436,0.8243250007361466,0.11303335123963557,0.012776538492462823,0.6721826988444872,0.16299473617846233,0.026567284021886538,0.0,0.0,0.0,0.0,0.0,0.0,,,,1.5276848077774048,0.9663223384833202,0.9337788618518724
0.5,1.0,0.0,1.0,0.12899828987202308,0.019871873987699244,0.0003948913757829979,0.2828334142033277,0.009502003870691111,9.028807755862886e-05,0.7187367386034689,0.05330107557916763,0.0028410046578961397,0.7160274712518827,0.053828974917755186,0.002897558540696317,0.5496226849233367,0.07337828927058186,0.00538437333627719,0.9312383837187361,0.06850800971114135,0.004693347394581837,0.9309768438561796,0.06873954191497503,0.004725124622680609,0.8502944591239293,0.1390137402312696,0.01932481997308691,0.661501876798131,0.03877198251439713,0.001503266628096717,0.6588675880553392,0.03908674515066203,0.001527773646472802,0.4261186099478477,0.041963312335158515,0.0017609195821380666,0.8837427177374122,0.07954304340607132,0.006327095754300147,0.8833229130272112,0.07981172013572398,0.006369910671023128,0.7618381412526183,0.15386239811960545,0.023673637555115964,0.0,0.0,0.0,0.0,0.0,0.0,,,,3.521058440208435,6.973295365757068,48.626848258089005
0.5,1.0,0.25,0.0,0.12947397029692256,0.01637066819368527,0.0002679987771077386,0.2631962997398499,0.02461823706150228,0.0006060575960163244,0.627009843580574,0.06122731021879164,0.003748783516628147,0.6230869062075315,0.06190813931575127,0.0038326177135384687,0.4568069403391554,0.07024396978496361,0.004934215291150881,0.8360882449645267,0.07589547214292226,0.0057601226917970896,0.8355713710850097,0.0761049315404332,0.005791960604774023,0.6903376052617899,0.1334956248844436,0.017821081863288082,0.5706435147554623,0.07992794492009637,0.00638847637914996,0.566974997685517,0.08063576130084785,0.006502126000567311,0.3968110993967301,0.11251504001145206,0.012659634228778659,0.7956822683241378,0.11296817767942645,0.012761809168210465,0.7951060004803119,0.11324269860440063,0.012823908787207119,0.6600610535330833,0.18211001328420118,0.033164056938371926,0.0,0.0,0.0,0.0,0.0,0.0,,,,1.6070070743560791,1.6076863844337146,2.5846555106935494
0.5,1.0,0.25,0.25,0.13297199917533856,0.02517066961939802,0.0006335626090888865,0.2789387511779868,0.029319059342912734,0.0008596072407532385,0.6706609608108498,0.08836945769785845,0.007809161053813595,0.6673148716531275,0.08930929416769041,0.00797615002473106,0.5018995486101021,0.10850700154495153,0.011773769384276116,0.8705318435540861,0.07042658804322395,0.0049599043034099745,0.8700869453338926,0.07061164734998823,0.004986004741479101,0.739311158164923,0.11949427524192678,0.014278881815593357,0.5974803743598369,0.11870733153575852,0.014091430560340488,0.5941634010313721,0.11972829202246232,0.014334863910616015,0.39315066355973965,0.140313243359355,0.019687806262021577,0.783041814042557,0.14304904169239874,0.020463028329113633,0.7824147136599542,0.14339856193897976,0.020563147566167412,0.6262845414644753,0.22177748276046266,0.04918525185956732,0.2298425632958007,0.03805760049873473,0.0014483809557212942,0.38630238256755844,0.06308565375629097,0.0039797997098586285,1.8570092304069945,0.23405114119620565,0.054779936695246195,1.211497712135315,0.9023243711451779,0.8141892707625408
0.5,1.0,0.25,0.5,0.1322515710844236,0.017360017558253584,0.0003013702096228727,0.2891303084475266,0.006412301195526101,4.1117606622145467e-05,0.700456863671878,0.0683157187678295,0.004667037430765173,0.6974944032394529,0.06901836177142735,0.0047635342616116245,0.5294287652443468,0.07666116608697685,0.005876934385815048,0.8919921678622396,0.06093394170301915,0.003712945251466936,0.8915915886630275,0.06110172656376104,0.003733420989072622,0.7704417438769978,0.10798335455511382,0.01166040486097542,0.6201729205075978,0.0960183448599748,0.00921952254964905,0.6171319666097392,0.09681335954795264,0.009372826586961154,0.4045162723962529,0.10629038218972657,0.011297645346038145,0.809925503512478,0.1256503029418754,0.015787998629385066,0.809328156972677,0.12598028490921256,0.01587103218580637,0.6538421152412507,0.20427231836234847,0.04172718004912864,0.24242424242424238,0.0,0.0,0.4092196617111151,0.009587530704674775,9.19207450130816e-05,1.2745560287963995,0.10841093904828242,0.011752931705330406,3.2993009090423584,6.498403112771263,42.229243016075245
0.5,1.0,0.25,0.75,0.11601726579425917,0.021223667933643716,0.0004504440805575765,0.2859252353574241,0.010863551720990638,0.00011801675599463867,0.6805752337244261,0.07561838552828548,0.005718140229904415,0.6774639662327809,0.07637323397696989,0.005832870868100989,0.5008575175579704,0.0828006532047798,0.006855948171138212,0.8798831585028862,0.06647317546249189,0.004418683056067233,0.8794542293054999,0.0666503596686333,0.00444227044395818,0.7496259443460954,0.11469394615829567,0.013154701285362025,0.6153883173581314,0.09472239092260826,0.00897233134209542,0.6123588406973096,0.09548524675485603,0.009117432347835745,0.38858026027160697,0.0949486388545268,0.009015244020327355,0.8201697135603846,0.125980829576686,0.015871169420830004,0.8196157597180822,0.12631818652807922,0.015956284247742612,0.677469821377969,0.20996355273676212,0.044084693477843086,0.24242424242424238,0.0,0.0,0.3696003696003696,0.0,0.0,1.2855450118391922,0.10615846543816586,0.011269619784186254,1.269833254814148,1.28972523125193,1.6633911721278443
0.5,1.0,0.25,1.0,0.11967974718222973,0.012407062139093717,0.0001539351909233328,0.2828097647850845,0.004153761638206978,1.7253735747039918e-05,0.699490208109997,0.039684362495772764,0.001574848626695896,0.6966234006193545,0.04006700090668673,0.001605364561656435,0.5243325456822817,0.04786916558781971,0.0022914570140741028,0.9257438710805201,0.039370483090421515,0.0015500349387731667,0.925437506113105,0.03953309185838252,0.00156286535188331,0.8311816318951329,0.0903569381132381,0.008164376265199539,0.625311649272587,0.03941231244679142,0.00155333037240351,0.6224242749320733,0.03972111660158596,0.001577767104076788,0.3819015151594205,0.040398875324414156,0.0016320691274775592,0.829126677151797,0.07609226075237321,0.005790032146407157,0.8285246896987797,0.07633889396203528,0.005827626731346866,0.6611843080288925,0.13781330703148398,0.018992507594954074,0.24242424242424238,0.0,0.0,0.3246489732976219,0.0,0.0,1.3169380099612702,0.09816380692760741,0.009636132990520584,5.746255946159363,8.959584803114689,80.27415984420367
0.5,1.0,0.5,0.0,0.13357094127054486,0.023783905802293587,0.0005656741752123745,0.27634567315182407,0.026526556476668947,0.0007036581985099072,0.6799427687866965,0.08701561620350788,0.007571717463276183,0.6766900617030491,0.08797676214211858,0.007739910677010908,0.5088715270682351,0.11390985777694375,0.01297545569876355,0.8788204714263728,0.07378772283180692,0.00544462804070356,0.8783902345404531,0.07398940766441105,0.005474432446530408,0.7491383753252844,0.1339331103423782,0.017938078045983658,0.6029839924236056,0.10837765395708779,0.011745715877242265,0.5997125574599877,0.10935418442959974,0.011958337652262913,0.3944640168082629,0.1217086433111981,0.014812993856652447,0.7957966342042369,0.11801678266493087,0.01392796099058153,0.7951608866636497,0.11831773361028099,0.013999086086673416,0.6312218198324782,0.19236412310597106,0.03700395585832919,0.0,0.0,0.0,0.0,0.0,0.0,,,,7.367172145843506,9.671442871035358,93.53680720770066
0.5,1.0,0.5,0.25,0.11682223869259412,0.018055656177338734,0.0003260067199942704,0.2623023220253076,0.028526054467151188,0.0008137357834628763,0.6629160211564528,0.06492763541986536,0.004215597841214956,0.6595622542326353,0.0656158748051663,0.004305443026447257,0.47161727747564586,0.07303388272753776,0.005333948026259739,0.8852135432730155,0.08809414919888162,0.0077605791230748134,0.8848103312487889,0.08835601644406033,0.007806785641863059,0.7638778234026806,0.1674317628149966,0.02803339519933728,0.5879751529901289,0.06145979487127055,0.003777306385618653,0.5846578227337386,0.06198025558784613,0.0038415520827347316,0.368019518772607,0.07708333854816499,0.005941841081731018,0.8304424818276676,0.09459694981898523,0.00894858291505561,0.8298988585073699,0.09485035925582155,0.008996590650958414,0.680197635141461,0.15698996270289384,0.024645848389456,0.22480472891107137,0.024312964690360962,0.0005911202520347389,0.3903624483802088,0.038128522212842283,0.0014537842061352073,1.2944154688301401,0.09977319141200697,0.00995468972453698,3.2225677251815794,6.3086291340794896,39.798801551356526
0.5,1.0,0.5,0.5,0.10614434316975882,0.023652508584759514,0.0005594411623521225,0.27921822913024213,0.011073902486625391,0.00012263131628328802,0.6590586006966412,0.08022471899430857,0.0064360055377157745,0.6557153193621852,0.08104083072537924,0.006567616244659572,0.4664106357021448,0.09379223840611624,0.008796983985229746,0.8474038776479768,0.07917141614214607,0.006268113133952867,0.8469111166522071,0.0793881196409076,0.006302473540119059,0.7064556896870915,0.14190827683617915,0.020137959034613663,0.549454997535665,0.0876955364420305,0.007690507111855501,0.5458807371892977,0.08842669173909436,0.007819279811920819,0.3142034121576488,0.07720002643845872,0.005959844082098726,0.7082089510865467,0.09882413601624448,0.00976620985935719,0.7073885434638141,0.09899641307078201,0.0098002898008809,0.5062076233734936,0.1234572817852691,0.015241700425807338,0.27783825656567573,0.03578728940980286,0.001280730083300988,0.4393703115399238,0.04669420985242921,0.002180349233742697,0.6294290602030076,0.049262641585623004,0.002426807855993553,1.1030298471450806,0.49199525992515625,0.24205933578882208
0.5,1.0,0.5,0.75,0.12300041510293151,0.026268428259083734,0.0006900303232026289,0.28626790397418506,0.008790424636844336,7.727156529603988e-05,0.752421718449319,0.08874198974902577,0.007875140744616194,0.7500508435360659,0.08961114657046475,0.008030157589673315,0.5723443005456033,0.09319679333564276,0.008685642288046507,0.9429442224584778,0.08237774803483422,0.006786093371290634,0.9427534994757201,0.08263330233382504,0.006828262654593336,0.8899738786933161,0.15267453350565724,0.02330951318117005,0.6636545862560327,0.0864001641243011,0.007464988360706167,0.6610538442926392,0.08709078469809553,0.00758480477933003,0.40572505583384527,0.0697189532455076,0.004860732441649276,0.82685317377563,0.10212377767790055,0.01042926596720526,0.8262767797338428,0.10232073732694533,0.010469533287129741,0.6616363747721694,0.12743250693119337,0.01623904382276865,0.2684235879273473,0.050295376012262916,0.0025296248482149122,0.4493460008647719,0.050510264597738865,0.002551286829733592,0.5252759410370331,0.007919874537149879,6.272441268419501e-05,3.126628351211548,6.427796379916573,41.316566301668594
0.5,1.0,0.5,1.0,0.09531697181425722,0.027675198484058305,0.0007659166111320232,0.2689058124092184,0.014257522073578064,0.00020327693567856573,0.6473965670920763,0.07278498444670392,0.0052976539609069315,0.6440437231450516,0.07348724606729141,0.005400375334554638,0.4556170492311974,0.08264152233553092,0.0068296212139340555,0.8885660195931943,0.07730986473365621,0.00597681518513622,0.8881734571647508,0.07753406294362725,0.006011530916546352,0.769247585650054,0.1407710801888104,0.01981649701752449,0.5664928697518818,0.08150472269690213,0.0066430198218989135,0.5631636581228933,0.08214270103832247,0.006747423333871224,0.3242574553121409,0.07041438284363831,0.004958185311250465,0.7825380283129373,0.12276172683228508,0.015070441574844582,0.7818689138986428,0.12304509971802863,0.015140096564619608,0.6063048711490446,0.1825218391722522,0.033314221774821504,0.37955842481082536,0.07852957557408263,0.006166894239845556,0.5637576100123043,0.021361868235360237,0.0004563294145048927,0.5612950603821311,0.09339358641266188,0.008722361983019341,4.073682737350464,7.068586312873766,49.96491246254634
0.5,1.0,0.75,0.0,0.1286037064776999,0.024312011221906328,0.0005910738896540992,0.2686489069398661,0.02690116567189969,0.0007236727145069942,0.7103630787597742,0.08870794130685622,0.007869098850900648,0.7075025036472721,0.08962863410460133,0.008033292051456503,0.5349337477828814,0.12299937412571169,0.015128846035316794,0.9307797104915808,0.07508069207721735,0.005637110322793928,0.9305188548414876,0.075328844739341,0.005674434849763741,0.8513110861787971,0.1529606818885028,0.023396970203795744,0.6052933234977945,0.09926317882192222,0.009853178669832909,0.6021393553659707,0.1001093035283846,0.010021872652938238,0.36971462952065376,0.10224133708394714,0.010453291008713304,0.8120009869079649,0.09331566368806908,0.008707813089544814,0.8113576517799123,0.0935241807493009,0.008746772384827904,0.6299041848011545,0.13043351548291607,0.017012901961232105,0.0,0.0,0.0,0.0,0.0,0.0,,,,1.4271153688430787,0.9382958521511365,0.8803991061640274
0.5,1.0,0.75,0.25,0.11407396994194922,0.016096522029297452,0.00025909802143965813,0.2813994884772001,0.010139108566669457,0.00010280152252670996,0.6733110757107212,0.0481425237064427,0.0023177025888253978,0.6701240176999675,0.04862922446645946,0.002364801472209299,0.4839192746735373,0.05086927194404768,0.0025876828281174765,0.8826398081564115,0.048363955608779936,0.0023390722021280363,0.8822006398012711,0.04846776705775376,0.002349124443564681,0.7489252614143107,0.07256461630419352,0.005265623539374828,0.5800112416384956,0.07061880028436252,0.004987014953602679,0.5766966509527116,0.07119101944536367,0.005068161249670149,0.34786802403778816,0.0755992792937135,0.005715251029728898,0.7755815367795991,0.09927324195908017,0.009855176569066077,0.7748725984528532,0.09951714390402142,0.009903661930813707,0.5915608996673426,0.1574257613425993,0.024782870334297033,0.2404258949244607,0.0029280071014694434,8.57322558625549e-06,0.3696003696003696,0.0,0.0,1.2291055281059209,0.10307566912968757,0.01062459356653283,1.1839770793914794,0.3237660384854164,0.10482444767654013
0.5,1.0,0.75,0.5,0.09951591783157895,0.024304858906344703,0.0005907261664573234,0.2758357045969887,0.013464090905850155,0.00018128174392099684,0.650987511445692,0.08605374863585737,0.007405247654283324,0.6476005229916308,0.08692108626188998,0.007555275236946919,0.4541637905606124,0.09457702550268259,0.008944813752935073,0.8494094418607572,0.08535940856737206,0.007286228630971552,0.848905651498786,0.0855951713184629,0.007326533353037014,0.6974048235849746,0.1565137057706757,0.02449654009406964,0.5693195252921917,0.1062832640214206,0.011296132211047,0.5659402820756473,0.10714879898707062,0.011480865124371666,0.33777866546275975,0.10765682176967818,0.011589991273548254,0.7588671549661185,0.14360620402401642,0.02062274183418743,0.7581680635143855,0.14395620997369452,0.020723390389990427,0.5839874309469874,0.22567281020024402,0.05092821726367536,0.2805412229770061,0.035285615687106246,0.0012450746744181586,0.4639519348112566,0.05914718204680643,0.0034983891440780613,0.45125100907297844,0.044208709990846064,0.0019544100390547323,1.7498858213424682,0.9929170057314854,0.9858841802707787
0.5,1.0,0.75,0.75,0.09849744946764961,0.023713984003060067,0.0005623530372973887,0.2742470361837274,0.014256264847531359,0.00020324108740295833,0.6801617334588463,0.07594731935736158,0.005767995317569071,0.6771116167248524,0.0766818001559565,0.005880098475158052,0.4871032722676386,0.07842762129265679,0.006150891781624392,0.892225840815053,0.0776808397374467,0.006034312862314878,0.8918493380662342,0.077905135997624,0.00606921021480829,0.7827062235550105,0.14068514155584297,0.01979230905458757,0.6011316724021226,0.08211796450495133,0.006743360094436447,0.5980596636643705,0.08276032747231278,0.00684927180332445,0.3567268202850175,0.0685678786745436,0.004701553985926931,0.8125768076402329,0.1119590766837714,0.012534834851882606,0.811991524773062,0.11223400987824905,0.012596472973350906,0.6596220301129815,0.17501351037343682,0.030629728813233073,0.34994062923077707,0.021427317132355392,0.00045912991949053093,0.5491229624472863,0.007222354970804059,5.21624113242981e-05,0.23493021093043506,0.02825020044308712,0.0007980738250745997,1.2747826337814332,0.6427387191501577,0.41311306109478524
0.5,1.0,0.75,1.0,0.1079092390695107,0.016444606313850533,0.0002704250768175328,0.271299200877524,0.009505466205165859,9.035388777755024e-05,0.697563785765259,0.04884522354381971,0.002385855863045719,0.6947116870789409,0.04931071644460527,0.0024315467562802642,0.5072732039423977,0.05456020284843548,0.002976815734862427,0.9441875019844235,0.04808946231275703,0.0023125963855300784,0.9439572195279056,0.04828791793686534,0.0023317230186774415,0.8727114760615841,0.10989710942309767,0.012077374659552305,0.6186040800539541,0.050527550587209764,0.002553033368343042,0.6157008299358958,0.05091777429266374,0.002592619738918648,0.36277883261268473,0.04149477740725671,0.0017218165520777819,0.8289000346834984,0.05902805611750959,0.003484311409011861,0.8282816030924796,0.05919309581963305,0.0035038225927122597,0.649822553035755,0.08880546789525758,0.007886411128095624,0.5636549729574277,0.09660552095522233,0.009332626679029902,0.7177401313096704,0.06677845032168574,0.0044593614273658495,0.1448767523106144,0.02859850703768823,0.0008178746047847031,3.779436779022217,7.54064840767658,56.861378408195336
0.5,1.0,1.0,0.0,0.1119892000545564,0.014254556986417586,0.0002031923948790264,0.2728375141152953,0.017728919385179398,0.0003143145825661898,0.6773113295800277,0.04671816668113185,0.002182587098046018,0.6741900127600383,0.04718223124056506,0.0022261629448381537,0.4898903422628952,0.05328110362522398,0.0028388760035218557,0.9113907176255426,0.058387170483644134,0.003409061677086125,0.9110468209321663,0.058576534660312964,0.0034312104128108463,0.8031898450748235,0.11611338242600604,0.013482317578407928,0.6108037715470974,0.07059776634917651,0.0049840446134929205,0.607761418860121,0.07115009218224128,0.005062335617541431,0.3914040609917682,0.08278794632815141,0.006853844057232878,0.8593657322781466,0.09068880393796715,0.008224459159699046,0.8588758546428142,0.09099845620203074,0.008280719031152907,0.7235660428266711,0.17590137505475453,0.030941293746153422,0.0,0.0,0.0,0.0,0.0,0.0,,,,6.967418313026428,9.898467558583457,97.97966000832915
0.5,1.0,1.0,0.25,0.1047677527439221,0.019973027758961176,0.00039892183786023367,0.2794922426109167,0.006944792408658205,4.8230141599356634e-05,0.6652547190618192,0.0789105340616327,0.006226872385892096,0.6620383708876194,0.07969187492708257,0.006350794929393772,0.47091538324637205,0.09252883313009433,0.008561584960416842,0.8836994631243966,0.08845936108981477,0.007825058564418235,0.883290081312732,0.08872225310584639,0.00787163819617787,0.7589645958799291,0.16812131614297188,0.0282647769416451,0.607502835098277,0.058521000259893485,0.0034247074714184537,0.6044572576861531,0.05899131306580256,0.003479975017227528,0.3759224672396433,0.06293169833543183,0.003960398655381793,0.8537902174382065,0.07328271960257605,0.0053703569923497846,0.853304008233945,0.07353090635971246,0.005406794190080802,0.7181581993253862,0.14556143609478853,0.0211881316779772,0.23004815788956626,0.01638212198977254,0.00026837392088778907,0.3246489732976219,0.0,0.0,1.3912711877848802,0.19384833205838278,0.03757717584181703,1.7140212059020996,1.044043028963108,1.0900258463264612
0.5,1.0,1.0,0.5,0.1046507906007764,0.02173024800544077,0.00047220367837796256,0.2681838134662667,0.0072611153065796335,5.2723795495445046e-05,0.6886847666530787,0.07332914029637443,0.005377162816605363,0.6857294992420523,0.07403738431329863,0.00548153427595508,0.5005098263631864,0.0869686126127935,0.0075635395797941435,0.9305702357795056,0.08544621979979077,0.007301056478074154,0.9303298078494378,0.08571429285778542,0.007346940000110204,0.8608775446929622,0.16214089433728396,0.02628966961649428,0.6004755939700392,0.06664405656866745,0.004441430275927748,0.5974136670744546,0.06716673478131603,0.004511370261183648,0.358141038700298,0.05878555563034744,0.0034557415507686733,0.8370456366874901,0.08640795245725261,0.007466334247854827,0.836490055062429,0.0866019066058067,0.007499890227760867,0.6790518637371299,0.12328103683524166,0.015198214043172212,0.35998465868996543,0.08564555902480565,0.007335161780671469,0.5551185445717798,0.040069992576992834,0.0016056043051202607,0.47218395839364347,0.10129944237425768,0.010261577025335554,1.465652847290039,1.0396262442724973,1.080822727780138
0.5,1.0,1.0,0.75,0.0950274135893352,0.01961416936909925,0.00038471564003971127,0.2738996533296632,0.009360361356615617,8.761636472642294e-05,0.6606984296182568,0.06425290092219627,0.004128435276917569,0.6574886913502922,0.06486573459109238,0.004207563524042039,0.45941256039648337,0.07216731226234539,0.005208120959170867,0.8969681758332426,0.07714244628762526,0.005950957019239148,0.8965897639176156,0.07737513133804896,0.005986910949580327,0.7791248080448965,0.14903802357971693,0.022212332472548262,0.5993614510113708,0.07807673308464935,0.006095976249171578,0.5963017970084474,0.07867682485623526,0.006190042769458717,0.3500456471431138,0.07009326431715156,0.004913065702634071,0.8412466236237872,0.12215688023645768,0.014922303389104266,0.8407276330796343,0.12250068710801237,0.01500641834193515,0.7010806424497666,0.21006513683679806,0.044127361714262694,0.3643818375715956,0.08194554840257577,0.006715072902998889,0.5838428087349422,0.05112616173986043,0.0026138844142503687,0.2030691855102508,0.05011174476611186,0.0025111869635039393,5.67927565574646,8.759025874365138,76.72053426779797
0.5,1.0,1.0,1.0,0.09852721803579781,0.013817031623011978,0.000190910362871313,0.26467106741188834,0.013733845863818886,0.0001886185222111351,0.6821866570328526,0.031074952174734955,0.0009656526526620647,0.6791998270485093,0.03136697615963006,0.0009838871933988004,0.4965247999712096,0.031188016086573064,0.0009726923474163402,0.9325210656814763,0.04686103264760527,0.002195956380799927,0.9322416860416816,0.04705526673664666,0.0022141981276569654,0.8427928079970635,0.11020458544174525,0.012145050652386927,0.6099016760505138,0.032266254088069976,0.0010411111528758924,0.6069429404868124,0.032510947096300535,0.0010569616810984523,0.3590535846048393,0.023776022545167162,0.0005652992480682973,0.8831421790244114,0.09447798018059787,0.008926088739005444,0.8827182042286692,0.09479900399431947,0.008986851158314997,0.7598805599957561,0.181242550721129,0.032848862191901015,0.9317567567567568,0.036887005730097885,0.0013606511917322744,0.956104945646455,0.02450628083117409,0.0006005578001763706,0.0014237691925232346,0.0012352327550020858,1.525799959030043e-06,1.3777929544448853,0.8327026851773254,0.6933937619015278
0.8,0.0,0.0,0.0,0.30086053205539404,0.00545732916146608,2.9782441576588067e-05,0.30084252314156423,0.005491499696193933,3.015656891329806e-05,0.7906963016479102,0.0868452188923647,0.0075420920444627376,0.7900914228141717,0.08694914645045529,0.007560154068462721,0.6140084897097513,0.11941500710703094,0.01425994392237225,0.7924822248054879,0.08668367320726021,0.007514059200703083,0.7918826799529193,0.08679029689302187,0.007532555634778882,0.6205821392107324,0.12090112360604795,0.014617081689204885,0.5778177425169366,0.1851943074122657,0.03429693149790877,0.5769907469784104,0.18546497063190343,0.0343972553314928,0.38273607302026375,0.2013110654165568,0.04052614505914921,0.574447391638884,0.1862235249707924,0.03467920125254734,0.5736121528548708,0.18649611789355477,0.034780801989366686,0.37613788240718204,0.20000867338517983,0.04000346942929955,0.4025864678625012,0.21740463686987202,0.04726477613252092,0.49790584876922156,0.24822454519088774,0.06161542483522307,0.16578171492576987,0.14616844735913012,0.021365215003378797,0.0791404485702514,0.04029303387645778,0.0016235285789693741
0.8,0.0,0.0,0.25,0.3006401662635142,0.012815286141381494,0.00016423155888548458,0.301560426353078,0.011393187560556073,0.00012980472279000964,0.7662505785381468,0.07742646094409479,0.005994856854327436,0.7655431591890837,0.07750900653927588,0.00600764609470551,0.5755327772407626,0.10951288273511595,0.011993071484955257,0.77061208659798,0.0788369980142836,0.006215272255904155,0.7699494680200127,0.07892154784164968,0.0062286107137217986,0.5757174003644379,0.10992957933970378,0.012084512413804227,0.6059331525838736,0.2613966001166211,0.0683281825525287,0.6051435431335067,0.2618559872900486,0.0685685580796461,0.44827260797818147,0.33977534557202027,0.1154472854585858,0.6062502699019424,0.26424980128989317,0.06982795748174801,0.605490472565217,0.2647267142414112,0.07008023323305379,0.4500497013558132,0.3432370935365593,0.11781170237942476,0.514206117790886,0.2160046867161593,0.04665802468334612,0.619562848857774,0.251935553178197,0.06347152295520411,,,,0.34317283630371087,0.2216050981896015,0.04910881954362292
0.8,0.0,0.0,0.5,0.2557196692633338,0.03973516330374775,0.0015788832027755018,0.29682391943567954,0.00700995001635238,4.9139399231758734e-05,0.7300183712227454,0.07326165330914887,0.005367269845589923,0.7276920183866392,0.07384149285113423,0.005452566066484108,0.5746608230460499,0.10039761771806917,0.010079681643463555,0.7929963178429502,0.08885652140170273,0.007895481395611255,0.7923994965092181,0.08896151201983744,0.007914150620855683,0.6212496686310411,0.12184345010052777,0.0148458263323998,0.4994407406557748,0.1160184411498746,0.013460278686846915,0.4967101710287428,0.11662649248635937,0.013601738749670838,0.29481941121626754,0.13263180309927855,0.017591195193365796,0.53564658664039,0.1327983032850359,0.017635389355384376,0.5347022502154143,0.13297360609133765,0.017681979916934234,0.32856246183867194,0.14834304820952945,0.02200565995209478,0.24506786126542096,0.3196572158064402,0.10218073561712507,0.28982911294442654,0.3760473300812328,0.14141159446122367,,,,1.7453741312026978,1.9496860441871884,3.8012756708982867
0.8,0.0,0.0,0.75,0.20587328106659925,0.03717247404772673,0.0013817928268289174,0.28609174380761815,0.02150111134195449,0.0004622977889391239,0.7054188324351676,0.06276542839549074,0.003939499001669474,0.7022585465390172,0.06359249712605605,0.004044005690727448,0.5462680471189855,0.1146494160570476,0.013144488602222004,0.8310907614173042,0.09232215990903686,0.008523381210269774,0.830536341687887,0.09258780715730576,0.00857250203419844,0.6633528282675234,0.17516355805342318,0.030682272069934957,0.5238443003078451,0.07304931253227864,0.005336202061438521,0.5206546880982039,0.07378204352931485,0.005443789947361712,0.3028742989659871,0.08498073059358464,0.007221724572219414,0.6289620591082805,0.11385110137152986,0.012962073283510369,0.6281042174440454,0.1140490525738955,0.01300718639300318,0.406577254724892,0.14076550914537225,0.019814928564955883,0.06024096385542169,0.19049865422701082,0.036289737262302224,0.07621835033002546,0.2410235865435267,0.05809236927030491,,,,0.9349128007888794,0.7597938721411062,0.5772867281431755
0.8,0.0,0.0,1.0,0.15946456273738782,0.01446749018989575,0.00020930827239472977,0.27457253097524936,0.015310502563059096,0.00023441148873343915,0.6802031033183383,0.04723340673506302,0.002230994711799897,0.6767507188782851,0.047813313151215266,0.002286112914496175,0.5391248866357847,0.07184442803155104,0.005161621839180718,0.8559712824631571,0.0757960738928193,0.005745044817565723,0.8554906290574733,0.07599730401535368,0.0057755902176020914,0.714475308414043,0.1295944941413726,0.01679473291175826,0.5063271376582512,0.08150601481733159,0.006643230451403078,0.5030531900110063,0.08209846250923743,0.006740157546380664,0.31875072453382824,0.1005074093736795,0.010101739339008396,0.6628451488442814,0.13363694810672738,0.017858833899280148,0.6620571028281207,0.13389190465719664,0.017927042132731833,0.46104518510245923,0.16430326099906326,0.026995561574926302,0.0,0.0,0.0,0.0,0.0,0.0,,,,0.9025595426559448,0.4849231692449541,0.23515048007057038
0.8,0.0,0.25,0.0,0.2975366087155987,0.00849431712693046,7.215342345286416e-05,0.2975381565271374,0.008528775985990224,7.274001981920353e-05,0.7589002802836305,0.09767078776397958,0.009539582782436344,0.7582613123819413,0.09775161278396367,0.00955537780186597,0.5727598509194238,0.1262487248753333,0.015938740532647603,0.7608410998380819,0.09712033416136052,0.009432359307614331,0.7602072143755566,0.09719950220005678,0.009447743227938843,0.5785356947802837,0.12475538021307261,0.015563904892108309,0.5525383907427036,0.16145965757491132,0.02606922102420762,0.5516696790666543,0.16173087941991074,0.026156877357937706,0.3653055230486708,0.21767958240218624,0.04738440059479019,0.5498995297193375,0.1604213861352393,0.025735021129551547,0.5490253692278966,0.16068729067910345,0.025820405385790685,0.3593970223383681,0.21570425636345683,0.046528326213311905,0.4110607601264024,0.2256326840179073,0.05091010809712479,0.5086616656386538,0.25886116110995067,0.06700910073119185,0.1605508583149628,0.14417066982757598,0.02078518203853193,0.5439908981323242,1.019133536705995,1.0386331656388696
0.8,0.0,0.25,0.25,0.28346878980957047,0.033209808612520576,0.0011028913880802458,0.2972247142740255,0.0048175114366201584,2.320841644196602e-05,0.7837751829746925,0.05288321743509738,0.0027966346862877875,0.7825439997784072,0.053967173659086334,0.0029124558327499822,0.6192069870338729,0.06208552357712062,0.0038546122378452,0.803587679409848,0.03729642427198227,0.0013910232634757082,0.8029818153737388,0.037379019029070905,0.0013971910635756446,0.6338134183353645,0.05795209904361735,0.0033584457835612357,0.6208240180763374,0.09446975841816409,0.008924535255586286,0.6194068793444124,0.09590928145037778,0.009198590268327778,0.43644429963406833,0.11887810042586405,0.01413200276086182,0.6360163320173647,0.08650532814197144,0.007483171796950157,0.6352545902498767,0.08669197642547362,0.007515498776554873,0.4562747257306242,0.11697637515341877,0.01368347234403337,0.4203369253265435,0.2500595337374736,0.0625297704130027,0.5107677735707031,0.2990514834235735,0.08943178973783987,,,,0.8034899473190308,0.8840220294953968,0.7814949486331602
0.8,0.0,0.25,0.5,0.2910337141808656,0.03797439661927773,0.0014420547985982116,0.29497929185180466,0.026237808725543425,0.0006884226067182026,0.7601014860124365,0.08154291076775544,0.006649246296478127,0.7591367935439595,0.0819467424496482,0.006715268598108974,0.5671255037622963,0.10775187727427332,0.011610467056130058,0.781614961668835,0.08750859805620757,0.007657754733762896,0.7809742956710672,0.087621659150772,0.007677555152334066,0.5910587022574142,0.12468333756283946,0.015545934665808975,0.6611336449215844,0.2348712824425984,0.05516451931623082,0.6601733709240178,0.23566806356646147,0.05553943618516572,0.5116699329636215,0.3057703426574248,0.09349550244883899,0.6759510222212448,0.22016161967618267,0.0484711387784401,0.675306203941896,0.22053241146725297,0.04863454450756177,0.519077000048236,0.2939628478970604,0.08641415594375028,0.5293135575676517,0.1881296665417863,0.035392771433123714,0.6407994003784359,0.22814899858134996,0.05205196555367283,,,,0.8087849140167236,0.8351943796655983,0.6975496518250036
0.8,0.0,0.25,0.75,0.17743873150448258,0.027145703548286184,0.0007368892211314371,0.2706129252620689,0.030856383408955083,0.0009521163970804385,0.6938937320495621,0.0445513273596772,0.001984820769509122,0.6907253662933155,0.04524147773820144,0.002046791307936176,0.5490540489940144,0.05768148205338023,0.0033271533718744256,0.8519848054978864,0.060716273845844576,0.0036864659097235897,0.8514873624801291,0.06084853955443575,0.003702544765907732,0.70979161821797,0.09292435346341503,0.008634935466593694,0.49272023575691304,0.08967753933195044,0.008042061060633517,0.4894721552866219,0.09046805998171474,0.008184469876855137,0.2839048809012175,0.10759415578512452,0.011576502359113642,0.6258172841057758,0.1059923832408452,0.011234385305074202,0.6249463945274064,0.10622158397460696,0.011283024902074477,0.411198859052452,0.13599249481466816,0.018493958645917546,0.0,0.0,0.0,0.0,0.0,0.0,,,,1.2328376531600953,1.0275332264701527,1.055824531500162
0.8,0.0,0.25,1.0,0.13613677866521762,0.02385698441868688,0.0005691557055534686,0.25856799438660155,0.033593251133142904,0.0011285065216944071,0.6368821679964526,0.08582922809749126,0.0073666563958111825,0.6330409668387937,0.08679252881017735,0.007532943057265466,0.4798183168521552,0.11153825501618074,0.012440782332054567,0.8444751819195038,0.09865344436757541,0.009732502085586296,0.8439739449655927,0.09894689248699651,0.009790487532833247,0.6938748717510876,0.1865431443156847,0.03479834469118237,0.41195931059153085,0.09977922328030973,0.009955893398421903,0.4081539840399647,0.10047381465136739,0.010094987430597328,0.20481744714543604,0.09692728976201566,0.009394899500609745,0.5911365382702851,0.12663557161287997,0.01603656799772085,0.5901823390722728,0.1268241145187114,0.016084356023455225,0.35396469228623123,0.1336241081565543,0.01785540228063452,0.0,0.0,0.0,0.0,0.0,0.0,,,,5.569209241867066,8.772218812110921,76.95182288755274
0.8,0.0,0.5,0.0,0.26859964794380853,0.03679111520535229,0.0013535861580535043,0.3033008020844717,0.01077498547382054,0.00011610031196104364,0.7679370552867083,0.09116287935731587,0.00831067057271653,0.7659243074170332,0.092843678744143,0.00861994868274563,0.5831756264675337,0.13956446391157307,0.01947823958692478,0.7970369362386077,0.06449852843947773,0.004160060170858119,0.7963888316113632,0.06466963684190492,0.004182161929263867,0.6045224782523463,0.12146509304286998,0.014753768827913063,0.5913580276551686,0.14898416439248888,0.02219628123972815,0.589652813065317,0.149213418285791,0.022264644196530427,0.4217836033134015,0.24702474245889605,0.06102122338688392,0.6470836347707721,0.21301027924104537,0.045373379062348125,0.6463095677864658,0.21346215758393947,0.04556609272039061,0.46530193654390056,0.30444621423739,0.09268749736347875,0.21667737695341022,0.25396562706461384,0.06449853973032253,0.27040665360127997,0.3048640872580764,0.09294211169970001,,,,0.7593914985656738,0.9193210966509354,0.8451512787474786
0.8,0.0,0.5,0.25,0.2538934922851127,0.04402249496939203,0.0019379800633301464,0.29076764345942074,0.024344588670359796,0.0005926589975290106,0.7863497710252167,0.08921108608020593,0.007958617879609914,0.7848271750516866,0.08949626926227422,0.00800958221186549,0.6387401635799902,0.11903208809245674,0.014168637995650383,0.8487836804146017,0.1155871534601705,0.013360390045025004,0.8483260870246992,0.11577653881047481,0.01340420693893338,0.713553931968119,0.17130209107144215,0.029344406405448664,0.5075906324203882,0.10343917850961803,0.010699663650744626,0.505503323110861,0.10309542876584843,0.010628667432414127,0.2754902033502253,0.10008721041675776,0.010017449689008343,0.5709386001159877,0.15579260946437976,0.024271337163720746,0.569969476957546,0.1559732325383936,0.0243276492684758,0.34325661541790387,0.15938793836360843,0.025404514895801443,0.2632469512195122,0.30667625567027407,0.09405032579193932,0.31536636491374664,0.36030503695193083,0.12981971965293226,,,,0.6211299657821654,0.6733532247575845,0.4534045652914382
0.8,0.0,0.5,0.5,0.2466032746907576,0.059907367007805884,0.0035888926218079487,0.2816304202887513,0.025235092547269196,0.0006368098958692413,0.7755290322721599,0.06041683088911991,0.0036501934546845135,0.7739753273258252,0.06147944349889558,0.003779721972933894,0.6123549260827966,0.07149015066876906,0.005110841642643301,0.8432266344138591,0.07668532017615977,0.005880638330520136,0.8427166592759949,0.07689142483015961,0.005912291212412085,0.6942532360339413,0.13156086255217575,0.01730826055547248,0.5133070129812081,0.14685039824007892,0.02156503946326977,0.5114244543210329,0.14707682768889693,0.02163159324302948,0.2978020064379682,0.17170175564475068,0.029481492891489675,0.5823537111076755,0.19199935630378548,0.03686375282106797,0.5814273841696258,0.19233075971144442,0.03699112113118137,0.3696314785990638,0.2165809013812876,0.04690728684313102,0.3418055937919795,0.29418959990154747,0.08654752069023257,0.413249697437385,0.355677900235029,0.12650676871559924,,,,1.4857837438583374,1.0446317473699172,1.0912554876131262
0.8,0.0,0.5,0.75,0.1636851058142227,0.05205534405399877,0.002709758844580185,0.2757953591618457,0.04427188924460843,0.0019600001772868757,0.6900626698655952,0.08691675497374321,0.007554522295165715,0.6868218938351845,0.0880349203173473,0.007750147195281689,0.526079491297392,0.11030721490642809,0.012167681660412911,0.8383957958155879,0.08644717958202539,0.007473114857686948,0.8378687699823455,0.08669157905380306,0.0075154298788417855,0.6825136766857789,0.16062448865075132,0.025800226354315337,0.5134766787947233,0.15200860636693272,0.023106616409617097,0.5103529219360046,0.15318066227917954,0.02346431529628806,0.28702434099825724,0.17234461256130976,0.02970266547890797,0.6558325780236733,0.15933119851431385,0.025386430820007685,0.6550656372412827,0.15959580221911368,0.02547082008596245,0.44972757863409835,0.17847039558077854,0.031851682098759576,0.057228915662650606,0.18097372151566024,0.03275148787922775,0.06907634026278095,0.21843856765918176,0.04771540784099493,,,,0.917928957939148,0.3809826636969135,0.1451477900375955
0.8,0.0,0.5,1.0,0.14632472833831256,0.017444428596989733,0.0003043080890754732,0.27651475620907906,0.00922249232952463,8.505436476814065e-05,0.7132442324044536,0.05056044363750423,0.0025563584608212417,0.7103445952813814,0.051103856008440106,0.00261160409893138,0.5631810222677651,0.07853020797062574,0.0061669935639097305,0.9089287797995744,0.05909146112958503,0.003491800778429258,0.9085739371809366,0.05928450022985297,0.003514651967503437,0.7944180140322599,0.11858320219007971,0.014061975841653328,0.5343865691204778,0.0721058360719862,0.005199251595640147,0.5315279774927466,0.07256598229070921,0.0052658217858155216,0.3138988153331356,0.07523364511119288,0.005660101356716916,0.747245175568281,0.10614459605852984,0.011266675272428469,0.746563018976223,0.10641217161009661,0.011323550266776653,0.5423098680498573,0.15273491976345654,0.02332795571514951,0.0,0.0,0.0,0.0,0.0,0.0,,,,5.649296927452088,9.121974697893378,83.21042238900698
0.8,0.0,0.75,0.0,0.20554962556469292,0.04931258153939367,0.002431730698079349,0.2903422623700988,0.016121608281400277,0.000259906253578914,0.6897058536837817,0.09017238592947031,0.008131059184213337,0.6863568004296703,0.09172362486762232,0.008413223358856305,0.5238233056738099,0.12121949349646469,0.014694165603539443,0.8032762833500067,0.05973496189044672,0.0035682656720531216,0.8026520695690866,0.059885940348884004,0.0035863258514700932,0.6189697181156015,0.10952094287437214,0.011994836928091486,0.4761836094557753,0.1445486868974301,0.020894322883771285,0.4728001487733171,0.1456526275073032,0.02121468789978122,0.27922411744186365,0.20210429279916722,0.04084614516785151,0.5822629708941716,0.2082962519050798,0.04338732855770446,0.5813745023345418,0.2087016996356263,0.04355639943079918,0.37860165300120696,0.27011385877827143,0.07296149670408796,0.03,0.06324555320336758,0.004,0.04250383687348191,0.08961716987648743,0.008031237136671206,,,,2.883399319648743,6.2166101957045345,38.64624232533757
0.8,0.0,0.75,0.25,0.1681053781073732,0.014160142714916227,0.00020050964170679512,0.2840895689952723,0.020162279796715574,0.00040651752660104506,0.6727997272360274,0.057984609629079434,0.003362214953836731,0.6691853933945515,0.05868471825333547,0.003443896156473365,0.5143280977544442,0.07706355353339726,0.005938791283194787,0.8210081551094313,0.06155281312096861,0.003788748803104885,0.820430271550352,0.06169895309408416,0.003806760812905997,0.6529094913090758,0.1029031332783313,0.010589054838498015,0.4660557629070512,0.0966423396822533,0.009339741819260032,0.4624159593203613,0.09734354530796424,0.009475765813123687,0.2583925493924949,0.11654863815528724,0.013583585055852075,0.5784270605339337,0.14270097006528765,0.02036356685757412,0.5775060913639327,0.14296059956696117,0.02043773302854502,0.3656983699229839,0.1665328907988745,0.027733203717829863,0.0,0.0,0.0,0.0,0.0,0.0,,,,1.4960491895675658,0.9842221978616924,0.9686933347637005
0.8,0.0,0.75,0.5,0.16537296885146915,0.0166120570958859,0.00027596044095697304,0.2803482097584054,0.026695251591250635,0.0007126364575201695,0.7324556920042402,0.06686603302437602,0.004471066372416945,0.729658395917799,0.06761801054940984,0.0045721953506601,0.5819468685882233,0.09200254474290508,0.00846446823917025,0.8993987166567482,0.0720786081344534,0.0051953257506000905,0.899029059202747,0.07229475690957804,0.005226531876614982,0.7862090458620536,0.13522357178719177,0.018285414366885803,0.5114095371377164,0.12033043014320739,0.014479412418449316,0.5082893362342419,0.12116061889421167,0.014679895570828402,0.2740759012668451,0.12332871819840893,0.015209972732462563,0.6696998369705639,0.18303329574164479,0.0335011873500484,0.6688698150097279,0.18336988586191447,0.03362451504101154,0.4459114383060883,0.21021006607753936,0.04418827188032346,0.0,0.0,0.0,0.0,0.0,0.0,,,,1.4261759042739868,0.9775226815738901,0.955550592991409
0.8,0.0,0.75,0.75,0.1445248149532211,0.021934962527912414,0.0004811425811009218,0.27258992712777036,0.027903068009763336,0.000778581204357478,0.7072056998005528,0.06200116103600215,0.0038441439698122712,0.7042155216114948,0.06270812339244852,0.00393230873940255,0.5484387453927979,0.08584762351568713,0.007369814463291158,0.8925011318908593,0.11526167063054384,0.01328525271654397,0.8921550249098246,0.11544677724290488,0.0133279583757729,0.7849992346993085,0.1739731009491563,0.030266639853865327,0.5151654922657537,0.0923544430190924,0.008529343145366785,0.5121530487343472,0.09299537720364756,0.008648140181248693,0.26943723252262386,0.09820644941442037,0.009644506706587107,0.6938041942632254,0.15539162133781748,0.024146555981995655,0.6930512081154393,0.15558740452316241,0.024207440446254176,0.47936732160448503,0.17213822688316,0.02963156915447827,0.0,0.0,0.0,0.0,0.0,0.0,,,,3.3999709367752082,6.25294390017544,39.09930741874125
0.8,0.0,0.75,1.0,0.121670235385238,0.01786769267513763,0.0003192544415331669,0.27073998855533477,0.011221703790168116,0.00012592663595427348,0.6659055625574545,0.05214288334446147,0.0027188802834741174,0.6625819631832329,0.05268641097505816,0.002775857901432729,0.49973051682997693,0.07230085916381995,0.005227414235826527,0.8786554229014504,0.0689174882549954,0.004749620187377429,0.8782225770888262,0.06910214382754608,0.004775106281562865,0.7471842811910896,0.11923740678181714,0.014217559176052531,0.4909208400080976,0.09261165169711484,0.008576918030067715,0.4878514663080266,0.09319269354513979,0.008684878130198338,0.26302865711178536,0.09087130814706562,0.008257594644358955,0.693569777850945,0.15110519175571757,0.022832778975532177,0.6928184510772672,0.1514071716396673,0.02292413162392367,0.48829618753643195,0.1836596183148847,0.03373085539956913,0.0,0.0,0.0,0.0,0.0,0.0,,,,3.212004804611206,6.4007108668046655,40.96909960043133
0.8,0.0,1.0,0.0,0.14884558561114422,0.0227049681604141,0.0005155155791654181,0.25431914530019656,0.030902302162564007,0.0009549522789464081,0.6333819076771572,0.08817195973239235,0.007774294483050619,0.6293881460848807,0.08921614080302463,0.007959519779785117,0.4785232921881253,0.10900479384365858,0.011882045080898506,0.8435594530062451,0.08260774995018647,0.006824040351832531,0.8430110600647376,0.0828244385021142,0.006859887613190497,0.6727577754743701,0.15144806964100974,0.022936517797988134,0.47765906982732026,0.09327536705044547,0.008700294098395327,0.4741619762704169,0.09396082230595908,0.008828636128412016,0.2950289120150241,0.14203586352704003,0.020174186527871944,0.7485392674438941,0.19661934167171943,0.03865916551942035,0.7479287448934271,0.19704755070293492,0.038827737238025704,0.5792686695897079,0.2830500452557803,0.08011732811929928,0.0,0.0,0.0,0.0,0.0,0.0,,,,1.2906293153762818,0.6949834923081932,0.4830020545808925
0.8,0.0,1.0,0.25,0.1548013907096429,0.023207872165272626,0.0005386053304396359,0.2765291446815159,0.018298021793837282,0.00033481760156774413,0.6876348915964872,0.08458129471689646,0.007153995415986496,0.684389018035828,0.08551203620821182,0.007312308336474529,0.5466949720134815,0.10572438391325786,0.011177645353837938,0.8810114296875862,0.07074050942692105,0.005004219673980306,0.8805896827873226,0.07093085112166111,0.005031185640843253,0.7569092633381844,0.12319188018995922,0.015176239344737266,0.4677809472149561,0.07990715475580101,0.006385153381167533,0.46441133570003024,0.08047163318651154,0.006475683747704466,0.23512214624575054,0.06783498564647522,0.0046015852776574995,0.6228770721172208,0.11934809109247782,0.014243966847418382,0.6219390164919074,0.11958374459739148,0.014300271971934156,0.3914013712214789,0.14591808816887283,0.02129208845485895,0.0,0.0,0.0,0.0,0.0,0.0,,,,1.1664294242858886,0.5480724938551284,0.30038345852057974
0.8,0.0,1.0,0.5,0.14449156109328365,0.020348950412420186,0.00041407978288713563,0.25985180453532963,0.02432808660922671,0.0005918557980660359,0.6974828319343575,0.07625443659461022,0.00581473910036143,0.6944459302536952,0.07706953877565759,0.005939713807092589,0.5592191820044025,0.10055291212696545,0.010110888137213236,0.9301541611727085,0.08550027868324678,0.007310297654912863,0.9299118442268982,0.08576905356966676,0.007356330550236365,0.8593551894979192,0.16262768210939468,0.02644776298827433,0.47337978639697453,0.09016331036382434,0.008129422535763313,0.47017585171233345,0.09077228672226687,0.008239608036789426,0.22761446076257022,0.07135863770952275,0.005092055175758923,0.6723628495294793,0.12810561035199747,0.016411047403657803,0.6714834632576754,0.12830845498121518,0.01646305961966652,0.42736118034214743,0.13407074921398543,0.017974965794799375,0.0,0.0,0.0,0.0,0.0,0.0,,,,3.2265938758850097,6.749265426276725,45.552583794334346
0.8,0.0,1.0,0.75,0.12164303069677418,0.020176673418805472,0.0004070981502491313,0.2484991150994627,0.01681034698368646,0.0002825877657119364,0.6514848790989294,0.05991883394538253,0.003590266661374325,0.6480581099180134,0.060549648706113235,0.0036662599584337202,0.49851119260072896,0.07697998715814229,0.005925918422867752,0.9205357662101953,0.08203713091069505,0.006730090848058517,0.9202535469181645,0.08229446721267179,0.006772379333817514,0.8367174755429904,0.1568178206543535,0.024591828874780983,0.4901796178047217,0.06510544530551925,0.004238719008429957,0.48714954756453366,0.0655392288438955,0.004295390517452503,0.242739553004449,0.0445576423412262,0.001985383491008634,0.7363204205241975,0.07848179176409775,0.006159391638503203,0.7356057301488677,0.0786540837063847,0.006186464883690972,0.517723615861984,0.10560985700282305,0.011153441896156732,0.0,0.0,0.0,0.0,0.0,0.0,,,,10.734175419807434,12.013453841840795,144.32307321003933
0.8,0.0,1.0,1.0,0.10806808984649144,0.014164310997072282,0.0002006277060217828,0.24595956681860603,0.015312900148953477,0.00023448491097181944,0.629048567926976,0.05308505728823138,0.0028180233072948075,0.6254585712344433,0.053620038422777246,0.002875108520460108,0.4663261571645174,0.06802516636489644,0.004627423258971838,0.8969349210006967,0.0674855656269263,0.004554301567986176,0.8965344865490291,0.06769248510677,0.004582272539930279,0.7709688485677167,0.13408863688306358,0.01797976254115808,0.45554768600216444,0.0504798293520109,0.0025482131714081413,0.4523710146095416,0.050789749298517504,0.0025795986338062594,0.2152909022428034,0.04374577078509013,0.001913692461581645,0.698056982441513,0.12175031191967277,0.014823138452537613,0.6972585649709007,0.12204930450430655,0.014896032729984944,0.4696883264934126,0.16567527553399455,0.027448296923265017,0.0,0.0,0.0,0.0,0.0,0.0,,,,9.694068002700806,10.578035834851843,111.89484212340972
0.8,0.25,0.0,0.0,0.3022074589970978,0.006948571996048429,4.8282652784268456e-05,0.30216644428078077,0.006978463097276416,4.869894720004874e-05,0.7980553981728196,0.09588929137016806,0.009194756199472989,0.797460128774547,0.09602190302444413,0.009220205860435753,0.6198497552194718,0.13839045195787653,0.01915191719310533,0.7995300364531435,0.09521836167713665,0.009066536400478007,0.7989391895732146,0.09535075087942384,0.009091765693269947,0.6256294425989642,0.13767766301188972,0.018955138892415464,0.5893054296726917,0.171716268712402,0.02948647694050985,0.5884712554837724,0.17195070806568202,0.029567046004289405,0.3804498354803649,0.1847353804192289,0.03412716077863722,0.5848537736728467,0.1741457150389584,0.0303267300664301,0.5840087175789597,0.17438568030688487,0.030410365496095056,0.3721876607312672,0.18540375515279395,0.03437455242475717,0.3613913225561806,0.2228374045332095,0.04965650885909726,0.45085241876668836,0.2544076471659741,0.06472325093652677,0.19581720554986048,0.1498916644264073,0.0224675110645187,0.33468334674835204,0.3263993689023324,0.10653654801984089
0.8,0.25,0.0,0.25,0.2951444070837132,0.02521732313725035,0.0006359133862085018,0.30215638241950576,0.005126891424554819,2.628501567917374e-05,0.7696331877646234,0.11724544662319758,0.013746494753873073,0.7687322187350514,0.11752908127420934,0.013813084945159704,0.5959734392362328,0.14917958876821227,0.022254549705052924,0.7797597253730774,0.11291317142951876,0.01274938428227189,0.7791582043764564,0.11302358958299301,0.012774331802224847,0.5992990979296133,0.1420249441557327,0.020171084762438993,0.5906364037469648,0.21647524737655854,0.04686153272674222,0.5895060511192226,0.2171597111330192,0.04715834013937635,0.40752218700401066,0.2363598166878043,0.055865962944692454,0.5931234421648786,0.21728835785571207,0.047214230459631995,0.5923617482391617,0.217573326308851,0.047338152321097754,0.41423385513168254,0.24206540166115842,0.05859565868137796,0.5009804195005388,0.20905412408298954,0.04370362679610598,0.6020167259520542,0.24197153071015945,0.05855022167421764,,,,0.40337886810302737,0.3969702345450468,0.15758536711474946
0.8,0.25,0.0,0.5,0.2679818987145408,0.04994163956585246,0.0024941673625255194,0.29589803104814727,0.011068612662124376,0.00012251418626414007,0.7867063756258604,0.09114365249531553,0.008307165390186838,0.7852394370239955,0.09242961201963072,0.008543233178099465,0.6276616094907298,0.1202812916171752,0.01446758911309594,0.8277068860246816,0.06886311589298559,0.004742128730490765,0.8271355683527905,0.06902928421964169,0.0047650420798760725,0.6561123397617873,0.11761193340628452,0.013832566879564304,0.6112556334050112,0.14275061577866996,0.020377738305189456,0.6096660621633333,0.14359540274268126,0.02061963968883283,0.39970641345051106,0.17285673399769888,0.02987945048835123,0.639350828533196,0.12886631575365767,0.0166065273359214,0.6385376483755615,0.12911810241679725,0.01667148437171454,0.42563331862006865,0.16038739895832743,0.025724117744617688,0.3897804746125835,0.2750176213136921,0.07563469203304136,0.4731795005318835,0.3330909853761448,0.11094960453885111,,,,0.988460111618042,0.9819762863011033,0.9642774268577065
0.8,0.25,0.0,0.75,0.20526604947877475,0.054341835585965906,0.0029530350948521506,0.28542542754390543,0.024345868016767858,0.00059272128948988,0.7584359669247068,0.08144984520105578,0.006634077283275949,0.7559617693631739,0.08260291754318551,0.006823241986646305,0.6210264828802677,0.08998471517960266,0.008097248965954214,0.8910375225746725,0.06319719789841023,0.003993885822210826,0.8906337193069742,0.06337216324960261,0.004016031074934283,0.7685875668742979,0.11255260087045052,0.01266808796270294,0.5479945041795501,0.17399233024621633,0.030273330984508406,0.5451296611195459,0.17542360458453596,0.03077344104543163,0.3193955203578326,0.20115920241555008,0.04046502471646025,0.6332400599126627,0.1732473491403323,0.030014643984152198,0.6323279003980288,0.17356907093757523,0.030126222386133026,0.40372932685128476,0.2016033608151066,0.040643915091946065,0.11445783132530121,0.24129829535421368,0.058224867340849334,0.1381526805255619,0.29125142354557565,0.08482739171732429,,,,3.8371623754501343,7.472031643855915,55.831256886784125
0.8,0.25,0.0,1.0,0.13543510600432332,0.01168884486403464,0.00013662909425546897,0.2632424672763954,0.024057644549210413,0.0005787702612561535,0.6327424747012181,0.06658389356934427,0.004433414882853765,0.6288848835372164,0.06732381634971406,0.004532496247890027,0.48267957330738814,0.06672755342710904,0.00445256638636769,0.8436714725322408,0.07863669417833312,0.00618372967129669,0.8431637599181754,0.07885062114886836,0.006217420455562365,0.6946568521707955,0.13933192118562646,0.019413384261277623,0.4527207586696641,0.0670902611061892,0.004501103135296643,0.4492075088198096,0.06752397178705312,0.004559486765898745,0.25521077696043937,0.08124636247986028,0.006600971416208848,0.6640515577220757,0.07610560932579581,0.005792063770850658,0.6632737359878137,0.07626952788305909,0.005817040883504728,0.45152849911929327,0.10863315131969825,0.011801161565648458,0.0,0.0,0.0,0.0,0.0,0.0,,,,3.337787079811096,6.114886048509398,37.39183138625487
0.8,0.25,0.25,0.0,0.29577512351138907,0.00827999934497073,6.855838915271574e-05,0.29572049303487563,0.00823595832011611,6.783100945068978e-05,0.7827204354454144,0.07611950146217966,0.005794178502850771,0.7821038766778512,0.07618851420993036,0.0058046896975167605,0.6067607749330495,0.09702659506637931,0.009414160150175143,0.782958849381205,0.0756336268984043,0.0057204455178070275,0.782341473130671,0.07570528880455026,0.005731290752980361,0.6088434231018458,0.09838894598389575,0.009680384691821954,0.6259476190014689,0.14094223878634057,0.019864714674105843,0.6252306951411494,0.14110848822394034,0.019911605448845907,0.4525122333808345,0.14720182082254926,0.021668376053473895,0.6289318460159583,0.13900744914844865,0.019323070918758536,0.6282165308270679,0.13918132915399434,0.019371442385072515,0.46041686532348347,0.14610907715087312,0.021347862425879795,0.4880843351631895,0.17819202575051932,0.03175239804107374,0.5950675207774169,0.20321439281427442,0.041296089446874226,0.1114268913957575,0.12003971539506378,0.014409533272127913,0.6673174142837525,0.963589005253564,0.9285037710455529
0.8,0.25,0.25,0.25,0.2894092397054607,0.02808868478157425,0.0007889742127586408,0.3001370006815257,0.010166818821057334,0.00010336420494020564,0.753686499170621,0.09457371025788405,0.008944186671942203,0.752835389558571,0.09456003991782709,0.008941601149261052,0.5746864474748468,0.12953970986443525,0.016780536431762066,0.7699556032021876,0.10908515576144823,0.011899571207499422,0.7693384813522246,0.10920011192112893,0.011924664443587083,0.5907912877371547,0.147688847787662,0.021811995760847195,0.6352172343475073,0.2137300862232524,0.04568054975699891,0.6342568492145976,0.21428740704915114,0.045919092819848586,0.4823888144250407,0.2876338669039492,0.08273324139011876,0.6425568169372295,0.21169496286116443,0.04481475730078979,0.6418598906173856,0.21205783185608226,0.04496852405150246,0.4929709655499742,0.2825999373623701,0.0798627245972155,0.46288185936046594,0.20939950571987848,0.04384815299572942,0.5689378525293044,0.24133733372101815,0.05824370864757008,0.13263112953408465,0.15014718256782436,0.02254417643305558,0.6578317403793335,0.5326456601859503,0.2837113993149268
0.8,0.25,0.25,0.5,0.2984357407622248,0.011797527581889676,0.00013918165704544764,0.29830852027185145,0.011912419514346384,0.00014190573868578052,0.7883049187712048,0.08737370341073138,0.007634164047706452,0.787691103704231,0.08747715914701258,0.007652253372431767,0.6074440945047337,0.11907742600258957,0.014179433383402194,0.7860662745815579,0.08779558246150868,0.00770806429975557,0.7854424852113338,0.08789872521944239,0.0077261858952030376,0.6022505130245892,0.1184956270038583,0.014041213619037513,0.5821748704385719,0.1560913894621998,0.024364521864240138,0.5813383616194288,0.15630794276382198,0.02443217297105825,0.38581046310112554,0.1738072428172492,0.030208957655734225,0.5834982839326586,0.15667282687654793,0.02454637468148876,0.5826591392679978,0.15689696013778018,0.02461665610047618,0.39120001483074074,0.17924478401013288,0.03212869259483919,0.5943636688484273,0.053047274477886326,0.00281401332953221,0.7125379009219832,0.04794327675573236,0.0022985577860767463,0.05435905660934663,0.017593103325421376,0.00030951728461895263,1.0180359601974487,0.8017348257911624,0.6427787308863856
0.8,0.25,0.25,0.75,0.1576604737861073,0.04790518733450046,0.002294906973553583,0.2874388654570853,0.013079447313401755,0.0001710719420240524,0.6723963575473964,0.08690184897895604,0.007551931355961284,0.6689479375324818,0.08802334864727741,0.0077481099070801545,0.50677311774201,0.09921477113456773,0.009843570811284653,0.7993570399912592,0.03827714778044399,0.0014651400422059481,0.7987354255721945,0.038363708505473756,0.0014717741302929595,0.6212962474541399,0.06215346823666941,0.003863053613846673,0.4861888598929981,0.13749914791082696,0.018906015676203466,0.48286763347838974,0.1385954892359727,0.019208709636558626,0.27082655675316747,0.1550097406306511,0.02402801969038172,0.6145665172215392,0.13720990143855002,0.01882655705277661,0.6137720084252255,0.13747050052389687,0.01889813851429073,0.417222717036541,0.16065618421041114,0.025810409525049555,0.3136354915021666,0.09943579923807962,0.009887478170115675,0.4169816019329414,0.10874039772600638,0.011824474097610053,1.0788859870076795,0.3542221847900758,0.1254733561974546,3.6402182579040527,6.918158794334814,47.86092110363212
0.8,0.25,0.25,1.0,0.13864758477907582,0.016462765130037794,0.00027102263572678826,0.2634091015697666,0.029266156997041014,0.0008565079453754528,0.68790706320281,0.05538516589760492,0.003067516601505219,0.6847540762420758,0.05596696490706063,0.003132301160908156,0.5329156260707479,0.06805665868396087,0.004631708791225145,0.9114042855465959,0.0589224035179759,0.003471849636335179,0.9110607114486677,0.059112913548836556,0.003494336548232224,0.803601242799939,0.11669194920089544,0.013617011008304362,0.5127056555857694,0.09362569466341941,0.008765770701207843,0.5097169189946736,0.09419991316281327,0.008873623639881562,0.2916270905314956,0.0993625186552182,0.009872910113508583,0.7209771527365361,0.11080051959007783,0.012276755141431221,0.7202285279055569,0.11107210275291544,0.012337012009954205,0.5018156904053694,0.15414688287513031,0.02376126150011914,0.22926695462559277,0.011359211009023765,0.00012903167474752672,0.36869314829335015,0.07391190491648805,0.00546296968838397,1.7015611145436924,0.13933795265472407,0.019415065050010123,1.556068444252014,0.8438760324167872,0.7121267580874986
0.8,0.25,0.5,0.0,0.2508674207696463,0.051338901386937,0.002635682795617642,0.286988300022682,0.03200496233544059,0.001024317614092971,0.766919016558272,0.08014197608954202,0.0064227363315367235,0.7650815782943196,0.08134617995656718,0.006617200993526211,0.5884213509858826,0.10424820547648052,0.010867688345066502,0.824460971385817,0.07358710954740146,0.005415062691541263,0.8238774254103778,0.07377309896789822,0.0054424701313273045,0.6492180361660532,0.13014936305564295,0.016938856703789557,0.5469772833242351,0.12147856809226953,0.014757042505748167,0.5449783709500794,0.12175850371784103,0.014825133227607507,0.33085752504375304,0.13842706942931324,0.01916205355078791,0.6310469120893061,0.16310063303846037,0.026601816497546508,0.6302266415042126,0.16340114003875825,0.02669993256596588,0.415883117289944,0.18698909364531027,0.03496492114229461,0.18719897554289014,0.2709009757155011,0.07338733864361052,0.22896163884239162,0.3269300606656799,0.10688326456686514,,,,0.5715794563293457,0.39531253491549,0.1562720002613105
0.8,0.25,0.5,0.25,0.21131008485913236,0.05844752401104409,0.003416113063021575,0.29315627223672874,0.023455149735136578,0.0005501440490976774,0.7285998705523618,0.05972604627120293,0.0035672006031898735,0.7260923176379572,0.06102651455224141,0.0037242354783949324,0.5441712937201124,0.0906759591589135,0.008222129569388947,0.816289349116321,0.06636703894709978,0.004404583858605858,0.8156957169504244,0.06652989900306853,0.0044262274613585005,0.641659615730269,0.11645392661485673,0.013561517024018437,0.49434581422734364,0.10357415126529843,0.01072760481032692,0.49178335793636163,0.10322721679007793,0.010655858286225747,0.2842300088201629,0.1666086678183732,0.027758448192213018,0.6037938327691302,0.202346516479375,0.040944112731337974,0.6029228110787159,0.20275068604992766,0.04110784069371633,0.40095959484761456,0.2656437635893936,0.07056660913393764,0.33604811077768487,0.20253473022987017,0.04102031694928628,0.4422266794613373,0.2332595635730438,0.05441002399828687,0.5115294652689841,0.3435046121345468,0.11799541855770546,5.2848611831665036,8.413317520211592,70.78391169589932
0.8,0.25,0.5,0.5,0.20118039105552105,0.06408535586368902,0.0041069328361756615,0.2886489879789101,0.013976913280532697,0.00019535410485153125,0.7631782262767393,0.08409320955434298,0.0070716678931506405,0.7609758891531047,0.08527408989801537,0.007271670407934807,0.6111402974931254,0.09749766683477025,0.009505795038223859,0.8718688414530777,0.05287342824577192,0.002795599414460792,0.8714070565172353,0.052982904468745026,0.0028071881659441616,0.7328553865362056,0.07650026612883808,0.0058522907177830505,0.5280673345250144,0.1215511495178595,0.014774681949113038,0.5255359190955755,0.12224095375176226,0.014942850774140481,0.2851617997374588,0.14420966848630226,0.020796428484929196,0.5799957759558083,0.1256059083234355,0.01577684420575528,0.57897538591939,0.12582822577566075,0.015832742401850657,0.3414976995212895,0.1500453415327536,0.02251360451568067,0.34134460343843437,0.18026576338001177,0.03249574544697839,0.44465881973814414,0.19928694968982835,0.03971528831667618,0.4194852392668099,0.24833521473123865,0.061670378875610415,1.1193175554275512,0.8778282672594442,0.7705824667997181
0.8,0.25,0.5,0.75,0.1952042446780431,0.07243960023044166,0.005247495681546203,0.2880955791309547,0.012514120757639318,0.00015660321833677927,0.7838810332516177,0.1036048391181414,0.010733962688695965,0.7818527282703577,0.1049244282232725,0.011009135637980661,0.6468963949945943,0.12195973833365192,0.014874177774412847,0.8980489585294716,0.0858957921052776,0.0073780871013930695,0.8976960776139377,0.08615458460248557,0.0074226124480268425,0.7921024890209472,0.16017755644135842,0.025656849587524566,0.60590822619835,0.1308136401477057,0.01711220844869344,0.6037368163646271,0.13184374645357622,0.01738277347891489,0.36884245017535866,0.1576964305541806,0.0248681642095295,0.7059828619910906,0.08798396437127966,0.007741177986486609,0.7052206062170768,0.0881766856617857,0.007775127894297363,0.49109139721533224,0.12088330597227218,0.014612773662785973,0.3614481353260905,0.1511676883235674,0.02285166999309121,0.46621631424172494,0.16259604580057702,0.02643747410998334,0.5846685172974398,0.3562887514201699,0.12694167438854362,1.4109631538391114,0.6948094914947986,0.48276022947126074
0.8,0.25,0.5,1.0,0.11902307442879687,0.013820268175471226,0.0001909998124419428,0.2738580679511406,0.014962208926285388,0.00022386769595381415,0.642742100030556,0.05613778746135517,0.003151451181056286,0.6391452329504353,0.05673500025000764,0.0032188602533683667,0.46810743157736445,0.06570834237374389,0.004317586257505146,0.84743842905977,0.07412029896623992,0.005493818718844786,0.846903665461611,0.07430402230555021,0.005521087730783702,0.6808933531275586,0.1292854578557901,0.016714729612981274,0.4692815676106522,0.10932435904827024,0.011951815481315107,0.46604189138715213,0.10998299753988937,0.01209625974785931,0.2618470564370604,0.1361028238178864,0.01852397865120263,0.724925187568046,0.2029724587417481,0.04119781900767063,0.7242517808526885,0.2034318526434745,0.04138451866995632,0.5474665847851627,0.29576329066001866,0.08747592410204268,0.2253933969450212,0.01745246484575186,0.00030458852919220444,0.33594485779336236,0.04914802086024523,0.0024155279544791006,1.3247124617584174,0.12635044108775423,0.015964433963070054,1.5991166591644288,0.702969057868516,0.49416549632054907
0.8,0.25,0.75,0.0,0.20186535613110018,0.05119551531890549,0.0026209807887682865,0.2719871344695269,0.033667424164098805,0.0011334954498453443,0.7426896798683961,0.06447786638764147,0.004157395253902546,0.7402101079593744,0.06552279519695021,0.004293236690421482,0.5796135824105519,0.07032960623168762,0.004946253512704234,0.8840649574718291,0.06605810282201736,0.004363672948444218,0.883653864130269,0.06623358157393935,0.004386887328111678,0.7639738829191207,0.11331424241573132,0.012840117534251122,0.5169340467911153,0.08996679486069986,0.00809402417750725,0.5142713967632793,0.08974891335737703,0.00805486744882997,0.30014640824806393,0.10117178603799193,0.010235730290117219,0.6687489759025228,0.16858930022514862,0.0284223521504053,0.6679538251396988,0.16889479874306865,0.028525453042461662,0.45472836238658837,0.18993870175181682,0.036076710423165625,0.03,0.06324555320336758,0.004,0.04190236748376282,0.08833794706804604,0.007803592892196904,,,,1.0630427837371825,0.5222110480451825,0.2727043787004479
0.8,0.25,0.75,0.25,0.19399712246282183,0.055785687764552394,0.0031120429593641304,0.2850299713313017,0.02585844613351776,0.0006686592364400396,0.7405427049560134,0.08118343316776902,0.0065907498209056194,0.7382921142844987,0.08148083168063625,0.006639125931368175,0.5899162756768137,0.11944309951890703,0.014266654022683527,0.8851664562418857,0.10583963103683637,0.011202027498013656,0.8847882157717694,0.10598616369110955,0.011233066893958669,0.7691183608977215,0.15098795815488375,0.02279736350778093,0.5505800280892466,0.08580691346020147,0.007362826397566504,0.5482308458270777,0.08551278386231143,0.00731243620388239,0.3240404513985611,0.07219757012136686,0.005212489131429685,0.720781444922419,0.16642591895197018,0.027697586499007748,0.7201183737753004,0.16662841931185562,0.027765030122367577,0.5153230561222738,0.1834486422476001,0.033653404342487966,0.22076863725341672,0.1650607511739469,0.027245051578107613,0.3202621777775879,0.2117597259407509,0.044842181530501936,1.11259269416816,0.5311531787644789,0.28212369931161047,0.9830218076705932,0.37238947516500764,0.13867392121366987
0.8,0.25,0.75,0.5,0.15420720083765896,0.018425194959289903,0.0003394878092878421,0.28123436133442753,0.018420933170366277,0.0003393307788671006,0.7370899755101057,0.059211578071561945,0.003506010977724675,0.734431300950191,0.05985079696635858,0.003582117897508278,0.5949299109727403,0.07981067559954821,0.00636974393965632,0.9152796786783428,0.05822425173956767,0.0033900634906325485,0.9149534398503734,0.05840982702192373,0.0034117078927310518,0.8179342526993096,0.11271873960985133,0.012705514259233469,0.5273372086782814,0.05715403563513806,0.0032665837893826313,0.5244376148884358,0.05754079490174646,0.0033109430779248517,0.2661056644417482,0.05490896344518874,0.0030149942666250727,0.6721872370013979,0.09986693593943202,0.009973404893930619,0.6713095304396461,0.10011291362571695,0.010022595474630263,0.4306454653724191,0.12846912664997093,0.016504316502206268,0.20586489309074912,0.05951299023867601,0.003541796007148746,0.31397588840431456,0.08229014982163625,0.00677166875766734,0.9133129468602886,0.08174584459733343,0.006682383108931387,2.9737215042114253,6.528663527666385,42.623447457481284
0.8,0.25,0.75,0.75,0.12918488944372314,0.017987473665452423,0.00032354920886534447,0.27982908779333515,0.012772547253633757,0.00016313796334630723,0.6925117451927074,0.04907138485207328,0.002408000811300287,0.6894357813380128,0.04958620367236456,0.002458791594637221,0.5319571661282081,0.05248475779678245,0.002754649800986916,0.87060664930111,0.05272306416752138,0.002779721495212577,0.8701394518215684,0.052831421402387,0.0027911590873965957,0.7285239815391822,0.07521340861500574,0.00565705683548782,0.5117424811615257,0.07256391172710364,0.005265521285138889,0.5087806252222273,0.07301294274122845,0.005330889807733904,0.2721939094760808,0.07446156772429302,0.0055445250679594755,0.6823546893190813,0.14768938085342245,0.021812153216867265,0.6815872067839365,0.1479984520119156,0.021903541797923285,0.4797353257641664,0.1855192416421263,0.03441738901946965,0.2927932590976069,0.04053605498251017,0.001643171753545088,0.4090186491048241,0.030118707439082997,0.0009071365378010734,0.9396348302107886,0.06435403362353469,0.004141441643619032,1.4960934162139892,0.7873363965090983,0.619898601267932
0.8,0.25,0.75,1.0,0.12489176870849761,0.019135913205747684,0.00036618317421790856,0.2720453049475036,0.009269765126700384,8.592854550419057e-05,0.6950844466542441,0.0607116360904592,0.0036859027567803485,0.6921097083536789,0.06133177735291613,0.0037615869132676762,0.5340181680969962,0.07844904858722045,0.006154253224240075,0.9181580367494402,0.08310496222975423,0.0069064347472088785,0.9178654262048566,0.08336791238875065,0.0069502088160584025,0.8284708412866412,0.16092092403616604,0.025895543792653523,0.5048259795018719,0.08370815051150361,0.007007054462056543,0.5019093360456862,0.08423166127652228,0.007094972761402783,0.24750722230192385,0.07345162793225338,0.005395141645898185,0.7059445361184193,0.14127126792422856,0.01995757114091917,0.7051663415553817,0.14152612086556698,0.020029642887255075,0.4815359497940748,0.16558032109053686,0.027416842732445285,0.2385339885339885,0.008201375313022034,6.726255702504727e-05,0.3626208164519459,0.009487236674466036,9.000765971733338e-05,1.1687015601429753,0.15752675064000338,0.024814677167197804,1.2507784843444825,0.8181628528883794,0.6693904538464519
0.8,0.25,1.0,0.0,0.14254333316651827,0.017728787732578893,0.0003143099144668398,0.27419605478655096,0.022808425908583025,0.0005202242924273214,0.6464948204911736,0.07259787934258351,0.0052704520850403135,0.6427732178911703,0.07346306379616868,0.005396821742319949,0.48950462585122434,0.08379232967247485,0.00702115451194071,0.8402014945624833,0.11054626506736794,0.012220476720344771,0.8397274533752601,0.11072905139993545,0.012260922823929547,0.7024433036184335,0.16301121191689716,0.02657265521061555,0.4277809334948491,0.11823400455943256,0.013979279834159919,0.42409266067177576,0.11908657908717789,0.014181613318686673,0.21791212770222704,0.110309953291419,0.012168285795155042,0.5741961091459242,0.18668130062556107,0.03484990800325111,0.5732827746528657,0.186919441254347,0.034938877518837286,0.3560265977709691,0.19431513408186216,0.03775837133325207,0.0,0.0,0.0,0.0,0.0,0.0,,,,5.777023839950561,8.732309089737514,76.25322203871241
0.8,0.25,1.0,0.25,0.12356905697478202,0.018816457735074715,0.0003540590816958531,0.2621260979142514,0.03336061249352389,0.0011129304659430624,0.6334960175026187,0.07040330684555292,0.004956625614789078,0.6297597195916398,0.0711572836044937,0.005063359009970349,0.4642907558058189,0.07806051168022748,0.0060934434837789314,0.8571066010109872,0.07845994160850453,0.006155962437209939,0.8566321208227345,0.07867035514702343,0.006189024778958796,0.720376690456149,0.1360067378336804,0.018497832736159465,0.40555549127605256,0.06552595245102,0.0042936504446133335,0.40187086688215656,0.06595808544428226,0.00435046903547524,0.16937855122466144,0.051480167181519224,0.0026502076130371687,0.5872807451465167,0.12035064853546276,0.014484278602906485,0.5863088348689008,0.12055223348981814,0.01453284099938363,0.36231020821705034,0.1413152359836869,0.01996999592112511,0.18075483788511953,0.07372771915898496,0.005435776572386157,0.3004700573824705,0.09450562250470293,0.008931312685001414,2.058809284065202,0.024034652617597126,0.0005776645264485684,3.4817879676818846,6.99418494369781,48.918623026649136
0.8,0.25,1.0,0.5,0.12652594164090702,0.022121038372098202,0.0004893403386598411,0.26251357168632516,0.018921514884994085,0.0003580237255430528,0.6729820371063132,0.06284067803022962,0.003948950815298984,0.6697449985820971,0.06350200792702156,0.004032505010763509,0.5229476739341998,0.08463460714280745,0.007163016726217352,0.8946218289927309,0.06117487929291301,0.0037423658565024767,0.8942329831339695,0.061342644145625166,0.0037629199907768013,0.7798413523387792,0.10795996088346782,0.0116553531539599,0.44351141197388183,0.07552448197179487,0.005703947377107969,0.440178120809141,0.07602314426147869,0.0057795184634016,0.20031316155321427,0.06308605735028378,0.0039798506320032935,0.6161870865556939,0.11509355935121197,0.013246527404130954,0.6152120934606639,0.11531156057582086,0.013296756002431203,0.37415396820322566,0.13538716439111614,0.018329684281867105,0.20245916441568607,0.024247937527795606,0.0005879624743518786,0.3736574409525443,0.028324565309431095,0.0008022809999682274,1.3752371552171125,0.07768595195072131,0.00603510713048978,3.803072381019592,6.5491827612068665,42.8917948396892
0.8,0.25,1.0,0.75,0.11700996114969475,0.018616386400677615,0.00034656984261933446,0.2524554278451606,0.012005549981674838,0.0001441332303624927,0.6634979651341154,0.05779443281967344,0.0033401964649477462,0.6602321558269929,0.05837859127571309,0.003408059919336765,0.5032757027761143,0.06899145508228273,0.0047598208743706355,0.9259653535162593,0.060930007472911246,0.0037124658106490204,0.9256825836748339,0.06113128294122493,0.003737033754040099,0.8427887092375181,0.11890230046117901,0.01413775705496049,0.4681426438512045,0.05418702439343622,0.002936233612614852,0.46502955530257284,0.05453288704728751,0.0029738357697122178,0.2135201660587406,0.041612650416572736,0.001731612674691891,0.687357970552811,0.09637021303654857,0.009287217960709755,0.6865086799620725,0.09659768216023906,0.009331112198730568,0.44467450734585345,0.12069494307505083,0.01456726928388976,0.24242424242424238,0.0,0.0,0.3684937816674343,0.0,0.0,1.2243446509435416,0.12286824952055746,0.015096606740245969,10.772846889495849,11.366729620005493,129.20254225431023
0.8,0.25,1.0,1.0,0.0945819888689114,0.022486685187922306,0.0005056510107407244,0.2346337837011434,0.014426896798180811,0.00020813535122535972,0.6065949617014776,0.06874118415296382,0.004725350398751685,0.6028285681968447,0.0694172628318545,0.004818756379066768,0.4323592786120135,0.08235770568909646,0.0067827916863718325,0.8964755976450987,0.0896043918767409,0.008028947043600548,0.8961172793740214,0.08987591410963769,0.008077679937042972,0.7876151141992459,0.171033489974881,0.029252454692987713,0.4238538800575372,0.07011713249921948,0.004916412269913101,0.42053518389535327,0.07053124004780723,0.004974655822681406,0.18411747017883154,0.05003557618732462,0.002503558884397567,0.6696966063609818,0.1322238384421443,0.017483143452374277,0.6688606682024351,0.13244579884779265,0.01754188963242995,0.4364101301100437,0.15320523154902002,0.023471842973988837,0.23931361431361425,0.006810376947619885,4.638123416867234e-05,0.3236769703835572,0.0,0.0,1.375556960971529,0.2107935992220128,0.044433941472970556,6.641974854469299,8.827288273824509,77.92101826919969
0.8,0.5,0.0,0.0,0.2771071822064139,0.03887581205872832,0.0015113287632255664,0.3002518059669762,0.005894157773841235,3.474109586293306e-05,0.7479398720294494,0.08458265799551982,0.007154226033587073,0.7463175850546724,0.08536978568976716,0.0072880003087167754,0.5628134108152973,0.11148651840841577,0.012429243786830026,0.7737235075043726,0.07493974609223264,0.0056159655443682975,0.7730719105631245,0.07501396444074859,0.005627094861117895,0.583262662131245,0.10102453286504018,0.010205956240599582,0.4915416461209238,0.15706573245120103,0.024669644310432268,0.48932080535110345,0.1587076355564103,0.02518811358390635,0.27665497935810074,0.17945297051651724,0.03220336862720201,0.49559951085303766,0.1524901083314013,0.02325323313892251,0.49459085887445653,0.1527330499371845,0.023327384543114497,0.2790578927876015,0.17593568398250392,0.030953364898391487,0.31665370245270685,0.2760298783080985,0.07619249371878366,0.38822921714515773,0.3298905526275258,0.10882777671289438,,,,1.2459166288375854,1.4841061908858173,2.2025711858256103
0.8,0.5,0.0,0.25,0.22312369116956837,0.04162230537011958,0.0017324163043234851,0.2961213702503535,0.010750951475335271,0.00011558295762501365,0.7578178282211934,0.09382352529929984,0.008802853899588356,0.7553107785836081,0.09519304269171654,0.009061715376906967,0.6007182022698754,0.13598585662772938,0.018492153202777372,0.8376106872299139,0.07532930684813265,0.005674504470220124,0.8370593408785849,0.07551705796841857,0.005702826044205489,0.671373640285661,0.13229247419244122,0.017501298727957724,0.474411519092898,0.10006600991737473,0.010013206340784137,0.471227966178074,0.10107651593573318,0.010216462073706523,0.22768413278974245,0.10918461572241547,0.011921280310451537,0.5251998907650302,0.12340823911248172,0.015229593480843462,0.5240919401516246,0.12359861093692638,0.015276616625537698,0.277142755215591,0.13477491788521712,0.01816427849096702,0.07670731707317073,0.1834035792811012,0.033636872893119174,0.09591901483793375,0.22444527173954953,0.05037568000624024,,,,2.892313838005066,7.032005667352166,49.44910370567299
0.8,0.5,0.0,0.5,0.24820269054344699,0.06042083520471941,0.00365067732683586,0.28336681405285497,0.026304679586249248,0.0006919361681352379,0.8032071376668372,0.09515708676485253,0.009054871161573672,0.8016475891225825,0.0964715373430963,0.009306757517340423,0.6537141851546864,0.11055388412407925,0.012222161294920344,0.8682813374177485,0.05494907242974799,0.003019400560889691,0.8678052240559768,0.05506489973634735,0.003032143182973987,0.7222271469439792,0.079988489251993,0.006398158412816201,0.5678538904027801,0.15366264317033418,0.02361220790609345,0.5658319834921242,0.1551234638432325,0.024063289034722657,0.3418984582591401,0.1783591481850077,0.03181198574128153,0.6229062908517737,0.13344151622390546,0.017806638252134827,0.6219804698885639,0.13372996786308225,0.017883704304661012,0.39071665088892116,0.1689805810451476,0.0285544367703557,0.34336101952587755,0.2955281900267418,0.08733691110048201,0.41494583719930145,0.35713907776674025,0.12754832086807774,,,,1.5181620359420775,1.1934988192527092,1.4244394315576108
0.8,0.5,0.0,0.75,0.2087279362385627,0.07764743446072897,0.006029124078333201,0.28946284690817026,0.014711194664345053,0.00021641924845225435,0.7670042475696077,0.1407378031678944,0.01980712924052498,0.7647651062862184,0.14256784168491826,0.02032558948269592,0.6181285496636987,0.17236751409155465,0.029710559914102295,0.8550075105882191,0.11645144661181807,0.013560939417985113,0.8545520749569849,0.1166539852570747,0.013608152276357801,0.714603821970718,0.17985792454331204,0.03234887302102772,0.5799986189142634,0.20511653260275134,0.04207279194697556,0.5776045586647043,0.20678255276072574,0.04275902412624233,0.35561415531168417,0.2309069357945148,0.05331801299801218,0.6549646080130858,0.18608787094783055,0.034628695713896436,0.6541846888412284,0.18633125943791576,0.03471933824371987,0.44174469895947943,0.20390427586598867,0.04157695371643321,0.22787562667521527,0.29418873798098255,0.0865470135548432,0.27539400208472753,0.35553376220665506,0.12640425606881836,,,,3.2710757493972777,6.667816599209315,44.459778200691275
0.8,0.5,0.0,1.0,0.1358592567488147,0.02332288268877093,0.0005439568569141707,0.2542389636719907,0.026148256834879136,0.0006837313355028035,0.6748963708068485,0.08846351791510436,0.00782579400191599,0.6715942309074849,0.08941616201814906,0.007995250030055882,0.530429157224283,0.10647831343415934,0.011337631231783076,0.9071919542796003,0.08315421089872486,0.006914622790189614,0.9068557674674818,0.08341289197550535,0.0069577105477173235,0.8029688716958795,0.1628221832566531,0.026511063360463123,0.4754911883874938,0.10562697559418083,0.011157057973173672,0.47225610053627465,0.10632725755113381,0.011305485698345143,0.2529442633721552,0.10454600434660001,0.010929867024839309,0.688555113174482,0.09985879693482266,0.009971779325270148,0.6877281869867689,0.10007504390969386,0.010015014413527156,0.45131360305895313,0.1329569421172855,0.017677548457179212,0.0,0.0,0.0,0.0,0.0,0.0,,,,1.472484302520752,0.8226610022549884,0.676771124631182
0.8,0.5,0.25,0.0,0.26790101315584736,0.051283876269032184,0.002630035965177402,0.29846166678528,0.004760838268509224,2.2665581018901906e-05,0.7775521689714239,0.10820258358420147,0.011707799094296105,0.7761099238687628,0.1090568338290214,0.011893393004810786,0.6159980212948628,0.13694023382975568,0.01875262764134816,0.805043447779609,0.09289801991117999,0.008630042103417994,0.8044725057764349,0.09301453413288606,0.008651703559957827,0.6412645205582285,0.12568177908493694,0.015795909593954893,0.5381272845455142,0.13336342706683144,0.017785803679010066,0.5362460540374354,0.13452766083616666,0.018097691530050686,0.3273196856817613,0.15077700731625754,0.02273370593524678,0.5571208526831875,0.14015165348149475,0.019642485973596982,0.5561955896268367,0.14032884931944045,0.019692185951318227,0.35421961887653186,0.16552483377605023,0.02739847059658906,0.2731348453681689,0.26302301088334074,0.06918110425413798,0.3384745564311326,0.3136210028619986,0.09835813343616574,,,,0.8911823749542236,1.116629607533028,1.2468616804193642
0.8,0.5,0.25,0.25,0.24584091503365282,0.06468756137656208,0.004184480596846486,0.29297984571061236,0.02253091497731895,0.0005076421297151753,0.7333044085657192,0.11194111116500526,0.012530812368856064,0.7316188942697511,0.11249680880304515,0.012655531990868897,0.563982663378446,0.1549187008509043,0.02399980387333198,0.792170436482743,0.13203759709508278,0.017433927046643413,0.7916210354744646,0.1322457273659076,0.017488932406537958,0.6331441970099303,0.19898756908979193,0.03959605265226472,0.5582934756294279,0.16904033510242694,0.02857463489154079,0.5564023419967997,0.16994790637168858,0.02888229088012023,0.3598177584507106,0.2316791888960634,0.05367524656753783,0.608541107467693,0.17180388697069574,0.029516575578239595,0.6077414103222466,0.17205099978724928,0.029601546527792053,0.4215434946679929,0.21506336463582387,0.04625225080848134,0.29770335764112427,0.2152425018223898,0.04632933459076148,0.3868980657788735,0.24653277448480765,0.06077840889517702,0.40350372980325194,0.3373711136255578,0.11381926830894902,1.749124526977539,1.435322458993898,2.0601505612922897
0.8,0.5,0.25,0.5,0.21347221599030405,0.07458545527506963,0.005562990138589413,0.2868631452846115,0.021698583807183022,0.00047082853923734527,0.768476094549651,0.10399707286307673,0.010815391164088091,0.7663687200690409,0.1054238708288844,0.011114192540545301,0.6195472016253073,0.12010038608222734,0.014424102737100066,0.8553507220615586,0.07751580554783466,0.006008700109729715,0.8548677545327681,0.07772402245145651,0.006041023666034516,0.711587593197897,0.13626271990715946,0.018567528836496993,0.5800081831417251,0.19175360670091549,0.036769445682809376,0.5776237539429065,0.19336452899065454,0.03738984107177768,0.3599674193386252,0.23234230874583658,0.05398294843334565,0.6290677041314052,0.18444123271596757,0.03401856832578571,0.6282265263947531,0.18475880241308415,0.034135815069117066,0.41926891612137196,0.20990346469268623,0.044059464489993774,0.35909820130728604,0.19273265890706578,0.03714587780938736,0.4611677754813989,0.20841396574486581,0.0434363811175021,0.3818507089761226,0.2704666886801901,0.07315222968562687,2.2016188383102415,1.281266970500893,1.641645049696536
0.8,0.5,0.25,0.75,0.15583168848844778,0.05127590220615172,0.002629218147054835,0.27707802142499527,0.024902582864178027,0.0006201386333072531,0.7176183324348923,0.08374070541785293,0.007012505743879623,0.7147779717154457,0.08475997859750134,0.007184253971848884,0.5634050875816196,0.10262377178541397,0.01053163853546473,0.8702357012650843,0.07325294419188777,0.005365993832779825,0.8697911115661408,0.07344727738819858,0.005394502555738987,0.7402423614934206,0.12580028670913285,0.015825712136100026,0.499928318546438,0.13722607970376505,0.01883099695086408,0.49685817014104366,0.13826955868928179,0.019118470860128738,0.26134300352919554,0.15546777115139193,0.024170227866781576,0.6322164571516885,0.12077385107940194,0.01458632310454956,0.6313251380413122,0.1210157614883949,0.014644814528616082,0.4112001682490831,0.15151239008033826,0.022956004347856582,0.2903584351961571,0.11287778317971316,0.012741393935566335,0.4008321042801998,0.12306373593737217,0.015144683102863269,0.7618654807555638,0.24792777157164608,0.06146817991648232,3.334027552604675,7.333928579387466,53.78650840755626
0.8,0.5,0.25,1.0,0.12812287724253063,0.020110578547753305,0.0004044353695253555,0.2687475441720292,0.011314947034081736,0.00012802802638407507,0.6719487676605055,0.06871001325511887,0.004721065921518611,0.6686797979925684,0.06942978216112697,0.004820494650941545,0.5112519802576758,0.09385796766012777,0.00880931809328959,0.8941759214538175,0.08124968322542371,0.006601511024231699,0.8937865270632059,0.08149682427140569,0.006641732366324378,0.7717067417813556,0.15787474986878186,0.024924436646130442,0.49082347928270853,0.09857114281099667,0.0097162701950659,0.48775405043649506,0.09917269083151262,0.009835222606762787,0.2653031375355156,0.11116844883865706,0.012358424017193113,0.6840606425536986,0.178826285152294,0.03197884026136957,0.6832293393586921,0.17921877070609263,0.032119367773403004,0.4665739575404622,0.2509387729787442,0.06297026778407772,0.23201821035052825,0.02182261429628939,0.00047622649472461404,0.3693075556988184,0.057562486430028065,0.0033134398440071654,1.209673915226346,0.14286526416568474,0.02041048370513088,3.9825896501541136,6.959258504704311,48.43127893529928
0.8,0.5,0.5,0.0,0.23615514131911275,0.06919781015166879,0.004788336929786396,0.30140429959777815,0.006146050118714912,3.777393206175558e-05,0.7663964245941466,0.12307433435043913,0.015147291775803682,0.7644522985539679,0.12416238330747914,0.015416297428593375,0.6080937316068098,0.1530321625823808,0.02341884278464023,0.815060375434658,0.09851244983020431,0.00970470277154852,0.8145084659044566,0.09863261298821104,0.009728392344882215,0.6523830204282379,0.12973285173093071,0.01683061281823965,0.5822464225749733,0.14404810980598923,0.020749857938678326,0.5802318248084868,0.144694166811868,0.020936401909380682,0.3774724733613584,0.15125186909800747,0.022877127905640785,0.6549765661263158,0.13280688378327027,0.017637668380223057,0.6542489037956373,0.13296305709509726,0.017679174552074097,0.47092347863284967,0.1500187730262084,0.02250563226028903,0.21783894560277037,0.29119604808838867,0.08479513842229518,0.2626551401654084,0.33886618340950314,0.11483029025852304,,,,0.7435590982437134,0.4843676476538807,0.23461201809375393
0.8,0.5,0.5,0.25,0.22854188414031226,0.07693586562991378,0.005919127420224149,0.29919076226690133,0.006318583994261588,3.992450369253872e-05,0.713729262778467,0.11671981220235997,0.01362351456055418,0.7119019134198464,0.11692296389223836,0.013670979485345675,0.540734950219006,0.14705433798967008,0.021624978321580127,0.7657892483393466,0.12934823013503374,0.01673096463906565,0.765202378233436,0.1294718438233623,0.01676295834302112,0.5938841612380321,0.16390819978227256,0.026865897955865376,0.5646651235199998,0.1941472953329339,0.03769317228509345,0.5627288311404857,0.19493186801553744,0.03799843316802691,0.3822758082997123,0.24458116049303674,0.0598199440681206,0.6242527162561939,0.19420824307801343,0.03771684167944875,0.6235601315203737,0.19443370073282798,0.037804463980662915,0.4690692612870967,0.23356505237712852,0.05455263369193079,0.40327530447008114,0.20446367756391043,0.04180539544295873,0.5316456127393334,0.22478321810784183,0.050527495142917586,0.34850558301605045,0.33616878121992844,0.11300944946689212,1.8579373598098754,1.1905186250751159,1.4173345966507442
0.8,0.5,0.5,0.5,0.2147321491346926,0.08619480707160568,0.007429544766111323,0.2892354935579376,0.011237083328832663,0.00012627204173912894,0.6946993884033495,0.1187611814386804,0.014104218216711166,0.6927129324494978,0.1192167628174857,0.014212636536680638,0.5212007373618549,0.1479782116759263,0.021897551130805253,0.7655223903529237,0.12868679761089197,0.01656029187934667,0.7649339537668751,0.1288068410913758,0.016591202311938936,0.5925551809478193,0.16140020914129316,0.026050027510853176,0.4942070329437585,0.15664681047696116,0.024538223232604985,0.49205356517239285,0.15739795660030476,0.02477411674195142,0.2959142938556009,0.21110236169678806,0.044564207113961536,0.5330403728353529,0.18994487531649493,0.0360790556589988,0.5321416651582893,0.1902122228432126,0.036180689718955966,0.34331688165669705,0.23942863156237912,0.05732606961183348,0.47689891411702245,0.14364313887994293,0.02063335134728257,0.5971220388138224,0.1593632771348404,0.02539665409915594,0.10906556394624803,0.07385162669805642,0.005454062765949081,1.550293469429016,0.9779787543426579,0.9564424439456167
0.8,0.5,0.5,0.75,0.14638563377678632,0.05264567901657912,0.002771567519116679,0.2833475764402075,0.021891743653726987,0.0004792484402004958,0.725161751232388,0.07848975981987895,0.0061606423965822835,0.7224593252119949,0.07944502947103745,0.0063115127076540075,0.5696792646963342,0.09615747824664647,0.009246260622754288,0.8706291913429606,0.07379265753201433,0.005445356305637151,0.8701865992983222,0.07398875480338521,0.005474335837355459,0.7418793612241066,0.12748257680432873,0.016251807388671574,0.5367100537225339,0.08104889658987673,0.006568923638436531,0.5340291641931291,0.0816714174376456,0.006670220426274162,0.28586423176299613,0.07285590823934165,0.005307983365379371,0.6771292013057458,0.13777448269008027,0.018981808080519226,0.6763571373907254,0.13804348106738196,0.01905600266520064,0.46783768440310436,0.16160675875384797,0.02611674447492442,0.3638123405774246,0.08057904560595032,0.006492982590765822,0.47318763243324147,0.08887241179662385,0.007898305578548686,0.2553702676144428,0.06872719236494773,0.004723426970368529,1.7459548950195312,1.2002848769112449,1.4406837857418422
0.8,0.5,0.5,1.0,0.11960149565368494,0.016475216712522226,0.0002714327657245717,0.26048737379216175,0.01612074465968238,0.000259878408382678,0.6799902869535662,0.04577248535805182,0.002095120415853068,0.6768579847290448,0.04623240782208988,0.0021374355330280375,0.510322645265829,0.06325604694530361,0.004001327475146454,0.9124925597749822,0.05808703104216741,0.0033741031752937208,0.9121534969773666,0.05827501052572805,0.003395976851773715,0.8072847325667587,0.11508674883598383,0.013244959757636824,0.4627537217738838,0.07720366731115372,0.005960406246291305,0.45957509253887474,0.07767692604716507,0.006033704840136751,0.21790779786493747,0.07368377187450174,0.005429298237653615,0.6712269179466803,0.10492468200642155,0.011009188894148682,0.6703435766618909,0.10518691766967853,0.011064287648847728,0.4311460230687604,0.1426499533311495,0.02034900918537913,0.32219058724549543,0.07957424284519805,0.0063320601243865545,0.42319972368440856,0.0848557579561606,0.007200499658314513,0.5778929270495166,0.06487584719239327,0.004208875548930762,3.882989454269409,6.525706538963415,42.58484583266987
0.8,0.5,0.75,0.0,0.21590054019005606,0.0711461790156597,0.005061778788528297,0.293682168319349,0.014148016197826388,0.00020016636233395783,0.7251616269570095,0.07812538274798515,0.006103575429519176,0.7230844038013341,0.07877447921038654,0.00620541857486762,0.5533041426339176,0.08681479685117276,0.007536808952310395,0.8188128031400268,0.09409055669120103,0.008853032858460116,0.818272210724615,0.0941989899968923,0.008873449716434615,0.6610333920786786,0.1200858959655423,0.014420622409847048,0.4522439057147376,0.08794939366234387,0.007735095845573934,0.4498597188742087,0.08754020236979711,0.007663287030945031,0.22888644148530624,0.0879427414429163,0.007733925772495629,0.544188690330859,0.18744813074366157,0.035136801719292836,0.5432462779720255,0.1877116665699761,0.035235669766477885,0.33702705275608474,0.20832987222363933,0.04340133566071789,0.10248502994011977,0.18040727168867857,0.03254678367815268,0.13232060864450887,0.22089851917889902,0.048796155775430415,,,,1.3410977840423584,0.9600029024132161,0.9216055726417989
0.8,0.5,0.75,0.25,0.161764914165588,0.05108913396953229,0.002610099609756818,0.29457960106192826,0.007006459737670836,4.909047805560249e-05,0.6987947668228267,0.06546647684389184,0.004285859590351826,0.6960643500557435,0.06553972458966408,0.004295455499289017,0.5243837234481538,0.07860551917792072,0.006178827645230462,0.8416445076920386,0.10172091559789287,0.010347144670073645,0.8411546701847963,0.10184798413729633,0.010373011872830963,0.6971500280667338,0.1356501178281593,0.0184009544667935,0.47723374248779094,0.10321815261368932,0.010653987028982858,0.47430818791274987,0.1034402652054457,0.01069988846577294,0.23881609831286013,0.09856419393732523,0.00971490032651466,0.6003563463632708,0.18671285146914574,0.03486168890373927,0.5994869037087472,0.18697236207364729,0.03495866417939906,0.3843597442489689,0.20186079937479265,0.04074778232423029,0.21032853198249207,0.15207620563700736,0.023127172320949352,0.32033965836189104,0.19828620938475894,0.03931742083217646,0.9648935618907378,0.3450379744346835,0.1190512038019893,1.6550851345062256,0.7179269637495431,0.5154191252786378
0.8,0.5,0.75,0.5,0.15161301697840163,0.011860256253231258,0.00014066567839231115,0.2902946258001585,0.0056779955008196105,3.223963290732774e-05,0.7735628788473007,0.04209844320621809,0.0017722789203871703,0.7713347055910784,0.04253586857074231,0.0018093001150674638,0.6248593153758752,0.05685595719831529,0.0032325998689366605,0.9440132413236693,0.04849995153206521,0.0023522452986126743,0.9437820889783378,0.04870042848930997,0.0023717317350423943,0.8721339310789273,0.1119062391109134,0.012523006351948921,0.5778290490254392,0.04641603899502075,0.002154448675987287,0.5753200377566491,0.04671195884062501,0.002182007098728245,0.29290827607004094,0.04788759119549706,0.002293221390507048,0.7450307806483808,0.09134463255233015,0.008343841896120212,0.7442986329090083,0.09159029661694754,0.00838878243438043,0.516414921879736,0.13114559087298996,0.01719916600542567,0.24585705249841866,0.0843419993965964,0.007113572862215468,0.35827271121388765,0.11927873591869888,0.014227416842362707,0.4198025351150821,0.07145285709354698,0.005105510786830848,4.176391196250916,6.2974835966392515,39.658299649940446
0.8,0.5,0.75,0.75,0.12814678704595442,0.02695455168344499,0.000726547856455507,0.27749222997689743,0.009275541052759488,8.60356618214266e-05,0.7141691156797431,0.06975303879732023,0.004865486421460461,0.7113666167018456,0.07046719924357896,0.004965626169234254,0.5539586565412873,0.08631981825764798,0.007451111024033378,0.9125354278199149,0.0759196339987168,0.005763790826499116,0.9122200908696932,0.07615333141508122,0.005799329885615196,0.819462144596535,0.14303612359420637,0.020459332652857078,0.5078904711745613,0.06658368745264483,0.0044333874347914914,0.5049770369457663,0.06701214241649368,0.004490627231248432,0.23321268112326235,0.049247415320275024,0.0024253079157276593,0.6719935314698567,0.08516157585959312,0.007252494002889233,0.6711222120603233,0.08535440935738706,0.007285375196748404,0.4331642284706418,0.10918094868512748,0.01192047955578444,0.28284411134268356,0.04099984165133754,0.0016809870154347525,0.3938176432310733,0.060065474734172196,0.003607861255041479,0.33126229538601504,0.048583274795846614,0.0023603345898887446,9.831700444221497,10.141125338682556,102.8424231348694
0.8,0.5,0.75,1.0,0.11096853581287518,0.03176167798263553,0.0010088041882726348,0.26837791639381364,0.009754952084246947,9.515909016595386e-05,0.672057205485917,0.10068413190754791,0.010137294417976507,0.6688857485280905,0.10167101242313016,0.010336994767144288,0.5044441049731243,0.11215968833536047,0.012579795687485197,0.8871402528716356,0.13171852565383535,0.017349770000420085,0.8868154121177778,0.13198949300066648,0.017421226262572982,0.7891806795285342,0.2133746744776479,0.04552875170844221,0.4575591689672973,0.11392754726154465,0.012979486025031491,0.4543967709294856,0.11460599453430996,0.013134533983198284,0.21142299489949554,0.08295017042286947,0.006880730773183089,0.6301762835741139,0.19597769787383523,0.038407258063928244,0.6293088337800803,0.19619964460019365,0.0384943005412423,0.40331160338284133,0.20042128640014462,0.04016869204228879,0.3243442536706681,0.053900514991261514,0.002905265516323207,0.4421868478295032,0.06083203982167444,0.003700537068865785,0.46525720909858953,0.06415605684932947,0.004115999630454395,1.7674531936645508,0.9601555130479316,0.9218986092363366
0.8,0.5,1.0,0.0,0.12243482477105794,0.02493521364891233,0.0006217648797169038,0.2666566696645286,0.01700486624549892,0.0002891654760273086,0.6275562782438125,0.08083200442926537,0.006533812940052777,0.623762051096276,0.08170160023331782,0.006675151480684879,0.46127730210935897,0.09091619440749689,0.008265754405541769,0.8442872752671606,0.06393200649431381,0.004087301454388983,0.8437596981980231,0.06407452423495552,0.004105544655935902,0.6862023228477114,0.1013682597101728,0.010275524076669042,0.4313322474465087,0.09120847933855528,0.008318986703251666,0.4278069336855633,0.09182562609579703,0.00843194560788512,0.20952275330144668,0.08151027139258321,0.006643924342492568,0.6350030165076056,0.16528532905028182,0.02731923999925993,0.6341751151555248,0.16559397788581076,0.02742136551204638,0.42352445255176585,0.19553523984979573,0.03823403002311714,0.0,0.0,0.0,0.0,0.0,0.0,,,,6.000204086303711,8.401318341496161,70.5821498751598
0.8,0.5,1.0,0.25,0.1355552410230763,0.02128815279383647,0.0004531854493737275,0.2673200247830854,0.019945907374070065,0.00039783922097498254,0.7078105030285846,0.07488755022859485,0.005608145179240317,0.704923106779807,0.07568117441816301,0.0057276401613124105,0.5468433897833294,0.09683087179453576,0.009376217732489821,0.9307386051575126,0.07513017213751172,0.005644542765412142,0.9304775466953707,0.07537861934235691,0.0056819362539599445,0.8511725510516343,0.15324718385015454,0.02348469935800307,0.47656770389206365,0.06817752240233471,0.004648174560920851,0.4734423859241394,0.06863719752715215,0.004711064884381301,0.20457449029495792,0.054047000651569546,0.0029210782794307586,0.6500041676197779,0.07555803558649811,0.0057090167416905145,0.6490426582430859,0.0756725214969311,0.0057263305097035,0.38673018498333084,0.07447211907611258,0.005546096519686691,0.10644257703081231,0.011810560822290877,0.00013948934693703218,0.20549469005126492,0.015360530061421771,0.00023594588376784194,1.5622393953851375,0.09843702918883322,0.009689848715523204,3.5377601623535155,7.12944167883299,50.828938651880954
0.8,0.5,1.0,0.5,0.12352664143029184,0.011934861690801418,0.00014244092357855928,0.26481543694789983,0.009298130069797775,8.645522279487757e-05,0.6859463621529686,0.040826559486826494,0.0016668079595313825,0.6829033824311604,0.0412351067366157,0.0017003340275800894,0.5245758122850501,0.05077721113911064,0.002578325171065822,0.9260855628493898,0.03922941532508964,0.0015389470267483777,0.9257807217084901,0.03939141061601002,0.0015516832303191072,0.8322225087536103,0.09006159228095241,0.008111090404180506,0.4923263247253793,0.04707597970062897,0.0022161478647740305,0.489359904178131,0.04736420014306428,0.0022433674551922502,0.23189882134670498,0.0425832467910799,0.0018133329072700169,0.7140758722302523,0.1130072685763166,0.012770642751079754,0.7132883856422005,0.11330061979833442,0.01283703044668673,0.4835749385993025,0.1534076452984582,0.02353390563601757,0.23056022408963583,0.042839227808783235,0.0018351994392528269,0.40497017475007374,0.05347351445176994,0.002859416747823649,0.6922790164899897,0.07645072284069215,0.005844713022864329,4.015370607376099,7.353706085698896,54.076993194844974
0.8,0.5,1.0,0.75,0.10218354535419309,0.023000185289510453,0.000529008523351813,0.25486243979120626,0.009751247641872024,9.508683057311471e-05,0.6466075482913972,0.05305710825197356,0.0028150567360616407,0.6432066303604316,0.05358585246772298,0.0028714435846925734,0.47680325917181954,0.06098078227926572,0.0037186558073912077,0.8924188395756156,0.07811077278429615,0.00610129282495994,0.8920436246384277,0.07833577438433344,0.006136493548393191,0.78367970513634,0.14125260233940887,0.019952297667655175,0.4368785570791286,0.06448489289702442,0.00415830141194071,0.4336139978107642,0.06487940283233964,0.004209336911881001,0.19092909887615633,0.039859523348471884,0.0015887816015673752,0.6397988201621179,0.12015436319329616,0.01443707099438652,0.6388944938675185,0.12037286635480969,0.014489626954472874,0.40811356832990275,0.13939952214274914,0.019432226773626812,0.3001357047673438,0.04058359973292478,0.0016470285672822522,0.5024670511107855,0.030081764697365617,0.0009049125673076723,0.5154600578601428,0.053064144083633066,0.00281580338732857,6.13524055480957,8.733056398792211,76.26627406448557
0.8,0.5,1.0,1.0,0.09203578013051586,0.01668166812411871,0.0002782780514032382,0.2366501946598946,0.009744871288513033,9.496251642968568e-05,0.6216681046382965,0.04987537759709992,0.0024875532904532964,0.6180726162335529,0.05036278396203748,0.002536410008406859,0.44208334662949145,0.05352605231405332,0.0028650382763267734,0.9060200554859505,0.08946925817572977,0.008004748158515389,0.9056808917215345,0.08974891015949693,0.00805486687481745,0.8033380669222814,0.17567133410295066,0.030860417625510513,0.4378769298180325,0.06875879562201981,0.0047277719753906905,0.43466531460326463,0.0691698845457005,0.004784472928065536,0.18663006336499785,0.04274355262171919,0.001827011290725677,0.7062650930626766,0.14722444576385632,0.02167503743047467,0.7055022514093346,0.1474932293108642,0.021754252692547174,0.47789846265869207,0.16750683271207886,0.028058539005232377,0.36771956013335316,0.09205368280495187,0.008473880517954691,0.5558284972975539,0.049644434735207195,0.0024645699001782464,0.5162804573930269,0.11072506361881418,0.012260039713390448,7.788979601860047,10.047136759743942,100.944957068998
0.8,0.75,0.0,0.0,0.20748798864831203,0.05260470305674249,0.0027672547836880526,0.27966078170881303,0.03016543659684754,0.0009099535650784288,0.7229233792457312,0.10893510411230985,0.011866856907959786,0.7199736986156354,0.11059271513683487,0.012230748641337105,0.569946971010156,0.13084705651305206,0.01712095219812984,0.8424256547803177,0.06891676035795231,0.004749519858235428,0.8418907093710724,0.06908229052594218,0.004772362864310681,0.6828016544277298,0.11587362055872424,0.013426695941387203,0.49837388627015217,0.14484733860005689,0.020980751499519532,0.49516800657793886,0.14591372409708922,0.02129081487988148,0.2884358090812825,0.16268621225040644,0.026466803656384298,0.6136721345385728,0.1490722024682767,0.022222521548742883,0.6127855484739074,0.14935020322722725,0.022305483204014077,0.3972326640455143,0.17952722297426152,0.03223002378885022,0.0722289156626506,0.1819171716939866,0.033093857357139406,0.09191767261881804,0.22682124116043514,0.05144787544156028,,,,0.6385599851608277,0.25928563215416833,0.06722903904158668
0.8,0.75,0.0,0.25,0.1575758963072395,0.013342962493591988,0.00017803464810540255,0.2791126959642457,0.04323796863099994,0.001869521931335335,0.6338262040160074,0.059118100666808115,0.0034949498264508585,0.6297502707329392,0.059860302541369675,0.003583255820344309,0.45634779108609036,0.08482901685186156,0.007195962100053414,0.8064179510294471,0.0553311628893729,0.0030615375866903166,0.8058034106465568,0.05546622638170119,0.0030765022690261252,0.6263247691088046,0.09667204416097284,0.009345484122261083,0.4227409169001768,0.10107592594885069,0.010216342806417547,0.41876814016840685,0.10181435313225472,0.010366162503739467,0.20678566205295956,0.12055058670051165,0.014532443953837577,0.5555448757134529,0.1541050439750389,0.02374836457854868,0.5546020810051984,0.15438311241531402,0.023834145399039483,0.3436728424487038,0.18041473983858822,0.03254947835102547,0.0,0.0,0.0,0.0,0.0,0.0,,,,3.3018873453140265,6.331969936124777,40.093843271988014
0.8,0.75,0.0,0.5,0.1654078446642878,0.048485017849582666,0.0023507969558743498,0.2735858389194999,0.027247109895411705,0.0007424049976526425,0.6738612156043612,0.06478105885364795,0.0041965855861998,0.6707867103128138,0.06503323040623882,0.0042293210570709455,0.5013926681664669,0.08960547433130897,0.00802914103013887,0.8458925474925442,0.11882157421846554,0.014118566499754313,0.8454244164141278,0.11903501492369928,0.014169334777885309,0.7073691539275908,0.18628101194135996,0.03470061540989709,0.4952089528769493,0.10366589798596915,0.010746618405237362,0.4923009357636574,0.10386227360641791,0.010787371878694415,0.2928957612036791,0.14261402690164304,0.020338760669102566,0.6344310255137275,0.1917991006751058,0.03678689501977937,0.6335958548214097,0.19210544443159214,0.03690450178025954,0.43102318436717707,0.24668677062717279,0.060854362802463355,0.05696969696969697,0.18015400003383494,0.032455463728191,0.06884933714202007,0.21772072076161114,0.04740231224895545,,,,3.5100709438323974,7.159894888804431,51.26409481872782
0.8,0.75,0.0,0.75,0.1366709990902406,0.010029777346101642,0.00010059643361237369,0.26775079598554885,0.02302021490088178,0.0005299302940827796,0.6852266942878084,0.027163485474768635,0.0007378549431379666,0.6820277948842409,0.027472880515275907,0.0007547591638066265,0.5232932701425056,0.03501916432864652,0.0012263418702767488,0.8951798637214449,0.06180082491830373,0.0038193419605828307,0.8947937015615042,0.06197053138767662,0.003840346760471013,0.7821971319379678,0.10922778373757089,0.011930708740221554,0.4802364749531625,0.057355709879280514,0.003289677455756196,0.4770235169378235,0.05772235878338339,0.0033318707035176376,0.2365471401740667,0.06631509488484488,0.00439769180958598,0.6454767817292246,0.08169244543927687,0.006673655641849227,0.6445626954882373,0.08191011372673324,0.006709266730726373,0.4102884424839643,0.11530953490184587,0.013296288839280012,0.0,0.0,0.0,0.0,0.0,0.0,,,,5.701026678085327,8.50377055612692,72.31411367125115
0.8,0.75,0.0,1.0,0.11429107223554016,0.022712677296457474,0.0005158657099730147,0.26078469651257585,0.02167906061349672,0.00046998166908366473,0.6394675653138571,0.08880660241203588,0.007886612631969415,0.6358862526773558,0.08971196826433792,0.008048237249861572,0.47265367105119693,0.09522095181066267,0.009067029663728543,0.8656696539863977,0.07363884348012129,0.0054226792690898005,0.8652053248945029,0.07383555960739573,0.005451689862537288,0.7235650603817085,0.12934247983658637,0.016729477090277754,0.44034977253874646,0.10766725593893038,0.01159223800141914,0.4369830993662684,0.10833226211346601,0.011735879014620705,0.21862120116476275,0.09377593296321922,0.008793925603122185,0.646602753632344,0.1643981553692191,0.0270267534888019,0.6457699874333391,0.16469042392846803,0.027122935733738515,0.4298379929278847,0.19476530594566602,0.03793352440010889,0.0,0.0,0.0,0.0,0.0,0.0,,,,3.758099627494812,6.385080526271393,40.76925332697017
0.8,0.75,0.25,0.0,0.2039404484947102,0.07092144879424045,0.0050298518990740705,0.28513098990988717,0.02489817884358729,0.0006199193097272578,0.6945682841343244,0.11995830471780401,0.01438999487076952,0.6918133641742277,0.12132279124200433,0.014719219674750962,0.5287801950346638,0.14121592153333984,0.01994193649451039,0.8065845194415175,0.12267473058284903,0.015049089523574595,0.8060453448684649,0.12279793936593802,0.01507933391252059,0.6427967703911834,0.15215650639938147,0.023151602439665016,0.49918302069676634,0.17160495232148584,0.02944825966125943,0.4964884097066752,0.1724502866181022,0.029739101354665596,0.29732662397381726,0.17874645967679087,0.03195029684698662,0.6080459509583368,0.22114605778826196,0.0489055788752893,0.6072853090536156,0.22141071883543925,0.04902270641522593,0.4243221240162508,0.24024221927718187,0.05771632392322554,0.12893623273582133,0.23695788154459735,0.056149037626103425,0.1605366601567245,0.2907186147960915,0.08451731298895825,,,,1.3044811725616454,1.1764492675367388,1.3840328790877292
0.8,0.75,0.25,0.25,0.15970430083061632,0.01687153127899455,0.0002846485676980914,0.29601341670777426,0.007928631808821501,6.286320235985611e-05,0.7068995801892741,0.07066362527067918,0.004993347936394969,0.7038263732281449,0.07148182443502131,0.005109651224559209,0.5411799280875504,0.09051773592797972,0.00819346051752747,0.8668366191646019,0.06593100993933916,0.0043468980716212385,0.866357386224864,0.06609171831139324,0.004368115229352553,0.7212088776057565,0.11423538227684758,0.013049722563937502,0.5390467371650155,0.07930752734547349,0.006289683893653025,0.5361060941366862,0.07980406081086332,0.006368688121903971,0.32209618722481953,0.12811953258874353,0.016414614630758117,0.7175459151375352,0.14537389128488581,0.0211335682673098,0.7168378850718853,0.14573986618435955,0.021240108595435032,0.5250597665486509,0.2227483279529228,0.049616817605822844,0.20538790519452427,0.11795405510606972,0.013913159115965733,0.33227099780480784,0.17583168156570397,0.030916780242223125,1.3539052877906272,0.1288223262250698,0.016595191734038308,1.324328064918518,0.7971715485360895,0.6354824777954269
0.8,0.75,0.25,0.5,0.15706774476628482,0.052492841219608975,0.002755498379307079,0.2774561128007537,0.015222014509889446,0.00023170972573928483,0.68518717685813,0.0640236558797113,0.004099028512203692,0.6823346589497273,0.06416163102407575,0.0041167148956696405,0.5201454629652218,0.0768445362469024,0.005905082751001498,0.8611737057729234,0.1125450960943112,0.012666398654877741,0.8607426351891764,0.11272306583379606,0.012706489570970321,0.7323144941018203,0.16520458873024294,0.027292556137528713,0.4793971393125731,0.10012780718780619,0.010025577772238493,0.47650001381266655,0.1003655291275518,0.010073239437053448,0.24536734299878268,0.09120553773085309,0.008318450112774066,0.637889698044629,0.17392178448568363,0.03024878711868458,0.6370624410568564,0.17415553319164565,0.030330149741266393,0.42216677494983496,0.18742856051643061,0.03512946529726129,0.27523884810841326,0.12467290561648207,0.015543333394856248,0.41156944098624565,0.13940940440893337,0.01943498203765353,0.8184940667810976,0.28205049435589086,0.07955248136640242,3.5919437170028687,6.403908361908831,41.010042307725854
0.8,0.75,0.25,0.75,0.13256001841631562,0.016027609379711875,0.000256884262428628,0.28246549775212004,0.00972689445874401,9.461247581154492e-05,0.7063397758669583,0.042849205076530575,0.0018360543756905734,0.7034154777453827,0.043298721352992765,0.0018747792708041114,0.5377983940178787,0.055475012944246845,0.003077477061164355,0.8913458901739514,0.06171147345941036,0.0038083059565315095,0.8909428259101866,0.06188170367267592,0.003829345249432872,0.7682036564921355,0.1097202291235572,0.012038528678925887,0.5232497553006051,0.07683135711884932,0.005903057436724158,0.5203732591587705,0.07730779497493434,0.005976495163886484,0.26607077132178936,0.07768622739855056,0.006035149927419308,0.694451255209539,0.10814964081892475,0.011696344809262436,0.6936636218904872,0.10842568399450458,0.011756128949676169,0.48155437660078426,0.15325486629845764,0.02348705404415813,0.2787883844258039,0.047157449821126796,0.0022238250736320918,0.39880179595409315,0.03620894122858467,0.0013110874248950992,0.9351136557298304,0.07883108436851709,0.00621433986271626,1.3574589490890503,1.0497226941422326,1.101917734597227
0.8,0.75,0.25,1.0,0.11770986950299955,0.01996984589431024,0.00039879474504249954,0.2694453525698845,0.013345620088748048,0.00017810557555319545,0.672272285413339,0.06431653462106865,0.004136616625663123,0.6690756870041561,0.06495410450720444,0.004219035692332836,0.5057270078795608,0.0835401633880893,0.006978958898908655,0.8998770410607694,0.07064233895203195,0.00499034005261377,0.8995088751318925,0.07085402009653496,0.005020292163840181,0.7867842877371516,0.1324021390199009,0.01753032641704516,0.4847506751126809,0.07777992915983956,0.006049717380109659,0.48171603038109206,0.07824780780795751,0.006122719426751057,0.23773388077093535,0.06991665092591352,0.0048883380766960435,0.7041513124625557,0.10521348440942883,0.011069877301573123,0.7033774906804263,0.10546576070494258,0.011123026681072212,0.484539994823676,0.14548233299843435,0.02116510921466734,0.23481903143585386,0.01057893694595081,0.00011191390690640303,0.3601391367216055,0.005367751296128015,2.8812753977083985e-05,1.2116151504411157,0.14269906341542252,0.02036302269963878,3.3191904067993163,6.609893950096566,43.69069803152319
0.8,0.75,0.5,0.0,0.17159807852340458,0.04782899022652213,0.002287612306088749,0.2941095115330368,0.020474028584189823,0.00041918584646622196,0.720304954639772,0.09053237044418136,0.008196110098242483,0.717422330563002,0.09170269864640813,0.008409384939033943,0.5435533866034263,0.12954462587253116,0.016781810092454066,0.8629161559352436,0.07025978770443894,0.00493643776827283,0.8624222337919033,0.0704346505259584,0.0049610399947138915,0.7097385650610428,0.12474515707174971,0.015561354212855507,0.5204597545944398,0.07412283319316516,0.005494194400581787,0.5175257118627359,0.07476316705931058,0.005589531148738383,0.2892722959307762,0.13112295783181532,0.017193230070564017,0.6637951919989216,0.14282247198207484,0.020398258503070553,0.6629419571543628,0.14319453191320494,0.020504673969841868,0.4482454265393625,0.23009896784809783,0.05294553500475996,0.015,0.047434164902525694,0.0022500000000000003,0.02095118374188141,0.06625346030103453,0.004389521001860759,,,,1.2829908370971679,1.4738262124084776,2.172163704382319
0.8,0.75,0.5,0.25,0.13166488921914346,0.020377648147203647,0.0004152485440112323,0.280808011995077,0.02406137307517832,0.0005789496742629162,0.6716603590626703,0.06785514774942575,0.004604321076096398,0.6682850190700854,0.06861899752177694,0.004708566820893631,0.48832074596666847,0.08684977415404027,0.007542883270607802,0.843466416792042,0.06810988556692212,0.004638956511939225,0.8429356158275109,0.06827203944003528,0.004661071369301733,0.6856397882543275,0.11397550244784098,0.012990415158237806,0.43926890025152454,0.08922190238933032,0.007960547865971187,0.4357591526651211,0.089832130790454,0.008069811722353234,0.19135483275695314,0.08215452094145159,0.006749365311119407,0.556662571289946,0.1337597258565114,0.01789166426120909,0.5556408653690028,0.13398078334912372,0.01795085030684483,0.3177872644951079,0.14161289202461416,0.02005421118757503,0.23223706306343878,0.10402006704363574,0.010820174347762473,0.36100644451347463,0.15792173295610934,0.024939273739860712,1.0295487955716662,0.1518052025806196,0.023044819530542954,3.9338983058929444,6.412014483792885,41.11392974036974
0.8,0.75,0.5,0.5,0.12663390930086424,0.0244605435373837,0.0005983181901442436,0.2792313096571679,0.023889171442007567,0.0005706925121856299,0.6885632798754877,0.08408389019316467,0.007070100590016175,0.6854409788561026,0.08497038080917504,0.007219965614856222,0.5148741430408308,0.10874975482444531,0.011826509174376965,0.871025863152532,0.09330975365271063,0.008706710126729545,0.870586739606197,0.09358519280447165,0.008758188312250132,0.7383786725244912,0.17515968499819426,0.030680915248666642,0.47648529703943676,0.10889344694169224,0.011857782786843143,0.4733066289667784,0.10959386630618503,0.012010815531937958,0.22171178313185683,0.10071559864821772,0.010143631811068874,0.6352599061701831,0.15954934421557954,0.025455993239621486,0.6343794230356258,0.15981951393896232,0.025542277035686175,0.4107841376595694,0.18190025078719982,0.03308770123644619,0.3510030624929763,0.11109678338924514,0.012342495279436854,0.5119740294102548,0.15564772199140356,0.024226213361113247,0.361555133333826,0.09067024001030151,0.00822109242352568,5.582706570625305,8.572232787444122,73.48317496213201
0.8,0.75,0.5,0.75,0.11409307242028495,0.03057626275794127,0.0009349078442426662,0.2671362659068508,0.025949916485381808,0.0006733981655982905,0.6696973559595195,0.0956984825029449,0.00915819955336645,0.6664488020788302,0.09667787747157607,0.009346611992409075,0.4995819846709734,0.10805655000477159,0.011676217998933702,0.8843914104197884,0.11734997137313473,0.013771015781275542,0.8840337903861674,0.11754986098803173,0.013817969818305586,0.7786677642903153,0.17845434433284366,0.031845953011265124,0.4732873594850916,0.11105936780935771,0.012334183178214199,0.470156996825671,0.11176048594705489,0.012490406219121853,0.2116217928157104,0.08420964423154566,0.00709126418160349,0.6259248807669875,0.16284078312470934,0.02651712064866862,0.6250342348101972,0.16302539276253883,0.026577278685380044,0.39601008681115035,0.16689655852936908,0.02785446124894712,0.33171095268312734,0.07089271743255789,0.005025777384972497,0.4779731450263413,0.09367777872068819,0.008775526226042222,0.3055012305790184,0.04362125559020721,0.0019028139392661834,5.801410484313965,8.833530388276634,78.03125912060673
0.8,0.75,0.5,1.0,0.11465307603165864,0.02045390577585835,0.00041836226148769156,0.2558075310842936,0.01865220586360292,0.0003479047835782232,0.6982148277956961,0.05020375962230563,0.0025204174802142456,0.6953156857141687,0.05068976428245779,0.002569452203011134,0.5309065135438665,0.06067259240572004,0.003681163469230637,0.9420081143232428,0.07077614756132176,0.005009263063621992,0.9417917972444847,0.0710132421044327,0.005042880554182774,0.8772300607239311,0.14121880005197088,0.01994274948811853,0.48337387468042897,0.06755725252453432,0.004563982368663698,0.4803855822535589,0.06794391447034041,0.004616375513552933,0.22844243530853361,0.05328589680184717,0.002839386797977107,0.6984526517372248,0.08186631796792278,0.006702094017625035,0.6976037700418877,0.08204137299222612,0.006730786882449571,0.45685307587757523,0.1076308504108774,0.011584399960168669,0.3613415110334729,0.06554560137231306,0.004296225859258168,0.4871889200913985,0.07398591651695527,0.005473915842853874,0.4125318073710587,0.058278358784268604,0.0033963671025879377,5.4923484325408936,8.964272632058877,80.35818382187979
0.8,0.75,0.75,0.0,0.16085844162466353,0.07314136795926701,0.005349659706952892,0.28116964562952823,0.025820871492664287,0.0006667174046406832,0.7085435094711957,0.13105082818164968,0.017174319567096266,0.7056427248248192,0.13252373893738828,0.017562541381945046,0.5527304822561971,0.19595113118578836,0.03839684581299004,0.8636222893086417,0.07584196522608996,0.005752003689355439,0.8631507231775982,0.07604550654979467,0.005782919066414864,0.7183671945103884,0.1340404574491241,0.01796684423317045,0.5260427921359437,0.14896715706657232,0.022191213884496828,0.5232459562509951,0.15020151006778265,0.02256049362664221,0.30105646497670424,0.16052559193026117,0.025768465664560734,0.6958322040111388,0.14890475787356805,0.02217262691738593,0.6951105776550708,0.149180937042191,0.022254951976786154,0.49270080559498586,0.18247968470664416,0.03329883533063627,0.03,0.06324555320336758,0.004,0.04200027021152862,0.08854464483516018,0.00784015412898466,,,,1.2034454107284547,0.8337193470131017,0.6950879495839527
0.8,0.75,0.75,0.25,0.12808645386724074,0.01611278357354889,0.000259621794488027,0.28368214288760146,0.00993387997054232,9.868197126914187e-05,0.6958808366657283,0.04860291830784421,0.002362243668038978,0.6928571104073342,0.0491074071999894,0.002411537441905571,0.515888584909531,0.052882735243194465,0.0027965836868018017,0.8803196844992582,0.05040606891203489,0.00254077178316481,0.8798711611137175,0.05051680741345867,0.0025519478312484726,0.7420282775490638,0.0766720254493801,0.005878599486510389,0.46636633372393854,0.09122574689616791,0.00832213689676369,0.46315066632293433,0.09179600843601109,0.008426507164784219,0.21313755860662892,0.08584530111439491,0.007369415723421131,0.6177392934629224,0.171114997994355,0.029280342538608117,0.6167979254133582,0.17144576954663435,0.029393651895437658,0.38896029109408237,0.2064865997283291,0.042636715867367204,0.23148402024864886,0.09552530601625832,0.009125084089499799,0.32510445015670136,0.11633553646023415,0.013533957043490467,1.143999822474665,0.1596616310641734,0.025491836434072213,3.9760722398757933,6.1651114055561775,38.00859864291886
0.8,0.75,0.75,0.5,0.11627323417341559,0.0151193500135649,0.00022859474483268494,0.27974902196532786,0.008664416765377502,7.507211788415474e-05,0.6835178788634695,0.050351018815630075,0.002535225095771934,0.6804114615751883,0.05087225212038212,0.002587986035799723,0.5008750623927416,0.05886808324440004,0.0034654512248696125,0.8785070694222495,0.0617620534011754,0.0038145512403296423,0.8780529223826716,0.06191941913467521,0.003834014465975583,0.7389885818871729,0.11057577878568517,0.012227002854060783,0.4883041778099254,0.06677367245970195,0.004458723333755559,0.4852680530605461,0.06719150810369894,0.0045146987612494395,0.22299789930849076,0.06768517679066616,0.004581283157183733,0.6683402666005818,0.11352535044104163,0.01288800519276131,0.6674993874887672,0.1138116962551643,0.012953102204477778,0.44028996982308444,0.156283077189689,0.02442440021587829,0.3309311924980128,0.08353325146226129,0.0069778040998573765,0.4770106497689923,0.11967702461236493,0.014322590220068602,0.3594406131654407,0.051967934286106666,0.0027006661939651005,1.4129977226257324,0.9555402057678205,0.9130570848388088
0.8,0.75,0.75,0.75,0.11476827316465607,0.016395842128856777,0.0002688236391143947,0.2695643166789992,0.014888751606689298,0.00022167492440569318,0.7060651892198819,0.039703662458242056,0.0015763808125980195,0.7032238519768407,0.04010416943473332,0.0016083444060497982,0.5410581536130312,0.04485880053580167,0.00201231198551084,0.9130440969040489,0.05868485302181441,0.0034439119741919593,0.9127079116875814,0.058873354265954164,0.0034660718425245434,0.8097945450591257,0.1150462670539767,0.013235643563054927,0.5117790175064216,0.0504943746849691,0.0025496818748260482,0.5089342423318033,0.050802850786184364,0.0025809296480033134,0.24212326792694686,0.0425036356681833,0.0018065590450136637,0.6760158733335185,0.10327747161724203,0.010666236143650233,0.6751461955036882,0.10353460132696393,0.010719413671933362,0.4422837642570789,0.14346395206156112,0.020581905541121905,0.3931281437860385,0.07238819234361443,0.005240050390776119,0.5020386950211512,0.08077398046230645,0.006524435919725065,0.19103760041255433,0.06445345019585748,0.00415424724214988,5.950630283355713,10.589196360617649,112.13107956371806
0.8,0.75,0.75,1.0,0.10951737337627017,0.01913850561830871,0.000366282397302034,0.2660012263703815,0.013743230074968648,0.00018887637289352274,0.69188441444338,0.049381403613713015,0.0024385230228604286,0.6889297846810369,0.0498688613054416,0.0024869033279013705,0.5131839210977169,0.07203316963985372,0.005188777528363944,0.9234682235129721,0.08392250788238885,0.007042987329269618,0.9231764301425486,0.08420481427747165,0.007090450747503492,0.8284032917461739,0.1753277294348184,0.030739812708768886,0.49625812435610994,0.06816589422948811,0.004646589136105762,0.49334998603096397,0.06857041683112358,0.004701902064394037,0.22701095565544752,0.06084140360018328,0.003701676392040395,0.7204767228072104,0.10298846894349434,0.010606624735325098,0.7196963994358915,0.10322639829837962,0.010655689305655712,0.4868778306975936,0.14372960895808007,0.02065820049124261,0.35283457923751416,0.07142682802740848,0.005101791762056985,0.45909972400159366,0.06898806389141533,0.004759352959486003,0.20752650293884572,0.02418274486147307,0.0005848051490351022,4.348234415054321,8.100732903741262,65.62187357775635
0.8,0.75,1.0,0.0,0.1311097771635883,0.019087658763488516,0.00036433871707138,0.2649027982813864,0.034292070561352965,0.0011759461033848109,0.6984940880551835,0.06287920959351226,0.003953794999104843,0.6955085230087923,0.06355563284477181,0.004039318466299437,0.5167479193734541,0.09902348717817257,0.009805651012925708,0.9235469773796663,0.04048562718706392,0.0016390860087299294,0.9232307424047363,0.04065323662652298,0.0016526856482120694,0.8231640430568481,0.09435169629259327,0.008902242593289759,0.4636582520530405,0.083618282512764,0.006992017170384415,0.4604432065419524,0.0841929358350784,0.00708845044452963,0.19800101152285504,0.08289872313608927,0.006872198297593984,0.6658280967469239,0.10903237100904917,0.011888057927854944,0.6649099324699855,0.10930169191864289,0.011946859856277924,0.42064805626087554,0.14951550425558635,0.022354886012802264,0.0,0.0,0.0,0.0,0.0,0.0,,,,3.295435929298401,6.558326947520026,43.011652350567346
0.8,0.75,1.0,0.25,0.12208888393312092,0.02231368483998149,0.0004979005311380199,0.27398783346091354,0.013684330169533285,0.00018726089218879888,0.6987555166037709,0.06938782045650749,0.004814669627704519,0.695834609821177,0.07007863701274569,0.00491101536556417,0.5247925152597475,0.08433270648113629,0.007112005382433486,0.9234054715300655,0.0643472403579923,0.004140567341689233,0.9231124378781143,0.06455963198854245,0.004167946082496033,0.8349355897168985,0.1273992516137257,0.016230569311737393,0.47138986464769667,0.06439328622282821,0.004146495310575078,0.46829980819926476,0.0647895463342916,0.0041976853142033175,0.20855494745920256,0.04504609554498168,0.002029150723847618,0.6604654859226651,0.08985115748700906,0.008073230501755305,0.6595434662610475,0.09004872994242859,0.008108773764244435,0.4077396308044853,0.10779842902066997,0.01162050129932442,0.16465268065268063,0.04381077274827572,0.0019193838088010584,0.2707158717388896,0.05506659501283356,0.0030323298863074253,1.4523549985245126,0.06840942100853736,0.004679848882723313,7.379913282394409,9.762466004683416,95.30574249259939
0.8,0.75,1.0,0.5,0.09999849496350285,0.019226914486821706,0.00036967424068355437,0.2600467685398809,0.010787492123654862,0.00011636998631791567,0.6322477296102311,0.0661426260127402,0.0043748469758612156,0.6287248210518921,0.06679068527420631,0.00446099563939808,0.45557643964087846,0.07302061984441241,0.005332010922462196,0.8902578499521304,0.07927855304284803,0.00628508897256767,0.8898737285021413,0.07950812576123018,0.006321542062063592,0.7768945465847815,0.14432949760902208,0.020831003880072713,0.4705008335898718,0.04888884037712031,0.0023901187134195492,0.46744878181139404,0.049184410021372374,0.0024191061891504755,0.21206023378059,0.02856175113969378,0.000815773628165799,0.7370295545066377,0.08762172080775442,0.007677565957312064,0.7363630586554804,0.08781152764667602,0.007710864387642948,0.5347716653826762,0.11107671208266433,0.012338035967095108,0.29503412764597897,0.06586608471346246,0.004338341115481013,0.47959970022170006,0.07549840634270912,0.005700009360288819,0.5400501134515059,0.05687520522164228,0.003234788969003925,1.4661750793457031,0.7577913963122342,0.5742478003248457
0.8,0.75,1.0,0.75,0.11098670875188461,0.019657267720713297,0.000386408174243797,0.25473485694575443,0.01105816851110846,0.0001222830908200707,0.688172078062183,0.042881471045523034,0.0018388205590280306,0.6852158138329787,0.043294485623231516,0.0018744124853802002,0.5098143818880991,0.047051786027524134,0.0022138705683799153,0.9495378930740509,0.07298238158429461,0.005326428021715585,0.9493519827633887,0.07322806625266767,0.005362349687105086,0.8918767577359488,0.14785584216693065,0.02186135006289231,0.49971684899509833,0.02782601671571403,0.0007742872062631964,0.49686739066843766,0.02799292465502343,0.0007836038307418187,0.22017550217559306,0.010131092166251604,0.0001026390284810846,0.7601472628629766,0.05195042268716619,0.002698846417375231,0.7594474533039475,0.05209302635766323,0.002713683395100196,0.5356019127529683,0.09014414584071696,0.008125967029352449,0.38435455720749834,0.07087630493271795,0.005023450600915618,0.5966123020680624,0.06176485910466033,0.0038148978202185418,0.2317535865267774,0.04089630120616697,0.0016725074523455336,8.014215898513793,10.571801606345765,111.76298920393491
0.8,0.75,1.0,1.0,0.09544287594983639,0.018669572193500183,0.0003485529258883152,0.23309275537323842,0.007839674818809641,6.146050126467798e-05,0.6365400479043076,0.0595863745009533,0.0035505360261678573,0.6331126573071684,0.06015132692678473,0.0036181821310529378,0.44864470236773774,0.06299831638418375,0.003968787867241716,0.9527493101125504,0.0699980250517973,0.004899723511152042,0.952577529905823,0.07022887966551364,0.004932095539073194,0.903265045073951,0.13606232094251763,0.018512955180264676,0.4568297315466004,0.048794467646490355,0.0023809000729043944,0.45375494652391024,0.049074320681934736,0.0024082889503933675,0.19253847679672847,0.025188706107177602,0.0006344709153537661,0.7333537879558294,0.06603343158649429,0.004360414087088222,0.732585506425665,0.06618093187560935,0.004379915743924045,0.4931004176532416,0.08557803976114277,0.007323600889359732,0.47267326732673265,0.10485654927202255,0.010994895925236094,0.6600898217821782,0.06533411393155886,0.004268546443221914,0.1340317067723892,0.029891932634953836,0.0008935276366526181,10.503322672843932,11.712920864339575,137.19251517428134
0.8,1.0,0.0,0.0,0.150150096584526,0.020105459947512713,0.0004042295197010379,0.26759971723677517,0.022361208785671313,0.000500023658356384,0.6458957564598015,0.08088289967928207,0.006542043460528808,0.6420448964670091,0.0818417590776632,0.006698073528926266,0.49493062779805086,0.10219032557280043,0.01044286264067495,0.8368991844002917,0.08448705465185678,0.007138062403745835,0.8363657627625676,0.08472339736338612,0.007178054060794222,0.6784751970581646,0.1530648409068658,0.02342884552184414,0.4624045439942116,0.12084041652899005,0.014602406266899813,0.45881324791895317,0.12170243202736047,0.014811481961374297,0.2673174002179176,0.11185307559164703,0.012511110519310706,0.6599811887927607,0.17110025876317939,0.029275298548826947,0.6592210436041523,0.1714008128828118,0.02937823865688867,0.46598063103135895,0.19721715854243346,0.03889460762355133,0.0,0.0,0.0,0.0,0.0,0.0,,,,0.9984489679336548,0.8543161059060905,0.7298560088105465
0.8,1.0,0.0,0.25,0.1779513795589645,0.06716613996822972,0.004511290358231826,0.28146569461712795,0.02583517706344933,0.0006674563738997784,0.6596536670612176,0.06384383924009357,0.004076035808914912,0.6568176213172613,0.06374924462335173,0.00406396619004794,0.49462800092406517,0.086135258216887,0.0074192827080898005,0.8211799946649357,0.13498062047638265,0.018219767904189253,0.8207006603113834,0.1351722652546695,0.01827154129407873,0.681753368473773,0.19118891847660618,0.036553202548254365,0.44325306460407027,0.05214523105977093,0.002719125122276899,0.4403884969954374,0.05116706942080678,0.00261806899311366,0.2257610914981878,0.042188361900781346,0.001779857879871299,0.5806881557049864,0.1365899168178994,0.018656805376320678,0.5798082527198025,0.1366227175427182,0.01866576694875736,0.36697311906997604,0.1366236940349829,0.01866603377176462,0.11497005988023952,0.24237816796500153,0.05874717630607049,0.13893411483772927,0.292898831724413,0.08578972562552599,,,,1.6385140419006348,1.5431069065036602,2.381178924899296
0.8,1.0,0.0,0.5,0.12404145577213874,0.024037729872428675,0.00057781245741985,0.26160116772273667,0.019318121268733623,0.0003731898093534983,0.6311014119444429,0.09226882514937425,0.008513536094445799,0.6273453193975834,0.09326965322699106,0.008699228213083164,0.4707019000323898,0.11971947099094252,0.014332751734351128,0.8643827195789051,0.09180939783456099,0.008428965530744691,0.86393895757309,0.09207501320293487,0.00847780805632063,0.7347342544253979,0.16909083534293143,0.028591710596970348,0.44200368153129627,0.07077512145651929,0.005009117817185058,0.4385550176389531,0.07127704052426344,0.005080416505897493,0.20928254006210506,0.05651645687875801,0.003194109898128514,0.6540600099561149,0.05954936062739661,0.0035461263511317336,0.6532175853675415,0.05967574237098976,0.0035611942275287425,0.43366690672703995,0.09266640463900892,0.008587062548720535,0.0,0.0,0.0,0.0,0.0,0.0,,,,2.9860143184661867,6.502037714751279,42.27649444404804
0.8,1.0,0.0,0.75,0.12426375769157946,0.01678299887876088,0.00028166905136448896,0.26198172986565005,0.012405512196246655,0.0001538967328512245,0.6637077692485728,0.05588072925576848,0.003122655902156499,0.660397099967376,0.05645892732284577,0.0031876104744463806,0.505630728447298,0.07018155042058329,0.004925450019436874,0.9109241292400485,0.05996011747931778,0.0035952156881335897,0.910578716356212,0.06015389360258022,0.003618490915550542,0.8024798044963071,0.11899706877148279,0.014160302376205004,0.49292724612086475,0.0934011790002087,0.008723780238629027,0.48990801099022896,0.09398647180737622,0.008833456882798726,0.25052634959901965,0.07342553493673727,0.005391309180746026,0.7183813369512498,0.15547040848256538,0.02417104791373574,0.7176424239897051,0.15578316372515713,0.02426839410021911,0.5052666974234246,0.19059915623475904,0.03632803835740208,0.0,0.0,0.0,0.0,0.0,0.0,,,,7.4336809635162355,9.957521066335097,99.15222578650724
0.8,1.0,0.0,1.0,0.10867146919937828,0.02161725253186504,0.0004673056070264256,0.24397993283459546,0.01344665877100112,0.00018081263210374137,0.6450675254356454,0.06143845920805632,0.003774684269860001,0.6416402068519688,0.06205475916626148,0.0038507931351827126,0.4807341677983909,0.08533900685076445,0.007282746090274822,0.9220463561605456,0.07981207084245234,0.006369966652160632,0.9217698269767673,0.08006193021824923,0.00640991267027181,0.840877873235636,0.1513081289011779,0.022894149871575464,0.45355351991405757,0.10548464412876331,0.011127010146971839,0.45037300557706245,0.10611852491245047,0.01126114132959437,0.20805997228014622,0.06668727788733037,0.004447193032022021,0.6611302793167073,0.1217207490873989,0.014815940758397518,0.6602336065888849,0.12191974708179797,0.014864424728489582,0.4187266244442439,0.1317745156819512,0.0173645229832128,0.0,0.0,0.0,0.0,0.0,0.0,,,,2.9945974111557008,6.60197589927759,43.58608577464214
0.8,1.0,0.25,0.0,0.15811057095367148,0.054300835390801085,0.0029485807241388753,0.27923557407358357,0.026686915803770632,0.0007121914751175427,0.6531562342470298,0.07421859255333799,0.005508399480598396,0.6498803879023128,0.07472074032912064,0.005583189035331877,0.48662568933728895,0.07614925402621922,0.005798708888749665,0.8323280923961764,0.10015512469713898,0.01003104900309946,0.8318222674686824,0.1002830051729166,0.010056681126511218,0.6866026957220768,0.13509198828667435,0.01824984529924696,0.4665289783147248,0.10386897224956769,0.010788763396181462,0.4634513429122104,0.10414903227390238,0.01084702092359036,0.25833310670807175,0.09498348443785846,0.009021862315956902,0.614203000991302,0.15419124685801744,0.023774940607630073,0.6133742006213986,0.15438242688750867,0.023833933731676957,0.4045109880014632,0.1652978432769794,0.027323376992020847,0.05748502994011976,0.18178362597375114,0.03304528667216465,0.06946705741886464,0.21967412379330972,0.04825672066435837,,,,1.3412866353988648,1.0244477325628651,1.0494931567531955
0.8,1.0,0.25,0.25,0.12932226016868345,0.018054324489068782,0.0003259586327565887,0.27296082683975104,0.015755510351282736,0.00024823610642937745,0.6416259374929391,0.0678821013690387,0.004607979686276447,0.6379848799482202,0.0686027705694337,0.004706340129802359,0.47139993822036824,0.06974971110216141,0.004865022198834979,0.8604164436298534,0.06000177986918889,0.003600213587470602,0.8599314945588106,0.06013214418198843,0.003615874763923445,0.7179784148221992,0.09090657035086361,0.008264004532956514,0.4225321847199394,0.10471181263755261,0.010964563705841921,0.4189632374919509,0.10538814420587758,0.011106660939158849,0.1965013952286848,0.08732285835895062,0.007625281591977352,0.5846307342833513,0.16670248470477553,0.027789718406745916,0.583662290101131,0.16700296815774013,0.027889991373495165,0.3608562824836081,0.19317482914475168,0.037316514615104004,0.1666027666145938,0.077060705236413,0.00593835229153333,0.28868260502072796,0.10586986386335642,0.011208428074445621,2.055117709901651,0.1491849061942888,0.02225613623619875,3.528148055076599,7.06389038733664,49.89854740430698
0.8,1.0,0.25,0.5,0.13628325633220134,0.06086244957294777,0.0037042377680196106,0.26752514776734454,0.020380723691251195,0.0004153738981791277,0.6396912108116856,0.06513907709094954,0.004243099364260668,0.636456159932344,0.0655599925354196,0.004298112621244273,0.46234263015205,0.07370974894869281,0.005433127090079322,0.8616708005786545,0.11145269657291701,0.012421703573374706,0.8612411298781849,0.1116284652457268,0.012460914253116434,0.7332751175872934,0.16295377285503984,0.02655393208769192,0.4793941093282082,0.08684651347158315,0.007542316902169874,0.47658439825907084,0.086882517178103,0.007548571791203363,0.24442387044292085,0.06285259570426417,0.003950448786763687,0.6891597077110279,0.15693402049295388,0.024628286788082872,0.688454977550719,0.15710866862093184,0.024683133755841778,0.4866525257144138,0.17050540008248477,0.029072091457288198,0.24289618770239021,0.12025529383337738,0.014461335694951933,0.4060805596735225,0.10670516235376991,0.011385991672944394,1.2037365980816888,0.42076952232660814,0.17704699091896198,9.676183319091797,10.877852196629494,118.32766841171711
0.8,1.0,0.25,0.75,0.10353977243639405,0.022430427246766294,0.0005031240664724758,0.2609356209354131,0.015970972040012778,0.00025507194790286986,0.62761981223573,0.07072176055121214,0.005001567415462985,0.6239883663862771,0.07142809693389246,0.005101973031597537,0.44838752956780076,0.07644124221477314,0.005843263511337614,0.8699103475442902,0.06847421682202659,0.00468871836938991,0.8694616881556847,0.06865303524834748,0.004713239248810843,0.7357070005462429,0.11508889534254786,0.013245453831167936,0.4607849612185685,0.10042891549022577,0.01008596706654291,0.45761018407174897,0.10103270753965315,0.010207607992793088,0.21671638127994153,0.07048598726172557,0.00496827440026014,0.653085553668509,0.16325404686936662,0.026651883819225352,0.6522665755367802,0.16355364376974976,0.026749794390362205,0.4429263012286361,0.19251766130421846,0.03706304991404577,0.23484080239009814,0.023141695436892814,0.0005355380676939057,0.36885745428459,0.0023493045064868962,5.519231664199638e-06,1.3127186471020127,0.1461991058588201,0.021374178553918485,1.8017904043197632,0.8870356884263437,0.7868323125419976
0.8,1.0,0.25,1.0,0.09121934517799225,0.022186524101263393,0.0004922418516959415,0.24330894251589866,0.01738002897623401,0.00030206540721473374,0.6007103007796205,0.07307338485508363,0.005339719574179166,0.5968783773426946,0.07380308269732747,0.005446895015628558,0.41793094309664847,0.07956302063088798,0.006330274251911106,0.8814526449594302,0.12060309364503884,0.014545106196754008,0.8810847816367596,0.12080946442779157,0.014594926695329836,0.7703413693197082,0.18415759788785085,0.03391402085982337,0.4451647036201548,0.10674418984522345,0.011394322065713105,0.44195910064358834,0.1073809640719374,0.011530671445018709,0.20023744379960048,0.06957158115251548,0.004840204904061046,0.6971879622715635,0.15227396378717414,0.02318736004745762,0.6964672759167848,0.15244367704816195,0.0232390746719643,0.4852444837470335,0.16076530268283012,0.025845482546701985,0.23319945941335848,0.01659831704059097,0.0002755041285799726,0.3246489732976219,0.0,0.0,1.3936604030447164,0.22537599211718665,0.05079433782280618,5.525038766860962,8.449617480105909,71.39603556011132
0.8,1.0,0.5,0.0,0.13298414971728617,0.019497991576390147,0.00038017167551298117,0.2705343108779795,0.024018216865957464,0.0005768747414201637,0.6748226236810241,0.06990668136629745,0.004886944099649039,0.6715336259830496,0.07065432496794732,0.004992033636676305,0.5100727228069347,0.08297670704245759,0.006885133911609832,0.8896052173565371,0.07904427558291861,0.0062479975024283835,0.8892181432511576,0.07927329261362012,0.006284254921804639,0.774745548811169,0.14381609232068907,0.02068306841039296,0.4704725988010181,0.08980121252954301,0.008064257771776152,0.4672204824374003,0.09038823346840291,0.008170032749538512,0.2308898170029159,0.07821499117700716,0.006117584844819308,0.6350095748221868,0.12462534157043094,0.01553147576154658,0.634093335021983,0.12484985150287603,0.015587485420290195,0.4002931320961368,0.14569741193559205,0.021227735844729603,0.0,0.0,0.0,0.0,0.0,0.0,,,,2.9495157480239866,7.006804172111644,49.09530470632114
0.8,1.0,0.5,0.25,0.11801704304159089,0.018762928376678728,0.0003520474812683758,0.26615984964116046,0.01980252420147706,0.0003921399647500846,0.6472989717898048,0.08271145355282757,0.006841184548821552,0.6437874618534365,0.08359351789574386,0.0069878762341860495,0.4662074687922334,0.10353856877963515,0.010720235224935239,0.8813008046720704,0.07662451072880803,0.005871315644429217,0.8808590087788,0.07684544298143027,0.0059052221070122505,0.73903154230427,0.14738105265528156,0.02172117468177888,0.4749252519491708,0.07812263803509734,0.006103146573562836,0.47176524015743126,0.07861328917690462,0.00618004923521163,0.2341568408472936,0.0882659391142373,0.007790876007718247,0.7180165798092484,0.1518792529942595,0.02306730749009428,0.7172725671490005,0.15226177652000872,0.02318364858902908,0.5113076092476783,0.23689993919210908,0.05612158118922498,0.1715300128993475,0.06781902023776794,0.004599419506010776,0.3020856492293627,0.10708307971328433,0.011466785960881607,1.4764659604019865,0.17467408694281042,0.03051103664930449,3.3226597547531127,6.05727627590709,36.69059588266687
0.8,1.0,0.5,0.5,0.11186639375459584,0.018811855254879627,0.00035388589813054223,0.2695807953765965,0.012880901058020743,0.0001659176120665199,0.6552585573555778,0.0649667806701404,0.004220682590642129,0.6519008463969537,0.0656284092612037,0.004307088102156047,0.48156563595114965,0.07528876126668257,0.005668397573071522,0.8904556916065678,0.07935043560042729,0.006296491629977558,0.8900724819563592,0.07958013172959305,0.006332997366099382,0.7777863340287636,0.14442676199974405,0.02085908958173071,0.49075143607803484,0.06569195008824587,0.004315432306396586,0.48775903628126016,0.06610185226857283,0.004369454873336228,0.22740941972939455,0.0494659226701582,0.0024468775056100713,0.6933637625544844,0.09048253335717168,0.008187088842731687,0.69258248452245,0.09069468329926947,0.008225525578754788,0.4800030808455416,0.1243550711840984,0.015464183729202179,0.23937834589519738,0.039195935417691126,0.0015363213532678134,0.4113571586946506,0.04835439620690866,0.0023381476325347026,0.699879172013494,0.04511358090954602,0.0020352351824821555,5.2372195482254025,8.312633741925643,69.09987972740072
0.8,1.0,0.5,0.75,0.10912800055658878,0.02176119643216629,0.0004735496701593269,0.2618085760823934,0.013341832909325434,0.00017800450538035917,0.6604050086408279,0.06500757984381449,0.004225985437149916,0.6571442089018616,0.06565080862997781,0.004310028673769968,0.4889597006237528,0.07058943860161693,0.004982868842091446,0.9095663116370758,0.08980373154874012,0.008064710200078182,0.9092605386740701,0.09007798465617611,0.0081140433197183,0.8199115917951341,0.16777057143502622,0.02814696463963523,0.48195463003534106,0.07463057780617714,0.005569723143683861,0.4789601402184013,0.07507821065413502,0.005636737715026673,0.21780419217616856,0.042110696230729015,0.0017733107370367348,0.6678577602024853,0.12051434124659542,0.014523706446100852,0.6670022797237765,0.12070017959367964,0.014568533353946518,0.434272782190543,0.1325923309938164,0.017580726238373763,0.2983826995055681,0.04061084114816052,0.0016492404187611275,0.5086897735486062,0.033461380348252155,0.0011196639748103953,0.5065932655604322,0.05502528905863418,0.003027782435986246,6.416975665092468,9.575942427989876,91.69867338417664
0.8,1.0,0.5,1.0,0.10422347682943911,0.01784619082469556,0.00031848652695144796,0.24615412280134988,0.01274456446209206,0.00016242392332841988,0.6505990487752259,0.06703581883236251,0.004493801006525328,0.6472810766233296,0.06769825151068129,0.004583053257603461,0.4753941982456328,0.0732591463855268,0.005366902529136044,0.9551424829603519,0.08574173644838012,0.007351645369183476,0.954982361964235,0.08602510813260053,0.007400319229225615,0.9047435177850893,0.17612569087592259,0.031020258986521037,0.4943052215602185,0.06011061946895232,0.0036132865729411896,0.49142200294604754,0.06045619291871733,0.003654951262225168,0.21969829104632604,0.040449421334613225,0.0016361556863050634,0.7334021780471986,0.11313991506967111,0.012800640381972391,0.7325982920167172,0.11343780369376989,0.012868135306866275,0.49414000714278633,0.1893444199281184,0.03585130935791564,0.3660117268183598,0.07129505041958473,0.005082984214331128,0.5637034608557702,0.05301336686943259,0.002810417066833053,0.4508614346479982,0.11134615453439412,0.012397966129597175,3.7413687229156496,7.832364783279921,61.34593809836352
0.8,1.0,0.75,0.0,0.13043872875048307,0.06204459741368137,0.0038495320682257967,0.2650010516222164,0.021178293643318104,0.0004485201216426081,0.6416184770804718,0.06061402712554955,0.003674060284376857,0.6383707680708888,0.060985314312039234,0.003719208561738217,0.4406205042718542,0.0789904089020201,0.0062394846985083345,0.850534530253047,0.11370207298231047,0.012928161400474656,0.8500820160936413,0.11389332732140807,0.012971690008341398,0.7169253702797775,0.17242450479744775,0.029730209854645084,0.44497479274098134,0.11266874101294118,0.012694245201441214,0.4419226620063437,0.11310250724697458,0.012792177145551939,0.20732850278796572,0.09392311649012862,0.008821551811218272,0.6384377003420095,0.19718174729641827,0.03888064146686855,0.6376576385982139,0.19743417064431626,0.03898025173800899,0.4265723465623078,0.20616244808646508,0.04250295500100441,0.05748502994011976,0.18178362597375114,0.03304528667216465,0.06946705741886464,0.21967412379330972,0.04825672066435837,,,,3.4265553951263428,6.106040941658203,37.28373598120619
0.8,1.0,0.75,0.25,0.1218111815212739,0.013419053418336125,0.00018007099464415843,0.27735009855823806,0.01720166165192903,0.0002958971635874459,0.6897019425535005,0.0575521149086219,0.0033122459304552195,0.6866811333911845,0.05812471996967254,0.0033784830715528503,0.5061001503779707,0.06060301681811264,0.0036727256474564434,0.9130296113334909,0.05862071483486705,0.0034363882077508017,0.9126932372988149,0.05880946460232161,0.003458553126811718,0.8097404697683048,0.11540087722044531,0.013317362463248293,0.49966652653596483,0.06957531499762619,0.004840724457018907,0.4967263737674636,0.06999631675243206,0.004899484358906801,0.22534405655360762,0.05830787414226941,0.003399808186990729,0.6988071597752894,0.1083834740031254,0.011746977436986158,0.6979992937577554,0.10865276434664523,0.01180542320016762,0.47197675341717255,0.1489076112328553,0.022173476683075177,0.17012143331562565,0.04989571305556263,0.0024895821813230436,0.28096194877251846,0.06440888600838841,0.0041485045968415735,1.4556858811964435,0.08881861689433965,0.007888746707023477,3.67044997215271,6.295848664556621,39.63771040699938
0.8,1.0,0.75,0.5,0.11320627040741245,0.020176663322270267,0.00040709774282024627,0.27320987722998336,0.012305662940114903,0.00015142934039571735,0.6742799058077565,0.05781929289346892,0.0033430706307007456,0.6711534329481588,0.05838430047310438,0.0034087265417337364,0.4982646003581723,0.06052394277759629,0.00366314764934575,0.9140640006907089,0.05803927986437197,0.0033685580071748937,0.9137321233631942,0.05822560648257697,0.003390221250263909,0.813093731219066,0.11379860823060785,0.01295012323522337,0.49972322691177967,0.08936244169264908,0.007985645985272107,0.49683219680793717,0.08988575735827284,0.008079449375870299,0.2266463271112859,0.05868837122172933,0.0034443249166595078,0.6912547043777358,0.1507132145720844,0.022714473046651147,0.6904445020347999,0.15101795199820753,0.022806421825732913,0.4610925644646546,0.17915998280199386,0.032098299437610736,0.2946113271572418,0.06180360688857486,0.0038196858244374976,0.46963554872810304,0.07128372635949967,0.005081369643696029,0.560224456757231,0.059443200526371205,0.0035334940888183783,5.7333239078521725,8.575072230071319,73.53186375094032
0.8,1.0,0.75,0.75,0.10717517542898503,0.015355661691010655,0.00023579634596877222,0.26009815962347976,0.017104920402671513,0.0002925783019817282,0.668991016919185,0.05572260097832165,0.003105008259789253,0.665839926025259,0.05626558224863182,0.003165815745777552,0.48579869850065754,0.06280272926774845,0.003944182803478107,0.9331922929532857,0.046466826076529584,0.00215916592562645,0.9329159185653522,0.04665932118139172,0.00217709225310827,0.8453932474600603,0.10882261867856387,0.011842362336060118,0.4938581909194861,0.08884509897667153,0.00789345161217456,0.4909609728907123,0.08936617991610403,0.007986314112797476,0.21233099027445998,0.05130262600896674,0.0026319594354159105,0.7044400695517989,0.11025443068632945,0.012156039485966627,0.7036114309523975,0.11053454557682352,0.012217885765874875,0.4666048474783702,0.1519318642275123,0.02308329136764723,0.3463940178356266,0.04440358317415142,0.001971678198703783,0.5409914591794094,0.04191906012218274,0.0017572076015271712,0.27071063990392064,0.03534055055461519,0.0012489545135033124,10.78545355796814,11.614441029061547,134.89524041754825
0.8,1.0,0.75,1.0,0.09783596307700877,0.01387195757429856,0.00019243120694313923,0.23787773470956672,0.008769761132899637,7.690871032811712e-05,0.6446328063436402,0.03824373333436919,0.001462583139350341,0.641277394224727,0.03860996831784305,0.0014907296535048443,0.4648444642010897,0.04015704887031998,0.0016125885739732668,0.962427977697128,0.04852906529810675,0.002355070178707909,0.9622728269831363,0.048729479547690996,0.002374562176988835,0.9137297143806412,0.11153902775917304,0.012440954713461575,0.4714825144559935,0.0510029828786829,0.0026013042625232206,0.4684866307814272,0.051290530606271166,0.002630718529872839,0.20363054048532825,0.026358682754727986,0.0006947801565643946,0.7260210218519187,0.0818926708913522,0.006706409545719324,0.7252109235900946,0.08209711542994723,0.006739936361918079,0.47921542691511965,0.11170855591039902,0.012478801463586743,0.424716801631869,0.08287888483792999,0.0068689095519788605,0.629252810899584,0.05380681214994565,0.0028951730337395385,0.1705302896086512,0.04853923312064809,0.00235605715194062,7.96665518283844,10.567373962165473,111.66939245625281
0.8,1.0,1.0,0.0,0.12220055493442919,0.013631994365855042,0.00018583127039070363,0.26783641524096896,0.009532375968512197,9.086619160506884e-05,0.7032369105820944,0.0401443780410847,0.0016115710883055235,0.7003588613414886,0.040550077035999624,0.0016443087476255042,0.521377752218825,0.06801020533119746,0.004625388029191639,0.9349903151856414,0.04489562877736337,0.002015617483314818,0.9347221301091777,0.04508086148193313,0.0020322840719532425,0.8522757698758753,0.10213438736349892,0.010431433082117247,0.4612693179676081,0.05526566521744349,0.003054293751926543,0.4581175821772211,0.05561159881167198,0.003092649922390356,0.1924456107040427,0.041945121787798245,0.0017593932417932269,0.6313766274970086,0.07334213760840703,0.005379069148970514,0.630354618976108,0.07347299128416152,0.0053982804482424745,0.3648161487970155,0.0744344150185727,0.005540482139157122,0.0,0.0,0.0,0.0,0.0,0.0,,,,3.871182012557983,6.772783568658299,45.870597267887845
0.8,1.0,1.0,0.25,0.11196520138771886,0.016235396304997273,0.00026358809318031913,0.2624799248689477,0.012921658839638977,0.00016696926716802012,0.6652195596486437,0.06991775695511718,0.0048884927376348355,0.662018655767399,0.07059919529836717,0.004984246376776988,0.4912031098878119,0.074451038224157,0.005542957092654887,0.9252432788671413,0.08180467201705613,0.006692004363818126,0.9249590189304928,0.08207883472610518,0.006736935109995289,0.8338301429263841,0.17056743094167015,0.029093248498041416,0.4917764947682469,0.0451184814782123,0.002035677370899786,0.4888543082748432,0.04537912388571051,0.0020592648846346623,0.2217692620966652,0.026901379776753984,0.0007236842338931483,0.7605586369994395,0.12431853536983915,0.015455098236501949,0.7598657634168738,0.12466148602446872,0.015540486097828808,0.5493311953994107,0.20590980000886358,0.042398845739690195,0.2321867964220905,0.011540398318403963,0.00013318079334742104,0.3137351565779994,0.0132816780548692,0.0001764029719531941,1.4433567728212702,0.11957770178759827,0.014298826764803782,1.9879996061325074,1.0162078057669672,1.0326783045017143
0.8,1.0,1.0,0.5,0.09356581042869846,0.014165727237265793,0.00020066782816061395,0.25501979024547045,0.011080521444982804,0.0001227779554927238,0.6221935697512883,0.04104491112607759,0.001684684729347608,0.6186032906206987,0.04143956389094776,0.0017172374554719411,0.42752178167530774,0.04538197104643481,0.002059523296059447,0.8921821718518025,0.06178527735192079,0.0038174204974537763,0.8917827748913336,0.061955745869000836,0.003838514446184214,0.7715165854576729,0.10996937271664303,0.012093262935691953,0.45652876588498315,0.05040119573799009,0.00254028053181919,0.4534240160575701,0.050695796267547014,0.002570063759200634,0.18899032812538247,0.03358699577565328,0.001128086285233751,0.7165994702877594,0.10764669752164767,0.011587811487317107,0.7158725297322754,0.10791128529203378,0.011644845493378707,0.5089382889971285,0.14629168451697375,0.02140125695881378,0.36122000040075514,0.08659393809916813,0.00749851011552256,0.5508466554551353,0.031113784908311914,0.0009680676113206982,0.5624151371381443,0.06219103419289988,0.0038677247339824424,4.103215312957763,6.402184103627486,40.98796129674048
0.8,1.0,1.0,0.75,0.09648719937366135,0.017439889789820584,0.0003041497558810883,0.24162961048674508,0.010791342115863812,0.00011645306466161606,0.6459265938878437,0.048397003662628564,0.0023422699635204827,0.6425890404950116,0.04885594681437883,0.002386903539129413,0.45754581148599954,0.05199805621497129,0.0027037978501353145,0.9420044326469277,0.06838747338757352,0.004676846516336076,0.9417868925932936,0.06861963671273404,0.004708654542587597,0.8756084159807372,0.13781476377098753,0.018992909113253097,0.4631790195396802,0.04058196302690047,0.0016468957231167167,0.4601416264605381,0.040815104215172315,0.001665872732095377,0.19396369078077466,0.018036168801975463,0.00032530338505335307,0.7192969495275087,0.08494881546311224,0.007216301248585896,0.7185043140065257,0.08514142272438546,0.007249061863532501,0.48200174987670347,0.11555630057122009,0.01335325860170616,0.5588058724900831,0.0575967389016827,0.0033173843321086093,0.7071925227404174,0.037109348846102085,0.0013771037717816982,0.15525238030510674,0.023494145177015514,0.0005519748575986813,8.095738863945007,9.557306222446606,91.34210222961661
0.8,1.0,1.0,1.0,0.08446036860027772,0.012705843463709615,0.00016143845812429238,0.216513417168991,0.0077586820084829585,6.019714650875716e-05,0.6190229358576318,0.028045967858581503,0.0007865763131245868,0.6154425580369629,0.028309559362259595,0.0008014311512853,0.42084065944242244,0.026728048574811498,0.000714388580617483,0.952637295993199,0.05016161652949485,0.002516187772852091,0.9524414956829546,0.050369164989258634,0.002537052781715158,0.8908570258595097,0.11644123798067091,0.013558561902471237,0.42883710223661753,0.05325141544708203,0.0028357132471177266,0.4256167022651156,0.053551693203473985,0.002867783844959002,0.17172800704538452,0.02619493936091282,0.0006861748481218998,0.7096249767570908,0.09449285229848386,0.008928899135503088,0.708783773584093,0.09472333181380277,0.008972509589907779,0.46115347472859447,0.12549020099165908,0.015747790544926994,0.917541070482247,0.030299584094553113,0.000918064796302896,0.9483838645249023,0.017891886761488732,0.00032011961188593575,0.0015260419069671402,0.000688296276233984,4.7375176387756876e-07,6.056848621368408,8.965427225426735,80.37888533442293
1.0,0.0,0.0,0.0,0.29842633965639337,0.009245544837971359,8.548009935093883e-05,0.2984081418021501,0.009235752117038264,8.529911716737678e-05,0.7346649562552787,0.1322387567546866,0.017487088788025174,0.7340495211380854,0.13235794968995154,0.017518626846127743,0.5547536710611448,0.16894531261268064,0.028542518653796384,0.7363576502711824,0.13151688081051063,0.01729668993812606,0.735745665346825,0.13163510655435076,0.017327801277575276,0.5597513200525004,0.16798214852307336,0.028218002222427874,0.6010510928007131,0.15660940196801468,0.0245265047847792,0.6002240565137985,0.1566908617789464,0.02455202616502888,0.41199101084219036,0.1557710522252916,0.024264620711374526,0.5961261254854763,0.15765792783671104,0.02485602220976559,0.5952815189809361,0.15773973133145472,0.02488182284051952,0.4043265670778694,0.1568042253642071,0.02458756509206905,0.43284809891525755,0.1599187664271092,0.025574011855568308,0.5825383504405839,0.2090905717909442,0.043718867211863986,,,,0.06429982185363765,0.015257877766778396,0.00023280283394595046
1.0,0.0,0.0,0.25,0.3033132547284883,0.007620707594772535,5.80751842450238e-05,0.3032954145102538,0.007576013612643703,5.7395982258962686e-05,0.7813103463567518,0.11641813147001163,0.013553181334968915,0.7807180490299774,0.11654678427593433,0.013583152925061175,0.6053036986099161,0.15605022699051202,0.02435167334379033,0.7821506554356248,0.11576122903071817,0.013400662146702387,0.7815592853913252,0.11588927441307034,0.01343032392398792,0.6083692439349797,0.15549581830644785,0.024178949510791845,0.7313807204933614,0.1672712511038581,0.027979671445849952,0.7307567099918508,0.16752537469597858,0.028064751167028026,0.5775146825679037,0.22051422272389407,0.04862652242352316,0.729962033449035,0.16972054124017602,0.02880506211885829,0.729329885354243,0.16998387907588094,0.028894519145683712,0.577591583311218,0.226251146215878,0.051189581163998604,0.34066565747553174,0.23999539130298303,0.057597787846671945,0.4565076000688145,0.3177763798801012,0.10098182760970241,,,,0.2038893699645996,0.09530592824622931,0.009083219958875411
1.0,0.0,0.0,0.5,0.2971694278173054,0.007735162149282539,5.983273347569326e-05,0.2971205473034989,0.007806071110172942,6.0934746177076626e-05,0.763108989194686,0.09945009859980472,0.00989032211151088,0.7624864026188571,0.09953098415684088,0.009906416807229309,0.5846612322568199,0.1261712990821507,0.015919196712077522,0.7638490610822847,0.10251899632620108,0.01051014460773163,0.7632292953122577,0.10260945466210601,0.01052870018605479,0.5886410231999464,0.13393476669870152,0.017938521730635603,0.6907532349258138,0.08138412243409508,0.006623375384367778,0.6900172682954411,0.08154834466227849,0.006650132517157765,0.5154588741524877,0.12176050906944226,0.014825621568849732,0.6880585096549086,0.08449333289038077,0.0071391233029247025,0.6873107670071262,0.08466989702966672,0.007168991463014366,0.5124696630055107,0.13074230994194797,0.017093551608956384,0.3816189483071749,0.2061352760303675,0.04249175202411579,0.514779669422988,0.27409074490702934,0.07512573644369022,,,,0.9630305290222168,1.045672016224653,1.0934299655153306
1.0,0.0,0.0,0.75,0.24037927301448964,0.055824785472098584,0.003116406673005829,0.2831832251511067,0.028493584937325695,0.0008118843825805937,0.747915114540983,0.1159812257473672,0.013451644725861753,0.7457881976532562,0.11701414617218327,0.013692310404405071,0.592876856287357,0.14292807663488813,0.020428435090548456,0.8258668338168637,0.10191102313177314,0.0103858566357648,0.8253365644537641,0.10203497772749479,0.010411136679850358,0.6670644039264442,0.13307634783679678,0.017709314353580127,0.6961993471977717,0.09387051826972508,0.00881167420022679,0.6941753505302428,0.09494120874958187,0.00901383311883168,0.545215123295461,0.12828717156473948,0.016457598388080905,0.782248318210175,0.14032875628981242,0.019692159841845566,0.7816664268900171,0.14065819449855543,0.019784727679593453,0.6387315473686666,0.22329615672167163,0.04986117360666934,0.1396562145512656,0.22492915814516384,0.050593126183892126,0.19035178205210235,0.3065411050259688,0.09396744907054205,,,,1.1432520627975464,1.2375975098454948,1.5316475963757694
1.0,0.0,0.0,1.0,0.14576411947143725,0.013182559969223972,0.00017377988734218635,0.23882723298891156,0.04537659850037902,0.0020590356914646,0.648791693853289,0.042064096121131475,0.001769388182487788,0.644966484849554,0.042561934904297154,0.0018115183027976284,0.47956791353785666,0.05727592498782863,0.003280531583211372,0.8803447113515283,0.06885952346187524,0.004741633971396546,0.879919103607745,0.06904400136337674,0.0047670741242659695,0.7528334436575512,0.1195451313920371,0.014291038439539414,0.5745380081467399,0.06887161286405229,0.004743299058495892,0.570766444631125,0.06949655481289191,0.00482977113086129,0.39633639075096544,0.10510832566652867,0.01104776012442105,0.8232413596059999,0.09841060072108058,0.009684646334283948,0.8226767751876718,0.09869187943658349,0.00974008706672513,0.677064736449995,0.17362565928137605,0.030145869560892484,0.0,0.0,0.0,0.0,0.0,0.0,,,,0.7710278034210205,0.19964945108069765,0.03985990331682388
1.0,0.0,0.25,0.0,0.30404813240894896,0.008590408306191375,7.379511486708177e-05,0.3040310786051351,0.008578066290175062,7.358322127863774e-05,0.7989253530989017,0.060616684197995235,0.003674382403159485,0.7982855985956168,0.060770623293462236,0.003693068655475895,0.6062940622256553,0.11051544129975004,0.012213662765678496,0.7972271919204899,0.060533337591797874,0.0036642849600025695,0.7965792454098407,0.06068723682736091,0.0036829407137401898,0.6032650698435633,0.10905303871114248,0.01189256525213394,0.7271898099047828,0.12946706427540483,0.016761720732091805,0.7264693397916101,0.12978707381284948,0.01684468452890204,0.5445479469332531,0.1934872328843107,0.03743730928922748,0.7216252274558957,0.1323423165406838,0.017514488747354548,0.7208836702552214,0.13267112095711636,0.017601626336017803,0.5354315577087672,0.19852623719257356,0.039412666853841975,0.2958540561856611,0.2578205412672661,0.06647143149934606,0.39518329937491614,0.341840747920662,0.11685509693895758,,,,0.23715016841888428,0.16323140177020729,0.02664449052386683
1.0,0.0,0.25,0.25,0.30072146801626004,0.004743988543870403,2.250542730437363e-05,0.3007434093121539,0.004720414286869797,2.2282311039684495e-05,0.7982623184103609,0.04242324724281103,0.001799731906624674,0.797638015203143,0.042529231395630945,0.0018087355231031206,0.6184331540889585,0.07624608498336685,0.0058134654752908,0.7987570000047548,0.04540394980677562,0.0020615186580562,0.7981330655295662,0.04552418640205722,0.002072451547569252,0.621620384053716,0.08528197703914304,0.007273015607704922,0.7278601862624668,0.1065813322254903,0.011359580378960335,0.7271484841763557,0.10683729874606886,0.011414208403356765,0.5571023691529351,0.16067687258063634,0.02581705738229405,0.725005620879249,0.11010143668138954,0.01212232635930603,0.7242816110794676,0.11036752812869045,0.012180991265237279,0.5538786807034095,0.17121940419823964,0.02931608437400016,0.2772490540104163,0.23869370829820277,0.05697468638114752,0.37863353696803076,0.3259318683851437,0.10623158282903063,,,,0.31661236286163325,0.23625181064573159,0.05581491803338661
1.0,0.0,0.25,0.5,0.299682352368242,0.009277260781148213,8.606756760143076e-05,0.2995329113276923,0.009261669491661552,8.577852177277435e-05,0.7674787031948608,0.06448456766252693,0.004158259466623014,0.7668243307379606,0.06451954976825944,0.004162772302298907,0.5791592310570765,0.08182822645934945,0.006695858645482578,0.767886244518269,0.06419291013223935,0.004120729711245757,0.7672319884958816,0.06422557690857787,0.004124924729239651,0.5812117311754059,0.07980728097459464,0.006369202096557895,0.740313069794725,0.12784317368337578,0.016343877057437783,0.7396829250967869,0.1281532275600535,0.01642324973405886,0.5952741764388663,0.20718392931208116,0.04292518056519344,0.7394306102599982,0.13268187621536384,0.017604480276029136,0.7387930924723379,0.1330084328959506,0.017691243221436594,0.598400432187502,0.22013338984703093,0.0484587093255449,0.4800284991489061,0.043933256991070355,0.0019301310698434323,0.6467299669102045,0.037654987656795064,0.0014178980954333885,0.08123574671094339,0.013812616414359954,0.00019078837221024603,1.0627212285995484,0.9255991384776935,0.8567337651506484
1.0,0.0,0.25,0.75,0.21286362078761992,0.0642682013952292,0.00413040171057774,0.2767854571207976,0.034554053736750356,0.0011939826296422313,0.7528159323812619,0.11432806509126343,0.013070906467512168,0.7504085499808899,0.11595110709590851,0.013444659236766847,0.5885440259908752,0.14645260458291728,0.021448365389120323,0.8566750257257377,0.06959148431901711,0.004842974689724004,0.8561773682807873,0.06976040228578412,0.004866513727074435,0.7092048260239123,0.11993112862750466,0.014383475613867066,0.64652419735353,0.10283700841948014,0.010575450300668228,0.6438700000052371,0.10431936334614388,0.010882529568944786,0.44087657430665156,0.11350078344171251,0.012882427841882519,0.7466135227274123,0.076432415635978,0.005841914159950893,0.7458500986359768,0.07656196098995867,0.0058617338706279535,0.5486512110175055,0.08924968427532544,0.007965506143245272,0.04782608695652174,0.151239366355879,0.02287334593572779,0.06473539407671144,0.204711290510981,0.04190671246267126,,,,1.593984842300415,1.0673342300521014,1.1392023586409121
1.0,0.0,0.25,1.0,0.13123497373043735,0.022365692294333755,0.0005002241918048202,0.27273365713668696,0.031737356315075294,0.0010072597858700495,0.6126065071434359,0.09779751249316174,0.009564353449850127,0.608485648496294,0.09895922559057202,0.009792928329485723,0.450130704787266,0.10988022204810294,0.012073663197340406,0.8097954441262385,0.10279385114502324,0.010566575833225194,0.8092239105914176,0.10293690943773845,0.010596007324593168,0.6392476187339435,0.1452395441620611,0.021094525188403303,0.5444652245000446,0.07969607746061202,0.006351464762607873,0.5405348187496278,0.0804651800975147,0.006474645208125476,0.3599897009381743,0.0770686545481924,0.005939577513868616,0.7404975685561219,0.11656435362081667,0.013587248535038798,0.7398064294169358,0.11681477422728934,0.01364569147777258,0.5641158250170565,0.17178671909596474,0.029510676857755897,0.0,0.0,0.0,0.0,0.0,0.0,,,,3.213845205307007,6.60888368378584,43.67734354581069
1.0,0.0,0.5,0.0,0.29051213228554734,0.025221376851597567,0.0006361178502903016,0.2979030298361793,0.005223913588821192,2.72892731834707e-05,0.7719239513581245,0.08007615263131806,0.006412190220234148,0.7709961436566907,0.08040964207546016,0.0064657105387036125,0.5996605345161434,0.09892715341192992,0.009786581682187517,0.7832413727284016,0.0782235187809407,0.006118918890472183,0.7826257387965464,0.07829158465786994,0.006129572228240416,0.6085477653231375,0.09788674147072701,0.009581814155756948,0.698882227624632,0.1296547226923637,0.01681034711643373,0.6978222943436609,0.13031760252300842,0.016982677527344812,0.5387132572405754,0.20260988720077847,0.04105076639151217,0.7057664987336265,0.1296430126562798,0.01680731073059633,0.7050482488014247,0.12996416338679564,0.016890683764829714,0.5418793203037862,0.20715140286556047,0.04291170370916973,0.2776883126032696,0.2390425168803732,0.05714132487650351,0.378394963634783,0.3256867096580722,0.10607183284790142,,,,0.6606584310531616,0.9367362901903992,0.8774748773596718
1.0,0.0,0.5,0.25,0.2675655518241047,0.050377640424965835,0.0025379066547871515,0.2939199883642546,0.021068533203722775,0.0004438830913563691,0.7958396784785648,0.09120640504759472,0.008318608321705912,0.7943629449417339,0.09256965942934123,0.008569141846864223,0.6320557501270229,0.1267204435793882,0.016058070820956907,0.8368972244622859,0.06192620625075567,0.0038348550206111307,0.836360939979605,0.06206554490405937,0.0038521318642378097,0.681190066444125,0.09992483366062135,0.009984972382102846,0.6810212151938634,0.09439361924350889,0.008910155353888533,0.6793271682110047,0.09546650215408724,0.009113853033536342,0.4888572397762633,0.1300446100852369,0.016911600612221304,0.7181582309261503,0.12302575133648784,0.01513533549190734,0.7173796048754417,0.12330884777969527,0.015205071940756059,0.5304989007798127,0.18655966288280623,0.03480450781494631,0.184526756808227,0.23823215879493798,0.05675456148409655,0.25196102993166675,0.32528492511369,0.10581028250621892,,,,1.1050819158554077,1.1507646075155136,1.3242591819103338
1.0,0.0,0.5,0.5,0.23269398630584393,0.0713867701660264,0.005096070954737077,0.28797293228180837,0.02286765108912475,0.0005229294663339483,0.7719130268009826,0.12592474279763297,0.015857040848650014,0.7698564656159861,0.12751768192275797,0.016260759202953678,0.6195441490367206,0.18097653662445728,0.03275250680858353,0.8451630180677887,0.07750529547489503,0.006007070826650783,0.8446613028150534,0.07771450331100943,0.0060395440248768965,0.7004411494377915,0.134402598406704,0.01806405845847375,0.7447501241103756,0.17132317846961895,0.0293516314809329,0.7427573248076693,0.17311313714096663,0.029968158250787122,0.608525955535091,0.2475624728892724,0.061287177983051735,0.8300153952524962,0.11717296099174036,0.013729502787571908,0.8295260348150961,0.11747750842186523,0.013800964985009415,0.7137669622979609,0.19403571826414684,0.037649859962283365,0.04662921348314606,0.14745452010897497,0.021742835500568103,0.06339362092142246,0.20046823123699706,0.04018751173529012,,,,0.48717622756958007,0.21123978175818836,0.04462224539724705
1.0,0.0,0.5,0.75,0.22240894936868258,0.08472185611878572,0.007177792904212229,0.291864301982679,0.02130275355929334,0.00045380730920798514,0.7739672893868089,0.14293880217504135,0.0204315011672356,0.7718466269379209,0.14479739867344885,0.02096628666259769,0.6204689725253072,0.17757279252432778,0.03153209664488796,0.8556939463888031,0.07015412395473937,0.004921601107856936,0.8551924764892634,0.07032480376088565,0.004945578024007076,0.7066475982992182,0.12098254765873999,0.014636776837999292,0.6912123826015547,0.16443169596641669,0.027037782638392092,0.6889598627718114,0.1661645499029393,0.02761065764444641,0.5090107165793742,0.217587514126907,0.047344326303926945,0.7682399227995477,0.1121993662224619,0.012588697780722125,0.7675515911629225,0.11246841533298739,0.012649144447513352,0.5912194832881822,0.17029586540109767,0.029000681772708772,0.04576271186440678,0.144714401397536,0.02094225797184717,0.06266536694053752,0.19816528994231594,0.03926948213792214,,,,0.8072337627410888,0.5649814273424393,0.31920401324189995
1.0,0.0,0.5,1.0,0.13147915110283903,0.02626623532997389,0.0006899151184095686,0.27585786071676177,0.020168123503222137,0.0004067532056412211,0.6670744937895196,0.10838260083772278,0.011746788164349146,0.6636931185915433,0.10952852322158298,0.011996497399100843,0.5084372078889356,0.12962595581017594,0.016802888419701685,0.8764526470838157,0.08436410793437521,0.007117302707562911,0.8760337810842354,0.08460618758102505,0.007158206976995596,0.7517893667800156,0.15202240177192886,0.023110810640505755,0.614344075831794,0.10397129730255428,0.01081003066277613,0.6111726342788714,0.10487084305461279,0.010997893722985227,0.4293659560986418,0.11128719543171034,0.01238483986705569,0.8436079488067844,0.10011025787769044,0.010022063732337681,0.843115263679385,0.10038880475151653,0.010077912119438108,0.7161679689952185,0.17399086031361363,0.03027281947267141,0.0,0.0,0.0,0.0,0.0,0.0,,,,5.205000424385071,8.772710563572495,76.96045063221646
1.0,0.0,0.75,0.0,0.2361392487789431,0.05076239708191329,0.0025768209575018387,0.29698569518262463,0.009126134166314739,8.328632482157723e-05,0.7505908743659276,0.0736107215258209,0.005418538323551953,0.7483970220547222,0.0749654346580295,0.0056198163934672914,0.5993418212065442,0.09457798199493646,0.008944994678234525,0.8350565094683791,0.06315774586206031,0.003988900862376596,0.8345137058585275,0.06330091503267195,0.004007005843973553,0.6764925843533771,0.10239914474153697,0.010485584843798237,0.6450309856384241,0.09927767900400303,0.009856057548421865,0.6426063906974802,0.1003868231200886,0.010077514256143956,0.4642122651644218,0.14833743057930943,0.02200399331087144,0.7158248898465337,0.12449114097830877,0.015498044182081148,0.7150387266735092,0.12477802662866422,0.015569555929343636,0.5261452715835125,0.18878985749776592,0.03564161029402676,0.055782312925170066,0.17639916199578715,0.031116664352815952,0.06838690307407469,0.21625837583924667,0.046767685120628864,,,,0.5191371440887451,0.17841941925908802,0.03183348916875023
1.0,0.0,0.75,0.25,0.18146696182237484,0.041932269030217253,0.0017583151860225171,0.2812570810180973,0.02781035036016101,0.0007734155871549075,0.6876093623277828,0.08770709567839462,0.007692534632339067,0.684270206247608,0.08895179971266266,0.007912422672121654,0.5280008225050575,0.1212397661359849,0.014699080892708312,0.8467563272191484,0.07707746478315332,0.005940935577398239,0.8462198553523466,0.07727263950620115,0.005971060816255319,0.6813812066407966,0.13661185706048332,0.018662799489513923,0.6357457013967706,0.12781825782461156,0.016337507033318877,0.6325216314719306,0.12908703491399243,0.016663462582886302,0.480108782844785,0.19239322889298863,0.037015154523869914,0.8065704830377921,0.12472512575343157,0.01555635699420932,0.8059939025000838,0.12505980738844324,0.015639955424034527,0.6511114228242308,0.203730794628282,0.04150623667987122,0.0,0.0,0.0,0.0,0.0,0.0,,,,3.424736428260803,6.618603418342299,43.80591120929237
1.0,0.0,0.75,0.5,0.19595082036426925,0.07328472355874986,0.005370650707082387,0.2831259284243307,0.028411864254313465,0.0008072340304055352,0.7366717638823743,0.1258882960697459,0.015847863087343997,0.734192091669448,0.12742023428219698,0.016235916104529968,0.5807034724738751,0.17581901403435093,0.03091232569601129,0.8588159542015692,0.0764587281137311,0.005845937104769453,0.8583473705543299,0.07666245173572417,0.0058771315061322375,0.7242337563973912,0.13142802374778698,0.017273325426248858,0.6183094069412627,0.13255859541437426,0.017571781218231768,0.6154894768010826,0.13395863573305122,0.017944916087460308,0.40897480643597184,0.15245105075338966,0.023241322875812594,0.7225611440086872,0.09539102165506126,0.009099447012396365,0.7217581546787801,0.09554805358990058,0.009129430544818514,0.5226023455183197,0.11318669811563162,0.012811228630319126,0.0,0.0,0.0,0.0,0.0,0.0,,,,1.1487252712249756,0.9103547048216744,0.8287456885909579
1.0,0.0,0.75,0.75,0.14012683544560325,0.013998122128351113,0.0001959474231202331,0.27795769166809925,0.021691876022704427,0.0004705374853843792,0.699914554363297,0.04531132862534345,0.002053116501793869,0.6968524578280016,0.045798506602517663,0.002097503207020854,0.5247291944558198,0.05544982089904817,0.00307468263773652,0.8858220579496485,0.0443820137676314,0.001969763146070223,0.8853951499438428,0.04447233484467196,0.001977788566536624,0.7578255472657149,0.06375129122357207,0.004064227132672696,0.6052816204672591,0.07128752923329583,0.005081911824188008,0.602013715893375,0.07189807246717547,0.005169332824495216,0.38537119713573353,0.10305613508082502,0.010620566977797254,0.7795874692766996,0.09519751662721879,0.009062567171989598,0.7788925645655642,0.09543126952259427,0.00910712720269403,0.5995500377207204,0.15156616994828764,0.022972303872793216,0.0,0.0,0.0,0.0,0.0,0.0,,,,1.5170058250427245,0.9701404102311715,0.9411724155635057
1.0,0.0,0.75,1.0,0.11312284401260508,0.037012356305682545,0.0013699145192987987,0.27826474166660964,0.01583815842669429,0.00025084726234906734,0.6593633167777186,0.128433175458091,0.016495080558248786,0.6559598940902086,0.12979191463466913,0.01684594110453324,0.4710326026822519,0.1607455947240839,0.025839146223199428,0.8421640893597833,0.15285488281339046,0.023364615199895335,0.8417311630177154,0.15310794151063067,0.023442041753622703,0.7072503230562348,0.23223410797549238,0.05393268090717265,0.5882752013061238,0.13177187003123272,0.01736382573152809,0.5849481851821029,0.13291134136953575,0.017665424664649265,0.36538612493488615,0.1325012120577288,0.017556571196767214,0.7797741591584684,0.1647691194678841,0.02714886273022187,0.7791945906274613,0.1649689045377626,0.027214739464389435,0.6187833170827151,0.20274684903177295,0.041106284792312535,0.0,0.0,0.0,0.0,0.0,0.0,,,,2.9153677225112915,6.366414637950577,40.53123534231137
1.0,0.0,1.0,0.0,0.1600539379215177,0.02605919902206295,0.0006790818536714867,0.26786776351574476,0.03260693852087945,0.0010632124397044122,0.665298095018743,0.09201115675097862,0.00846605296665316,0.6616239527187707,0.0931509784361306,0.008677104783608468,0.5140792363114457,0.11036797286862536,0.012181089435129624,0.8607891206095216,0.059894639847576446,0.003587367882470892,0.8603055633091536,0.060025083958732184,0.003603010704252848,0.7188750179122949,0.09143713436528189,0.008360749540934615,0.6057708288705809,0.10744418429511113,0.011544252738841803,0.6022481245123101,0.10849533033985506,0.011771236705554274,0.45724877523576424,0.15138645941622308,0.02291786009457976,0.7965155588306448,0.13464884571702215,0.01813031165292643,0.7959217700573398,0.13499763988105593,0.01822436277345526,0.6512051574947747,0.21892049021831875,0.04792618103742899,0.0,0.0,0.0,0.0,0.0,0.0,,,,1.2758977890014649,0.9981248087162464,0.9962531337748436
1.0,0.0,1.0,0.25,0.13783345448728948,0.022034228812357132,0.0004855072393553092,0.2724151465484577,0.023328812848617445,0.0005442335089258183,0.6385319097285906,0.0876284332929761,0.007678742321381561,0.6347112106117412,0.08865820419691509,0.007860277171421893,0.4815234267805857,0.10044869334983614,0.010089939995689414,0.8409290256540682,0.10718982439595366,0.011489658454035382,0.8404400855639638,0.10733188299176115,0.011520133106557105,0.6980175515149809,0.1480167603701408,0.021908961350471684,0.5537290876013783,0.05701778356475511,0.0032510276426372586,0.5499021222215987,0.057591075006965683,0.0033167319204579476,0.3707392985406982,0.07977896677934383,0.006364683540379646,0.755185694084352,0.08195460840392901,0.006716557838641353,0.7544805186776188,0.08207895328916887,0.006736954573045565,0.5762637641468903,0.11743099715483363,0.013790039092778544,0.0,0.0,0.0,0.0,0.0,0.0,,,,1.1104182958602906,0.4058217367868388,0.16469128204868627
1.0,0.0,1.0,0.5,0.1247034319944651,0.022037185684113742,0.0004856375528761077,0.2510839631690497,0.03168870421307416,0.001004173974703704,0.6263491508777713,0.07705166310805053,0.005936958787716515,0.6225081202375424,0.07788218733651574,0.006065635104320131,0.46066269101056145,0.08811757176938546,0.007764706454532798,0.8775506409820635,0.07686781077491522,0.005908660333328174,0.8771153262513932,0.07708213614386711,0.005941655712501664,0.7463638170828163,0.14198224672219997,0.020158958384283665,0.5603512191076533,0.0759517033417111,0.00576866124050729,0.5566859539763394,0.07659757299575044,0.005867188188839317,0.3807853164209786,0.10775336130434371,0.011610786872384437,0.82077829382959,0.09303437411136249,0.008655394766292955,0.8202082891524203,0.09329423760996454,0.008703814771224522,0.6672329202106925,0.15939824402841557,0.025407800199342318,0.0,0.0,0.0,0.0,0.0,0.0,,,,4.084431910514832,6.446930599305227,41.56291415225805
1.0,0.0,1.0,0.75,0.12635662866984623,0.02039512052408282,0.00041596094119186435,0.25779864566474575,0.021741471264392246,0.0004726915727403937,0.668598944497482,0.06791844681212111,0.004612915417370925,0.6653120116676244,0.06861219965848851,0.0047076339419762905,0.5191408626827648,0.08408825472472468,0.007070834582650184,0.9210638975443931,0.06494710090865315,0.004218125916438775,0.9207602114821072,0.0651641566277598,0.004246367309007211,0.8261994478778654,0.13122289818606345,0.017219449008349975,0.5920597104553937,0.09434320099894479,0.008900639574727297,0.5887854454658947,0.09511332440202482,0.00904654447880481,0.40648970880820723,0.11546597914006577,0.013332392338774106,0.8459018678759769,0.11330006960460282,0.012836905772407843,0.8453809992285422,0.11361353953932768,0.012908036366654373,0.7001320918812075,0.18947822205449882,0.03590199663293396,0.0,0.0,0.0,0.0,0.0,0.0,,,,5.200540065765381,8.376583215570408,70.16714636737588
1.0,0.0,1.0,1.0,0.11662952557767685,0.017773977171812623,0.00031591426450411624,0.2559570176493201,0.010945382897572279,0.00011980140677446773,0.6718970589734996,0.053835952401378874,0.0028983097709635317,0.6687049400552451,0.05438027758975654,0.0029572145907389774,0.5125668071988493,0.08042340346837318,0.0064679238254367385,0.9221649511112314,0.06477718502327322,0.004196083699539372,0.9218663091488736,0.06499239243336964,0.004224011074213123,0.8303063894123783,0.12980559731516647,0.01684949309434715,0.5963942431035734,0.06203474395040069,0.003848309456991775,0.5932204323172756,0.06252706184247121,0.00390963346265222,0.39144580271064033,0.06842568541584737,0.004682074424628508,0.8497991444741755,0.07684403360095116,0.00590500550006411,0.849269714467562,0.07709884319027446,0.005944231621278531,0.7006827543464434,0.1448901252953332,0.020993148408097354,0.0,0.0,0.0,0.0,0.0,0.0,,,,3.4143224954605103,6.498264591676588,42.2274427034377
1.0,0.25,0.0,0.0,0.28517037615926466,0.016543351572441002,0.0002736824812493861,0.29613387694951304,0.009152279447319514,8.37642190818272e-05,0.7488744967986115,0.0728693653637818,0.005309944408520322,0.7472918165108209,0.0733369858175362,0.005378313488801506,0.5709096148982735,0.10422702994782251,0.010863273771744291,0.7757559490841642,0.08044464351110532,0.0064713406696288184,0.7751123748765283,0.08054207608533813,0.006487026020136396,0.5897703051654899,0.11821874435896805,0.013975671517811039,0.6198623212529255,0.09518170274253256,0.00905955653696783,0.6180746762774283,0.09482704671774819,0.00899216878921,0.42764705509606815,0.10527601752658769,0.011083039866258398,0.6445065314240077,0.1185839234071204,0.014062146890625796,0.6436378753810363,0.1186981762635698,0.014089257048297483,0.4382778352888101,0.1254096015292238,0.0157275681557187,0.32878800024870297,0.2509313137005872,0.06296652419550249,0.4416278911110673,0.32220516792765935,0.10381617023929116,,,,0.33417670726776116,0.24534397330038316,0.06019366523481912
1.0,0.25,0.0,0.25,0.28016970617294024,0.03021906265426576,0.0009131917477024396,0.29470488083353186,0.007972487497269492,6.356055689411837e-05,0.8162070426458101,0.09388910093410274,0.008815163274214131,0.8149309663197062,0.0953347895439561,0.009088722097390402,0.6715164987063249,0.1253871197649832,0.01572192980295824,0.8440222253510603,0.06838122017228243,0.004675991272250166,0.8434944257075749,0.06854343767371102,0.004698202848129906,0.687745104451469,0.11491819113641623,0.013206190654065893,0.7230536089890982,0.11180260827400987,0.012499823216871701,0.7216508427026996,0.11277206399529713,0.01271753841775939,0.5556281902702148,0.15795669984663807,0.024950319026440914,0.7536313198574381,0.11749815021915165,0.013805815304922328,0.7529234235824582,0.1177748008050928,0.013870903704679288,0.5746099477888994,0.1759029507338901,0.030941848076889364,0.31285723009281874,0.2087008288662826,0.043556035969473376,0.4390934639534475,0.27316508732984124,0.0746191649359198,,,,0.9424359560012817,1.3185405303993443,1.7385491303057838
1.0,0.25,0.0,0.5,0.2799274213309578,0.036802599668935475,0.0013544313423919294,0.2954067218982056,0.00859421319101009,7.386050037253182e-05,0.7731063424515943,0.10748955201586073,0.01155400379257043,0.7721451441125858,0.10758128618533055,0.011573733137289995,0.6135695313870745,0.14062649807138372,0.01977581195982089,0.8017199476010965,0.12141327828417896,0.014741184143711481,0.8011838099933968,0.12154764065285008,0.014773828948274373,0.6479118215915354,0.16048837007622893,0.02575651692972461,0.6531805494532342,0.1602152963910676,0.025668941197677642,0.6519564945626022,0.16032402308924998,0.025703792379522365,0.47400545540570455,0.1833846286577159,0.03362992202792836,0.6749072098718835,0.17304755747268988,0.029945457147263908,0.6741308824960999,0.1731964897459059,0.02999702406030369,0.4936241940096598,0.1960344620859414,0.0384295103253244,0.38631314887428553,0.20957799324985432,0.04392293525463598,0.5192189864509191,0.2770386270186077,0.07675040086035523,,,,0.5563808679580688,0.34897374523039904,0.12178267486013146
1.0,0.25,0.0,0.75,0.21408645673762683,0.06324548294075423,0.003999991112409235,0.2703522484951146,0.0382903705773661,0.0014661524789520233,0.765952927726311,0.11079947086250944,0.012276522743412076,0.7635969235100719,0.11229357126205324,0.012609846146785827,0.6346124316670702,0.12255486239562505,0.015019694296810592,0.9021686099147038,0.07006938458629078,0.004909718656301524,0.9018104428556093,0.0702780872477017,0.004939009547195571,0.7949078671969161,0.13004394853982393,0.016911428551828377,0.664271441475983,0.1193762154263943,0.0142506808095289,0.6616422079056432,0.12087154216747548,0.0146099297059438,0.48556087049296437,0.13915368363286776,0.01936374766859625,0.7995608300625963,0.11200658842251408,0.012545475850050464,0.7989204307248687,0.11227542230085492,0.012605770452835311,0.6288541657222781,0.1701003568500244,0.028934131400505644,0.13820224719101123,0.22252675902388278,0.049518158481673194,0.18885306310456013,0.30408232079111874,0.09246605781771286,,,,1.753532385826111,1.906342457242897,3.634141564286887
1.0,0.25,0.0,1.0,0.1472261204474866,0.026064120787607115,0.0006793383924309733,0.2645703697631018,0.02899867335045651,0.0008409230560864765,0.6801559657183516,0.10573012318319386,0.011178858948333347,0.6768153929285916,0.10694282359294992,0.011436767518032805,0.5344416883738585,0.1434925906134892,0.02059012356097041,0.8954115232567844,0.09429189069413069,0.00889096065067389,0.8950499965826003,0.09458023358123,0.008945420584280026,0.7872599058280729,0.18147350589936365,0.03293263334340637,0.6059792397090583,0.10868247888552486,0.011811881216702558,0.6026416029155881,0.10972675253032445,0.012039960220851062,0.4170453602133419,0.12492933971192251,0.015607339920856937,0.8175006432618532,0.11266396622872547,0.012693169286387394,0.8169269805317153,0.1129282194290849,0.012752782743423549,0.657573871929235,0.16718139927613251,0.027949620263925643,0.0,0.0,0.0,0.0,0.0,0.0,,,,3.490593910217285,6.625515422510158,43.897454613919955
1.0,0.25,0.25,0.0,0.27628214750450875,0.03424526358641592,0.0011727380781031043,0.29549139138050584,0.004391512656407561,1.92853834113878e-05,0.7971210053160498,0.07293493384378874,0.00531950457479784,0.7956839442654177,0.0741718653380536,0.005501465607726357,0.6560725737358301,0.08601342600703658,0.007398309453467957,0.8371012982371772,0.05884908355273703,0.0034632146349970246,0.836565195212603,0.058974793931486955,0.003478026319261351,0.681856661039053,0.08775084987692591,0.007700211654122788,0.7056730869403748,0.14331397427315018,0.020538895221965153,0.7039760481902558,0.14453755154630263,0.020891103807000086,0.5537013644621274,0.2141685486227159,0.04586816721916062,0.7413234207714706,0.14980695862531584,0.02244212485256709,0.7406246693694257,0.15017784064594747,0.02255338382107959,0.5765147676682627,0.23408593022048302,0.05479622272718884,0.2644950133721941,0.22055101737116378,0.048642751263455394,0.37424333507025515,0.29416298157169035,0.08653185972714664,,,,2.7097567558288573,6.978034230986104,48.692961728813835
1.0,0.25,0.25,0.25,0.27268179564650924,0.047367202005292826,0.002243651825810217,0.29732169487630766,0.00895607498504027,8.021127913766405e-05,0.7270736040853543,0.11092685389859874,0.012304766915841071,0.7257417343942378,0.1110335092294434,0.012328440171804893,0.5587171862934228,0.143383777831165,0.02055890774513688,0.7665729846433977,0.13093197579140117,0.017143182284640065,0.7659900862160091,0.13106012999706043,0.017176757674846378,0.5967896482483566,0.16807916787939262,0.028250606675029044,0.633353648864228,0.10417873458263474,0.010853208739239057,0.6317734551577459,0.10447292009168434,0.010914591032483462,0.4502267325471932,0.1075836142623305,0.011574234057745924,0.6650886370463438,0.11642119923451229,0.013553895631202005,0.6643047834880191,0.11649092468469138,0.01357013553389444,0.47631195892541783,0.11856199226688117,0.014056946010291992,0.34583036732035266,0.19162387530821307,0.03671970958813759,0.48361880669315493,0.2411306281412369,0.05814397982778747,0.21906456027194063,0.22224596310709904,0.04939326811740203,0.6236288785934448,0.3145844616384462,0.09896338350435104
1.0,0.25,0.25,0.5,0.2594582649402726,0.06052466677081535,0.00366323528771824,0.2941189543454198,0.007026548512727691,4.937238400171573e-05,0.7639708502526515,0.10505076411262596,0.011035663040646581,0.7625501569252744,0.10591516843740635,0.011218022905124157,0.605347555141503,0.12534682470337435,0.015711826463218462,0.8041019404513159,0.09316094478683379,0.008678961633575495,0.8035276568855882,0.09327681099855559,0.008700563470060261,0.6386909043193943,0.1253839492048492,0.015721134718204202,0.6745431471068029,0.16422663283204536,0.026970386931351436,0.6729209457297511,0.16513591580005027,0.027269870687121295,0.507804379312936,0.2050753117979831,0.042055883509039986,0.7041520639629154,0.1532395560701748,0.023482361544584246,0.7033998160339499,0.1534493456442315,0.023546701678642822,0.5292392854907206,0.20070043088102063,0.04028066295582734,0.36206461571506865,0.2074208469785028,0.04302340776127947,0.5021212802799694,0.24640979573486585,0.060717787434098315,0.3414573811943458,0.414729070198953,0.17200020166808808,3.012672758102417,6.173403922397947,38.11091598907836
1.0,0.25,0.25,0.75,0.15899379387484228,0.014338046961237914,0.0002055795906626638,0.28763294949587204,0.018237810518895472,0.00033261773252313433,0.6897492684208345,0.05803382967445041,0.0033679253866831203,0.6864568206872815,0.05872629428065966,0.00344877763993864,0.5256885554792756,0.08529411625877507,0.007275086268365439,0.8482721150263046,0.0696056657333281,0.004844948702179806,0.8477395202790262,0.06977094926113844,0.004867985360800356,0.6809161532732647,0.11686602497292752,0.013657667792972918,0.6460884357844504,0.08073411328793884,0.006517997048389742,0.6430335131902412,0.08148790703009903,0.006640278992146063,0.48688896767962264,0.1434127410178564,0.020567214286254746,0.8554082366160426,0.12878833901441833,0.016586436266092748,0.8549736158475767,0.1291641969630672,0.01668338977711402,0.7421477497569005,0.2295963721839363,0.0527144941200246,0.1209523809523809,0.11195147060770133,0.012533131771227014,0.22845209238688008,0.1658626657742929,0.02751042389775479,1.5147194455403197,0.1553848974455144,0.024144466354153026,3.5467581033706663,6.7354767305366705,45.366646787600956
1.0,0.25,0.25,1.0,0.13287914655014,0.015031280275751213,0.00022593938672818746,0.27500275474966324,0.020124974006277142,0.00040501457875333067,0.659987437100522,0.05107403870655563,0.0026085574297987422,0.6565437770918308,0.05162649585207659,0.0026652950739644815,0.5008060239293183,0.05988476535184937,0.0035861851212460587,0.8681018819581731,0.0720441914664583,0.005190365524055703,0.8676476620643688,0.072234373439236,0.005217804706159003,0.7326019279335216,0.12263950523801737,0.01504044824502569,0.578320632748985,0.06775972605885962,0.004591380475571698,0.5748579176457252,0.06834655547700841,0.004671251645571788,0.3806917883981607,0.08849630239712317,0.007831595537963068,0.7825138849759286,0.12148362074604799,0.014758270109569621,0.7818618739700751,0.121779713660616,0.014830298659261625,0.6172874100221131,0.19104945214298477,0.03649989316413463,0.1266697234449335,0.07755144002769505,0.006014225850369182,0.2444264111492352,0.12355071408518287,0.015264778950958603,2.177813800841119,0.17253781688348668,0.029769298254919578,1.202595853805542,0.5314193559605432,0.2824065318895186
1.0,0.25,0.5,0.0,0.22860376915781827,0.048356602622710944,0.0023383610172107746,0.29168953365481015,0.024928313937901167,0.0006214208357865576,0.7242006910995556,0.08869272850267398,0.007866400089249038,0.7216505870667607,0.08938181248031032,0.007989108402265358,0.5582701426876071,0.12317136603290765,0.015171185410412517,0.8095045009999033,0.1025058323776226,0.010507445671429264,0.8089320880139661,0.10264700400147188,0.010536407430478184,0.6383920724032033,0.1441037785410652,0.02076589898981237,0.666567724887929,0.08720232912527145,0.0076042462048721655,0.6640392957131589,0.08822365762058013,0.007783413763953346,0.5048302173820203,0.1401314686101604,0.019636828494840372,0.7655037994392957,0.11918805557880165,0.01420579259265551,0.7648767244623209,0.11945235939938703,0.014268866166080328,0.6054283927977817,0.18384758191305473,0.03379993337527737,0.1396562145512656,0.22492915814516384,0.050593126183892126,0.19035178205210235,0.3065411050259688,0.09396744907054205,,,,2.7579199314117426,6.687776116604052,44.72634938581958
1.0,0.25,0.5,0.25,0.21587747429082352,0.0571861647787292,0.003270257442099968,0.2911067813290549,0.024568675243565884,0.0006036198032238071,0.758148542350622,0.09167359611767895,0.00840404822514732,0.7557784971192274,0.09301495958958818,0.008651782707452722,0.6046529232638588,0.12405240710762708,0.015388999709196445,0.8547355459615537,0.06866756456509153,0.0047152344233010145,0.854228810333014,0.06883354603940084,0.004738057060358315,0.7022357409962501,0.11699598277324816,0.013688059985078181,0.69234277662077,0.09358269951537045,0.008757721648584115,0.6900423001912017,0.09461207960490318,0.008951445607164536,0.5335238930699815,0.141832361170178,0.020116418675107817,0.8154369671207767,0.12328360307344761,0.015198846786771383,0.814888083912806,0.12361743620807639,0.015281270534657835,0.6741006015851362,0.2067408164223605,0.04274176517498417,0.2679606938496998,0.17760887543482934,0.031544912633224724,0.3886776628387746,0.22197383679108978,0.04927238421975737,0.5856111308112455,0.36229378399362694,0.1312567859204208,0.7271147489547729,0.6142261470979223,0.37727375977875854
1.0,0.25,0.5,0.5,0.21936655724899062,0.06437907898103722,0.004144665810446628,0.29266963935139323,0.005717468516853787,3.2689446241214246e-05,0.7486978159212818,0.08164628000509422,0.006666115038670247,0.7467885255717913,0.08209087017848432,0.006738910966660766,0.5923465438776099,0.10156998623900083,0.010316462104590819,0.8417838000798789,0.10009608311511445,0.0100192258549879,0.8412933127967325,0.10021638700873584,0.010043324225084716,0.6960075273451573,0.1304680181272255,0.01702190375404604,0.6453039181007522,0.10505401107251679,0.011036345242424481,0.6432420578375155,0.105010907812676,0.011027290759642337,0.4620616581078667,0.12633489562788142,0.01596050585330769,0.749046023452284,0.1622857185402756,0.026336654442133553,0.748373331247518,0.16251904721171193,0.02641244070660265,0.5839043985967743,0.21443141177587446,0.04598083035619463,0.2643727548488045,0.21811256348968697,0.047573090352042734,0.38547432511328233,0.26073799000366604,0.06798429943115186,0.556876415476862,0.42670651025615197,0.1820784458949835,0.8884427785873413,0.2763236806625995,0.07635477649492625
1.0,0.25,0.5,0.75,0.20331200271422353,0.0771783788134766,0.005956502156276492,0.2779771000100801,0.024624144616034595,0.0006063484980713855,0.7545826207594527,0.11518858183625481,0.013268409385447573,0.7525925721376467,0.11608876626964934,0.013476601654009273,0.5927611106163722,0.1482164302803831,0.021968110205059663,0.8732483074510549,0.10807900915282233,0.011681072219455853,0.8728425339912027,0.1082361282673365,0.011715059462303319,0.7491533181026305,0.1543493488126259,0.023823721478881663,0.6439359204012531,0.1336078527782845,0.01785105832402374,0.6417065969081654,0.13423158475359345,0.018018118345461145,0.44036869583390253,0.15100805949626944,0.022803434032828855,0.7627562266033169,0.16046638368807217,0.025749460293927592,0.7620818489174604,0.16067806915592195,0.025817441907675234,0.5877243921046686,0.20201535131666548,0.040810202167595774,0.30666591591115283,0.17541690240675467,0.030771089649980893,0.4559530965647304,0.21265250447610237,0.04522108765995874,0.7103039158840683,0.5412599793000893,0.292962365191933,1.048659372329712,0.5368358075691714,0.28819268428844436
1.0,0.25,0.5,1.0,0.1283869320031628,0.021076266509681554,0.0004442090099871243,0.27693069249753643,0.019854387816363565,0.00039419671556256594,0.6852400167346635,0.08032054021818552,0.006451389180941158,0.682116718251437,0.08116240860217129,0.006587336570105808,0.5120138791480772,0.09589074532899425,0.009195035039750032,0.8902330269643668,0.06838657460123368,0.004676723585690099,0.8898274791303047,0.06857911320522893,0.004703094768015606,0.7668844570744223,0.12737620316049628,0.01622469713158402,0.580586584535421,0.08927766275043231,0.007970501066179927,0.5772174019008997,0.09004736583017164,0.008108528092952764,0.35223202768313433,0.08069638749404599,0.006511906954589223,0.7618954360157917,0.08548776803907353,0.0073081584843024405,0.7611330658422151,0.08564748503740673,0.00733549169323281,0.5599705164431594,0.11169420981272853,0.012475596505689822,0.1549869302209895,0.08330864517775545,0.006940330361353156,0.28889234286959703,0.13208645401688693,0.01744683133475518,1.617530365034371,0.17269105485910238,0.029822200428349512,1.1535229206085205,0.9237988947870033,0.8534043980096888
1.0,0.25,0.75,0.0,0.165119677679066,0.02294873011996533,0.0005266442141190039,0.2761334765441704,0.02879893931119807,0.0008293789054500696,0.6460004425033874,0.09508334560259957,0.00904084261098339,0.6420579628917185,0.09627012566931857,0.00926793709638639,0.4936737522633381,0.1174156658373966,0.013786438584039181,0.8153021919935405,0.10591613021888235,0.011218226640543243,0.8147304951962242,0.10607840828547083,0.011252628704379047,0.6389238352495458,0.1556085930116623,0.024214034219069158,0.5952144864242727,0.13148777721473556,0.01728903555687193,0.5915377584099806,0.13279774214808987,0.01763524031963056,0.4549097708869202,0.17101005116421003,0.02924443759918573,0.7893188536171442,0.19567558226837417,0.03828893349606727,0.7888009586176009,0.19602994676099256,0.03842774002711758,0.6556232675479985,0.2741319414888706,0.07514832134445756,0.0,0.0,0.0,0.0,0.0,0.0,,,,3.43176851272583,6.411632504199203,41.10903136890374
1.0,0.25,0.75,0.25,0.1444201498840752,0.022305310868391933,0.0004975268929356033,0.27607872634695263,0.024198363936831627,0.0005855608172193534,0.6358769470021238,0.09863213315538202,0.009728297690781009,0.6319755322327838,0.09979421708050829,0.009958885762711612,0.4683775521421425,0.10819206441453211,0.011705522802278264,0.8207932143073757,0.10852133788094875,0.011776880775471042,0.8202462721098641,0.10868837258982611,0.011813162336224864,0.6566653657324248,0.16271432808958364,0.02647595256564467,0.5444648214252062,0.10701866383137429,0.0114529944082527,0.5404976388939133,0.10806289247289785,0.011677588729609084,0.3512894495999246,0.10904539719518251,0.011890898649455119,0.7260063903695535,0.15148169803522382,0.022946704839634735,0.725269811448625,0.15166564537542504,0.023002467987144185,0.5405052182895099,0.18569280857335146,0.03448181915585935,0.22129104383592918,0.08997028619533609,0.008094652398070683,0.3307484274557656,0.11934088513983653,0.014242246865959655,1.3226837593351504,0.13008859103189943,0.016923041516664787,7.217924571037292,10.051240366517368,101.02743290550819
1.0,0.25,0.75,0.5,0.1378284520169996,0.013438122506950187,0.00018058313651180116,0.27565157338239515,0.021249744757625682,0.0004515516522642402,0.6839591962781428,0.040012680128662576,0.0016010145710786687,0.680737377224762,0.040456652474308866,0.0016367407294270017,0.5206318624317694,0.044748680568829836,0.002002444412651169,0.8733568944770214,0.052011906014257966,0.0027052383672360038,0.8729009088634466,0.0521192045954023,0.002716411487657404,0.7371515438620213,0.07589488183292249,0.005760033088433269,0.5974751821027072,0.06378859693445554,0.0040689850988664305,0.594146466751294,0.0643433536168464,0.004140067154662541,0.3972094944417474,0.0884205569847953,0.007818194897501433,0.7893011960715902,0.10184735252245052,0.010372883215832308,0.7886484302233712,0.10211422900342344,0.010427315764963606,0.6232592933723538,0.17145251113457635,0.02939596357435203,0.21000156277292287,0.1173572635930139,0.013772727318040148,0.33353493911608323,0.1608804573778955,0.025882521566120847,1.044448493058419,0.20800409903861625,0.04326570521686648,1.3358087301254273,0.8629359923286671,0.7446585268562615
1.0,0.25,0.75,0.75,0.12541628222924678,0.017759151129384504,0.0003153874488363189,0.2799183140614156,0.009470679972352094,8.969377913871107e-05,0.6734705452854373,0.05959817286649355,0.003551942209024448,0.6702048689734644,0.06023536022390565,0.0036282986213036755,0.49616953749464476,0.07638749714049162,0.005835049719388615,0.8679069857294902,0.06021691114243651,0.003626076387536094,0.8674308010600498,0.06035431244700159,0.003642643030950291,0.721995647208713,0.09849935459184123,0.009702122855009272,0.5852980302553392,0.0510934786883959,0.002610543564481566,0.5819389586068076,0.051553897138181856,0.0026578043101342357,0.3565885457026319,0.058027285471577844,0.003367165859199989,0.7596808778670537,0.07952033043748147,0.006323482952886241,0.7589261104521684,0.07969096284406973,0.006350649559014903,0.5638432455548876,0.12358494422930091,0.015273238440159416,0.18110868583471323,0.11124543681124636,0.012375547211325007,0.29131720984509724,0.1128116734189509,0.012726473659584034,1.2489212114890829,0.1660262389059576,0.02756471200525811,2.30325186252594,1.1958057219260234,1.429951324591018
1.0,0.25,0.75,1.0,0.11294619135609214,0.020600098684887533,0.00042436406582710504,0.2743860631063121,0.013914756948352248,0.00019362046093171714,0.6745145512920483,0.061067997257215435,0.003729300289007272,0.6713524891081994,0.06167786154673166,0.0038041586049778,0.494986465211052,0.08012105915520054,0.006419384120151144,0.8946327200790142,0.059239412921389636,0.003509308043270905,0.8942429560836598,0.05940162977359619,0.0035285536197593895,0.7786432402321701,0.104271262853702,0.010872496257105815,0.5979147141629647,0.05998293936385113,0.0035979530147274416,0.5947570731857577,0.06046514642794856,0.0036560339325532607,0.374763252921664,0.06707279472350344,0.0044987597920212305,0.8157025991889217,0.09347959065974687,0.008738433869913834,0.815102990572019,0.09374108743843619,0.00878739147414054,0.6582284289676141,0.16114693422300183,0.025968334409472483,0.1382117882117882,0.06933184800818802,0.004806905148230485,0.24460993990914245,0.08609306268803765,0.00741201544300638,1.622505083734329,0.10197170115582765,0.010398227836613422,5.685041308403016,8.37744471509932,70.18157995454554
1.0,0.25,1.0,0.0,0.14011861134526707,0.015796056879270437,0.0002495154129331469,0.26420484216674556,0.019155580938745385,0.00036693628110082556,0.6185834495531566,0.06469018963783908,0.004184820635379583,0.6145605839830826,0.06546201291351841,0.004285275134689652,0.4853909447451367,0.09504546293708958,0.00903364002492567,0.8440973417717522,0.07033889144302907,0.004947559649434229,0.8435709523083922,0.07050839656381364,0.0049714339860000055,0.6893549524979171,0.12010340979298331,0.01442482904390128,0.5200994660446658,0.06255706050229905,0.003913385818688304,0.5159871939368071,0.06317826821603992,0.00399149357477788,0.3502426956580826,0.06583223035066142,0.004333882552942547,0.7308292385288496,0.083295653666534,0.006938165919735179,0.7300433348494526,0.08343858900186588,0.006961998134622292,0.5308978662337236,0.09753042168817724,0.009512183154673674,0.0,0.0,0.0,0.0,0.0,0.0,,,,7.209618163108826,9.85574870819699,97.13578259912661
1.0,0.25,1.0,0.25,0.12110041952100341,0.014656703045303827,0.0002148189441582185,0.25093796155223846,0.023723406142654252,0.0005627999990093255,0.5974314111968034,0.04438272819476277,0.00196982656201019,0.593313261642714,0.04486507606334088,0.0020128750501693625,0.44445399347378167,0.05538064326506032,0.003067015648451871,0.8594008294445349,0.06022374928050816,0.003626899977401507,0.8589119141653532,0.06035421609151173,0.0036426314000208935,0.7146272978122389,0.09067965402036293,0.008222799653252724,0.5365775323189081,0.05095462283823062,0.0025963735885863337,0.5327338312367093,0.05137118534406031,0.002638998683653797,0.38516033199949296,0.09764747190311288,0.009535028769069219,0.7997792901379854,0.07551442965617322,0.005702429086297134,0.7991506130089422,0.07573793601387978,0.005736234951642548,0.6416941045174215,0.14426165464300156,0.020811425000336656,0.20004405557874091,0.030918019355337556,0.0009559239208570277,0.3036760973930489,0.0397205579342362,0.0015777227226070143,2.007491404922347,0.07948992765773577,0.006318648599032066,1.420713973045349,0.7728125091028601,0.5972391742258583
1.0,0.25,1.0,0.5,0.1205035164880744,0.017443180906258637,0.00030426456012846585,0.25519649010556966,0.025481688277071268,0.0006493164374498313,0.6366068245948704,0.06427334614831082,0.004131063025100581,0.6329671895920628,0.06498569198389527,0.004223140162625709,0.47833988485381307,0.09320864291734612,0.008687851114493338,0.8892184069261095,0.07823444522292441,0.00612062841933876,0.8888291720941905,0.07846126174110378,0.006156169594005995,0.7726140277858856,0.1424975790715994,0.020305560041266723,0.5638588475021231,0.07310012409751909,0.005343628143072692,0.5603247490250396,0.0737268735097176,0.005435651877517899,0.3802060273251989,0.09723121693425374,0.00945390954651591,0.8315960482963316,0.12913222441429367,0.0166751313821835,0.8310753308104065,0.12946705013296078,0.016761717070130577,0.695945526645248,0.2090199039052914,0.04368932022857725,0.21587030841594732,0.03224946863629634,0.0010400282273234612,0.32806839344865174,0.05309422568588079,0.0028189968011832433,1.4135811661788362,0.14565162039208576,0.021214394522840255,12.396505165100098,11.244291227296817,126.43408520426416
1.0,0.25,1.0,0.75,0.11681420966977447,0.024769667144118584,0.0006135364104304277,0.25656770766184345,0.015906484547848997,0.00025301625067095893,0.6454205402299884,0.0790196074259558,0.006244098357752169,0.641946272034821,0.07984650348656191,0.006375464119029544,0.49695591171017794,0.10542275079064123,0.011113956384265645,0.9022354412478821,0.1210455292814932,0.014652020159036827,0.9019303385421011,0.12125544120478965,0.014702882021768199,0.8085155891832281,0.18742018209701344,0.03512632465727768,0.5527745845121455,0.05859767819624046,0.0034336878899901544,0.5492327131565835,0.05910328666656351,0.0034931984947899845,0.35101094413757855,0.06798950365592114,0.004622572607378514,0.8060253522418304,0.07225437677396368,0.005220694962993901,0.8053984499450569,0.07234032202911385,0.005233122191275895,0.627689574168848,0.08837001586116205,0.007809259703302033,0.21624651123702354,0.025294934122481082,0.0006398336922606578,0.3412741666693333,0.03255512583114443,0.0010598362178816474,1.3372105665482859,0.1322428924930753,0.017488182614935073,6.408819460868836,8.634711323001131,74.55823963156394
1.0,0.25,1.0,1.0,0.0955708817561293,0.02131960445380356,0.0004545255340666405,0.2449158380052483,0.008822453151028534,7.783567960209331e-05,0.6176396170877329,0.05252113413370771,0.002758469530690917,0.6139738170478584,0.05304127569706602,0.002813376927572167,0.44686746106744757,0.06726144917279436,0.0045241025448244,0.9009737988442895,0.0702462733611108,0.004934538921123905,0.9006103250457599,0.07045631595511734,0.004964092457967323,0.7903376126066293,0.13137991668082985,0.01726068250706179,0.5280571009862954,0.07625095427000265,0.005814208027086036,0.5244010960283457,0.07685557467998974,0.005906779359391481,0.3193073582976342,0.07552171965664395,0.005703530139896722,0.798075573618741,0.11251052352674318,0.01265861790426183,0.7974291912903946,0.1127821229610531,0.0127198072596021,0.6248961745635515,0.17195574864540597,0.029568779492202032,0.23254998969284682,0.010430309372255725,0.00010879135360096563,0.31863265396199525,0.006512184497903352,4.240854693473274e-05,1.5308563272416151,0.1897944962064334,0.03602195079025386,3.559090232849121,6.784968479965258,46.03579727412206
1.0,0.5,0.0,0.0,0.27564839062162877,0.03528630143736375,0.0012451230691284988,0.2963175543535803,0.008393048064717287,7.044325581665459e-05,0.7550081370493772,0.09639415478042015,0.009291833075831597,0.7534157213207656,0.09738588737073967,0.009484011058986393,0.5800540878576499,0.12709859006964636,0.01615405159769201,0.7882143963918273,0.08949963391997931,0.008010184471810311,0.7875988887247194,0.08961503372556907,0.008030854269634883,0.6077853774039859,0.12894996457501215,0.016628093363896885,0.6559847467011031,0.06750256057257652,0.004556595683854362,0.6542214057166965,0.06852257632101699,0.0046953434656695995,0.46374931556262516,0.08549336702588273,0.007309115805422291,0.6901232841264056,0.07996178485212069,0.006393887036736837,0.6893210384486185,0.08011101180010158,0.0064177742116360145,0.49185051780939937,0.10184712405620185,0.010372836678519369,0.32594164258567726,0.2250437606474271,0.05064469420633646,0.4440971850256272,0.30654746265718397,0.09397134686155761,,,,0.4689473152160645,0.36569574818475054,0.1337333802404045
1.0,0.5,0.0,0.25,0.25360907595937066,0.04702892445750829,0.0022117197356300213,0.29367811651795034,0.009245989698320327,8.54883255014456e-05,0.7735801635320433,0.061166239003442625,0.0037413087938262656,0.7718221693137974,0.06211677087319714,0.0038584932237132725,0.6273427340789237,0.07658753538287932,0.005865650576023793,0.8431920158920729,0.06498288335855544,0.004222775129591622,0.8426604957730864,0.06512901162907409,0.0042417881557800675,0.6838067000347303,0.1033952610649864,0.01069058001069669,0.6749752732863026,0.09133716185023534,0.008342477134856086,0.6730886496765723,0.09186517734326068,0.008439210808308735,0.5120685617389814,0.15428935876628272,0.023805206228510702,0.7488870876615378,0.15128758647416712,0.022887933821178597,0.7481829273277242,0.15166491214366168,0.023002245575544616,0.5775959033707736,0.23917719920729452,0.05720573262064585,0.24596459413702437,0.26257463582828366,0.0689454393803558,0.3283778781620308,0.34795187038868924,0.1210705041069872,,,,3.2128414154052733,6.7230116246359835,45.19888530499056
1.0,0.5,0.0,0.5,0.2755044637376852,0.046789527982230725,0.002189259928799952,0.28911188539623206,0.02420684439442612,0.0005859713155359591,0.7980519693028397,0.09656827412157488,0.00932543156681963,0.7970744325835681,0.09693780281834599,0.009396937615248529,0.6438718375393965,0.12471445522926003,0.015553695343131104,0.8392916059146621,0.11082024709056684,0.01228112716521429,0.8388142608873205,0.11100446894013637,0.0123219921246817,0.7002046044875819,0.16367464200744558,0.026789388436265472,0.6768823198696908,0.12228851338361969,0.014954480505575731,0.6757106559796818,0.12233547007306067,0.014965967237996723,0.4957538664540837,0.1443192283031202,0.02082803965800813,0.7201580815020333,0.16955315922145217,0.028748273801975113,0.7194329914205182,0.16980434640475234,0.028833516057945128,0.5439410563472602,0.21705015625344873,0.04711077032964651,0.3873424809377294,0.2098639493807111,0.04404287724966967,0.5200299292922995,0.27728379688534727,0.0768863040151545,,,,0.9876498699188232,0.8988777907417754,0.807981282688815
1.0,0.5,0.0,0.75,0.15742021054103836,0.04991438864303599,0.00249144619360804,0.27832815960789903,0.018983796581419222,0.0003603845326447041,0.6655702232973277,0.10482838340324374,0.010988989966937467,0.6620346639722591,0.10616079126091653,0.011270113601143892,0.49604191752283766,0.12727456000541068,0.016198813624570884,0.8095022126057418,0.06714112423659781,0.004507930563754261,0.8088811007962453,0.06730636065671554,0.004530146184851866,0.6205466089159848,0.11720515340808639,0.013737047985413066,0.585047036065144,0.11941045821342916,0.014258857530741112,0.5815229867139274,0.12072026957809244,0.014573383487007312,0.3957205021262561,0.15582765083972136,0.024282256766226112,0.7354847606599232,0.14403239049894498,0.020745329512840572,0.7347552313555233,0.14439912585869588,0.020851107548755493,0.5549476973389417,0.23014817800985227,0.05296818384125465,0.04782608695652174,0.151239366355879,0.022873345935727787,0.06473539407671144,0.20471129051098103,0.04190671246267127,,,,1.500887966156006,1.0644347621377719,1.133021362847295
1.0,0.5,0.0,1.0,0.13068936749938526,0.01992343135976992,0.0003969431171474635,0.267479903434383,0.009279722295537921,8.611324588230359e-05,0.6560346473324542,0.06169999723695929,0.003806889659040784,0.6525633357030867,0.06236228680893989,0.003889054816040478,0.4948207811390032,0.08417850437974062,0.007086020599610009,0.880509937184099,0.06601192520053548,0.004357574268681091,0.8800836158513723,0.06618719995413655,0.004380745437768853,0.7518054170252823,0.11306942504762006,0.01278469488059937,0.5762723684998535,0.08655707109431195,0.007492126556425772,0.5728053723133412,0.08730638740063654,0.007622405280950026,0.3785372950998477,0.1082321836287521,0.011714205573047913,0.7955590856685906,0.13509995516173368,0.01825199788470245,0.7949428651825683,0.1354397929682355,0.018343937519278493,0.6374922527563752,0.2140442193174341,0.04581492782320982,0.0,0.0,0.0,0.0,0.0,0.0,,,,5.341951489448547,8.786035856594467,77.19442607336367
1.0,0.5,0.25,0.0,0.2520519322347071,0.053972331242124603,0.0029130125397096194,0.2942905500093785,0.010064021260287843,0.00010128452392752571,0.7436272902215225,0.05524199217930563,0.003051677699938464,0.7416036317121385,0.056609898898718904,0.0032046806533231756,0.5881186642046605,0.04524645446078322,0.00204724164127173,0.8091026707439586,0.049784622382902224,0.002478508625808169,0.8084988285827988,0.04989316290391256,0.0024893277045563563,0.6333870428549273,0.07689538336819873,0.005912899983342254,0.7241669068199309,0.1313555380050985,0.017254277364608873,0.7223352752244476,0.1324579140057826,0.0175450989827633,0.609839138221718,0.19936645488783175,0.03974698333454185,0.8102291713705494,0.1385964187402745,0.019208967287629514,0.8097200917512145,0.13896122899390315,0.019310223163495985,0.6974973507333739,0.23220269679910766,0.05391809240077832,0.24622168802390307,0.262816613268543,0.0690725722099469,0.328534823954284,0.34810714649757357,0.12117858544268316,,,,2.420717859268189,5.990821573564661,35.88994312628776
1.0,0.5,0.25,0.25,0.23687338613408704,0.06573377874614268,0.004320929668246839,0.2885505995357236,0.01234225018225798,0.00015233113956144716,0.7491006347308609,0.08784840639134742,0.007717342505499329,0.7470637867547774,0.08933616885257314,0.00798095106525546,0.5947313157380795,0.09583953457650365,0.009185216387840839,0.8203758781557514,0.061495381134109475,0.0037816819008293875,0.8197960694111615,0.06164008723294882,0.0037995003540855408,0.6512463191316471,0.10276811644198869,0.010561285757034146,0.6653190888272996,0.1022586660007,0.010456834772242716,0.6631891539135392,0.10339075269463899,0.010689647742763998,0.4942514848816453,0.13661028197843433,0.01866236914222734,0.751842895309514,0.10513272427459283,0.011052889713397561,0.7511470252069095,0.10538215062689624,0.011105397670749846,0.5811635500953164,0.16421930419876843,0.02696797987152764,0.30131485553574927,0.17116973394961618,0.029299077820382387,0.44780889579664124,0.19494594399376045,0.038003921079618384,0.39917439265938937,0.3247836537392347,0.1054844217362071,1.5594380378723145,1.0745803764802089,1.1547229855163474
1.0,0.5,0.25,0.5,0.22591974249832297,0.07054474501622397,0.004976561049404056,0.2824610247839626,0.02082135623108401,0.00043352887530170094,0.7396786174220243,0.10072618076739946,0.010145763491986834,0.7378186032142647,0.10160190643845944,0.010322947391929467,0.5814459536847998,0.12690882968028472,0.016105851050819513,0.820950420096295,0.11610110846151744,0.013479467385993038,0.8204257018264126,0.11631270942523693,0.0135286463738396,0.6662769162573183,0.1820910330951268,0.033157144333650565,0.6777685900036506,0.10153165994361898,0.010308677970906684,0.6758387128385748,0.10255839160675125,0.010518223688963746,0.5062908269659276,0.14095675264349586,0.019868806115799675,0.7817475491231884,0.10158247672292145,0.010318999577162877,0.7811467455389635,0.10177902370855949,0.010358969667067513,0.6263321875002041,0.15138044161734915,0.022916038104263653,0.3120212979729982,0.19105662370445284,0.03650263346134489,0.46163573467097085,0.20635876304062192,0.04258393908365555,0.37033559725602716,0.3070981053083113,0.09430924628395464,1.2545746326446534,0.9009651821283458,0.8117382594075632
1.0,0.5,0.25,0.75,0.16115179488389414,0.04906388735830015,0.0024072650427079648,0.28220608683820486,0.021930243412473634,0.00048093557613034324,0.7251275194943417,0.08411398813116054,0.0070751629993290165,0.7223784693136179,0.08513382408061053,0.00724776800258834,0.5756335662011927,0.10646669629170905,0.011335157419271012,0.8833995325119929,0.0685493935270673,0.004699019352928737,0.8829868653267882,0.06873275829722954,0.004724192063145376,0.7634099006359134,0.11865088500565082,0.014078032512624175,0.6261562693600389,0.078944977260551,0.006232309434668915,0.6231658600367183,0.07986310778739357,0.006378115985460844,0.4211010227855942,0.0883513887178741,0.007805967888376889,0.7788840509075433,0.08258797161239774,0.006820773055050216,0.778189898064676,0.08276114126248227,0.006849406503068544,0.5992389638043053,0.11998321084419544,0.014395970884482658,0.22196469024029816,0.11966781462764378,0.014320385857756114,0.38042288608475694,0.13610629796327034,0.018524924345266525,0.8529169449323735,0.2697012496696356,0.0727387640733631,0.8447288274765015,0.3370963242193679,0.1136339318022092
1.0,0.5,0.25,1.0,0.1372414084516949,0.0166406326925432,0.0002769106564081375,0.2695485759726389,0.01824804222010981,0.00033299104486691025,0.697137034470624,0.05756595677995853,0.0033138393799920533,0.6941534024649941,0.058160304811418116,0.0033826210557570653,0.5400432688521599,0.07241036789108357,0.005243261378122067,0.9304569050384396,0.06880079393322629,0.004733549245842268,0.93019186285585,0.06903413132321846,0.004765711287551372,0.8473248773491047,0.1404006221600215,0.019712334702921122,0.6355283614637852,0.0541044755812735,0.002927294277924621,0.632625061400551,0.05455044676273888,0.002975751242014409,0.42911223404650195,0.07226338561150236,0.005221996900036686,0.8827744119422493,0.08087288230014866,0.006540423091533698,0.8823506714034834,0.08114676725100815,0.006584797835289289,0.7593097658046501,0.15706843153718758,0.02467049218555218,0.14753393144697488,0.02993897476170089,0.0008963422097817628,0.3079955382432235,0.05173824776456397,0.0026768462817474085,1.4183252271848128,0.09954294678587992,0.009908798254816522,3.8572176456451417,6.568936682310162,43.150929136200034
1.0,0.5,0.5,0.0,0.23467527222709744,0.059247602673078104,0.0035102784225069317,0.2819486851913268,0.031434565712705094,0.0009881319215463745,0.7513864417749527,0.09306730885428759,0.008661523977379355,0.7495916743191431,0.09379364561474096,0.008797247957703615,0.5953793540142203,0.12418480509413744,0.015421865816268905,0.8304337109294467,0.10898614840686353,0.011877980544562884,0.8299417547153084,0.10917089639994129,0.011918284620766714,0.6902780535779913,0.162551012905623,0.02642283179664401,0.6603816994137723,0.07545449531898482,0.005693380863842703,0.6583834138891821,0.07637422377542008,0.005833022057297942,0.47654879144519713,0.09560388318436022,0.009140102479928795,0.741546369597617,0.1010380795795816,0.010208693525129863,0.7408458716465405,0.10122102604754799,0.010245696114118387,0.5693414035014042,0.140705274128838,0.019797974167671446,0.24894307307681257,0.26659698335037235,0.0710739515315187,0.3311057104136804,0.35138594735677775,0.12347208399982017,,,,0.9140918254852295,0.34404446551723117,0.11836659425303726
1.0,0.5,0.5,0.25,0.1843753079152784,0.05970215995790439,0.003564347903639203,0.2906050605565508,0.010815034200870785,0.00011696496476600477,0.7013632795966547,0.08610482791274085,0.007414041389882715,0.6986181234402432,0.08669427155083438,0.0075158967197298115,0.5388447348585392,0.10540668478207343,0.01111056919674739,0.8136071312128645,0.0947282192405093,0.008973435520477996,0.8130474138854215,0.09483924376734715,0.008994482158362294,0.6472154198484105,0.12034298537990365,0.014482434130147702,0.6352091714179007,0.11453753126414729,0.013118846068085516,0.632608100635973,0.11467114004756367,0.013149470359807961,0.4715457503152306,0.1414043492164634,0.019995189977331528,0.7899932301826705,0.17276920073423402,0.029849196722346052,0.7894585156106061,0.1730495100554343,0.02994613293042586,0.6657875066199594,0.24271450821078305,0.05891033249600228,0.31131555972083846,0.1277304341476855,0.01631506380755622,0.4347377287366873,0.14342411182709788,0.020570475853391883,0.5303002052595636,0.2448856463407776,0.05996897978374041,0.9273761510848999,0.3555332831913972,0.12640391545685425
1.0,0.5,0.5,0.5,0.22705265561923707,0.07518484518228742,0.005652760945084528,0.28819103598285234,0.012140799539435419,0.00014739901345675528,0.7449846203197732,0.11162359088180097,0.01245982604134768,0.7433382255870571,0.1119842909228515,0.01254048141349384,0.5878658527029159,0.14443259431861225,0.020860774301604823,0.842117623404914,0.1374617743485022,0.018895739407038543,0.8416787454683483,0.1376428568664911,0.018945556046369355,0.7084790985617639,0.18940301866402104,0.0358735034790435,0.6249438471485145,0.14499146912764216,0.021022526119792013,0.623078392676941,0.14502667237698705,0.02103273570074194,0.435872149227194,0.15439950874718103,0.023839208301370828,0.7229092969456267,0.19896809771602608,0.03958830390873411,0.7222158098154147,0.19918826484038915,0.039675964850125006,0.549166676241432,0.23547612054005576,0.05544900334459488,0.3220832559375027,0.18976425462903868,0.036010472334914626,0.47258857470609844,0.20326800186792154,0.041317880583377355,0.2293884661854416,0.16150390935978295,0.02608351273849299,1.112913680076599,0.6093112367373551,0.3712601832144052
1.0,0.5,0.5,0.75,0.2151617739656125,0.08525548664981047,0.007268498003896011,0.2876880765306714,0.013292979804197405,0.00017670331207480006,0.8036246506010134,0.11971760593983682,0.014332305171966054,0.8019137232556164,0.12121900057314929,0.014694046099953166,0.6638759057117579,0.14566183960056864,0.021217371515821787,0.8879597624097834,0.0706873804887963,0.00499670576036786,0.8875442600945977,0.07089001427272866,0.005025394123587674,0.7596202159547067,0.13373526390099916,0.01788512081066989,0.7035331071570393,0.10736963610138045,0.01152823875654286,0.7016029483188737,0.10872892556926637,0.011821979255447066,0.5048905569867898,0.1221089222356077,0.014910588889541686,0.8085140697630449,0.09060359070147521,0.008209010648000446,0.8078914994171271,0.09085094326857608,0.00825389389279003,0.6371501906375903,0.14941093968836647,0.022323628898560686,0.3256697567368341,0.15727452983231047,0.024735277733974312,0.49081114338551385,0.16661292105107744,0.027759865461172564,0.2976404699876636,0.20572609492858407,0.04232322613456478,1.760758113861084,0.9564899417241667,0.9148730086194998
1.0,0.5,0.5,1.0,0.12157189166565614,0.022645193230802385,0.0005128047764603781,0.2711326463813554,0.014833173115372338,0.00022002302467060472,0.688724836958085,0.0762787744206638,0.005818451427118515,0.6856964052394485,0.07704474846198739,0.005935893265570908,0.5161187213905423,0.08737984165602439,0.0076352367278318956,0.9113689509651112,0.07658788656885089,0.005865704369083171,0.9110486745532136,0.07682441194011806,0.005901990269944954,0.8156806224114627,0.1451073340921437,0.021056138407329013,0.5908998682544335,0.08821063759417658,0.007781116584771157,0.5876820786004623,0.0889294340825295,0.00790844424623896,0.3695346289547584,0.08621389997271664,0.007432836548505591,0.8108535160588728,0.11587449362572186,0.013426898273017455,0.8102444609540106,0.11614921412586368,0.013490639942055732,0.6456229633034168,0.17340483702998769,0.03006923750539659,0.17089012485551774,0.04049374824915173,0.001639743647265679,0.339939141172115,0.06213916222106576,0.0038612754815359265,0.8422311370742351,0.07575322575416725,0.005738551212161828,1.0554542779922484,0.5594704035870972,0.3130071324899094
1.0,0.5,0.75,0.0,0.14933613578919608,0.019857782302996074,0.000394331517993184,0.27483919841861254,0.017352981901952936,0.0003011259808895062,0.669496346714479,0.0731723736666523,0.005354196268012191,0.6660229720710786,0.07399756606130155,0.005475639782996686,0.5244075348968988,0.09690444179799185,0.00939047084018039,0.8616565734711094,0.07270100673306681,0.005285436380001427,0.8611975592357434,0.07289220256925957,0.005313273195397972,0.7301156234184323,0.12302337763830412,0.015134751445536788,0.5744741613494814,0.07613156444904762,0.005796015105459492,0.5708435365260177,0.07684260029992018,0.005904785220853294,0.38610914008895575,0.09001291093451229,0.008102324134904441,0.7515179119906507,0.09847241147751447,0.009696815822196923,0.7507910027007557,0.09866786259562167,0.009735347109188478,0.5703196884880113,0.13876921713020138,0.019256895622928975,0.0,0.0,0.0,0.0,0.0,0.0,,,,1.985688328742981,0.9086127107749123,0.8255770581817344
1.0,0.5,0.75,0.25,0.14137468407019932,0.021565362626435287,0.00046506486520965187,0.26170402314507635,0.024538926283216016,0.0006021589031331097,0.6856980058161313,0.0739089256210744,0.005462529286461507,0.68249931439716,0.0747098002416961,0.005581554252154135,0.5332238565035936,0.0909922771523065,0.00827959450136216,0.9022030627941939,0.07070334278797963,0.004998962681394551,0.9018454067890508,0.07091364333812412,0.0050287448114866755,0.7955609901545883,0.13070882629437358,0.017084797271252724,0.5788857001787037,0.07716871219672523,0.005955010142101009,0.5754115166511068,0.0778637173281965,0.006062758476165287,0.3691135054212627,0.07506992612218047,0.005635493807989634,0.7767285688526483,0.08793005410198047,0.007731694414377214,0.7760092316353306,0.08809628604217301,0.007760955614424368,0.5844705820305663,0.11057104329842682,0.012225955616102579,0.2250253007333299,0.07286233589706217,0.005308919992376316,0.347665294196169,0.08892840799219304,0.007908261748025941,0.975033170779891,0.10370628252647703,0.010754993035461475,4.711741256713867,7.139635891782669,50.974400667231315
1.0,0.5,0.75,0.5,0.1245780641330591,0.015739512922399942,0.0002477322670343947,0.25885673257530206,0.03156097837756556,0.0009960953561491607,0.6729023605848959,0.05481653785320766,0.0030048528222121488,0.6696303784816521,0.055407997089231845,0.0030700461414403246,0.4955294312371685,0.06027683967139045,0.00363329740077051,0.8943260977912916,0.08232348562286666,0.006777156285098334,0.8939374667413087,0.0825748452157053,0.006818605062397688,0.7727817303518092,0.1602728535466344,0.025687387583980918,0.5785442208615152,0.05112267484052339,0.0026135278828498826,0.5751309254751875,0.051567606580158284,0.0026592180484059837,0.35104273836893896,0.037575196469595146,0.0014118953897286754,0.7935321640776939,0.07392946134114321,0.005465565254191589,0.7928497305609422,0.0740920004347845,0.005489624528428107,0.6016951518048105,0.0988175692072248,0.009764911984024663,0.3196423827740399,0.09920178962349563,0.009840995064504286,0.47524628763225235,0.10565086545573976,0.011162105371546827,0.3678011281640957,0.09118329448592209,0.00831439319330639,3.701595592498779,6.923494178616771,47.93477164134031
1.0,0.5,0.75,0.75,0.12521831604013983,0.01870129093455203,0.00034973828261875787,0.26609379661191,0.01672978134551687,0.0002798855838688043,0.7025208889126955,0.05670502093080082,0.003215459398762559,0.6996076006108398,0.05728671441100893,0.0032817676480084985,0.5335563589873639,0.06932446172982283,0.004805880994129671,0.9231759142737896,0.06404460037957443,0.0041017108377793855,0.9228815354494202,0.06425717326744451,0.004128984316322385,0.833576593659998,0.1281941661380408,0.01643374423182761,0.6115826463173697,0.06209669923672726,0.003856000056096564,0.6085058132257904,0.0626157922760176,0.003920737442353385,0.3865240786262725,0.07394608299295474,0.0054680231900009505,0.8256600565383672,0.09961430012021401,0.009923008788440067,0.825070202604042,0.09987298599579533,0.009974613331716332,0.6615428014299611,0.15803628566926875,0.024975467588138716,0.2310015435639814,0.09201927807465772,0.008467547537381182,0.40014466261896403,0.10668451845741224,0.011381586478489933,0.4601224048021364,0.0926379186978773,0.008581783980674523,3.786015844345093,8.705880325099923,75.79235223496194
1.0,0.5,0.75,1.0,0.1167293631368854,0.012914326383978181,0.00016677982595191497,0.27506086821459136,0.018197111520627078,0.00033113486769413867,0.6955106311555136,0.055175042382008585,0.0030442853018564434,0.6925925392841872,0.055714668040662475,0.0031041242348812162,0.512117078190315,0.05835083640179001,0.003404820108788462,0.924877196539953,0.03972745892322412,0.0015782709924964601,0.9245669655375772,0.03989162387059458,0.0015913416550329908,0.8280931181096148,0.0914145404433761,0.008356618204473644,0.6037479751524828,0.06094802460340481,0.0037146617030572376,0.6006797900363381,0.061431751318876675,0.003773860070104306,0.3607646831338892,0.05046455454127038,0.002546671265048853,0.8280534641920145,0.07672919776604982,0.005887369789821586,0.827447133939972,0.07697826768178442,0.005925653695288456,0.6585704596984432,0.13921594229168902,0.01938107858816289,0.23135812236320516,0.06687750712294521,0.004472600958979587,0.41744861070115613,0.09230454348311566,0.00852012874762639,0.6657181193296062,0.07185235223828916,0.005162760522175177,5.972338461875916,9.090281297232957,82.63321406282328
1.0,0.5,1.0,0.0,0.11611447876163823,0.011612499560171203,0.00013485014603497637,0.23863543532852455,0.028528212015806752,0.0008138588808188209,0.5971463597355479,0.04016975752049997,0.0016136094192557638,0.5930407809607443,0.04060535016947816,0.00164879446238594,0.44579986541129085,0.039664738254146716,0.0015732914607699698,0.8696855492917133,0.07079869457410876,0.005012455153397937,0.8692371599954367,0.0709852578133688,0.005038906826830436,0.7366725648671617,0.12055186050926214,0.014532751072244597,0.5407319752596011,0.0743520699587641,0.005528230307152952,0.5369360153601919,0.07497174622334106,0.0056207627317770535,0.39027685632290343,0.11742116669795058,0.013787730388707899,0.8303374686838441,0.1481190723569201,0.021939259595874533,0.829851600181625,0.1484990795197032,0.02205197661819913,0.7105843186829669,0.23752903436032888,0.056420042164150294,0.0,0.0,0.0,0.0,0.0,0.0,,,,6.122582745552063,8.476935532712663,71.85843602576652
1.0,0.5,1.0,0.25,0.10547430366408443,0.01715183583975124,0.00029418547267377515,0.2349903647443595,0.024175925603917795,0.000584475378806168,0.5859233508904216,0.05533389143270632,0.00306183954108653,0.5817829800729408,0.05591810357113398,0.0031268343069920665,0.4221841433422056,0.06496362654194004,0.004220272773480657,0.863943251826084,0.08150745322568036,0.0066434649313364715,0.8634744588690033,0.08173332614035075,0.006680336601964943,0.7230367263709513,0.14867538164160152,0.022104369106275865,0.5220071470100519,0.07716665438354864,0.005954692548750046,0.5181351048769658,0.07780704710111924,0.006053936578595788,0.34356530065451213,0.10318848589230932,0.010647863620747319,0.8268015634439374,0.1245074535607355,0.01550210599217871,0.8262844114551522,0.12483398962065756,0.015583524964610438,0.6907700384618488,0.20401906250242657,0.041623777864369035,0.23801938418448598,0.012269200182692586,0.0001505332731229838,0.36374079315075714,0.026036574904695325,0.0006779032327678104,1.3889596035619283,0.0816984062941534,0.006674629591004564,5.816284036636352,7.908840054239282,62.549751003539605
1.0,0.5,1.0,0.5,0.11107101675359513,0.013333428997578771,0.00017778032883347444,0.24458908000402863,0.015505999588979932,0.00024043602325344584,0.6304745406712973,0.03786871516699825,0.0014340395883992436,0.6268606237608151,0.03826788524079138,0.001464431040802379,0.4807941616616108,0.05106595166021183,0.002607731418963091,0.9044328869791121,0.05034528417875349,0.002534647639039446,0.9040613611483105,0.050494928478862,0.0025497378020853884,0.7911171863172525,0.09489486403390608,0.009005035220013523,0.5486882994197073,0.05955699068347593,0.003547035139271639,0.545118405844023,0.060039490321783295,0.00360474039809951,0.36620549320416557,0.07933171722033795,0.006293521357127665,0.850907697018838,0.08981709684910798,0.008067110886402043,0.8503983086959002,0.09012545645678263,0.008122597901543422,0.714041203202844,0.17385241473869958,0.030224662110476808,0.31800381857285276,0.03135179760207504,0.0009829352128814786,0.4384980982368347,0.06088388569470939,0.003706847537286439,0.6173021686883414,0.05515175755767447,0.003041716361700503,13.763966083526611,10.651429969315055,113.45296039122293
1.0,0.5,1.0,0.75,0.09550857654686098,0.018779385599238776,0.00035266532348489675,0.2407391197463078,0.011731930848454475,0.00013763820143291775,0.6085730340756871,0.04754340251424765,0.0022603751226317696,0.6048050301844459,0.048007854029077826,0.002304754048477244,0.44426391880975435,0.05829313802634764,0.003398089940958817,0.8929433971877903,0.05872560839697409,0.003448697081594754,0.8925459010707645,0.058886906221948865,0.0034676677243925995,0.7722754794772456,0.10382881524582593,0.010780422875351857,0.5274674320520749,0.06648002535531865,0.0044195937712438104,0.5237909689733703,0.06700110194880961,0.004489147662354779,0.3262141632431831,0.0715719156702601,0.005122539112710823,0.8111390068671331,0.12347023370758343,0.015244898611805273,0.8105452661343323,0.12379536203846511,0.01532529166223465,0.6556094573182545,0.20159807884671302,0.04064178539468552,0.34142719730835813,0.07954090032350894,0.006326754824274385,0.5092235574412726,0.09637632425936363,0.009288395877746002,0.4757524553250113,0.04397327844018818,0.0019336492167783186,1.870304822921753,0.8879605292552588,0.7884739015152794
1.0,0.5,1.0,1.0,0.08813627367117556,0.017619016112852635,0.00031042972878496074,0.23907731560263706,0.011951163650602692,0.00014283031260348705,0.5977924797280066,0.057018214910949105,0.003251076831631179,0.593963617339013,0.057578490070067524,0.0033152825187488647,0.42680892573205587,0.06413155166999228,0.00411285591960089,0.8877080507125301,0.08099421572176496,0.0065600629803837995,0.8873128100754057,0.08123168035916703,0.006598585893973882,0.7671794424452908,0.15212153249162805,0.02314096064760145,0.5098900790293952,0.0832039631756624,0.006922899488136983,0.5061214692579252,0.08385965671903704,0.007032442025034734,0.3034515056321999,0.0702134476074218,0.004929928224920166,0.8042660014061866,0.14415974872807827,0.020782033153342667,0.8036730372300843,0.14451832674948112,0.02088554676646979,0.6486809720481219,0.2267180930267475,0.051401093705684936,0.32750914519425656,0.0938698624666121,0.008811551079500669,0.5288416379623235,0.04930143650661497,0.0024306316416157873,0.5887113148008905,0.08296362554604936,0.006882963163745093,5.90950403213501,8.172205417681642,66.78494138878519
1.0,0.75,0.0,0.0,0.2069788351669044,0.052150009853939715,0.0027196235277660093,0.29012395802964075,0.01221019022041813,0.00014908874521879452,0.7092726920234833,0.10697155799994275,0.011442914220935114,0.7061526840989618,0.10860489003303089,0.011795022139086734,0.5647176166223009,0.12131972977615399,0.014718476832959024,0.8071531645072356,0.09523778513241123,0.00907023571692733,0.8065913415421955,0.09535852392451614,0.009093248085062518,0.6470127945516362,0.13068335984743135,0.01707814054101323,0.6550262130587196,0.09185576204510928,0.00843748102088774,0.6521450284527716,0.092961610894196,0.0086418611000439,0.5129047640945549,0.1044236997292734,0.010904309065149453,0.7888594186080538,0.10348339381648908,0.01070881279577857,0.7882972119861148,0.10370806654707568,0.010755363066932679,0.6573670147873577,0.1706506277219535,0.02912163674189676,0.09296007109756872,0.1959866899566613,0.03841078264016848,0.12683353877572126,0.2673975913297486,0.07150147184895124,,,,3.578240990638733,8.634093528143035,74.54757105272145
1.0,0.75,0.0,0.25,0.2269705999596705,0.06704720355175128,0.004495327504109969,0.28995720769932154,0.014567380706887326,0.0002122085806593931,0.7374856121134306,0.1242664637394024,0.01544215401029621,0.7353304426973979,0.1253983180073486,0.01572473815907213,0.5885440341387949,0.15435764726528536,0.02382628326927426,0.8419631521337297,0.11726168059647585,0.01375030173630992,0.8414773601696194,0.11747252614690033,0.013799794399334181,0.6923537810010799,0.18429004241585584,0.03396281973363795,0.6392833707226705,0.13066424806892987,0.017073145723418844,0.6370323543654719,0.13112053637278653,0.017192595058687237,0.4590997028952312,0.1474490314306204,0.02174121686982809,0.7499601960000076,0.1701264246496428,0.02894300036407059,0.749286174843079,0.1703796824874467,0.02902923620452315,0.5742191522987874,0.21935155482465896,0.04811510460399536,0.2140593955437328,0.28098662834591315,0.07895348530920432,0.2773946722837957,0.360780759005913,0.13016275606888267,,,,1.2188825368881226,0.915027482444209,0.8372752936281871
1.0,0.75,0.0,0.5,0.17514719343477828,0.06691289265550203,0.004477335203526738,0.28132613925028577,0.01196040637967553,0.00014305132076698312,0.6945272686697953,0.12168311362534513,0.014806780141558654,0.6914949997411102,0.12329957916728825,0.015202786222830382,0.5464543565069789,0.13624113709963773,0.018561647438202284,0.8213424785369059,0.11663554123169029,0.013603849478409325,0.8208194652266576,0.11684738335868652,0.013653310997771851,0.6676746545682958,0.18278113017740152,0.0334089415489282,0.612823316853618,0.09018940037331434,0.008134127939697993,0.6098062445822254,0.09135710112612454,0.008346119926168946,0.42425109118194093,0.09436527887492992,0.008904805857143294,0.7570586621263635,0.10063743334627853,0.010127892990526653,0.7563955887125788,0.10081705946780123,0.01016407947973417,0.5851427991448988,0.13653179022946574,0.018640929743262834,0.09358879882092852,0.19736244335635314,0.0389519340475897,0.12740076101724895,0.26862870015613916,0.07216137854757691,,,,1.6222459316253661,1.1277696074754158,1.2718642875452535
1.0,0.75,0.0,0.75,0.17161751378450002,0.06770225569654093,0.004583595426399808,0.2858055071470278,0.012962733275074297,0.00016803245396071842,0.7387709510183338,0.09837023427937659,0.009676702992179438,0.7362225683343363,0.09960621953605801,0.009921398970265385,0.5927847785426882,0.11682638258517565,0.013648403667937833,0.8701874005575482,0.07138405832435936,0.005095683782855538,0.8697416393156019,0.07157213267080574,0.005122570175047419,0.7387329561398037,0.12164905715646385,0.01479849310705661,0.6496478340784855,0.09668728877345005,0.00934843181036052,0.646957310462634,0.09783701820920968,0.009572082132069224,0.45339227150133105,0.11340203819928629,0.012860022267752388,0.785067144446602,0.12041902220688891,0.014500740909263204,0.784424443234234,0.12071116157649288,0.01457118452914617,0.6228433770614881,0.18923906476497912,0.035811423633123965,0.09389350268685882,0.1979882825086085,0.03919936001070857,0.1276864151115648,0.26921945272281317,0.07247911372437105,,,,5.0703106164932255,8.309252068374803,69.04366993579096
1.0,0.75,0.0,1.0,0.1233358169885542,0.023098053747475315,0.0005335200869212585,0.26573364254572585,0.017297442670052208,0.00029920152292374285,0.6737224695965849,0.0823672474873756,0.006784363458646582,0.6704983304390458,0.08321916592967472,0.006925429578030735,0.5075846361368465,0.09726881544809421,0.009461222458675412,0.8976448053233688,0.09322504297425144,0.008690908637551028,0.8972929923591509,0.09350810226203524,0.008743765188647239,0.7943553736677945,0.1785966264247835,0.03189675497031367,0.5901582589967527,0.07222712561065667,0.005216757673977577,0.5868834755908098,0.07283877384929117,0.005305486975868184,0.37553906313433016,0.06418043135768688,0.004119127769258758,0.8225962409525363,0.07862908153127211,0.006182532462451438,0.822018126709299,0.07881106567099584,0.006211184072198019,0.661370176647833,0.11637357185888175,0.013542808227194315,0.0,0.0,0.0,0.0,0.0,0.0,,,,1.7046931028366088,0.9270866441346428,0.8594896457328338
1.0,0.75,0.25,0.0,0.16446571679017613,0.01543198088595335,0.00023814603406442956,0.270198776937496,0.02816541757109639,0.0007932907469542252,0.6737595610412036,0.05643319077829208,0.0031847050214191103,0.6701702146879069,0.05715683598909963,0.003266903900284835,0.5131823597354241,0.07263133426996912,0.00527531071783599,0.8367158340289477,0.058019796710304876,0.0033662968103051042,0.8361779890314619,0.058141540627958704,0.003380438746592573,0.6801521027562197,0.08417107287701685,0.00708476950926808,0.6014419415004543,0.09413331589184509,0.008861081160793895,0.5978639814826758,0.09506781661643149,0.009037889756215447,0.4216815949850551,0.14488682485930857,0.020992192017811953,0.7687203745935911,0.12920366630086277,0.016693587385584702,0.7680703737734363,0.12952781255239043,0.01677745422460719,0.6142299055459135,0.2094841984142582,0.04388362938526429,0.0,0.0,0.0,0.0,0.0,0.0,,,,1.3764202117919921,1.1010644424391123,1.2123429064037534
1.0,0.75,0.25,0.25,0.19225676003115982,0.0709686117244108,0.005036543850090178,0.2789693809005401,0.028321183409715036,0.0008020894297267182,0.7005698932985294,0.09325279121619828,0.008696083069611869,0.6979551743329956,0.09412313214750834,0.008859164005257318,0.5225067042220249,0.12272729595677678,0.015061989172862278,0.8153105176492268,0.10196832641445426,0.010397539591764692,0.8147598576020576,0.10211647882955081,0.0104277752485461,0.6554124043474951,0.1489162905314086,0.02217606158563489,0.5822084108412957,0.10746402410115055,0.011548516476012667,0.5793462449630405,0.1079342272889207,0.011649797420456395,0.37243269051211525,0.10699196046740538,0.011447279604658835,0.694086187907214,0.1330783707267772,0.01770985275529355,0.6932921906077418,0.1331903854238676,0.017739678769358405,0.49790083641138033,0.13580625288912224,0.018443338323784222,0.3017790459997236,0.16008020398329992,0.025625671707334912,0.44438537163710673,0.18417883816183983,0.033921844426645184,0.9262039796342634,0.5929740620458127,0.35161823825911137,1.512996530532837,1.0738005661300594,1.153047655821236
1.0,0.75,0.25,0.5,0.16277953732904343,0.05065416160385814,0.002565844087789776,0.2748386283302178,0.009119797909074885,8.317071390236666e-05,0.7306731257976604,0.0779164453350277,0.006070972453646359,0.7280998677097024,0.07889388813549104,0.006224245585135374,0.5895479737988395,0.08739592987162248,0.007638048558125554,0.9008925565075332,0.09620701723371602,0.009255790165008533,0.9005738411011259,0.09649549364390915,0.00931138029358171,0.8118292946551163,0.17608055228108466,0.031004360891611786,0.6225071057315069,0.08108516090646747,0.006574803319227721,0.6196192594733385,0.08189859734161424,0.006707380246523864,0.4161825564196323,0.0719359490067782,0.0051747807595057945,0.7746101374513449,0.11949481222247853,0.014279010148085405,0.7739321914187497,0.11971928270725671,0.014332706651940055,0.5955069903657594,0.14848467065616136,0.022047697419868704,0.22571235859889982,0.08735253699456311,0.007630465719386515,0.39550611488835896,0.099127021705758,0.009826166432253819,0.7802540053165719,0.2622679672930982,0.06878448666805362,1.821470594406128,0.8410926827930914,0.7074369010480798
1.0,0.75,0.25,0.75,0.2029395733458411,0.07757400149402813,0.006017725707795478,0.27728013569680365,0.01410905760148157,0.0001990655064019249,0.7942782498219839,0.10553597200684162,0.011137841387428857,0.792469397870769,0.10683730415975748,0.011414209560124533,0.6583640124194354,0.11685646598364342,0.013655433642186413,0.9336069345985246,0.04595722738096134,0.002112066748545383,0.9333325016087125,0.04614729317785375,0.002129572667642787,0.8466715089016865,0.10667007155199845,0.011378504164908468,0.6880473625907453,0.09772951131057488,0.009551057381003782,0.6859492556111033,0.0989593066449394,0.009792944371647148,0.48027542700837583,0.10362003308923445,0.010737111257414044,0.8158968400150025,0.056424232191067326,0.003183693978351478,0.8152400276127605,0.05658370299526939,0.0032017154446568577,0.6285456948344648,0.08641629459870777,0.00746777597217065,0.3133488031265266,0.13567030928189563,0.01840643282064522,0.49857315789736656,0.12144002046081792,0.014747678569523874,0.5899625735405596,0.4180675593955982,0.17478048421899203,1.7539018392562866,0.766203022462225,0.587067071630249
1.0,0.75,0.25,1.0,0.11103031126776582,0.023380568103957344,0.0005466509648637875,0.26636643301275903,0.013962563379310436,0.00019495317612126087,0.6618553064494297,0.06769370663604402,0.004582437918126789,0.658564299466224,0.06837853602148605,0.004675624188441665,0.4823970945038713,0.07600303387334674,0.005776461157953092,0.8890789340549616,0.07748335753717717,0.006003670695234029,0.8886886514478206,0.07770806236317385,0.006038542956238915,0.7712575636115383,0.14133188208975192,0.019974700895031536,0.5883090219389648,0.07457013560179537,0.00556070512367015,0.5850693374276115,0.07518102077461912,0.0056521858847137126,0.3634349929455111,0.0756951672077073,0.005729758338602768,0.8313733283719671,0.12921712662471999,0.01669706581314892,0.8308511579860933,0.12955351090456454,0.016784112187699127,0.6949760215848481,0.21042564334686947,0.044278951377943916,0.20157950275703893,0.016771236343632277,0.0002812743684939722,0.3629070726008925,0.0034572909686029565,1.195286084158357e-05,1.3319110954046038,0.1552229183740309,0.02409415438855106,4.082507061958313,6.525444058585785,42.58142016173253
1.0,0.75,0.5,0.0,0.164566972074994,0.04827982353164011,0.00233094136024631,0.2707210186048207,0.02327601624563502,0.0005417729322670653,0.689750483976794,0.05836735599538452,0.003406748245891949,0.6866574151984643,0.05930059698254102,0.0035165608024857525,0.5351287751425937,0.0626686413361593,0.003927358606920174,0.861317062354529,0.058437468622241556,0.003414937738975466,0.8608351214023194,0.058562308306762643,0.003429543954216321,0.7194973217073384,0.0878506919059367,0.007717744068351811,0.6098675113679738,0.08173047339955292,0.006679870282115026,0.6067589223540373,0.08254643360180255,0.006813913700376799,0.4300261703174419,0.11125040154762565,0.012376651844507949,0.7970380762525261,0.13489872060418573,0.018197664820646164,0.7964453839570831,0.13524904269148386,0.01829230354896282,0.6522039531281066,0.2204647502368165,0.04860470609698188,0.04689265536723164,0.14828759649377146,0.02198921127389958,0.06388251774086787,0.20201425872725665,0.040809760729122985,,,,1.2823346376419067,0.9258026545142009,0.8571105551055407
1.0,0.75,0.5,0.25,0.19473968061647767,0.06747644086134486,0.00455307007131457,0.2743622459424485,0.02276612231367652,0.0005182963252012799,0.7673016861402485,0.08219804180489894,0.0067565180765599125,0.765213901452005,0.08329706765487489,0.006938401479900806,0.6228349192010336,0.0968671192969591,0.009383238800891307,0.9140013933260758,0.055899193241084576,0.003124719805004115,0.9136682037796101,0.056080941071931026,0.0031450719515134003,0.8116434729321341,0.1106321629188689,0.012239475472107152,0.6793974056455904,0.07444119389759465,0.0055414913488992835,0.6771780277222539,0.07530445887304386,0.005670761526161955,0.48396846568891316,0.09686948281560023,0.009383696700961869,0.8372946499793986,0.10968701845650837,0.012031242017878408,0.8367520110686495,0.1099961494710494,0.012099152898457439,0.6888852434900332,0.1861301111771973,0.03464441828683582,0.293677833732646,0.12028317078198639,0.014468041173368505,0.4579828387682371,0.123640920890828,0.015287077318731988,0.685348455253893,0.404939579992002,0.16397606344409896,3.5212958812713624,7.1543365288100595,51.18453116746598
1.0,0.75,0.5,0.5,0.18884943810315066,0.08162656085895824,0.006662895437661212,0.2726092217180896,0.035347799492283706,0.0012494669289466922,0.7736945909927284,0.11503007115143053,0.013231917269103171,0.7716135186776374,0.11640817477376811,0.013550863154160141,0.6244839417448995,0.14787442822543106,0.02186684652299816,0.9437850060045454,0.0485267873547305,0.0023548490909712314,0.943552884938922,0.04872727241714622,0.002374347077214779,0.8713047853195978,0.11163755312509704,0.012462943267758864,0.686035922539321,0.1122495737882213,0.012599966815637338,0.6838088378406667,0.11349336663850844,0.0128807442709429,0.4791227035974065,0.12826577287093083,0.01645210849017721,0.8512646577411358,0.07666968583180324,0.00587824072554741,0.8507236240705254,0.0769133683099213,0.005915666224777608,0.6934976909347996,0.13632360818604267,0.01858412614886168,0.32213081861958265,0.12820430685169862,0.016436344295324496,0.500280790342868,0.12462658836044153,0.015531786526362942,0.290475618364423,0.13536476155927193,0.018323618671998547,1.6171961545944213,1.0273319326226622,1.0554108997862142
1.0,0.75,0.5,0.75,0.22604411723983117,0.0914134696611609,0.008356422435491985,0.29234617031206006,0.011194334672271324,0.00012531312875481592,0.7930184588320237,0.1290151565286418,0.016644910614109942,0.7915532820937984,0.13001263469656757,0.016903285180743126,0.6381072514992399,0.17365798970554513,0.03015709738857122,0.8534720693433924,0.1212058014103176,0.014690846295517347,0.8530132864848984,0.12143042788973991,0.014745348817485324,0.7136744230409012,0.19498828625031786,0.0380204317748359,0.6791656594771222,0.13825594421431553,0.019114706110591927,0.6774575212456255,0.1389095721518832,0.019295869235419247,0.4653731986762196,0.15403301308532102,0.023726169120142675,0.7415975670616113,0.1470909329231663,0.02163574254820741,0.7408650142486697,0.1472424128890335,0.021680328153384616,0.5470925544007914,0.1628531700131334,0.026521154983326536,0.4379958987262625,0.12341588564020468,0.015231480828356082,0.616438638658803,0.11225610797733071,0.012601433778218131,0.17527921570353583,0.11643060132844933,0.013556084925704308,3.652814173698425,6.746041453158297,45.5090752877301
1.0,0.75,0.5,1.0,0.118250752866216,0.016499556892867796,0.00027223537766098117,0.2668551257487185,0.01407842697752225,0.0001982021061614263,0.7164037819213556,0.05217338121068517,0.002722061706955476,0.7136905806417931,0.05267812481195008,0.0027749848337033914,0.532115721192396,0.05235839036032927,0.002741401041124621,0.9451843712392509,0.04725509899738308,0.0022330443812524753,0.944958548402305,0.04744982954371187,0.002251486323727312,0.8764644675570296,0.1067956302830671,0.011405306647557558,0.6148352857565593,0.05742572311414084,0.0032977136751819697,0.6118581139779408,0.057876483952353175,0.0033496873946869945,0.36933370975158647,0.04231357507156241,0.0017904386353367477,0.8301349488190691,0.05799469767973983,0.0033633849589644205,0.8295215278269149,0.058155582841608745,0.0033820718156472177,0.6530114501979981,0.08617466216137161,0.0074260723986265325,0.22518516487842183,0.012765030594772764,0.0001629460060854847,0.4471513311179288,0.014212071461619352,0.00020198297523017523,0.5559413870761858,0.04988732426538147,0.002488745122359319,4.4590726613998415,7.4110964756040545,54.92435097071083
1.0,0.75,0.75,0.0,0.12661138416194762,0.02121710426966217,0.00045016551358971675,0.2620207192686078,0.02071575377486487,0.0004291424544608281,0.6378006157963682,0.08061302362891008,0.006498459578595215,0.6341042820570462,0.0815182582677061,0.006645226431000436,0.47809174759197015,0.08775390441153985,0.007700747739469674,0.8520121461930332,0.10332096183282459,0.010675221154059994,0.8515430656242053,0.10344467356702483,0.010700800489388325,0.7104440132602743,0.13682305504508552,0.018720548391870505,0.5580880996335795,0.0871375107863218,0.007592945786036347,0.5544308890615801,0.08792991908223871,0.007731670669809048,0.3728212514696604,0.09969692221096448,0.009939476298339103,0.7894250484350559,0.1260934635467725,0.015899561549221244,0.7888261336650292,0.12638597925979772,0.015973415753458023,0.6360740270716001,0.2009171174422552,0.04036768808130497,0.0,0.0,0.0,0.0,0.0,0.0,,,,4.5973707914352415,6.476996609142906,41.9514850748487
1.0,0.75,0.75,0.25,0.12581218748885376,0.01818650423309192,0.0003307489362202703,0.25662689930899923,0.019699587087922667,0.00038807373143464946,0.6689361579555115,0.07197708316685447,0.005180700501208286,0.6656437323810669,0.07273144684922489,0.005289863360781625,0.5069604099859026,0.08020422897981326,0.006432718346246317,0.9050465988967528,0.08884523028245365,0.00789347494394222,0.9047026279347794,0.08912395136872965,0.007943078707575688,0.7989510731503275,0.1753153228459489,0.03073546242457929,0.5719119985040628,0.06965086253935868,0.004851242652476637,0.5684674206352611,0.07024179274455224,0.004933909447968631,0.3579249097019663,0.05421435874476045,0.002939196694105584,0.8067097912756976,0.07993238620629653,0.006389186364632544,0.806066316653933,0.0801082038100842,0.0064173243176779875,0.6230685351955094,0.10718164538222273,0.011487905106840548,0.26894505494505494,0.03751269022755528,0.0014072019281085217,0.4108516670544905,0.009265936055964659,8.58575709932259e-05,1.0474980450314801,0.08889081375161428,0.00790157676942418,1.8476341724395753,0.9480222239647976,0.8987461371311609
1.0,0.75,0.75,0.5,0.12149277060101311,0.023671649992155618,0.0005603470133511211,0.2684798517581479,0.010141453722157375,0.0001028490835986597,0.6977067166225724,0.07685922043777119,0.005907339766301903,0.6947566622341592,0.07764478537961952,0.006028712696647179,0.5214466809542359,0.08514841339507583,0.007250252303698727,0.9208216297028031,0.08098835937447499,0.00655911435416911,0.9205400684874661,0.08124290925245907,0.0066004103038033,0.8368282130822431,0.15515327488415356,0.024072538707277713,0.5973273638182421,0.07850975629224738,0.0061637818330680764,0.5941501316855932,0.07917107771200828,0.0062680595460808545,0.36159153127310284,0.06757491272958611,0.004566368830411179,0.7996023124804422,0.10048686805033548,0.010097610650565534,0.7989460910625376,0.10068882885158718,0.010138240255504216,0.6178418453004471,0.13001401351736755,0.01690364371089423,0.28548543570095297,0.05718129895705835,0.003269700950416482,0.4457874453313388,0.05273489616549076,0.0027809692735850924,0.3945559972306063,0.05586438274389464,0.0031208292593563527,1.6022358655929565,0.8430087223263626,0.7106637059183264
1.0,0.75,0.75,0.75,0.10905758486123288,0.02336270087434321,0.000545815792144037,0.25673183057024784,0.02309985456029088,0.0005336032807065913,0.690287789253362,0.07506892754578912,0.0056353438828749365,0.6872966377208284,0.0758164885204306,0.0057481399315685855,0.5115445856267392,0.07465158080206909,0.005572858516247849,0.9229202317125239,0.0790957429038021,0.006256136545504361,0.922647207811034,0.07934308613255622,0.006295325317038235,0.8434510701186403,0.14978301646611075,0.0224349520216872,0.5996158340196852,0.07503945165764711,0.005630919305080358,0.5964914334764003,0.07564720482835763,0.005722499598343494,0.36652413848469734,0.06194843491609571,0.003837608588553746,0.8250949280048099,0.11524924524046891,0.013282388528497746,0.8245278834279735,0.1155155248500844,0.013343836481390467,0.6685710526101917,0.16908217610751958,0.02858878227725426,0.3008440547053856,0.08360914567648303,0.006990489240751362,0.48655033167176204,0.08694521416969551,0.007559470267014221,0.24165356292210757,0.07750163817015453,0.006006503919057552,2.1174834251403807,1.0486267771874496,1.0996181178345372
1.0,0.75,0.75,1.0,0.10825608306348697,0.024568274615344565,0.0006036001175749842,0.27028388262658515,0.009126166926479986,8.328692276997714e-05,0.6901530038370405,0.08164374012621041,0.00666570030179618,0.6871973795805393,0.08244496333362636,0.006797171979082994,0.49268198463018165,0.08557977413875562,0.007323897741640424,0.9166493989034683,0.10795308835204097,0.011653869284743565,0.9163552575503179,0.10830205854333688,0.011729335884724369,0.8223192336002603,0.21944725797119835,0.048157099031077684,0.6029814704834655,0.06534855164861632,0.004270433202571874,0.599924074367431,0.06587396585886107,0.004339379377974394,0.34556235617251796,0.05682346158082661,0.003228905786027677,0.8474329074942683,0.05599186744987602,0.003135089220524486,0.8468946571848021,0.05614016786483787,0.003151718447892175,0.6777678856828839,0.08644036262021164,0.007471936289913683,0.2651437540339142,0.033057665899902826,0.001092809274749598,0.4677961494259789,0.02855608657500199,0.0008154500804790088,0.3315049412572368,0.07730352052454599,0.0059758342854889035,6.8887663841247555,8.862205345295113,78.53868358217727
1.0,0.75,1.0,0.0,0.11023398919424002,0.017245330825306406,0.0002974014352742634,0.2346892706782448,0.018883362704054496,0.0003565813870128763,0.603566333201253,0.06793882374938735,0.00461568377245032,0.5996596869375657,0.06865388625445404,0.004713356097839513,0.45763563074615776,0.07939436538512476,0.006303465254906698,0.9001675277190089,0.07081302008284315,0.005014483813253147,0.8998007430117372,0.07102501900732613,0.005044553324991039,0.7879915077904781,0.13239438450317945,0.01752827304797572,0.5337087732273105,0.07010397111918974,0.00491456676668019,0.5299917091978228,0.07069771686888711,0.004998167170473325,0.36688108362099997,0.0869445487344265,0.007559354554633064,0.8454243777370536,0.11180257172275512,0.012499815043821805,0.8449194438116848,0.11211848413314568,0.01257055448431444,0.7095035722464047,0.1917296613853949,0.03676026305495819,0.0,0.0,0.0,0.0,0.0,0.0,,,,10.953393721580506,11.819562528831492,139.70205837295748
1.0,0.75,1.0,0.25,0.10267179514963572,0.020961402452191767,0.00043938039276275104,0.23673088549687873,0.018755771376375876,0.0003517789599228806,0.6050692284914492,0.07030409936008748,0.0049426663868330535,0.6012387312029445,0.07102429980262119,0.005044451162452617,0.45214459628890963,0.07106637152916812,0.005050429162321757,0.892735955525559,0.11241580105996975,0.012637312327954694,0.8923888525311771,0.11259559491241683,0.012677767993681066,0.7843483779132167,0.1692078233442927,0.02863128748091337,0.5249598820512344,0.08981945464283818,0.008067534432336865,0.5212349182817644,0.09055583980330774,0.008200360122482334,0.3391251733776345,0.08838181680602518,0.007811345541933795,0.8097819825297036,0.17455085768443734,0.030468001918372695,0.8092316733608105,0.1748197718728151,0.030561952637663117,0.6620469073495732,0.23430174656686184,0.05489730844428196,0.24,0.007666127661014279,5.876951331496826e-05,0.364000364000364,0.0,0.0,1.2264897251040394,0.1375352725749232,0.018915951202258422,4.035825920104981,6.1210754051658585,37.46756411572638
1.0,0.75,1.0,0.5,0.09129807787992289,0.011243249172376714,0.00012641065195214966,0.2398151072217718,0.011803683824486292,0.00013932695182843934,0.6015797794018671,0.037084674077727454,0.0013752730514512708,0.5977460116177618,0.03745506142288887,0.001402881626192378,0.434313394657995,0.040773442429535525,0.0016624736075546481,0.8818222671147218,0.04504495539525584,0.002029048006560588,0.8813782260308175,0.04513668466170981,0.0020373203022506295,0.7443078845696632,0.06474431110531742,0.004191825820502129,0.5270910400380915,0.06292509803369725,0.003959567962550409,0.5234133569692118,0.06342035597166032,0.00402214155157211,0.3283247722532582,0.07424013326922858,0.005511597387832821,0.820328560015005,0.13556843610281882,0.018378800867364074,0.8197732090039404,0.13594460031811617,0.018480934355652352,0.6775664253716135,0.2297517261893757,0.05278585568699787,0.31916606410722353,0.01760276026922573,0.0003098571690958319,0.4743238332837244,0.06210252041821925,0.0038567230422953394,0.4620155959254153,0.057355606745506875,0.0032896656251452335,6.437896513938904,8.681955894030727,75.37635814589488
1.0,0.75,1.0,0.75,0.0996329502247234,0.017141302614868438,0.0002938242553344955,0.22229165850951643,0.015661216046241606,0.00024527368804705554,0.6347932485246349,0.057132201013792246,0.003264088392680364,0.6313227254074738,0.057687108211492956,0.0033278024538044982,0.46581625127074944,0.06861798888243704,0.004708428398270253,0.962599135251763,0.04840442068824836,0.002342987942164926,0.9624447213890829,0.04860435014625778,0.002362382853140029,0.9143659119208625,0.1112802623841439,0.012383296796283912,0.5410420682615233,0.06151681589234513,0.0037843186375326864,0.5375199973073563,0.06200056410023564,0.003844069948747428,0.32395656430939557,0.05619904167476606,0.003158332285162092,0.8514959264966635,0.059420392024747894,0.0035307829883747233,0.8509402687117023,0.05958717494042195,0.003550631417380449,0.6834136121231237,0.090031324880563,0.008105639459749481,0.4414484475604029,0.07007874692132783,0.004911030770063514,0.5996540979932623,0.07966777562406295,0.006346954472886038,0.1734061731732804,0.032059168841952666,0.0010277903068368285,3.9255603790283202,6.443470584758226,41.51831317664452
1.0,0.75,1.0,1.0,0.08637622971790286,0.013527751174560568,0.00018300005184082485,0.2266678783430117,0.008015890845062046,6.425450603994953e-05,0.6192540386929478,0.031590513325295604,0.0009979605321556789,0.6156613752234088,0.031892912806880856,0.001017157887307305,0.4342822673304111,0.0349460507037865,0.001221226459791617,0.9338307321747289,0.045961620455181755,0.002112470554866182,0.9335572551014643,0.046151801225228134,0.002129988756332969,0.8476526154862487,0.10690060810929641,0.01142774001413737,0.5393670833652744,0.03929079952876499,0.0015437669276095992,0.535858637389117,0.03959166687416318,0.0015675000858747096,0.31465813255359537,0.032736275366822845,0.001071663724892452,0.8619015496648444,0.08901836286463932,0.007924268927100596,0.8614047436407098,0.08931432939142797,0.007977049434640495,0.7191439931051227,0.16649593187732264,0.027720895331698067,0.45320039404569606,0.08515112400453395,0.007250713919235519,0.643504362804814,0.06040978138479241,0.003649341686958411,0.1541050156123128,0.022057320355349668,0.0004865253812585228,3.4891862869262695,6.254910473495829,39.12390503144781
1.0,1.0,0.0,0.0,0.15379104480887057,0.015645207970879177,0.0002447725324520613,0.2691320972611374,0.012188031326598887,0.00014854810761815582,0.641599284111835,0.05573048175780327,0.003105886596956843,0.6377048909290502,0.05641998216524305,0.0031832143875263437,0.4841241269780392,0.08312456169284359,0.00690969275662736,0.8280662712073974,0.06827946215994035,0.004662084952850726,0.8274981341432817,0.06844039212213004,0.00468408727383092,0.6607057670334023,0.11007363042933957,0.01211620411589483,0.5713349554374287,0.08745183116134791,0.0076478227734729015,0.5675383192227765,0.08830590511201808,0.007797932877652742,0.397094701285632,0.1372373715444621,0.01883409614843274,0.7579774674463515,0.159930302817647,0.025577701759344273,0.7573145849533731,0.1603393172531318,0.025708696657200453,0.5994919483416259,0.2588473535627336,0.06700195244643081,0.0,0.0,0.0,0.0,0.0,0.0,,,,3.126248955726623,6.5913391929354574,43.44575235632705
1.0,1.0,0.0,0.25,0.14988241068361075,0.010772922929707898,0.0001160558684494262,0.27175215815267617,0.009463484110691358,8.955753151330782e-05,0.6874458652286668,0.04270260802022955,0.0018235127317293728,0.6842031958569695,0.0431777711305849,0.0018643199198051712,0.5280776026619504,0.04598584034469936,0.0021146975122081795,0.8825044485560543,0.04986827850923458,0.0024868452014745876,0.8820652025033233,0.04997772642128394,0.0024977731382407027,0.7492637645838046,0.07662545337825442,0.005871460105423042,0.6061715238144003,0.052886618378647166,0.0027969944035286603,0.6028547330268519,0.05334841066977627,0.0028460529209910984,0.4039499569965397,0.07248135792700368,0.0052535472469424195,0.8007314391856856,0.09388128971550976,0.008813696558647478,0.8000872536563721,0.0941502565065975,0.008864270800258105,0.6337999697120813,0.16587780160185106,0.027515445064263067,0.0,0.0,0.0,0.0,0.0,0.0,,,,1.5962931156158446,0.9720372463310057,0.9448564082547642
1.0,1.0,0.0,0.5,0.12656550448036774,0.017509259051317477,0.000306574152526143,0.25171342819598885,0.02235071718555274,0.0004995545587085625,0.6303462346813429,0.07688790117321237,0.005911749346821672,0.6265868941375772,0.0777057055964153,0.006038176682236768,0.4661507133820443,0.07030896226588529,0.004943350174905682,0.8695810497474807,0.08351548273056979,0.0069748358557201,0.8691146921029237,0.08375176891910946,0.007014358797079908,0.7271564968293254,0.14838168143790792,0.022017123386340785,0.5685363620878141,0.09235558996982117,0.008529554998673732,0.5649754604807704,0.09315169237929,0.008677237793125873,0.37631567965685875,0.1048632199009709,0.010996294887999379,0.8312576213121827,0.14014510894482854,0.01964065156115786,0.8307475283019492,0.1405198364818345,0.019745824444881505,0.6963019423474492,0.23113099338756002,0.05342153610432031,0.0,0.0,0.0,0.0,0.0,0.0,,,,2.5857426881790158,4.106559920149187,16.8638343777757
1.0,1.0,0.0,0.75,0.11794267131603205,0.02061731968356759,0.0004250738709344236,0.253832792821246,0.018359128554223128,0.00033705760127049106,0.6467634891146234,0.06735335415134011,0.004536474315435844,0.6432617693753533,0.06804161921493593,0.004629661945390338,0.4837466986470578,0.06920353320751894,0.004789129008404178,0.880859396381694,0.06851437182440119,0.0046942191464923,0.8804358854324349,0.06869755577528262,0.004719354169498067,0.7546451752095821,0.1186494499429594,0.014077691971766828,0.5648661214629753,0.08443562584297147,0.007129374911494271,0.5613739824780436,0.08512956677324511,0.007247043139000397,0.35785095474394507,0.07589385885064323,0.005759877811241357,0.7984263924470607,0.11157419125733811,0.012448800154729064,0.7977986271199703,0.11185784877869762,0.012512178333397983,0.6368578438383601,0.18057650450536053,0.03260787397937449,0.0,0.0,0.0,0.0,0.0,0.0,,,,4.411538362503052,6.5652462905913485,43.10245885612346
1.0,1.0,0.0,1.0,0.11752898798887375,0.018012712975910537,0.0003244578287525358,0.2575243714157315,0.011174964176738968,0.00012487982435139923,0.6835176565031307,0.05304740894560934,0.002814027595842714,0.6804531082830929,0.053586898129125024,0.002871555651101223,0.5076774989102735,0.06785432022376148,0.004604208773028766,0.930067290715825,0.08308576278190541,0.006903243977051059,0.9298229873457402,0.08334928289660029,0.006947102959377505,0.856752266879101,0.15980672672813684,0.025538189907561407,0.5960058857537984,0.06186051132369673,0.0038267228612292115,0.5928430548600979,0.0623733557501297,0.003890435507532238,0.3638062803295065,0.0600110198983968,0.0036013225092457767,0.8338424362962604,0.11758113878306904,0.013825324197523341,0.8332964249907133,0.11785146506933805,0.013888967818989406,0.6789713947479203,0.17226064946166572,0.029673731352954875,0.0,0.0,0.0,0.0,0.0,0.0,,,,7.2281351566314695,10.056278727404274,101.12874184324372
1.0,1.0,0.25,0.0,0.1410459331090479,0.013942063124259742,0.00019438112416084332,0.2710434948228747,0.017873326074025607,0.0003194557849484436,0.6463070123307771,0.054224163689296785,0.0029402599278036522,0.6425756283823528,0.05485859003041461,0.0030094649001251046,0.4691796584549466,0.08632269227881144,0.0074516072022623725,0.836280360410874,0.07541991669633713,0.005688163834482433,0.8357236602570136,0.07560741431856047,0.005716481099938462,0.6654012474606665,0.13385865011047857,0.017918138209399526,0.5623553449050975,0.06803391424419962,0.004628613487387108,0.5586007726958211,0.06868501522836368,0.0047176313169205505,0.35265247611538836,0.09616368655163099,0.009247454611200336,0.743955426699589,0.12647287003855065,0.01599538685578812,0.7432149385686043,0.12677656246587565,0.016072296790664072,0.5529698979733919,0.19407611531023114,0.03766553853391014,0.0,0.0,0.0,0.0,0.0,0.0,,,,3.365490531921387,6.342212156401866,40.22365503681161
1.0,1.0,0.25,0.25,0.11380272254340085,0.017660440099552883,0.0003118911445098955,0.2599659331619528,0.0161191899569835,0.0002598282848693177,0.5866720715466633,0.07543814343739616,0.005690913485281157,0.5824083550894794,0.07626462918825079,0.005816293665221395,0.4108909962188768,0.06435779646180464,0.004141925965419075,0.7999667623628397,0.09360748749194558,0.00876236171455475,0.7993761187278681,0.0937224660158894,0.008783900636099545,0.6250338931878667,0.12590406042626562,0.015851832431820742,0.529273748524328,0.08226463897693445,0.006767470826005363,0.525326386537167,0.08301489653663649,0.006891473046988462,0.34003122801420443,0.10690148496154497,0.011427927486983425,0.7749475483900478,0.1580875172192591,0.024991663100549538,0.7743818931471562,0.15847312399952662,0.025113731030169343,0.6427334476248916,0.2535509520796248,0.06428808530048419,0.21383215912627676,0.021949226108462824,0.00048176852676042606,0.3458064315397976,0.05759064955119859,0.00331668291572897,1.9766675587455587,0.15056520273288043,0.022669880273993383,4.318801736831665,6.400509627740069,40.96652349479332
1.0,1.0,0.25,0.5,0.12556571143800688,0.019446710422453304,0.000378174546254754,0.25892191043800517,0.01579887092134057,0.0002496043223891806,0.6603951734510447,0.07456156775065909,0.005559427385436125,0.6570194522661523,0.07533984305605607,0.005676091951711159,0.4924938385045957,0.08199398642777307,0.006723013810317835,0.8933850422671965,0.08158697712980031,0.00665643483717856,0.8929911966394272,0.08183803378363969,0.006697463773572151,0.7684801292157909,0.15951131077349023,0.02544385826467698,0.5898899996618924,0.06847356462355236,0.004688629052255801,0.5865888047792176,0.06906695511289052,0.004770244288566033,0.37735289502204816,0.07512736177147106,0.005644120486741492,0.8382329322567209,0.10997399960359147,0.012094280588810737,0.8377043097330427,0.11028322044723515,0.012162388712213465,0.6875786177126935,0.18826357145423156,0.03544317233670255,0.2256088818588818,0.020994899976758637,0.0004407858250340998,0.3767975612542208,0.047323212405980496,0.0022394864324215462,1.2114167496232857,0.14504372466323154,0.021037682064183324,5.550047397613525,8.57108967062789,73.46357814194411
1.0,1.0,0.25,0.75,0.11549807347121403,0.028868608592282193,0.0008333965620543893,0.2548597196313408,0.023136478869267854,0.0005352966544680779,0.6547717454412012,0.10266163173039373,0.010539410629546985,0.6513907101872844,0.1036924889808149,0.01075213227103642,0.490607335949001,0.10504433089532361,0.011034311453246239,0.8912102903430725,0.10804002664331544,0.011672647357088312,0.8908547572600097,0.1083730143479721,0.011744710238865766,0.7858583588186718,0.20748336382709193,0.043049346265005395,0.5963979483633324,0.08372827336725368,0.007010423761061561,0.5932012419047215,0.08441795055927905,0.0071263903766288815,0.37311169763143315,0.0710347730130629,0.005045938977017369,0.8627550200360667,0.09526745063369568,0.009075887150243643,0.8623170576496484,0.09550092984643196,0.009120427601533119,0.7382308561342333,0.15471146620528328,0.02393563777538851,0.22754669460355076,0.01757287223878929,0.0003088058387208113,0.36556099736052483,0.005474654450371318,2.997184135097048e-05,1.180076450159501,0.19565705109401432,0.03828168164280573,5.646691918373108,8.880540856811178,78.86400590949262
1.0,1.0,0.25,1.0,0.11204496969574633,0.012153965054369123,0.00014771886654282583,0.25580650007028854,0.010204932724631273,0.00010414065191425025,0.6861208547350605,0.040104574929440445,0.0016083769302711033,0.6831107803221929,0.04049727197603509,0.001640029037500957,0.5007986083850533,0.04499885663868829,0.0020248970987892206,0.9441715541337112,0.04832015271131824,0.0023348371580451154,0.9439411272189385,0.0485197895286357,0.0023541699759031063,0.87272439258044,0.11115192464226492,0.01235475035167974,0.6009281450150039,0.028410322419413346,0.0008071464199750206,0.597835487836456,0.028646700359997626,0.0008206334415154881,0.35632873127404385,0.030299794884383377,0.0009180775700357052,0.8517423292238604,0.07631406860751257,0.0058238370674321355,0.8512031939777274,0.07655653001898646,0.005860902288547975,0.694676329284891,0.13565607058299825,0.018402569486019402,0.22161924072459188,0.022142103081922875,0.0004902727288904985,0.3246489732976219,0.0,0.0,1.2903501265969515,0.13411982250038768,0.017988126787535495,1.357280421257019,0.6165090730212778,0.3800834371175552
1.0,1.0,0.5,0.0,0.1267576926241493,0.024723743874757814,0.0006112635111846245,0.264517401564932,0.023539111505721123,0.0005540897704787725,0.6458271163329115,0.07754282104227568,0.006012889095194392,0.6421979254470727,0.07840776719370184,0.006147777956301746,0.47449244606681074,0.09728079206433662,0.009463552504664699,0.8491813303410949,0.11298883702762214,0.012766477292854555,0.8487234379277775,0.11317338383197355,0.012808214807979213,0.7132842229754103,0.16675901018162997,0.027808567476756967,0.548719635023021,0.09731144167350003,0.009469516680575,0.5449658472617491,0.09820292650483015,0.009643814774113071,0.33706672728870524,0.10447952665038185,0.01091597148908785,0.7325170221594394,0.17012810046872268,0.0289435705690958,0.7318036453057502,0.17037363588090543,0.029027175803279348,0.5553479975828302,0.2168595333375319,0.047028057199372114,0.0,0.0,0.0,0.0,0.0,0.0,,,,3.4630793571472167,6.614741097024407,43.754799780663646
1.0,1.0,0.5,0.25,0.11807783421926732,0.027193798852391954,0.0007395026960243539,0.25642710370084354,0.01971672649845083,0.00038874930381471316,0.6494836421361269,0.08984330234343563,0.008071818975973985,0.6459756875831656,0.09078729814284763,0.008242333504078304,0.48088610211893484,0.10717566532059902,0.011486623236913053,0.8655108288213237,0.11006989009347516,0.012115380705189702,0.8650743895079828,0.11040611597282446,0.012189510444204764,0.7346003386414897,0.2128172550592967,0.04529118405097374,0.5672415391206622,0.07810314413917195,0.00610010112442427,0.5637353867945416,0.07878342740435743,0.006206828433577657,0.35344885839513085,0.06684419325290764,0.004468146171632063,0.8090152547033902,0.10002469587256066,0.010004939784398252,0.8084337333990522,0.10024238590472895,0.0100485359318726,0.645327540616142,0.1403916327612475,0.019709810549368982,0.22553888657893267,0.016257319983423446,0.00026430045304341927,0.3621425730794362,0.05407376923879197,0.002923972519690125,1.3613436096683922,0.18139029639877732,0.03290243962763629,3.5085243701934816,6.087082614051142,37.05257475028369
1.0,1.0,0.5,0.5,0.12243358690445824,0.019123419841853995,0.0003657051864478151,0.2547438183049352,0.01766052685383632,0.00031189420875507383,0.6865325612186116,0.06104216430941976,0.003726145823578199,0.6834789277846551,0.06164764043050984,0.0038004315706494313,0.5213057435023457,0.06385979025073736,0.004078072810868171,0.929769729915918,0.06919530279463934,0.004787989928841822,0.9295015380232124,0.06943101837091815,0.004820666312022775,0.8447373544049638,0.14249338387616928,0.02030436444848134,0.6145861946302232,0.03787442073697707,0.0014344717461615589,0.6115500312433447,0.03818518216713324,0.0014581081371371504,0.3926367917335505,0.039527423839357034,0.001562417235376171,0.8819206187505255,0.08220623097422651,0.006757864410987878,0.8814933281273213,0.08248558895525791,0.0068038723852957665,0.7570523230514603,0.16045803428072658,0.025746780765234827,0.270294027093596,0.03772783439513944,0.0014233894881470661,0.44992963602635444,0.07278040375966145,0.0052969871714193435,0.5988885557330325,0.06580235818988649,0.004329950343350121,3.587816095352173,5.937240180835752,35.250820964930554
1.0,1.0,0.5,0.75,0.10722174615615246,0.020136214816563917,0.00040546714713880815,0.25419463032246103,0.016620570760963793,0.0002762433724202046,0.6657605835061513,0.049428483554163294,0.002443174986464191,0.662531437364199,0.0499178489265495,0.002491791641453819,0.488401393469739,0.054218378621646815,0.0029396325803602488,0.912211975499323,0.07579371380957727,0.005744687053048102,0.9118949496226805,0.07602778512543658,0.005780224111079555,0.818065815012406,0.14329936626687842,0.020534708372488972,0.5810792774635074,0.05159688379412721,0.0026622384172646676,0.5778068681989134,0.05201783221467965,0.002705854868314564,0.3488708970881652,0.047176827086601175,0.0022256530139590663,0.8119113921734001,0.11481694615211936,0.013182931123698678,0.8113060434732056,0.11508870506791627,0.013245410034209815,0.647734969738629,0.17162869337215783,0.02945640838863417,0.2629331859925558,0.03498379190274926,0.0012238656958948645,0.4612762099610361,0.07917199600953595,0.006268204952133977,0.4614796554437267,0.05137584880376107,0.002639477840306918,1.9058528661727905,0.6298773210861881,0.39674543961871295
1.0,1.0,0.5,1.0,0.09246156293262407,0.024004406919776674,0.0005762115515702222,0.23973280127599753,0.024743327714416938,0.0006122322663830332,0.6337020270407441,0.07846233234116831,0.0061563375964159475,0.6302169665224315,0.07920929020166756,0.006274111654251987,0.4423035694686009,0.07981006285772857,0.006369646133354586,0.9075793431797214,0.08336575742177128,0.006949849510505614,0.9072449605066923,0.0836249138256179,0.006993126212342021,0.8045676860972926,0.16339730585437845,0.0266986795604693,0.5413980126811735,0.07779143781686733,0.006051507797615537,0.5378743583515588,0.07838656737363711,0.00614445394462175,0.3072980818040466,0.05846391405171953,0.0034180292462468484,0.8085032221897379,0.09512746322417277,0.009049234259466342,0.8078632390324133,0.09535978074535773,0.009093487783802697,0.6322078855078412,0.14848452677010807,0.022047654690142943,0.2821352955602,0.04115371219648351,0.0016936280275509957,0.5161194944887296,0.038359721929452466,0.0014714682665049163,0.5387846274395007,0.08247578606128443,0.006802255286426758,10.01988070011139,10.387423560628884,107.89856822790804
1.0,1.0,0.75,0.0,0.1131820101958696,0.016113956489726067,0.0002596595937527848,0.25257837338862194,0.02016646882472757,0.000406686464858709,0.6341965163810886,0.04848523272285595,0.0023508177921895018,0.6305676522937567,0.04900534089988946,0.002401523436714379,0.4586800948979076,0.06704578276169984,0.004495136986129047,0.8751222957026261,0.08702603855896195,0.007573531387265932,0.8746986484535462,0.08727787562309453,0.007617427573280358,0.7475659850086006,0.160875651742042,0.025880975323426775,0.562082702977141,0.05838374413568753,0.0034086615793014283,0.5585644794922102,0.05889302434650119,0.003468388316677582,0.3515343780162065,0.07306152329789807,0.005337986186609303,0.8139611623609901,0.14658913268271712,0.021488373820671244,0.8134118142213799,0.14695598048326067,0.02159606019979649,0.6728757811756418,0.23258738630013576,0.05409689226592858,0.0,0.0,0.0,0.0,0.0,0.0,,,,7.71994001865387,9.781978151174119,95.68709655004783
1.0,1.0,0.75,0.25,0.10728399516438747,0.01411875668520048,0.00019933929033589322,0.25789989359543125,0.012156137039236613,0.00014777166771670028,0.6344179218905726,0.03942906141446917,0.0015546508840259814,0.6308478558525654,0.03984360088284877,0.0015875125313117473,0.45568676659787943,0.050076509012584564,0.002507656754887463,0.8792165343875598,0.07340227227593407,0.00538789357527036,0.8787869827829902,0.07360454891190366,0.005417629620524818,0.7500234214967422,0.13421078775972944,0.018012535551087144,0.5509904024031183,0.0561643974346757,0.003154439539200207,0.5474422813418602,0.0566379454418544,0.0032078568638744757,0.3337485185503378,0.06580185721100786,0.004329884412417866,0.7938253040354785,0.14168934234491162,0.020075869734133563,0.7932049048724208,0.1420475168101682,0.020177497031935013,0.6347858672801371,0.22559678534357594,0.05089390955735548,0.23734502580024136,0.010810744843625196,0.00011687220407396876,0.36651753236931506,0.009748787305699192,9.503885393176171e-05,1.3176969252253787,0.11722562949956195,0.013741848211568567,6.1961445093154905,9.06609862386438,82.19414425763563
1.0,1.0,0.75,0.5,0.10260030872493912,0.020647237326840588,0.0004263084092308793,0.2472660299119071,0.023390707380679738,0.0005471251917685856,0.6435319396731848,0.06660380798601766,0.004436067238238309,0.6400988020891786,0.06726173938135684,0.0045241415846055694,0.45994658583472303,0.06876439259309258,0.004728541688696967,0.9121618907067737,0.07615737560728572,0.005799945859389199,0.9118449569816327,0.07639213480023425,0.005835758259337161,0.8181606447867049,0.1440284111817908,0.020744183227550998,0.5543013264559594,0.07663373618338536,0.005872729521424706,0.5508315055932858,0.07724910049913157,0.00596742352792493,0.3254615497713871,0.06333126450683729,0.004010849064034989,0.8118429178460953,0.11521136425490966,0.013273658453477477,0.8112376481949134,0.11548357213187849,0.01333645543233878,0.647770024389861,0.17212454065834057,0.02962685749684474,0.32616629752702486,0.030827041648381966,0.0009503064967910762,0.48992889706913934,0.0776230231874597,0.006025333728760906,0.5041923166485587,0.04242903998913541,0.0018002234343996518,5.7865736246109005,9.418998753738169,88.71753752292118
1.0,1.0,0.75,0.75,0.0965860526783981,0.019114663498026988,0.00036537036064280534,0.25020823695592137,0.017620341703397373,0.00031047644174448465,0.6489630749646834,0.04891126617894941,0.002392311959228041,0.6456026131276159,0.049383464545086644,0.0024387265704758298,0.45354524620138664,0.05132608592209862,0.00263436709608265,0.9089335312433656,0.08230046669185728,0.006773366817697509,0.9086048400850293,0.0825553661972051,0.0068153884879546345,0.8087895984779749,0.16054376380554325,0.025774300096850063,0.5525263962637104,0.06219184084349871,0.003867825067503074,0.5490647725047778,0.06267938239670116,0.003928704977631891,0.31142962965352444,0.046878047599131646,0.0021975513467064525,0.7848659011050849,0.10243028276339892,0.010491962826989859,0.7841674875556569,0.10264023455947449,0.01053501775042394,0.5938977590471206,0.13744601167163273,0.018891406124438598,0.31111341876048576,0.035506346200810585,0.001260700620531816,0.4862223315577765,0.08284891611287298,0.006863942901077865,0.2583211347108031,0.018056086555832244,0.00032602226171170594,4.241729116439819,6.825620155847082,46.58909051190594
1.0,1.0,0.75,1.0,0.09284013340556985,0.017458185367420723,0.00030478823632322304,0.24733117363708704,0.013776060207453599,0.00018977983483938648,0.6752350834913187,0.0376212012671265,0.0014153547847816405,0.6721612242844197,0.037974819055183275,0.0014420868822739108,0.47609787129591796,0.040056853376369814,0.0016045515024159895,0.9237041020867458,0.06382709192344505,0.004073897663403904,0.9234121235088733,0.06403826429705294,0.004100899294179205,0.8354668193743586,0.12698514611425235,0.016125227333658017,0.577819363325528,0.04143264897013573,0.0017166644006824895,0.5745929748092314,0.04174658111174196,0.0017427770345192506,0.3288815198287641,0.031897972505259505,0.0010174806499462913,0.8516515028604772,0.07546640109149443,0.00569517769370231,0.8511292669704946,0.07571594599991921,0.005732904478662682,0.7052517500960296,0.1420118622502337,0.020167369019779353,0.32315542083562676,0.04796623899198181,0.002300760083035916,0.5511099330894125,0.02962520431707176,0.0008776527308282472,0.24584608423224644,0.02993008269631132,0.0008958098502080343,1.6820442914962768,0.6277626778808052,0.39408597974007953
1.0,1.0,1.0,0.0,0.09080657349311058,0.014080630359926388,0.00019826415133288069,0.22640229149077581,0.016600716099018083,0.0002755837750001982,0.5682837670364869,0.06350804797681586,0.004033272157825546,0.5640994427129272,0.06415902894266416,0.004116380994865617,0.40537151070352867,0.07855037823296354,0.006170161920541633,0.8799774507310657,0.08276237269164337,0.006849610333550475,0.8795316708000354,0.08300541482005018,0.006889898889448605,0.7381995652395565,0.16130184503127806,0.026018285210494443,0.4990812768103761,0.0573416335595685,0.0032880629392798323,0.49515727381019337,0.05781307997051255,0.0033423522156768794,0.31424890668720534,0.05772131299347418,0.0033317499736906114,0.8480127609377253,0.08826972947208406,0.007791545141074905,0.8475071904233922,0.08856405510136013,0.007843591855996753,0.700176669983534,0.16863847386290526,0.02843893486680978,0.0,0.0,0.0,0.0,0.0,0.0,,,,1.7472325325012208,1.2716974712726612,1.6172144584412809
1.0,1.0,1.0,0.25,0.09435893597013484,0.01572676206434452,0.000247331045028506,0.22371575031625685,0.01659983441127769,0.00027555450248183897,0.5883714604529329,0.07468599024849247,0.005577997139397912,0.5844357597165338,0.07543520160243138,0.005690469640799466,0.4245252475061008,0.0810866541361729,0.006575045478999326,0.9184902759250043,0.10465522924162607,0.010952717007617305,0.9182032213061093,0.10499228967155719,0.011023380890476173,0.8265226643631612,0.21246985168082977,0.0451434378732738,0.5219021454193243,0.06569964493194794,0.0043164433441840325,0.5182103644479341,0.06623909812843166,0.004387618120868,0.3205605246758641,0.061875049415126296,0.0038285217401243213,0.8687277727949361,0.11932948699011169,0.014239526465323235,0.868284080978327,0.1196396465965428,0.014313645037745657,0.733162403569883,0.1957139116541738,0.03830393521497775,0.23508762554515467,0.015506612823911662,0.0002404550412707016,0.3246489732976219,0.0,0.0,1.2736331225286037,0.21617267536146625,0.04673062557293388,10.082890009880066,10.202270772027124,104.08632890575892
1.0,1.0,1.0,0.5,0.08716196746665593,0.013873265540591883,0.00019246749675977417,0.21983341099284534,0.00961381663465671,9.242547028480208e-05,0.5917661503505569,0.05619098506825875,0.003157426802941278,0.587893618388644,0.05674231764781851,0.0032196906120459355,0.4195655065340076,0.05593611107216481,0.003128848521877559,0.9285226397225605,0.07844959532046072,0.0061543390059440525,0.9282524150858938,0.07871036175803009,0.0061953210480799655,0.8444384933332346,0.1615726867255056,0.026105733095698372,0.5001153239053362,0.058005502476333626,0.0033646383175319466,0.496286590726622,0.05846753151295948,0.0034184522412189096,0.29458618859819646,0.04722510181060332,0.0022302102410218486,0.8320206755845014,0.11329969389510203,0.012836820636723818,0.8314460748198712,0.11359169299807718,0.012903072718169418,0.6685480366149413,0.17930139617876995,0.03214899067165622,0.3874145986511931,0.08893694046222773,0.00790977937878184,0.5663676915465679,0.02958093308490505,0.00087503160217363,0.46607707528926,0.0883860722802902,0.007812097773136684,4.067847681045532,6.36514023290754,40.51501018457825
1.0,1.0,1.0,0.75,0.08133675984140813,0.01287295993139838,0.00016571309739538817,0.21265914035393663,0.01067377129663728,0.00011392939369291785,0.5897751451822438,0.03748938719875915,0.0014054541525384864,0.5859065743812154,0.03784752070471319,0.001432434823493694,0.4002731923460182,0.03846007356322612,0.001479177258488765,0.9229838851633074,0.06433428475213439,0.004138900194568711,0.9226888671362726,0.06454729790952615,0.0041663536674211195,0.8333926396016539,0.12784851349988732,0.01634524240413087,0.5017275577355846,0.05421124431024097,0.002938859009664634,0.4979345200374947,0.054628199738536956,0.0029842402066734895,0.2793457857536461,0.03919084283981441,0.0015359221624950325,0.8254184811692562,0.09997482291209041,0.009994965216303837,0.8248278934678162,0.10023397930569591,0.010046850607454678,0.661405783802726,0.15790687849496973,0.024934582276025134,0.5070907349949939,0.13722504421071136,0.018830712758631685,0.6768955211507235,0.08651770483604825,0.0074853132500975654,0.15411252893070554,0.04641993050159343,0.0021548099477727645,9.976757574081422,10.002251085403847,100.04502677546243
1.0,1.0,1.0,1.0,0.08054624182769174,0.00913687355479512,8.348245835631442e-05,0.2019448135933101,0.008398368889511646,7.053260000431709e-05,0.5883323094943308,0.02155428914321577,0.00046458738046934914,0.5844635527827731,0.021756828064676208,0.0004733595674358822,0.3892137790470156,0.018667270927789147,0.00034846700389148195,0.9635190485745909,0.04713389326634985,0.0022216038944436597,0.9633687850895385,0.04732806223726608,0.0022399454751345312,0.9179635233618859,0.10611934944997499,0.011261316327685907,0.5016647649287514,0.029925806045312,0.0008955538674616321,0.49788522269605695,0.030152759569559325,0.0009091889096596514,0.2705717134169587,0.01992925492665916,0.0003971752019317684,0.8526367112002988,0.057843880810991295,0.003345914547276167,0.852085721203261,0.058004084296835956,0.0033644737951144515,0.6864995720747329,0.08558244394324961,0.007324354711299461,0.8918918918918919,0.0,0.0,0.932689418663947,0.0044987323642682025,2.023859288531417e-05,0.0027064295107133503,0.0005886991277809162,3.465666630500115e-07,6.193118858337402,8.923458264866827,79.62810740482008
