sensitive_p,fair_majority,fair_minority1,fair_minority2,tau_x_mean,tau_x_std,tau_x_var,tau_y_mean,tau_y_std,tau_y_var,NMI_rows_mean,NMI_rows_std,NMI_rows_var,AMI_rows_mean,AMI_rows_std,AMI_rows_var,ARI_rows_mean,ARI_rows_std,ARI_rows_var,NMI_cols_mean,NMI_cols_std,NMI_cols_var,AMI_cols_mean,AMI_cols_std,AMI_cols_var,ARI_cols_mean,ARI_cols_std,ARI_cols_var,NMI_van_rows_mean,NMI_van_rows_std,NMI_van_rows_var,AMI_van_rows_mean,AMI_van_rows_std,AMI_van_rows_var,ARI_van_rows_mean,ARI_van_rows_std,ARI_van_rows_var,NMI_van_cols_mean,NMI_van_cols_std,NMI_van_cols_var,AMI_van_cols_mean,AMI_van_cols_std,AMI_van_cols_var,ARI_van_cols_mean,ARI_van_cols_std,ARI_van_cols_var,balance_chierichetti_mean,balance_chierichetti_std,balance_chierichetti_var,balance_bera_mean,balance_bera_std,balance_bera_var,KL_fairness_error_mean,KL_fairness_error_std,KL_fairness_error_var,time_mean,time_std,time_var
0.0,0.0,0.0,0.0,0.13877317870103031,0.011849995605485332,0.0001404223958500217,0.13823407987888325,0.011369746061735863,0.00012927112550835819,0.6811463013018395,0.057988889778810386,0.0033627113377790196,0.6785758375609318,0.05790974130426475,0.0033535381379268675,0.34034231446212027,0.06279147813486764,0.003942769726361562,0.6749893367278667,0.06379754798658147,0.004070127129100164,0.6723473079770362,0.06377552722411405,0.004067317872713711,0.3297791082797429,0.0697143135325872,0.004860085511319869,0.6236163264598968,0.08154147094643588,0.006649011484108448,0.6220850618811838,0.08171011348398945,0.006676542645566433,0.49691804618313135,0.12865551958933405,0.016552242720801514,0.6318143704606609,0.08202869518895944,0.006728706834403219,0.6303003247660983,0.08222499343247876,0.0067609495449711746,0.5244077790125597,0.12615783933441138,0.015915800425527156,0.9532509976336279,0.01750295111212884,0.0003063532976335722,0.9684504760898264,0.008911168811236382,7.940892958235203e-05,0.0006050942455039,0.0004161526454336809,1.7318302430145093e-07,1.527267289161682,0.6787848341553474,0.4607488510793025
0.0,0.0,0.0,0.25,0.1307218469651781,0.008274934382870709,6.847453904081584e-05,0.12983329826435047,0.008123902904075912,6.599779839485304e-05,0.706390291070937,0.050062936959471976,0.0025062976570080654,0.7039148189080542,0.04999846173441883,0.002499846175808144,0.3845222987569821,0.05254978227858602,0.0027614796175267934,0.7025286990776688,0.05796231524676893,0.003359629988765822,0.7000106612553446,0.0579856506528732,0.0033623356816370542,0.37654671968057973,0.06421938152184432,0.0041241289630482006,0.555807476223834,0.1400387633349231,0.0196108552363746,0.5539874734070457,0.1403460738427846,0.019697020443084346,0.4141822138528646,0.16680600792640268,0.027824244280343118,0.5661513898848035,0.1358973936317097,0.01846810159589185,0.5643577658631552,0.1362079354496818,0.018552601679464684,0.4400634022291536,0.15936527694874925,0.025397291496951545,0.9544921127477561,0.019677452572815852,0.0003872021397554172,0.9709577572951227,0.01136223941222834,0.000129100484460795,0.0005191346538292918,0.00030114723568809153,9.068965756257895e-08,2.988695478439331,0.8406675825889282,0.7067219844159123
0.0,0.0,0.0,0.5,0.1374257514210019,0.010938916775025752,0.00011965990021093981,0.13722288434034624,0.010663608953462996,0.00011371255591237616,0.7006754547282904,0.050568970682636265,0.002557220795901326,0.6978801161118128,0.050784586466245535,0.002579074222547569,0.36101062131949535,0.07469515152218813,0.005579365660922643,0.7062811241851776,0.04736686395272827,0.0022436198007162694,0.7035096061426962,0.04762948699899037,0.002268568031786992,0.35742586650967956,0.08165064134832596,0.006666827232592958,0.6954152905042272,0.12218660492567102,0.014929566423262014,0.6940165097956308,0.12270237708049785,0.015055873341204682,0.5761732015274647,0.2043487819284144,0.04175842467562667,0.7066192053561663,0.11774196129036676,0.013863169448502225,0.7052476995193382,0.11827989258466821,0.013990132989840651,0.5924657472807372,0.19839024597555238,0.039358689698240176,0.8939790852733933,0.07463248876422615,0.005570008379142343,0.9322989762434164,0.04980094622846413,0.0024801342452503753,0.0032618520805806897,0.004006283527364372,1.6050307701631113e-05,3.923498773574829,1.3441384406643333,1.8067081476715456
0.0,0.0,0.0,0.75,0.1300137817917449,0.012364331358503462,0.00015287668994287207,0.12796452407084752,0.012163465505426898,0.00014794989310171005,0.6430483999387169,0.05917108356233648,0.0035012171299410064,0.6398947706295031,0.05917676321873383,0.003501889305046089,0.3630970838187049,0.06671175366985943,0.004450458077708003,0.6906418481964607,0.06227123545294623,0.0038777067648362675,0.6878621940325129,0.06228314124605355,0.0038791896834758574,0.34993464209669967,0.06766062119440097,0.004577959660412222,0.5609755762915967,0.13462136744625808,0.018122912573100437,0.5590373493048556,0.13515655427338058,0.01826729416305327,0.41823717275649497,0.1953096368943957,0.038145854263820694,0.6441599078493835,0.15503951216587245,0.024037250332631706,0.642550958419382,0.15565116638743778,0.02422728559776984,0.5135530684490253,0.23087264265415947,0.053302177126115215,0.6127150858447519,0.10006917834600071,0.010013840454843697,0.7442439914764073,0.06520057370961695,0.004251114812063193,0.05685256048228193,0.020774703324598028,0.0004315882982250644,23.503426933288573,38.16553778624282,1456.6082745131284
0.0,0.0,0.0,1.0,0.11472610147351991,0.011419597310001809,0.00013040720272260056,0.1109074662204889,0.010473952803192457,0.00010970368732350314,0.6074983844629932,0.01418637792222452,0.0002012533185521793,0.6038085070140108,0.013863521623828508,0.00019219723181436064,0.38957330418122005,0.022288146466343976,0.0004967614729052015,0.711870774950077,0.033541476392266685,0.0011250306385729833,0.7090899973719967,0.03343832952926059,0.0011181218817074205,0.389926141506921,0.03470255122548104,0.0012042670615571359,0.49201015678316057,0.13615543701329993,0.018538303028282684,0.48972361001115045,0.13665835851489241,0.018675506951984867,0.3260320862761797,0.15407019829986004,0.023737626004158196,0.6207828839116463,0.16342092359218033,0.02670639826772124,0.619009968901657,0.16406610083347598,0.026917685442700304,0.45694703883098226,0.2346181283940852,0.05504566617114345,0.40954436467375543,0.04066540745821028,0.0016536753637422645,0.5441187468674265,0.06575036871724693,0.0043231109864539236,0.1863926865742326,0.049483147577569254,0.002448581894183498,52.76766977310181,50.95195319843143,2596.1015347351467
0.0,0.0,0.25,0.0,0.13467269648228802,0.01210866335173537,0.00014661972816565927,0.13371439371257687,0.012139470901688999,0.00014736675377295392,0.6879312656777348,0.05503509870431833,0.0030288620893940614,0.6852843012476104,0.05505285748493687,0.00303081711725677,0.3559521116377734,0.06960160829660356,0.004844383877473834,0.6747668990020277,0.05843660165415777,0.0034148364128867145,0.6719762980107987,0.058519039121214304,0.00342447793967021,0.34169986950960624,0.07382652699210264,0.005450356087715659,0.5903524821101273,0.13630155541754094,0.018578114009240986,0.5886186884687371,0.13667117811296017,0.018679010926784482,0.43411654630533036,0.191701204286258,0.03674935172480162,0.5846868896463254,0.1340794931595265,0.01797731048591551,0.5829028462675504,0.13446439486495995,0.01808067348639987,0.4435004503479901,0.1875283435483048,0.035166879633971034,0.9504806604328346,0.012506464544688657,0.00015641165540755444,0.9682717727732916,0.00791782660744895,6.269197818562653e-05,0.00059037746143213,0.0003064901046743381,9.39361842632867e-08,6.841606974601746,1.9901966679553005,3.9608827771403807
0.0,0.0,0.25,0.25,0.13556755926611488,0.015795674416089915,0.00024950333025911746,0.1352136781173342,0.015814760249169887,0.000250106641738724,0.6722300851124892,0.07027260136304915,0.004938238502330018,0.6696113115386793,0.07028023624297214,0.004939311606367974,0.33797555116734807,0.07429259133824712,0.005519389127751791,0.6674726349750849,0.0755583471381175,0.0057090638222442695,0.6648026051961814,0.07560123494606667,0.005715546725370373,0.33146220984306124,0.07846580750447438,0.006156882947329228,0.6340293418106504,0.1666422689799139,0.02776964581077398,0.632611336710871,0.16705642839429008,0.027907850267856568,0.5105259976621125,0.21471001595621672,0.04610039095191884,0.6351204186915982,0.16276801082639542,0.026493425348381578,0.6336983687120779,0.16317457546509884,0.026625942078215233,0.5240364298040185,0.20810932977112978,0.04330949313778884,0.9478870649300749,0.025493290151474102,0.0006499078427472465,0.9686610922877563,0.014349872794102584,0.00020591884920692549,0.0006972474231293149,0.0006961254079406779,4.845905835805753e-07,6.9719411611557005,2.233136744458428,4.986899719450385
0.0,0.0,0.25,0.5,0.13530615653254982,0.00913779714432932,8.349933665091309e-05,0.13408158949045218,0.009167802668314563,8.404860576515561e-05,0.6860461776420362,0.06306268072194285,0.003976901699837701,0.683481179928454,0.06317623438143627,0.00399123659061817,0.36277041555453915,0.07162222286471343,0.005129742808082679,0.6802803820995568,0.059912565513222944,0.003589515506376231,0.6776217714012996,0.060016121603948584,0.0036019348523799437,0.3440119568133969,0.07014175448217229,0.004919865721837337,0.5777891556257811,0.10228124997312382,0.01046145409606464,0.5760594819894456,0.10256123408309771,0.010518806736647963,0.44044368173919357,0.13122887042909875,0.01722101643409719,0.5876871951706184,0.09731436379983059,0.009470085401765778,0.5859677791359692,0.0975789866611386,0.009521658637814663,0.4655265720619009,0.13367121741139198,0.017867994364243626,0.8892907573812581,0.06365685200672752,0.00405219480740641,0.9284020274970342,0.04199710416009399,0.0017637567578337836,0.0030166464197934335,0.002519193920147949,6.34633800731039e-06,7.414632129669189,2.1916381806091847,4.803277914703937
0.0,0.0,0.25,0.75,0.13395165881833618,0.006704893619995458,4.49555984554558e-05,0.13188321215061444,0.006927854888374038,4.799517335436806e-05,0.6545647492572195,0.06448759527398762,0.00415864994422163,0.6512976821095995,0.06461267904972147,0.004174798293982316,0.3718460766204883,0.07042862060471917,0.004960190600283475,0.7122053826433821,0.062092484045453866,0.0038554765749349426,0.709418408146105,0.06227618524956989,0.0038783232492387468,0.35876213774146715,0.0706751606983208,0.004994978339733469,0.5636819434587752,0.08957035041373355,0.00802284767323902,0.5616564895715073,0.08983859805484523,0.008070973700460041,0.41028421470865817,0.12070443735359679,0.014569561196848373,0.6561550601641827,0.08343723976928778,0.006961772980317619,0.654496908569757,0.0837803948190228,0.007019154556031342,0.5188207002238606,0.12644209842100773,0.015987604253107808,0.633990189309398,0.09080560487216274,0.008245657876199346,0.7593026969086922,0.06148898236082476,0.003780894951769818,0.0658122018875192,0.030850078847658963,0.0009517273649067749,46.084328818321225,68.48504983595517,4690.202051033263
0.0,0.0,0.25,1.0,0.10573320602118061,0.01377175502094592,0.0001896612363569492,0.10289997731991407,0.01267747877962478,0.0001607184682078366,0.5965107398415685,0.045123967479624445,0.0020361724411022044,0.5926237039327656,0.04554529604070013,0.002074373991435015,0.3840885611874528,0.045506229186199974,0.0020708168947469584,0.724328782282195,0.029832459725962553,0.0008899756533011778,0.7215906484022192,0.029957131785572255,0.0008974297448181434,0.4090972570035527,0.043051748440831636,0.0018534530438126494,0.4946437048374352,0.0678104062082418,0.004598251190126759,0.4923058858405819,0.06810314532764498,0.004638038403518333,0.33618148068205905,0.08681205871527577,0.007536333538384488,0.6371311516691289,0.0832642227130161,0.006932930784002747,0.6353735119166227,0.08363600614138676,0.006994981523282083,0.45903483399995915,0.1529256248072257,0.02338624672268037,0.4383757716985066,0.04931444736955806,0.002431914719364912,0.5618438710336782,0.06077645031929995,0.0036937769134143352,0.19171625843103904,0.04446395909394483,0.001977043658307999,57.42790179252624,52.78158864188508,2785.896099561172
0.0,0.0,0.5,0.0,0.1359059721552924,0.008122398021385573,6.597334961780827e-05,0.13499553495823244,0.007850913440612247,6.163684185198603e-05,0.6929193560595104,0.06324507937841424,0.003999940065581918,0.6902489886379101,0.06331085322504404,0.004008264136083069,0.361051838769917,0.07314652378346118,0.005350413941604451,0.6948056875492579,0.06499365039161671,0.004224174591227699,0.6921289262157242,0.06507876350646559,0.004235245459530478,0.35495472949612483,0.07742938419850247,0.005995309537359304,0.6130694161605721,0.1416539419016711,0.02006583925628201,0.6113665298332249,0.1422729018096064,0.0202415785893259,0.4518813081166927,0.20564831595571453,0.04229122985542139,0.6294440675691105,0.1382863927414928,0.019123126417454388,0.6277884489246753,0.13891868804515797,0.019298401888187915,0.48416555425178254,0.2029023228299808,0.04116935260980175,0.9008706110522164,0.07911333228194671,0.006258919344753712,0.9383575510502228,0.04923318960095673,0.0024239069582837544,0.00267568789308008,0.0033503048497441614,1.1224542586219247e-05,6.963238859176636,3.1561033195370167,9.960988163592576
0.0,0.0,0.5,0.25,0.1356681912334034,0.010868979656965531,0.00011813471878353057,0.1350314719795434,0.010431490175253919,0.00010881598727641905,0.703462157302423,0.05517910516005574,0.00304473364626449,0.70081608962917,0.05514775667235203,0.003041275065992947,0.3722143940603061,0.062217731401135484,0.00387104610070384,0.7017495917979418,0.05581008862141143,0.0031147659919297977,0.6990595361511185,0.05580905425533782,0.0031146505368752405,0.36032938609453946,0.07085643606397479,0.005020634531688147,0.6254727066862114,0.10006337550876074,0.010012679118207258,0.6238062832603226,0.10040712363563492,0.010081590476781676,0.46141815742874404,0.13936396364157938,0.019422314361891457,0.6397062900055249,0.09864974166310586,0.009731771530197523,0.6380780537555414,0.09903503701199746,0.009807938555967708,0.4904055785589015,0.1561705713711896,0.024389247362403818,0.9219353877081504,0.05632927320163533,0.0031729870194244724,0.9512811681588496,0.037363770340852344,0.0013960513340839573,0.00174308843345721,0.0023029306884631974,5.303489755865576e-06,6.394696497917176,2.111113917881716,4.456801974273888
0.0,0.0,0.5,0.5,0.13051028072066892,0.012751208427522859,0.00016259331636212998,0.1295278781761245,0.01295554598728312,0.00016784617182860777,0.7023396827601169,0.07166219252940681,0.00513546983812177,0.6997645500440146,0.07179714187721715,0.005154829581737249,0.39581141033590467,0.08916100641927242,0.00794968506569754,0.7060163581605513,0.062261698439116116,0.0038765190925234344,0.7034326939673535,0.06231834813005961,0.0038835765136593045,0.3878347369192513,0.08505844870062522,0.007234939695356891,0.574363212592101,0.16792530172634648,0.028198906959884504,0.5725266631922838,0.1685800276220605,0.02841922571305468,0.4148791913799957,0.25682019578417575,0.06595661296262235,0.5839449269349818,0.17008584486393893,0.028929194623079905,0.5821205040816633,0.1707829283198813,0.029166808605513714,0.43619074760588294,0.2582546639374322,0.06669547144543603,0.9164778885973298,0.06412067309466683,0.0041114607181131305,0.9415785317894514,0.048879069412581605,0.0023891634266399705,0.00218561519752148,0.002842077586068738,8.077405005234305e-06,17.92911548614502,29.7891989193951,887.3963722592903
0.0,0.0,0.5,0.75,0.1327110606424292,0.007002406593592332,4.903369810198536e-05,0.1301521982396725,0.006748426745526125,4.554126353973233e-05,0.6890188193056332,0.04246407264848423,0.0018031974658957466,0.6857828885835122,0.042713625155280543,0.001824453773905815,0.41175580310938864,0.05660136821077655,0.003203714883331906,0.7368697932155164,0.03796896402844548,0.001441642229393387,0.7340560842841003,0.038223203783298076,0.0014610133074595326,0.38945947512173784,0.06181041348599297,0.003820527215309422,0.5462340045777451,0.056882233192708416,0.003235588452989659,0.5439561996101183,0.057025387990469655,0.003251894875463601,0.34381999712948885,0.06597981121970917,0.00435333548858846,0.6126988904979797,0.051339636737083194,0.0026357583002956627,0.6106832866657929,0.05148755365332113,0.002650968181203622,0.41400094590716074,0.07281147563188542,0.0053015109836926436,0.7001527218426172,0.049251845612432975,0.002425744296230933,0.8002690583663264,0.03462068738261578,0.001198591994844811,0.0455501321984626,0.016462249695445904,0.00027100566503520876,58.24576048851013,73.38273485356639,5385.025774588828
0.0,0.0,0.5,1.0,0.11469897768682943,0.011069572237259587,0.0001225354295159082,0.11043469364921046,0.01014986879387929,0.00010301983653296461,0.5873021722053113,0.03690010386934303,0.0013616176655683045,0.5831648126948763,0.036919142512991866,0.0013630230838946036,0.37032985597330176,0.035984337575830395,0.0012948725507713193,0.726803060904335,0.03580833534144131,0.001282236879925115,0.7239533175230222,0.03580873909335552,0.0012822657954560078,0.377384765120866,0.026362220765520625,0.0006949666836900468,0.4850014622338841,0.11417783769662898,0.01303657862107775,0.4825312013892593,0.1145960461290949,0.013132253788421644,0.32510507305621517,0.1315583266926888,0.017307593322180237,0.6557086398335544,0.13691016516819052,0.01874439332638121,0.6539668284631797,0.13748668518669535,0.018902588603625477,0.49897160534555896,0.19200075791697005,0.03686429104069094,0.3915938366118016,0.03121676140602652,0.0009744861926807869,0.5086770286833084,0.053028122502172294,0.0028119817761053916,0.22370456392728708,0.014739304872888381,0.00021724710813595118,33.67231216430664,54.191328559997146,2936.7000910975626
0.0,0.0,0.75,0.0,0.1293649523876334,0.009116583451191306,8.311209382253518e-05,0.1271941619843741,0.009011930756083386,8.121489595244168e-05,0.6602998735667656,0.0471020660626396,0.002218604627369265,0.6573290631383691,0.04738965676022878,0.002245779567852297,0.3817702618834086,0.06226777172151686,0.0038772753951629344,0.6976494985967079,0.03909581676516794,0.0015284828885355867,0.6949416171153653,0.039330736383008,0.0015469068244296689,0.36684495481897017,0.06825488810009447,0.004658729749556419,0.507050298913081,0.08793905526114451,0.0077332774402226285,0.5049324627013998,0.08828013525548091,0.007793382280726004,0.33586295045274933,0.11576558416885628,0.013401670477956549,0.5700015719620632,0.12051451165986439,0.01452374752061559,0.568101913897507,0.12100850595178819,0.014643058512683958,0.4075191380215154,0.16567101961825068,0.0274468867413508,0.6507203442386772,0.12493955603358425,0.015609892661869138,0.7711375275495893,0.08486139754955872,0.00720145679406425,0.048320262379169795,0.028520732373846534,0.0008134321751405778,14.981645321846008,15.941343836017355,254.12644329812852
0.0,0.0,0.75,0.25,0.13109854309647712,0.007612551428205883,5.7950939247079424e-05,0.12879625401081632,0.007891104821000808,6.22695352960222e-05,0.663521454422493,0.0596666213588386,0.0035601057043790144,0.6605147173708042,0.05967774898718819,0.0035614337241778407,0.38025250705420266,0.06300385846887527,0.003969486181966066,0.6978937807418018,0.06324250485751606,0.0039996144206529425,0.6951436319935004,0.06334169229190695,0.004012169982402625,0.3621107120778139,0.06754019180294926,0.004561677508779175,0.5838577616712833,0.1229483644753823,0.015116300327171447,0.5820410093534035,0.1233226478262679,0.015208475466881699,0.4358743703203681,0.1679550889896698,0.028208911917527897,0.6398463138982352,0.14798790934705094,0.02190042131291097,0.6382366975449367,0.1485372083750693,0.022063302271858765,0.5128163806833242,0.20239801948854794,0.040964958292886634,0.6404137869831076,0.10037667354107255,0.010075476591171055,0.7616104432494614,0.06681473990099597,0.0044642094680377425,0.050924609290813105,0.02651745077249288,0.0007031751954715833,56.096125316619876,66.37853966849859,4406.11052852244
0.0,0.0,0.75,0.5,0.13069100457187754,0.007652025904678909,5.8553500445877074e-05,0.12921957483269533,0.007853173576316088,6.167233521974923e-05,0.660582099826146,0.06252215766181494,0.003909020198688845,0.6572839348044008,0.06273498025746421,0.003935677747904424,0.37927174677618725,0.07074478376473305,0.005004824429918837,0.7135139966838946,0.058998933788490665,0.003480874188178706,0.7106774389999932,0.0592278327089389,0.003507936167398053,0.3739880390621784,0.07572293404008339,0.00573396273963882,0.5873004537073737,0.09739383306926044,0.009485558719922968,0.5853468622057987,0.0977458398520432,0.009554249208381277,0.4365716589619713,0.17763202280016024,0.031553135524076646,0.6658843275731743,0.11881472083574703,0.014116937887276498,0.6642591682874047,0.119331663613788,0.014240045940834254,0.5205527009782317,0.2011843157062369,0.0404751288861868,0.661752757751409,0.07673641588842527,0.005888477523401366,0.7846521573323686,0.03945159739920514,0.0015564285373489695,0.051414087006104,0.018428079323021155,0.0003395941075355598,25.221531367301942,45.3168598620402,2053.61778775579
0.0,0.0,0.75,0.75,0.11668165722401633,0.013727366202500276,0.00018844058285754687,0.11361086142961314,0.012693743226702909,0.000161131117105466,0.6458137613605509,0.06997709930025804,0.004896794426478174,0.6423972012371262,0.07024517320008729,0.0049343843579102604,0.41921535508592295,0.07927404644470237,0.0062843744397168295,0.7158994071706728,0.06609581965820897,0.004368657376290485,0.7130800261259854,0.06644701312079526,0.004415205552675138,0.41519157463281003,0.08504339653418026,0.007232379294069825,0.549377848468828,0.08914172418872185,0.007946246991338158,0.547276953321304,0.08934152504948786,0.007981908098168268,0.3875609034997606,0.09910340551068111,0.0098214849838145,0.6392504623236304,0.10263459448841304,0.010533859985800984,0.6375097680249274,0.10294943846640449,0.010598586880548004,0.4858573612192025,0.1146536235249756,0.013145453387406837,0.6864399158960668,0.07621688333705429,0.005809013305614143,0.7672773406072639,0.07127545306623408,0.005080190209796936,0.041854037982497684,0.019221782527921345,0.00036947692355070237,96.92608597278596,68.48290482456709,4689.908253210714
0.0,0.0,0.75,1.0,0.10367197839722235,0.008799866659748778,7.743765322935812e-05,0.10014711390175428,0.007637121938452387,5.832563150279074e-05,0.6089517052974868,0.038546150286287384,0.0014858057018930532,0.604932220251132,0.03882836029306509,0.001507641563048074,0.4137444127805658,0.05018871606900155,0.002518907220654854,0.7380057952894025,0.03384139890591875,0.001145240279909519,0.7352260411078337,0.034030539738715025,0.0011580776349082624,0.4521051103343545,0.058543410545363626,0.0034273309182829927,0.45990242333497344,0.07557933387073132,0.005712235708343474,0.45727380250069716,0.07585986019648727,0.005754718389030593,0.2728201125386124,0.07067768202089901,0.004995334735847312,0.6186967644849501,0.07361589161082001,0.005419299497655999,0.616753287607666,0.0739120951615162,0.0054629978111650265,0.43691546083466626,0.08609076855920945,0.007411620431115367,0.46017541917617544,0.048869626403874024,0.002388240384854221,0.6163125033623973,0.04907524397035155,0.0024083795707495258,0.13561335478296502,0.027206112188966906,0.0007401725404386537,102.128990650177,62.08923803873573,3855.0734802307875
0.0,0.0,1.0,0.0,0.10699890689922162,0.007634585094358052,5.8286889562994146e-05,0.10437207239181072,0.007388397650676004,5.458841984451469e-05,0.5909071637375959,0.053317155584785864,0.0028427190796522627,0.5872734896469086,0.05337072550541149,0.0028484343409739803,0.370373333296094,0.06549177151388526,0.004289172136026952,0.7039878972421352,0.06177115884227369,0.003815676064717407,0.7013333430414799,0.06175353580243223,0.003813499184102279,0.39378908679728486,0.07638886305152298,0.005835258398304333,0.4250840361606839,0.07899752905888104,0.006240609597408753,0.4226211756426029,0.07902240128868025,0.0062445399054292154,0.2684772556648124,0.09952273525280365,0.009904774832199648,0.5576146682839722,0.13137539942608698,0.017259495574363896,0.5556807444890458,0.1316318062861403,0.017326932426151964,0.39979046608961855,0.1641975481450757,0.026960834816854448,0.44820486714575447,0.07932447950461974,0.006292373048678837,0.5815765898593699,0.08348935111045258,0.006970471748844429,0.16628860623639855,0.06662458697574435,0.004438835589688522,34.6745662689209,53.0638208509498,2815.769083301695
0.0,0.0,1.0,0.25,0.10201456740839845,0.011549676520096757,0.00013339502771887433,0.09932223246716028,0.011701275264690175,0.00013691984282005013,0.5782186237179967,0.04716889645504856,0.0022249047927870927,0.5743692030771177,0.04730019548401918,0.0022373084928264285,0.36619060565796835,0.061763426510874825,0.003814720854364235,0.6999054001312633,0.04917229084043281,0.002417914186496112,0.6971096552617061,0.049293139074569316,0.0024298135598248326,0.406181909545384,0.07196849591632237,0.0051794644044577095,0.4520765128699192,0.07293085387433478,0.005318909446839572,0.4496550483001083,0.07317240051250308,0.005354200196762161,0.29887539349807457,0.08726030550650433,0.007614360917088471,0.5918461029941139,0.09205830896754459,0.0084747322499639,0.5899788355456316,0.09240830980428115,0.008539295720884004,0.4231810215299145,0.13209189089675086,0.017448267640679135,0.45345712660366627,0.050599253931595256,0.002560284498434058,0.5881257630602165,0.05437523569748679,0.002956666257157242,0.17368399897172612,0.045782398260003146,0.002096027990437539,39.59410095214844,37.203519208294246,1384.101841481919
0.0,0.0,1.0,0.5,0.09654356985352755,0.013788063898626201,0.00019011070607259916,0.09482180738191062,0.013505683920412999,0.00018240349815810223,0.5673025328300831,0.0512104763878732,0.002622512891872918,0.5631614645988365,0.05147662377758428,0.0026498427955389554,0.35313095457557464,0.06249050316282164,0.0039050629855426214,0.6991910920172467,0.05493927262352066,0.0030183236764015266,0.6962550170145871,0.0551166319678965,0.00303784311948455,0.3982522158789567,0.07265419842127306,0.005278632548237717,0.47865367081867644,0.07918633001401922,0.006270474861089161,0.47625534383427803,0.07947137366577843,0.006315699232325782,0.31186531086057034,0.10738451110880416,0.011531433226076885,0.6039238020534302,0.12647861136811436,0.01599683913360651,0.6020430252583312,0.12698796864656225,0.016125944180980276,0.42281126269737823,0.17635053259942826,0.031099510348102006,0.44067503404859243,0.05689995050259244,0.0032376043671974697,0.5686635813172123,0.07772605976695322,0.006041340366895984,0.1775372059839054,0.06286739111026861,0.003952308865011481,57.997731590270995,51.195255921395045,2620.9542288571342
0.0,0.0,1.0,0.75,0.10406952457576661,0.008466516998311508,7.168191008269771e-05,0.09922717446176924,0.009415137356975795,8.864481145072115e-05,0.5945590984975002,0.038035405064549395,0.00144669203842435,0.5906146332325274,0.037670823161622194,0.0014190909176742114,0.40855721810655543,0.058233191424628,0.0033911045834973687,0.7244563450008625,0.059104693993909115,0.0034933648521136363,0.7217725302602399,0.05894067371490503,0.003474003017966897,0.44955824330196104,0.07869116391678962,0.006192299278579053,0.4735706616877889,0.051753587669644815,0.002678433836679612,0.4711026803376742,0.051983978308411304,0.002702334000769377,0.30065428777047043,0.07664000791276095,0.00587369081286806,0.6219677084336539,0.10726665467978486,0.01150613520619221,0.6201650022982239,0.10763140674643633,0.01158451971821682,0.4458589461982683,0.15269778562308703,0.023316613734194244,0.4966733922559047,0.09641848621243901,0.00929652448349829,0.6492801905591257,0.0913456064821609,0.008344019823593795,0.10916418563893426,0.04863191085364708,0.0023650627532770764,62.72230749130249,45.67122727241128,2085.861000568244
0.0,0.0,1.0,1.0,0.10270208487858767,0.011100827895717333,0.00012322837997033609,0.0970086403204293,0.009834013413751574,9.670781982184589e-05,0.5809056004758715,0.031182810271828752,0.0009723676564488687,0.5771275910432404,0.03129352572247706,0.0009792847521433335,0.4024246542813999,0.03957115670624645,0.0015658764430703134,0.6961912491815404,0.027663938086812195,0.0007652934704709784,0.6933912604049726,0.027534189324166312,0.0007581315817390341,0.43688047972267013,0.03432089339285285,0.0011779237232835704,0.43673628816034665,0.07004951226854256,0.004906934169060693,0.4343085436485188,0.07024103508648662,0.004933803010021044,0.244508111029135,0.05701536981684032,0.003250752395351066,0.5737051009763042,0.08256597089242607,0.006817139549408948,0.5718179143148138,0.0827304610571668,0.006844329186731394,0.4138419572483607,0.12718014027331978,0.0161747880799413,0.5362719465737952,0.10688246498043294,0.011423861320293473,0.6521855055304565,0.09374143454465983,0.008787456550490744,0.11097935021933134,0.05807418789877447,0.003372611300102163,67.77947995662689,45.439322431027406,2064.7320229908705
0.0,0.25,0.0,0.0,0.14073914333383367,0.009505727255923418,9.035885066400537e-05,0.13993145885144137,0.009717536494890168,9.443051552952229e-05,0.7138757092480018,0.0589477294836449,0.0034748348112769783,0.7112658112030288,0.05911941938777438,0.003495105748747553,0.37338474867870003,0.07834225204666877,0.006137508455743777,0.707661700335953,0.05403418480380439,0.002919693127411685,0.7049524262165698,0.05418445641990729,0.002935955317520832,0.3590681226209623,0.07311226863139814,0.0053454038244297244,0.7334278846891966,0.12647687576778133,0.015996400103978792,0.7322182802787633,0.12694834165687854,0.016115881449431563,0.6180969418897067,0.17202914157410695,0.029594025550724132,0.735909468636448,0.12739091468217573,0.016228445143561376,0.7346914497106763,0.1278862529300587,0.01635489368849095,0.6462957570654015,0.16747902456544744,0.02804922366939375,0.9477547684451142,0.015558354328505419,0.0002420623894113233,0.9667472449748147,0.008088743905725672,6.542777797241421e-05,0.0007889899480040101,0.00037610266235898603,1.4145321263351745e-07,5.3200584888458256,1.4867895984552055,2.2105433100745913
0.0,0.25,0.0,0.25,0.13345254847079144,0.011320001178928493,0.0001281424266909425,0.13222104330403123,0.011857179032132556,0.00014059269460004392,0.7117448952228559,0.042775086625912125,0.001829708035854286,0.7091411649184486,0.04289600188093638,0.0018400669773692975,0.3815113659018473,0.06736933954047801,0.0045386279101202135,0.7050559622118302,0.04586074590767576,0.0021032080152083993,0.7023651328496382,0.0460145816409597,0.0021173417235925453,0.37029411062660367,0.06619126615628129,0.004381283715371669,0.6038362999755964,0.17749735972480954,0.03150531270927844,0.602051883464951,0.17823881493017185,0.03176907514771205,0.43379614006916284,0.25048125048343955,0.06274085684374758,0.602107510947963,0.17830285851390232,0.03179190935422867,0.6002898001992032,0.1790579035740429,0.03206173283233124,0.44672340493354595,0.24506355899577686,0.0600561479476766,0.9497511604322749,0.012214863232064091,0.0001492028837780312,0.9671628529107043,0.005245789218828635,2.751830452837874e-05,0.0005653005810585001,0.00023507585227574527,5.5260656323168014e-08,6.419585084915161,2.456527643433424,6.034528062952571
0.0,0.25,0.0,0.5,0.1308213635277675,0.009560397332551028,9.140119715624882e-05,0.12971884134187314,0.009175785625886721,8.419504185222938e-05,0.694725639260235,0.062432404928268785,0.0038978051851273204,0.6922588014134347,0.06237821221495374,0.003891041359133804,0.382604176686555,0.07301789106719302,0.0053316124159004654,0.6939513265511326,0.06396141266946465,0.004091062310673552,0.6914537761558576,0.06390042710646679,0.004083264584388876,0.36933666555528216,0.07908430083353248,0.006254326638328664,0.5110109716352257,0.05666590302313383,0.003211024565427208,0.5090067135939284,0.056670756924679475,0.0032115746904161063,0.3263183245032414,0.051726479580427136,0.0026756286897843453,0.5274890413423308,0.039029941586493117,0.0015233363402450647,0.525520821745398,0.03897320707086089,0.0015189108693882015,0.3518897227647099,0.057620866103896724,0.0033201642105631945,0.9026423358894938,0.07518649527228069,0.005653009071328687,0.9372475908400435,0.05018627452358752,0.002518662150556889,0.0024409771301892,0.003010241257376931,9.061552427614246e-06,7.426179981231689,3.4364935953671942,11.809488230999746
0.0,0.25,0.0,0.75,0.1308491424636941,0.010822929936787974,0.00011713581241662132,0.12843372757725652,0.010956769476666439,0.00012005079736480933,0.6622600355627506,0.052912173821780706,0.0027996981385463356,0.6590633696191893,0.05295130720595305,0.0028038409348192152,0.3847174669915209,0.05900215039146429,0.0034812537508169695,0.7100237977883308,0.05982181168269995,0.0035786491530004163,0.7072179893475481,0.05999441366227739,0.0035993296706804557,0.3661156701761253,0.06510076696395747,0.004238109859295496,0.5200382252920026,0.09763755816017465,0.009533092763481486,0.5178191723901909,0.0979473069658585,0.009593674941864113,0.34088444673939333,0.12724342038784037,0.01619088803199667,0.5839556116485362,0.10889095559883188,0.011857240211226777,0.5819735024736936,0.10927193544960238,0.01194035587690207,0.4173307496165909,0.15602530374128692,0.024343895407560847,0.6440955217649609,0.08151159339411913,0.006644139857648206,0.764460348022268,0.0538273223098499,0.0028973806270484645,0.053973743346066014,0.020236495582452965,0.0004095157534586383,21.08414328098297,42.041492732790026,1767.4871112012365
0.0,0.25,0.0,1.0,0.1057881352853807,0.013578294340421413,0.00018437007719512017,0.10264502039263816,0.012988241964428058,0.00016869442932653,0.5860354164664245,0.0385582684068614,0.0014867400625355658,0.5820430998899513,0.03823573671619115,0.001461971562229888,0.38346201279167,0.06209681077805977,0.00385601390880616,0.7301148418929978,0.05200144770738877,0.0027041505636642886,0.7274812394804335,0.05186914646227526,0.0026904083547249617,0.42224586743905795,0.07926066793289895,0.006282253481169275,0.509475199618703,0.06543893880057058,0.0042822547113448226,0.5071693570939094,0.06581961500925457,0.004332221719966489,0.36205083190527504,0.09812992789433468,0.009629482748547325,0.677604416786715,0.0827653891041838,0.006850109633566946,0.6760393990079184,0.08313906977224333,0.006912104922593946,0.5233304148128587,0.13554632471177797,0.01837280614287075,0.465955751917595,0.08319245238377093,0.006920984133625994,0.5878287187097334,0.09295330953873225,0.008640317754203373,0.1766898253297084,0.06468480180724856,0.004184123584843027,28.53339557647705,30.18474420033125,911.118782439431
0.0,0.25,0.25,0.0,0.1381516061714103,0.008314342470444703,6.912829071584053e-05,0.1370881174530581,0.00857537490246546,7.35370547178345e-05,0.6959751972503444,0.03183143656532611,0.00101324035381238,0.6933203995791819,0.0318724373495749,0.0010158522626025773,0.3493450296788655,0.04193317631752535,0.001758391276076669,0.6922496304569934,0.029005988157389504,0.0008413473489866201,0.6895348135107449,0.028996999510322075,0.0008408259806016187,0.33784085299526334,0.03474679687868735,0.0012073398933287567,0.6101671186655643,0.09803175762399982,0.009610225502850648,0.6084592897810932,0.09843660445711097,0.009689765097045718,0.46751032908908846,0.14948145711415098,0.022344706020969756,0.6186509220611495,0.10012759284309689,0.010025534848552987,0.6169589883704737,0.10055247460587069,0.01011080014936427,0.49513731465216465,0.14640473598453596,0.021434346718701678,0.9561109994236929,0.012343255665714294,0.00015235596042918802,0.9699362569191162,0.00786701468947687,6.188992012444485e-05,0.0004961305734885199,0.00027216256239720476,7.407246037061239e-08,5.178428816795349,1.375028323906245,1.8907028915444175
0.0,0.25,0.25,0.25,0.13591386043400025,0.010493468742491413,0.0001101128862496443,0.13541981693761745,0.010253332000329792,0.00010513081710898695,0.698820572503293,0.03142125494293985,0.0009872952621892217,0.6961351796242693,0.03140912672233039,0.0009865332414594093,0.3570604523794437,0.039786326333700314,0.0015829517631316952,0.6902424519743744,0.033873510121012,0.0011474146879183026,0.6874508079048451,0.03394962747237861,0.0011525772055132847,0.3446663878425061,0.049921451308964644,0.0024921513007933275,0.6304163911855247,0.09864630236235794,0.009731092969765745,0.6287806098448534,0.09902036486723872,0.009805032658441086,0.4536832617875892,0.12476381375644871,0.01556600922305382,0.627817155669358,0.09575063928895247,0.009168184924243088,0.6261470598658752,0.09613061886944642,0.009241095884222767,0.46500987872328103,0.11737254208971207,0.01377631363660123,0.9499601174585317,0.017347840221782904,0.00030094756036050873,0.9675185601619031,0.011452401666243906,0.0001311575039249862,0.00067562946499476,0.0004624944463266815,2.1390111288302368e-07,7.0360411405563354,2.409886531468146,5.807553094551571
0.0,0.25,0.25,0.5,0.13668733117665108,0.007946326392942961,6.31441031431819e-05,0.13523735258268874,0.008212602738460792,6.744684373977369e-05,0.7238210468952369,0.05049424178443623,0.002549668453385106,0.7212547181909514,0.05060010454722978,0.002560370580190584,0.3971353910193443,0.06646935682132667,0.0044181753962408464,0.7176902927873731,0.04677663974882286,0.0021880540261911548,0.7150159654510897,0.04690716075751104,0.0022002817303309837,0.3760894616479017,0.06497903015205655,0.004222274359501874,0.6115253331172948,0.12750164917829632,0.016256670543185348,0.6097827031151541,0.12788359414938508,0.01635421365256464,0.43332515758595996,0.14389352191920787,0.020705345650313553,0.6189858951320407,0.1229705075427121,0.015121745725312215,0.6172426280816448,0.12335528711370623,0.0152165268589049,0.46914898501659713,0.14547610817942017,0.021163298051030358,0.9043153697469185,0.04495796964453262,0.0020212190345587164,0.941190647720558,0.03005786086275769,0.0009034749996449004,0.00193304819298196,0.001602767285077242,2.5688629701138732e-06,6.178462409973145,1.1142702933054303,1.2415982865429696
0.0,0.25,0.25,0.75,0.13116503791530398,0.010086191067389073,0.00010173125024787913,0.12904685917050346,0.009759707603148973,9.525189249896388e-05,0.6592168067725137,0.05791375519526808,0.00335400304081744,0.65611646888329,0.0581983641031031,0.003387049584277359,0.38509037462510637,0.07998365604341118,0.006397385234070706,0.6990789250968754,0.0544708373060555,0.002967072116822768,0.6962833785124743,0.054689491071695774,0.002990940433681092,0.3662066673457455,0.08251864891274836,0.006809327418385427,0.5556106463151209,0.1201196754079857,0.014428736420119844,0.5536400355669766,0.12053177788421932,0.01452790947993078,0.3961451735260369,0.16820611679778139,0.028293297728188876,0.6288775618876916,0.15197118259559597,0.02309524033950397,0.6271815343365088,0.152570508044172,0.023277759924856752,0.49636092695958506,0.21869378870748074,0.04782697321923223,0.6617410199146798,0.12455052815599621,0.015512834063937605,0.7741721972023068,0.08299630576682208,0.006888386770939824,0.05494788653284758,0.03135744303349464,0.0009832892335988616,9.508152151107788,4.4367741777858525,19.684965104667327
0.0,0.25,0.25,1.0,0.10805894220988536,0.007498030740521249,5.6220464985801626e-05,0.10575049749300122,0.006603500579572707,4.360621990441707e-05,0.572208957093665,0.06312604780616529,0.003984897911626265,0.568565045524123,0.0633047517984811,0.004007491600267295,0.3516477010980402,0.06829369215846118,0.0046640283886346615,0.6987724520295683,0.050107901580072556,0.002510801800758238,0.6961494972880234,0.05007933746950704,0.0025079400413847716,0.3802121807383661,0.06306002178420146,0.003976566347423963,0.49004781276755915,0.09245188827051412,0.008547351644783627,0.48792779678359005,0.09272554789108695,0.008598027231702257,0.3660026928749061,0.15409331703329543,0.023744750354323694,0.6582539093696974,0.1742179726764316,0.030351902003485864,0.6568006600773071,0.1748504192518184,0.030572669112536668,0.5349429156327934,0.25512968494443117,0.06509115613984472,0.47570855497678,0.10587645559615393,0.011209823849604353,0.5997457555704044,0.10219809456273593,0.010444450532253916,0.17408233978914095,0.08639731982813595,0.007464496873485214,37.593757247924806,49.319683118945875,2432.4311429532345
0.0,0.25,0.5,0.0,0.13399970547524648,0.012310956752196539,0.00015155965615445356,0.1333020223229588,0.012112108343019094,0.00014670316851303275,0.7197127211218808,0.06410819723785365,0.004109860953087546,0.7170695514191829,0.06429266185648602,0.004133546368592453,0.3919251951675028,0.08275256740765502,0.006847987412558489,0.7199610504718382,0.05795381142975448,0.0033586442592355415,0.7172858358813281,0.05807751382285363,0.0033729976118437545,0.38357668628101327,0.07759902767253536,0.0060216090957229094,0.6533163987339388,0.15086895880219758,0.022761442730059193,0.6516907377770107,0.15148735785387293,0.022948419589547357,0.5099769305036453,0.22283100256448754,0.049653655703894656,0.6548684279920195,0.1486550364597905,0.022098319864861646,0.6532230417037193,0.1492993014552922,0.022290281415038214,0.518648354596907,0.2175132973899967,0.04731203454146914,0.9017420295227438,0.06979188550825748,0.004870907282797719,0.9363556085388959,0.0430666951422232,0.0018547402304731917,0.002415313586988,0.0025579169604580104,6.542939176598747e-06,7.20488474369049,3.0411806126557064,9.248779518792938
0.0,0.25,0.5,0.25,0.14310008969446747,0.01215101313430307,0.00014764712019000575,0.14205602742878803,0.012756993758085453,0.00016274088974383121,0.6179462921557531,0.09915215473979648,0.009831149789544547,0.6151876995759951,0.09890421525025055,0.009782043794267892,0.28309018470297637,0.07342640666242284,0.005391437195355493,0.6164975920558873,0.09551039842564317,0.009122236207425102,0.6136745024942715,0.09524468832728791,0.009071550654562215,0.2679664145938316,0.06738342062227795,0.004540525374758833,0.588569764023217,0.09352205374511931,0.008746374536704984,0.5869896556860187,0.09370241655412763,0.00878014286808325,0.43668088800422433,0.12849954574356395,0.016512133256302287,0.6168026881016415,0.08744515463989315,0.0076466550699948255,0.6152935504332939,0.08763919956231163,0.007680629299922683,0.4822846790214892,0.13762103420335217,0.018939549055200226,0.8486784892248156,0.11965878280511884,0.014318224302402602,0.9037114880893814,0.0778749029929829,0.006064500516166498,0.006617657546877339,0.009161974789622437,8.39417820456771e-05,6.43535349369049,1.3752777991872471,1.8913890249373182
0.0,0.25,0.5,0.5,0.13802621596091447,0.0085251195736228,7.267766374456657e-05,0.1369740929090983,0.008689702430618557,7.551092833269807e-05,0.6866300143015532,0.06265803509197727,0.003926029361587456,0.6838239560338313,0.06286317267601978,0.00395177847889508,0.35902303570065697,0.07717874430036344,0.005956558571780882,0.6916892795525194,0.05348481235689004,0.0028606251528517372,0.6888755269572985,0.05365938964161125,0.002879330096710257,0.3462136854472221,0.08081200232074043,0.006530579719087357,0.6125861321242713,0.10339886121289903,0.010691324500124354,0.6108508044404489,0.10377298909821907,0.010768833266379094,0.4606929366123057,0.1819136478417116,0.03309257527107826,0.6373524104455327,0.10892367633340802,0.011864367265985032,0.6356862989962259,0.10937500304443172,0.011962891290969448,0.5002805207792114,0.18588239092183054,0.03455226325481623,0.8855574875844452,0.06273522225369943,0.003935708111221064,0.9201840227237621,0.04891164774549042,0.002392349285178938,0.0036868605273197796,0.003829472637592555,1.4664860682070082e-05,8.237841916084289,2.6826424987341486,7.196570776014596
0.0,0.25,0.5,0.75,0.12994446862894715,0.0061861648489577445,3.82686355384804e-05,0.1282387670684576,0.0058777142716055575,3.454752505863565e-05,0.6610474134691413,0.05954312429421588,0.0035453836507164413,0.6579320115191836,0.059654480309458406,0.0035586570209915607,0.3857562402793251,0.07526525406725428,0.005664858469808336,0.7113199666573853,0.0657263454933302,0.004319952491908608,0.7086210340454439,0.06596806196274285,0.00435178519912028,0.3789290123591783,0.08686155764217121,0.007544930196024232,0.5670335980075616,0.09417537816816735,0.008869001853117332,0.5650223326903324,0.09471888927202421,0.008971667984925982,0.4054589677078084,0.1553193741421057,0.024124107983895415,0.6475499905266916,0.10034104453392238,0.010068325218158595,0.6458493835690378,0.10093361016265749,0.010187593660467315,0.500203830819298,0.17227394893618234,0.02967831348206636,0.6460251449124103,0.09000275387277623,0.008100495704683536,0.7754439450876192,0.046518152788933106,0.0021639385388945247,0.049571303803308556,0.019450833951772915,0.00037833494141944194,23.10872116088867,39.82720876086369,1586.2065576814177
0.0,0.25,0.5,1.0,0.10383490303458756,0.010293483906027745,0.0001059558109236522,0.10099076261440872,0.009942963877816721,9.886253067556812e-05,0.6143857837358797,0.046062680748136235,0.0021217705577047203,0.6104905442227497,0.046144561777894486,0.0021293205816739205,0.4070057277937436,0.05380832446829338,0.0028953357820851403,0.7413693354123281,0.040784220480880956,0.00166335264023311,0.7386961523016625,0.040846482024680324,0.001668435093792533,0.442074129597356,0.05397173713968192,0.0029129484098749203,0.4745656082092699,0.11193865657585422,0.012530262836007031,0.4720317243785006,0.11238447966189724,0.012630271268875394,0.30135554407174986,0.15247879961057553,0.023249784330682047,0.6112797042264463,0.1588073156486062,0.02521976350351604,0.6093401308620521,0.1595437688916075,0.025454214192138665,0.42793548730774306,0.2345070956988972,0.054993577933131726,0.43520026376631576,0.05090394746014041,0.002591211867024735,0.5608447087368783,0.07180191125591946,0.005155514460002934,0.17869424531865544,0.048167493329567136,0.0023201074136538946,63.90884392261505,50.085052077956156,2508.51244165158
0.0,0.25,0.75,0.0,0.12934725020147625,0.011659777154002213,0.00013595040328099196,0.1270752286282014,0.01152526676325465,0.0001328317739641823,0.6610643550999079,0.04084820921549331,0.0016685761961127124,0.6578849458106352,0.04104287033110499,0.0016845172050158985,0.3870775259550161,0.057679141140234653,0.00332688332267511,0.7042480027744092,0.04349285788394959,0.0018916286869134363,0.7014054375651122,0.043735836314072206,0.0019128233780913173,0.37235624729864053,0.06883779737638707,0.004738642347632521,0.56721019276594,0.08945383072785988,0.008001987831888609,0.5652280471413131,0.08983514122211635,0.008070352598397588,0.42787123125399507,0.12969662465078713,0.016821214445807166,0.6483384466777362,0.10561928629197889,0.011155433636827,0.646680865365932,0.10607430842071801,0.011251758906933609,0.5199256557882327,0.16881200766472432,0.028497493931794945,0.6439433838051349,0.04935313946612898,0.002435732375163178,0.7691993087557604,0.03553622174815802,0.001262823056134259,0.05376146044889056,0.017266105276987433,0.00029811839143601326,50.34970633983612,58.23929881929484,3391.8159269631174
0.0,0.25,0.75,0.25,0.12554752821377294,0.012052654943687005,0.0001452664911915828,0.12343081860931278,0.012038122636644914,0.0001449163966149027,0.6496544095619975,0.056186053649990034,0.0031568726247595586,0.6463945831651209,0.05636153131656737,0.0031766222123484045,0.3770951071000183,0.06525552332933175,0.004258283324984961,0.6997060061285848,0.03964698492385953,0.0015718834135527446,0.6968355465189806,0.039754270084710906,0.0015804019899681404,0.3709412783079447,0.05662180263021538,0.003206028533095065,0.5402750288079945,0.10741557012122764,0.011538104704468373,0.5381749453409221,0.10781631033810139,0.01162435677492179,0.38418705583037893,0.15198781772262265,0.02310029673608517,0.614676910019651,0.12518256188562268,0.015670673800247753,0.61285921743747,0.12570985810073343,0.015802968423706532,0.45920772023654755,0.19058710196312548,0.03632344343470279,0.6402246343069092,0.0884643088376937,0.007825933938130851,0.7661427495624529,0.0559312040349398,0.003128299584798066,0.05848040456982669,0.026702177647608964,0.0007130062911244678,41.946727705001834,40.311778557412325,1625.0394904618483
0.0,0.25,0.75,0.5,0.13010061105449527,0.010252249101219156,0.00010510861163344899,0.12805651161549242,0.010340642178241616,0.00010692888065842954,0.6625896309402332,0.049797898489085585,0.0024798306939292727,0.6594456671513573,0.049997277317662375,0.0024997277391792367,0.3826400941104074,0.05393658090157083,0.002909154759351695,0.707191665024224,0.04876196759504931,0.0023777294837406394,0.7044266444698296,0.04886694369016327,0.0023879781856175875,0.374450667053634,0.061102235088890115,0.0037334831328579943,0.5932393352290221,0.12281053130655202,0.015082426599797595,0.5914262379497413,0.12321283768793716,0.015181403371113948,0.47534083913719394,0.19114993935979158,0.03653829931725199,0.6800338275872019,0.13935251183325548,0.019419122554237604,0.6785793450678168,0.13988443426894404,0.019567654950742523,0.5735562042806481,0.22045290617612262,0.04859948384149832,0.671838406597508,0.12448866422064306,0.015497427519440015,0.7908318606112286,0.07554156409498798,0.005706527905917178,0.04559016866294527,0.023369445620917435,0.0005461309886290171,33.5710355758667,46.627628919389906,2174.135778644326
0.0,0.25,0.75,0.75,0.12609240058381463,0.01183324409463418,0.0001400256658031947,0.12377575873787486,0.010889070343995593,0.00011857185295648432,0.6474751510952657,0.06279380959273986,0.003943062523169269,0.6437895651974374,0.06320679905727233,0.003995099447066403,0.40971652772674066,0.07785329273468342,0.006061135189632309,0.7048999296078649,0.07119460164676124,0.005068671303641017,0.7017179370598536,0.07179237860475846,0.00515414562572898,0.3890536592247646,0.10779404120124468,0.011619555318495636,0.5590623956891891,0.08508732024824718,0.0072398520670277754,0.5568494909865565,0.0854001817482894,0.007293191042640861,0.3780621726076142,0.11566140588108285,0.013377560810388588,0.6562566575209109,0.10582976306319235,0.011199938750011433,0.654460512878076,0.10629323741257406,0.011298252319645832,0.49711311407553155,0.13942355304669513,0.019438927144164612,0.7221807896338153,0.05394866129534209,0.0029104580555595417,0.7966295768151507,0.04957459738478228,0.002457640705863262,0.04413490435921837,0.0231965933237543,0.0005380819418276425,74.40135409832001,62.76581040486839,3939.546955779885
0.0,0.25,0.75,1.0,0.10565590776351966,0.013474917990427005,0.00018157341484873336,0.10191108922256564,0.01253486727228772,0.0001571228975338698,0.587808593208768,0.04411298861871128,0.001945955764874551,0.5837263015059803,0.04437637486167525,0.001969262645863923,0.3925804533961135,0.04616453308451769,0.0021311641149115283,0.7254225245262003,0.03487516146868849,0.0012162768874670947,0.7226036545410288,0.03492752075404682,0.0012199317060243714,0.41909917576882644,0.052312489978846556,0.002736596607786921,0.4647248391731139,0.09998103447328104,0.009996207254347411,0.46222069919511205,0.10025245516602446,0.010050554766815746,0.29390429787352695,0.10442592456357842,0.010904773720958173,0.6215823677006911,0.11660625237290753,0.013597018092454203,0.6197311196513711,0.11701829445023752,0.01369328123604249,0.47122933365447495,0.1643401007753152,0.027007668722840755,0.4434778756720982,0.06574055664249336,0.004321820787664877,0.5990033303002709,0.06941476481462724,0.004818409574270013,0.14816017609358254,0.034696516801020566,0.0012038482781235025,84.40700104236603,46.102990028298045,2125.485689549349
0.0,0.25,1.0,0.0,0.10737656757599265,0.01185554505458315,0.000140553948541251,0.10387533132167123,0.011165934765411913,0.00012467809918543442,0.5749883989170994,0.056312564429697586,0.003171104912648842,0.5708164763310555,0.0565393899740035,0.003196702618632447,0.357428096830567,0.060822561630484655,0.003699384003294104,0.7031172253222449,0.046235814057238846,0.002137750501535565,0.7000905421427339,0.046427983226032685,0.0021555576264367725,0.37366358623317997,0.05907871715743738,0.0034902948209684856,0.4777338824858752,0.08407070952453585,0.007067884199958884,0.47525892162716676,0.08441916080468571,0.007126594710967386,0.3341636754781905,0.13838690718141333,0.01915093607923711,0.6317057361612497,0.11299605058475369,0.012768107447752215,0.6298568419867767,0.11353525933633314,0.012890255112568421,0.4803364670599268,0.20440944579973372,0.041783221532154274,0.41582089915629095,0.05448175124198353,0.002968261218393374,0.5271122295168238,0.06821484990307533,0.004653265747299096,0.22143160720075858,0.04124409167361377,0.001701075097981457,47.79045603275299,46.44288947925749,2156.9419831825257
0.0,0.25,1.0,0.25,0.10381852237947169,0.010520668745872501,0.00011068447086037846,0.10092853023541719,0.010455534623841627,0.00010931820427035105,0.6022858644617,0.02635422861739137,0.0006945453660177303,0.5985462821422438,0.026622158695376055,0.0007087393336017869,0.38837316530447386,0.031205007177587934,0.0009737524729533145,0.7288576198356209,0.033079202577704435,0.0010942336431768078,0.7262665852111987,0.03310677970864436,0.0010960588626767061,0.43028422108222636,0.05762273406836195,0.0033203794815131605,0.4635603896535166,0.06876060941029909,0.004728021406475712,0.4611434065416688,0.06899773562284847,0.0047606875210804925,0.29566659352369634,0.05755876541822676,0.0033130114764704567,0.5981632094858942,0.07494521705185493,0.005616785558949648,0.5963047670518039,0.07512250169765303,0.005643390261313881,0.40955544964527046,0.08100832397370619,0.006562348553028942,0.47418420385218873,0.07362097478407699,0.005420047928157699,0.5967387037846377,0.06893900407544928,0.004752586282914814,0.1622513430824823,0.059080965458654836,0.003490560479526766,58.86176989078522,47.84586508261277,2289.226805503584
0.0,0.25,1.0,0.5,0.10669870043903992,0.011441999928775873,0.00013091936237010708,0.10311344835579465,0.011659938059736173,0.00013595415555688414,0.5865207080850514,0.059471694800977117,0.0035368824825005685,0.5825457834246137,0.05941109958792306,0.0035296787542461114,0.37606699715722,0.06840610300351875,0.004679394928128018,0.7120119642617012,0.07305353504862669,0.005336818983100929,0.7091965099183091,0.07322813455612821,0.005362359690570419,0.39883477358532626,0.09341102675432793,0.008725619919297769,0.44769253007434734,0.05820566797546489,0.003387899784470059,0.4451149559779122,0.05830972695636591,0.0034000242577259454,0.2881733247557644,0.07680987329596067,0.005899756635741533,0.5980512425223596,0.08399151242052191,0.007054574158686686,0.5960836051251939,0.08425726888558853,0.007099287360058364,0.43124404552667156,0.14029110669919403,0.01968159461888465,0.4213326412338221,0.03793313482824328,0.0014389227178976834,0.5579303790240174,0.05347665141408637,0.0028597522464637055,0.18046980229907114,0.04589863109104296,0.0021066843360316554,55.84670557975769,54.729095148831554,2995.273855809857
0.0,0.25,1.0,0.75,0.0976651860735149,0.010072190370586473,0.00010144901886133487,0.09491213494390185,0.009393732227967988,8.824220517076442e-05,0.5736491201461893,0.06398362398686334,0.004093904138492314,0.5697499258837941,0.06403034423518783,0.004099884982876651,0.37821963376413975,0.06453850504973209,0.004165218634054294,0.6941301335755823,0.0729971159783332,0.005328578941154228,0.6913313361056888,0.07298237358426408,0.005326426853993088,0.4199789225285924,0.07744319235613537,0.005997448042309383,0.38932935064847196,0.06414046157529822,0.004113998811092308,0.3866159003927937,0.06440344469171333,0.004147803688158577,0.2064768887155489,0.0780452515444113,0.006091061288630436,0.524410232264189,0.12021538568856974,0.014451738956251578,0.5222464359356411,0.12058380421717835,0.014540453839486798,0.31915554400379476,0.15503109186163996,0.02403463944381225,0.4976003394818188,0.08667585132009843,0.00751270320206381,0.6491016280263071,0.07746393778446621,0.006000661657075652,0.09769274301194064,0.046953621613591436,0.002204642582632321,82.8773467540741,56.93051845031847,3241.083931022052
0.0,0.25,1.0,1.0,0.10095575198622986,0.01050414250977798,0.00011033700986572484,0.0947450342662038,0.010424761150126399,0.00010867564503718466,0.5886167235846959,0.03490001658953956,0.0012180111579501369,0.5845000257408446,0.03526206705522922,0.001243413373007482,0.4203926083918267,0.043190553186986384,0.0018654238845978999,0.7043335337406764,0.031490390012587646,0.0009916446631448796,0.7013098526285486,0.03149004540371019,0.0009916229595277294,0.45367937923723056,0.04642868752177896,0.002155623024994993,0.44281265355918126,0.078281035739916,0.006127920556514006,0.4401885836747098,0.07852968710978808,0.006166911757561216,0.24149673589257575,0.07070468148196055,0.004999151983465495,0.5867471368822681,0.11542340971162723,0.013322563509458164,0.5847388668172191,0.11584519447994682,0.0134201090840967,0.41156390988878544,0.16564655041330822,0.02743877966382866,0.5177722903009474,0.08270164640221786,0.006839562317637475,0.6601489099889071,0.057330397693689486,0.0032867744997165963,0.12442457102972777,0.056528730224093944,0.0031954973407483924,82.24874436855316,43.85903504726028,1923.6149552768054
0.0,0.5,0.0,0.0,0.13148473392072083,0.007914659126858467,6.264182909436403e-05,0.13073999433364686,0.007590008564882418,5.760823001498846e-05,0.6835643151988268,0.04936081233827189,0.0024364897946940944,0.6809418514876391,0.04928721890533547,0.002429229947422458,0.35632601904603306,0.041074183249007024,0.001687088529573009,0.6854665376650388,0.0495233890631662,0.0024525660643017295,0.6828438290351125,0.04944130252984204,0.0024444423958473647,0.35640766810691893,0.0472765524410187,0.002235072410708391,0.5869494658505132,0.09367910830852519,0.008775775333480394,0.5852030676963387,0.09407130938754234,0.00884941124988671,0.43586244328317225,0.14961212460750484,0.022383787829571553,0.5991553110556438,0.08894854470299704,0.007911843604781064,0.5974514994660993,0.08931618051817623,0.007977380102355444,0.46385104551133294,0.12825634663069152,0.016449690451052098,0.894845213968684,0.06534522208694162,0.004269998049591722,0.9379526537494082,0.036069725148273495,0.0013010250722719934,0.00238351032832218,0.003167762472317318,1.0034719081021926e-05,7.499571752548218,1.9804342667982122,3.9221198851085726
0.0,0.5,0.0,0.25,0.12908019881400856,0.012150633190044046,0.00014763788691899994,0.12821233601282023,0.011822181341995822,0.00013976397168303413,0.6952537812185223,0.05567918942737485,0.0031001721352894914,0.6927551227549158,0.05575265344715206,0.0031083583663982363,0.3870057656716677,0.06395702879918014,0.004090501532819158,0.6944941402930894,0.054706930839673415,0.0029928482818968104,0.691954925642196,0.05482788958792509,0.0030060974766657044,0.3775323423545603,0.06996453564164012,0.004895036247550331,0.5898414574582883,0.15035425710370987,0.022606402629208485,0.5881681335005066,0.15090799247117195,0.02277322219167929,0.4224388609791876,0.1995933712611414,0.03983751385138783,0.6022081248029028,0.15197413626178513,0.023096138092515636,0.6005711311904878,0.15253678343984223,0.023267470302173326,0.4485477693047641,0.20549060621396456,0.04222638924218265,0.9205304716559203,0.04811995872019021,0.0023155304272328096,0.953690992334322,0.02837639402049837,0.0008052197376065757,0.00143587364638181,0.0017857351221362199,3.18884992643086e-06,7.408423185348511,2.274686472951212,5.174198550227224
0.0,0.5,0.0,0.5,0.1353458279873968,0.010186067206366478,0.00010375596513261459,0.13422802663217898,0.010140359452889675,0.000102826889833809,0.7071194273090621,0.06357283873375372,0.004041505824667857,0.7043961900552856,0.06375844500077558,0.004065139308916925,0.3797472405792963,0.07345124017415218,0.0053950846831209865,0.7138531676471906,0.05658481793955816,0.0032018416212529436,0.7111551553283613,0.05674037124512347,0.003219469729034434,0.37148623604242825,0.08036379518104277,0.0064583395759005915,0.6069328053725398,0.14665435047162723,0.02150749851225487,0.6051364511904873,0.14719791733255289,0.021667226867041076,0.44783609694187965,0.21133803099319987,0.0446637633440827,0.625287445705812,0.13223097419451707,0.017485030536431037,0.6235385194133941,0.1327563319460503,0.017624243671769894,0.4822473766392029,0.20065270360850238,0.040261507465401504,0.8973085366514546,0.06556348133828024,0.004298570085195021,0.9305861665655218,0.04867391998257809,0.0023691504864704147,0.00239440342951763,0.0026720942379637844,7.1400876165592565e-06,7.146439170837402,2.5949684268302926,6.733861136246083
0.0,0.5,0.0,0.75,0.12808059702712699,0.00811664871122875,6.587998630149134e-05,0.12604364826375986,0.008020879708752877,6.433451130228365e-05,0.6648331274065852,0.050722587146688085,0.002572780846853367,0.6618771278118647,0.05080866225797953,0.0025815201604454333,0.38683849986602953,0.05879332636355895,0.0034566552248919556,0.7015845114724344,0.05144078659464166,0.0026461545254754647,0.6988974524057332,0.051546888256029606,0.002657081688879603,0.3706962363654198,0.060171894696278226,0.0036206569113399955,0.5547668606205829,0.10205897856524718,0.010416035105781584,0.5528466321881714,0.10239551416336848,0.010484841320780595,0.3927031563258347,0.142551622569544,0.020320965097209733,0.6074834067564457,0.11341664446067998,0.012863335240720291,0.6057449567152443,0.11382470647599621,0.012956063804346694,0.46236863775695564,0.15792119985038855,0.024939105362186357,0.6383343502625283,0.07338241685679964,0.005384979103745111,0.7708370447777946,0.039937905694513415,0.001595036311263847,0.03935043157626436,0.016690486286797385,0.00027857233248977154,28.628409075737,46.305890317419596,2144.235478088894
0.0,0.5,0.0,1.0,0.10469818815733027,0.01344715670342219,0.00018082602340639234,0.10088372001547763,0.012119755177880467,0.0001468884655717604,0.5789662719796969,0.03974454490780375,0.0015796288499284287,0.5746418981257138,0.040106774052714914,0.001608553324915526,0.3661792513418935,0.04565567054976623,0.0020844402533487915,0.7289096958544606,0.038184498867345755,0.0014580559537503293,0.7260176744659226,0.03843280243443088,0.0014770803029639965,0.39223168324401375,0.052024779997175155,0.002706577733754476,0.4621222197462515,0.06697345612823358,0.004485443825760428,0.459481367692616,0.06727863228257497,0.004526414361813939,0.3101817606978039,0.09605999318159918,0.00922752229004888,0.6309712560268237,0.11664172589070983,0.013605292218763486,0.629069546188327,0.11716466704296544,0.01372755920328895,0.45704202466890453,0.18181134840244761,0.03305536640791619,0.41094792170810496,0.06496930803313579,0.004221010986304483,0.5282110387398606,0.0844571824467617,0.007133015666845593,0.21784271247330386,0.05042201919479246,0.0025423800196800192,62.47507295608521,48.44327600443477,2346.7509900418454
0.0,0.5,0.25,0.0,0.13946327284039714,0.011914718783438943,0.0001419605236884328,0.138890102429098,0.011597344939983153,0.00013449840965695282,0.6878028731341541,0.06557269924337353,0.004299778886061919,0.6849960995430062,0.0656122451539492,0.004304966714141931,0.3467494242472066,0.0743205543728362,0.005523544802285703,0.6816975315439492,0.058644923113047594,0.0034392270069352636,0.6787800694967528,0.058707181622610516,0.003446533174070178,0.32857105606518555,0.076722218357103,0.005886298789634991,0.6183830213933426,0.10715940246770556,0.0114831375372357,0.6167005611277058,0.10732921290002372,0.011519559941738616,0.44108292065932353,0.08855971237319277,0.007842822655622632,0.624987429112926,0.08218366089346922,0.006754154117852742,0.6232901535164561,0.08228996727854575,0.006771638714704129,0.4668628122759473,0.08823675232330301,0.0077857244605639185,0.8914520764543419,0.11247191318274359,0.012649931254986611,0.9329527679618617,0.07050910053332206,0.004971533258018117,0.00395219733206588,0.007831444720489002,6.133152641007506e-05,6.009379291534424,2.3345880199666476,5.450301222971792
0.0,0.5,0.25,0.25,0.1321448594098356,0.011827816564614823,0.0001398972446861768,0.13026330222039983,0.012154932814784395,0.0001477423917319225,0.6846050277930518,0.04564860442103257,0.002083795085587914,0.6819722634129731,0.04581611215651162,0.002099116133138052,0.3762750761651269,0.0687180199149314,0.004722166261028909,0.6839442181262558,0.044584916711369056,0.0019878147981597155,0.6812576655378073,0.04477171818495939,0.0020045067492334236,0.3578416534067716,0.0766631797286634,0.005877243126109347,0.5135624843938346,0.1230865978343414,0.015150310566432894,0.5115602034946509,0.12348603070837268,0.015248799780109158,0.3484134756810021,0.1599881967976194,0.02559622311455379,0.5235716216201893,0.13216087702954635,0.01746649741721887,0.5215670190688037,0.13262392774521264,0.017589106210567383,0.37648535309134906,0.177185948862122,0.03139486047417051,0.861064755384396,0.06678980754627221,0.004460878392068082,0.9164853178048707,0.04153590520257084,0.0017252314209969513,0.0036754720607391302,0.002829576933415845,8.006505622119017e-06,7.218192529678345,2.0704459574277276,4.2867464626288205
0.0,0.5,0.25,0.5,0.13381639395299838,0.012338928250498081,0.00015224915037093966,0.13328992027841285,0.011775991002373552,0.00013867396408798286,0.6783067151780288,0.07768349752341441,0.006034725787470333,0.6755606995251554,0.07782702779267092,0.006057046255041173,0.3621075936444676,0.07969798496806378,0.006351768807969721,0.6855696681571899,0.06871877976612446,0.0047222706925451165,0.6828446961043303,0.06878401907710388,0.00473124128039939,0.35294284854070784,0.08130293575406645,0.006610167362229857,0.6162821578792226,0.14763703481664142,0.02179669404945019,0.6146821535234708,0.14799976526444836,0.021903930518331814,0.48621534224075685,0.19547856749690518,0.038211870350642115,0.6454178807440127,0.15338877343627996,0.023528115816286426,0.6439212499992332,0.1537794094288692,0.023648106764291788,0.5267382369681011,0.21529375558348418,0.04635140119324102,0.8873622404734478,0.06705129063114117,0.004495875575301758,0.9257754027456819,0.05176457769975354,0.0026795715044338215,0.0035520884581304096,0.003728429030570672,1.3901183036002161e-05,8.319821500778199,3.9255627375856355,15.41004280672083
0.0,0.5,0.25,0.75,0.13080556668918872,0.00987516613837014,9.75189062604122e-05,0.12882283340693362,0.009214346256376673,8.490417693240282e-05,0.6787232071690734,0.06903241441677979,0.004765474240210027,0.6755245293921744,0.06917776819656958,0.0047855636126583135,0.40741151115636615,0.07856942090736035,0.0061731539017179544,0.7292853943750689,0.06397155237620143,0.004092359513421083,0.7265309639045379,0.06416347497657154,0.004116951521069123,0.3928766556903686,0.07951495816880831,0.006322628572587335,0.5850457186713538,0.08148486809527589,0.006639783728504509,0.5830299894121822,0.081695497815789,0.006674154363369585,0.4328132180376737,0.12048096024391922,0.014515661781296842,0.6747314185885236,0.09500204404456823,0.009025388372646081,0.6730997008259001,0.09538084585845912,0.009097505756675136,0.5372938002893753,0.16054613303599147,0.025775060832810268,0.6761788350273232,0.08719260308352707,0.007602550032481494,0.7951676980752437,0.046669209409900304,0.0021780151069451274,0.04603168825001378,0.02056848441136948,0.00042306255098074934,62.69399514198303,67.08405483220707,4500.270412730565
0.0,0.5,0.25,1.0,0.11091054070777853,0.014899311124960835,0.00022198947199838172,0.10734930005420847,0.013757971569813732,0.00018928178171580292,0.5843303738505423,0.030573748231033912,0.0009347540808946493,0.5804158270674558,0.03067550312301859,0.0009409864918503234,0.3689714985792857,0.03988815120148353,0.001591064606272412,0.7141810222656664,0.0507207021553714,0.0025725896271338975,0.7114104816889328,0.05098827240282119,0.0025998039226242968,0.39011742286965745,0.06746165721938426,0.0045510751947857,0.47638359024775445,0.07568466109664272,0.0057281679253136635,0.47399487195732737,0.07606007805363249,0.005785135473524666,0.3387373213351025,0.09578570931251738,0.00917490210850208,0.6474246128541594,0.08086746581039346,0.0065395470265951555,0.6457378870503853,0.08123075830293755,0.006598436094470257,0.5130952228364556,0.1577939082755352,0.024898917488868008,0.42141351314804754,0.05086531665791534,0.0025872804387099997,0.5542991996767792,0.06450001489638679,0.004160251921634118,0.19489850363158936,0.06165013428820379,0.00380073905775356,35.787892031669614,38.43770476432738,1477.4571475495957
0.0,0.5,0.5,0.0,0.13092555994099758,0.010320082006399153,0.00010650409261880357,0.12986425227787426,0.010345049490736962,0.00010702004896579706,0.7206233923507781,0.059575853007094254,0.0035492822615229014,0.7179975686779273,0.059688266652884035,0.003562689176025788,0.4017428083116089,0.06577551313311192,0.004326418127924178,0.7209773902319515,0.05766379994066663,0.0033251138235972245,0.7183137510019779,0.05782758028509314,0.003344029041628893,0.39139050307172696,0.07288125988674161,0.005311678042678773,0.6050517825112816,0.1292462702115826,0.016704598363605428,0.6032582274098008,0.1295928793298652,0.016794314373005003,0.4078766539905853,0.1579851853114749,0.024959318777901068,0.6120291273466218,0.1257067223675721,0.015802180048397854,0.6102337345628037,0.12607629301886733,0.015895231661379298,0.42834985342342835,0.15109978714849717,0.02283114567632115,0.9030338399801512,0.05605725830771547,0.003142416208977935,0.9358730989214352,0.04033893605941821,0.0016272297624058312,0.00208006573970846,0.0017248815275977077,2.9752162842478017e-06,8.111497521400452,2.0861104635644607,4.3518568661931285
0.0,0.5,0.5,0.25,0.13439013369769642,0.007680129122871501,5.898438334397897e-05,0.13329234253236905,0.008087870923509908,6.541365607535702e-05,0.7318040578418854,0.06602870854641545,0.004359790352307475,0.7291655667275949,0.0662704680861828,0.004391774940361773,0.4119790769854837,0.07548457481785083,0.005697921035431719,0.7320437953623025,0.05726883902680893,0.003279719923478554,0.7293664671695398,0.05744940290884111,0.0033004338945823615,0.4006863848236817,0.07223578954335977,0.005218009290952564,0.6328526683960793,0.12513628427789542,0.01565908964287826,0.6310891919500446,0.12560699343579776,0.01577711679998054,0.46110643492252973,0.1889273953344374,0.035693560707854795,0.6403484742630491,0.12358705301680883,0.015273759673379517,0.6385884300195122,0.12410548733659423,0.015402171987053551,0.4827885216234235,0.18906426989834652,0.03574529815219482,0.9218261542262844,0.05731163767989071,0.003284623813551069,0.9466442644931938,0.038068514073339596,0.0014492117637520548,0.00189823989897866,0.0021833930658516185,4.76720528000893e-06,10.096914601325988,3.0916147174503905,9.55808156115586
0.0,0.5,0.5,0.5,0.13773356329239772,0.005368211400376091,2.881769363912783e-05,0.13683738596791273,0.0051455959633313775,2.6477157817852168e-05,0.6822557001757411,0.09711059905751247,0.009430468449308943,0.6794941287738729,0.09731903066658039,0.009470993729882814,0.35713782978077807,0.08386717112177236,0.007033702391968649,0.687951277747998,0.09180308172134782,0.008427805813536467,0.6851893789662284,0.09199926727394085,0.008463865178942005,0.34256522091493385,0.08907955866009219,0.007935167771076805,0.6292302551547815,0.10400040269702532,0.01081608376114343,0.6276107024343557,0.1043103147471383,0.010880641762647057,0.49896315463465124,0.13503457398735086,0.018234336171945333,0.6583918569433006,0.08880090788778768,0.00788560124169535,0.6568497801075297,0.08913599741530741,0.00794522603522169,0.5501752800665147,0.13372721476504792,0.01788296796881725,0.9595268202430673,0.015537220924927722,0.00024140523407001186,0.9734482297718593,0.009503380988447017,9.031425021157622e-05,0.00045721509156113955,0.00031450258220481645,9.891187421349734e-08,11.152323079109191,5.358300546339668,28.71138474490398
0.0,0.5,0.5,0.75,0.12901061351069393,0.005517626376445901,3.0444200830051518e-05,0.12681783039713737,0.0056923069401352035,3.24023583007114e-05,0.6724731854392684,0.10290023265077537,0.010588457879583698,0.669189622485461,0.10336038302610047,0.010683368779302198,0.40811370803703484,0.10383669114294354,0.01078205842751505,0.7186621815825702,0.10363355840051924,0.010739914426753833,0.7157933326119374,0.10417604564606267,0.010852648486450532,0.394483030178751,0.10484810077784672,0.010993124236721502,0.6002268319050363,0.10147790754853146,0.010297765720428299,0.5982592229939031,0.10179353200161043,0.010361923157362887,0.44726939476491234,0.12920613614776127,0.016694225618233822,0.6661193974245487,0.10328785761205155,0.010668381530087435,0.6644272917441443,0.10368690437543288,0.010750974138960161,0.5234027829728028,0.12583846851609437,0.015835320158476072,0.7193083519226725,0.05416142983627114,0.0029334604819093216,0.8120897477020274,0.037385422504754594,0.0013976698158590112,0.04108204940274152,0.019039802131737265,0.00036251406521570695,89.66437125205994,70.8554239604321,5020.491104612576
0.0,0.5,0.5,1.0,0.10849768900938092,0.014558847828550232,0.00021196005009488177,0.10536734532412924,0.013812867140770629,0.00019079529864858097,0.6088210484874068,0.04517518380792468,0.00204079723207978,0.6047706171766605,0.04537307818495387,0.002058716223977937,0.39484832316960616,0.05675685900826969,0.0032213410444846043,0.7442936305188069,0.04419482793854125,0.001953182816517266,0.7415668574805054,0.04436229448677549,0.001968013172131391,0.4256226244197652,0.07435205317858175,0.005528227811870648,0.5246637868208195,0.06040194829454635,0.0036483953577770506,0.5223079747083417,0.060666509561543416,0.0036804253823808386,0.3749422875289737,0.07582285225128493,0.005749104923520185,0.6922192721898679,0.06458505790878051,0.0041712297050805315,0.6906202134456273,0.06488251666828848,0.0042097409692107325,0.5632676681970803,0.1207924161420209,0.014590807797427151,0.4226933466035433,0.06274031082907236,0.003936346602928614,0.5357095256168669,0.07298698166576421,0.005327099492678601,0.19433279425202954,0.05991683055963332,0.0035900265843118095,46.60882585048675,45.183222953829706,2041.5236364954835
0.0,0.5,0.75,0.0,0.12924974132569927,0.007310239917968366,5.343960765825814e-05,0.1274157854011317,0.0072634248498584285,5.2757340549540936e-05,0.6553630412779484,0.06866704249176221,0.004715162724565478,0.6521076164271481,0.06890658257029197,0.004748117121516466,0.3787966480538125,0.08309468263863799,0.006904726282815967,0.7038757056354117,0.05304441713559396,0.0028137101892548944,0.7010092338048683,0.05317830115500025,0.002827931713731901,0.36869754220558615,0.07479546222268434,0.005594361169105,0.556013736610433,0.09521352915168646,0.009065616133519049,0.553922109797968,0.09568568888246273,0.009155751056911451,0.41529035911013557,0.20052941703876376,0.04021204709790644,0.6375333000960215,0.12657524190726713,0.016021291863883194,0.6357580846241353,0.12725368949216703,0.016193501489368864,0.5030745850526025,0.2372585975583903,0.0562916421153742,0.6532667512323576,0.0877779932391666,0.007704976097095177,0.7836577590813113,0.04582392293520928,0.0020998319131719993,0.04981494259168543,0.022780932500703992,0.0005189708856016315,26.9040718793869,43.59460756207006,1900.489808490896
0.0,0.5,0.75,0.25,0.1320376288360012,0.012259099021154095,0.00015028550881046127,0.1298732989908546,0.01218326469124185,0.00014843193853686035,0.6585983234299801,0.059203112501078806,0.003505008529815394,0.655447468258245,0.059239681610119735,0.0035093398772683584,0.38061861791040225,0.07150014823218491,0.005112271197224415,0.7039140807312299,0.058734685846852895,0.0034497633215285015,0.7011215574214132,0.05879842991417098,0.003457255360371677,0.3676845693634572,0.07800348488552017,0.006084543654285574,0.5661431184554755,0.09644238814852464,0.009301134231790686,0.5641968997979359,0.09665415939551923,0.00934202652845444,0.4340739766443507,0.1289173212851862,0.016619675727347922,0.6516377791116331,0.11566757377470327,0.013378987622926422,0.6500451361994786,0.1160105234334865,0.01345844154731152,0.5377837003943604,0.16384081742264026,0.026843813453718935,0.6792853264081551,0.07758702488503394,0.0060197464305108755,0.7934101911342707,0.043642059199937876,0.001904629331210882,0.045968665358643745,0.02109286734999585,0.00044490905304452093,39.57940745353699,48.708820498501986,2372.549194355287
0.0,0.5,0.75,0.5,0.12811945146046716,0.014561973080017426,0.00021205105998315217,0.12631917204366752,0.014207759576849098,0.00020186043219354728,0.6595306067738754,0.05925091296959462,0.0035106706877304763,0.6562723244626196,0.05923332242201779,0.0035085864851507153,0.384696964017176,0.061552456174459085,0.003788704861108706,0.7012667810562625,0.06182949652978268,0.0038228866411264086,0.6983650948846732,0.06185033454241378,0.003825463883008503,0.3745201392360523,0.06702720654865842,0.004492646417716518,0.5475493888994649,0.11882751082470329,0.014119977328794978,0.5454773980512908,0.11895809655921236,0.014151028736990891,0.3895504850480222,0.14617582685676567,0.021367372357259138,0.6145700062748201,0.13842267555376442,0.019160837107462733,0.6127817759903044,0.13869096883294812,0.01923518483582179,0.46008154594319395,0.17605528391984182,0.03099546299609611,0.7225463881834175,0.059183747952336524,0.003502716021685698,0.8155641414083206,0.038561172154232146,0.0014869639979083287,0.036596561779559125,0.021525189376369245,0.00046333377768855946,46.11435413360596,51.96347679084234,2700.2029201924106
0.0,0.5,0.75,0.75,0.12810340658069944,0.010957142142786022,0.00012005896393721745,0.12481306511222161,0.010670452348288529,0.00011385855331709618,0.6794663515110061,0.05253766539366437,0.0027602062850166386,0.6759373811512511,0.05274851346505951,0.0027824056727735642,0.43538575747590186,0.06522677910461702,0.004254532712362503,0.7449220159772112,0.05280033504035061,0.0027878753803732763,0.7420473082561669,0.053047966612384166,0.0028140867617086254,0.4207837175173557,0.06250638240483665,0.003907047841339672,0.5737689913942021,0.12267755510639879,0.015049782526883512,0.5715534827063223,0.12311497449888599,0.015157296945861348,0.40618312460428074,0.18485449764409398,0.034171185299250346,0.6754006722541093,0.1584360135167637,0.02510197037908413,0.6736687144368321,0.15917051606981614,0.0253352531859316,0.528658647014776,0.2416403797040877,0.058390073103535674,0.76158707994062,0.04234738220616299,0.0017933007797148498,0.8351525738760245,0.0394972232399222,0.0015600306436642502,0.027369940142516397,0.009365604401558878,8.771454580649903e-05,74.57414178848266,69.50525336786176,4830.980245730658
0.0,0.5,0.75,1.0,0.10064869599402917,0.015566718472491147,0.0002423227240017971,0.09679791677021904,0.015093883571105427,0.00022782532125808632,0.5815851702962649,0.03200171010493798,0.0010241094496404894,0.5773754816581167,0.032035562332751136,0.0010262772539755833,0.38742145147908,0.04146098482773677,0.0017190132628858185,0.7216419763782308,0.04531687166190117,0.0020536188572212208,0.718792828973853,0.045352545919392064,0.002056853421370566,0.4354036839000501,0.06806314048439462,0.004632591092598437,0.46081658181081664,0.06572948433988184,0.004320365111586771,0.45822035297179753,0.06609437176739096,0.004368465979326087,0.28074600007344774,0.08398111448778002,0.007052827590609616,0.6307491831967218,0.09975906385884935,0.009951870821993981,0.6289181761805869,0.10016714130766788,0.010033456197750305,0.4335821337258041,0.14930384710327396,0.022291638759837806,0.4668869638194555,0.07645947318279601,0.005846051039390704,0.6147079510445347,0.07841538181646557,0.006148972105422079,0.13397124841167024,0.03967439940829995,0.0015740579684093113,65.95450785160065,53.502094580112676,2862.4741244593224
0.0,0.5,1.0,0.0,0.10892195714460082,0.009714244903736822,9.436655404977681e-05,0.10632668732806716,0.009283598730179879,8.618520538299746e-05,0.5888690979016578,0.06535428494819885,0.0042711825610903704,0.5849175765511648,0.06584142522769523,0.004335093276014183,0.36787467757193326,0.07212581295574506,0.005202132894527122,0.7166066541937314,0.04305990338437577,0.0018541552794717757,0.7137954327567025,0.04319279738311845,0.001865617745779124,0.38778781514876914,0.0740290874050796,0.005480305782028916,0.4906724412612462,0.09580961324455804,0.009179481990071792,0.4883225267496615,0.0961306592447213,0.009241103646824721,0.3384413992250983,0.1300242536684061,0.016906306542026017,0.6307467114571494,0.13405399671605317,0.017970474035547593,0.6289669135611056,0.1345961989511288,0.01811613677209184,0.48317840682094887,0.20256855741196753,0.04103402045196558,0.41293404146172763,0.057031315225705245,0.003252570916373759,0.542887233564403,0.07747263449379092,0.006002009095408522,0.20208343309912413,0.0729816837550205,0.005326326163717822,54.65408091545105,45.51846770859634,2071.930902538528
0.0,0.5,1.0,0.25,0.10342710375939224,0.008731459863578763,7.623839134928686e-05,0.10139031948602491,0.007733996443738229,5.9814700991755575e-05,0.5687975596884521,0.05470812813495826,0.0029929792840310116,0.5646177627631096,0.05523877096050224,0.0030513218172268253,0.3458329684027737,0.057668352028382844,0.0033256388256694878,0.7080914590049512,0.04417405831494275,0.0019513474280119622,0.7051655407398318,0.044376108505076534,0.001969239006054326,0.3720170590784809,0.06053304412784082,0.003664249431383124,0.44777664526935224,0.07697899926894321,0.005925766328447959,0.44520332853170147,0.07730061221434237,0.0059753846487121355,0.3153222474358092,0.10774095093680099,0.011608112508766156,0.6360345090504251,0.12608827488684504,0.015898253063940597,0.634265167960507,0.12661949827389576,0.016032497343133095,0.4873383531613572,0.19551929216808286,0.03822779360990815,0.42080649785399205,0.06361810565945106,0.004047263367697078,0.5379314056728679,0.077655655122461,0.006030400772498604,0.21336011096474777,0.06961454839993678,0.00484618534892714,60.23480832576752,62.077512761443494,3853.6175906471794
0.0,0.5,1.0,0.5,0.1052760282834937,0.011345015514610547,0.000128709377026754,0.10246032557092696,0.010417849790599926,0.0001085315942595029,0.5870467719353316,0.03600603885952535,0.0012964348343536495,0.5831759034133466,0.03612680757303926,0.0013051462254194065,0.36912504697821646,0.03508380295243701,0.001230873229605428,0.7187940837363087,0.0440336812353627,0.0019389650831375333,0.7161043179745186,0.0440163196095251,0.0019374363919678643,0.39853203778898044,0.04659076365699301,0.0021706992581417804,0.44867186510231266,0.0668170418133768,0.004464517076690544,0.446153698536365,0.06729683334495289,0.004528863778258363,0.3014387953287354,0.10314484754566253,0.010638859575217964,0.6188328661227901,0.09629502475992226,0.00927273179351404,0.6170127883457727,0.09677165587727492,0.009364753381229718,0.45706302022240203,0.18470687987469897,0.03411663147304648,0.45445660986451114,0.062333703282509825,0.003885490564911976,0.5829288394587466,0.08233969890478618,0.006779826015730846,0.16088893827584977,0.05843464543924199,0.0034146077876099244,49.85932190418244,48.6118029790078,2363.1073888698716
0.0,0.5,1.0,0.75,0.10640222842218368,0.014288095366951935,0.00020414966921511335,0.10197591068435385,0.012953795760752155,0.0001678008246112805,0.5722422728389243,0.03483463408038062,0.0012134517315140153,0.5677426831838723,0.034992454460826876,0.0012244718691930426,0.3820759821912555,0.04165110816687744,0.0017348148115289247,0.7226939476724759,0.043388627885148676,0.0018825730297559015,0.7196785828628005,0.04355380579748384,0.0018969339994449365,0.4112297745546246,0.06789542013098426,0.0046097880747628635,0.4784957588857453,0.062188697506891585,0.0038674340976036633,0.4758925351021362,0.062437864013880365,0.0038984868626158165,0.30881741908484694,0.08716185940693248,0.007597189735273864,0.6710403879788326,0.08839232355569633,0.00781320286357491,0.6693096583946694,0.08881231283121106,0.007887626910428897,0.5205045045314247,0.17789183681714515,0.0316455056061778,0.41766064923406265,0.07391265625576524,0.005463080754782912,0.5699973643694545,0.07465473924774381,0.005573330092148621,0.1613332230002793,0.04359499068028805,0.0019005232124144017,58.09679639339447,44.37559007466629,1969.1929944748215
0.0,0.5,1.0,1.0,0.1083524762199198,0.010075806413307539,0.00010152187487844934,0.1018153720340321,0.007989955691676607,6.38393919549554e-05,0.5557867884602142,0.03465701669004015,0.0012011088058537216,0.5516814612954406,0.03486749220290149,0.001215742012519396,0.3834537964053096,0.03766602544955722,0.0014187294731666917,0.6908707467386246,0.03725510550156834,0.0013879428859329874,0.6879189305943537,0.037139986887744,0.0013793786260217966,0.3918565928918034,0.03675969478984557,0.0013512751610425997,0.5007036892675799,0.10332321966752021,0.010675687722462636,0.49850894828215575,0.10365881795208032,0.01074515053922253,0.30641337145895486,0.10616434404683998,0.011270867946895809,0.6801410917044286,0.16637856959650577,0.027681828420979316,0.6786980016224912,0.16694610131478027,0.02787100074420488,0.5759717775337003,0.23673337742235068,0.05604269198579313,0.4672274867504641,0.13123418131234973,0.01722241034472268,0.6255927436055703,0.0893274661206413,0.00797939620353432,0.15997095410628503,0.08418650860900782,0.0070873682317745485,84.32535283565521,46.47592318465307,2160.0114358657725
0.0,0.75,0.0,0.0,0.13412689880448475,0.005594157625036506,3.129459953375408e-05,0.13277533495273897,0.005208923361559147,2.713288258659664e-05,0.6093723622568861,0.0427217217239125,0.0018251455070554172,0.6061645336744728,0.04283672570240381,0.0018349850689029833,0.3162483754304545,0.040859576798523665,0.0016695050161544534,0.6425504744760603,0.04474360291674054,0.0020019900019709524,0.6395303181614185,0.04491069749520905,0.002016970749506176,0.29844706110151903,0.04756329639123724,0.0022622671636006817,0.5279973595723739,0.10734669339692388,0.01152331258325318,0.5260854279985068,0.10762070420927183,0.01158221597449958,0.3619582858800244,0.13399410419882074,0.01795441996004443,0.5849298491589807,0.12423191253355632,0.015433568091745188,0.58319661592719,0.12457210658795137,0.015518209739759918,0.44577805920695796,0.1560373178125041,0.02434764455012041,0.6025293431791683,0.09169737993750764,0.008408409487403628,0.742847769970725,0.062118605513232276,0.003858721150908571,0.05630643020449869,0.02549081181815665,0.0006497814871486747,11.571097087860107,9.016498779683475,81.2972502440336
0.0,0.75,0.0,0.25,0.12428888165012539,0.012504125670106024,0.0001563531587738044,0.12268387658069024,0.01230315220848602,0.0001513675542651744,0.6743758054068455,0.05792996295576104,0.0033558806080558464,0.6712667059754134,0.05800412202828565,0.0033644781722722526,0.4092119612586111,0.06494043601349447,0.004217260229622769,0.7140422438668856,0.05956574274253166,0.0035480777084694634,0.7112723836703789,0.059697876225832454,0.0035638364258748115,0.4012950708311812,0.07049439958965971,0.004969460373506616,0.5677492998698638,0.10617849526698495,0.011273872857161145,0.5657300317788729,0.10653102173022616,0.01134885859088592,0.3818956801342618,0.1448069700359489,0.020969058570992197,0.6238757577693135,0.11180780787440589,0.01250098590168006,0.6220810397407657,0.11222623878525097,0.01259472867188417,0.4439561081657394,0.16760760683919745,0.028092309870362986,0.6550621557828482,0.0880264627846758,0.007748658150381913,0.7787715782755896,0.054898677224494784,0.003013864760999262,0.04378270654306225,0.018969196933718,0.0003598304323101763,54.13592102527618,60.458997623688255,3655.290393661142
0.0,0.75,0.0,0.5,0.1270999691469969,0.009035451087015653,8.163937634585236e-05,0.1252306310729289,0.009127686132758514,8.331465413815206e-05,0.6481936936545112,0.05131803278174204,0.0026335404885879507,0.6449037821268299,0.05161153355481639,0.002663750395879938,0.3779918719556685,0.07381690519405203,0.005448935492427665,0.6949940406164828,0.04158411057286642,0.0017292382521363811,0.6920837370189251,0.04175102615284743,0.0017431481848157505,0.3710946771919164,0.0756859954690058,0.005728369910134366,0.5099061700892309,0.09809363757845813,0.009622361733373892,0.5076828252088472,0.09839201800151162,0.009680989206409788,0.3391942665416653,0.16712946552646343,0.027932258247161328,0.587772969119568,0.12464396392000665,0.015536117741691918,0.5858547682775989,0.12512896153200384,0.015657257014077695,0.42862244388928017,0.19899896173665035,0.03960058677226483,0.62933910306845,0.0780672304085896,0.006094492463667815,0.7706405280808984,0.04246735523360643,0.0018034762605373196,0.0538946979159588,0.020647037338712315,0.00042630015086618056,20.259671115875243,28.921293031905204,836.4411906373285
0.0,0.75,0.0,0.75,0.12328784015568876,0.014283552054153902,0.00020401985928372414,0.12052418556523654,0.013733955872931842,0.00018862154391963902,0.6352729200662641,0.06043337957510073,0.0036521933668682027,0.631536099642741,0.06078826022160535,0.003695212580769607,0.39439756453333974,0.06371595387293899,0.00405972277793849,0.7084331062061741,0.06362681802317194,0.004048371971753837,0.7053597210347489,0.06406753094451573,0.004104648521326481,0.3848461131214005,0.08109013290374575,0.006575609654347151,0.5842191825922031,0.0801922577957131,0.006430798210374108,0.5821526784987723,0.08058233024344677,0.006493511947463916,0.4209366390379855,0.1461330630401634,0.021354872113500376,0.686460828529871,0.12113595485989256,0.01467391955981793,0.6848305824616565,0.12175299170366873,0.014823790988793627,0.5442516756305047,0.1879346103079903,0.03531941775161618,0.6849819040125885,0.08463235617046298,0.007162635710964103,0.7668864461824337,0.06969151018340133,0.004856906591643132,0.0426439072032206,0.019914497715084623,0.0003965872192441107,97.24737451076507,73.23162557396564,5362.870984205499
0.0,0.75,0.0,1.0,0.1034489057805951,0.01367825328171654,0.0001870946128387893,0.0996806903237516,0.011799120231662323,0.00013921923824122316,0.5450536458808899,0.0571826338067868,0.0032698536090810765,0.5407923117791438,0.05699965718315077,0.003248960918996711,0.3603228053557663,0.06598849687606483,0.004354481719962418,0.6881127266217237,0.06756574305464369,0.004565129634526132,0.6851260093690881,0.06760956893915825,0.004571053812138791,0.38831948612690176,0.08346044962180396,0.0069656466510736766,0.4400032400516919,0.08087337552861538,0.006540502869392445,0.4374586103118775,0.08117582464408761,0.0065895145066476625,0.2775859855973043,0.10239794702249805,0.010485339554422317,0.6196290846641019,0.11792335729521528,0.013905918195775,0.617820316982125,0.11841364633436294,0.014021791638199586,0.4698505831043521,0.19384493455507856,0.03757585865266269,0.4493552440693345,0.07109696183056308,0.005054777981536543,0.6030995553130374,0.07000198068871676,0.004900277300343473,0.13785153493007454,0.0502774136084218,0.0025278183191523177,75.73804306983948,50.82888237667765,2583.575283662132
0.0,0.75,0.25,0.0,0.12997745725255008,0.011598861156749655,0.00013453358013355596,0.12784953031765114,0.011404304124250062,0.000130058152558387,0.6590953994873756,0.061745539325823315,0.003812511626636794,0.6558131401931006,0.06190328348363789,0.0038320165060556355,0.3863389743224398,0.07757067576681868,0.006017209738920912,0.7021494581570668,0.058722409846529856,0.003448321418183827,0.6992129738369461,0.05889603472903463,0.0034687429068036534,0.3711161967527671,0.08461829935904981,0.00716025658641777,0.5321751533837961,0.0945405565263583,0.00893791682831355,0.5299790555992903,0.09480546070436519,0.008988075379366932,0.35777976387031424,0.12634853123264642,0.015963951344647027,0.5989424801095948,0.10372799734291048,0.010759497432770845,0.596996472761586,0.10411821238376809,0.010840602149991437,0.4393184680068403,0.15539900525503075,0.02414885083425308,0.6542234461054288,0.0934458629232794,0.008732129297476323,0.7783180723839498,0.06134648882698927,0.0037633916913999196,0.05163933939313696,0.028786486790367737,0.0008286618217320162,32.548410940170285,48.22381207598631,2325.5360511400427
0.0,0.75,0.25,0.25,0.1294094976665459,0.009269410453267487,8.592197015114457e-05,0.12746853453652454,0.008880399984852435,7.886150389096714e-05,0.6354497504057176,0.03919438891125089,0.0015362001221263868,0.6322662668104296,0.03921993582321838,0.0015382033659773686,0.35527186751580153,0.044657720863684205,0.0019943120327387356,0.6800532731519988,0.043539820415124685,0.0018957159617813085,0.6771987286803296,0.04352072778210098,0.0018940537466837363,0.33938243649703864,0.04264313191984714,0.0018184366999334858,0.5393560367231625,0.058061851672326054,0.0033711786196191917,0.5373718872117716,0.05823172586228321,0.0033909338969001033,0.3836318178968833,0.10550321474454163,0.011130928321432868,0.6005353886533384,0.08711908335357786,0.007589734684367647,0.5987624393320587,0.08740442914763873,0.0076395342346245974,0.4633417874224106,0.1254601636809066,0.015740252670839873,0.631240575204042,0.0903504541055996,0.00816320455708806,0.7634354450058298,0.061062246252727825,0.0037285979174287737,0.053092828621824975,0.02347317846531668,0.0005509901072646067,50.34464559555054,64.34119799924372,4139.789759977884
0.0,0.75,0.25,0.5,0.12712750882899695,0.008365496168256211,6.998152614110935e-05,0.12516927589416255,0.008365249891076407,6.997740574015385e-05,0.6603297523856717,0.0708371020140573,0.005017895021749961,0.6572455463607293,0.07095381511614882,0.005034443879536629,0.38842988662641453,0.08008648930955202,0.006413845769928991,0.7079034416738159,0.0631705848245456,0.0039905227870751115,0.705192918274975,0.06329888688838621,0.004006749081308712,0.3825778053868921,0.08223528080055152,0.006762641408345557,0.5847461556801358,0.11444842934794941,0.01309844298021257,0.582833938880915,0.1149721973196869,0.013218606156517019,0.43202497064624623,0.1654584598788316,0.02737650194547493,0.655287067889956,0.12157212262943576,0.014779781000626567,0.6536308744267303,0.12220302308626448,0.014933578851422087,0.5231076903270904,0.19950000543583007,0.03980025216889623,0.6310621557828482,0.10971001811672589,0.012036288075172322,0.7762676198017593,0.05864144594345092,0.003438819182338677,0.04541502497912177,0.02396911004816028,0.0005745182365008182,45.87828743457794,64.90787827459418,4213.032662109535
0.0,0.75,0.25,0.75,0.12248654819125593,0.007623064932637161,5.8111118967202395e-05,0.11988543621153454,0.007293601054291105,5.319661633915632e-05,0.6434050103861817,0.049150737650659235,0.002415795011603931,0.6398433397420996,0.04928192041287266,0.0024287076795807146,0.41128715645203895,0.055656549721468114,0.0030976515268982523,0.7101619643270122,0.05145888342566109,0.0026480166834157775,0.7071760077050653,0.051692544286859494,0.0026721191348489303,0.39355446498398494,0.06835108498735006,0.004671870818947951,0.47982962656638806,0.05324080658333544,0.0028345834856441337,0.4773296498933832,0.05323522893441032,0.002833989599699078,0.25585024522033145,0.049169689375446496,0.0024176583532778957,0.546958799084462,0.06922516330828134,0.004792123235058221,0.5446878182902531,0.06933156965741809,0.004806866551161417,0.3450393380687721,0.07716517799652016,0.0059544646952346385,0.6740801419867162,0.06709098660094469,0.004501200483088139,0.7600943638609019,0.05530361630732388,0.0030584899766677,0.04577875151130226,0.018040423288058664,0.00032545687241232934,92.38730833530425,71.41380935944693,5099.932167227429
0.0,0.75,0.25,1.0,0.10132605366000698,0.008240448279711293,6.790498785059682e-05,0.09754301145864916,0.00827754933129667,6.851782293204993e-05,0.5877503095170465,0.049853191576618286,0.0024853407103750044,0.5835955066590699,0.05017463506148037,0.0025174940035527353,0.39399325593431733,0.0555710051000487,0.0030881366078296386,0.7282718308261468,0.06104816533481607,0.0037268784907470384,0.7254721874418312,0.0612818729956023,0.003755467957849131,0.4315442542260567,0.07229634437808022,0.0052267614104339714,0.47528137783321417,0.07913719174737283,0.006262695117660454,0.47275397393403307,0.0795431435213803,0.0063271116812629044,0.30512438138223846,0.07640893244747539,0.0058383249577628575,0.6551125488578593,0.11265895899883768,0.012692041042701791,0.6533878900437267,0.113119525492161,0.012796027047571663,0.495757411196556,0.13530230612597063,0.018306714043005868,0.4448041214307552,0.0589036197353622,0.0034696364179281508,0.6002959732914928,0.06895568912812129,0.004754887063134104,0.13913153824756633,0.03733523464606707,0.001393919746076887,88.87989680767059,45.034360935975464,2028.0936649117127
0.0,0.75,0.5,0.0,0.12589510268438864,0.012367509193025482,0.00015295528363956981,0.12373596670475118,0.01246173535615041,0.00015529484808672917,0.6462261826233503,0.06779023805262341,0.00459551637523135,0.6429129019190541,0.06789882478424904,0.004610250407082152,0.3795477529091789,0.06978351533681595,0.004869739012763627,0.7023616755904166,0.06245612009593114,0.0039007669374373738,0.6995293135117852,0.06249269129017099,0.0039053364646886124,0.37880613118630957,0.0668849351677945,0.004473594552400073,0.5800059542882482,0.08612312491112635,0.007417192644457472,0.5780679291017858,0.08638520424804044,0.007462403512975665,0.4276460061345304,0.10776604166241856,0.011613519735586133,0.6603655182558947,0.08456510035078378,0.00715125619733813,0.6587537378772487,0.08486050952944056,0.007201306077596273,0.5109948296158537,0.11015204175451063,0.012133472302687453,0.6750136715783412,0.07646753160185735,0.005847283389281053,0.7882909612408002,0.05093371632770599,0.002594243458951224,0.04925293003981745,0.024398746805314484,0.0005952988456698437,47.68121197223663,53.99530665098365,2915.4931403337596
0.0,0.75,0.5,0.25,0.1320918969089649,0.007105994438487188,5.0495156959810855e-05,0.12976151892659754,0.0067788547734545365,4.5952872039587354e-05,0.6397051319010008,0.08400516355764495,0.0070568675043466795,0.636383358996592,0.08437221621411989,0.007118670868882196,0.36367436587299223,0.08431824356423306,0.007109566197757332,0.6814086693822933,0.08135486556898905,0.00661861415174828,0.678397179413696,0.08176658407424156,0.006685774271170015,0.34592875628969155,0.0874725583306211,0.007651448460903911,0.5679285403905678,0.11355186200704362,0.012894025365266676,0.5659690485378233,0.11393304122237137,0.012980737882178574,0.4380096136706242,0.15023430884875313,0.022570347555262545,0.6464304568813791,0.11422469055707209,0.013047279932858872,0.6447690070589263,0.11468287847168038,0.013152162614550211,0.5394436849982485,0.16262156160623553,0.026445772299250655,0.6390653029110936,0.08980353845256366,0.008064675518601079,0.7797529378407984,0.04555837100161284,0.002075565168320598,0.04918234606417118,0.022749097065991077,0.0005175214173178838,55.353838729858396,61.20859331619795,3746.491895747712
0.0,0.75,0.5,0.5,0.12740074065149237,0.009975842795936114,9.951743948923048e-05,0.12487470669856345,0.009706469714091335,9.421555431057233e-05,0.6559402045766818,0.04845290156146567,0.0023476836697250824,0.6525972539084617,0.04868574856782629,0.0023703021136095995,0.39516162517853265,0.059848761427996604,0.003581874244465254,0.7082470557385631,0.04275099022654445,0.0018276471653500995,0.7053381103182805,0.04300241070048908,0.001849207326053538,0.38634242126462326,0.05585039552056493,0.0031192666798035393,0.5938127719770431,0.1101238349016587,0.012127259013447782,0.5918756665783074,0.11066608930231847,0.012246983321468726,0.4254267418497335,0.1644825862050361,0.027054521164697132,0.6685356935898727,0.1221518777697662,0.014921081242679903,0.6668973423746393,0.12277397698893594,0.01507344942567977,0.5097069549113452,0.18391362209357737,0.03382422039157919,0.6721778127458694,0.03805841245004301,0.0014484427582175886,0.7841920833321879,0.030285255639677506,0.0009171967091606181,0.04925868247083604,0.019119682423061644,0.0003655622559587324,57.4922691822052,63.64342976142387,4050.4861517972936
0.0,0.75,0.5,0.75,0.12633025007179816,0.009869158704836829,9.740029354125656e-05,0.12387416352715,0.00896607089037736,8.039042721127228e-05,0.6728995360756201,0.034957190124301055,0.0012220051413865311,0.6696489446988739,0.03472404267069322,0.0012057591393961234,0.423798256246832,0.05158433326963347,0.0026609434388726143,0.735525431707867,0.044986859863062806,0.0020238175603388515,0.7328531636877925,0.04491893457944657,0.0020177106837526004,0.4154276503570453,0.05599464620403454,0.003135400403515,0.5528301239388382,0.09020258624538711,0.008136506565356501,0.5506977278771222,0.09045237096677394,0.00818163141351089,0.37639316147877433,0.13666533045492982,0.018677412548355164,0.6425716402258287,0.1148587613029882,0.013192535048056817,0.640824090545192,0.11530098272400041,0.013294316617120243,0.49230213050589455,0.17244314106089292,0.02973663689894701,0.7171453785361156,0.05980269321371095,0.00357636211561323,0.7935729267820557,0.04838178687599536,0.0023407973013142374,0.025229282279757858,0.006259453070789932,3.918075274542151e-05,54.06943056583405,54.42447226501562,2962.023181325455
0.0,0.75,0.5,1.0,0.10790172980622843,0.010828835358556462,0.00011726367522272268,0.10389316089178091,0.010166851552437548,0.00010336487048930177,0.5708874878508753,0.04880033078686978,0.0023814722849079106,0.5665736825487733,0.0488654269052185,0.002387829946629252,0.3795121652725674,0.059086481199810824,0.003491212260575598,0.7054263444087125,0.06033351378959894,0.003640132886199725,0.7023789526704003,0.060419890852499054,0.0036505632106278987,0.38914865264761944,0.06428492397218888,0.004132551450110104,0.45979228162720337,0.08324945869850862,0.0069304723735946925,0.4571993643348888,0.08351614542154141,0.006974946546072052,0.2771724795057344,0.09100559063985601,0.00828201752770905,0.6143039837849698,0.12264191303426566,0.01504103883270438,0.6123706915487254,0.12310784969347964,0.015155542656152377,0.44608387775638514,0.17607952323932458,0.031003998504187842,0.41749057529405337,0.06255694755901188,0.003913371687900962,0.5686433213182124,0.07303703441333627,0.005334408395894867,0.15066931739190254,0.037271874824664326,0.0013891926529454467,64.67276368141174,53.4846887373307,2860.6119293291495
0.0,0.75,0.75,0.0,0.1261557503848994,0.008793095352604785,7.731852587999987e-05,0.12380254530733943,0.00774460031215735,5.997883399506773e-05,0.6579423192812552,0.05581439888123133,0.0031152471224731976,0.6547766788981337,0.05570039773109106,0.0031025343074017344,0.3996793996222526,0.06001471502424172,0.003601766019440945,0.7018863563916968,0.0617987065693665,0.0038190801336466626,0.699093565908341,0.0617024365057515,0.003807190670746296,0.38148176436698966,0.05869788103580672,0.0034454412380937184,0.5455709848570506,0.10680647219663397,0.011407622503090345,0.5435356597389603,0.10702175337485621,0.011453655695428548,0.39505767680713744,0.14659045762612324,0.021488762267036235,0.6310572968016527,0.13551517105851066,0.018364361587017406,0.6293578086119369,0.13594466534151353,0.01848095203481611,0.5101392408611636,0.20359291507988372,0.04145007507072474,0.7375410515754235,0.12688303229376743,0.016099303884061233,0.8077292165797019,0.10053516334325618,0.010107319068455202,0.02960992480889968,0.02231902064290392,0.0004981386824583714,41.33681421279907,60.165317835805546,3619.8654702835006
0.0,0.75,0.75,0.25,0.12064548695695257,0.0115735972730154,0.0001339481538379495,0.11843055323276216,0.011453443817034495,0.00013118137526996567,0.6387699262076878,0.053987958795644844,0.0029146996949202457,0.6353052611357655,0.05412384531153227,0.0029293906313066736,0.38953276627156547,0.05102632695959908,0.0026036860429879075,0.7055616626219765,0.05176719128185147,0.0026798420932117985,0.7026819751406782,0.05186769348894414,0.002690257627863058,0.3909734578225949,0.05791993541151946,0.0033547189180745864,0.5122487385930373,0.10329167541870049,0.010669170210802176,0.5100025250703125,0.10354043485872626,0.010720621650734136,0.33543196879873827,0.12520476199729869,0.015676232426800208,0.6096232092989418,0.11740297002796937,0.013783457371388275,0.6077724904877128,0.1177574439737136,0.013866815611222298,0.4460499471363092,0.14753381940005317,0.0217662278667675,0.700839281882555,0.12241223575083848,0.014984755461518858,0.7804763840442133,0.09969064200653655,0.00993822410367543,0.03859972674541157,0.021118648194127555,0.000445997301547327,59.07413091659546,55.73879176148695,3106.8129070304058
0.0,0.75,0.75,0.5,0.12288875632998464,0.007469338774921939,5.579102173455238e-05,0.12030311554436399,0.0073177279036907095,5.354914167245362e-05,0.6253294650796144,0.04575935458922182,0.002093918532422136,0.6218803117132231,0.045927735602188276,0.0021093568975445124,0.38659670720298067,0.058089348072912134,0.0033743723595359406,0.6856309442793107,0.058875874891480946,0.0034663686442373168,0.6826507487574268,0.059147244069585075,0.003498396481027067,0.36629301560964095,0.0725658707501507,0.005265805597727576,0.5150394231661187,0.07508304688035601,0.005637463928837739,0.5128516032772092,0.07544031540908734,0.005691241189022581,0.34516469905716834,0.10040841666810991,0.010081850137796772,0.6182739651145529,0.08377194783569811,0.007017739244186925,0.6164626278515097,0.08417798662801163,0.007085933432745705,0.48367955831965814,0.12904823716686692,0.01665344751587593,0.6828749016522424,0.04685916554424923,0.002195781395503354,0.7694930215676817,0.03733611072418162,0.0013939851640083498,0.04174598668957591,0.015653137332650696,0.00024502070835482297,39.41348011493683,48.80309528630084,2381.742109523759
0.0,0.75,0.75,0.75,0.11899506296790936,0.00736079487824961,5.418130123966568e-05,0.11569456712717774,0.006798425583580451,4.62185904154812e-05,0.6159237544362306,0.04206899439874242,0.0017698002897214213,0.6123049654020787,0.04181522364303038,0.0017485129283166469,0.4018728053792902,0.056076710218285836,0.003144597428905603,0.6826727434610068,0.06699246781232704,0.004487990743585674,0.679634184168596,0.06702139575619481,0.004491867489108487,0.3860049821717971,0.06743325365933166,0.004547243699083766,0.4641723470024763,0.07920830236373684,0.006273955163345159,0.4617481004712392,0.07922351408458732,0.006276365183910806,0.2619397869114203,0.09020220849267943,0.00813643841695681,0.5478381953187883,0.1063430318427981,0.01130884042151837,0.5457265094224866,0.10648138610398669,0.011338285586626291,0.3810156733239826,0.13737988027174516,0.018873231503479033,0.9649516289370059,0.02166670097938194,0.0004694459313299504,0.9819942777543931,0.011979544429280911,0.00014350948473311533,0.00024034064457832674,0.0003223180097005421,1.0388889937731876e-07,73.41339929103852,50.99232376443014,2600.2170828964668
0.0,0.75,0.75,1.0,0.11195659830791142,0.008875660123114932,7.877734262105256e-05,0.1066886645450199,0.00763521462262092,5.829650233348432e-05,0.575391992772059,0.029639166980954885,0.0008784802193249262,0.5711089839545899,0.029940131345269256,0.0008964114649719746,0.4011962556455373,0.03182785066600586,0.0010130120780175696,0.7044816318881091,0.038858813722119384,0.001510007403890374,0.7014025744473191,0.038842190780153565,0.0015087157846018465,0.39868596325771993,0.041391754311666355,0.0017132773249973505,0.47584265442756096,0.06354613958889886,0.0040381118566518185,0.47336140683805505,0.06357894243112643,0.004042281920660489,0.29066687270002156,0.08106303942653488,0.0065712163610679485,0.6379704109279527,0.1380000096336863,0.019044002658897514,0.6362076787139679,0.13841680102177126,0.019159210805100614,0.5142657195313594,0.20217517116293643,0.04087479983476264,0.5266505952507308,0.08064166519011653,0.0065030781646348524,0.628519078878146,0.07605534634373648,0.00578441570746571,0.08073267192700903,0.033431784718593684,0.0011176842294703942,53.999619770050046,47.91260687019967,2295.617897098304
0.0,0.75,1.0,0.0,0.10642393210056691,0.009668602109468728,9.348186675122314e-05,0.10216785732764082,0.00846415518795097,7.164192304571732e-05,0.5884096667442099,0.028999457799248694,0.000840968552650406,0.5840872121467615,0.02906804628292673,0.0008449513147063705,0.39257918980253004,0.033782715419816464,0.0011412718611363052,0.7287227315072548,0.04762724061204086,0.002268354048317234,0.7257927525834907,0.047674191271283806,0.0022728285133709527,0.4161073401436929,0.05795671354478896,0.003358980644912724,0.4824759983314503,0.09626757515306554,0.009267446025851122,0.4799252156708064,0.09652650922864138,0.009317366983866988,0.3148731651309407,0.11559217179060846,0.01336155017926954,0.6702302919189306,0.14961740212711125,0.022385367019265714,0.66855548103632,0.15018297537720302,0.022554926093149564,0.5367176363093528,0.22321231689851914,0.04982373841520494,0.4176763640857911,0.05029417319547001,0.002529503857415934,0.5669200923150484,0.06044784740990522,0.003653942256491185,0.1480273694716307,0.03342969269294278,0.0011175443535445923,59.80379884243011,41.291497831578994,1704.9877931752926
0.0,0.75,1.0,0.25,0.1104583322902308,0.007445729018439442,5.5438880616031166e-05,0.10574342733466982,0.007168202323116247,5.138312454512916e-05,0.5805637689951789,0.05701945380885003,0.0032512181126595823,0.5767185900294093,0.0568794148602707,0.0032352678348467833,0.38985922533396933,0.06259986809681475,0.003918743485738606,0.6929232004464346,0.05787060025629655,0.0033490063740240703,0.6900570603621645,0.057716761049199886,0.003331224506010437,0.40150801098948585,0.06659990571199971,0.004435547440847251,0.48001109078358456,0.09126448216223242,0.008329205704340438,0.4777053781524959,0.09158855465720744,0.008388463344196274,0.2918863301359032,0.1064839896960774,0.011338840061594318,0.6090049804949651,0.14259111147673145,0.020332225072169655,0.6072179051866333,0.14312533791973553,0.020484862354638488,0.4475780281166314,0.20277127399356473,0.0411161895569733,0.4797603228972589,0.09164922862215873,0.008399581107036718,0.6272323294014255,0.08480051050497497,0.007191126581904372,0.1144289854183845,0.05187131212257478,0.0026906330213175736,50.94028763771057,40.85212018741676,1668.8957238071437
0.0,0.75,1.0,0.5,0.09971335703497244,0.0117678290018617,0.00013848179941705735,0.09676505406971986,0.01162784162679934,0.00013520670089792753,0.5557966524699556,0.03200298083769724,0.0010241907824980168,0.5514011111217303,0.032064465875257735,0.0010281299718655679,0.35425169735156625,0.03757118830575068,0.0014115941907061767,0.7285300443374197,0.04891407861403475,0.002392587086659972,0.7257924210374467,0.04886136575421276,0.0023874330633669553,0.40826984546231443,0.053474914624523105,0.0028595664941000348,0.4960604593783323,0.03135781006465726,0.00098331225205112,0.4936727615549853,0.03150673714941982,0.0009926744858026308,0.3638636860843911,0.04286447095538437,0.0018373628702849905,0.731685728049427,0.07584241052280424,0.005752071233909567,0.730382132115958,0.07603832381700483,0.005781826688899684,0.6443833213283494,0.11491116426977138,0.013204575673834382,0.43481329897931065,0.053946663511585766,0.002910242504032259,0.5859803524392868,0.0663461116633797,0.0044018065328496475,0.132355276375196,0.0444798139853542,0.0019784538521717115,41.72786419391632,46.13680346420403,2128.604633894589
0.0,0.75,1.0,0.75,0.10563458512901562,0.009062204648755148,8.21235530959194e-05,0.10069738175974179,0.008676281295275123,7.527785711474096e-05,0.5541721869364384,0.02823583391541107,0.0007972623168986781,0.5498824151641052,0.028023371460221654,0.0007853093479975655,0.3708358015524529,0.04059323581721658,0.0016478107941121547,0.6974110444259518,0.055014394854824226,0.0030265836412425107,0.6944314255423795,0.05483961871142142,0.0030073837804140825,0.382951279639457,0.0361851561671491,0.001309365526840969,0.46260007621861643,0.13219969883081736,0.017476760370958813,0.4601709169913894,0.1325016058494201,0.01755667555267508,0.28358952369697493,0.12573917782945707,0.01581034084122783,0.6379295050126957,0.19358360129528826,0.03747461069045313,0.6362708414605043,0.19413816373440884,0.03768962661816813,0.5055474633299079,0.25350551275477634,0.06426504499706208,0.554655629384626,0.11347585738592823,0.012876770209471524,0.6539046139378586,0.1047004328910022,0.010962180647563255,0.07310471869553356,0.03810104657281245,0.0014516897499436232,54.54806036949158,43.71012256611489,1910.5748147447864
0.0,0.75,1.0,1.0,0.10136629572281705,0.009822145604321156,9.647454427248541e-05,0.09428041349854127,0.009092623977803634,8.267581080172959e-05,0.5524871686808888,0.07860206688791445,0.006178284919052177,0.5483225037942836,0.07838194339690953,0.006143729050676329,0.3893655308957669,0.08030082374707606,0.006448222294458975,0.6828447185913523,0.059875531165942214,0.0035850792324037175,0.6798030646529686,0.05968758799977286,0.0035626081612306296,0.42234026522994056,0.08469403988551519,0.007173080392129238,0.4368820223025878,0.07150007261414336,0.005112260383827774,0.4343448845107892,0.07157120927071176,0.0051224379964720165,0.23562758423603936,0.0481927177792612,0.0023225380469515185,0.584215500156505,0.0666860185394309,0.004447025068641322,0.5822545640068781,0.06682764886384572,0.00446593465266946,0.43639285242917697,0.11981600561378954,0.014355875201243647,0.5962703216554459,0.08136076552420125,0.006619574166684054,0.7371787513274634,0.05535653125724114,0.003064345552833915,0.06294801008437452,0.031247634990869928,0.0009764146925226387,71.60665075778961,32.11884909696048,1031.620467313319
0.0,1.0,0.0,0.0,0.11031642315904908,0.01145383376844492,0.00013119030799516916,0.10664890238352484,0.010915174805444154,0.00011914104103340283,0.5999027681507996,0.05189049997462106,0.0026926239876161476,0.596522186140629,0.05192318630999877,0.0026960172765828436,0.38580828777315934,0.06091876188775137,0.0037110955499365483,0.7049790818455348,0.041779937906959545,0.001745563211509395,0.7024351431604747,0.041657563874119424,0.00173535262792634,0.40843989981944223,0.05795030425027237,0.003358237762699136,0.45311681210826127,0.09615448653761509,0.0092456852813124,0.4508211991373777,0.09665992563149246,0.009343141223085653,0.2975755303148927,0.14649173681728025,0.021459828955743304,0.5565732009700094,0.12133393827765333,0.014721924577965388,0.5546372511663333,0.12193262446719078,0.01486756490945697,0.4003899466728972,0.20296377690827094,0.04119429473687038,0.4712997861335516,0.06598277816664003,0.004353727014588029,0.6192090944666703,0.05960642402398542,0.0035529257849271465,0.1410111692531932,0.049325781549007575,0.0024330327254204163,34.27022590637207,36.58650610582521,1338.572429031585
0.0,1.0,0.0,0.25,0.11286352482776882,0.011684157631590489,0.00013651953955985425,0.11021067332685146,0.011644776436443615,0.00013560081825475244,0.5601033091113959,0.045760551211260374,0.0020940280471583835,0.5563372211536552,0.04577468498808041,0.0020953217857579945,0.33594691190932363,0.05272225116078365,0.0027796357674607524,0.689173986008156,0.06134889007654211,0.003763686313623647,0.6864815300178608,0.06131458422548861,0.003759478238744537,0.3605749962143646,0.0639454277033418,0.004089017724163313,0.5290988941368098,0.08288264428220991,0.0068695327232113435,0.5271147464419855,0.08324089660804651,0.00692904686811149,0.4264155054010252,0.14167650754353742,0.020072232789734017,0.694998348471155,0.12853252668787069,0.016520610416768187,0.6936816684373549,0.1289959909308988,0.016639965676244525,0.6199069728221761,0.1990247692653062,0.03961085878110837,0.42682905162965223,0.06006418738026072,0.003607706605651071,0.5656937623770121,0.06973359615814033,0.004862774433146604,0.18475375059191604,0.06978731572965603,0.004870269436750696,25.58684687614441,36.50742937424296,1332.7923995153376
0.0,1.0,0.0,0.5,0.09865024495415944,0.00945951434580845,8.948241165855586e-05,0.09628556931804406,0.00837914334567583,7.021004320738356e-05,0.5830141741250541,0.07158966768102318,0.0051250805186793345,0.5786953331889031,0.07211765056724874,0.005200955523339792,0.3741209367110539,0.08262923798789987,0.006827590970460995,0.7403938753617993,0.04509596161646712,0.0020336457541138752,0.7375984888786817,0.04545874121643312,0.0020664971529826353,0.42457905535744345,0.09435057420304077,0.008902030852443503,0.4771439876360482,0.09604627657050281,0.009224887243057516,0.4745498664355656,0.09648524256941092,0.009309402033678065,0.3324740883605638,0.08998655776009885,0.008097580577511608,0.6757539301366886,0.06767865218621227,0.004580399961742296,0.6740523748766967,0.06805119704061818,0.004630965418661041,0.5107897767164323,0.10812836289566122,0.011691742862495805,0.435758005566172,0.0808599986594258,0.00653833938320234,0.5432963056549267,0.09384459178332384,0.008806807406978694,0.20232347767471542,0.07129906001122198,0.005083555958483834,40.548714995384216,42.352708736768,1793.7519373415043
0.0,1.0,0.0,0.75,0.10765718807645137,0.008687623015444974,7.54747936584892e-05,0.10382901353307727,0.00845388521016581,7.146817514666021e-05,0.570978779284563,0.03572905328900201,0.001276565248928345,0.5665645647762589,0.03570537625743459,0.001274873893684974,0.3768520477129515,0.051118844702620826,0.0026131362837306655,0.7163847214813858,0.06955453486633635,0.0048378333204724,0.7134048329615277,0.06971987129708088,0.004860860453681523,0.39528769111230455,0.06518310255132727,0.004248836858216847,0.49051924785233164,0.08008356514972934,0.006413377407090942,0.4880463259202468,0.08022703281961135,0.006436376795038998,0.3304806933913522,0.09858595830834381,0.009719191175574505,0.6740829640890268,0.15362751949242306,0.023601414745394827,0.6724617417829818,0.1541722500216136,0.023769082676726935,0.5486325359736969,0.212448624928309,0.045134418233929316,0.42031582342512686,0.058275931953459106,0.0033960842450441965,0.5693772519394794,0.06368251273499705,0.004055462428243062,0.1503005908438942,0.035297057587701644,0.0012458822743495264,47.4742506980896,33.587087126866685,1128.0924216677336
0.0,1.0,0.0,1.0,0.10331879797780777,0.007192658528269138,5.173433670428276e-05,0.0982465021519577,0.006097599514379407,3.7180719837759976e-05,0.5771169655569078,0.03797825515800916,0.001442347864846849,0.5730583079094635,0.038172530745932715,0.0014571421035491782,0.40400240563807904,0.042747201470406046,0.001827323233551485,0.7007969619345545,0.029413500595025385,0.0008651540172535586,0.6978451843767479,0.02932029236294066,0.0008596795442483165,0.43379077164157015,0.05848205821107113,0.003420151132603112,0.456983083400302,0.09025459593792673,0.00814589208791842,0.45452861121256466,0.09041733360583279,0.008175294216388459,0.25935214498321946,0.07565818771842157,0.005724161368835918,0.6057013081685632,0.12264283174014279,0.015041264177240974,0.6038630456217473,0.12301667495807726,0.015133102317741235,0.4497311042830172,0.18610534796546885,0.034635200541348235,0.4763562343350469,0.08334962408254826,0.006947159834702107,0.6218242808704688,0.07011451318064871,0.004916044958559362,0.14035079813679588,0.06481847082171875,0.004201434159666006,58.40013134479523,32.25940888254272,1040.6694614510764
0.0,1.0,0.25,0.0,0.10973679567276881,0.013096760523423996,0.0001715251362079172,0.10611209553659455,0.012371469292793221,0.00015305325246252563,0.570928522995903,0.06581052089615443,0.004331024660623179,0.5668775077605945,0.06566252548408706,0.004311567252948382,0.35525841160477667,0.06279123600696326,0.00394273931928216,0.7173012885797369,0.054470427724971245,0.002967027496541316,0.7145520694442739,0.054319429920954794,0.0029506004669375193,0.3798051398345688,0.05090073231049527,0.0025908845497446976,0.5011490126982519,0.1246953617731354,0.015548933247733114,0.498859306363484,0.12517911994693875,0.01566981207069008,0.38545117676235685,0.16341145371456986,0.026703303205109004,0.6992250686953051,0.15338987192348127,0.023528452808701986,0.6977911131475751,0.15403915350775474,0.023728060813385625,0.5950846340760195,0.24009945356922754,0.057647747604241656,0.43350030512077103,0.06665100669861777,0.004442356693939191,0.5466636928968768,0.07072726276110587,0.005002345697678514,0.19076887293034162,0.04961164427869616,0.0024613152480358856,19.27151477336884,27.660906525759415,765.1257498267997
0.0,1.0,0.25,0.25,0.1075427067323433,0.00965619676110704,9.324213588921409e-05,0.10361609329798878,0.00916007083619064,8.390689772403029e-05,0.6131024360466684,0.03867518015451018,0.0014957695599838179,0.6093377029942078,0.03872434860203524,0.0014995751746519489,0.3955510335364511,0.05475612747630103,0.0029982334962009283,0.7293336944287894,0.03927768584255003,0.0015427366051460549,0.7266307639950516,0.03929585189018197,0.0015441639757751181,0.42080146362850657,0.057800269326636046,0.0033408711342316636,0.4636278904732548,0.09009216642366537,0.008116598450909417,0.4611036610519898,0.09051608113729183,0.008193160944452799,0.29427241785444364,0.10217439960358375,0.010439607934352816,0.6037748610940497,0.09325280603952901,0.008696085834246019,0.6018263209040151,0.09368234546100929,0.008776381851075888,0.43146966779467955,0.13768571516534298,0.018957356160591958,0.4581815341993747,0.08804921689152526,0.007752664595210857,0.568304866962141,0.08327309485324326,0.006934408326437249,0.177920057360318,0.07180278490112117,0.005155639919556675,42.74642403125763,47.69150380097851,2274.4795347987474
0.0,1.0,0.25,0.5,0.10447420445241566,0.013179137964329747,0.00017368967748283764,0.1022570173771488,0.012558640027811015,0.00015771943934813707,0.5816067190713051,0.03408597957405727,0.0011618540035230494,0.5775106842264037,0.03422476344372111,0.0011713344327786688,0.36804935548208,0.045068770624235865,0.0020311940855799854,0.7179032865132255,0.050720220899293234,0.002572540808073102,0.7150798297544034,0.05092595382572159,0.002593452773059528,0.4029775935483566,0.07494235828039592,0.005616357064627226,0.4653728065500867,0.08348961954357181,0.0069705165715303686,0.46286810757274643,0.08380073530400221,0.007022563237491443,0.3152419303625772,0.1070256071543257,0.011454480586752053,0.6294543960996475,0.1236465660929793,0.0152884733065855,0.6276611207783086,0.12414141801834565,0.015411091667605632,0.4713058878619586,0.1768275552509113,0.03126798429601408,0.42780038923050956,0.04491564410636582,0.0020174150854897145,0.5559046454104686,0.0790393924267371,0.006247225555187748,0.19027005741612163,0.06890288084185073,0.00474760698830628,31.38479380607605,27.937688121559184,780.5144175775091
0.0,1.0,0.25,0.75,0.10653056695352588,0.004434407403870087,1.9663969023497845e-05,0.1027589152297869,0.004878238620788819,2.3797212041355597e-05,0.5706040578106337,0.0390225576784078,0.0015227600077646634,0.566722996414542,0.03889396957074734,0.0015127408689702198,0.3767768879557856,0.04797030697755023,0.0023011503515204044,0.6851587746191586,0.0593993330180436,0.003528280762988445,0.6822417745483369,0.059542136125040744,0.003545265974332882,0.39119330849999223,0.06279818340988096,0.0039436118395810476,0.45870352689990074,0.09353110862120881,0.00874806827991236,0.4563486866219395,0.09379828977757074,0.008798119165197132,0.27390206997458433,0.09979786927364966,0.009959614711560465,0.5884973129472056,0.14286406367133106,0.020410140688686133,0.5866414733327774,0.14340056300037968,0.02056372146882586,0.40947364092395533,0.18349393627517196,0.03367002464975687,0.4469865708025164,0.042819991306485124,0.0018335516554874613,0.6070704048964342,0.047849672459644756,0.002289591154495286,0.12388917717237309,0.03925059269264026,0.0015406090267235447,65.91594734191895,30.443176595350778,926.7870012157133
0.0,1.0,0.25,1.0,0.0969225834450224,0.009515398336267099,9.054280549783468e-05,0.09184539507862219,0.010067092810613586,0.00010134635765750777,0.559551247780565,0.04483123694847103,0.0020098398063299536,0.5553600093174772,0.044829343920051154,0.0020096700763022274,0.3821946816503132,0.056496799989813065,0.003191888409088942,0.7045501114220831,0.04771446205834067,0.0022766698895168315,0.7016942364327039,0.047603807019363696,0.00226612244273682,0.4394008430811896,0.08160184132882957,0.0066588605082554785,0.4239520987664129,0.06496508659838014,0.00422046247673503,0.4213408687465662,0.0650544506289408,0.004232081546633296,0.236459194820671,0.06407000353022015,0.004104965352362423,0.5937375771820406,0.12485132099201146,0.015587852353450282,0.5918614913307625,0.12519150095883005,0.015672911912324745,0.4223585703071596,0.16255699602077955,0.026424776955299736,0.5039805978438209,0.1300391107184652,0.01691017031644925,0.6271024189499201,0.11068282729325199,0.012250688257627847,0.12930882508509067,0.055354032801792324,0.0030640689474219006,37.62475152015686,38.09812298222156,1451.4669747684788
0.0,1.0,0.5,0.0,0.10377258442822683,0.012053239037200228,0.00014528057128788746,0.10139084854569651,0.011479785958547107,0.00013178548565405534,0.5833373492404487,0.057741743165208616,0.0033341089037569158,0.5791760615171724,0.05811556268766712,0.0033774186265041668,0.36555534957010416,0.06666607418994606,0.0044443654478993925,0.727649803215014,0.03635423238147528,0.001321630212046306,0.7248353487181106,0.036488754935879324,0.0013314292367706578,0.4046020107199845,0.07250622583692601,0.0052571527851153176,0.4616593612611064,0.05122371492858459,0.0026238689710848997,0.45908527120104203,0.05127520159247126,0.0026291462983485674,0.29602989942710656,0.06935162214040715,0.004809647493505811,0.6159156290645671,0.08082801801378768,0.006533168496037186,0.6139932504526449,0.08108517641848141,0.006574805834816254,0.43925623740639735,0.12116303408280357,0.01468048082815062,0.4143084590578979,0.043461034775553825,0.0018888615437618991,0.5305387201520848,0.05947700435969004,0.003537514047602588,0.21183818692405404,0.05486001158124271,0.003009620870694084,28.347799253463744,34.73426657414075,1206.469274443471
0.0,1.0,0.5,0.25,0.10839668223556967,0.011913350456458988,0.00014192791909841158,0.10551058313583694,0.011517127212282948,0.00013264421922390838,0.6005348588576034,0.03788878852982246,0.0014355602962576061,0.5968421615386912,0.037690092246502466,0.0014205430535498655,0.39092181343612653,0.04263536092623381,0.0018177740013102248,0.7255247526678584,0.053049096887106593,0.0028142066805376224,0.7229726795329295,0.05300854328958915,0.002809905661684247,0.42693419899274704,0.0639080573040778,0.004084239788381292,0.4733492091591482,0.08178799338383413,0.006689275861754097,0.4709988368302698,0.08202425376168962,0.006727978205162053,0.31582346162846264,0.10975032307010608,0.012045133413992661,0.6107823103325509,0.10941567579463621,0.01197179010959694,0.6090092804146051,0.10976611070025731,0.012048599058261143,0.45027971470692824,0.17147721672057523,0.029404435854235127,0.4570591166023668,0.10288050485779691,0.010584398279795175,0.6057412353948408,0.08570781706750008,0.007345829906476059,0.13727566498708296,0.052126102826574844,0.0027171305958866537,47.611818408966066,35.31913809539715,1247.4415158017343
0.0,1.0,0.5,0.5,0.10906042453974991,0.008165195230676957,6.667041315506971e-05,0.10500451080722062,0.008128700077022448,6.607576494218476e-05,0.6236093313575677,0.02895400241708299,0.0008383342559684477,0.619858021219262,0.029108092488185668,0.0008472810483007709,0.4118339586068669,0.036410393519648296,0.0013257167562556469,0.7378285477803324,0.040544157742401575,0.0016438287270407414,0.7351758887699136,0.04056209881326997,0.001645283860137477,0.433860789223511,0.05373252358523632,0.002887184090837978,0.48012414065016723,0.06199943377339786,0.003843929788221947,0.4776606601292441,0.062104060572886005,0.0038569143396406944,0.31317988418483006,0.08488243047568389,0.007205027003459309,0.6204896300756603,0.10531771878401414,0.011091821889868684,0.6186394364586929,0.10560852064317909,0.011153159632440785,0.4501022833670289,0.14052581952871904,0.019747505954218116,0.4713754895329279,0.07763842075568625,0.006027724377436973,0.5841896860359048,0.08411683952739729,0.007075642692077908,0.1607292335722978,0.06032907106893476,0.003639596816040581,31.263649010658263,38.286347324942845,1465.8443914861584
0.0,1.0,0.5,0.75,0.100203303309134,0.01726392731066066,0.000298043186187775,0.09580752566208808,0.01630249784030797,0.0002657714358332461,0.5808949878640333,0.04009627890421336,0.0016077115819644655,0.576403192383962,0.040510970715645744,0.001641138748323907,0.38879122207851846,0.04131396017262673,0.0017068433051453877,0.746440304220165,0.03063500954004304,0.0009385038095185281,0.7436413578892009,0.030639260337711166,0.0009387642740420405,0.4428003474181777,0.056767979209321716,0.0032226034635099822,0.4877368978038549,0.09997277636483444,0.009994556014093199,0.4851430394556928,0.10047218353828065,0.010094659664949952,0.33347671962717784,0.1151264674713238,0.013254103512425777,0.7041117900418932,0.10866337377471,0.011807728800102333,0.7025610369636668,0.10914637487946492,0.011912931149328692,0.5666553565617595,0.1808981535900092,0.03272414197227456,0.47076359487714436,0.10955328190410646,0.012001921575960618,0.6109230166460881,0.09845796520783039,0.00969397091286634,0.1371862936761775,0.049402053405616334,0.002440562880691368,54.371542024612424,46.29898871935464,2143.596356434928
0.0,1.0,0.5,1.0,0.10237160213355453,0.013848877733056588,0.0001917914144651506,0.09746662309147885,0.012381317116601424,0.0001532970135418474,0.5738174232214996,0.05503842776792226,0.003029228531164796,0.569803901102048,0.055465112719589205,0.0030763787289967365,0.397242803920545,0.055741122180094464,0.0031070727018962193,0.6881582959651013,0.0329081967366255,0.0010829494124564491,0.6851559741369336,0.032752216442894354,0.0010727076819221995,0.421820549420482,0.054060490901910827,0.002922536676555583,0.4230008314889785,0.08962757297410491,0.008033101837228501,0.4204378772307972,0.08980314056525213,0.00806460405538243,0.23048909662889253,0.0818679419394304,0.0067023599173979456,0.5864732274434671,0.13401774030467717,0.01796075471637189,0.5845835971156488,0.13446262124724567,0.018080196512680245,0.43612629043445394,0.21454277008369074,0.046028600195183386,0.507901499959783,0.12246145768275211,0.014996808617784487,0.6375269449438903,0.08207469829349918,0.006736256099968919,0.11865353990741548,0.07754438951533012,0.00601313234530524,48.49359018802643,32.79541093001553,1075.5389780685819
0.0,1.0,0.75,0.0,0.10118443310674037,0.013543461904480336,0.0001834253603581101,0.09728057174748954,0.012572347249929835,0.0001580639153728183,0.569498745611642,0.04658162282959765,0.002169847585438893,0.5651799548297074,0.04666120384920175,0.00217726794465676,0.3791215923907607,0.058976284182341,0.0034782020959562457,0.7197266456468469,0.0540984492612538,0.002926642212472452,0.7168529419704301,0.05416785604007937,0.0029341566279787634,0.42214974143932305,0.06717237453454321,0.004512127900608949,0.46203431967098973,0.0767668320189818,0.005893146498230569,0.4594699839236129,0.07696013328279401,0.005922862114905419,0.2861550241964266,0.0963264262880642,0.009278780401429865,0.6297284575177184,0.1328994352120026,0.017662259879669278,0.6279113982931713,0.13336378189651787,0.017785898321741992,0.45194774775224567,0.18173018343640107,0.03302585957182798,0.437176553740836,0.050142528728105956,0.0025142731872489312,0.5870923317485635,0.05905267526054924,0.003487218455427884,0.13706622190685297,0.039970037901270045,0.0015976039298289638,46.833269476890564,33.563865281865034,1126.5330526591852
0.0,1.0,0.75,0.25,0.10479079764751117,0.012784749829037465,0.0001634498281910735,0.10048042777806343,0.012955127056209574,0.00016783531704253333,0.5840066998421717,0.06174906498819872,0.0038129470269167884,0.5799456425482379,0.06174636749731808,0.0038126138991138583,0.3894039227971632,0.06416071237875476,0.004116597012949294,0.7215733664031749,0.06713979833180944,0.004507752520036042,0.7188336489466103,0.06707602399753042,0.0044991929953172765,0.42590346165115667,0.07710315937786412,0.005944897186048315,0.46240373910271815,0.09062496590873673,0.008212884445959693,0.4599255407565764,0.09064764166681163,0.008216994939754684,0.2949896196222967,0.10315564883215446,0.010641087885982769,0.6224540381653499,0.15555305148739026,0.024196751827038687,0.6206824974189058,0.15602098948053203,0.024342549158484286,0.4856118790724652,0.21280422961368128,0.045285640141472384,0.4872961220420195,0.08998934916251222,0.00809808296269254,0.625024207589347,0.07949350861041156,0.006319217911193577,0.11715354271279768,0.047956522106151776,0.002299828012517824,43.99744012355804,33.45454670485887,1119.2066952275836
0.0,1.0,0.75,0.5,0.10303623333901687,0.016968451896651946,0.000287928359768991,0.09925573082623886,0.015624862804343755,0.00024413633765456497,0.5291448693074148,0.0656740366931916,0.004313079095578678,0.5247162438324748,0.0657432089790829,0.004322169526867366,0.33995654293856015,0.06907064056720776,0.004770753388364406,0.6895702144305493,0.06793838795696551,0.004615624558191156,0.6865567046798022,0.06804613020599724,0.0046302758360115305,0.37258809054884967,0.08783122218674695,0.007714323590817709,0.46612744547328344,0.09456238299774423,0.008942044278212068,0.4637103946195797,0.09481517419717796,0.0089899172580412,0.3211660536678077,0.09795387506025621,0.009594961639320283,0.6692766565044354,0.10953069479487171,0.011996973102247335,0.6676978680792331,0.10991074468517065,0.012080371797248766,0.5583438208087184,0.15379846937550806,0.023653969182249088,0.44437373463640994,0.0741574051170308,0.0054993207336914264,0.595574584409054,0.074154124464885,0.005498834175153656,0.14823223382075262,0.05347925610999669,0.0028600308340786178,28.19154543876648,19.819227415613216,392.80177535179456
0.0,1.0,0.75,0.75,0.10881878245576222,0.007775147995393476,6.045292635027118e-05,0.10589732950477655,0.008013177207285794,6.421100895536457e-05,0.5757182939961232,0.04446194456631103,0.001976864514617715,0.5719081063955079,0.04438280996045526,0.0019698338199858867,0.3841290217017003,0.05496886453814354,0.003021576068612775,0.6610551214937825,0.06328209011072478,0.00400462292878189,0.6579547209878529,0.06340192216705509,0.004019803734477311,0.38439070514954915,0.07503556495318926,0.005630336007844286,0.44928671117958363,0.07302516374571515,0.005332674540088509,0.4469010376794179,0.07319152301297117,0.005356999040958289,0.25931639953081936,0.0956426476674885,0.009147516052847344,0.5579776556339724,0.11792159431942473,0.01390550240683498,0.5559988272699428,0.11831847215543657,0.01399926085319682,0.4065491644564119,0.18390429349809648,0.03382078916703401,0.5926068502181673,0.07811010193950556,0.0061011880249999505,0.6837601455198327,0.07066377595617722,0.00499336923238481,0.05949624526756962,0.029140777856356187,0.0008491849340734991,35.14013736248016,30.092849942146877,905.5796176405694
0.0,1.0,0.75,1.0,0.1022295404170412,0.01239201438433232,0.0001535620205014991,0.0959683922791595,0.01267100881594361,0.00016055446441372068,0.5758705725053959,0.0293467653600979,0.000861232637100642,0.5718843080255013,0.02957208378820255,0.0008745081395764722,0.4049159074166092,0.030239371338389387,0.0009144195789410055,0.6856057029563112,0.03567026538633086,0.0012723678327312734,0.6825690145117315,0.03590431599451536,0.0012891199070340115,0.4341691891854502,0.06219417181548997,0.003868115007814687,0.48218616591951624,0.0755588708542069,0.005709142964762716,0.47984994394253083,0.07604288777377198,0.00578252078097448,0.27688090956536915,0.07289690552718481,0.005313958835439308,0.60408881679499,0.07801905972836043,0.006086973680897471,0.6022333017416074,0.07842633016368944,0.006150689262944024,0.4534449435320222,0.12967004970403498,0.016814321790246903,0.6382403456490807,0.08488919262586507,0.007206175024671225,0.7586773035933241,0.053575153876862305,0.002870297112929474,0.051376051368797006,0.02066066311092517,0.0004268630001831442,39.439037799835205,18.522848794700522,343.09592747133854
0.0,1.0,1.0,0.0,0.10409620626924254,0.008919284524125989,7.955363642231337e-05,0.09913934142751454,0.007620600210726748,5.807354757172855e-05,0.5426428033960187,0.03798162946309416,0.0014426041766717823,0.5387152840945431,0.03786331099851438,0.00143363031977022,0.36493087842877825,0.050478486577421634,0.002548077607146936,0.6694239270026856,0.02357635641157419,0.0005558445816455755,0.6664832985476029,0.023410279839148004,0.0005480412021472194,0.39200253385057154,0.042806966958884175,0.0018324364202190017,0.42336514806942,0.09976383022669,0.009952821821499825,0.42099297435687955,0.09994729203703419,0.009989461185536197,0.2408755327036641,0.09191911613868442,0.008449123911716955,0.5756973602869275,0.12533760309750977,0.015709514750228894,0.5738901174595473,0.12567548416364158,0.015794327319765728,0.4378688209200132,0.1607548261541814,0.02584211413186109,0.4755663361371748,0.11590721366202796,0.013434482178894999,0.5986668439104262,0.09410622101652955,0.008855980834011906,0.13766034143546652,0.06315944751457825,0.003989115810346765,28.058000874519347,18.568445547941394,344.7871700668645
0.0,1.0,1.0,0.25,0.10457746724538382,0.009585142827445119,9.18749630225226e-05,0.09873968145692277,0.009735751564308013,9.478485852192592e-05,0.5715116839525528,0.039514804112490705,0.0015614197440485121,0.567799997274328,0.03993054079946128,0.001594448088537442,0.3838998786051832,0.038727002221321145,0.001499780701050213,0.6895114589291453,0.03189479193835858,0.0010172777527911831,0.6867752963292524,0.03182708151762458,0.0010129631179295203,0.4162990162189518,0.031968326273921384,0.0010219738847558923,0.4571488261379463,0.07216974519267805,0.005208472121176076,0.4548928089869607,0.0724062523382506,0.00524266537767042,0.27571949203527485,0.0696222289949001,0.004847254770218308,0.6160345686525075,0.10146772364136455,0.010295698940960331,0.6144031393519014,0.10180265132074764,0.010363779815933722,0.47335263646088876,0.14782539024795993,0.021852346001961644,0.5339162662655192,0.12152344147919045,0.014767946828946225,0.654731481139035,0.10701642947574566,0.011452516177737244,0.10180456250790693,0.06500696825942755,0.004225905922282221,28.668280148506163,19.447148901789998,378.19160040839193
0.0,1.0,1.0,0.5,0.1088727473726668,0.00968688247988719,9.383569217914539e-05,0.10227332906655218,0.010113933935180697,0.00010229165964519971,0.5654800750648745,0.015155220348328766,0.0002296807038063983,0.5615446455715596,0.01530454118184015,0.0002342289807866411,0.3845832026605376,0.01339663098712881,0.00017946972180529983,0.6876972569405319,0.03883296938898269,0.0015079995115656664,0.6847840959065596,0.03891119980839487,0.001514081470528829,0.40135067360559223,0.040303241398075056,0.001624351267191511,0.47367011852195073,0.08568732538206981,0.007342317731132707,0.47138957702837603,0.08604438808302395,0.007403636720582034,0.28465046636351016,0.0780401863671082,0.006090270688212981,0.6365224189577863,0.11433635726154312,0.013072802591839225,0.6348891492955755,0.11474124889762398,0.013165554198586497,0.5318013762632396,0.16376400149202777,0.02681864818468088,0.5091386350482312,0.11479906103954664,0.013178824415561556,0.6613929481123845,0.08062979892428561,0.006501164474570729,0.14037760836099994,0.07357388004096611,0.005413115824282473,27.404994988441466,23.163129407543796,536.5305639506203
0.0,1.0,1.0,0.75,0.1026772393991229,0.0045891358793214146,2.1060168118875133e-05,0.09712218962606851,0.005846324373260798,3.417950867738326e-05,0.5593760904589568,0.0467835582229752,0.00218870132000251,0.5551969188865014,0.04667434935111947,0.0021784948873503464,0.39350679557042445,0.05995883288178897,0.0035950616405462984,0.6634519000413952,0.07366162894608001,0.005426035578989972,0.6602411667650986,0.07353159049623506,0.005406894800906007,0.4144677498880143,0.07540573224011415,0.005686024454667792,0.4495832076544807,0.07758391498057297,0.006019263863712775,0.44710045457521075,0.07770264822188792,0.006037701540694463,0.23862017526052562,0.07201596240568268,0.005186298841216702,0.5887863956108376,0.14056311517745623,0.019757989348390827,0.5869054445783783,0.1409836528362891,0.019876390367063287,0.44052031939235103,0.19028210652692268,0.036207280064323145,0.6022247426998969,0.11129401403083398,0.012386357559095472,0.7341328145052343,0.0710637207775455,0.0050500524107489515,0.06260115392602748,0.0387051940834909,0.0014980920490406987,52.15973138809204,23.65830602761923,559.7154440964844
0.0,1.0,1.0,1.0,0.10215619526263912,0.004096091518278828,1.6777965726115754e-05,0.0950566185213069,0.005236653887686388,2.7422543939420957e-05,0.572819515059248,0.04147817317886015,0.0017204388502555133,0.5687310434578687,0.04179102595712656,0.001746489850549226,0.4105024760729602,0.041389419355441576,0.0017130840345806018,0.6694351712870524,0.02562778556383884,0.0006567833929061064,0.6661957265617169,0.025855046357482817,0.0006684834221475854,0.44398466343480053,0.04090896229179465,0.0016735431957914768,0.44291927418016624,0.0408359769514143,0.0016675770135764396,0.44038606684151194,0.040973682064741224,0.0016788426219424965,0.2142171835022471,0.033855523441869845,0.0011461964675229988,0.5464989714802744,0.06106985588570383,0.003729527297900635,0.5443778028075491,0.06131293556496799,0.0037592760675939163,0.36249653893614975,0.0904509708083701,0.00818137812017662,0.967669702120644,0.0048049738483935695,2.3087773683746112e-05,0.9814116894164469,0.003137200922288992,9.8420296268109e-06,0.0001580982027560941,5.401013054189227e-05,2.9170942011522444e-09,45.87685465812683,16.986263195193718,288.53313733639266
0.3,0.0,0.0,0.0,0.13504119227998326,0.007840308265536448,6.147043369863914e-05,0.13404695153446214,0.007415174390857068,5.498481124682249e-05,0.7147102029774909,0.061352556512197946,0.003764136190582443,0.7122313018578728,0.06128621471043187,0.0037560001135331558,0.38713371879980646,0.060986332663286805,0.003719332771717083,0.7096227611539049,0.0609521122140361,0.0037151599833524485,0.7070692781349612,0.06087542548653485,0.003705817428166657,0.3708768157625159,0.05606383798485709,0.0031431539295923047,0.5000862668483262,0.1803328947036141,0.03251995291218478,0.49861007639440064,0.18063378781887698,0.03262856530179507,0.3983662444489386,0.18176811036779736,0.03303964594667976,0.4829925990378959,0.18664257021136277,0.034835449015103485,0.4814235423716789,0.18696631946150702,0.03495640461298229,0.3829934866949105,0.18697183606761106,0.03495846748249362,0.6835626054804138,0.12188359291952312,0.014855610222972028,0.7833396927314679,0.09378850312731372,0.008796283318862137,0.017552516210694237,0.011034938127172468,0.00012176985947052464,2.307880139350891,1.4693898519465614,2.1591065370035376
0.3,0.0,0.0,0.25,0.13907761017520728,0.007283047373572535,5.3042779045701794e-05,0.13842819001080478,0.007018364079090964,4.9257434346674356e-05,0.720680122204284,0.0568626919856321,0.003233365739852869,0.718068706740997,0.05699785791142718,0.0032487558064912426,0.37630301177572634,0.07066167019586309,0.004993071634868925,0.7147284653330096,0.06133491199560446,0.0037619714295085436,0.7120373257509135,0.06152800512907388,0.0037856954151633416,0.3629764448495224,0.07621503748248075,0.005808731938455945,0.5768340898461282,0.14761448760136975,0.021790036949814944,0.5754369024445545,0.14803066874843065,0.021913078890107605,0.488285718451686,0.22498122495145326,0.050616551580656415,0.5721432823667214,0.1567055249448937,0.024556621548254706,0.5706964014032782,0.15715802836361167,0.02469864587913777,0.48522764998509704,0.23896209488525397,0.05710288279194912,0.7647489402986302,0.13284386026172748,0.017647491209237375,0.8415084592770821,0.09666840986924387,0.009344781466648126,0.011338986063410139,0.010232502080206887,0.00010470409882143828,2.296601128578186,0.8013277486182494,0.6421261607055923
0.3,0.0,0.0,0.5,0.13043451349587556,0.011305244147712655,0.00012780854523939124,0.129890652815855,0.011195975031677375,0.00012534985690994317,0.682626356776256,0.06929636621539748,0.004801986370658481,0.6801520649700236,0.06926864439603549,0.004798145096464419,0.3675663951056737,0.06698503695759377,0.004486995176210203,0.6827145001388327,0.06594828607088578,0.004349176435687388,0.6802200678528691,0.0658497739189338,0.004336192725174695,0.357777213089516,0.06637795836474546,0.004406033356671881,0.45088540587771186,0.16751010714953773,0.028059635997249612,0.44940489740157974,0.16769438373063314,0.028121406334796834,0.3672946370664908,0.17118915271334026,0.02930572600671133,0.44798311032551474,0.17068445863491288,0.02913318441949329,0.44646087034835924,0.17087501602326624,0.02919827110095149,0.3651150629941819,0.17521644603192832,0.030700802960059646,0.8044520893189153,0.08455391187626675,0.007149364013579484,0.8701077694464185,0.05989663889552379,0.0035876073509807736,0.00891220423879684,0.007482755491224584,5.599162974145167e-05,2.6770822525024416,0.9334148440544154,0.8712632711011288
0.3,0.0,0.0,0.75,0.12533770240192524,0.008376088095561875,7.015885178461334e-05,0.12261341260752538,0.00896852986303518,8.043452790415382e-05,0.628212721177158,0.051827560492242776,0.002686096026577084,0.624969374925105,0.052074756568372814,0.0027117802716552877,0.3631241424256322,0.06702942982895024,0.004492944463194165,0.6807197773817429,0.0515799107487237,0.0026604871928463027,0.6778770529989883,0.05178776766716998,0.002681972879948776,0.35466648310263654,0.0655589698436923,0.0042979785269661565,0.43659855709727563,0.08855294811810728,0.007841624620408199,0.4349000449772681,0.08876387215531203,0.00787902500000458,0.3225496727645653,0.10176359752560639,0.010355829781353604,0.5002465984447263,0.0998242215723071,0.009964875212517061,0.49867380449414284,0.10004542106351666,0.010009086275776343,0.3805890317843054,0.10287724215484668,0.010583726953386965,0.6120217700475905,0.06663992071167668,0.004440879032458555,0.7436692734928024,0.046227336050265126,0.002136966598304142,0.05942289845021018,0.03114794231106188,0.0009701943102132388,14.999315118789672,20.732204159683302,429.8242893187896
0.3,0.0,0.0,1.0,0.10224755472200106,0.008056105502564309,6.490083586844693e-05,0.09998037893996474,0.008876331162502514,7.878925490641323e-05,0.5769613762715786,0.04462857520250501,0.001991709724605645,0.5731100971740316,0.04463167010106283,0.001991985976010106,0.36387335683207417,0.052388698535907205,0.0027445757342861657,0.7039530290552733,0.05324367849428037,0.002834889299602294,0.7012063486885705,0.05328608666699904,0.002839407032282933,0.4017639840384102,0.06279148406415756,0.003942770470979353,0.3563704565504607,0.0600288405967933,0.0036034617033952193,0.3543891785807257,0.060024256475628784,0.003602911365452064,0.2454092108406975,0.057168064633047945,0.003268187613888347,0.4865071639370996,0.09620708534718121,0.009255803270999811,0.48484832721584026,0.09634232458779142,0.00928184350697936,0.3393937565495527,0.09098841550829269,0.008278891756709717,0.4662357304425557,0.057283015240565255,0.003281343835050831,0.5923134840163957,0.06752235412604304,0.004559268306722763,0.167422991198528,0.0513177489293502,0.002633511355175823,31.85387806892395,31.04537720900655,963.8154460495033
0.3,0.0,0.25,0.0,0.1354281482477539,0.008701508471967866,7.571624968772853e-05,0.13438727877162654,0.008390245977364888,7.039622756068768e-05,0.7219334129337909,0.03813002027564132,0.0014538984462208182,0.7193570436592136,0.03821231671587923,0.001460181148794663,0.3881138375635464,0.0584017921099444,0.003410769321653164,0.7152436471250985,0.0451756829827495,0.002040842332957883,0.7125799224158496,0.04533319049176431,0.00205509816016259,0.3743821464549991,0.06251235216135863,0.003907794172745719,0.5987402499752725,0.12204824391186493,0.014895773841970075,0.5974572243627669,0.12236634654605265,0.014973522767028652,0.5044643715240279,0.19462822274316371,0.03788014508816255,0.59305035178355,0.12845433057515523,0.01650051504351126,0.5917171928945066,0.1287907852233288,0.016587066358441607,0.5016580316941759,0.20241057258727485,0.040970039895108466,0.6856610814505552,0.12699998638473306,0.016128996541722385,0.7841237331845095,0.09578970618242606,0.009175667810515513,0.01752325497409287,0.010706363573644675,0.00011462622097106559,2.199951434135437,1.2089573454447595,1.4615778631048395
0.3,0.0,0.25,0.25,0.14205081120567575,0.011298332054165998,0.00012765230720619485,0.14147975788740919,0.011343119165303535,0.00012866635239827638,0.6910084342430662,0.030109602651507247,0.0009065881718316522,0.6881466889290679,0.030156075144814512,0.0009093888681396996,0.33411238057401793,0.05122493300302472,0.0026239937611643714,0.6835087435496439,0.03244344905340455,0.0010525773864808567,0.6805511063512023,0.03253081318006457,0.0010582538061562627,0.3201886739014139,0.04726603186406251,0.0022340777681745727,0.6060864739975955,0.10740480866408074,0.011535792924167794,0.6048077391337842,0.10770816123150599,0.011601047995872091,0.5266138283547983,0.16190555931323233,0.026213410136530592,0.6047146869881106,0.10955089995955876,0.01200139968194925,0.6033997922472302,0.10987320602590582,0.012072121402411146,0.531613635143046,0.17028443839926982,0.02899678996095472,0.7307746716299348,0.12614748265723108,0.015913187380756415,0.8173620791645311,0.09339415015998451,0.008722467284105735,0.01348835868248011,0.01113049480971251,0.00012388791470903713,2.9018745899200438,1.4081683829168419,1.9829381946466336
0.3,0.0,0.25,0.5,0.13530474699521017,0.010167590712135894,0.00010337990088951212,0.1344784118168713,0.0105490605795581,0.00011128267911118667,0.6567377772985277,0.07785226104857429,0.006060974550375357,0.653995245957484,0.07792844330293042,0.006072842275618042,0.33521548975132726,0.07005625465669106,0.004907878816523149,0.6612646169976231,0.08636922261902594,0.007459642615814862,0.6585341564666335,0.08650490005194501,0.007483097732996997,0.322848995383661,0.07844120317613545,0.006153022355719764,0.48895942205753506,0.05509880279725715,0.0030358780696910326,0.48747580518477457,0.0552241025201368,0.00304970149915458,0.40669367445849086,0.09862377655466258,0.009726649301904013,0.49510664978813146,0.060128633232349564,0.003615452534390412,0.49359321287906066,0.060270827051867135,0.0036325725935160793,0.41243070585951463,0.10541281987774988,0.01111186259457894,0.8066321946454703,0.07768397393795794,0.006034799806793329,0.8777197350080513,0.05201473691732773,0.002705532856578816,0.00760790793255578,0.005438738205888532,2.957987327219161e-05,9.519860529899598,22.104429174408097,488.6057891264238
0.3,0.0,0.25,0.75,0.13098519597654454,0.007832261292776642,6.134431695832723e-05,0.12842749883697732,0.008775478306800498,7.700901951312615e-05,0.6456670525297687,0.05188490875214478,0.0026920437562183894,0.6424411286411401,0.0519911704465849,0.002703081804405843,0.3691002969452467,0.05832185595535972,0.0034014388820777283,0.6969893831883578,0.05046221034727067,0.0025464346731321912,0.6941535765455014,0.050601191205799416,0.0025604805514458724,0.3494633812031357,0.05897979899218034,0.0034786166891579966,0.4241295462340705,0.10483391186270617,0.010990149076437647,0.42234213261409453,0.10497782458522059,0.011020343654645345,0.3223482167134916,0.11951911851826966,0.014284819691384188,0.4894723155751686,0.12063967161504296,0.014553930367385405,0.4878024507980774,0.12088568914558355,0.014613349840202655,0.37966021057595034,0.13869073627676767,0.019235120328991922,0.6247507185407601,0.08073061234283509,0.006517431769249116,0.7524865107018417,0.05613369660551798,0.0031509918946003405,0.06275582190522176,0.03006067103089747,0.0009036439428278382,9.073281073570252,14.448779383560618,208.76722567480635
0.3,0.0,0.25,1.0,0.10039856894087443,0.009234711522609518,8.5279896905817e-05,0.09846610025572329,0.009198468821666228,8.461182866316567e-05,0.5399489985957501,0.05564491915439619,0.003096357027699288,0.5361214679155617,0.055741557765659186,0.00310712126214232,0.32669099930249124,0.06283995074810632,0.003948859410024428,0.6752469876040628,0.060184907482397305,0.003622223088664723,0.6724882705242285,0.06036729775955681,0.0036442106387909925,0.3615983696628821,0.08295979448232117,0.0068823275005489674,0.4018646665710886,0.10362627222860774,0.010738404295997518,0.4001513246829461,0.10386891319978815,0.010788751129305127,0.3147003614146901,0.10818901289449488,0.01170486251108518,0.5589266701562814,0.13530057108980761,0.01830624453722808,0.557585837671531,0.13568279003357497,0.018409819511295195,0.44393290474648417,0.15850676293296143,0.025124393895486034,0.4184647681635633,0.03954508062601643,0.0015638134017181397,0.5895145500620073,0.040161087042637406,0.0016129129124462982,0.1895696009539116,0.06009053828044674,0.0036108727908338353,17.609988164901733,23.69784221177397,561.5877254941362
0.3,0.0,0.5,0.0,0.13927670380986162,0.014104816071292296,0.00019894583640498546,0.13808045546969866,0.014299974831158786,0.00020448928017177475,0.7217259410528737,0.04570880895922405,0.002089295216470841,0.7190140294587597,0.045929137073783405,0.0021094856323423854,0.38077160684838884,0.07750831203351757,0.006007538434285125,0.7081005764318088,0.04678670617796194,0.002188995874982942,0.7052053078925923,0.04707913704924069,0.0022164451453011874,0.3566698158333044,0.08300030601453984,0.006889050798507258,0.6523466095126695,0.14144335127659435,0.020006221620354064,0.6512066447926107,0.1418142940510388,0.020111293997194496,0.5844461679162325,0.21643961048479385,0.04684610498680929,0.6472227001122279,0.14813589975922375,0.02194424479747479,0.6460289422271359,0.14854335990844875,0.022065129772890935,0.5783067768337901,0.23186474916149313,0.05376126190372213,0.6713907003380688,0.10410807425813695,0.010838491125737757,0.7751126626500244,0.08168109087437107,0.0066718006064272655,0.01913284115142847,0.00989843033905466,9.797892317711778e-05,3.6936763525009155,1.1171425101126191,1.2480073879007232
0.3,0.0,0.5,0.25,0.13455664860477662,0.006683843187190414,4.467375975095171e-05,0.1337037530986303,0.006331956202401672,4.009366934913301e-05,0.7059050355162911,0.08279464601203818,0.0068549534082587085,0.7032766844217548,0.08290841820403463,0.006873805809095102,0.3803474813484756,0.0857212307334789,0.0073481293984623275,0.7078097899944767,0.08253282750150666,0.006811667615393453,0.7051691214023178,0.08266671231501897,0.006833785324974109,0.3728256261012154,0.08942228262036275,0.00799634462903603,0.43705794124301384,0.10275902033260237,0.010559416259716188,0.43528388991871453,0.10282216602448382,0.010572397825966515,0.2946244015269753,0.07125572885289876,0.005077378894357828,0.43170735240381275,0.09071087755487271,0.00822846330677511,0.4298653649476952,0.09075331629929306,0.008236164419319533,0.2880207777349496,0.062246263656551774,0.0038745973392009586,0.6779956088865702,0.12708330046904587,0.01615016525810579,0.7780490809302782,0.09465132301543408,0.00895887294857204,0.019535800332273888,0.010588154542782549,0.00011210901662184674,3.6437329292297362,1.5044330688307093,2.263318858591386
0.3,0.0,0.5,0.5,0.13020736362870644,0.008197479542085783,6.719867084291493e-05,0.12902642329385713,0.008571493523780917,7.34705012282182e-05,0.7199803061579413,0.03603735093631959,0.0012986906625074542,0.7172969876564081,0.036095950002649986,0.0013029176065938075,0.4096294508126158,0.04808511658117786,0.002312178436625466,0.724463419439585,0.03412596498203454,0.0011645814859550475,0.7217905463399352,0.03419727459483224,0.0011694535897143585,0.39671757865833907,0.04322688553945705,0.0018685636334413208,0.5576854272621675,0.15469276009420577,0.0239298500255635,0.5562473764860083,0.15510725327523034,0.024058260018586457,0.43630017774062324,0.1953947060379441,0.03817909114765458,0.5549585804488695,0.15913603355231867,0.025324277174764695,0.5534731464664318,0.15957685382913617,0.02546477227800549,0.43764548712928286,0.20309602488245712,0.04124799532305565,0.7786230767792632,0.07577336091626963,0.005741602224547258,0.8579767616939311,0.05386641363860991,0.00290159051828582,0.00884972647328327,0.005660965573849646,3.204653122831086e-05,4.36524920463562,3.2876679454897193,10.808760519800593
0.3,0.0,0.5,0.75,0.12883103786974592,0.008908345707663773,7.935862324725157e-05,0.12703303164414897,0.009110617326730939,8.300334807412999e-05,0.6431640270984401,0.047392221568495325,0.0022460226651973532,0.6398962136121928,0.04758391766960682,0.00226422922078792,0.369679324553129,0.06144181315611737,0.0037750964039112373,0.6963383595964083,0.05444460704141877,0.0029642152358945063,0.6934900492336418,0.05474507312628133,0.00299702303160189,0.36086502102788526,0.07853575494464794,0.006167864804725793,0.4991520275334512,0.10662945585770194,0.011369840856509605,0.49756298853013536,0.10700193242227603,0.011449413542101326,0.3999873912454451,0.161136439049091,0.025964951989421423,0.5776832698648088,0.12610773014367535,0.015903159601990048,0.5762743607769625,0.126547254753054,0.01601420768553435,0.4789340220378969,0.20249690362894407,0.04100499597930986,0.61724818959842,0.06328795040514093,0.0040053646664835775,0.7569167556264469,0.029242280142949367,0.0008551109479587309,0.056027350569531134,0.01771282878423483,0.00031374430353961794,12.034744262695312,20.735167670209403,429.94717831169726
0.3,0.0,0.5,1.0,0.10831812708487547,0.012229924870274285,0.00014957106233255346,0.10596285655980427,0.011751705190897332,0.0001381025748937633,0.5690514780282092,0.05911998668852416,0.0034951728260512738,0.5651202203529848,0.05922310857592717,0.0035073765893960584,0.35206075910864654,0.05749433672058638,0.0033055987549401675,0.7125334442333158,0.04583130606935104,0.002100508616022534,0.7098452251686677,0.045647589846957236,0.002083702458836033,0.38404971385411885,0.04600156898256859,0.002116144348858016,0.35598880406411615,0.11116027420823876,0.012356606562050832,0.35401029462437517,0.11128911563101393,0.012385267257933189,0.2566116899161246,0.10331569549079084,0.010674132934745818,0.495875264822396,0.1369255587779027,0.018748608646640887,0.49424880021115525,0.1371315861832078,0.01880507192912255,0.3807220680731422,0.1566388359151013,0.02453572491683803,0.4285573445407909,0.06396139049813437,0.004091059474454834,0.5509053387897473,0.0764342996851698,0.005842202168362347,0.19316980826746658,0.06221091056991534,0.003870197393938004,24.793674755096436,24.12107439164046,581.8262298070531
0.3,0.0,0.75,0.0,0.131776103507868,0.012012082191342113,0.00014429011857155832,0.12921287557619182,0.012979115478765544,0.00016845743861113133,0.6669455456991511,0.06597610033698464,0.004352845815675865,0.6637051323243971,0.06627287993907724,0.004392094615419347,0.3800359139677202,0.07267640550598418,0.0052818599172702475,0.7062163800001965,0.05498745588972821,0.0030236203052248062,0.7032851510614172,0.055200363533737286,0.003047080134256753,0.36245254151824613,0.07031099079480237,0.004943635426546782,0.5444508200883,0.12516200146560855,0.015665526610876997,0.5429232507596538,0.1255443232326945,0.01576137709595527,0.44542435878996967,0.17781316301195996,0.03161752094031784,0.6091487261941492,0.14691412351596522,0.021583759688464283,0.6077727561525096,0.14739583357193992,0.02172553175436701,0.5027677574855192,0.21209718831175656,0.04498521728975272,0.5578131545873481,0.06876221943577883,0.0047282428217341995,0.7004556541868393,0.045659595064175,0.0020847986214244346,0.07697895981361871,0.02659381863424883,0.0007072311895513202,21.668327689170837,26.651178842824972,710.2853337122415
0.3,0.0,0.75,0.25,0.1299077834192647,0.008252858349072986,6.81096709298637e-05,0.12780460459770657,0.008030394334407094,6.448723316607755e-05,0.6575996601045089,0.03618534254998546,0.0013093790154597882,0.6544522109904658,0.036238407962378844,0.0013132222116478023,0.37267932436416307,0.03848352166857005,0.001480981440015301,0.7013800244531775,0.04577641853396138,0.0020954804937964033,0.6985841053837673,0.045897163494611606,0.0021065496168511085,0.36343498974478183,0.04256560969520743,0.001811831128724737,0.44671170388612386,0.08611563354108964,0.007415902340183243,0.4449669084064724,0.0862998347562393,0.007447661478954207,0.3254540871578312,0.1057988981534085,0.011193406850475303,0.49679230868442525,0.0984286847531126,0.009688205982227622,0.4951377680208339,0.09864066284662108,0.009729980366820773,0.36726260106767156,0.12302330960962661,0.015134734707306046,0.5330151415404871,0.0756946699210727,0.0057296830544601475,0.6889499251133728,0.052093851049114986,0.0027137693171273786,0.07548205583164679,0.01806868692084196,0.0003264774470434053,4.629780578613281,2.8889635292228566,8.346110273179782
0.3,0.0,0.75,0.5,0.13071446147641858,0.009731618416111115,9.4704396996793e-05,0.12857077611342319,0.009645021222759658,9.30264343874842e-05,0.6731990697951112,0.06189022714437112,0.003830400215981851,0.669978046811862,0.06211475956716071,0.0038582433560861835,0.3960466937316105,0.06871184775532668,0.004721318021951192,0.7154242875338696,0.05656320083604306,0.003199395688818543,0.7125531959171354,0.056777438597983336,0.0032236775337477677,0.3783269835691062,0.07438988179430436,0.0055338545133705765,0.5564959009427108,0.12851442958548523,0.01651595861168264,0.5550120265396188,0.12885307976707072,0.016603116165459092,0.4793948560793588,0.19491607094067262,0.03799227471094932,0.6288876153315279,0.16486661079766873,0.02718099935590998,0.6275924128740684,0.1653711167845813,0.02734760626657963,0.549746662381565,0.24962975066800433,0.06231501241857001,0.6225503050653707,0.050312542207027154,0.002531351903333889,0.7525211212027514,0.03058756429508882,0.0009355990895061923,0.0549381481340388,0.016934797780547264,0.0002867873758680285,23.315197396278382,28.596414850828253,817.7549423206706
0.3,0.0,0.75,0.75,0.11767166723035846,0.010964783997989579,0.00012022648812256832,0.11585170037414053,0.010954477011027907,0.0001200005665851389,0.6290668614431093,0.04679017578655985,0.0021893205501371717,0.625518850348812,0.046816219480277026,0.00219175840642547,0.38834196938396,0.052905974581438524,0.002799042146411819,0.7030904537934743,0.0547146044208533,0.002993687936930459,0.7001906596273197,0.0547884274147743,0.0030017717785839923,0.38324813709947325,0.05948013343723404,0.0035378862737111666,0.4294720550252512,0.0819632487884552,0.0067179741519582045,0.4276381275772814,0.08202490873201784,0.006728085652495856,0.2902093894578185,0.1024201653124228,0.010489890262624015,0.49845543157947414,0.11851509344452013,0.014045827374163338,0.49676107835061367,0.11872439448877255,0.014095481846725686,0.3708900224441273,0.14207106757608293,0.02018418824220792,0.6662594372541997,0.08241606889058355,0.006792408411377414,0.7484911493022774,0.07542337985688392,0.0056886862290358026,0.04529029193122786,0.017410018891192987,0.00030310875779169665,21.170643353462218,24.488861843888863,599.7043544090759
0.3,0.0,0.75,1.0,0.10069394496041677,0.01547257954285122,0.00023940071770985812,0.09664390344243612,0.01449998705879097,0.00021024962470510557,0.5754644754229914,0.03735736566616109,0.0013955727695152713,0.5710181222369292,0.037472909128324836,0.0014042189185396905,0.38862412892508025,0.046670427451498867,0.002178128798505619,0.724609520320542,0.04125233299722016,0.0017017549777135392,0.7216299437500893,0.041301145641065365,0.0017057846312644924,0.42375157454373696,0.06389235144065962,0.004082232572616759,0.44196108577310766,0.08888708148618334,0.007900913255131396,0.4400050525523156,0.08931526845790197,0.007977217179707098,0.31340433896042225,0.10287552773801574,0.010583374207375247,0.6017411468584444,0.10060343810102428,0.010121051757746623,0.6002432365773839,0.10104442636082236,0.010209976098587653,0.46004147225239767,0.16313677353650427,0.026613606879900678,0.4332747496642785,0.06686686910455546,0.004471178183845753,0.5816588655645785,0.06837408629339424,0.004675015676456521,0.14792681666745777,0.0356422644669329,0.0012703710163307876,41.828517818450926,36.543655234232325,1335.4387378784356
0.3,0.0,1.0,0.0,0.10500157487530863,0.012881389116700637,0.00016593018557585363,0.10216232882184503,0.012609922441980784,0.00015901014399277063,0.5939245635123805,0.0561011260392346,0.003147336342870087,0.5900748186876852,0.05617052570350649,0.003155127957808283,0.37931648983982874,0.058016255258249,0.003365885874190305,0.7125842027367125,0.047385449312325675,0.002245380806530986,0.7097920137530955,0.04743055636062719,0.002249657676678632,0.4086115548338933,0.06654847001712655,0.0044286988616203905,0.40356982212714126,0.11880623655155352,0.01411492184354369,0.401659405247705,0.11909740918181586,0.014184192873820877,0.29253752212884254,0.1380445237914257,0.019056290548801494,0.5212106026622477,0.15410047267147545,0.02374695567757215,0.5195953369055519,0.15454787854535837,0.02388504676287084,0.3871285066029905,0.19586178019698633,0.038361836941932584,0.41822133453600496,0.05749652116013197,0.0033058499455175033,0.5728170878193133,0.07189661614146808,0.00516912341259361,0.18349048629160344,0.05606494379458867,0.003143277922690387,24.173698449134825,23.92371328727275,572.3440574516308
0.3,0.0,1.0,0.25,0.1067046677636742,0.010316405149672437,0.00010642821521218796,0.10412095354121598,0.010318189945651384,0.0001064650437545413,0.5761711392445945,0.041437436502221495,0.0017170611438756382,0.5721274042530128,0.04125276327607495,0.0017017904779118784,0.3571616274146621,0.0507084518117481,0.0025713470851443793,0.7032534161610939,0.06446021171124976,0.0041551188938591405,0.7003641544219812,0.06463877765258826,0.004178171576420742,0.37905441186960387,0.0714472375223171,0.005104707749570396,0.42600016662292156,0.08305291101431611,0.006897786027951911,0.4241522896589295,0.08318950065646424,0.006920493019471864,0.328499141081519,0.10833035733635007,0.011735466320621295,0.5523120438510406,0.1379923129959301,0.01904187844596674,0.55079422535501,0.13835281236685187,0.019141500689817324,0.44613247726774397,0.17327827863466155,0.030025361846591405,0.3928192858803251,0.02613076072782745,0.0006828166562149695,0.537103204682133,0.05731770419528286,0.0032853192142179464,0.21815972071686965,0.04292342644044403,0.0018424205373882097,14.37797839641571,15.138683071889462,229.17972515111256
0.3,0.0,1.0,0.5,0.10552314996638565,0.012648128615207454,0.00015997515746682964,0.10267997864855002,0.012226971630098837,0.00014949883524324184,0.5976922213789245,0.04419550731310295,0.001953242866662536,0.5938737843319662,0.044171574197838674,0.001951127967115167,0.38037688407461295,0.05115731356983904,0.0026170707316828376,0.7207531214953485,0.05289963332346361,0.0027983712057569016,0.7180776093783142,0.05278400355893125,0.002786151031709267,0.41428372076796666,0.06266942443188499,0.003927456758623742,0.38757451672440396,0.10993039887940098,0.012084692597784203,0.3856326371406441,0.11007691556533503,0.012116927340377896,0.269349688404182,0.10474088621128542,0.010970653244325442,0.4967923376727811,0.14555793431742714,0.02118711224275643,0.4951363476668866,0.14578826553614285,0.021254218368036894,0.3519711846591821,0.15282622695013015,0.023355855643812685,0.45221220530787926,0.06386714231262036,0.004079011867180502,0.5866659683344123,0.09009300259427772,0.008116749116452531,0.17555410921961276,0.06179054060394465,0.0038180709081277325,7.854707670211792,3.953939679822182,15.633638991672342
0.3,0.0,1.0,0.75,0.09694073103577519,0.009738739502076321,9.484304708930174e-05,0.09355428322038964,0.008668042194963737,7.513495549367175e-05,0.5562049951867398,0.056983711889021245,0.003247143420650981,0.5519065555579858,0.057350849205982476,0.003289119904647341,0.36659020798497743,0.06813244857726891,0.004642030549134192,0.7045315067421095,0.043809987614091134,0.0019193150147468186,0.7015769362067854,0.04396362132581323,0.0019328000000795,0.41013534171218324,0.06632760987923886,0.004399351832292504,0.34553182797999366,0.09229508718647898,0.008518383118759758,0.3434243804936708,0.09246658275011778,0.00855006892548438,0.22687456474656523,0.08091015090711082,0.006546452519811446,0.5009630477029366,0.1383374457623502,0.019137248900051182,0.49926378399120785,0.138682177379267,0.01923274632265447,0.35139938153959926,0.1484297997159342,0.022031405443712338,0.4582642667501718,0.05088951663382869,0.0025897429032247263,0.6171334286675647,0.05247701451483248,0.0027538370523899386,0.14454815177027247,0.04687090888846188,0.0021968821000304954,53.4144508600235,12.599727511723462,158.7531333696811
0.3,0.0,1.0,1.0,0.10059275187235228,0.012140060718434938,0.000147381074247287,0.09489278425687746,0.011148385215442333,0.0001242864929118932,0.5626318356836412,0.05407053365948471,0.0029236226102214687,0.5586314549226495,0.054174712103592974,0.002934899431507183,0.384939851089118,0.05959804099670314,0.0035519264906447084,0.7084265198055694,0.04052477338795468,0.0016422572581450798,0.7056895924543235,0.04049696191673795,0.0016400039244857238,0.4325036748480122,0.05492179305800792,0.0030164033527066473,0.41002931422988764,0.13340378042454745,0.017796568631560872,0.4082064274994477,0.1337940961300344,0.017900860159252886,0.26900341344502404,0.12344047867649167,0.015237551775881394,0.5622016152049566,0.1629041674967813,0.026537767787819373,0.5607823990446092,0.16331864130133614,0.0266729785965145,0.4347331586255999,0.18903816801286571,0.03573542896566045,0.4957657486634153,0.09309833453725896,0.008667299893611384,0.6178997342599347,0.08952595782337877,0.008014897124193393,0.1328020622332054,0.05516684753040936,0.0030433810664434336,19.20215458869934,19.647127079809593,386.0096024901874
0.3,0.25,0.0,0.0,0.13281533039903665,0.011042583816620023,0.00012193865734707843,0.13213558376838763,0.01119994101175667,0.00012543867866682902,0.6717502207540185,0.03737904244383007,0.00139719281401765,0.6690931576400414,0.0376181317383755,0.0014151238354857742,0.34266842391569446,0.06939225459863085,0.0048152849982812055,0.6704840332856712,0.03975174425838676,0.001580201171584185,0.6678060500366019,0.03999554102614441,0.0015996433019740003,0.3386019504110306,0.0675048184905761,0.0045569005194456245,0.4757817610923019,0.09041171026680826,0.008174277353369282,0.4742775436365297,0.09069240836942587,0.008225112935846707,0.3645820608759748,0.10591762539176774,0.011218543368630842,0.4657064454115802,0.09449239188987173,0.008928812125069095,0.46414406458848056,0.09477837751671975,0.008982940844701848,0.36553618660991544,0.11519447376356118,0.013269766785663785,0.7826981907393323,0.14239317339548418,0.020275815829636428,0.8547097456662808,0.10345044766835763,0.010701995122783602,0.0101617798995738,0.010717838542101382,0.00011487206301455386,2.6518833875656127,1.290882617419699,1.6663779319563328
0.3,0.25,0.0,0.25,0.13485016959266777,0.01280279302107921,0.00016391150914059452,0.1342835025004571,0.012860172373082054,0.00016538403346538292,0.6991032093160799,0.046747087433340204,0.0021852901835003537,0.6964533876931923,0.046748118533329906,0.002185386586406263,0.36401346214521085,0.06793710544401826,0.004615450296111655,0.6960402672484941,0.051410141532461796,0.0026430026523877534,0.693347222719899,0.05147666830268021,0.0026498473795441616,0.3568364004774308,0.07129865151343166,0.005083497707633772,0.5623430169812442,0.13077935355327516,0.017103239315812546,0.5610018525202598,0.1311335722938055,0.017196013782534714,0.4727687491062871,0.20118068074214607,0.04047366630387331,0.5649035840405097,0.13728136218632628,0.018846172403733295,0.5635453805632642,0.13765886619787449,0.018949963442884313,0.4799571771407375,0.2103903861035955,0.04426411456482,0.7611572780172582,0.12848713299557485,0.016508943345422536,0.8400406023758624,0.09429704783979567,0.008891933231300712,0.01125753778956084,0.010557782334777421,0.00011146676782853818,2.9117018222808837,1.4432480834906152,2.082965030499334
0.3,0.25,0.0,0.5,0.13363269691694052,0.010258116886603826,0.00010522896205922658,0.13269428788713342,0.010265779617448824,0.00010538623115402773,0.7171682930825392,0.04392726685470161,0.0019296047733241666,0.7144999596514475,0.0440746838792891,0.0019425777590592666,0.3904923411029963,0.060162495798210834,0.0036195259006697364,0.7228391316924634,0.037183981850552564,0.0013826485062622225,0.7201968607043491,0.03726959769857878,0.0013890229126139084,0.3838645417318181,0.0580566793650545,0.0033705780188967452,0.533317252753202,0.12031296752009495,0.014475210153491421,0.5318113862754139,0.12057730731882887,0.014538887040259305,0.40629172599822583,0.13845711333430677,0.01917037223286907,0.5459646512787115,0.11539160478844643,0.013315222455653012,0.5444643561564627,0.1156488176367028,0.01337464902076734,0.4132996756366893,0.13593867721934486,0.018479323964145224,0.790062212071198,0.08730137343193366,0.007621529803101931,0.8672248300872717,0.060672297086588625,0.0036811276337632703,0.00854163369726005,0.005911833160017206,3.4949771311879025e-05,15.772173953056335,26.41910543499886,697.9691319855863
0.3,0.25,0.0,0.75,0.12994997285856247,0.00825523761739618,6.814894811967297e-05,0.12785448451501027,0.008302256443289432,6.892746205014089e-05,0.6508809575396358,0.04516417686794941,0.002039802872159416,0.6475464045449444,0.04525408750890885,0.0020479324362639804,0.3765555915451155,0.05538057113654251,0.0030670076594096454,0.7041604169559962,0.04627347699459985,0.0021412346731697614,0.7012603237403707,0.04644009994923367,0.002156682883294813,0.35892215605781563,0.055462364846887505,0.0030760739144092626,0.4943807500231639,0.09556093450734024,0.009131892203916171,0.4927284587730972,0.0958226721172327,0.009181984491686683,0.3951776373296216,0.13591020827047648,0.018471584712124296,0.57156448330543,0.10842794665779197,0.011756619616424982,0.5700926717647181,0.10876737581874632,0.011830342042496401,0.4581525786006213,0.1640077223354154,0.026898532985650724,0.6314985789752565,0.07027801320768479,0.004938999140419517,0.7580708424990767,0.047508625097900416,0.0022570694586928532,0.05826753913140074,0.019705623284905018,0.00038831158904659087,16.76578848361969,25.426200003540394,646.4916466200375
0.3,0.25,0.0,1.0,0.10476800984054813,0.014295650677813057,0.00020436562830205695,0.1023532865383264,0.013260831758535244,0.00017584965892817694,0.5382452940746412,0.035633123168803654,0.001269719466763132,0.5341400907099181,0.03605616409957098,0.001300046969575191,0.3212339134176002,0.0337584861394328,0.0011396353864262768,0.6924796271257223,0.040198638900512604,0.0016159305694538053,0.6896454279566984,0.04051886173518071,0.0016417781563146914,0.3585172495677057,0.05902636457318212,0.0034841117147262086,0.37264388800123227,0.09637102506605943,0.009287374472283056,0.37075881256537824,0.0965693527942256,0.009325639899095607,0.2845607496164203,0.10794569720804602,0.011652273545731152,0.5140805266721455,0.12999662303469967,0.016899122000425804,0.5125284107335519,0.13030157795931296,0.016978501218686916,0.40904497571956633,0.1542090269854703,0.023780424003805502,0.4192177519665304,0.051960674400732924,0.002699911684178982,0.5508111725617588,0.06309089849423959,0.003980461472810442,0.19678364397744968,0.06575218898900603,0.004323350356845967,20.840297842025755,19.137283473364946,366.235618739927
0.3,0.25,0.25,0.0,0.1341221625147578,0.005428888185365946,2.9472826929205956e-05,0.13358441786098102,0.00573113352589935,3.284589149168752e-05,0.7201074832583206,0.04754083108854188,0.00226013062058927,0.7175687661990644,0.04739293486524909,0.0022460902751417432,0.38573690326561055,0.043016373980021776,0.0018504084303890946,0.71509144742846,0.053091177017791355,0.002818673077134457,0.7124936385878128,0.053001569845003316,0.002809166406034765,0.3730810569866875,0.046894294894809306,0.002199074893681338,0.4779955262044724,0.07142036153519435,0.005100868041817868,0.4763489604779448,0.07137735369977243,0.005094726621182417,0.3326879653156892,0.034733986226972456,0.0012064497992155124,0.4653213979725737,0.08274061801880381,0.006846009870133601,0.4635959453235238,0.08276280058892328,0.006849681161321879,0.3150905450211037,0.05715767152481411,0.003266999414138546,0.7561361949784772,0.12588064965393145,0.015845937957295834,0.8345660133645245,0.0913309244486852,0.008341337760651444,0.01157606516338814,0.010113669106894593,0.00010228630280375407,3.380831813812256,2.0403083714956862,4.16285825079538
0.3,0.25,0.25,0.25,0.14146553693832145,0.008205125955382572,6.732409194369278e-05,0.14112575444843184,0.008165865254735385,6.66813553584946e-05,0.6597709966288222,0.10118845593375499,0.010239103614257476,0.6571514504525415,0.10093186308988382,0.010187240986795052,0.3132527840867432,0.07866813099097696,0.006188674833613509,0.6570503005698635,0.10729195051137168,0.011511562644534628,0.6544053145852811,0.1070706779586724,0.011464130078529734,0.3086261879138747,0.08520759470851252,0.007260334196010132,0.5133237507220259,0.16561955109175783,0.02742983570383538,0.5119965539079216,0.165575435033066,0.02741522468638906,0.44092714434224634,0.12812327237603668,0.016415572924344087,0.509251764580031,0.17719601043398284,0.03139842611372015,0.5078920014192743,0.17717558398729885,0.03139118756124039,0.4457499195605158,0.14225589315249743,0.020236739136614765,0.7879487038439449,0.14284089821292728,0.020403522202275853,0.8573598605555514,0.10397888838844838,0.010811609230497406,0.00996504930152083,0.011220364158663102,0.00012589657185301155,2.8362624645233154,0.8902239094678596,0.7924986089882399
0.3,0.25,0.25,0.5,0.13585209497961298,0.011550684614138511,0.00013341831505529614,0.13474383375603838,0.011687081896258378,0.00013658788324985035,0.6751405451676551,0.048111070798501895,0.002314675133378462,0.6723282594341662,0.04826429699873658,0.0023294423647822523,0.34804990682609055,0.062170566708830345,0.0038651793648971236,0.6856063215675852,0.04218766403880057,0.0017797989970507065,0.6828362617256999,0.04235414868746812,0.0017938739110401575,0.3382314024183032,0.06312450746772645,0.003984703443043052,0.513385025499568,0.09409155589855957,0.00885322089141176,0.5119035122631032,0.09431529069631872,0.008895374059131104,0.41167547814743344,0.1166840053331552,0.01361515710058779,0.5289229449548276,0.09789031463097488,0.009582513698551254,0.527440082513255,0.09814683173521961,0.00963280057966151,0.4250566250059471,0.11692293447820865,0.013670972606995473,0.7835920177383592,0.04802233973326143,0.002306145113456779,0.8644035822806833,0.03046090656144242,0.0009278668285449258,0.00955101660517541,0.004965213718471194,2.465334727009454e-05,14.481784129142762,23.732016707281392,563.2086169946831
0.3,0.25,0.25,0.75,0.12976852349328533,0.00962043598567026,9.255278855437932e-05,0.12720316177629973,0.009693418590857716,9.396236397758598e-05,0.6618036000308362,0.05223973070463897,0.0027289894640931994,0.6586232753753245,0.052274032859606884,0.00273257451140726,0.3944420740779867,0.06266953624675883,0.0039274707733838185,0.7131496985239283,0.05377101573401457,0.0028913221330676424,0.7103842559493799,0.053911470684413404,0.0029064466713563655,0.37770198105436437,0.0648008523025289,0.004199150459134164,0.5375635488313547,0.12989697658970903,0.016873224527147415,0.5360735989991022,0.13022018409590572,0.016957296345971574,0.47249392472344054,0.17362837977795229,0.030146814264316826,0.6177370550544571,0.1505337063881874,0.022660396758965005,0.6164438782506474,0.15095816224737837,0.02278836674910581,0.554171728484049,0.20652230132510208,0.042651460944616255,0.6402647762488158,0.09262861525971891,0.00858006036493303,0.7610590504022223,0.061155393614489274,0.003739982168143115,0.052123696777331016,0.022924503094076662,0.0005255328421103305,12.044658660888672,20.39670074413136,416.02540124564877
0.3,0.25,0.25,1.0,0.1057921812553406,0.009022604947542662,8.140740003942132e-05,0.10347524898618701,0.007598548210364674,5.773793490523619e-05,0.5712111741900302,0.04124156215969404,0.0017008664493719072,0.5671768632817734,0.041398292783703675,0.0017138186454052516,0.35590145220659136,0.045783790487113445,0.0020961554713678993,0.7131601519298477,0.04153651427163406,0.0017252820178376596,0.7103775159643503,0.04160734064718099,0.0017311707957305593,0.38948485784803966,0.05898276004631013,0.003478965982680599,0.37173178131719026,0.09964393715268677,0.00992891421128859,0.3697282029706578,0.09995106993876583,0.00999021638190406,0.2784496660333117,0.14186490614037547,0.02012565159421754,0.5205575666030178,0.14017050574174625,0.01964777067989692,0.5189306016032715,0.14057829229011687,0.019762256263205533,0.40958397308736033,0.2276723414849301,0.05183469507723062,0.42514053900884363,0.04862733250073897,0.002364617466137425,0.5520060346023732,0.06970331453299698,0.004858552056885908,0.19800319664086846,0.05587788845580076,0.003122338418278912,23.400427079200746,23.430133065756824,548.9711354790712
0.3,0.25,0.5,0.0,0.1346303814209515,0.010296060266379147,0.00010600885700891143,0.13365341176443174,0.010268887086938572,0.00010545004200429375,0.6730199321079343,0.07013276177668465,0.004918604274425199,0.6703808153977923,0.07011149941716327,0.0049156223505228865,0.35292267116163345,0.07141908075655821,0.005100685096111783,0.6715473242459515,0.06778731223958154,0.00459511970066652,0.6688673327118757,0.06771948914539258,0.004585929210112944,0.33767312962979934,0.06480855808717198,0.004200149201338345,0.5527117799085713,0.10751143438395339,0.011558708523295115,0.5514167896841656,0.10770601973937141,0.011600586688097863,0.4787665526142593,0.13294780973727588,0.01767512011393891,0.5605534681381743,0.1162331571121039,0.01351014681224703,0.5592422664629233,0.11648121336317843,0.013567873066558298,0.48493014713608734,0.14305528033312803,0.020464813231189847,0.7122301318706967,0.10584570066992172,0.011203312350306667,0.8105702498155581,0.08576641160715415,0.007355877359967785,0.01501719751511103,0.009690512792471294,9.390603818104978e-05,7.135372114181519,11.471069706473825,131.58544021078148
0.3,0.25,0.5,0.25,0.13151855047328026,0.010678653436754873,0.00011403363922231666,0.13077297853678188,0.01040324031167613,0.00010822740898248328,0.7241742094834384,0.04339329616949778,0.0018829781524537506,0.721594917352021,0.04348423461125134,0.001890878659726349,0.4052844231291507,0.064925583652623,0.004215331412633748,0.7229022529154164,0.04204982902463131,0.0017681881210007257,0.7202796511864943,0.042194074392292835,0.0017803399138223422,0.39588802255497973,0.06852467401302184,0.004695630948590911,0.5498338017677389,0.1704738914637413,0.029061347670791455,0.5484133748189628,0.17088751732437674,0.029202543577289155,0.4412327184001474,0.23241554454302935,0.05401698534523285,0.5540237714046237,0.16869055694364896,0.028456504001958476,0.5525817015512974,0.16912238589996176,0.02860238141249558,0.44558635551288805,0.23763611406416107,0.05647092270751497,0.703935159972826,0.12565284573506447,0.01578863764131991,0.7985165631486335,0.09434909420960844,0.008901751578173567,0.01683156534895297,0.010051812498527796,0.00010103893450555961,4.251155686378479,1.6220109141778831,2.630919405712172
0.3,0.25,0.5,0.5,0.13884740184613462,0.011253316663375047,0.00012663713592619448,0.13764197687246071,0.011989269551595542,0.000143742584380816,0.6859201435749955,0.057898676520465875,0.0033522567428215465,0.6830155796684968,0.05807175982179701,0.003372329288800478,0.35336692538669057,0.06222469170001515,0.003871912257161934,0.70091543193153,0.048991552704910526,0.002400172236438026,0.6981044526278405,0.04913018190081458,0.0024137747736071285,0.34461813244839123,0.06295091354222851,0.003962817515801128,0.5461566244995434,0.053094397419016094,0.0028190150372884226,0.544678499202532,0.053208233446399335,0.0028311161064865286,0.42425824852068833,0.08812808903565866,0.00776656007707698,0.5620072029490405,0.07115493287604738,0.005063024472594807,0.5605344608982467,0.07135458692816109,0.005091477075688497,0.44184705089933407,0.11367126141475294,0.012921155671621101,0.7645701282029909,0.07222110371524587,0.005215887821848301,0.8443788799296275,0.0496480032433176,0.002464924226048475,0.0105117283710579,0.005405811277251131,2.9222795565255505e-05,4.0656190633773805,1.3822854299201202,1.9107130097694514
0.3,0.25,0.5,0.75,0.1281361195693495,0.006443971424940194,4.1524767725445754e-05,0.12618947598223668,0.006563285050929006,4.307671065974816e-05,0.6389765885585508,0.046008493515846655,0.002116781475597704,0.6359043780524948,0.046220219567616204,0.002136308696878652,0.36635771676997064,0.054944511059289845,0.0030188992955444242,0.6867403153368052,0.045612585929908536,0.0020805079952132904,0.6840288373053275,0.045792999452128114,0.002096998798822606,0.3602402705672202,0.059914459308493234,0.003589742434229092,0.43754934096199866,0.11439370206891257,0.013085919073031133,0.43588338340374255,0.11472459823762592,0.01316173344078468,0.34558771548365697,0.1651807672761989,0.027284685877953782,0.5061620548297094,0.14418188734507154,0.0207884166383869,0.5046353221473734,0.1446172382303605,0.020914145593376843,0.4170946873103807,0.2090162865674575,0.043687808050449514,0.5761685319289006,0.07149237006312174,0.005111158977242346,0.7367887290924502,0.033135030201235066,0.00109793022643676,0.05686162316430352,0.01900788959617446,0.0003612998669003573,7.560496377944946,3.363897195156832,11.315804339584002
0.3,0.25,0.5,1.0,0.10553672205557814,0.011325638577377969,0.00012827008918539205,0.10298275242648328,0.010819284924226208,0.00011705692627158851,0.5703884908620744,0.03524178972073969,0.001241983742720834,0.5666394317494751,0.035169296562060484,0.0012368794206701593,0.35855941397754654,0.049312179684815785,0.002431691065267559,0.679357252997986,0.060336851930075104,0.003640535700831808,0.6765168171016949,0.060320982012328946,0.0036386208709317126,0.3766807468532248,0.07250147043558831,0.005256463215322487,0.35013089739731307,0.09862527554705088,0.00972694497673171,0.34819942803852855,0.09883971138288221,0.009769288546251455,0.26446268939221096,0.13920315325139196,0.019377517875130517,0.4700670698746925,0.15232054398400163,0.023201548119582173,0.4684101315335285,0.1526526927693052,0.023302844609719885,0.3702396273024474,0.23384050743126344,0.05468138291571077,0.4804606758092785,0.0868754048271525,0.007547335963881631,0.6130033555643105,0.09097083841433212,0.008275693441806526,0.15472054214070538,0.07704489283630093,0.0059359155121570945,30.13849859237671,21.84131094018154,477.04286358569374
0.3,0.25,0.75,0.0,0.12856068864648407,0.008591272686211246,7.38099663688394e-05,0.12678788732529483,0.007988674183986806,6.381891521789727e-05,0.6393088505062863,0.04449813030216155,0.0019800836003881477,0.6364060447519782,0.04453183410762435,0.0019830842489889757,0.3572561317588713,0.05449328567338423,0.0029695181834810632,0.6773319210781658,0.05030152859424046,0.002530243778917191,0.6747000689098459,0.05038764081545839,0.0025389143469476483,0.3527929059238018,0.0687761673208636,0.004730161191347427,0.47289452937031917,0.11467999416478594,0.013151501061635339,0.47140782660883573,0.11498270548707375,0.013221022561127138,0.3858870872888985,0.14256051819196477,0.02032350134716152,0.5309218158799835,0.12205354418567475,0.01489706764828446,0.5295525844630118,0.12236467495696533,0.014973113677323778,0.4404625122314892,0.161149699712284,0.025969225717359306,0.5676419965576592,0.12156958687238735,0.014779164452322933,0.717547226140411,0.08434025690361041,0.007113278934567004,0.0618434163648786,0.033212269417480116,0.0011030548398592848,12.740588641166687,27.191794798904567,739.3937043857335
0.3,0.25,0.75,0.25,0.13413473680843718,0.008737452150795674,7.634307008744396e-05,0.1320709857797899,0.00875106992209714,7.658122478143326e-05,0.6699864974267558,0.06205090863493009,0.0038503152624204413,0.6667852983107629,0.06229471151606111,0.0038806310828692772,0.37597948642093126,0.07175908352628116,0.0051493660685317955,0.7070942687022728,0.059560209779923746,0.003547418589028524,0.7041867869188749,0.0597797872204583,0.0035736229601232693,0.35568263305699255,0.07480769095085735,0.005596190625398984,0.550633476023951,0.1409001755592812,0.019852859472636264,0.5491412802403436,0.14124383795278198,0.019949821759631736,0.4569782024089039,0.2026420928081611,0.04106381777767137,0.6016949158618144,0.181720848691707,0.03302246684923427,0.6003111974703998,0.18223237142959822,0.033208637196855045,0.5069495646207566,0.2510872748956262,0.06304481961451176,0.5622437647428786,0.04128671410735199,0.0017045927617822176,0.7023077644548361,0.019936854798267473,0.00039747817924720084,0.06854209171224707,0.020099951639692876,0.0004040080559179923,17.30895345211029,23.44106539965067,549.4835470706998
0.3,0.25,0.75,0.5,0.13076280087667547,0.00943040873508847,8.893260891083291e-05,0.12831561943515862,0.010209509569517316,0.00010423408565006564,0.6738546904245576,0.05001810491611117,0.0025018108193991043,0.6707015497062311,0.05008655647975972,0.0025086631400001603,0.3960410041331515,0.060005011487077056,0.0036006014035642494,0.7172688433314096,0.05722977313745764,0.003275246933364868,0.7144849048067969,0.05743120029493825,0.0032983427673173153,0.3820738997318546,0.0688686143986572,0.004742886049190933,0.5198783659028912,0.10733700055185245,0.011521231687468374,0.5182983606018668,0.10759579935122102,0.011576856038028212,0.4358689626267168,0.1709401721704416,0.02922054246166022,0.5784277861872473,0.14913056276419256,0.02223992475036478,0.5769885247447988,0.1495519930547816,0.022365798626657437,0.49876259286684366,0.21355314155636806,0.045604944268594176,0.6247854342186415,0.08005645504280655,0.006409035994020905,0.7620480857120663,0.046765654895899705,0.0021870264778423884,0.04938970368158787,0.01653307050571873,0.00027334242034706666,24.257592821121214,31.940205455594274,1020.1767245455742
0.3,0.25,0.75,0.75,0.12396210972299566,0.010486463806120857,0.00010996592315708274,0.12073931865470047,0.010158649353035842,0.00010319815667793553,0.6506552311157523,0.042568762218570075,0.0018120995168211587,0.6470998621117952,0.04257677406751249,0.0018127816899960046,0.4153223511263824,0.04550734814424405,0.002070918735121432,0.723160136418353,0.047740596673268174,0.002279164570719664,0.7202710637225134,0.04787981258835646,0.002292476453496138,0.40484564115412514,0.05250417788351394,0.002756688695223675,0.49564987618488987,0.11535433774617568,0.01330662323685877,0.49394737560871194,0.11555511475103576,0.013352984545125042,0.40136186197364754,0.14564578619296728,0.021212695035767535,0.6049962103267214,0.1456117681779647,0.02120278703191333,0.6036090876163839,0.1459522338121695,0.021302054554762195,0.5232245947547409,0.18337857473596814,0.03362770167219505,0.6839007961951907,0.07967498489469269,0.006348103217969507,0.7655101505176162,0.07332993179751972,0.005377278897428893,0.04247367299674007,0.011075464615817338,0.0001226659164562219,25.86103448867798,26.375284364364056,695.6556253010671
0.3,0.25,0.75,1.0,0.10161229550550784,0.01114940167783642,0.00012430915777374157,0.09719129998718537,0.010401600915821681,0.00010819330161202245,0.585923572773404,0.0411496130025821,0.0016932906502622738,0.5816652596699396,0.04155793298316864,0.0017270617938335362,0.4033323159803602,0.055394573245991195,0.0030685587451054833,0.723201571433595,0.03884462648064421,0.0015089050064207657,0.7202919329564451,0.038908285163326964,0.0015138546543507693,0.4385793010011284,0.056775083662537404,0.0032234101248881214,0.37045492565492827,0.11806635078391105,0.013939663187429532,0.368330527544283,0.11833186372318998,0.014002429972203603,0.24492752596141293,0.12364866625557677,0.01528899266678301,0.5281838338124432,0.17925444640215796,0.03213215655494412,0.5265312583144983,0.17971208190926857,0.03229643238416365,0.3782238367536249,0.22534128775026185,0.05077869596494631,0.4672892257932221,0.09190589014878488,0.008446692644040512,0.623339604890776,0.08544014814477016,0.007300018915000271,0.1305868910681625,0.04923407215346916,0.0024239938608130074,33.2601318359375,24.66143742598772,608.1864959159078
0.3,0.25,1.0,0.0,0.10898458988225372,0.006870019468584081,4.7197167498724304e-05,0.10583201557059932,0.007167390976603771,5.137149341150116e-05,0.5957548904918785,0.054192531028784685,0.002936830419305791,0.5919800357222018,0.05436662994346236,0.0029557304514093784,0.3782722951748398,0.06744218923913098,0.004548448889366755,0.713305077646546,0.04630870277810853,0.0021444959529911965,0.7105604632443356,0.046356269052406224,0.002148903680459075,0.3989929886778253,0.06845865375749798,0.004686587274288992,0.4246365879158427,0.10697291429941388,0.011443204393709747,0.422809047889665,0.10729352786239729,0.011511901121159025,0.32283297717264053,0.11835398981928599,0.014007666906143653,0.544009317104327,0.12498488956450363,0.015621222619451166,0.5424696195585839,0.12540734681635818,0.01572700263551834,0.4196925793476375,0.16956624375744087,0.02875271102200785,0.39732047069396464,0.021460143273460127,0.0004605377493174359,0.5540163052793393,0.05322918112963269,0.0028333457237312443,0.20173702818690792,0.05373105629703214,0.0028870264107948374,22.28452785015106,22.201102824989036,492.8889666457362
0.3,0.25,1.0,0.25,0.10805512850737402,0.009347780752882258,8.738100500395599e-05,0.10463043546535729,0.009072723550923008,8.231431263147301e-05,0.5865492235490102,0.06106480460422187,0.003728910361351796,0.5828623964754203,0.06126526844458783,0.0037534331175874095,0.37054431451237857,0.07078995329611983,0.005011217487666826,0.6953537683796812,0.0510865305820464,0.0026098336069103624,0.692573039953806,0.05105362296528216,0.0026064724178811857,0.3819982951090914,0.07483831168931289,0.005600772896506746,0.41391686280077533,0.08854111208386489,0.007839528529047525,0.41214506855226196,0.08866925879307762,0.007862237454913773,0.3517776864852963,0.13516662862882398,0.018270017494882416,0.5461227059429342,0.16201615902275343,0.026249235784486128,0.5446823355603679,0.1624068797436488,0.026375994588068004,0.4733193563036634,0.22947211767410233,0.05265745278983707,0.436070045949564,0.10150509038539307,0.010303283374146818,0.58808032467775,0.09934734070420072,0.009869894104996538,0.18206390593993496,0.09906543120740764,0.009813959660309617,24.51748836040497,28.7162945409666,824.6255721635481
0.3,0.25,1.0,0.5,0.10519774206821701,0.010365266644875092,0.00010743875261936017,0.10228293027922504,0.010287565383503637,0.00010583400151986232,0.572107545656211,0.042834751638812,0.0018348159479587072,0.5681003413796069,0.04292162100565221,0.0018422655497528446,0.3618243141659686,0.04635731857187889,0.002149000985174668,0.6924581970344956,0.04748996395241109,0.0022552966762013045,0.6894834523263532,0.04771000918408623,0.0022762449763455922,0.3819871725975045,0.049364623102538266,0.0024368660140556544,0.3964168426734364,0.07037892401734347,0.0049531929458390056,0.39451299290958,0.07047122162119557,0.004966193076783663,0.29932765515921034,0.09903877897118164,0.00980867974010257,0.5293102012446962,0.10663431853863377,0.011370877890198812,0.5277323323674337,0.1069090304616025,0.01142954079423985,0.42315311664873717,0.15979985455497261,0.0255359935157904,0.4408131059928121,0.05326468876181047,0.0028371270688925393,0.5860807483164714,0.07846721573773678,0.006157103945632528,0.186277745500331,0.04695857011000613,0.002205107306776361,22.138179731369018,18.93297228916587,358.4574397023228
0.3,0.25,1.0,0.75,0.10509160110170904,0.014202270392805437,0.00020170448431035788,0.10147599282059669,0.014194430417098195,0.00020148185486584244,0.5941368226475487,0.026230343956771034,0.0006880309440905146,0.5900600327715576,0.026131443991916803,0.0006828523651026847,0.398717435810731,0.050496079528033054,0.002549854047701439,0.7206368929686225,0.05105698754365567,0.0026068159770330102,0.7178007619755432,0.05099228623202963,0.0026002132551692387,0.43381103952409966,0.08272116469259452,0.006842791088099346,0.3881719365170836,0.08874554810261484,0.007875772308033525,0.38612170090583364,0.0890614108435748,0.007931934901448022,0.27281459737782576,0.10232761051828698,0.010470939874382237,0.5281295769947849,0.08989616788178573,0.008081320999830204,0.52647015894298,0.09010397500267264,0.008118726311282257,0.4043040072642635,0.14412415526534664,0.02077177213094975,0.45214162254086654,0.07947402562778225,0.006316120749485388,0.6109516208013226,0.0849028763327592,0.007208498409575802,0.13082408692549125,0.040420993926682205,0.00163385675002088,34.4508015871048,24.095811365768093,580.6081253746788
0.3,0.25,1.0,1.0,0.10390451833818135,0.010885014660931346,0.00011848354416869034,0.09770703827150613,0.011102090076204114,0.00012325640406014987,0.530199570973881,0.06229692640156647,0.0038809070390821896,0.5260797596663662,0.061780023858137786,0.0038167713479120738,0.36016164133296114,0.07873947202715649,0.006199904455115359,0.6660575321984349,0.08654459936649452,0.007489967679507042,0.6630988725278864,0.08646656448961001,0.007476466774635888,0.3885685257132494,0.09468705531997616,0.008965638445168227,0.4223423572865084,0.10346765996295162,0.010705556658208984,0.4206033431494693,0.10366902920171853,0.01074726761562677,0.29523472547832724,0.10550285430252891,0.011130852265980644,0.5933812078244423,0.1466930103566159,0.021518839287486217,0.5920626856146023,0.14704599663093057,0.02162252512518364,0.5215724306543649,0.18222596854967288,0.033206303613866374,0.47710984309500465,0.06298281548315993,0.00396683504618577,0.6330873476449244,0.054792274934877844,0.003002193392539243,0.14832858535780208,0.05627175418560378,0.003166510319125017,46.83119988441467,24.53754625470808,602.0911762019384
0.3,0.5,0.0,0.0,0.13610688398241375,0.010857666271170432,0.00011788891685611204,0.1346645070278896,0.01129818418377389,0.00012764896585047846,0.6571752777297181,0.036483089602025946,0.001331015826909454,0.6544993873774663,0.0364894732705122,0.001331481659559424,0.33013717397614695,0.047758933490909164,0.0022809157281890847,0.6539484111642697,0.03355266536036409,0.0011257813527845763,0.6512010106778096,0.03357244487361706,0.0011271090547920566,0.315147373363135,0.05170060094974418,0.002672952138564689,0.6066639890649219,0.16126342512994168,0.026005892284640304,0.6056080036401054,0.1616189155417097,0.0261206738608783,0.5291867345929998,0.22187531078571088,0.049228653536255794,0.6147571407045643,0.177740559736387,0.03159170657540415,0.6136910848512198,0.178163615337925,0.0317422738302801,0.5329165088016603,0.23928592771380672,0.05725775520185713,0.6896470666688895,0.10439479467412652,0.010898273155053035,0.7891517176072556,0.0872829632651598,0.007618315676347235,0.01790874684995103,0.011051255821507355,0.00012213025523240018,2.5016461610794067,0.5168979133180501,0.2671834527925545
0.3,0.5,0.0,0.25,0.13685215660730432,0.010746274062824373,0.00011548240623333183,0.13553698915814413,0.011072101285604586,0.00012259142687868674,0.663757549774058,0.06361384783742742,0.00404672163668337,0.6610221422451539,0.06369219301420236,0.004056695450958408,0.334858615135641,0.07122396636793082,0.005072853385180141,0.6697309737183677,0.0519573972255707,0.0026995711264557426,0.6669940004354638,0.05197889599116731,0.002701805628460589,0.3236369875109001,0.06257386735497096,0.0039154888757575,0.4751776337509905,0.07793681674967658,0.006074147405072668,0.4736498190679974,0.0781050717051292,0.006100402226063375,0.38135220501603256,0.11035326167161667,0.012177842361564302,0.48068399792434324,0.08505474909751173,0.0072343103440406726,0.4791156909900717,0.08530910933487616,0.007277644135509855,0.38996545607465516,0.12856559301402384,0.016529111707047614,0.6276851441241685,0.07534342709268081,0.00567663200607011,0.7423128969065946,0.062479729147867265,0.003903716554390854,0.02481787544370104,0.00723776647687858,5.238526357382736e-05,2.2286742448806764,0.8797079342281461,0.7738860495439522
0.3,0.5,0.0,0.5,0.1319149226634711,0.008955883237812034,8.020784456932254e-05,0.13065961398845313,0.009018740611054973,8.133768220949222e-05,0.7009041284435785,0.08209919762178759,0.0067402782501413344,0.6983176433930218,0.0822573203248736,0.006766266747028863,0.3963206228408248,0.08956924427807296,0.008022649520545107,0.7077108105886258,0.07197376739361384,0.005180223192830032,0.7051387091115224,0.07205213709208536,0.005191510459536663,0.38216454754309065,0.08720317825000966,0.0076043942969029575,0.47113258871952646,0.12079209285382111,0.014590729696006142,0.46953604115102177,0.12091389832402352,0.0146201708079123,0.36796978156029236,0.12682488817130252,0.01608455225966339,0.4773299436405303,0.11727344813433502,0.013753061637316566,0.4756965669703911,0.11742352045598314,0.013788283156276693,0.3732753587353021,0.13669501537133408,0.018685527227369263,0.7436554298492681,0.060767304360192044,0.0036926652792042152,0.8302194012380936,0.05031483465242189,0.0025315825861005545,0.01149794758604629,0.0062993146703246424,3.9681365315767256e-05,8.256252861022949,12.327082295346669,151.95695791624928
0.3,0.5,0.0,0.75,0.1312672143544786,0.00884327700080008,7.820354811287967e-05,0.12907675619468503,0.00898675913934838,8.076183982866163e-05,0.6410331489883614,0.04775478025556204,0.002280519037257018,0.6379308822958462,0.047699811067810335,0.002275271975904801,0.362812062056789,0.05000902487010273,0.0025009025684585534,0.6929292812650066,0.052773994359163905,0.0027850944806210635,0.6902293622694355,0.052709549857580355,0.0027782966461887496,0.34880615107313956,0.05338467846999505,0.002849923895344753,0.4502773224777795,0.1001358556667986,0.01002718959012192,0.44863730730618345,0.10029349827203363,0.010058785795642412,0.36907394443903285,0.13279344411965557,0.017634098801160087,0.505647154910755,0.1150260249642374,0.013230986419073365,0.5040977446263415,0.11524921257857343,0.013282380999981207,0.4218381421639781,0.16131848142143546,0.026023652448118016,0.6501939000885444,0.082647950916042,0.006830683790620488,0.7798391110968385,0.0447866450583551,0.002005843575583083,0.039689978866657746,0.017102325085641988,0.00029248952333497925,12.778983211517334,16.111962032801234,259.5953205464284
0.3,0.5,0.0,1.0,0.10170338252197948,0.007978242157883321,6.365234792982672e-05,0.09957407240232921,0.008989490988339694,8.081094822944057e-05,0.5533657341827565,0.060275078222082945,0.0036330850546782176,0.5493899255307755,0.06039631057799981,0.0036477143314342115,0.3433716986909915,0.06581706159853994,0.004331885597466,0.6889453648959635,0.05624332607684888,0.003163311728186749,0.686085951869577,0.05641660901203061,0.0031828337724163335,0.36972618861145856,0.0739532384785198,0.005469081481460821,0.3466848756501718,0.03397617229276751,0.0011543802836678225,0.34469396792873974,0.033977184208851006,0.0011544490467621943,0.25556398772362704,0.03161391931195777,0.0009994398942629766,0.4844309221360402,0.07528292976591994,0.005667519514140434,0.48275691688393885,0.07540864328806599,0.0056864634825467796,0.34339727775209605,0.09582448870178628,0.009182332634958766,0.4363022564227383,0.04401287223542785,0.0019371329224120958,0.5748039786249511,0.05502426138100046,0.003027669340524658,0.171311140529688,0.05610670583130911,0.0031479624392410557,22.129444575309755,21.96641643487361,482.5234509902855
0.3,0.5,0.25,0.0,0.13712875423509852,0.008983674001006133,8.070639855635354e-05,0.13573648443315284,0.009274259595524588,8.601189104517989e-05,0.6841304958666673,0.04276417984818544,0.0018287750780879494,0.6813936814795483,0.042862831775430016,0.001837222347808813,0.3495448802683153,0.04805302512617811,0.0023090932237771044,0.6824798576363162,0.040499010376015665,0.0016401698414366245,0.6796838525516021,0.040602557266866686,0.0016485676566091888,0.3326353050391598,0.04802253091770193,0.002306163475741638,0.4976470779223413,0.07782611340994873,0.006056903928498201,0.4961153195083837,0.07800980175748583,0.00608552917024224,0.3796723445182253,0.07389059145126402,0.005459819505017611,0.49064191586530653,0.08442564610521198,0.007127689720282495,0.48903573264085,0.0846383377157672,0.007163648211288261,0.3686552837981807,0.08593431834217367,0.007384707068934048,0.6699343980794559,0.1022902314257253,0.010463291445128439,0.7742532488335744,0.08500222655243878,0.007225378518872129,0.01910321438071691,0.009774449747973118,9.553986787565175e-05,3.7455469131469727,1.4329980261749802,2.053483343021389
0.3,0.5,0.25,0.25,0.13425796314788546,0.01178110417411914,0.00013879441556144742,0.1329146618361223,0.012027138063767574,0.00014465205000492685,0.6950239785125099,0.052973630331678456,0.0028062055105173237,0.6923713756554535,0.0530980716758701,0.002819405215695839,0.37576319961670956,0.06009392609713884,0.003611279953768384,0.6939855948370615,0.04973476622141908,0.002473546971099208,0.691283538398398,0.04984980057539748,0.002485002617406899,0.36170493673019194,0.06531987741849461,0.004266686385967163,0.5780286389298578,0.18161515445698004,0.03298406432843271,0.5767633026763477,0.18209337158547514,0.03315799597536592,0.49077624228069416,0.23823337911788295,0.05675514292592495,0.5827245706453599,0.18037491538743108,0.03253511010102292,0.5814356009524679,0.18085980939441762,0.032710270654185074,0.49797353902696395,0.24299902746176824,0.059048527347365196,0.6789321140746403,0.11587441571347186,0.013426880216938494,0.7787305427876903,0.09142815350239318,0.00835910725285717,0.019801191355352167,0.009322814747500251,8.691487481620819e-05,9.341006684303284,16.361606350995594,267.7021623849393
0.3,0.5,0.25,0.5,0.1309912464204857,0.006714268634256541,4.50814032929612e-05,0.12984478104012728,0.00685742109457051,4.702422406826061e-05,0.6888071557785928,0.05124679890501828,0.002626234398011383,0.6861982119971956,0.05117282804982436,0.0026186583306168913,0.3756503315851448,0.03709891268337531,0.0013763293222887058,0.6984638591409672,0.046700500125222665,0.002180936711945922,0.6959100281398274,0.046574792915320656,0.002169211335105003,0.3686578901117555,0.04366997689508848,0.001907066882017562,0.4806215412784282,0.12231777165332425,0.014961637262234774,0.47909755526265263,0.12255091507194847,0.015018726784971927,0.38056451830766813,0.16049216233507804,0.025757734170989043,0.4950012596329579,0.11801809090665988,0.013928269781252636,0.4934806042900082,0.11825025966448928,0.01398312391071914,0.39388209174821365,0.16500192196697858,0.027225634252796886,0.8388661011904359,0.06335957904069921,0.004014436256214611,0.8956227222504802,0.042019857394108594,0.0017656684154212228,0.00627578445037619,0.004285159794556171,1.8362594464880683e-05,12.380960464477539,16.31200761391366,266.08159239637723
0.3,0.5,0.25,0.75,0.12884399016662265,0.006602739604565132,4.3596170285692916e-05,0.1265320317976757,0.0068469794206229475,4.6881127186434155e-05,0.6542433929613223,0.046495182099873945,0.002161801958500439,0.65130017082341,0.046253000517825604,0.0021393400569019757,0.37701464296118975,0.04516442782995874,0.0020398255412075513,0.7024823019536441,0.053390168921650126,0.002850510137482335,0.6999183323797789,0.053284079913941886,0.0028391931722753453,0.3691418279638163,0.04952534306916801,0.002452759606118788,0.4588684580883945,0.1101170322102196,0.01212576078278654,0.4572371717189497,0.11042175368229527,0.01219296368627349,0.36354561408829184,0.13815977921558242,0.01908812459289848,0.5144808678095913,0.11647383025816183,0.013566153135007093,0.5129485792419187,0.11680994127869868,0.013644562381533033,0.41949536569053975,0.15165467361063595,0.022999140027948523,0.6402993550389873,0.11626205417713735,0.01351686524148762,0.7789871437610965,0.06624569962186003,0.004388492718389705,0.03913191015165442,0.015443296027083091,0.00023849539218012038,13.058072233200074,18.45581304061162,340.6170349900099
0.3,0.5,0.25,1.0,0.10547689746824276,0.008069305224905558,6.511368681268815e-05,0.10159954341823829,0.00788071005170798,6.21055909190912e-05,0.596938777094788,0.04082057753626908,0.0016663195503945558,0.5930545862804755,0.04062955316473848,0.0016507605903663103,0.39736735438120563,0.05107632132515817,0.002608790600110807,0.7376376050434084,0.05004091598487939,0.002504093272605758,0.7350702174405149,0.050066284956892554,0.002506632889384766,0.43621411546164734,0.06555155009271323,0.004297005719557491,0.4471371049219475,0.12214875326404266,0.014920317923959972,0.44534418854594654,0.12246353334346075,0.014997316998964921,0.31907792417880254,0.12245670718011624,0.014995645133396733,0.5732807850290864,0.14028042955657286,0.019678598916576598,0.5718338797862075,0.14065095964462743,0.019782692448954614,0.41328529242205025,0.17175662922779583,0.029500339683694525,0.4343999570750194,0.032976683912611666,0.001087461681872301,0.580851035618798,0.043828336465941815,0.0019209230773718049,0.16635370498925744,0.04799103848076531,0.0023031397744622964,28.047171854972838,29.248477786680343,855.4734528379336
0.3,0.5,0.5,0.0,0.13658791828719002,0.0070218191300207905,4.930594389472593e-05,0.13562298326294306,0.0071030730509580925,5.0453646767247106e-05,0.6661057700812526,0.054825184126997065,0.0030058008145591305,0.6633017118551247,0.055032470365424455,0.003028572794521321,0.3420088378143224,0.04572626715479046,0.0020908915079112687,0.6800588084199897,0.048331812752730165,0.00233596412396497,0.6773340233768533,0.04851364594221092,0.0023535738426061982,0.33432756932496155,0.05330921796205875,0.0028418727197262873,0.5548799232607685,0.12696484679487266,0.016120072321645487,0.553560116814116,0.12730615340355586,0.016206856694409695,0.47183060144908107,0.17756792035761396,0.03153036634012793,0.5861254280723756,0.1374310451614298,0.018887292174162955,0.5848602020836093,0.13781556045457752,0.018993128703409308,0.5020567239937632,0.19276216953623584,0.03715725400431653,0.7450712084264716,0.11337825353957164,0.012854628375683387,0.829756793810299,0.08670171510663072,0.007517187402431356,0.0142203878947842,0.008782501586250036,7.71323341124844e-05,4.112036824226379,2.6270583681762543,6.901435669804885
0.3,0.5,0.5,0.25,0.13393583663125144,0.007369284876758816,5.43063595948262e-05,0.1329806833231819,0.007228812233887389,5.2255726312799984e-05,0.7074701835424015,0.06751419881932647,0.004558167042215543,0.7048601412468689,0.067573168606235,0.004566133115486663,0.3831837376858448,0.06826516161920514,0.004660132290896198,0.7168579311710428,0.06493461670653648,0.0042165044468248074,0.7143110452664538,0.06495477684459407,0.004219123034931014,0.37798779195956944,0.0699712064022192,0.00489596972538196,0.5000902558402933,0.10972470304993605,0.012039510459396646,0.49850466651561387,0.10997451147873494,0.012094393174986402,0.37489337012416774,0.13448011076078425,0.018084900190232803,0.5085404522896908,0.11189606188413588,0.012520728665178366,0.5069438544996319,0.11215972956605372,0.012579804936330305,0.38020381177002743,0.13957489883215246,0.019481152384005593,0.7489019265335055,0.1178105979830104,0.013879336997114492,0.8329041227119085,0.088213804068907,0.007781675228307514,0.01256144452810026,0.00985571574527704,9.713513285170179e-05,3.829095196723938,1.362800957954751,1.8572264510023875
0.3,0.5,0.5,0.5,0.1426743703096261,0.0069663001031164875,4.852933712668079e-05,0.14152229782541784,0.007193826603385641,5.175114119957899e-05,0.6837683482923294,0.04865658934528016,0.0023674636867152305,0.6807253444160198,0.04884326103615124,0.00238566414864561,0.3410992247752063,0.05445642735239637,0.002965502479986824,0.6921531963914088,0.048578496202782484,0.0023598702933237525,0.6891398173118987,0.04879834135298359,0.002381278118802308,0.323948339458646,0.05572910455381088,0.003105733094369585,0.574053574818407,0.1369723680144455,0.018761429599484694,0.5726334982286867,0.13739568718735162,0.018877574857684577,0.4944031801652751,0.2049027784719837,0.04198514862553883,0.5982633709941764,0.13733638122790878,0.018861281608777494,0.5968752206330924,0.13778538320226585,0.018984811824195244,0.5173018063878411,0.20771188334155516,0.043144226481295816,0.7974775258053073,0.07654621116944461,0.005859322444397207,0.8754342956984065,0.043434996192340806,0.0018865988942286605,0.00623051435368439,0.003015461148160618,9.093005936066152e-06,4.5160739660263065,1.307339838083542,1.7091374522403013
0.3,0.5,0.5,0.75,0.12495641706244573,0.009499392233181024,9.023845279981996e-05,0.1238002724390492,0.00915744633169744,8.385882331791891e-05,0.6651389774559179,0.05877047517428282,0.003453968752210993,0.6619095737374433,0.05902551375366004,0.0034840112738835105,0.4050179878259267,0.07143986057105793,0.005103653678412198,0.7158198245970773,0.05741551618135535,0.003296541498371478,0.7130242091774355,0.05770898201192061,0.0033303266048521764,0.3977708682931448,0.09064094572078399,0.00821578104115811,0.509224534240591,0.17176763362410064,0.029504119960823263,0.5075854972492401,0.1723333284039771,0.029698776078793024,0.3955850050460426,0.2214013150603746,0.049018542310463264,0.5708598917000941,0.18515235424033036,0.03428139428073678,0.5693698047097538,0.1857691710733109,0.03451018492126505,0.461113697832912,0.26399361612261973,0.06969262935349711,0.6826988346736088,0.026349704743279762,0.0006943069400580199,0.786693918864533,0.02082388987168727,0.0004336343893881597,0.04519933902482312,0.013906285818672674,0.0001933847852706167,27.249884414672852,28.759511845582637,827.109521596208
0.3,0.5,0.5,1.0,0.10777227823568755,0.01349825245764561,0.00018220281941033571,0.10421586927918669,0.01302475088885369,0.00016964413571669498,0.5839428406851682,0.02452047579572423,0.0006012537332486978,0.5801445147464647,0.024425176850766277,0.0005965892641912089,0.3698884785819639,0.031206588404570846,0.0009738511598522956,0.7182987431238358,0.056409995882958565,0.003182087635515402,0.7157280513028985,0.05629566795514174,0.0031692022305155726,0.4000023389236486,0.0593116514318596,0.0035178719955744125,0.4016599058742535,0.09803712312648627,0.009611277510917829,0.3998495415265406,0.09803566179810325,0.00961099098419208,0.3326009670227028,0.11554835462914152,0.01335142225750185,0.5578098799704707,0.17212881365223645,0.02962832848932634,0.5564467155371718,0.17234757695968692,0.029703687283875204,0.4927243871154385,0.19332875871076752,0.03737600894464616,0.4899097111362199,0.13490307369142884,0.018198839291395083,0.6109169557612097,0.12463768823585414,0.015534553328777971,0.14528340197743767,0.07199038559709423,0.005182615618418312,18.353211426734923,20.936661241337266,438.34378393451414
0.3,0.5,0.75,0.0,0.12724191634417809,0.0076992031297148395,5.9277728832610775e-05,0.126024979304525,0.0072930044296630105,5.31879136110843e-05,0.6494239459420019,0.03905148993040189,0.0015250188657842802,0.6464668709896314,0.038861573537415185,0.0015102218978039284,0.3676981035769717,0.04483169566742334,0.0020098809364164647,0.6818471316699102,0.046271131158066456,0.0021410175786469887,0.6791302968608324,0.046145520486769835,0.0021294090609948945,0.3574406777989235,0.04653507073854763,0.002165512808641632,0.45579650613001677,0.09404388713697277,0.008844252707831672,0.4541932354250327,0.09429388632004447,0.00889133699733747,0.35544881271495293,0.1319255299886993,0.017404345462799196,0.48996702089010125,0.10936341885506895,0.011960357383669252,0.4884171866388159,0.10962194067338166,0.012016969876998409,0.38912742857589755,0.1489094483974159,0.02217402382202267,0.6171882277979206,0.11998622007695947,0.014396693008356554,0.7509944162820978,0.08543900845724713,0.007299824166157546,0.04866356887671553,0.02476041290704987,0.0006130780473276019,20.312786602973937,28.414903570078813,807.4067448968777
0.3,0.5,0.75,0.25,0.12961722843286755,0.010429715553492364,0.00010877896652676052,0.12751051043836262,0.010383683409071176,0.00010782088113982001,0.6591475630080945,0.06698572006521598,0.004487086692655479,0.6559022345585886,0.0673646994737286,0.00453800273518577,0.385443398603707,0.07989126203926965,0.006382613750227248,0.7071997230787217,0.05534383172566738,0.0030629397100789876,0.7043549336242946,0.05557526476207858,0.003088610053375133,0.37692865238704554,0.07626808707722153,0.005816821106418645,0.47637671308526863,0.1561901145154262,0.024395351872341944,0.4746779486787317,0.15664643352536498,0.024538105136216588,0.3742837686487631,0.19062893608502102,0.03633939127290703,0.5404385977718336,0.15630488076143992,0.024431215749847954,0.5388851450292566,0.156787869150222,0.024582435912667133,0.4357860711429652,0.2029947025922638,0.041206849280521624,0.5717637201508169,0.08263268392314342,0.006828160452342126,0.7138519322753636,0.05929590374748427,0.003516004201230919,0.06260426138184756,0.016535527118267553,0.0002734236570789616,25.09614224433899,26.260544252440322,689.6161844343765
0.3,0.5,0.75,0.5,0.12434683999276215,0.012368202296527544,0.00015297242804782922,0.12216626559161414,0.011825822300665903,0.00013985007308692698,0.6905456683066026,0.037014672976674434,0.0013700860155701528,0.6874292216826863,0.03698861429106966,0.0013681575871735227,0.42291269303434326,0.03274011421202538,0.0010719150786164659,0.7330232526709098,0.026274247968370468,0.0006903361063034196,0.7302655741110826,0.02619523153336914,0.0006861901550868169,0.40998683048956613,0.04107195882977463,0.0016869058021147022,0.5188253967609143,0.1462164426854996,0.02137924811160199,0.517207157015153,0.14654068354696517,0.021474171934411788,0.40910199942244513,0.16538670090024038,0.027352760834665577,0.5700599384110001,0.16427694095929926,0.0269869133309451,0.5685539486855106,0.16469961609554357,0.02712596354201943,0.45236037107287697,0.1966676685882047,0.03867817186791992,0.6583832066550961,0.03239574664813142,0.0010494844008899183,0.7735339243992678,0.030368204215823265,0.0009222278272939459,0.04424319921418227,0.009499634707227037,9.024305957075253e-05,18.627691292762755,23.49310483510237,551.9259747931103
0.3,0.5,0.75,0.75,0.12423515305424442,0.009467250288665803,8.962882802824274e-05,0.12087670215813673,0.009290577668079326,8.631483340661427e-05,0.6642449267220045,0.04335058868212026,0.001879273539086373,0.6606938370820472,0.043414552916106575,0.001884823404905418,0.4322545736889857,0.050457923112694925,0.0025460020048466325,0.7302277558633243,0.04682330905376405,0.0021924222707443027,0.7273055705486967,0.0469476685435721,0.002204083581677109,0.4158406020387555,0.055996857941608885,0.003135648099332726,0.4705910879765788,0.10378726192275316,0.010771795737422167,0.46872246739894574,0.10406013293206598,0.010828511265839242,0.339544053805114,0.14440258279048704,0.020852105916563467,0.5464122159356227,0.1382073169633647,0.019101262462211957,0.5447288986309304,0.1386487288206668,0.0192234700035868,0.4130579682413439,0.19622191208936057,0.038503038784004746,0.7385643370485866,0.04765119122599667,0.0022706360252565017,0.8075634101671051,0.040731662889582784,0.0016590683617506154,0.03135837974678582,0.00925666707823914,8.568588539735635e-05,45.21490838527679,24.026866871641754,577.2903316675961
0.3,0.5,0.75,1.0,0.1038958653175055,0.013239644953985557,0.00017528819850759521,0.10088588372434859,0.011957563271384626,0.0001429833193891666,0.564318710585007,0.06188454320727327,0.003829696687972872,0.5599865444282859,0.06242735570714416,0.0038971747405863047,0.36869467576801096,0.06497078405567804,0.004221202780809547,0.7061476275112339,0.04890669268449086,0.0023918645893352317,0.7031243180020779,0.049132399471578304,0.0024139926778347478,0.39207515879698845,0.07396261508604507,0.005470468430366461,0.44192817855057653,0.06576437324711217,0.004324952788585482,0.4400719725972884,0.06601063290324921,0.004357403656287527,0.3244518224380572,0.1002505719304294,0.010050177172378197,0.6085698947848089,0.11042416815403214,0.012193496912509967,0.6071783332731432,0.11075695293494987,0.012267102623434702,0.4895431211109519,0.20567581939756543,0.04230254268485995,0.4365768553031658,0.10260636366372666,0.010528065864292927,0.5842906384514974,0.09361345022933652,0.008763478063840468,0.14909305248305976,0.06236372337594806,0.0038892339933117703,40.849693870544435,26.242696416510285,688.6791152091217
0.3,0.5,1.0,0.0,0.10587760861781251,0.014442927176095308,0.00020859814541399237,0.10276564506854893,0.012953015634125847,0.00016778061401790864,0.5816827402459208,0.05971194169238981,0.003565515980675361,0.5774994840706755,0.060081933516336665,0.003609838735061499,0.3660694716396674,0.06853083885371036,0.004696475873993218,0.7217142554436233,0.04848786521940174,0.0023510730735348687,0.7188233996039988,0.04876247934472017,0.0023777793918442606,0.39437863400206613,0.0850154017615181,0.007227618536672335,0.447038723798444,0.08301333816492566,0.006891214313284303,0.4451909736898251,0.08312499576645328,0.006909764921172876,0.34895305275660415,0.08900139523524947,0.007921248353821088,0.5935499700123157,0.11800237627006298,0.013924560805381521,0.5921003227401869,0.11829187132042106,0.013992966820487054,0.4739724354943264,0.15698110156222622,0.024643066247689985,0.3919813755454492,0.05648291223996066,0.0031903193751070978,0.5215700405044393,0.05645452108459403,0.0031871129508908714,0.23436849892228775,0.06105291101610061,0.0037274579435398994,19.425847268104555,16.30278985441952,265.78095703736403
0.3,0.5,1.0,0.25,0.10462999427749771,0.01389674700511321,0.00019311957732412298,0.1013680079951647,0.013602410948628033,0.0001850255836153558,0.5632052799956078,0.04106284335831056,0.0016861571046691498,0.5591161388061542,0.04098314447871977,0.0016796181313636191,0.349604530129841,0.042641615166997965,0.0018183073440503508,0.6939649308753983,0.056263757672770164,0.0031656104274602036,0.6910217401873616,0.056402447953569156,0.0031812361351550777,0.37888482014473845,0.07285697812172356,0.005308139261029307,0.37003564508482617,0.09572414744034158,0.009163112403180254,0.3680207108990443,0.09607345582653143,0.009230108914452487,0.2719688717758221,0.12560664716572378,0.015777029812214627,0.4835439607147659,0.11184839190740202,0.012510062772271794,0.48177701233585246,0.11222596354685486,0.012594666894019996,0.36604139345040015,0.19264358260358658,0.03711154991834489,0.3939730559857877,0.04140885596626724,0.0017146933524350661,0.5475786722016422,0.05398484772542385,0.0029143637839372004,0.22308021068898837,0.03485703768550187,0.0012150130762084977,21.0367089509964,17.743358938694186,314.82678642733885
0.3,0.5,1.0,0.5,0.11292348429216419,0.013749803193496578,0.00018905708785988868,0.10930811241179612,0.012858311977680427,0.00016533618691535993,0.5484784259289369,0.08262639366530315,0.006827120930133649,0.5446844865411637,0.08265836634554026,0.006832405526913544,0.33801591204702597,0.07272331909905698,0.005288681140783265,0.6746519018098915,0.07180880890263296,0.005156505036014857,0.6718338276439402,0.07188925426669944,0.005168064879022164,0.34555206048127707,0.07700211003147413,0.005929324949299247,0.4377015773024565,0.10669486984833565,0.011383795251953285,0.43607224128879374,0.10682335438289335,0.01141122904161322,0.39140884879322857,0.09130888517286988,0.008337312511512337,0.6018029801599193,0.12107672180072934,0.01465957256201121,0.6005857326359089,0.12126213185851735,0.014704504622872448,0.5677256765100647,0.10669038361384393,0.011382837955669177,0.45511839348354705,0.045597599246971564,0.0020791410570874217,0.5700881112959816,0.055311927487240876,0.003059409322353793,0.17524472407724728,0.053214841307913326,0.002831819335426398,26.885742902755737,25.27786861754487,638.9706418458596
0.3,0.5,1.0,0.75,0.1106372276508866,0.008507367972229887,7.237530981492287e-05,0.10677162891628181,0.007794019987797906,6.0746747570193274e-05,0.5663246445862165,0.030517754137433916,0.0009313333175928649,0.5621966992934867,0.03047707280832112,0.0009288519669637067,0.3719652310619819,0.039917384038308815,0.0015933975484618314,0.6826691071390459,0.068425842038951,0.0046820958587394735,0.6795711762695669,0.06871424350676346,0.004721647260706785,0.37356901269408926,0.05621658704787078,0.003160304659310833,0.4189308964867314,0.13781135794335045,0.018991970378190257,0.4170850713109916,0.13813011075210055,0.019079927496387566,0.2964295235279213,0.14479688356119544,0.02096613748903439,0.5356728871216436,0.17202048734527717,0.02959104806650666,0.5341070961774769,0.1724556317527562,0.029740944923242252,0.4253496240426151,0.21198017045919967,0.044935592667911355,0.4272576811292931,0.06024047467113574,0.0036289147886037466,0.5806644524713716,0.06552127253951036,0.004293037155196795,0.14540233062159932,0.04554117663016067,0.002073998768859492,32.12737121582031,24.130941819238092,582.3023530834538
0.3,0.5,1.0,1.0,0.10276145400404879,0.009479743865742244,8.986554376007769e-05,0.09789781278328405,0.009569238853253701,9.15703322306202e-05,0.5508651703001763,0.04895323690670955,0.00239641940364443,0.5471530626123784,0.04860085214998351,0.0023620428297045568,0.3712784881429748,0.060454247031750244,0.0036547159841758834,0.6766344719844869,0.05490316712374991,0.0030143577602184126,0.673929307721661,0.05480001286702956,0.003003041410226606,0.4119622948684409,0.08187692776087087,0.006703831299558867,0.3630425712358295,0.08611957103682205,0.007416580515566241,0.3612508329977732,0.08617163293696518,0.0074255503230230635,0.23680901628147005,0.07320517574628409,0.005358997756044341,0.47880611060602807,0.11089009553744479,0.012296613288303634,0.47727879394650524,0.11103876383159984,0.012329607073249807,0.3568523819394144,0.11836152373343686,0.014009450300500936,0.5395772711586193,0.09133084030926324,0.008341322391596143,0.6431995730491191,0.08105739242431713,0.006570300866629743,0.09604803850918307,0.04152487673018797,0.0017243153874573064,25.940222120285036,19.920160826408676,396.81280734998677
0.3,0.75,0.0,0.0,0.12436093255245066,0.00996056056337882,9.92127667367374e-05,0.12238994906106622,0.009677949616521608,9.366270877993074e-05,0.6412340264505157,0.043503149565842524,0.0018925240221480647,0.6381446090105587,0.04342491733095948,0.0018857234452006654,0.36473584049882046,0.05729299035609212,0.003282486743943265,0.6875197902024447,0.05228048972633,0.0027332496060248966,0.6848169258009943,0.05213422036819593,0.002717976933399615,0.3666382678775431,0.06379436393136965,0.0040697208694080375,0.42016658373206034,0.06393539620865347,0.004087734888357501,0.41844359699756783,0.06387204651416814,0.004079638325908059,0.30301678086451644,0.09840523078656623,0.00968358944615736,0.4642535249645009,0.1007496179164758,0.010150485510315862,0.46261456838167686,0.10082360193125067,0.010165398706391295,0.34346632771544616,0.12608823978319195,0.015898244211623707,0.6102870152729544,0.15043646192289128,0.022631129075877516,0.7328880709219168,0.11377320594767008,0.012944342391610951,0.0580233048848668,0.03626854998536199,0.001315407718040701,17.512414073944093,22.825283529656456,520.9935682092063
0.3,0.75,0.0,0.25,0.12861278693323597,0.009189366895068815,8.444446393218669e-05,0.1263717511105663,0.009660192017526855,9.331930981548957e-05,0.6666234486014784,0.06608111180304287,0.004366713337126251,0.6634820795253371,0.0663380227495783,0.004400733262323568,0.39443987512997697,0.08634959702013785,0.007456252905540198,0.7097416248358362,0.05790022601008655,0.0033524361720191033,0.7069445395229955,0.058090988190645974,0.00337456290896577,0.3815989007911193,0.08536797754087809,0.007287691589419865,0.5390820148884569,0.14565112251579654,0.021214249490111574,0.5375919781219478,0.1460403852284615,0.021327794117677434,0.44508441097269,0.18998720405121952,0.03609513770319973,0.6001764732970502,0.17124301163503575,0.029324169033836993,0.5988271015891689,0.17173848344856865,0.029494106697214292,0.5045278801437141,0.23065499678705895,0.05320172754283817,0.5557947214076246,0.0707623927198592,0.005007316223439582,0.6941402154343799,0.059651238041201496,0.003558270199848085,0.06513955600324965,0.025489576912494566,0.0006497185311779759,17.26609194278717,24.9638100599849,623.1918127110034
0.3,0.75,0.0,0.5,0.13183776281481846,0.006314194973222555,3.9869058159868984e-05,0.1299060875276244,0.005980389404826888,3.57650574333657e-05,0.6531759235229202,0.06787111659720146,0.004606488468150916,0.6501012678065896,0.06781121879054888,0.004598361393859689,0.3757559442200183,0.0726525380279707,0.005278391281905727,0.6996830805567446,0.06903531925970481,0.0047658753052893695,0.6969691435256866,0.06908025354223378,0.004772081429459302,0.3654931729358847,0.07411780216833934,0.005493448598265087,0.47918659441669453,0.11603499362378052,0.013464119745270786,0.4775935907121739,0.11619309644040873,0.013500835660410125,0.39835496200282783,0.1433274826580497,0.020542767285093536,0.5428414635685411,0.12905443921272888,0.016655048280511932,0.5413793118708495,0.12932181628229003,0.016724132166550373,0.4715353086658486,0.16387859663924464,0.026856194436448242,0.6223953644489983,0.06652659477632239,0.004425787812533005,0.7619087415081836,0.04392952308133309,0.0019298029981533768,0.046769954358416674,0.018231233820648483,0.0003323778866231571,19.298412799835205,24.830842813297316,616.5707548186789
0.3,0.75,0.0,0.75,0.12168306620023475,0.007565536741183481,5.7237346182197174e-05,0.11872744713029426,0.00730136039114015,5.330986356131024e-05,0.6403639048372973,0.05015460299962883,0.0025154842020503774,0.6366779293341949,0.050469474147427945,0.0025471678207178976,0.40831727934137385,0.052601562243736036,0.0027669243504816364,0.722319142916049,0.04842040308512968,0.002344535434926436,0.7193903029713167,0.04876085774021787,0.0023776212475617653,0.40455506016813725,0.060303408043298014,0.0036365010216364993,0.4862124428001239,0.08470731421276079,0.007175329081139385,0.48444580126997944,0.08494902305225356,0.007216336517532308,0.3590032679156382,0.11825240179779055,0.013983630530946098,0.5818665951043811,0.10422374506590497,0.010862589035562751,0.5803496343961795,0.1045551305039271,0.01093177531469323,0.46560329754678953,0.15167062834097791,0.02300397950134705,0.6850682747798192,0.063876651320013,0.004080226583858518,0.7694914465622235,0.050499750497612884,0.002550224800321153,0.048824864805142754,0.019333002313643727,0.00037376497845935375,30.501775169372557,31.631471073926576,1000.5499623006536
0.3,0.75,0.0,1.0,0.10632118607993804,0.011639347680926733,0.0001354744144374945,0.10272664414798527,0.00978817658789724,9.580840091585968e-05,0.5614008575105354,0.06766749817636641,0.004578890309448551,0.5573761779902033,0.06776295455163005,0.00459181800956628,0.3703016480328344,0.07862022354327869,0.006181139549995113,0.7025106218375508,0.06437062928881998,0.004143577915038689,0.6997100549229318,0.06437388514226265,0.004143997088309224,0.397475526194259,0.08164863625083363,0.006666499801620944,0.4095305787392947,0.0940708158462256,0.00884931839397449,0.4076865313966125,0.09435728978832099,0.008903298136197184,0.2961429332874557,0.08551112199258568,0.0073121519844308695,0.5794890315666006,0.10604743248005681,0.01124605793561221,0.5780929076296382,0.10632438829247794,0.01130487554576962,0.47116159277266745,0.13384740674077358,0.01791512829123008,0.42219196822355326,0.07116245101318258,0.005064094434203611,0.5787940748312405,0.07851532362715574,0.006164656044277,0.13894629506837514,0.04653005131725971,0.0021650456755868217,31.593229722976684,26.046480302087648,678.4191361270399
0.3,0.75,0.25,0.0,0.1279370425768306,0.009005623892498324,8.110126169313668e-05,0.12606298674273564,0.009212934246710172,8.487815743420513e-05,0.6384248305411326,0.06008879544595997,0.00361066333814642,0.6355018243947954,0.0599952712735148,0.0035994325751826295,0.3609839658356408,0.06775500419134882,0.004590740592969696,0.6722277000191609,0.06524041136789369,0.004256311275451992,0.6695489570029565,0.06517286628207454,0.004247502499421168,0.34927216033036623,0.07152181044539749,0.0051153693693873695,0.43954911189712204,0.12658151151675898,0.016022879057867385,0.43797162898516906,0.12681599791605977,0.016082297327446076,0.36465449388612525,0.1612585099604657,0.026004307034669615,0.4855153586344788,0.15445290029737843,0.023855698410271926,0.48401772316633584,0.1547975000451079,0.02396226602021518,0.4079298203489241,0.19315114440191133,0.03730736458376801,0.5835837190403843,0.11223391787539151,0.012596452321660125,0.7261119013637922,0.085907778870794,0.007380146470513239,0.0565500248090998,0.03141190491545799,0.000986707770417774,12.902705883979797,19.198322827582572,368.57559939207806
0.3,0.75,0.25,0.25,0.12814703134798067,0.012253353340385915,0.00015014466808434667,0.12697955824440116,0.01162793821489264,0.00013520894712936061,0.6198214111931643,0.08248296282985683,0.006803439157191544,0.6168562902991344,0.0824850902661064,0.006803790116207719,0.3362325641118388,0.07605144136859304,0.005783821734240545,0.6485990238895738,0.0844453809047979,0.007131022356156407,0.6458185457565555,0.08453131844621935,0.007145543798256144,0.32383995200568844,0.07623104107847511,0.005811171623908161,0.490095777902585,0.1660878820159649,0.027585184552549075,0.48866059551604357,0.16650039315259854,0.02772238091996988,0.4105299264737165,0.2230428614251012,0.0497481180326969,0.5346506543168388,0.19030290818087525,0.03621519686209864,0.5332885009406485,0.190794557085232,0.03640256301334985,0.45618255923864925,0.2575190522712491,0.06631606228268233,0.559650920397131,0.1279648883743236,0.0163750126566531,0.7077668560106547,0.09289684116625702,0.008629823098668783,0.05687712700483436,0.037114660353045566,0.0013774980131219321,11.93182463645935,26.14231359797197,683.4205602547103
0.3,0.75,0.25,0.5,0.12730155496713258,0.0106103784776389,0.0001125801314387428,0.12609691471244713,0.0102889748324561,0.00010586300310291502,0.6031486329590325,0.09304049580533635,0.008656533859702812,0.5998274500996345,0.09297785511087932,0.008644881541019668,0.33000995693215923,0.07984077914209886,0.0063745500140174076,0.6457305910761401,0.10234062315487345,0.010473603147727821,0.6427332053131042,0.10243010239310775,0.010491925876262539,0.3185521923569838,0.07799411597478226,0.0060830821266877845,0.44474167163723566,0.1750187529912003,0.030631563898594782,0.4431430105165607,0.17521690365323245,0.030700963325826145,0.352359445951946,0.19157038659347672,0.03669921301957412,0.5058588620036761,0.1932612491988548,0.037349910441901855,0.5043889376256074,0.19355706206341783,0.03746433627462178,0.41986594757879037,0.20932010302168827,0.04381490552901019,0.56562272550613,0.0952241236863945,0.009067633731841758,0.7203244692411263,0.07326586458947233,0.005367886914042896,0.058902105965579,0.016345502464314165,0.00026717545081090047,16.554268503189085,24.181087951435384,584.7250145150534
0.3,0.75,0.25,0.75,0.12039900331253581,0.009519010682434034,9.061156437229325e-05,0.11784935198257677,0.009956590428895493,9.913369296877333e-05,0.6359793426891023,0.042101473535892914,0.0017725340738934912,0.6324227273901788,0.042084976983800385,0.0017711452877270082,0.4026618967709574,0.053455336827550416,0.0028574730353468675,0.7041037870957602,0.05613109914519849,0.0031507002912481027,0.7011502748955588,0.05631268967262391,0.003171119018165243,0.39566605518931425,0.0648842458238319,0.004209965356127447,0.432088142082576,0.1114682814061871,0.012425177759648916,0.43022006937314466,0.11173228054744852,0.012484102516333744,0.3007662314972589,0.14427894800137056,0.020816414836382188,0.5060951942202123,0.13103635471300737,0.01717052625647309,0.5043883539147889,0.1314066664516568,0.017267711987936987,0.37934635691745566,0.1962378330285913,0.03850928711175727,0.6592985331578005,0.0760066724869906,0.005777014262544654,0.7481538100200633,0.06846349157441681,0.00468724967856024,0.04894394035988317,0.024023017367670377,0.0005771053634473926,30.51004340648651,23.064864788022202,531.9879876897464
0.3,0.75,0.25,1.0,0.10490842847311188,0.012713667360088226,0.00016163733774297273,0.10190366961317669,0.010465425550874001,0.0001095251319608864,0.5431980837557014,0.056446757471006956,0.003186236428990679,0.5388251004972526,0.05695314014230686,0.003243660172069245,0.34983014952965563,0.06091132219248501,0.0037101891712367167,0.6838740459561311,0.040453739870320374,0.0016365050694955483,0.6807134866581015,0.04078014354601651,0.001663020107633712,0.36867576794713247,0.05835207278062013,0.0034049643977947888,0.3610275508326032,0.07201145096059153,0.005185649069449679,0.35897794152902607,0.07220707309381713,0.00521386140477585,0.24447004792569169,0.07570010440072072,0.005730505806280018,0.5325846277121811,0.08986323728128665,0.008075401414672827,0.5309722292681914,0.09008707168192673,0.008115680484224605,0.4253883100883703,0.12785011001268295,0.016345650630255133,0.4119501120810448,0.05514095335257194,0.003040524736630515,0.5733415435406006,0.05894177996754232,0.0034741334257421728,0.16350381991028126,0.046964307824085116,0.0022056462093954224,31.915825629234313,23.51534963210224,552.9716683200108
0.3,0.75,0.5,0.0,0.13104898940894533,0.007456531952396493,5.559986875710986e-05,0.12918698615312543,0.0069716900762520325,4.860446251931107e-05,0.6767669882367614,0.05765606732177747,0.0033242220990133357,0.6736694888119047,0.05772723509716184,0.0033324336719629945,0.39956186648591374,0.06482272254813487,0.0042019853585524725,0.7267860437101704,0.055311389523488255,0.0030593498110190465,0.7241164802386585,0.055449590962955986,0.00307465713795913,0.39396847948053104,0.06988503123288002,0.004883917590420616,0.5048566499002092,0.10203260405102274,0.010410652289432783,0.5032389000745487,0.1022126666177026,0.010447429217101616,0.38672613162748193,0.12400769115513802,0.015377907465628095,0.5554081996899448,0.1071370321465806,0.011478343657177446,0.5538995433953932,0.10735497229531403,0.011525090076527644,0.44627038465031177,0.1296305152513343,0.01680407048432641,0.5955437406189819,0.09597189174310158,0.009210604004749611,0.7341255783964126,0.07249160177448509,0.00525503232783053,0.05458744027895211,0.024142677154179587,0.000582868860170945,23.757549357414245,25.338306517084757,642.0297771537399
0.3,0.75,0.5,0.25,0.12556799293621926,0.010553398925495523,0.00011137422888065004,0.12333220586982144,0.010398108648087906,0.00010812066345744049,0.6519762997116235,0.051264338058284294,0.002628032356554055,0.6487360422045262,0.05149200931144397,0.0026514270229298325,0.38514725631396984,0.072884287591002,0.005312119377647889,0.6971869960227658,0.04543703488991388,0.0020645241395872514,0.6943011318111861,0.045672344717767155,0.002085963072018553,0.37799915947091794,0.08586254855277785,0.007372377243978133,0.440968128912605,0.09503847607938724,0.009032311935492261,0.4391946007917563,0.09519708765977211,0.009062485498902336,0.3274144646680125,0.11724603026521704,0.013746631612952191,0.5006799268940778,0.10651888497414029,0.01134627285613413,0.4990253454111634,0.10675745450279034,0.01139715409191535,0.3765045480560249,0.1364313750070906,0.018613520086325386,0.5821778127458694,0.086478464978472,0.007478524905032809,0.7269017456790161,0.07661573128126871,0.005869970279763577,0.061536198562975764,0.02767749061962317,0.0007660434869993286,14.00962290763855,15.674910721283904,245.7028261202211
0.3,0.75,0.5,0.5,0.1311429293445005,0.0066981552795591336,4.48652841490859e-05,0.12864903162180732,0.007386836028715206,5.4565346515125035e-05,0.6544857731756993,0.05991924236470675,0.0035903156055604683,0.6510714530647932,0.06008865464500002,0.003610646417046082,0.3804133976706273,0.06327091017858935,0.004003208074827121,0.7094583892853537,0.06423817335179212,0.004126542915574895,0.7065147328730456,0.06453518873253881,0.0041647905847444055,0.3653137552377933,0.07054895127195204,0.004977154525572265,0.4819657956521824,0.08282662783121782,0.006860250277891066,0.48021269248913556,0.08299141811561037,0.0068875754808400596,0.3801106672559157,0.13646580225053223,0.01862291518388137,0.5500021000290338,0.0994089964340019,0.009882148572015404,0.5483926447020518,0.09970299930267366,0.009940688069948946,0.45637738150333995,0.17058339307510795,0.029098693993016782,0.6605950933409628,0.03877814860496638,0.001503744809228856,0.7744887967610655,0.033489984285228716,0.0011215790474248663,0.05449547441477713,0.015801066947165824,0.00024967371666881626,20.261511731147767,29.304270854295076,858.7402903018879
0.3,0.75,0.5,0.75,0.12517471745854597,0.006182845683996289,3.822758075211153e-05,0.1225289006043355,0.006269262602625479,3.93036535806784e-05,0.6377207279180628,0.04361583125491953,0.0019023407360576154,0.6340082140385099,0.0437502536130285,0.0019140846912043133,0.4002477867026836,0.04871213100049538,0.0023728717066094232,0.7165395946449781,0.04845330053191069,0.0023477223324356563,0.7135632192186385,0.048660337681183,0.0023678284632467576,0.3914513145292045,0.0528854057694233,0.002796866143396551,0.4454368737737259,0.044374393778506514,0.0019690868232099578,0.4435258254129558,0.04437536838220661,0.0019691733190565423,0.3078689970368055,0.0833547957424161,0.006948021973259908,0.5285190241062749,0.07590825001776368,0.005762062420759319,0.5268070386006191,0.07605347904887796,0.005784131675438119,0.4059998208900394,0.11799565350969182,0.013922974247179247,0.6957047581581807,0.04630923514657205,0.002144545259860504,0.7794943880179092,0.03918147414994667,0.001535187916562939,0.04287366056535175,0.018172540808297385,0.0003302412394292337,37.55923066139221,33.923361184465165,1150.7944340516776
0.3,0.75,0.5,1.0,0.09641184923252492,0.01650350075402395,0.00027236553713806916,0.09352233352086574,0.014241707639754327,0.00020282623649623676,0.5482442414293283,0.0562717143597672,0.0031665058369872304,0.5437133247162358,0.05627431993539647,0.003166799084191361,0.35286268797870407,0.05955830699312082,0.0035471919318868245,0.72717211524214,0.04561671051510517,0.002080884278218907,0.724303283715549,0.04573173892405067,0.0020913919450175314,0.40087404859889386,0.06376031686431459,0.0040653780066378,0.41936703218330695,0.08794313519566592,0.007733995028043174,0.4174305246941167,0.08806656481681667,0.007755719838634571,0.31169946033439794,0.084935835453611,0.007214096144202883,0.5999727101971117,0.11222732110257268,0.012594971601859956,0.5985335132278331,0.11253505019615034,0.012664137522650077,0.4954799583160655,0.163485778076947,0.026727599633424762,0.43441142345768363,0.05579905871522833,0.003113534953505498,0.5764231806156266,0.05731328126389515,0.003284812209234355,0.14803991697690883,0.031353997094934825,0.0009830731338291816,25.666650581359864,19.2676427968685,371.24205894771865
0.3,0.75,0.75,0.0,0.1174795897142413,0.012149512867899512,0.00014761066292725582,0.1161651815054336,0.012569869196672972,0.00015800161162146802,0.6113985526512944,0.07725001565702339,0.005967564919010358,0.607867959811072,0.07748662026615664,0.0060041763202715575,0.36982917240555596,0.08659910256880603,0.007499404565722587,0.6722691651392908,0.08988362651534036,0.008079066315549197,0.6692981014033348,0.09002946027607794,0.008105303717601896,0.37429795078998696,0.10308272242338797,0.010626047662217251,0.42208952519882387,0.11402867801304019,0.013002539409401595,0.42026601955165754,0.1143870055666805,0.013084387042511794,0.30063537459673667,0.1594326964957527,0.025418784711906794,0.49173058001167747,0.13205261316801295,0.017437892644500866,0.49006596087453697,0.132399507415224,0.01752962956379395,0.3809797882697472,0.1997048130202212,0.039882012343441506,0.6498510036709689,0.1451449261361001,0.021067049583053957,0.7372002901340549,0.13032681003836535,0.01698507741477617,0.049542916220282805,0.03983738936993112,0.0015870175918115013,26.88339533805847,26.17357122615232,685.0558307304686
0.3,0.75,0.75,0.25,0.12362728857434217,0.007027608158627814,4.9387276431212224e-05,0.12091906676213626,0.007428679614167773,5.5185280809951844e-05,0.6307182229030486,0.04159753294429806,0.0017303547470519627,0.6270132294265218,0.04161686328593454,0.0017319633097601659,0.39319886110538244,0.05479285206099918,0.003002256636978542,0.7023710417035512,0.06073414124759963,0.0036886359130833823,0.6993186483857119,0.06101717785740799,0.0037230959936825603,0.3847711320395939,0.07546278069640117,0.005694631270433137,0.4411616828726147,0.10014294578138598,0.010028609589773613,0.4392503911267931,0.10048399522521727,0.010097033296421488,0.30170347147813303,0.14056514757578323,0.019758560713001718,0.520750683590592,0.12642344187454121,0.0159828866554055,0.5190179583145663,0.12684857805618074,0.01609056175487498,0.3897567039283385,0.18840392077106888,0.035496037361911204,0.6212554793750702,0.11797392662654291,0.01391784736368493,0.715686619166103,0.10273227593670016,0.010553920519134303,0.058820860577372534,0.02964047833187601,0.0008785579557424114,32.62854056358337,30.49115330928152,929.7104301301092
0.3,0.75,0.75,0.5,0.12660055314905136,0.008631699274374342,7.450623236323454e-05,0.12358556929312843,0.008294121908914057,6.879245823992815e-05,0.664165898370787,0.04595433804615928,0.0021118011852606826,0.6605849209435157,0.046171051355544585,0.0021317659832763352,0.4208712190078526,0.046083612764270074,0.002123699365407196,0.7192382914393114,0.05214392237114531,0.0027189886402480285,0.7161610433637042,0.05248407120377394,0.002754577730122813,0.4000167656256123,0.06178235245181569,0.003817059074480376,0.4822391018852305,0.09032071954959098,0.008157832379955866,0.48039368976883035,0.09055859574543662,0.008200859263385412,0.3417752002027691,0.1415286644580167,0.02003036286326988,0.5528163901262728,0.12708762386775527,0.016151264140352038,0.5511374646292364,0.12749225527735072,0.016254275155705166,0.422360703348459,0.20740935323040754,0.04301863980745597,0.6567908351810792,0.05775196721223379,0.0033352897168829262,0.75508473908711,0.04153916959745777,0.0017255026108463599,0.044223036434104766,0.011893106194938191,0.0001414459749640772,42.048005199432374,37.64604825450742,1417.224949180701
0.3,0.75,0.75,0.75,0.11792457574511346,0.010773220605250764,0.00011606228220939965,0.11452856947277987,0.010044298868835686,0.00010088793976649383,0.6292148210377638,0.050187582782193846,0.0025187934655195605,0.6254698033053934,0.050334531045426525,0.002533565015563007,0.42137320363124486,0.054405681555234287,0.00295997818548956,0.6954309571392886,0.06969051763839447,0.004856768248707371,0.6922881725202626,0.07001625776371194,0.0049022763512345515,0.40233160033401283,0.07389773396724295,0.005460875085493412,0.471531604314703,0.10095605020658385,0.01019212407331428,0.46973894504832037,0.10127887834343255,0.010257411198503812,0.3442013011875207,0.13251518295415307,0.01756027371337266,0.5810120377469381,0.1427629348557688,0.02038125556863249,0.5795235171984896,0.1431985971615756,0.020505838229043203,0.4675359873927817,0.20540339843811203,0.0421905560899258,0.9026240703465133,0.06701315792966127,0.004490763335705723,0.9395179954052333,0.042452296337952056,0.0018021974643652973,0.0023005591381425093,0.0025182259297416095,6.341461833222993e-06,33.01449186801911,27.8445960064663,775.3215267633191
0.3,0.75,0.75,1.0,0.10005456916619579,0.009332889203409484,8.71028208831173e-05,0.09581981018058465,0.008776132100396008,7.702049464360124e-05,0.5828872573951502,0.031771317976900075,0.0010094166459892937,0.5787925542871458,0.03181160477505332,0.001011978198364195,0.403816350028269,0.040994072337511685,0.0016805139668131406,0.713599887859838,0.03617527439542292,0.0013086504775841408,0.7107061119364319,0.03625264619954683,0.001314254356469517,0.4363837332973894,0.06028626008911849,0.0036344331555328412,0.38318627700005115,0.08371885028949363,0.007008845893794647,0.38118773517653626,0.0838349969488304,0.007028306713410402,0.2482249035723883,0.08750375945585197,0.007656907918907604,0.5312673799378945,0.14580815284545057,0.02126001743620228,0.5296749047857198,0.1461741819798243,0.02136689147747079,0.4053795341998819,0.1879731771969402,0.035333915345512286,0.6032049801197724,0.08719653500394212,0.0076032357166937025,0.7047236959577448,0.07969415873395566,0.006351158936312922,0.05989264009014454,0.026269890351875904,0.0006901071390995827,38.342110657691954,26.819959586528732,719.3102322230345
0.3,0.75,1.0,0.0,0.10637926929961083,0.01269455565862522,0.0001611517433699336,0.10347732941588997,0.011620599135428102,0.00013503832426631235,0.6034447659112592,0.0685139657464281,0.004694163502302722,0.5998427185856239,0.06843343088417088,0.004683134462578593,0.40089846505003546,0.07769582034346964,0.0060366404988447106,0.7018957830256874,0.0708024373413039,0.005012985133469265,0.6991586056259318,0.07078083545043125,0.005009926667061024,0.42486029075274967,0.08740391997587825,0.007639445227149728,0.40251087379018535,0.0864301339002149,0.007470168046009077,0.40067321436177056,0.08653505527276821,0.00748831579106105,0.28507017943681795,0.09651802829301502,0.009315729785571249,0.49994973207414617,0.15521356389621752,0.024091250417365196,0.4983523021215512,0.15559904821019527,0.02421106380391867,0.3785729717884768,0.17679015740893667,0.0312547597566766,0.45561348815931224,0.1258986729100182,0.01585047584050375,0.5997805716794371,0.11247357430369471,0.012650304916648735,0.1243611569191286,0.057922240113854,0.003354985899806958,21.0411260843277,17.038806407116333,290.3209237791886
0.3,0.75,1.0,0.25,0.10413841061286248,0.00875554005723882,7.665948169391356e-05,0.10075268176404958,0.00884370640096941,7.821114290654731e-05,0.5699544387129742,0.0484387573642111,0.002346313214988915,0.5660460633002311,0.04858857143595085,0.002360849274186499,0.37016413914537694,0.05008762880707699,0.002508770559515529,0.6876304937558247,0.05882281372152325,0.003460123414117024,0.684740761111744,0.05892467155574421,0.003472116917952331,0.3899997286506104,0.06982660386684411,0.004875754607577169,0.38201684934021624,0.09330010488143567,0.008704909570886897,0.38013620745508475,0.09344813445740809,0.008732553833569821,0.2739218830091209,0.10137883858412428,0.010277668912665924,0.49678195971240785,0.15490409403748476,0.023995278349573917,0.4951812430797548,0.15525208991523354,0.024103211423047763,0.38477748406334866,0.1800675248007373,0.03242431348786414,0.44467323840817813,0.09427474475601343,0.00888772749881148,0.593903179041845,0.0884393748049426,0.007821523015889115,0.14526983797792642,0.0651453951567927,0.00424392251013467,41.09225468635559,19.723568046631854,389.01913649011715
0.3,0.75,1.0,0.5,0.10578173099535168,0.010371093324190696,0.00010755957673907285,0.10168966345925903,0.011102021011213176,0.00012325487053341884,0.5803642119091329,0.028000844305510458,0.0007840472818214375,0.5762190778577057,0.027942571248293472,0.000780787287965957,0.38611039742573133,0.04045037661307592,0.0016362329681396794,0.7076652756072088,0.05244244963095049,0.0027502105232947794,0.7047342461978422,0.05246061503185226,0.002752116129520203,0.41359992555944325,0.06144900664714672,0.003775980417921082,0.4750512522694181,0.13485578273840904,0.018186082137988977,0.47329866627791717,0.13532542710534898,0.018312971221245117,0.3524267918869297,0.14504841982820624,0.02103904409465957,0.6217130547713168,0.15268753937486826,0.023313484680351944,0.6203811839328875,0.15319773506359266,0.023469546028614726,0.5033887067272563,0.1844800199744451,0.034032877769771666,0.4484429711656818,0.05511051278538228,0.0030371686194677837,0.6039407366075119,0.06878287619682978,0.004731084057908413,0.13771947664831763,0.04203761269962195,0.0017671608814834167,29.387713646888734,19.04719316797452,362.79556757813526
0.3,0.75,1.0,0.75,0.10460271972964393,0.008634232176591055,7.454996527928032e-05,0.10193820748876763,0.008759994365214881,7.673750127859647e-05,0.5634397515260171,0.05651562217298624,0.003194015549599734,0.5593265318402485,0.0567892033258934,0.003225013614389662,0.37748011324548997,0.059207213077608505,0.0035054940804173356,0.6738955149419249,0.08529140970834254,0.007274624570036347,0.6708147604120928,0.08560364570339468,0.007327984157712323,0.39280985007295405,0.08084074523703004,0.0065352260904783955,0.42917712487881954,0.07047628611428215,0.004966906904462159,0.427372981570133,0.07064137558589834,0.0049902039446679545,0.30233999035286296,0.08314745269202604,0.006913498889172708,0.559508847353521,0.12625167795496267,0.015939486186443606,0.5580771656255545,0.1264752908336107,0.015995999191446408,0.45613084584279723,0.15399332960459483,0.023713945562709383,0.558531926266504,0.08955012292291475,0.008019224515509142,0.6670516689130637,0.08920855609142345,0.007958166479916644,0.0694819817259606,0.030115342916663224,0.0009069338789882179,31.0270987033844,17.047022618636003,290.60098016028746
0.3,0.75,1.0,1.0,0.10240151660109946,0.00877256976968693,7.6957980364025e-05,0.09587344489189459,0.008688897332667396,7.549693685763459e-05,0.5328578531129715,0.03737396966528552,0.0013968136085416821,0.5287317469186659,0.03773500489876827,0.0014239305947100654,0.36410559932606384,0.03539869003811141,0.0012530672564142883,0.6729150561867924,0.029644150322870984,0.0008787756483649719,0.6699461687292384,0.029572429785795943,0.000874528603435831,0.39726521436792916,0.051852245450278354,0.002688655358235912,0.38527757665201773,0.09197675429164127,0.008459723330024952,0.38346802110930606,0.09214388637267723,0.008490495795860854,0.24980578576309656,0.08003266990780201,0.006405228252571198,0.526289691360786,0.14266096274400322,0.020352150291045874,0.5248267359716545,0.14295498559501635,0.02043612790647133,0.44514028995366595,0.1806311972351374,0.03262762941459911,0.6247099295313818,0.05998607387128431,0.0035983290584911784,0.757399107657597,0.039814062985321884,0.001585159611399178,0.05009537015637081,0.01806926865674085,0.0003264984697894773,34.101253628730774,20.52020953835803,421.07899949811997
0.3,1.0,0.0,0.0,0.10710604769428063,0.010790622258978274,0.00011643752873595738,0.1039512560642728,0.010537192550410116,0.00011103242684441844,0.5850078954821416,0.03900242881381477,0.0015211894533766887,0.581308735738619,0.03887558968987681,0.0015113114737356562,0.37029583564243557,0.04530261232981134,0.0020523266839051744,0.6962145074541819,0.033481455709031785,0.001121007876395857,0.6934237227252414,0.03326336827039481,0.0011064516686919085,0.3885351212442321,0.05001696350696071,0.0025016966384566394,0.38432220265158895,0.09767347280262378,0.009540107289324888,0.38245534676406095,0.09789040501554803,0.009582531394108031,0.2623442196344795,0.10190957706812058,0.010385561898203208,0.4788216334984611,0.11338003581081214,0.012855032520461043,0.4771442315103432,0.11367236847578954,0.012921407354895671,0.3262913771666322,0.14167180679175773,0.02007090083964113,0.42094477142130443,0.08249241001197019,0.006804997709583,0.5792730206335952,0.08759575297798629,0.007673015939780393,0.18895733801692538,0.0727786107195478,0.005296726178267479,20.887058401107787,25.199928830743307,635.0364130745277
0.3,1.0,0.0,0.25,0.1068035056988433,0.011841920272880753,0.0001402310757492642,0.1039517977935925,0.012021432300560747,0.00014451483455696525,0.5958047042905429,0.028225533325919396,0.0007966807315325864,0.5921947972436006,0.028198970841867475,0.000795181956540492,0.3793728974518615,0.033586432441385386,0.0011280484441397445,0.7102800748048533,0.0493093191608728,0.002431408956108817,0.7076688976964527,0.04931904042551793,0.0024323677484938714,0.4118495717262253,0.057924504812489085,0.003355248257772071,0.3764747957449194,0.09445859588712079,0.008922426336966391,0.3745983660784794,0.09463129799258038,0.008955082559760547,0.27185430142656375,0.11102147159059368,0.012325767154141,0.483526721422978,0.13932976475266656,0.019412783346033406,0.4819087562352138,0.13961765877011717,0.019493090640448872,0.3479652308343026,0.15716633037556008,0.024701255403719695,0.45306244123781747,0.15515633455480315,0.024073488152482007,0.603752174607927,0.12168946240007358,0.014808325259218923,0.15233187269263934,0.07481195904075902,0.005596829215516205,19.739006662368773,21.471999062374667,461.04674373461853
0.3,1.0,0.0,0.5,0.10230266661281558,0.016502612771631845,0.00027233622829042647,0.09926089005902071,0.015167924256709027,0.00023006592625726208,0.5760363123761492,0.046380555458012576,0.00215115592459378,0.5720768689041562,0.04660683256942436,0.0021721968421543553,0.3661288589916719,0.054997279055744135,0.0030247007035353927,0.7141344880015689,0.0334423834920862,0.0011183930136317592,0.7113890365164497,0.03337794523709918,0.0011140872282507917,0.4049037383057609,0.05972174362966005,0.003566686662166841,0.4244226934754992,0.08544978876873857,0.00730166640062204,0.4226077792371643,0.08570681903407015,0.007345658828938849,0.3292053340875765,0.10027765758776845,0.010055608611289736,0.5649416030678046,0.10677756047575777,0.01140144742115411,0.5634813845686033,0.10713669099199435,0.011478270556714085,0.45456030159697336,0.15204438490645195,0.023117494981581308,0.41896076764565937,0.041586783334715965,0.0017294605481286095,0.5707431117355171,0.06743174662409522,0.004547040452776178,0.17077022927455518,0.059645510279974494,0.0035575868965585433,35.46583516597748,28.623217509800952,819.2885806133759
0.3,1.0,0.0,0.75,0.10750238531636377,0.01128757115923153,0.00012740926267471543,0.1034701196755212,0.011080496227041603,0.0001227773966374832,0.5661342452232953,0.05722885409618,0.0032751417411618577,0.5623361492370518,0.057068551752385524,0.0032568195991147047,0.37326040133365906,0.06418080197634923,0.004119175342327353,0.6831029779942719,0.0643090826694446,0.00413565811378546,0.6802578552594936,0.06438670159454116,0.004145647342224489,0.39338192695525925,0.07343535971308496,0.005392752056190182,0.3955293893169316,0.08103553760624484,0.0065667583551331215,0.39373535351493516,0.08106185828128437,0.006571024868015031,0.291749848294049,0.07966696020594967,0.006346824548456367,0.5453753107000864,0.15300866545716893,0.02341165170498384,0.5439649437888356,0.15335071786233095,0.02351644266889223,0.4536028698258823,0.167155843556684,0.027941076035146617,0.4657964375679703,0.06321149598415837,0.003995693224555271,0.6170493455047341,0.058695403171343946,0.003445150353446613,0.11826674398768264,0.03822683827365303,0.0014612911644000244,28.6257705450058,24.125854840898203,582.0568718040912
0.3,1.0,0.0,1.0,0.10246303105403612,0.00665234907601794,4.425374822919674e-05,0.09628925828480772,0.006858952056826082,4.7045223317838743e-05,0.5547188381377186,0.03858818182883881,0.0014890477768555255,0.5506925203420827,0.03888789406600563,0.001512268304888876,0.3790493288713326,0.045581901150636976,0.0020777097125064406,0.6863534263219849,0.031881740106830134,0.001016445352239461,0.6834450822561051,0.03182135120431856,0.0010125983924685862,0.4114020496068854,0.03731613575597494,0.0013924939877583515,0.3901177294684044,0.1076687866524147,0.011592567619203194,0.3882841945584691,0.10789478944349042,0.011641285589055132,0.25989675625776154,0.0964483126763633,0.009302277018117542,0.5396535405173846,0.16580203793400133,0.027490315783068018,0.5382120898913618,0.16618827119332305,0.02761854148222549,0.4365455816070952,0.20046655794901108,0.04018684085592422,0.5101282246831078,0.13526810468216757,0.018297460144305847,0.631702598119069,0.11076901151511478,0.012269773912035632,0.12843582934926945,0.07512810723577491,0.005644232496830095,31.458199644088744,21.803072588030222,475.37397427891494
0.3,1.0,0.25,0.0,0.106022271840881,0.01100295667111094,0.00012106505550634474,0.10172628139225615,0.010015599254926592,0.00010031222843528612,0.60380421445486,0.0444712460424479,0.001977691724567938,0.5996304732927064,0.04458817782903096,0.0019881056021132885,0.39584817048523285,0.06403417371958557,0.004100375403950063,0.7465285443804419,0.04328268847951535,0.0018733911220147708,0.7437613587238232,0.04353953960971959,0.0018956915094263413,0.42800155558546316,0.06855797805883548,0.004700196355515768,0.4227356997056663,0.0843824671963371,0.007120400770140907,0.42071562439988097,0.08457240645025546,0.007152491932787212,0.3163326039232953,0.07968713944514616,0.006350040192950169,0.5908636050108649,0.08909496722946511,0.007937913185619462,0.5893389877300543,0.08935566209293405,0.007984434348066612,0.4430345119004925,0.11335019654297145,0.012848267056330255,0.4082928778733394,0.03301269239215693,0.001089837858979176,0.5250317071855255,0.02988352098100102,0.0008930248262219281,0.22613363194298572,0.036574850199892955,0.0013377196671446095,26.956646132469178,30.43021194748209,925.9977991686816
0.3,1.0,0.25,0.25,0.10637589637203837,0.011983334008111603,0.0001436002939499641,0.1032371160390527,0.011708779818667829,0.00013709552484204304,0.576157554885043,0.05653573139500625,0.003196288924368295,0.5722900572932417,0.056721681969776686,0.00321734920548049,0.3609304920485206,0.06710783635530124,0.00450346170028989,0.6855138778250776,0.05723358714672503,0.0032756834976817688,0.6825707191091774,0.057396760476484426,0.003294388113194925,0.38145775303954566,0.08097295588999491,0.00655661958556306,0.3891831630034016,0.07274016823333114,0.005291132074613316,0.38730151298669735,0.07277534075288744,0.00529625022169888,0.28981074126124656,0.08564284144414729,0.007334696290627353,0.5054130988676683,0.11655066945196928,0.013584058549702203,0.5038118393177304,0.11677282158081695,0.013635891859945308,0.39466550804092165,0.14000284592329074,0.01960079686662069,0.37964815264927143,0.055120105080912606,0.003038225984130848,0.543996957580069,0.0648698008759403,0.0042080910656841445,0.194075075177784,0.07379777839297809,0.005446112095739104,26.015709137916566,24.4103439448615,595.8648915064364
0.3,1.0,0.25,0.5,0.10767685977576195,0.010404883635906215,0.00010826160347674895,0.10434129751912784,0.009751984805209384,9.510120764103469e-05,0.6121861642228142,0.037543320324621265,0.0014095009009971202,0.6082568508315205,0.03762114086835939,0.001415350240236941,0.40725074922245313,0.04954881903793427,0.0024550854680539577,0.73812671902397,0.03921147717628399,0.00153753994234624,0.7354163482593138,0.03922824452188113,0.0015388551682684968,0.43821081290735886,0.050505486527573175,0.0025508041693868755,0.4030186057038899,0.07037995540664269,0.004953338123041013,0.40099770245322885,0.07056041852893963,0.004978772662979126,0.2677658346385985,0.08223645502216548,0.006762834534612645,0.5252339762969981,0.1112861068957124,0.012384597588003927,0.523541765518546,0.11161546350539649,0.012458011693524495,0.347944491604494,0.128105368012055,0.01641098531350404,0.4640466659935661,0.1154573766996295,0.013330405834360147,0.5751351803301944,0.11441678917139228,0.013091201644290831,0.19202261487861144,0.07158756347288997,0.005124779243985051,43.28698723316192,26.427795934196578,698.4283979395371
0.3,1.0,0.25,0.75,0.1157728538071708,0.00482020691355677,2.3234394689500478e-05,0.11232722098434375,0.005285263872981108,2.793401420703926e-05,0.5358578415197665,0.058157486318968145,0.0033822932149409667,0.5324768370614229,0.057775693047828654,0.0033380307071569164,0.33091963047287193,0.07358627625897515,0.00541494005366221,0.6365558627235095,0.07283640431834944,0.005305141794026072,0.6338798608025685,0.07266657815148365,0.005280431580245681,0.340697736943128,0.07929317614693712,0.006287407783469198,0.3536550968148999,0.10904352280769525,0.011890489866312352,0.35200358119726044,0.10916896439061377,0.011917862786119098,0.2588806070851236,0.0982710653229431,0.009657202279706149,0.4604969900675967,0.12532075616652916,0.015705291926150656,0.4590552986241434,0.1254737790660851,0.01574366923312473,0.38325574067680973,0.1421156234534706,0.020196850429568643,0.5235859480978129,0.0943981946041172,0.008911019144516783,0.6699704993234562,0.08809802840624116,0.007761262609066875,0.09101720561614204,0.04928187554049027,0.0024287032567883735,10.789607262611389,6.348804139436263,40.30731400092302
0.3,1.0,0.25,1.0,0.10463880152568861,0.00869525628949452,7.560748193999403e-05,0.10049662804418462,0.008189063921852622,6.706076791618824e-05,0.5659360462798733,0.03895213255372639,0.0015172686304830714,0.562208752367077,0.03899354610572543,0.001520496637899335,0.3861613621109534,0.05181158832351192,0.002684440684605077,0.6562769260292138,0.03786416855884556,0.0014336952606526685,0.6532680179842885,0.03781857518604283,0.0014302446291023741,0.4041932830936104,0.062291291748617916,0.003880205027711434,0.35016514069371096,0.0611543053897477,0.0037398490677025245,0.3482826855173875,0.06122269913415978,0.003748218889271848,0.21969621584191296,0.07151217975478448,0.005113991853280608,0.43494635374391144,0.0982178854531981,0.00964675302289754,0.43323744818485377,0.09842575346922883,0.009687628945985412,0.32556065842759385,0.13544529569207764,0.018345428125114346,0.5291388654476,0.12403913491023717,0.015385706989280018,0.6446131423272209,0.11562798081065331,0.01336982994634881,0.09906497434217403,0.05901126011834411,0.0034823288207548697,26.480294156074525,19.902715052681554,396.1180664682369
0.3,1.0,0.5,0.0,0.10502703971819108,0.013902809020959117,0.00019328809867326217,0.10175970987762824,0.013107903918031126,0.00017181714512433572,0.5958345146556547,0.05305308243050764,0.0028146295553782385,0.5916403613811247,0.05341586145385913,0.002853254254857874,0.38695849124512866,0.059102765879391346,0.003493136934594146,0.7380342123459811,0.03933399472038488,0.0015471631406632658,0.7352387330608888,0.03941946178802339,0.0015538939676574366,0.4210398990479535,0.058241469669708626,0.00339206878928759,0.4662590936479442,0.08436159690135261,0.0071168790317463065,0.4644139672177604,0.08462564001120246,0.007161498947305629,0.3384123067001771,0.0939893721120079,0.008834002070009488,0.6016378335870114,0.10019059199570146,0.010038154724449118,0.600189714917326,0.10045332423414711,0.010090870349690688,0.4461530815088082,0.15549226664670202,0.024177844986929084,0.42264873578649,0.09390310067235014,0.008817792315881524,0.5441159803920346,0.09819260682091084,0.009641788034285986,0.20282303783329686,0.07798734558154413,0.0060820260708551906,12.19724624156952,13.307921292595848,177.10076912992594
0.3,1.0,0.5,0.25,0.11275722257480052,0.008785439466686725,7.718394662281672e-05,0.10890126357259086,0.008659895227095966,7.49937853442795e-05,0.5776552006230682,0.056180663525000396,0.0031562669541093102,0.5736359517036801,0.05624141104473232,0.0031630963163025386,0.361786246273314,0.06733965774873893,0.0045346295057172945,0.7072343597115631,0.06332419163037914,0.00400995324564098,0.7043820502361424,0.06353612632873391,0.004036839348860835,0.380090413850393,0.0807369786794002,0.006518459726277922,0.38885753595249667,0.07248273406782198,0.0052537467379466015,0.38688556870916063,0.07260878167294563,0.005272035176029486,0.2954487111731144,0.09200554184660341,0.00846501973048709,0.5351463008451025,0.12148809977052846,0.014759358385853877,0.5335613910929595,0.12180112407108518,0.014835513824979885,0.42083924620296165,0.15558093274335494,0.02420542663329233,0.3831329038668213,0.05397981696510394,0.0029138206395861233,0.5304823654938988,0.06784372353530455,0.004602770823134836,0.21081793461779755,0.06485708926785975,0.004206442028299128,14.975904273986817,17.012397798540857,289.42167885579784
0.3,1.0,0.5,0.5,0.10254274177338307,0.011267088534274232,0.00012694728403917386,0.09997262724215876,0.010147871697652366,0.0001029792999920139,0.5723043179607613,0.06897121154787218,0.004757028022381337,0.5682271167336402,0.06888179986937167,0.00474470235324417,0.37100734604656277,0.07570388475077645,0.005731078166358843,0.7081241673727289,0.08524597235322919,0.007266875802447514,0.7053386296551408,0.08536443652657043,0.0072870870234988715,0.41016374157725516,0.08845226231273112,0.007823802708240195,0.3945337004815238,0.12915668003894185,0.016681447998681598,0.39259781047847253,0.12932733140815475,0.01672555864915469,0.30475951845890126,0.12590231153257164,0.015851392049244725,0.5548847953364688,0.16674294783815227,0.02780321065375677,0.5534220425766855,0.16702205939113687,0.027896368323256458,0.4334986515740781,0.1871832709875619,0.03503757693760303,0.47073205893664305,0.09110319233545253,0.008299791653710456,0.5943680174289502,0.10847712048476335,0.011767285668665865,0.1633761135976171,0.07521030785258098,0.005656590407280004,24.04296088218689,20.79977430972787,432.6306113356154
0.3,1.0,0.5,0.75,0.09986417817146517,0.012944122209416237,0.0001675502997723027,0.09606701656154427,0.012487464574985075,0.00015593677151150718,0.5797923225025758,0.047223328687628754,0.002230042772339821,0.57528183732859,0.04775344355705748,0.0022803913715570747,0.38651094345587733,0.056847590680509895,0.003231648566178796,0.7351734223575611,0.05237675356837075,0.002743324314361838,0.7322368614309331,0.05276949636477288,0.0027846197465917783,0.43135702698962747,0.07012218683772066,0.004917121086904205,0.43736529630199267,0.09823933757191551,0.009650967446568771,0.4353626961362623,0.09865706943442618,0.009733217349389187,0.29973662178299026,0.09024161457797705,0.00814354900164016,0.5934309675687103,0.10579980499098038,0.011193598736129478,0.5918891279790526,0.10618520190135568,0.01127529710283167,0.4442532383709931,0.1480533275402952,0.021919787795753938,0.4414564863137114,0.06332647506558595,0.004010242444232278,0.5897611362226505,0.06889529709561676,0.004746561961893299,0.1486572293608287,0.03366427125582347,0.0011332831591856622,29.36192638874054,19.51591156702397,380.8708042919
0.3,1.0,0.5,1.0,0.10189930418076579,0.012282707571142682,0.00015086490527820576,0.09720794798674282,0.011687644593040206,0.00013660103613322196,0.5438146478565892,0.043247336452877205,0.0018703321102683617,0.5399048812855649,0.04320959282886195,0.001867068912436038,0.3627847992649843,0.04532737469684761,0.002054570896908421,0.6757906274136845,0.05758894854667085,0.0033164869947111025,0.6729632468821007,0.05773432680348656,0.003333252491451786,0.4010076311732143,0.07658468734405706,0.0058652143355869745,0.34457463876556066,0.09292235740722214,0.008634564506115532,0.3426772400401538,0.09309761830899911,0.008667166534808085,0.22234724959643434,0.0871706536913007,0.007598722864968676,0.4700523160890887,0.1450190568867337,0.021030526860317703,0.46845063112751717,0.14531250316770844,0.021115723576865277,0.35699054107649986,0.186838521756238,0.03490863321205622,0.5113883149499898,0.08055910219933818,0.006489768947163414,0.6404425513602623,0.07499022892013721,0.0056235344334945835,0.1087714341662744,0.05944128033518979,0.0035332658078866203,27.716458678245544,18.864094773554914,355.8540716256618
0.3,1.0,0.75,0.0,0.09758540420637754,0.01270435243414582,0.0001614005707709868,0.0936630600018693,0.012637772458857976,0.00015971329272186917,0.5845071030989459,0.03203099203539212,0.0010259844507713534,0.5800532138848815,0.0324189487176463,0.0010509882359573807,0.39335212349084264,0.03797342808614754,0.0014419812406138185,0.7255272391413989,0.07306886596291216,0.005339059173106024,0.7225457062833265,0.07356212235267592,0.005411385845030064,0.4433981663536022,0.08504434338542788,0.007232540341858571,0.3858030781061069,0.04747459031722733,0.002253836725788575,0.38364529014155824,0.04752281365618562,0.002258417817800542,0.2660749095283041,0.07522088213945967,0.005658181109838483,0.5464794557079738,0.13353726001329358,0.017832199811857977,0.5448248029950054,0.13385202512255387,0.01791636462940879,0.40063917978519337,0.1742813332866546,0.03037398313217398,0.4594562154263647,0.10521458380357779,0.011070108644960093,0.6112560084211764,0.09981993662524238,0.009964019747867404,0.1478564847779032,0.06098991514100747,0.003719769748907292,33.98876304626465,22.553237343946062,508.64851469236316
0.3,1.0,0.75,0.25,0.10399710018671467,0.014595625208092414,0.0002130322752151027,0.09952570226844817,0.014460774662056752,0.00020911400382678258,0.5896568006100401,0.030903564261022573,0.0009550302840351517,0.5853533727417464,0.03091644482613415,0.000955826560687397,0.39359916873708134,0.03990827485485898,0.00159267040189097,0.7352300407522291,0.033529208947296565,0.001124207852631472,0.7323514324510632,0.03349910127861886,0.0011221897864751636,0.42239733178005556,0.05241839118427432,0.0027476877343476074,0.39504420562836107,0.0984827826913329,0.0096988584866283,0.39296096853070284,0.09864933421705051,0.009731691141467333,0.2810099724757892,0.10327387428265167,0.010665493109348941,0.5729713352829693,0.13368806843576625,0.01787249964208612,0.5714119144094261,0.13401138997509482,0.017959052643056944,0.4460925756707791,0.1662246016115653,0.027630618180923598,0.4075454151188519,0.04376373654610009,0.0019152646364764571,0.5611483896212561,0.04497409548265741,0.002022669264483186,0.16999667007921374,0.03737056335912086,0.0013965590057780665,32.33331246376038,24.47081465862628,598.8207700568389
0.3,1.0,0.75,0.5,0.10476986061711102,0.010692975903996859,0.00011433973368345743,0.10107108630021389,0.010044863840100997,0.00010089928956616855,0.567826072857293,0.04993368849705263,0.0024933732469206863,0.5637346373688092,0.05009089110913734,0.002509097372107454,0.37338777793738126,0.06306570590251286,0.003977283260982244,0.6941326243834665,0.057937563301006315,0.003356761241258114,0.6911448484396063,0.05818455326024502,0.0033854422380942893,0.3948062397696389,0.07862451496804945,0.006181814353961033,0.3907824542420963,0.09726234140964504,0.009459963056486354,0.3888401710024554,0.09752472207016953,0.009511071414863813,0.27366543770874596,0.11295811022684751,0.012759534666020634,0.5429020675401268,0.12112792515125492,0.014671974251448014,0.5413466180719986,0.12149378502648193,0.014760739800061005,0.42551138806526534,0.17447015769093271,0.03043983592469893,0.4472476146454024,0.046070693536659095,0.002122508802948762,0.6059451812234429,0.05032112035742177,0.0025322151540261278,0.14618384427967088,0.03580146006748176,0.0012817445429634913,36.750726914405824,22.159703185775836,491.05244528168373
0.3,1.0,0.75,0.75,0.1132942495176901,0.006671634419207076,4.4510705823548546e-05,0.10845047477745476,0.005673828081120469,3.219232509411119e-05,0.564894867757566,0.0626228047343175,0.003921615672792459,0.561082269394704,0.06262427236371584,0.003921799489084865,0.38305640230374904,0.06126193904804417,0.003753025175926279,0.677070489217135,0.060812953225700704,0.0036982152800312616,0.6741886816819826,0.06066696078290364,0.003680480130634368,0.378094869980511,0.06082260833867473,0.0036993896851198246,0.3641326895492033,0.09777958172307692,0.00956084660193988,0.3622821435928357,0.09773039984133884,0.009551231053147962,0.24603601264817615,0.09073166908875611,0.008232235775631543,0.4855078047812425,0.17311120705924232,0.029967490009507873,0.4839598319644892,0.17336740418543276,0.03005625683399521,0.39592261511634474,0.2107457424065517,0.044413767942488636,0.5961082856571751,0.09571151724568196,0.009160694533470475,0.6948847602021251,0.09203210855780274,0.008469909005595189,0.0586498245927064,0.03138827292519482,0.000985223677226518,27.222204422950746,22.763386318924102,518.171756704581
0.3,1.0,0.75,1.0,0.10096710470769613,0.007229891458372744,5.227133049985116e-05,0.09515597802842624,0.0075637810480233035,5.7210783742436506e-05,0.5166879841703435,0.04631399390421558,0.0021449860313597184,0.5127732146137981,0.046001926566285205,0.0021161772478098966,0.34475904774832644,0.06202126553321862,0.003846637378342012,0.6560283662422111,0.04346867888861332,0.0018895260443213774,0.6531509672550959,0.04333982392566101,0.001878340337907299,0.38102762740991547,0.06287712411478709,0.00395353273694634,0.3253874482372348,0.06718047089978765,0.004513215670317215,0.32353034989873264,0.06711676485330513,0.004504660124373855,0.2061632200238801,0.04048555984063033,0.0016390805556092591,0.4603278555379899,0.1068052076391115,0.011407352378833722,0.45875217117839356,0.10697963383864686,0.011444642056250958,0.36974870074269817,0.15039339116859088,0.02261817210718879,0.6617791800403519,0.07518402664099169,0.0056526378619533475,0.772318549376603,0.042794601934950535,0.001831377954770872,0.04074107281124064,0.02044880231909411,0.0004181535162853887,32.590060997009275,23.87142385373116,569.8448768044849
0.3,1.0,1.0,0.0,0.10294919321567564,0.011922545175916198,0.0001421470834717626,0.09779326424687192,0.010673262387952085,0.00011391853000207264,0.5360964308643255,0.053831735377539054,0.00289785573375739,0.5321087653867619,0.053934865946361495,0.0029089697646519845,0.3596932324433156,0.062389424846354694,0.003892440332658941,0.6596380421227306,0.025416795977754165,0.0006460135177747804,0.6565839343077645,0.02535072660584817,0.0006426593394444584,0.37489092990139106,0.05659028131101002,0.0032024599388592503,0.40335117554920724,0.12302044535504122,0.015134029975352684,0.40160910271125666,0.12334271736266843,0.015213425926407108,0.2841499594533089,0.10013265037192187,0.010026547670505545,0.5335048298920432,0.12426894153850368,0.015442769831100045,0.5320472131544932,0.12463302027191006,0.015533389742098343,0.4409042186013813,0.1625880301116019,0.02643486753557116,0.42801201225462043,0.06677393579845536,0.004458758502016239,0.5539527062190399,0.07084720146518017,0.005019325955447827,0.16140567972219613,0.06044780162588105,0.0036539367214018675,33.2324627161026,24.158367760488588,583.6267328510144
0.3,1.0,1.0,0.25,0.10191002152339437,0.006972128454433384,4.861057518511965e-05,0.09605584887777872,0.0070865450452962,5.0219120679012114e-05,0.5663445587699104,0.0323795988692108,0.0010484384229309976,0.562265533413317,0.03245111930743181,0.0010530751443051736,0.3895403435387558,0.03880105364294727,0.0015055217638028713,0.6956098682621896,0.03743353267627216,0.0014012693686255356,0.6926697575368526,0.03743428391560947,0.0014013256122744578,0.42254242257723684,0.05785923072897125,0.0033476905805483307,0.3888395625650774,0.07789377298858692,0.006067439870397514,0.3869311683146433,0.07800057047402432,0.0060840889942732354,0.25282979108756676,0.06034919957671095,0.003642025889549689,0.5187898481231759,0.10810760253844821,0.011687253726611094,0.517207887190489,0.10827579757011103,0.011723648339443664,0.4016452549938097,0.14325188747781975,0.02052110326595793,0.45569094501554674,0.07291538787444518,0.005316653788880788,0.5740491298072985,0.07935355454115162,0.006296986618315525,0.16195930832690475,0.070791204164144,0.00501139458700952,21.54960904121399,15.090445734852606,227.72155247653123
0.3,1.0,1.0,0.5,0.10728159856006758,0.005919239116938485,3.503739172349469e-05,0.10163832899852801,0.0052389188354511505,2.7446270564444836e-05,0.5863653267542948,0.032402491214393654,0.0010499214368988581,0.582465578142239,0.03260425824851857,0.0010630376559360914,0.4112178878374692,0.033925255669459115,0.001150922972238168,0.6834045244352434,0.04528209797003365,0.002050468396567726,0.68033337106605,0.04554653920749009,0.0020744872337794323,0.4194171790963942,0.05192850929475249,0.002696570077575196,0.36836885640251504,0.06876600583461195,0.0047287635584458846,0.36639303620149577,0.06885497532506593,0.004741007627015439,0.21950959795768363,0.059076422009283085,0.0034900236374189072,0.4684320062792945,0.11507749320320351,0.01324282944193335,0.4666783379051588,0.11534217051201942,0.013303816298423761,0.35196516625705326,0.15357179331592424,0.023584295702268956,0.47221542322967575,0.03041031132209212,0.0009247870347065641,0.6009179286791021,0.009493746027453585,9.013121363379075e-05,0.1443868988341666,0.047838094750845585,0.0022884833093908797,29.907907843589783,18.278442098811755,334.10144555961386
0.3,1.0,1.0,0.75,0.10240810004383813,0.00989451959426721,9.790151800133773e-05,0.0953819924506032,0.009930300923373577,9.861087642875412e-05,0.5540834349161587,0.032713411075940585,0.0010701672642234722,0.5496567045559084,0.03266250814418292,0.0010668394382688155,0.3931056634240352,0.04065670715906812,0.0016529678370182212,0.7012314873994719,0.03660075305790371,0.0013396151244056478,0.6981655592886364,0.03656756333678091,0.0013371866883894836,0.43233578600225026,0.0720298150144904,0.005188294251021707,0.405440638502529,0.08796533292861085,0.007737899797241347,0.4034963912127685,0.08812359055002318,0.007765767211428135,0.2514046982425779,0.06884751606005024,0.004739980467638876,0.573857749059783,0.10007992897981252,0.010015992184604318,0.572375159933989,0.10028325902587022,0.01005673204084978,0.46571263923171696,0.12210544515498946,0.014909739736498138,0.6079928319710576,0.09238982879571475,0.008535880464901483,0.7402689537591541,0.06019611083537416,0.0036235717597046507,0.06511592468374515,0.02918312790356183,0.000851654954235649,49.90727677345276,15.973505156884503,255.1528669970158
0.3,1.0,1.0,1.0,0.10001684349516245,0.008132705303988446,6.614089556152179e-05,0.0946135789578157,0.00859055589286007,7.379765054835287e-05,0.539946568438988,0.05178027633659774,0.002681197017494424,0.5357329725965386,0.052055773184402944,0.002709803521826005,0.3763507640069789,0.049026900052526357,0.002403636928760409,0.6592928303060972,0.026321550891533804,0.0006928240413356041,0.6561503646427026,0.026346363027317507,0.0006941308447672029,0.4112173358158002,0.050327269587737755,0.002532834064156834,0.3436376964507219,0.06508581984394199,0.004236163944758073,0.34163460563393777,0.06516791036308742,0.004246856541091397,0.19228500099780096,0.057350972819537854,0.00328913408334737,0.4858154066806595,0.08177121515478357,0.006686531627889906,0.48418641894376596,0.08198927280421597,0.006722240854964149,0.3799907941595287,0.12559821597428317,0.015774911855922683,0.9631931225925923,0.011541303200386963,0.00013320167956326235,0.9811415864416497,0.0061038983453463235,3.725757501032158e-05,0.00016609929441657612,9.505952766952742e-05,9.036313800753649e-09,50.30996148586273,15.478988867809282,239.59909636976369
0.5,0.0,0.0,0.0,0.13404935216380648,0.011078172276340656,0.0001227259009842827,0.13297035851473757,0.011086980690582646,0.00012292114083335245,0.7099000533659455,0.04846156344501116,0.002348523131534842,0.7073106652723549,0.04840395504884222,0.002342942864370338,0.38304986761844595,0.06684768872512008,0.004468613487890546,0.7027398760267692,0.05542246639527686,0.003071649781335593,0.7000597479368527,0.05545668437399999,0.0030754438417574543,0.36799861060593136,0.07360878957499134,0.005418253902695355,0.623213859279186,0.13870065114178778,0.019237870627155915,0.6215786808400907,0.13913658316302036,0.01935898877428008,0.47695158963888484,0.18890412305081042,0.03568476770559572,0.6244503860571661,0.13380603634276025,0.017904055361760075,0.6227961863240437,0.13423011247534378,0.01801772309514344,0.4817978528564602,0.18770114778539118,0.03523172087995326,0.84045502876621,0.056228586227409366,0.00316165390913321,0.904893506544925,0.03974481405625225,0.0015796502443660664,0.008151794008827309,0.0032408472967153474,1.0503091200627175e-05,2.6363762617111206,1.3925404069628324,1.939168785024211
0.5,0.0,0.0,0.25,0.13481342297418275,0.009966350502651426,9.932814234170034e-05,0.1336566868091567,0.010058438097993921,0.00010117217697117556,0.7048714607869815,0.05049375746839322,0.0025496195432769164,0.7023852902433426,0.050453591696374075,0.0025455649150644267,0.3735218681871807,0.0596791351990913,0.003561599178111418,0.6979377460386875,0.05117750992232635,0.0026191375218498117,0.695360779616206,0.051158271322512876,0.0026171687247078432,0.3577083883057174,0.05904528951504237,0.0034863462139151724,0.6052478558049487,0.13979052762353228,0.01954139161326554,0.6036134934380021,0.14015057809113232,0.01964218453927858,0.445779852545774,0.17768164834601938,0.03157076815895849,0.6067888304656304,0.13902229930641702,0.019327199704442997,0.6051392716569314,0.1393876470596216,0.019428916152817634,0.44708458511488675,0.1774662684896953,0.031494276451656616,0.8602321089800828,0.014868611953563711,0.00022107562142565767,0.9184330772459516,0.008099478585970007,6.56015533645867e-05,0.006497235611716589,0.001730213163570092,2.9936375913912256e-06,1.9990322828292846,1.0314313078824608,1.0638505428801237
0.5,0.0,0.0,0.5,0.13581099040933983,0.010287747074357426,0.00010583773986594978,0.13456247104676847,0.010453325184790434,0.00010927200741897396,0.6742945215661313,0.05527254623173155,0.0030550543669389018,0.6716455295730469,0.05525944808226087,0.0030536066023560842,0.34273943688611774,0.0515760750154858,0.002660091514003019,0.6736359036095948,0.06002243187949134,0.003602692328728178,0.6709439575888767,0.06012075251312221,0.0036145048827440907,0.32856013883855456,0.06263104706662391,0.003922648056661659,0.5701224326052887,0.13021694112208135,0.016956451755191598,0.5683926928194031,0.13052201810917657,0.017035997211292217,0.4329132215427588,0.16735853376066015,0.028008878822518027,0.5862804802072906,0.13025070050245713,0.016965244981380787,0.5845864854583517,0.13058565907384065,0.017052614355749344,0.44409522255896083,0.17074085813810985,0.029152440637738156,0.7794093609305419,0.0768079107882023,0.005899455159648443,0.8668293037943124,0.05003357739017164,0.0025033588664582947,0.01243794342120438,0.006074307401350322,3.68972104060993e-05,4.630730390548706,6.818873418692863,46.497034700156085
0.5,0.0,0.0,0.75,0.1288753078153273,0.00868627342781463,7.545134606275853e-05,0.1268825376306603,0.008774652210128187,7.699452140870746e-05,0.6518589737357604,0.04971941153250751,0.002472019883138841,0.6488405755876848,0.0497903209106828,0.002479076056388777,0.3678617669122002,0.052539796532033556,0.0027604302196274854,0.6859688891025109,0.050373082075808845,0.0025374473978161745,0.6831804406487509,0.0505004425858141,0.0025502947013631063,0.3491600356007956,0.057521994342656195,0.0033087798331565715,0.5119506873556746,0.09592458737085048,0.009201526462267929,0.509850371866929,0.09621613271309457,0.009257544194263825,0.3314299669574243,0.13195970338351293,0.017413363317064716,0.5580740161061357,0.09931382835316664,0.009863236502162245,0.5561112593840795,0.09963112581342976,0.00992636123085147,0.3712116999284561,0.1401586698572029,0.019644452736140395,0.5708510588404627,0.07756044127529414,0.006015622050818352,0.7203326590227235,0.05385286714345117,0.0029001312995702026,0.06862257328429958,0.02292674123183882,0.0005256354635116982,7.875815892219544,7.483663338042683,56.00521695716415
0.5,0.0,0.0,1.0,0.1044308401412952,0.011022644426607062,0.00012149869015541172,0.10174013943758835,0.010885166331666394,0.00011848684606804362,0.5778638773379805,0.04261961475023662,0.0018164315614585874,0.5741338539774435,0.04291139673401507,0.001841387969664039,0.35474588824611597,0.048649883459979545,0.0023668111606695913,0.6981220406597813,0.04466012935039716,0.001994527153594206,0.6953933102070597,0.04480913120328772,0.002007858239193453,0.38623636924418325,0.06357844505143946,0.004042218675158907,0.4394553687712396,0.061404514260333415,0.00377051437154749,0.4370281720080803,0.06176148985353755,0.003814481628928621,0.3006934761023952,0.058456046229045044,0.0034171093407322516,0.592657384860144,0.05263542216381547,0.0027704876663630766,0.5908244278949148,0.05287040121651955,0.002795279324795752,0.3978460865609728,0.07925292273365764,0.006281025761827107,0.4118003032030432,0.04417268234712801,0.0019512258657402746,0.5603093360136786,0.04476843694302937,0.002004212946321997,0.21173990774830026,0.055218386300725106,0.003049070185656106,18.163480043411255,18.951607442367088,359.16342464958365
0.5,0.0,0.25,0.0,0.12989461215502385,0.011913043020607514,0.0001419205940108454,0.12917996633933218,0.01221391966065704,0.00014917983347698458,0.6864565325525082,0.027799918129743317,0.0007728354480204311,0.6838919153234317,0.02787372866846325,0.00077694474988311,0.37326427561923553,0.05324192639812457,0.002834702726583314,0.6875863520109842,0.02390774065141202,0.0005715800630551787,0.6850172532175036,0.02393444302181794,0.0005728575627646495,0.3685050003755227,0.0494173771494782,0.00244207716433377,0.5766364462347985,0.13152691587800688,0.0172993296003803,0.574930830966567,0.1319688644479935,0.017415781183692882,0.4437448502578151,0.19834274368737895,0.0393398439734373,0.5935355905185002,0.13224047452312157,0.017487543102100364,0.5918925428258921,0.132686686633448,0.017605756809762826,0.4702276952566244,0.20271120523098796,0.04109183272619972,0.8314803142939396,0.06029735448072505,0.0036357709573742133,0.8964782094045793,0.04907450494070076,0.002408307035174863,0.008166858472653419,0.004415411414141864,1.9495857956134253e-05,2.553537964820862,0.8481342512778833,0.7193317081906958
0.5,0.0,0.25,0.25,0.13460181462463455,0.014133503109210344,0.00019975591013805845,0.13390318786048905,0.013967856964430906,0.00019510102817880094,0.6630607348075104,0.07945292001961474,0.006312766499643297,0.6604610841748897,0.07916380979681384,0.0062669087815461185,0.3299226210341948,0.07545731865802559,0.005693806939058817,0.6614575066266533,0.0779775783523986,0.0060805027257044625,0.6588190939860156,0.07770603828946852,0.006038228386644349,0.32556383894851443,0.0762643305858354,0.005816248119705589,0.6288851145333128,0.24447014242592038,0.0597656505377498,0.6275708068622088,0.24500480592865262,0.06002735492813674,0.5252220360319031,0.3198245933502872,0.10228777051167655,0.637462649391033,0.23609722126169,0.0557418978874914,0.6361686609544968,0.23661492328310624,0.05598662192027025,0.5364320816002139,0.31149650628757375,0.09703007342936447,0.859131566600394,0.029122299080163914,0.000848108303714516,0.9155245893754775,0.015076946109436162,0.00022731430398684223,0.006235156421660381,0.0025953586807116675,6.7358866815454075e-06,2.7811969757080077,0.8611854000971657,0.7416402933405153
0.5,0.0,0.25,0.5,0.13788596555762453,0.011190736868435002,0.00012523259165855046,0.1365236273658222,0.012005565437214925,0.00014413360146724958,0.7088365725098269,0.04692379313123989,0.002201842361823396,0.706136120874032,0.04710647662507192,0.002219020140028447,0.37156666239252456,0.07478721736044384,0.005593127880518273,0.7042162273760018,0.04308273483756358,0.0018561220410838147,0.7014339256110196,0.04323662823287652,0.001869406020947975,0.355813150381746,0.0703383577202873,0.004947484566787101,0.6667251661537762,0.11651997126919499,0.013576903704574024,0.6652193388020807,0.1169354097640913,0.013673890056695939,0.5230687283536993,0.17187420985229784,0.02954074401235172,0.6743987445135822,0.11691374758476086,0.013668824374313175,0.6729062251737972,0.11733817547629918,0.01376824742410678,0.5345254741200121,0.17521350137523733,0.03069977106417029,0.8254554127254773,0.030245148961452428,0.0009147690357004469,0.8967788579966227,0.02168820880670918,0.00047037840124341754,0.00929386873679904,0.0025235618489613584,6.368364405533269e-06,3.2239598274230956,1.5631932130374266,2.443573021286274
0.5,0.0,0.25,0.75,0.12696040807067888,0.013438768248808998,0.00018060049204519685,0.12514842143831925,0.013371012780455159,0.0001787839827750952,0.6374678474518839,0.052390697808242084,0.0027447852168345417,0.6344912609817432,0.052433757941302686,0.0027492989718471226,0.3668916204839462,0.07317982605613782,0.005355286941606588,0.6650248419180709,0.05761071862527893,0.003318994900521061,0.6622334927109959,0.05769217058797194,0.0033283865471516547,0.35542479485428585,0.08769283067566076,0.00769003255191011,0.5261296378752363,0.10631145458722335,0.011302125376451254,0.5242014542292457,0.10664234803811,0.011372590395081383,0.38054895595718863,0.14106240209135806,0.019898601283783977,0.5827009439170691,0.11539444804697536,0.013315878640066097,0.5809715955043572,0.11576184849226709,0.0134008055663466,0.4334844536384589,0.16429801744999994,0.026993838538000484,0.605269645221619,0.093502371014746,0.008742693385379212,0.7397482721148406,0.06194645466389128,0.0038373632454255374,0.062248013481132944,0.03276520247176268,0.0010735584930156032,20.314814138412476,19.895275661899174,395.82199366295765
0.5,0.0,0.25,1.0,0.11127278776322132,0.012788145364104811,0.0001635366618534754,0.10899918078165718,0.012949842043104879,0.00016769840894136672,0.5671974980884282,0.04744878254557183,0.002251386965056962,0.5635088818995923,0.04746725403561075,0.002253140205681205,0.3454512417921721,0.07123868973010447,0.005074950914462092,0.6822155421358074,0.059324324983950676,0.003519375534801394,0.6794572497510271,0.05942007125469654,0.0035307448679132137,0.36302101311270324,0.08814430644889795,0.0077694187593572335,0.4874899728569314,0.06065260799148658,0.0036787388561689413,0.48533719881753185,0.06086189342754768,0.003704170071586171,0.36741891706686064,0.10128352529346567,0.010258352495872099,0.6202396837974857,0.08211843730469155,0.006743437745364556,0.618584233519865,0.08239161780263202,0.0067883786841349885,0.4849966492146419,0.13751063721673962,0.018909175347753777,0.42753545788140174,0.08608936383616676,0.007411378565715897,0.5764408223448038,0.09110601394068465,0.008300305776160227,0.18508316639360187,0.0806639841422925,0.006506678337708016,18.583159589767455,29.47071421648237,868.5229964295761
0.5,0.0,0.5,0.0,0.13279434880369534,0.009216139361733069,8.493722473488563e-05,0.1317405496782716,0.00920007448073966,8.464137045115713e-05,0.7277935296088645,0.062346669868587994,0.0038871072437026977,0.7251759105448989,0.062513362190888,0.003907920452409146,0.41158244662696825,0.07512932099421678,0.005644414873052062,0.7315859506366683,0.05197085736834939,0.002700970015601316,0.7289654623688195,0.05203983780386592,0.0027081447186526725,0.3996742937719667,0.06863351499725134,0.004710559380877926,0.6318124839277126,0.1116498433624069,0.012465687522849996,0.630053779240931,0.11214066163510374,0.012575527991958827,0.45917139189504513,0.17846854113336671,0.03185102017427221,0.645061569971088,0.11457113620654023,0.013126545251657594,0.6433429866897179,0.1151047057166439,0.013249093278115194,0.47342103458188695,0.18899206902538737,0.03571800215449679,0.8081617726818638,0.05358853467055617,0.0028717310481374014,0.8806039002884891,0.04105535760486977,0.0016855423880637382,0.010779965615363629,0.0035651103630195717,1.2710011900509541e-05,3.246108865737915,1.5239305808486463,2.322364415245693
0.5,0.0,0.5,0.25,0.13622918552980662,0.00865382802139986,7.488873942396542e-05,0.13527173122668493,0.008567872784471324,7.34084440508844e-05,0.6949417180689196,0.052974065447892175,0.0028062516100775636,0.6922530652625477,0.053144511361997625,0.0028243390879054944,0.3616532545671879,0.05884301539754272,0.0034625004610754494,0.6988564211501627,0.048426325012769014,0.002345108954242338,0.6961651024665484,0.04860986931508022,0.0023629193948291774,0.3566980980882646,0.06365445250213672,0.004051889323346779,0.6425682774797127,0.12147394082833426,0.014755918300365656,0.6409936324192771,0.12195120608797487,0.01487209666631172,0.5266933347963764,0.19912890848426437,0.03965232219413453,0.6615459961390509,0.11348206485222502,0.012878179043124605,0.6600329463372674,0.11395324865775106,0.012985342879655241,0.5513968707368655,0.18709019226945933,0.03500274004342326,0.8163444895473138,0.0376524349707049,0.0014177058592231612,0.8917892790379757,0.02240168752440314,0.0005018356039409992,0.00969559482466443,0.0021430339321377714,4.592594434293879e-06,4.276649641990661,1.7172751665120705,2.9490339975190594
0.5,0.0,0.5,0.5,0.13329172857836863,0.011702792277103531,0.00013695534708103404,0.13236601201412695,0.011676397496369268,0.0001363382584932185,0.6879362985397135,0.0667122784218696,0.0044505280922370475,0.6852613928657094,0.06672495179064113,0.004452219191463383,0.3647331516542288,0.07929389910839091,0.006287522435811676,0.6914715326195958,0.06148667933262585,0.0037806117353531596,0.6887962215643554,0.06142538943750039,0.0037730784675485845,0.35563676255677235,0.07688799586700405,0.005911763908444433,0.545026475935068,0.18005849532434656,0.03242106173846773,0.5431447516901778,0.18050747235044415,0.032582947574346356,0.3814446169348477,0.2198874189359213,0.04835047700630137,0.5661489285975221,0.17539424347003907,0.03076314064242734,0.5643325838823413,0.1758370824991071,0.0309186795817978,0.4058450129593026,0.216604727101843,0.04691760780286389,0.8305225627487547,0.04801844232270639,0.0023057708030990802,0.8930098621551379,0.043968427695639856,0.0019332226340267099,0.009307302900229039,0.005017675945852912,2.5177071897590915e-05,4.187800145149231,3.179134430487322,10.10689572710995
0.5,0.0,0.5,0.75,0.1342261968195954,0.008213701500572363,6.74648923405047e-05,0.13238187753623618,0.008187173411438224,6.702980846896102e-05,0.6390629830388419,0.06343100841158758,0.004023492828110894,0.6359459586475473,0.06359129905646432,0.00404385331568868,0.355087577751089,0.06851668239007852,0.004694535765742896,0.6806924795598153,0.060432183346805834,0.003652048784061956,0.6778613926769271,0.06062346716124713,0.0036752047706508084,0.33679456434615423,0.07283185115485213,0.005304478542642536,0.5826563236469999,0.1240200012366417,0.01538096070673661,0.5808659690737485,0.12449677114169852,0.015499446024708458,0.45710177411152736,0.1875553476189483,0.035177008420464534,0.6647899384434375,0.13763300416465155,0.01894284383538699,0.6633010083531092,0.13821286192223756,0.019102795200735503,0.5557611623521386,0.21247601671423133,0.04514605767874631,0.5640533695324377,0.08430680569388196,0.007107637486305968,0.7260355322141654,0.047868565165711356,0.0022913995310239544,0.06915950122780926,0.020141020637683138,0.000405660712327578,5.893574070930481,7.419806784333423,55.053532716840294
0.5,0.0,0.5,1.0,0.10441162324396529,0.01125632244837491,0.00012670479506178892,0.10146892812163895,0.010429107338458905,0.00010876627987709738,0.6095927661885417,0.03384088123660738,0.0011452052428701657,0.605843015838379,0.03410512936112238,0.0011631598487388916,0.39807727666821413,0.0448814050042611,0.0020143405151565132,0.7275261487603439,0.022824994221562315,0.000520980361214353,0.7248409547350143,0.022811336978159496,0.0005203570947311468,0.4300510406680379,0.049465468383494866,0.00244683256239853,0.5002910076449099,0.08172512002036045,0.006678995242342321,0.49799662589435434,0.08196774679539906,0.0067187115147146525,0.3576526350007178,0.11114160309256498,0.012352455937985249,0.6493339806192359,0.11348566717025996,0.012878996653079018,0.6476721341966769,0.11390317643113824,0.012973933601103008,0.4835980564265577,0.1808345786164464,0.032701144823387734,0.43484886123485705,0.040317421405292556,0.0016254944687719422,0.5716691824322855,0.057791265512433146,0.0033398303695285447,0.19125813876895453,0.06264256535053798,0.003924090993696423,24.71603093147278,24.779047197655277,614.0011800236279
0.5,0.0,0.75,0.0,0.12385603647709176,0.011207591120061812,0.0001256100987144884,0.12225360109740283,0.011306671698462362,0.00012784082489680976,0.6302745654276869,0.04834340748701541,0.0023370850474556176,0.6271868188753086,0.048161486341976464,0.002319528766668386,0.3585288829766162,0.06097164576512163,0.0037175415873074743,0.6752687317243992,0.06114927777017042,0.0037392341718134586,0.6725372319927709,0.061071069897361725,0.003729675578408442,0.3529223622608898,0.06581903488588077,0.00433214535330879,0.5663641486632266,0.15883841781295835,0.025229642973323925,0.5645899601771327,0.15932749209757804,0.025385249738103795,0.45316649203386195,0.2172500677305526,0.0471975919289297,0.6420578513220498,0.1804794657419276,0.03257283755449162,0.6405867992358317,0.18103787921123524,0.032774713709301795,0.5157941797665204,0.24328949725354,0.05918977947388024,0.6343962829915981,0.11169141097794083,0.01247497128624328,0.7779312895109858,0.07516449821905866,0.005649701792522872,0.05266509910096612,0.03067724183040511,0.000941093166321157,13.087410068511963,17.532268960342115,307.3804548977756
0.5,0.0,0.75,0.25,0.12585105118996087,0.007137993798275514,5.09509554642197e-05,0.12329471282008213,0.007416569987535165,5.500551038000736e-05,0.646483091520482,0.05153285607597795,0.0026556352553474575,0.6433528105520127,0.051666105411815766,0.002669386448424858,0.37497779122785013,0.0618127622422264,0.0038208175760140093,0.6936172366728389,0.044114170959362375,0.0019460600794318505,0.6908407896877466,0.04415455020064188,0.0019496243034210037,0.3631575180663721,0.05712789185415274,0.0032635960276997714,0.4890277230598391,0.0620006276524384,0.0038440778292963087,0.48679575479175935,0.062068869396677155,0.0038525445481817663,0.3042825489886447,0.06264359694369949,0.003924220238044676,0.565003947885826,0.09069445119300573,0.0082254834772005,0.5630425672923443,0.09097657543443657,0.008276737277777727,0.3657913197554119,0.09483531934037687,0.008993737794391258,0.5936150227203391,0.08121945031072997,0.006596599108777135,0.7517046199403101,0.05330329764420505,0.0028412415397467156,0.06460062280579523,0.02407700617921644,0.0005797022265540265,17.739507412910463,21.890258509312734,479.1834176045386
0.5,0.0,0.75,0.5,0.12711388248724673,0.010956617612427173,0.00012004746950494932,0.1252519311270048,0.010745537881061687,0.00011546658435333167,0.6546903863417024,0.04653905435263157,0.0021658835800371957,0.6515920347317057,0.046861610681226885,0.0021960105556388778,0.3768431279183302,0.05833099941279041,0.0034025054924949547,0.6974458546328051,0.04752173079376489,0.0022583148976350626,0.6946729284505639,0.04779216305260327,0.002284090849246617,0.3691275988270018,0.06536171568325348,0.004272153877058465,0.5434256992972637,0.14068169761546195,0.019791340043968274,0.5414447134967282,0.14117074679236075,0.019929179749912828,0.39367941708805165,0.20789152363623692,0.04321888559979606,0.6086818353611994,0.15758478664957198,0.024832964983391118,0.6069470668868636,0.1581743524336016,0.025019125767789203,0.4603654869359068,0.24223118634528293,0.05867594763824318,0.6181184896745247,0.09478027948688877,0.00898330137961275,0.7725904977133252,0.057159092284595175,0.0032671618307988674,0.053747871408459616,0.022078735082732562,0.0004874705428534856,13.191055583953858,18.434285474417152,339.8228809523072
0.5,0.0,0.75,0.75,0.13039882443838396,0.007570324361018815,5.730981093103493e-05,0.12683787676879718,0.008114578695878668,6.584638741160794e-05,0.6831910259985363,0.04054071398539805,0.0016435494904458489,0.6798859971804042,0.040616638289067336,0.0016497113059049308,0.4317861063251254,0.04318224041908789,0.0018647058876119084,0.739631807997186,0.03680876417697475,0.0013548851202361393,0.7368403683574434,0.03683772508077873,0.0013570179891270347,0.4092603148029282,0.04692151949531563,0.002201628991749285,0.6068136640286158,0.06074689426346918,0.0036901851626571047,0.6048356067275587,0.06098499320990082,0.0037191693968116495,0.4597255389422406,0.10628461493566407,0.011296419372022387,0.7099705138383647,0.07917041723326033,0.006267954964888526,0.7084545686944159,0.07955948093671307,0.00632971100691921,0.5752109705222236,0.14931481559920387,0.022294914157424253,0.6662740389892187,0.07817899791587316,0.0061119557151301,0.7605134737199304,0.07351494851534304,0.005404447655213538,0.05545244655812159,0.01671478923683172,0.0002793841792317055,24.594704222679137,32.360671608941324,1047.2130669817411
0.5,0.0,0.75,1.0,0.1099532877529796,0.01256004692400096,0.00015775477873310596,0.10767636540933187,0.010330621213081337,0.00010672173464816611,0.5719376191472111,0.07013277021944785,0.0049186054586538705,0.5684415226516608,0.07011085769705902,0.00491553236701726,0.36529136806111845,0.07276552783671848,0.005294822041356253,0.6709909753320666,0.05991530836094564,0.0035898441759872027,0.6682331783706191,0.05992860770490549,0.0035914380214484573,0.3747643246855746,0.07598665845848196,0.005773972263685988,0.4995787904466408,0.09684146403832779,0.009378269157086734,0.49754571740347997,0.09724526154379132,0.009456640892720379,0.369205542253224,0.14221719316993062,0.020225730033133358,0.6339972528894727,0.142663365957524,0.020352835986330413,0.6324396464410376,0.1432657530233361,0.02052507598934354,0.5309990760055644,0.2404221850938565,0.057802827085304584,0.44752085933790003,0.08806944268539914,0.007756226734916803,0.599377418099772,0.08137941870675859,0.006622609789049931,0.13710544387732987,0.06200297326280004,0.0038443686934274968,13.412609529495239,15.410445323786117,237.48182507740142
0.5,0.0,1.0,0.0,0.11047583749340346,0.007081407139211705,5.0146327071278505e-05,0.10764403249380945,0.005561917270621338,3.0934923725235915e-05,0.5867569194835354,0.04589270375487825,0.0021061402579330164,0.5834290581917613,0.04584202926975754,0.0021014916475693072,0.36436460851036523,0.05173155983710048,0.0026761542831795077,0.6792813972698531,0.05325379408408267,0.002835966584349879,0.6766968023164337,0.053076076026663636,0.002817069846388178,0.3811345965098235,0.049336575765318726,0.0024340977082470353,0.448303237090612,0.1355084625546883,0.01836254342393536,0.4461784562779799,0.13573404278311557,0.01842373037024865,0.30130039124394925,0.1565721647982036,0.024514842789595828,0.567026141826801,0.1961745572512344,0.038484456912717846,0.5653794972278696,0.1966842630185285,0.0386846993191417,0.4188393495476407,0.23845404755304514,0.05686033279442991,0.5136248259336788,0.1634946947199627,0.0267305152015738,0.6610284298818646,0.14144085441588267,0.02000551529789492,0.12563374487594922,0.09302172239522659,0.008653040837374601,19.64298048019409,22.246540940551288,494.90858381962454
0.5,0.0,1.0,0.25,0.10855222837136243,0.012417449281293446,0.00015419304665349512,0.10497056647275618,0.012331343568276195,0.0001520620341988667,0.5945219481663038,0.033955716102867135,0.0011529906560585103,0.5905659288350794,0.03387838982193776,0.0011477452969271764,0.3790392682904846,0.0410712905923208,0.0016868509109188592,0.7285091571511788,0.03935621302193705,0.0015489115034280874,0.7257848975603496,0.03939575906387938,0.0015520258322192348,0.4061966517919237,0.057354277501531,0.003289513147722625,0.49850642528358646,0.06492333033687338,0.004215038822030784,0.4961422943687309,0.06517191280952313,0.004247378219252085,0.3582338176426894,0.09130387909018653,0.008336398336915402,0.6743438493326057,0.09785068118199249,0.00957475580777994,0.6727459903136388,0.09823527972164861,0.009650170181990545,0.5203613264398959,0.14265346062027595,0.02035000982694062,0.40347120771007033,0.03320812931612385,0.0011027798526764044,0.5541279960548627,0.050247129441023615,0.002524774017062982,0.2014403896642249,0.03604467971200681,0.0012992189355411556,25.610489320755004,23.24620566372062,540.3860777599966
0.5,0.0,1.0,0.5,0.1004684993526638,0.014777304324975881,0.00021836872311295087,0.0980004733934354,0.014219674355032644,0.000202199138763173,0.5723021971100039,0.05219866205987087,0.002724700320840603,0.5680047863740586,0.052642226777919084,0.0027712040401378607,0.3529237539251838,0.06115493143443204,0.003739925638750084,0.7256119556401719,0.04313709789815485,0.0018608092150749955,0.7227404915273026,0.043536657641185306,0.001895440558565779,0.39779996178169463,0.08000039244818113,0.006400062791862997,0.48295635892118904,0.08384467906609738,0.0070299302076968695,0.48046319146332106,0.08421684763927156,0.00709247742629628,0.33912294551541117,0.11483910432816324,0.013188019882894761,0.6642228269505024,0.11872873593946494,0.014096512737783194,0.6625187742894367,0.11930479235938035,0.01423363347991486,0.5047407705306661,0.19042204466043847,0.03626055509266202,0.4019973407524466,0.055589460043726724,0.0030901880679530896,0.5433620109478576,0.07877761660750791,0.006205912878359508,0.21591183425815913,0.059439837079617495,0.003533094232051471,18.142993235588072,18.883183582509393,356.57462221075224
0.5,0.0,1.0,0.75,0.10695722743261989,0.011617316607694187,0.00013496204516340717,0.10296364209057096,0.011005251698117743,0.00012111556493892348,0.5882479019718228,0.03809585815564996,0.0014512944086154016,0.5840872544464066,0.0381782289888376,0.0014575771687241194,0.39195547676107195,0.03956566600321837,0.00156544192627823,0.7254826598096735,0.04051633892437252,0.0016415737198346237,0.7226235038092816,0.04053441419913842,0.001643038734467314,0.4153559270036108,0.04422619950122041,0.0019559567223217484,0.4774031236660864,0.10277560128790372,0.010562824220090158,0.4748985997706467,0.10309660415804019,0.01062890978891963,0.31561872686558445,0.11678777808211147,0.013639385109356516,0.6535502698982247,0.13039265259337104,0.017002243850335556,0.6518341156256933,0.13085650195601226,0.01712342410416384,0.4969704329705033,0.1979838034801738,0.039197586440476086,0.3949878357921964,0.049769872242402625,0.0024770401830250793,0.561689119238209,0.05651812511352803,0.0031942984663484077,0.17491292953005594,0.04505098293458311,0.0020295910633720987,37.61863951683044,25.120220526324797,631.0254792911896
0.5,0.0,1.0,1.0,0.09828639849763164,0.011383768967545806,0.0001295901959064589,0.09404504872184885,0.010457997479063404,0.00010936971127209651,0.5692384968824703,0.0394364647820199,0.0015552347545034959,0.5653386992084538,0.039831330616896365,0.0015865348987125056,0.384115378809884,0.0462767884760587,0.0021415411516578792,0.6952171463885242,0.05021379742636962,0.002521425451976484,0.6924429678580607,0.05022425284494662,0.0025224755738331283,0.4275209388834947,0.05924348435747451,0.003509790438814327,0.43908955669392463,0.05463716071038791,0.0029852193304927563,0.43665402531600117,0.054886189919369575,0.003012493843865106,0.25709984831904414,0.05750946052703755,0.00330733805011089,0.6115197142101315,0.11622946474464142,0.013509288474825845,0.6098107721595968,0.1165688615854143,0.013588299491319476,0.423539328488966,0.1724749042347855,0.02974759259079843,0.5009224320826966,0.11585072682640056,0.013421390906205286,0.6401090271487699,0.09739002954213322,0.00948481785421758,0.13716806445437466,0.08584095904642887,0.007368670250010679,23.325623154640198,21.377841967876975,457.01212720352214
0.5,0.25,0.0,0.0,0.13608892910279302,0.01120126828767691,0.00012546841125251642,0.13589650759053012,0.010960192856788021,0.00012012582745798719,0.6701301291832238,0.06319325823285031,0.003993387886083704,0.6675336769083693,0.06321511150789243,0.003996150322955273,0.3360578357509982,0.07403986707018494,0.005481901915770656,0.670558720565782,0.06004746668917768,0.003605698255787903,0.667944377388834,0.06007515319226704,0.003609024031074353,0.3340232462218591,0.07646309909965623,0.005846605523923851,0.6288837160820842,0.1759253720479606,0.030949736530213354,0.6274461390770582,0.17642838796565297,0.031126976080158963,0.49072004343383285,0.22916225003317392,0.05251533684026692,0.6407968408447061,0.17101457923356064,0.029245986310431793,0.6393969743387276,0.1715081555718632,0.029415047427662426,0.5115636093164684,0.22350653405135074,0.04995517076364761,0.8463100228347621,0.023858489160948092,0.0005692275050430776,0.9106816931022959,0.012681232452870329,0.0001608136565237316,0.006974140421875311,0.0022794635782066907,5.195954204370849e-06,2.0111798286437987,0.9062967939175838,0.8213738786652913
0.5,0.25,0.0,0.25,0.1339782926829943,0.012867755348923716,0.00016557912771975492,0.13372201363108824,0.012743567495638573,0.00016239851251589595,0.7033516211456077,0.034995336887427876,0.0012246736038645702,0.7007135303263606,0.035070827471228874,0.001229962939516702,0.3685785306785187,0.05677752332019222,0.003223687154374972,0.7023866259833824,0.042248999839256875,0.0017849779874175272,0.6997322512377777,0.04239653544198964,0.0017974662174838837,0.36472212912745255,0.06517526831497164,0.004247815599928546,0.595706184360439,0.18238595408016003,0.03326463624573024,0.5939858935156719,0.18303691266770156,0.0335025113989238,0.4477671187513671,0.261290978172052,0.06827297527410776,0.6061451835447288,0.17975220375935894,0.0323108547563461,0.6044627088655885,0.18039349301913346,0.032541812323644156,0.4622819353760169,0.25658130116019806,0.06583396410506025,0.8541075916460248,0.020524263241797836,0.0004212453816186138,0.9110175912913224,0.01680221802823674,0.0002823145306684037,0.006933819951202321,0.0020821721120348486,4.335440704135662e-06,1.1550487279891968,0.40121211760878767,0.16097116331612765
0.5,0.25,0.0,0.5,0.13766437500150938,0.010571886405599555,0.00011176478217290066,0.136869982859269,0.010409101475204853,0.00010834939352111184,0.7169375431251179,0.06827591823835992,0.004661601011291209,0.714373946464782,0.06814304318457841,0.0046434743344553175,0.3758794029200037,0.06272978586750065,0.003935026034982484,0.709030222919087,0.0677868814865922,0.004595061301677298,0.7063560359549073,0.06767711028628733,0.004580191256702298,0.35859144397328124,0.06273127630452836,0.003935213026795082,0.6894731986831261,0.13635710525752195,0.01859326015421092,0.6880319135168442,0.13688066502892782,0.018736316458761546,0.5546194222237218,0.19763747617153607,0.03906057198745449,0.6948235277406258,0.13235344075260289,0.01751743327905276,0.6933864172263828,0.13288892426043467,0.017659466191095537,0.5630237415341512,0.19971784906164314,0.03988721923380927,0.842163878770205,0.03270832758081697,0.0010698346931340324,0.9056140657764009,0.02843644946783384,0.0008086316583366675,0.00822486283317087,0.0030861296219250635,9.524196043323335e-06,2.652324604988098,1.0011770271286997,1.0023554396502612
0.5,0.25,0.0,0.75,0.13214847749015862,0.009620943344136518,9.256255083108475e-05,0.1304057699659791,0.009687839633654284,9.385423676740278e-05,0.6690747391972548,0.05541717717555393,0.0030710635261067356,0.6659834941086619,0.05571975291806167,0.003104690865249842,0.38666904752758186,0.07902266204995324,0.00624458111746112,0.7054049301876684,0.0495600875487586,0.0024562022778406166,0.7025882404563333,0.04982618642710083,0.0024826488538682067,0.3698925650827973,0.08508498679213673,0.007239454977418082,0.6084273111802394,0.10949034167228479,0.011988134919513664,0.6066221856204508,0.10998918539808876,0.012097620904535143,0.4685698274814172,0.18517529483402764,0.03428988981686906,0.6790349719340231,0.12899925006509513,0.01664080651735695,0.6775127516886037,0.12961007025437354,0.016798770311343646,0.5340943820789709,0.2140268314516524,0.04580748458123403,0.6029620149435818,0.06561761721065992,0.004305671688404694,0.7411842457667458,0.041435556068078805,0.0017169053066709021,0.06965670068853798,0.018762905596850097,0.00035204662643630865,8.420126390457153,9.455866569255756,89.41341257556863
0.5,0.25,0.0,1.0,0.1089366880157699,0.011624885646670474,0.0001351379662981652,0.10588145606293724,0.010806010158848585,0.00011676985555313883,0.5995443955290932,0.056394171894063774,0.003180302623617213,0.595777170991582,0.056721137684173764,0.003217287460186997,0.38096603259658723,0.06452718956630979,0.004163758193326478,0.709075708569693,0.049633979350734256,0.0024635319061891143,0.7062526001197165,0.049932393066520205,0.002493243877349475,0.39468435032132365,0.08937187454386199,0.007987331959483807,0.4880657108829004,0.07532240631001569,0.0056734648923310906,0.48572449517016214,0.07564882225975753,0.005722744309288386,0.33414938264750604,0.08144730710481778,0.006633663834626501,0.6309902837996029,0.08745465514130049,0.007648316705883796,0.6292211777531196,0.08786802801626685,0.007720790347467455,0.44680324071370786,0.1021881219569131,0.010442412269080945,0.41018149245977487,0.04772360916937647,0.002277542872151394,0.5428731719315338,0.0668338583689141,0.00446676462447607,0.21954922337800037,0.06668651118756098,0.004447090774368697,19.763316822052,22.015053418299836,484.66257701059527
0.5,0.25,0.25,0.0,0.13234258879530303,0.012463286701370797,0.00015533351540056615,0.1318748319827398,0.01193968489694337,0.0001425560754382976,0.6886775973513756,0.03145050941453884,0.0009891345424339962,0.6861150214859656,0.03155542890047833,0.0009957450930931427,0.36258183950617173,0.05368942004092689,0.002882553824331082,0.6829024407925398,0.03755610626751163,0.0014104611179766263,0.6802660133163698,0.037753541181486244,0.0014253298717421777,0.3524573817716605,0.065786255514619,0.00432783141463474,0.5459994955341392,0.1069901295013365,0.011446887810712755,0.544140606744592,0.10734702075155875,0.011523382864235583,0.3831428167702283,0.13742266213492854,0.018884988068250723,0.5541522574039857,0.1011792366394811,0.010237237926948115,0.5523105108277309,0.10149177261928938,0.010300579909405538,0.3985543967230482,0.13225697708249903,0.017491907987000677,0.8522865101245529,0.02014543840344613,0.0004058386884670421,0.9116861530594557,0.017806651742887737,0.00031707684629248684,0.0067205489777250795,0.0017569712140325126,3.0869478469388816e-06,2.3420752763748167,1.6233359704906372,2.6352196730887787
0.5,0.25,0.25,0.25,0.13455469703507877,0.010756818741447237,0.0001157091494363505,0.13376291898825093,0.010728776352362648,0.00011510664201901597,0.6872291595598454,0.0650749981544823,0.0042347553848058744,0.6846782942392589,0.06517784203258177,0.004248151092024183,0.3645135637570386,0.08576704687978566,0.0073559863304793515,0.6767548252108762,0.06813798615210416,0.0046427851568643375,0.6740869171920979,0.06826144047586359,0.004659624255839868,0.34536268027347344,0.08684350619860493,0.007541794568867132,0.5793278350608626,0.09779919262747448,0.009564682078585858,0.5775787327751819,0.09812668166261722,0.009628845654116617,0.4380421044364812,0.14482518451139564,0.020974334068759794,0.5895872841355652,0.09692193796587559,0.009393862059061035,0.5878557558418522,0.09726192141360747,0.009459881357066756,0.4545510377586305,0.14575035784810295,0.021243166812850062,0.8217768185176484,0.06784162582024944,0.004602486193934736,0.8849036226980942,0.05127662753173242,0.0026292925310280194,0.00851746451713881,0.004095077147287971,1.6769656842240187e-05,3.0268032550811768,1.5363993499771265,2.3605229626101365
0.5,0.25,0.25,0.5,0.12951350169008966,0.014129531357677963,0.00019964365638760483,0.12899084953746717,0.01388600892113311,0.00019282124375778834,0.6809056987037791,0.05884888809973984,0.003463191630575702,0.6783839094520319,0.05882445392613979,0.0034603163797085426,0.3705836650799681,0.07415510042970495,0.005498978919739627,0.6823786353671889,0.05805197784368581,0.0033700321315637887,0.6798400822624805,0.05808192938115971,0.0033735105206380237,0.3645046291934829,0.08392238824625578,0.00704296724895529,0.5611920448348701,0.11953646463947765,0.01428896637850509,0.5594332530455199,0.11983548015562724,0.014360542304129729,0.4045367796231762,0.15353628551588897,0.023573390970016577,0.5774812564917742,0.11196032904871873,0.012535115280697373,0.575779973790587,0.11220066234584179,0.0125889886308456,0.42204230103901175,0.13965439153325657,0.019503349074524126,0.8051928869905709,0.05036054747782016,0.0025361847422657783,0.8783241787428231,0.037295397751834984,0.0013909466934675782,0.01054667900008522,0.004812821934783478,2.316325497593298e-05,3.2541868448257447,1.6188133084659737,2.6205565276665514
0.5,0.25,0.25,0.75,0.13391945850657788,0.010168822417402695,0.0001034049493566716,0.13164387687278647,0.010398478521304927,0.00010812835555803991,0.6738310623675728,0.05301873039224629,0.0028109857724057004,0.6706417227833364,0.053223369835224195,0.002832727096617053,0.3824063879788323,0.0664342826432775,0.0044135139103268824,0.7145858345196137,0.049464504925999214,0.0024467372475742008,0.7117212028960829,0.04967929397259484,0.0024680322496154978,0.3639827231459365,0.07329855624176781,0.005372678347127599,0.5922380543212855,0.10821127490641569,0.01170968001687187,0.5902676647077729,0.1087043803682132,0.011816642311237175,0.45144469420498423,0.20808424673045373,0.04329905373738034,0.6712605144837921,0.1364212453847128,0.01861075619231603,0.6696165505756875,0.13707983852163083,0.018790882129116383,0.5194326676696734,0.25069090245399367,0.06284592857319778,0.6230960676953708,0.07137244296955449,0.005094025615442307,0.7570817094604363,0.051934878556609304,0.0026972316106897566,0.06631875128069385,0.02329071411168478,0.0005424573638322326,15.493131089210511,24.249735552517553,588.0496743670337
0.5,0.25,0.25,1.0,0.10871882444608265,0.012501362962258976,0.0001562840759141405,0.10635852774676395,0.010782044653554843,0.00011625248691125059,0.6050637367946928,0.05709381960079414,0.0032597042366080253,0.6010042446613756,0.05767577677698871,0.00332649522682903,0.3850033440872539,0.06163233561426926,0.003798544793269923,0.7410111359172259,0.04148096977582634,0.001720670853543018,0.7383018859041927,0.04155118463482157,0.001726500944557032,0.41380065456154425,0.07181449217880449,0.005157321286899572,0.5023096585085992,0.07868795983506126,0.006191795023004213,0.499886383831092,0.07891805228397629,0.006228058976296416,0.3586480161778004,0.1122016966528994,0.012589220731789258,0.6585834314141923,0.12883309227788345,0.01659796566588163,0.6568916332952046,0.12929321799500387,0.016716736219503595,0.5006333985738467,0.1831094241960073,0.03352906122939334,0.39865216614457133,0.08754779698419872,0.0076646167567864755,0.5178506908304923,0.09483262981149888,0.008993227676964786,0.2130586942749592,0.08182745274623623,0.006695732022937523,31.444205713272094,24.365959391732556,593.69997707956
0.5,0.25,0.5,0.0,0.13679773108129584,0.012698268913537862,0.00016124603340052205,0.1357176374253185,0.012980832493481928,0.00016850201222383626,0.6937428068501019,0.05091576009007807,0.0025924146255503866,0.6911373318572738,0.050884013960394686,0.0025891828767216412,0.3639854754877367,0.06505367033869416,0.0042319800245354975,0.6823514668160822,0.05561564118167395,0.0030930995440487073,0.6796099253679015,0.05562496533265606,0.003094136768259189,0.3418176195034424,0.06945526886031836,0.004824034372459109,0.6293593983182751,0.14785721473688823,0.021861755949750282,0.6278318560377644,0.14829700205207327,0.021992000817632626,0.4914159328114123,0.17967241305328602,0.032282176012390626,0.6356552403381027,0.15293279618658542,0.023388440149447676,0.6341262769464792,0.1534152317892306,0.023536233344943355,0.507603374724535,0.1927202911640341,0.03714111062635008,0.8083419071869574,0.07583975894904925,0.005751669037449895,0.8801199977574947,0.05687685463751052,0.003234976593456502,0.0099547463693954,0.005779484798180446,3.340244453239887e-05,2.4653932094573974,1.2866501168183082,1.6554685231085664
0.5,0.25,0.5,0.25,0.13840398665515374,0.012767343997680364,0.0001630050727551048,0.13766426162909953,0.012417111003429042,0.00015418464567147858,0.7051877311098925,0.06425389232716285,0.004128562679190637,0.7025451066823096,0.06410353933764054,0.004109263755612429,0.3600051060447592,0.05134066915134534,0.002635864308907903,0.7050609533410086,0.059435085248452736,0.0035325293584908437,0.7023734502504462,0.05929149144491726,0.003515480957762696,0.347279306397783,0.04723251650823189,0.002230910615700398,0.6444212965257834,0.19418407391090212,0.0377074545606347,0.6429362144290126,0.1946635002622269,0.03789387833434201,0.49442376273568744,0.24833069201594196,0.06166813259711663,0.6581274711987326,0.18932505272098907,0.03584397558780529,0.6566807066682474,0.18980171390005662,0.036024690599398945,0.5104412113285199,0.24539366541225824,0.06021805102446334,0.8478103007042606,0.03645952689381184,0.001329297101320589,0.9099759740955895,0.022654375547492327,0.0005132207314468183,0.00768704581694509,0.0021227011783669448,4.505860292640415e-06,3.204320216178894,1.0942901486296432,1.197470929387887
0.5,0.25,0.5,0.5,0.13573874482205225,0.009934445292738153,9.869320327440726e-05,0.1348763896019381,0.010176029584812387,0.00010355157811097696,0.7060877546920068,0.07313096240921853,0.005348137662898534,0.7033369801736462,0.07320756747727508,0.005359347935939784,0.37690242312221106,0.08944105382294197,0.007999702108958402,0.712911767053007,0.06491234221262039,0.0042136121715283395,0.7101937690634357,0.06490847984403654,0.004213110755663697,0.37158435996298345,0.08303240898644368,0.006894380942092052,0.6274668668311774,0.1575246237325749,0.024814007082089293,0.6256991533909091,0.15814476522753682,0.02500976676887274,0.45816864993766176,0.2223919300899684,0.049458170569141396,0.6468794406526751,0.1417547776991859,0.020094417000545612,0.6451801001265106,0.14235045772428315,0.020263652814312923,0.48716020677189675,0.21460933434575544,0.04605716638832824,0.822908381267548,0.052055582217203446,0.002709783639972028,0.8874762273802951,0.04411717905086347,0.0019463254874059466,0.00993819375850978,0.004632648847383268,2.1461435343161528e-05,3.965293836593628,1.5363641543142588,2.3604148146617674
0.5,0.25,0.5,0.75,0.13045362012494482,0.009162293746326081,8.394762669396601e-05,0.1291104173678302,0.00889984710415061,7.9207278477258e-05,0.6588452236488784,0.06666250536366018,0.004443889621360022,0.655887650512387,0.06660961838165656,0.00443684126094992,0.37167522106179274,0.06430928420284794,0.004135684034682667,0.6939003736155781,0.06741912885387431,0.004545338935415308,0.6911987433240734,0.06741143053302859,0.00454430096650934,0.3569645654647972,0.06881686826321094,0.004735761357556129,0.575152767986407,0.11455594186843042,0.013123063817363211,0.5733066388520441,0.11496634946735383,0.01321726150984973,0.4390173519921853,0.18265834294960542,0.03336407024909567,0.6297323733409169,0.13164458811035853,0.01733029757874595,0.628080939981037,0.13216112345016093,0.01746656255160868,0.5074151156569514,0.2120229008938519,0.04495371050344414,0.6219347168991576,0.09903619154256516,0.009808167235255653,0.7679498447660607,0.057958103725603456,0.0033591417874678092,0.0509639480710654,0.020021376322391603,0.0004008555098428231,7.080975365638733,6.561123140680804,43.04833686717714
0.5,0.25,0.5,1.0,0.10233059603871353,0.010062813375235981,0.00010126021302482817,0.0993386885246825,0.011027951328701694,0.00012161571050821346,0.6018268242761275,0.058474303990015616,0.003419244227116756,0.5978675430171575,0.05880119205164759,0.003457580186694744,0.3869204142601541,0.06553242387255706,0.004294498578612486,0.7245968786850381,0.05799891482880304,0.0033638741213187487,0.7218056429834663,0.058173730938452656,0.0033841829712994835,0.41570884553452786,0.07641314978364963,0.0058389694598584745,0.4391290717229043,0.06395193522290575,0.004089850018754733,0.4364516649083715,0.06409415854996826,0.004108061160228469,0.29026242626395693,0.09267445925424782,0.00858855539806724,0.5956861161856415,0.13039426359632425,0.01700266397882769,0.5936981963936507,0.13088622161815006,0.017131203009475487,0.3966394403843441,0.18163812893118772,0.032992409881622775,0.41088901021414,0.043802475996089246,0.0019186569033879744,0.5413268221621882,0.054926392567866356,0.0030169086005193643,0.19512720178313867,0.0487538886962261,0.0023769416630040033,22.41397433280945,19.951038289299248,398.0439288210847
0.5,0.25,0.75,0.0,0.13039584047465927,0.009760467011319272,9.526671627905177e-05,0.12829486623003827,0.00953464141432698,9.090938689979919e-05,0.6702369503720774,0.0437084227885629,0.0019104262226637646,0.6671110231565305,0.043713018101947075,0.0019108279515811526,0.39245351889136637,0.05027461289437884,0.002527536701679643,0.7134908923541707,0.04922696397060879,0.0024232939817636166,0.710729948456622,0.049273655018510616,0.0024278930788831964,0.37863144234930085,0.04984293858175017,0.00248431852646412,0.5701367782892273,0.11474032561738434,0.013165342322783387,0.5681560743724419,0.11513512043057059,0.013256095956561992,0.4176613642385905,0.17535191089590335,0.03074829265484483,0.6511682471769483,0.13987481352094192,0.019564963457518278,0.6495271269505881,0.14041952248134634,0.019717642293889334,0.502498292519377,0.2052170188848988,0.042114024840004906,0.634944679421982,0.07718526302071539,0.005957564827577016,0.7799047559040594,0.051547553470514575,0.002657150268795559,0.05533513106559228,0.019066909808753342,0.00036354704965513437,15.083691048622132,25.32133256530649,641.1698828828511
0.5,0.25,0.75,0.25,0.13041387663671278,0.011174257996093465,0.00012486404176325873,0.12870098424894044,0.011138405513952006,0.00012406407739323647,0.6403761418296106,0.06374279220056552,0.004063143557524476,0.6372133728563878,0.06373304917476871,0.004061901557113486,0.3571837006711732,0.0700280096860994,0.004903922140596432,0.677405053249636,0.06532062590820491,0.00426678416903965,0.6745275940444988,0.06530690191169883,0.004264991437304252,0.3428734320012329,0.0678158977472973,0.004598995987271881,0.5888507651924106,0.14118191588086346,0.019932333371791205,0.58705942399744,0.14164429760466846,0.02006310704391989,0.4543599913650419,0.2237280160347259,0.050054225158834564,0.6630622246275071,0.17683468742824798,0.031270506677846165,0.6615698963477409,0.1774641351306377,0.031493519257665234,0.5296092514704153,0.2643382748184288,0.06987472353398319,0.6147193483727738,0.12354971475042818,0.015264532014912171,0.7618575316787151,0.07830580392689078,0.006131798928636663,0.05875987341547149,0.031941184068524725,0.0010202392396993778,5.841278553009033,2.537143994614329,6.437099649407555
0.5,0.25,0.75,0.5,0.13331623325313607,0.008983891899111774,8.071031365492615e-05,0.13163074145965947,0.00889244845991453,7.90756396122363e-05,0.6632892411597994,0.05726085954404572,0.0032788060357229324,0.6599340533059761,0.05745775982049555,0.003301394163589753,0.3733690854942348,0.06528709990448225,0.004262405413937846,0.7150377451091621,0.05547015769308461,0.003076938394495674,0.7121462944786433,0.055657550004566805,0.0030977628725108544,0.3676797724275109,0.06664601196331392,0.004441690910614183,0.6023374431102619,0.1306441069989227,0.017067882693545967,0.6003966030436831,0.1312026256934451,0.01721412898885426,0.47235123227019155,0.2416012280329527,0.058371153387030805,0.6923421867739596,0.1685596254775172,0.028412347341120872,0.6908126995461922,0.16931908131965775,0.028668951298932877,0.5720158058391236,0.27963070818315944,0.07819333295901527,0.646361749030693,0.07971632807794611,0.006354692962230739,0.7878483619302179,0.05060126829195434,0.0025604883527543436,0.055328816977717965,0.022409826461374606,0.0005022003220289255,15.952873468399048,25.499001631306207,650.1990841933566
0.5,0.25,0.75,0.75,0.1198569765213244,0.011853697091018581,0.00014051013472562236,0.11710360239735047,0.011495615676438834,0.00013214917978038627,0.6632856361671976,0.03628015121335714,0.0013162493720640595,0.6598243383127951,0.03646741854808966,0.0013298726155615537,0.4221573003598486,0.041648527319624706,0.0017345998278935255,0.7354230996139692,0.030303522878447297,0.0009183034988445788,0.732631337012429,0.030428761549420362,0.0009259095294314831,0.41882909116742145,0.03698129730037472,0.0013676163500187027,0.5284919608062894,0.1135426858596871,0.012891941512231591,0.5261907437452396,0.11395962082724348,0.012986795179089107,0.35112575035133003,0.1635228029824161,0.02673970709522607,0.6195176051158323,0.13886205438236413,0.019282670147290654,0.6176046458948388,0.13946123467694366,0.019449435977617554,0.43367471416539394,0.1906967995855571,0.03636526937217413,0.6748088074636741,0.04308955908663294,0.0018567101022804317,0.7598670211762396,0.045318965831751254,0.0020538086640594375,0.055546870593985845,0.014195269525860848,0.00020150567691183368,21.356319069862366,21.952891854147683,481.92946075990375
0.5,0.25,0.75,1.0,0.10511010717405685,0.014748572888588217,0.0002175204022499994,0.10244892542893498,0.013445903604633129,0.00018079232374508615,0.5753021380678311,0.04647545906371058,0.002159968295182638,0.5712299054517954,0.04690571531361427,0.002200146129081828,0.36702197167633727,0.0442246188700532,0.001955816914201466,0.7059944470243628,0.050105571322371686,0.002510568277541276,0.7031136395583253,0.05031349720805822,0.0025314480013052826,0.39362049184037484,0.06035124198556243,0.0036422724091999138,0.4568817458872296,0.0930825387165848,0.008664359013924507,0.45439533494835976,0.09339694709056955,0.008722989725838647,0.31307794743910283,0.13680849368358014,0.018716563943970185,0.628341121467012,0.14894609798222933,0.022184940104131856,0.6265952923284205,0.1494545334064307,0.02233665755573391,0.49567055739928456,0.2373336580821599,0.056327265258659574,0.39640699910298716,0.07700306553348488,0.005929472101554167,0.5479994368302623,0.06292931926909494,0.003960099223671683,0.17350766156110464,0.06622049567045608,0.004385154046840894,17.117601180076598,11.38607253506498,129.64264777376104
0.5,0.25,1.0,0.0,0.10658919371305905,0.009524775511423748,9.072134854301751e-05,0.10385516928509428,0.008559338939338539,7.326228307847699e-05,0.5580892016288233,0.0476764846129003,0.002273047185044119,0.5538331174723392,0.04784351638925943,0.0022890020604893362,0.3389128104026518,0.060889174364534865,0.0037074915547947295,0.7026505387251174,0.054873134396569656,0.0030110608785039955,0.6996886679500315,0.05510515764829905,0.003036578399443891,0.36401210512807836,0.07911073657693296,0.006258508641744878,0.4604248154942354,0.0495783381981339,0.0024580116184885425,0.45790497445371126,0.04972757686069735,0.0024728319004365625,0.32210746609170926,0.07774916268769536,0.006044932298637721,0.6347682368676207,0.09248434123941256,0.008553353374488105,0.6329783595820746,0.09286225308640676,0.008623398048283862,0.47891954822822524,0.14514492709394458,0.021067049861106486,0.3854127422976349,0.04538567304686568,0.00205985931791699,0.5272797934714706,0.06320579999803873,0.003994973153392072,0.23459105788942183,0.05120283508592733,0.0026217303208366707,26.533985781669617,21.465290893220054,460.7587131305558
0.5,0.25,1.0,0.25,0.11207703528854374,0.009357320680706728,8.75594503215818e-05,0.10876192371631181,0.00863749494886651,7.460631899169449e-05,0.597537291296538,0.07067968989186652,0.004995618563210418,0.5937701004336525,0.07061727192333207,0.004986799093893824,0.3851501633992932,0.08561015971223788,0.007329099445954878,0.7066833482028888,0.07292383910451285,0.005317886309740876,0.7038746067822564,0.07297659476300171,0.005325583383203369,0.39379211356573435,0.09303049001555438,0.008654672072534163,0.4546645640749699,0.074662451698411,0.005574481693617555,0.45217996362009627,0.07471659552258972,0.005582569646486273,0.29715481874940447,0.06139237602509573,0.003769023834006749,0.6015843776188323,0.0769943959332996,0.0059281370051337025,0.5996831763812291,0.07716575028947324,0.005954553017737341,0.42488713555189117,0.08899988737166804,0.007920979952169597,0.42947355863379955,0.05786512744945112,0.003348372974741221,0.5655586211237944,0.0692222934399614,0.004791725909088124,0.1879888462529349,0.05231722879333695,0.002737092428614365,24.62905526161194,27.618801627356195,762.7982033312533
0.5,0.25,1.0,0.5,0.11031573031519679,0.011887873860841162,0.00014132154493127057,0.10702520436648463,0.012136353751974895,0.0001472910823930751,0.5787630234222182,0.05130806761975638,0.002632517802873493,0.5750505817320759,0.051071082721469,0.0026082554903431292,0.362901668603771,0.062479393051865575,0.003903674556129508,0.6893062589942351,0.07633708649730132,0.005827350774896464,0.6865713963675515,0.07637320966428306,0.0058328671544245385,0.3885125202084155,0.08674606693136303,0.007524880128060515,0.4886400471455511,0.07137912635500789,0.005094979679204182,0.48641386267038617,0.07166496361917529,0.005135867010537718,0.33437777027553073,0.07047258645065357,0.004966385441044842,0.636749383215933,0.06842649695500973,0.004682185485533955,0.6351283491326194,0.06854980527575513,0.004699075803343946,0.47187078964992624,0.0863418475932874,0.00745491464582247,0.44492669035154064,0.11225771328863797,0.012601794192794046,0.598136972845442,0.103576725144218,0.01072813799160088,0.16693408595576026,0.07262736260544547,0.0052747337990228585,9.92610569000244,5.768244055313357,33.27263948165788
0.5,0.25,1.0,0.75,0.10484190160934319,0.011470392572817113,0.00013156990577453797,0.10115204936732032,0.01125170102369934,0.0001266007759267168,0.5710647284616059,0.03867639730208292,0.0014958637082685671,0.5669455903503919,0.03827856881644814,0.001465248830635556,0.3679882302739442,0.05185129177515833,0.0026885564587526014,0.716421246437497,0.05154464025540046,0.0026568499390586496,0.7136472139360752,0.05134679815597102,0.002636493680870029,0.40326187821348425,0.05125272197241576,0.002626841509581749,0.4993031041761342,0.07035779748356011,0.004950219666737658,0.4969959462793067,0.07041805334408904,0.00495870223677097,0.3528785411220682,0.08959340873354052,0.008026978888495255,0.6835973236410634,0.11438087990977405,0.013082985688934153,0.6821087195643072,0.11473976840826405,0.013165214454382068,0.5441124214912103,0.1666818393403379,0.027782835565878215,0.4106590835209927,0.09394119737023257,0.00882494856335299,0.5659093214146016,0.0924043931540661,0.008538571874171216,0.16017462261062412,0.05984781269192347,0.003581760684007556,17.536538243293762,16.136835517487558,260.39746051844793
0.5,0.25,1.0,1.0,0.10059744006979476,0.008819266669822435,7.77794645934409e-05,0.097618542495998,0.008185819453754265,6.700764012946178e-05,0.5537450944707027,0.04107186884998874,0.0016868984108306749,0.5500016427966482,0.04099859307232885,0.001680884633910411,0.3705861299997516,0.05050528872341977,0.002550784189035992,0.6510877869382848,0.042738162195862676,0.0018265505078798655,0.6481042363306594,0.0426924249457257,0.001822643147746422,0.3946776477844909,0.0539109062324241,0.002906385810801224,0.4183205341591642,0.029184763923557958,0.0008517504452738102,0.4159425082639463,0.029251325381939176,0.000855640036600079,0.222752065280149,0.04073003511116939,0.0016589357601570912,0.5213415342961055,0.08342125112336567,0.0069591051389876375,0.5193336733799819,0.08368897822538084,0.007003845076408267,0.31896173841194925,0.1374616468198121,0.01889570434641476,0.5073682288146562,0.1022684913288833,0.010458844318685878,0.6292254507731073,0.09106460713499437,0.008292762672650868,0.12849222467433669,0.07513671037782647,0.005645525246401376,22.269720053672792,15.578998814997602,242.7052040776967
0.5,0.5,0.0,0.0,0.1345092420186032,0.011859650671165012,0.0001406513140420647,0.13324521879354698,0.012037519701368352,0.00014490188056083122,0.6627218633599035,0.039356340368235015,0.0015489215271803653,0.6598679634076068,0.039455592229468345,0.001556743758178083,0.3417350769060604,0.04791530952623622,0.002295876886995023,0.6703686871037908,0.029103010627775327,0.0008469852276004036,0.6675248288771558,0.029207452018836944,0.0008530752534326622,0.3280858930356986,0.04695906386049551,0.0022051536786540957,0.6227126987640912,0.08170828971878495,0.0066762446087688995,0.6211154066681672,0.08200159298561915,0.0067242612521791435,0.48470118847638266,0.16269894400356702,0.026470946379875838,0.6561116041638483,0.09299051743863174,0.008647236333504473,0.654622494807911,0.09337338885421088,0.008718589746119674,0.5149726994652523,0.1844100686238519,0.03400707340985376,0.8069763445252566,0.08597543327408315,0.007391775126666324,0.883263248374013,0.05593973045093214,0.0031292534429229442,0.0093553900212484,0.006087406542111773,3.705651840894521e-05,3.416062593460083,2.131886966880518,4.544942039555015
0.5,0.5,0.0,0.25,0.14108812944292862,0.007330813844327832,5.37408316201886e-05,0.14027678935644067,0.007691459455923795,5.915854856211956e-05,0.6656163450291638,0.09402900929294587,0.0088414545886129,0.6628467315299753,0.09416972106575722,0.008867936365602519,0.33281776079891723,0.09454415850434683,0.008938597907295056,0.6674965127811016,0.09197910957524762,0.008460156598255407,0.6647019954185185,0.09209684742584612,0.008481829305779578,0.3193737818860053,0.0925201197932828,0.0085599725665634,0.7327041125755902,0.11345077835372665,0.01287107910906641,0.731517595746962,0.11396482568402638,0.01298798149319052,0.6543291976745141,0.20112728040750308,0.04045218292411837,0.7546401549469242,0.11888908314443877,0.014134614090925276,0.7535317610766821,0.1194463059201898,0.01426741999797957,0.6756678312028972,0.21116207370748888,0.044589421372446966,0.8279351333412718,0.058491975870294186,0.003421311241211077,0.8986159799252947,0.03668756396391259,0.0013459773496061775,0.007572781975466911,0.003759962478929504,1.4137317842957701e-05,2.793401861190796,0.7165842699857023,0.513493015990942
0.5,0.5,0.0,0.5,0.13308177266834345,0.014920291477010567,0.00022261509775895418,0.1322161229636748,0.014848528393598286,0.00022047879545549447,0.6875896671818478,0.05536583257921981,0.0030653754171901973,0.684790792153961,0.055500437702441646,0.003080298585162606,0.3658000575607718,0.0683717997958906,0.004674703007329346,0.6983504871141322,0.045444500143419136,0.0020652025932852217,0.6955951170751269,0.04561517986252549,0.002080744633890551,0.36013842563515486,0.07851177485034071,0.0061640987901505915,0.5556552879207458,0.10076176056366495,0.010152932391889347,0.5536740644862815,0.10104714067682471,0.010210524638962005,0.38070640024204355,0.14509864644687206,0.021053617200714383,0.5937664939009706,0.0955402366772915,0.009127936824352876,0.5919221439570426,0.09585274947371202,0.0091877495816702,0.41902408264307295,0.1497836119702174,0.02243513041484465,0.8240344379647923,0.06629519446385324,0.004395052809000117,0.8773594754381918,0.04822853274110566,0.0023259913703599006,0.00983563403665355,0.005401845238018735,2.917993197550568e-05,4.16549141407013,1.9857554525516528,3.943224717338619
0.5,0.5,0.0,0.75,0.13044782529700608,0.012339755168591704,0.00015226955762078566,0.12894791303522593,0.012401496035625398,0.00015379710392163248,0.6562686795021081,0.07016132955328556,0.004922612164684742,0.6531209958163599,0.07027440209369405,0.0049384915896261905,0.36981332930712085,0.062405169512679944,0.0038944051819063182,0.6988342157871722,0.07323218837168831,0.00536295341370644,0.6960292166264644,0.07347540949770401,0.005398635800855293,0.3590776289587828,0.07842502860417301,0.006150485111565355,0.551780446183615,0.08443807844487365,0.007129789091462636,0.5497344575061116,0.0846115031291533,0.0071591064617747184,0.38120347233467383,0.10608169463560524,0.011253325936761796,0.6326569294644881,0.08050714926554214,0.006481401082864283,0.630936102687128,0.08068357878761864,0.006509839885977866,0.46098572780773556,0.11681807336603785,0.013646462264953002,0.6206850972583464,0.08472631281088162,0.007178548082527363,0.764795965321086,0.04315456039310245,0.0018623160827219262,0.05442234181241532,0.018340447934985175,0.00033637203045590194,4.265284085273743,1.0209605352368185,1.042360414511051
0.5,0.5,0.0,1.0,0.10459314128931788,0.013872908762161433,0.00019245759752325545,0.1028758587573441,0.012811832698574204,0.00016414305709625516,0.5643875104484386,0.06845706172669958,0.004686369300253155,0.5602868402706351,0.06893288352972801,0.004751742431723048,0.34485842423097013,0.07764765054685575,0.006029157635446628,0.7043723100618939,0.055490759269732425,0.003079224364331395,0.7014969280981396,0.05572720970077873,0.0031055219010345672,0.36819058401352284,0.08291178591803354,0.006874364244117826,0.48131716726607837,0.0831494024487297,0.006913823127580817,0.4789527902752102,0.08343466199221239,0.006961342821754731,0.3739969064537222,0.10559836003587018,0.011151013642265267,0.6737494552404755,0.12696681527227646,0.016120572180384374,0.6722155639284002,0.12744091078267145,0.016241185741116822,0.5316109389431857,0.18779679678113434,0.035267636881254665,0.390634813009889,0.050168840613906904,0.002516912568543595,0.5226316729606799,0.07094754485553964,0.005033554121028809,0.21969484987857602,0.07039641237273597,0.004955654874952295,20.293238353729247,21.764436869042857,473.690712226552
0.5,0.5,0.25,0.0,0.13360113388332567,0.009413296027711113,8.86101421053218e-05,0.13241152903021636,0.00967119895755762,9.35320892766636e-05,0.6956749997780846,0.04415445866516788,0.0019496162200140187,0.6930031165461251,0.04426161346200812,0.0019590904262602182,0.37843547087383367,0.05914356816179021,0.0034979616549083246,0.701431995795132,0.036997754554429746,0.001368833842069827,0.6987711861005471,0.037102569317860615,0.0013766006499866521,0.3675940136900008,0.05575136115874374,0.00310821427105268,0.6156671510619416,0.10234922841694527,0.010475364557544038,0.6140024474812786,0.10269429625919016,0.010546118484170319,0.47662533596038303,0.17072450389246902,0.029146856229329672,0.6480702198005477,0.10055354941137384,0.010111016299225601,0.6465214463915776,0.10093540059975172,0.01018795509423236,0.5062064032476122,0.1772442130619748,0.03141551106395872,0.8112551193654944,0.06735214203230044,0.004536311036339172,0.884949522102545,0.046771348800105486,0.002187559068581129,0.00887008169914744,0.004483098919044173,2.0098175917935034e-05,3.5108062028884888,1.1466306234990475,1.3147617867458146
0.5,0.5,0.25,0.25,0.1376216042174503,0.010586271447100259,0.00011206914315169022,0.13700521508221802,0.009875278153745943,9.752111861385188e-05,0.6688690652204011,0.049906838246432286,0.0024906925037555564,0.6660112620870892,0.05005421973996617,0.0025054249137768186,0.3446834680304158,0.06454397259735047,0.004165924398647529,0.6762100638241718,0.042392375223954795,0.0017971134771285766,0.6733630544736111,0.04253889614869767,0.0018095576855496859,0.3309845423145673,0.06998712959885167,0.00489819830948646,0.6160545163666219,0.10936353205610186,0.01196038214378602,0.6143907572432624,0.10979932815192846,0.012055892462614869,0.48965290536004513,0.18749967041558913,0.035156126405954544,0.6524758254491492,0.10493456422773154,0.011011262769663915,0.6509401552509114,0.10536998589733305,0.011102833928004168,0.5256650936789287,0.1896335247413299,0.03596087370582058,0.8211782998763162,0.048939345776581135,0.00239505956503977,0.8977633065726895,0.026727042887813402,0.0007143348215270169,0.00724937792478107,0.0023982434071225757,5.751571439806901e-06,2.927220416069031,0.7769363541104405,0.6036300983384238
0.5,0.5,0.25,0.5,0.14073980642106637,0.0065328535301048705,4.267817524580367e-05,0.13970316734946975,0.006366426402573432,4.0531385139384085e-05,0.7427486583526054,0.03034237835584216,0.0009206599242890788,0.740009922222611,0.03046641417292729,0.000928202392556345,0.38967503276813115,0.03345194223847053,0.001119032439525969,0.7408068478570086,0.035304777870861136,0.0012464273405108463,0.7380152040569263,0.03551134024982574,0.0012610552863388936,0.37414283399809994,0.04393720548229411,0.0019304780255933354,0.6805016658628867,0.08690772073304512,0.00755295192301296,0.6788380809604213,0.08733541856808968,0.007627475336463426,0.49816253060224724,0.15054591511560445,0.022664072557994783,0.6944285522262982,0.08852154361150141,0.007836063683362947,0.6928132230638662,0.08896823403114794,0.007915346666621111,0.519937784752671,0.15188999970603015,0.02307057201069784,0.8516167171717157,0.06017282575690793,0.0036207689595712028,0.906664715128584,0.044847035151018476,0.002011256561836687,0.00826979092257497,0.0038153512176489868,1.4556904914015607e-05,4.2266323328018185,1.9560886671922801,3.8262828739180708
0.5,0.5,0.25,0.75,0.1308482586552003,0.011566701320481272,0.0001337885794372232,0.1290731799937398,0.012231009423919477,0.00014959759152800706,0.6499341704530154,0.09428228810697148,0.008889149850685975,0.6467947888580549,0.0943220322544245,0.008896645768604694,0.36557854960453395,0.07772063275854622,0.006040496756388809,0.6926624092918494,0.09632608312155679,0.009278714289541067,0.6898734453388868,0.09648078592471872,0.0093085420526514,0.3538272220229642,0.07725058083222511,0.005967652238916145,0.6010429071504093,0.1360042535737534,0.01849715699015381,0.5992847084427066,0.1363017173623364,0.018578158155922234,0.4818947636626344,0.2015324689513152,0.04061533604161283,0.6821125948464952,0.1581572027646183,0.025013700786328585,0.6806945103903036,0.15862336123582554,0.025161370729751206,0.5718363923634322,0.23207162071870324,0.05385723714300566,0.6103235750463807,0.09384107060528607,0.008806146532346286,0.7513146728307183,0.05986561363977602,0.0035838916964669367,0.058566934234357305,0.01731812972176243,0.00029991761705979125,9.385645198822022,10.853257985945554,117.79320890949096
0.5,0.5,0.25,1.0,0.11692163890860086,0.011565687751965264,0.00013376513317595935,0.11341281079873058,0.010347451836747238,0.00010706975951380379,0.6153831383075405,0.02075965399093014,0.00043096323382314165,0.6114471639145859,0.020597534929406597,0.00042425844516812486,0.3970062467029848,0.03244622284091431,0.001052757376642269,0.7373568271528164,0.03542172044616705,0.0012546982793664088,0.7345937349327357,0.03545985049806655,0.0012574009973452306,0.40674645920688,0.05554988955735733,0.003085790229834597,0.5364887421182325,0.09105198744317136,0.008290464417351436,0.5341970326986965,0.09153477029801366,0.008378614173510122,0.38282561780492247,0.13998337713440293,0.019595345873952483,0.6942546892276589,0.11424945852628363,0.013052938773549001,0.6926748434984273,0.11484715124546405,0.013189868149198493,0.5389002451909028,0.20124080975527703,0.0404978635109596,0.38729476370559845,0.04886121300002984,0.002387418135834285,0.5081222915688759,0.06170234424155731,0.00380717928490364,0.22633873796611895,0.04564928527791438,0.00208385724638441,22.427120566368103,22.20452500376662,493.04093064289697
0.5,0.5,0.5,0.0,0.1416935488882642,0.012947391381033875,0.0001676349435736703,0.14086859825356185,0.013078520561560343,0.0001710477000791567,0.6748110837967107,0.09959409114573124,0.009918982991144222,0.6720227476670365,0.0993731020866948,0.009875013418332666,0.33404570602474115,0.08378957106229251,0.0070206922188029664,0.6753124574387328,0.10484217253415687,0.010991881141681918,0.6724967201554934,0.10461257605803495,0.010943791069498146,0.3185647164149848,0.08411776312626054,0.007075798073365677,0.587818847085587,0.18884628721417973,0.035662920194580464,0.5860903098252523,0.18913715833146627,0.035772864661702146,0.4494837547514384,0.21927775654119322,0.048082734513738803,0.6168838241494701,0.20106243627428183,0.040426103280549644,0.6152648162422034,0.20143153698257624,0.04057466409116298,0.48495138242470726,0.23648833119700688,0.05592673079234521,0.8587439081353418,0.05306064421718832,0.00281543196474304,0.9106243328719715,0.04220849039496284,0.0017815566614216706,0.006263296958540379,0.003885791758897108,1.5099377593512678e-05,7.234959816932678,9.920076434067054,98.40791645773251
0.5,0.5,0.5,0.25,0.13356958058206816,0.011470576066218013,0.0001315741152908935,0.13219706341741772,0.011231118105692347,0.00012613801390401046,0.7295297725177163,0.06325527862180717,0.004001230273522456,0.726922265540552,0.06346287762404938,0.004027536836325067,0.40769801457189336,0.06807409818361047,0.004634082843511838,0.7302565106509983,0.0527911577728884,0.0027869063390019953,0.7276012500499232,0.05295289701931154,0.002804009302737813,0.3904726541270431,0.06963475949398949,0.004848999729785759,0.6114020935435779,0.10589850165976251,0.011214492653782725,0.6095651454684667,0.10616836914606805,0.011271722607135774,0.4398680167845275,0.12329568651034013,0.015201826312056068,0.6333441705844036,0.0930736030746468,0.008662695589296901,0.6315761373071119,0.09332064812320577,0.00870874336613519,0.461951972947956,0.11915601475111637,0.014198155851368263,0.8543079085764879,0.017395365956163172,0.0003025987567488407,0.9104781440425196,0.012147148527533902,0.00014755321734996902,0.00758795782587602,0.0019162445073259277,3.6719930118567877e-06,3.9109567403793335,1.1586796014357994,1.342538418783423
0.5,0.5,0.5,0.5,0.13259344156560143,0.008047408819859738,6.47607887139563e-05,0.13171144202401733,0.00800245355076024,6.403926283207517e-05,0.7320072387115184,0.057991800382071995,0.0033630489115540857,0.7292887801231129,0.058212494655292685,0.0033886945339924794,0.41328273368823343,0.07084262224846237,0.005018677127038336,0.7364933308198326,0.04840489803138175,0.002343034153428465,0.7337877635257012,0.04858288538685487,0.0023602967525122765,0.40303209353634484,0.06926736591426948,0.004797967980701302,0.6252918955161495,0.09220918196913803,0.00850253323941761,0.6234167214520527,0.09259902174108002,0.00857457882740501,0.44031412756224564,0.1467307012338073,0.021529898684564817,0.6488673578530432,0.08913695497362907,0.007945396741970777,0.6470816778255752,0.08958587339667012,0.008025628712244208,0.4680534347018189,0.1572061300720372,0.02471376733222628,0.8396881049213321,0.0580629633992589,0.0033713077187036786,0.8994565029752994,0.045211964035980136,0.002044121691990761,0.00784560781086825,0.0044475566503544405,1.978076015811201e-05,4.388408136367798,1.3606060551433639,1.8512488372927867
0.5,0.5,0.5,0.75,0.13383453207701673,0.008708312396606197,7.583470479688517e-05,0.13166323076816286,0.008686174646685137,7.544962999271567e-05,0.682748152583501,0.05314918018564702,0.002824835354406374,0.6797706874515945,0.05313641627915957,0.002823478734992134,0.3912791590339024,0.033321879418892905,0.0011103476480072384,0.7181259530344465,0.05050492634804053,0.002550747585420999,0.715418534658492,0.05048233130150314,0.0025484657736347237,0.3688144114958624,0.029896015767050775,0.0008937717587437486,0.605750917373181,0.12555110079821374,0.015763078911643226,0.6039777561223655,0.12591490622699406,0.015854563610152705,0.4831452269931772,0.16720023981184426,0.027955920193138233,0.6816301415621814,0.13780522144455531,0.018990279057382927,0.6801621332603099,0.1383013792696346,0.019127271507883317,0.5664146363416113,0.18782600738257355,0.03527860904927858,0.6837334584530238,0.032323197942049964,0.001044789125200943,0.7868996730164157,0.032324807027582794,0.0010448931493704662,0.04538204709366624,0.0148206874461545,0.00021965277637660157,4.501145005226135,1.113501304911729,1.2398851560401234
0.5,0.5,0.5,1.0,0.10554545892812858,0.00846821032484771,7.171058610585736e-05,0.10232005648891547,0.007609515479045797,5.790472582583758e-05,0.5693284548056556,0.07036421266020575,0.004951122423290658,0.565054987432011,0.0705226877048979,0.004973449481122559,0.3532906889724979,0.07616240320529052,0.005800711662005249,0.7092051808288196,0.061812283611347656,0.0038207584052496776,0.7062272107300726,0.061982931839725794,0.0038418838394480934,0.37463625399607503,0.07089053958233456,0.005025468602274543,0.5085188265258096,0.07903379614085368,0.0062463409324340175,0.5061419268361477,0.07934811950681986,0.006296124069268566,0.3835512435570424,0.12605301016907094,0.015889361372683902,0.6915781693177788,0.13468457992255664,0.01813993606891555,0.690007747081204,0.13529712088179355,0.018305310918902657,0.5483674283017057,0.21647816290942687,0.04686279501664036,0.3950910663601535,0.06633024866073511,0.004399701887394952,0.5100768575263284,0.07913940639006323,0.00626304564377158,0.23035288178939925,0.05321298419051082,0.0028316216864595544,24.620085310935973,22.181574486316794,492.02224669202013
0.5,0.5,0.75,0.0,0.12910683216045782,0.009103351280426593,8.287100453484448e-05,0.12736166071540314,0.008835448175415513,7.806514446045333e-05,0.6608273720043385,0.06012615013137533,0.003615153929620686,0.6576362615484592,0.060227069602313416,0.0036272999128819047,0.3865736570862108,0.0673915527211847,0.0045416213781722175,0.7081542094097615,0.05797687616915379,0.003361318170333393,0.7053561739323556,0.05809440746826044,0.0033749601790882744,0.3779632029315686,0.06557153304398056,0.004299625945737833,0.545776657084472,0.11506360149842783,0.013239632389789004,0.5436787515718715,0.11548647571361681,0.013337126072751804,0.3908475498938747,0.1816271506958894,0.03298842186990731,0.633401218892159,0.1385203260695552,0.019187880734415894,0.6316633554581883,0.13909961163423964,0.019348701956796298,0.4881320951846986,0.22556211817953148,0.05087826915763692,0.6621358717582281,0.056766381460086286,0.003222422064072028,0.7934103360639536,0.037376135351618975,0.0013969754938225418,0.04674143086846028,0.013964466558006186,0.00019500632624967315,17.92951657772064,25.616948668920028,656.2280591060836
0.5,0.5,0.75,0.25,0.12907425431514843,0.007232108958911088,5.230339999356202e-05,0.1268382823942366,0.007426183229258851,5.5148197354525417e-05,0.6382781574150209,0.0730678034061555,0.00533890389460059,0.6351514856291217,0.0731160429785959,0.005345955740847884,0.3667545893530545,0.07425281829038383,0.005513481024064759,0.684628693432384,0.06618136067253301,0.004379972500467899,0.6818380790564997,0.06621775280888506,0.004384790787058605,0.35382847644798876,0.0693950144672111,0.004815668032904437,0.5368545167338359,0.09414598842220054,0.008863467135993118,0.534846222573609,0.0944565082924268,0.008922031958797294,0.3767811114785295,0.1306342091735919,0.017065296606409763,0.6217159124755253,0.09510680584551946,0.009045304518137336,0.6200171974913934,0.09552295070537703,0.009124634111461891,0.46083673038374195,0.14367961468711998,0.020643831676639263,0.6565577472859416,0.0752450775833335,0.0056618217005218775,0.7919267979471003,0.04850964583413816,0.0023531857389535176,0.047878118487269895,0.018669920057549937,0.0003485659149553055,21.868870544433594,30.003652881146486,900.2191862123298
0.5,0.5,0.75,0.5,0.13269062129153367,0.0075929366516676875,5.765268699623852e-05,0.13091787965023494,0.007061936746478117,4.987095061125793e-05,0.6827321640263003,0.09782650487959248,0.009570025056956932,0.6795416292818308,0.09784501888299342,0.009573647720213338,0.4033173941630913,0.0971902863616921,0.009445951763067712,0.7247157423998754,0.10270469820536728,0.010548255033455571,0.7219197213116878,0.10284934722937707,0.01057798822550897,0.3860333139444485,0.09668203161869071,0.009347415237917512,0.6378708556093559,0.11557985260407624,0.01335870232797999,0.6360928011374376,0.11582929454989736,0.013416425475926882,0.49165052588627595,0.15496981604273305,0.024015643884318524,0.7197433207705676,0.12331535700220102,0.015206677272580287,0.7183356302907256,0.12375604498262467,0.01531555866974142,0.575876620376372,0.17255671107429704,0.029775818536778423,0.7157885764465024,0.034762447431138786,0.0012084277514026874,0.8265643623555494,0.03480081351640494,0.0012110966214035927,0.03786783191976319,0.009449038363002631,8.928432598549544e-05,22.833433175086974,35.526147038692415,1262.107123414794
0.5,0.5,0.75,0.75,0.12830040608471246,0.008045943038763248,6.473719938302277e-05,0.12627091439913543,0.006968351055058047,4.855791642652859e-05,0.6583167789077976,0.06319128914279039,0.0039931390235277385,0.655023291164824,0.06314366535405996,0.0039871224743455135,0.399539797149287,0.06133636929300326,0.0037621501980476734,0.7166031477188322,0.06829898493262883,0.004664751342827459,0.7138111925637537,0.06840408348219544,0.004679118637039164,0.3804260640395257,0.06098361887383533,0.0037190017709492046,0.5312498978140144,0.10023880533937089,0.01004781809586429,0.5290654662308241,0.10035985641690912,0.010072100780022615,0.35114946087021426,0.12111207077379639,0.014668133687117065,0.6228294310811874,0.1199051429433502,0.014377243304265245,0.6210205417678684,0.12021116053283908,0.014450723116652008,0.46026418059769114,0.15075821744124013,0.02272804012606024,0.693601885514527,0.03772400252068811,0.001423100366180883,0.7813520020343768,0.039711175597034354,0.001576977467298497,0.04091304137004151,0.013151880607004233,0.000172971963500894,27.020278024673463,34.79037529322242,1210.3702130432607
0.5,0.5,0.75,1.0,0.10046569379605921,0.009254663770456101,8.564880150419273e-05,0.09701201474012781,0.00893717128949677,7.987303065780534e-05,0.5684192488605457,0.03597819734350564,0.001294430684088236,0.5638699825330585,0.03603936513092828,0.001298835839040369,0.3658475852726162,0.04131685618141133,0.0017070826047154279,0.7202505710285652,0.05149146121118863,0.0026513705776633435,0.7171869600421334,0.051821638885329355,0.002685482256761479,0.40014011792172466,0.0599582281069047,0.003594989117719617,0.4633273005158246,0.09745792916446132,0.009498047957025161,0.4606452524184352,0.09781655948824876,0.009568079310118108,0.29022728908516304,0.10944605119382672,0.01197843812192174,0.6487002498631927,0.11946124037852794,0.014270987952776435,0.6468517508027106,0.12001871544272744,0.01440449205652238,0.4640454833900721,0.1736607367615771,0.03015805149257377,0.37400143616007747,0.03728467304971896,0.0013901468444244398,0.5297037170426089,0.03951313781655278,0.0015612880601098935,0.19865505714342313,0.027897174220567467,0.0007782523294926941,48.83555631637573,46.073640096596236,2122.7803117506805
0.5,0.5,1.0,0.0,0.10446202786506002,0.00864770881561779,7.478286775971364e-05,0.10106822281716014,0.008610711261074485,7.414434842159496e-05,0.5834748527233097,0.055270455159120324,0.0030548232134963308,0.5795228956082339,0.055380352490527654,0.0030669834419750925,0.37682847155815324,0.06443645115561669,0.004152056237530176,0.7081688418333895,0.0562997652262424,0.003169663564530013,0.7053104669813776,0.0565754558059387,0.003200782199649723,0.4055305152173719,0.08202646329914985,0.0067283406813667766,0.4386483222659769,0.045039209423348915,0.002028530385480282,0.4360616348775753,0.0451253814804626,0.002036300053757277,0.26746692325506277,0.06221148778639391,0.003870269212596639,0.5782053183278428,0.07092810007502741,0.0050307953802531035,0.5761795113561594,0.07113587061957492,0.005060312088804902,0.3737224563678897,0.10467949471839678,0.01095779661449886,0.4348065782926005,0.0519897975289994,0.002702939047106352,0.584045889854576,0.07051195269955303,0.004971935473504004,0.17888968657409407,0.05187206687076774,0.0026907113214453995,80.71796295642852,63.248672293853275,4000.3945469352425
0.5,0.5,1.0,0.25,0.10851818106942557,0.014625286046588725,0.00021389899194454285,0.10590638632628205,0.013675702269065653,0.00018702483255212744,0.563450308680482,0.03392277582398226,0.0011507547196041555,0.5594235711400148,0.03411185570235881,0.0011636186994585496,0.3463131937453069,0.03237564712676052,0.0010481825268765167,0.6996931488071455,0.04182643084442418,0.0017494503171833987,0.6968700509557717,0.04178605783313998,0.0017460746292345193,0.3743924832117513,0.029111520753872466,0.0008474806406031473,0.47907613578972397,0.12818819233000028,0.016432212652833143,0.47671584903860686,0.12883798462471469,0.016599226282158215,0.3273682226307348,0.14441797016778637,0.020856550107383635,0.6418666955862218,0.11794607259968275,0.013911276041689633,0.6401692076741996,0.11849145427125646,0.01404022473531726,0.48426718161441296,0.17497994647783907,0.030617981669387426,0.4069983593395808,0.0429112652532188,0.0018413766856321028,0.5567422446160407,0.0731567989606595,0.005351917234170352,0.18350122285731504,0.05648832569835769,0.0031909309402037376,42.33005568981171,48.49179231979602,2351.4539223862284
0.5,0.5,1.0,0.5,0.10719994266009467,0.009555241935734132,9.130264845041217e-05,0.10435017444845285,0.008932633873519247,7.979194791834348e-05,0.5706310841114163,0.060379530692764576,0.0036456877266785,0.5666735493512062,0.060223282004056675,0.0036268436953401364,0.3541080999461604,0.06527372413441668,0.00426065906237593,0.69957950080982,0.06050616972426641,0.0036609965747017334,0.6967427040923531,0.06042684565685231,0.003651403676037051,0.3752417684524677,0.06416658641698944,0.004117350812408973,0.47888558108830803,0.10122704932700125,0.010246915515451144,0.4765380343198215,0.10154587081994644,0.010311563880581251,0.34356723671597705,0.12028896059522179,0.014469434041078819,0.646933558295693,0.11623398235110081,0.013510338653196017,0.6452807544639403,0.11668646905115337,0.013615732059625775,0.5012228019177085,0.16841045537023297,0.028362081478009227,0.4322811527381404,0.07726199634757899,0.005969416079613311,0.5657175554955503,0.08834039998623469,0.007804026269727934,0.18441510657689136,0.06181795674187976,0.003821459775740917,47.544094634056094,43.55186235556935,1896.7647146384584
0.5,0.5,1.0,0.75,0.1068234478923028,0.012020395942531941,0.00014448991861523835,0.10328327767161491,0.010328061080915371,0.00010666884569111878,0.5822569951887491,0.028613521807150936,0.0008187336302083021,0.5778376412166251,0.028979521307512236,0.0008398126552125558,0.3853241160345002,0.04141215559529375,0.0017149666310488194,0.7302777718602066,0.028387707702729224,0.0008058619486155921,0.7273210932384048,0.02842310573185259,0.0008078729394440715,0.41172955643065096,0.0469605645431839,0.0022052946222145403,0.48299938199330245,0.10762304590259068,0.01158272000935114,0.480401341141958,0.1081518986734243,0.011696833186666637,0.3003495303856947,0.1332335933208332,0.017751190389181173,0.6588465205643075,0.14695349316261708,0.021595329152695342,0.6570531135380258,0.1476428154131047,0.021798400943108105,0.48734368155609314,0.2259200329644144,0.051039861294642094,0.38893467761348816,0.05627432161857432,0.003166799273630741,0.5577676012750052,0.06876864633937146,0.004729126719349548,0.18480075179853622,0.03583246452850541,0.0012839655141865984,78.64509387016297,49.124109678755715,2413.1781517304207
0.5,0.5,1.0,1.0,0.10468706635556362,0.00870515390190424,7.577970445583864e-05,0.09968673345877153,0.007349787249874948,5.4019372618424355e-05,0.5547179034775562,0.03226434640762995,0.0010409880491115435,0.5507940374162577,0.03217860374426782,0.0010354625389306072,0.3795775845949125,0.04183716282575133,0.0017503481933084295,0.6806076874825088,0.036065794342192994,0.0013007415215333603,0.6777066314691985,0.03603352676767873,0.0012984150513170195,0.4034375390996014,0.051712030287853275,0.0026741340764918544,0.42582976546632806,0.07233957996206772,0.005233014829088389,0.4233962446872816,0.07250617424889817,0.005257145304211584,0.25042168286722744,0.07179126145720442,0.005153985221616686,0.5867706366023089,0.09980246556539224,0.009960532132931302,0.5849518484763241,0.10011515997503709,0.010023045256827269,0.4299730146762638,0.16907979337399462,0.028587976527392714,0.49399040686337087,0.10904070352765717,0.011889875025806428,0.6142994606318676,0.07343980646675542,0.005393405173874492,0.1476147332131224,0.0711931703279282,0.005068467501341396,65.00536932945252,48.235087836951955,2326.6236986384706
0.5,0.75,0.0,0.0,0.12794144289713422,0.012303026063783577,0.000151364450326138,0.12577910748833282,0.012147646557469048,0.0001475653168851896,0.6401504675779058,0.04121763453830151,0.0016988933969329853,0.6368274214971408,0.04160951779752056,0.0017313519713421802,0.37038185594669526,0.0532700254839048,0.0028376956150558664,0.6897866074634547,0.04414204790295274,0.001948520393066574,0.6868567397739443,0.044448366219432676,0.001975657259576804,0.36017545443904286,0.07407539952173003,0.005487164814303922,0.5508589389722671,0.07127171354438787,0.005079657151553281,0.5488329156852852,0.07159440043640274,0.005125758173847984,0.3831287343592459,0.11617162095254972,0.01349584551474289,0.6265448100123198,0.07642559028809331,0.005840870850883503,0.6248145665400024,0.07668144301197004,0.005880043702398008,0.45825369539911,0.145651164613444,0.021214261753252556,0.6492488479262672,0.08077106418114814,0.006523964808955151,0.7869471476252214,0.052073001586670956,0.002711597494245436,0.04925023349122074,0.020042873061441646,0.00040171676055706317,20.423119139671325,18.24654005161298,332.93622385511657
0.5,0.75,0.0,0.25,0.12911589475461713,0.008099532347802097,6.560242425309255e-05,0.12710583514559243,0.008406353037528997,7.0666771391573e-05,0.6152771356671698,0.0463757146425837,0.0021507069086103524,0.6120098653467392,0.04640093129486158,0.002153046425030465,0.3417133566111181,0.05355391421404472,0.0028680217276452614,0.6682949749143313,0.0486616664724323,0.002367957783874242,0.665412890055151,0.048705231458136884,0.0023721995713906867,0.3310671372194367,0.05339294024725195,0.0028508060682466167,0.5718237065372754,0.11416480436203788,0.013033602555022382,0.570024576973121,0.11454274317431751,0.013120040013897659,0.4634055748820485,0.17482891767165543,0.03056515045424247,0.6672540824241519,0.14361499335089192,0.020625266315176735,0.6658070797291893,0.1441712738398096,0.020785356200593366,0.5695447543774133,0.20406284092945529,0.04164164304820017,0.6221422464049747,0.0776000225070194,0.006021763493089919,0.7658510233883508,0.054036403580218266,0.0029199329118842258,0.05515372207748169,0.023237488306062818,0.0005399808627744062,19.56101520061493,14.81343560854872,219.4378745286192
0.5,0.75,0.0,0.5,0.1262651288782747,0.006753233215944322,4.56061588689337e-05,0.12422208678171417,0.007054111683854565,4.976049164829349e-05,0.6514278130124292,0.07094956679621366,0.005033841028570384,0.6480955851626019,0.07115556689608744,0.005063114700303576,0.3885767388607248,0.09100448321231688,0.008281815964740867,0.7028784632768882,0.061201835916158534,0.003745664719508393,0.699969489084861,0.061411600661611825,0.003771384695821282,0.38074914992617015,0.08965021873048098,0.008037161718423084,0.5479024010632864,0.12145226437739211,0.014750652522395947,0.5457264211367712,0.12206075418845805,0.014898827713055177,0.3744609155720623,0.19111735785749348,0.03652584447442922,0.6224798101157589,0.13336504985759653,0.01778623652351921,0.6205854148851193,0.13408279826048092,0.017978196789360825,0.4547878213027479,0.22552978726225542,0.05086368494255819,0.6437216621228478,0.09328261270775517,0.008701645833585047,0.791890128862805,0.05511815549513528,0.0030380110651859115,0.04540094481753843,0.020927448156836267,0.0004379580863570697,55.58803281784058,59.80124474731663,3576.1888733284645
0.5,0.75,0.0,0.75,0.12293780980692384,0.008045156378020219,6.472454114679941e-05,0.11924006722082674,0.008042113644379085,6.467559186910825e-05,0.6349185557969561,0.01806566389491852,0.00032636821196416264,0.6314518598810498,0.018320101944167846,0.00033562613524470254,0.4001226745515705,0.026266941615722936,0.0006899522218437975,0.6984044059743699,0.018618507131297517,0.00034664880779817657,0.6954497818639649,0.01873408150845439,0.0003509658099654127,0.3856114610428858,0.035120291094148395,0.0012334348465377189,0.5375406420611651,0.09408767215533695,0.008852490051610167,0.5354160651293579,0.09454042652802215,0.008937892248100356,0.3817702052724802,0.13964186821101704,0.019499851357463047,0.6449324527423317,0.12239795233436025,0.014981258735644324,0.6432286430457111,0.12299531627817455,0.015127847826368187,0.504122470436754,0.20382827816348442,0.04154596697909078,0.6456129032258064,0.058337113994724146,0.0034032188692334395,0.7368992533644007,0.052146788994460215,0.002719287602432757,0.050396686846984416,0.010835319262432551,0.00011740414351884189,41.34804239273071,44.91552507071969,2017.4043923784488
0.5,0.75,0.0,1.0,0.10874632900895956,0.010060701531664891,0.0001012177153092443,0.10500599874008854,0.010063692370987386,0.0001012779041378697,0.5724837325995507,0.06952521678113392,0.004833755768463666,0.5687131389564979,0.06921373358377104,0.0047905409166052355,0.3762980334148146,0.08303062133611476,0.006894084079461276,0.6882560637734474,0.08196903222872771,0.006718922244514202,0.6854796571582888,0.08185688233099345,0.006700549184950108,0.3936125162091896,0.09140426878696147,0.008354740352479097,0.48949443814568455,0.09982778528918705,0.00996558671574403,0.48725632706165667,0.10017241578306507,0.010034512883815265,0.3225313392398497,0.12940001973530132,0.01674436510749637,0.6421717221791979,0.14022852700976976,0.019664039787329727,0.6405383062980203,0.14070697302814308,0.019798452258742587,0.5093848673456097,0.21040891497234285,0.044271911499838605,0.45247406985204996,0.08335832750956261,0.006948610765191503,0.6057907251854896,0.08773389476432457,0.007697236290517578,0.12621599260682456,0.045305247755189626,0.002052565474159115,82.27710647583008,52.35717604452592,2741.273883357479
0.5,0.75,0.25,0.0,0.1304122965939145,0.007678746046169398,5.8963140841562165e-05,0.1282879982511224,0.007736942885910396,5.98602852198395e-05,0.6429001789946769,0.056377265566654955,0.0031783960727731386,0.6395975856142442,0.05643336961068605,0.0031847252056163033,0.37089248322536805,0.07134310169980625,0.005089838160148896,0.6983505416386133,0.06414123405175282,0.004114097905681735,0.695513298720693,0.06433539847001998,0.004139043496296249,0.36420663853287294,0.08150830583104499,0.006643603919447163,0.5905071583391244,0.09301718200250116,0.008652196147686425,0.5886472200664843,0.09331781129477905,0.008708213904847991,0.48913153606512383,0.14367870227079935,0.020643569486221005,0.6979375237414212,0.10262735043497986,0.01053237305730416,0.6965242421048331,0.10302540465814106,0.010614234004973713,0.6072654263471645,0.1629551044700659,0.026554366072850086,0.596288644744201,0.07301926568895892,0.005331813161754772,0.7566355507207236,0.05234570941658469,0.0027400732943255227,0.060950354206819615,0.021160216569265054,0.0004477547652581993,53.80849592685699,64.49970631205038,4160.212114340751
0.5,0.75,0.25,0.25,0.12645059211691495,0.005403349603769017,2.9196186940550794e-05,0.12444523222085464,0.0059809776990246725,3.577209423623046e-05,0.6575008006785378,0.04161363767249477,0.001731694840337676,0.6544112865477227,0.04156502597721748,0.001727651384486764,0.38665333353043974,0.0543608952027357,0.0029551069272428137,0.7135967837706323,0.04392751097290575,0.001929626220274755,0.7109800063000213,0.043908771989137285,0.0019279802575940471,0.3862001628191566,0.05329000544298869,0.0028398246801137643,0.5875362679155218,0.10523253024557203,0.01107388542188523,0.5857244611523561,0.10553488328854624,0.011137611590727075,0.43724012613710606,0.14969691526959517,0.022409166441232354,0.6741862828775302,0.10338760236526365,0.010688996322837869,0.6727297705127784,0.10370199418485652,0.010754103597916016,0.5223669735836597,0.1471999251678661,0.021667817969425376,0.5960708103855232,0.09422227819961183,0.008877837709125046,0.752443445263941,0.0650327012523659,0.004229252232179474,0.05083715329758198,0.020041635231639765,0.00040166714275810425,40.08636364936829,64.16790952252988,4117.52061249158
0.5,0.75,0.25,0.5,0.1263939079585302,0.01068898663832909,0.00011425443535437781,0.12418998358495566,0.011152035268638606,0.00012436789063295935,0.639329954591227,0.046379616456041016,0.0021510688226094705,0.6358114541554809,0.04651864553781693,0.0021639843826730546,0.372066076238333,0.04658574170576827,0.0021702313302765573,0.7007517799288889,0.0481689566769937,0.0023202483873500965,0.6977649273836457,0.04838217168639577,0.002340834537091876,0.36758081298338535,0.053647882078612076,0.002878095251520667,0.5458772663766565,0.09432097739660442,0.008896446777050761,0.5437174903219529,0.09466287084583286,0.008961059116774833,0.37529423754051655,0.16520606775805402,0.027293044824078738,0.6358601800699158,0.11294886432549477,0.012757445952419025,0.6340754139637081,0.11342777760634208,0.0128658607327138,0.4681426230659331,0.19977515660075754,0.0399101131948572,0.6424185680566483,0.06220564949700049,0.0038695428293436776,0.7887822642208315,0.04173954135960581,0.0017421893129102436,0.052823146034838495,0.019802489014008454,0.0003921385711499255,50.33563408851624,59.32451459821126,3519.398032313381
0.5,0.75,0.25,0.75,0.11791256729595359,0.011848351871179563,0.00014038344206328423,0.11453159747788957,0.011995534197257476,0.00014389284067757357,0.6298906869064936,0.05181550001447673,0.0026848460417502385,0.6262947928329102,0.05187100293215099,0.0026906009451872163,0.4048516786512117,0.06871434710316168,0.004721661497813784,0.7062157374913793,0.04984461729376942,0.0024844858731623374,0.7032765749729538,0.049972086836551174,0.002497209462799811,0.4004556463976055,0.07060079947022586,0.004984472885835044,0.4963283800215949,0.08262750024426985,0.006827303796616814,0.4939631567878903,0.0828226038368836,0.006859583706321367,0.31144182722084546,0.11687793072525186,0.013660450690616775,0.5966203769208359,0.10102903957426065,0.010206866837297525,0.5946448734476625,0.10141061623584102,0.010284113085333023,0.4172914031515417,0.1667531343416699,0.027806607812771018,0.6393017179515998,0.06854469884902416,0.004698375740303414,0.7350796506600027,0.06852129841339802,0.004695168336257941,0.0480131451473783,0.019010664617517586,0.000361405369199735,58.04905726909637,58.072888022287,3372.4603232490854
0.5,0.75,0.25,1.0,0.10540173002050421,0.013517651512003247,0.0001827269023999637,0.10187288303538027,0.01279640062266018,0.00016374786889561784,0.5487698318150976,0.06217511695736225,0.0038657451686616748,0.5449210902494572,0.06253516540170023,0.003910646911818006,0.3450190821173733,0.054718584598970936,0.002994123500514739,0.6737045865346466,0.0538484456048755,0.0028996550940612355,0.6708257783344522,0.05409305201493103,0.0029260582762900343,0.36580713625778305,0.0631174949080797,0.003983818163471467,0.46003950001454996,0.0670585734299024,0.004496852270453613,0.45778741730131917,0.06734784125969541,0.004535731722341132,0.3254287838594823,0.09936496685695932,0.009873396638484624,0.6216970969754039,0.10622825577848947,0.011284442325740182,0.6200363433671598,0.10667018605203953,0.011378528592376726,0.5118852428798493,0.18161751110346602,0.032984920339417606,0.42713632307005794,0.033780987480847326,0.0011411551151811637,0.583464763138894,0.02897977710111334,0.0008398274808302132,0.14248162384005844,0.03540854141419624,0.0012537648050808506,71.53374528884888,52.45690399781472,2751.72677703595
0.5,0.75,0.5,0.0,0.12700917549026944,0.011219747791058268,0.0001258827404949569,0.1250482896865554,0.011142625522094652,0.0001241581035256351,0.6130450826780879,0.04172243061560032,0.0017407612164735825,0.6098393961347972,0.04166877036589244,0.001736286423805476,0.3391350792004173,0.0436976664151198,0.0019094860501270893,0.6617733039581823,0.04945732201488725,0.002446026700884251,0.6589203472424476,0.04932086427250646,0.002432547652587004,0.3256395493376825,0.046086518475887676,0.002123967185228336,0.5183713987457591,0.1301673617567076,0.016943542066701584,0.5164043294956324,0.13052549037588623,0.017036903637865572,0.376424293706897,0.15576019362684443,0.02426123791867207,0.5853286570718745,0.13417019635935667,0.018001641591108324,0.5835908380009118,0.13448266025364378,0.01808558590889698,0.44170995040437483,0.17424622965602163,0.030361748549339027,0.6667361920801486,0.06609157349234934,0.004368096086694613,0.7962875901903415,0.04239739248616825,0.001797538889626196,0.03661250329460426,0.019573698942432473,0.00038312969028898207,39.146021246910095,55.0336287652545,3028.7002950718474
0.5,0.75,0.5,0.25,0.13325319181900777,0.006692508597951692,4.4789671333657326e-05,0.1317483345083454,0.006824731246843043,4.6576956591635794e-05,0.5954904340739433,0.06270584087441348,0.003932022479767264,0.5922878943697721,0.06252877024976539,0.003909847108947945,0.31839573142627553,0.06415760920558532,0.004116198818976605,0.6454502911371709,0.07161829465186795,0.005129180128841776,0.6425836470809067,0.071630239147151,0.005130891160278043,0.30447414927152916,0.06478085216967809,0.004196558807829687,0.5545456454631099,0.08337734580090313,0.006951781792803378,0.5527647807942373,0.08350960889985286,0.006973854778606383,0.4448994631480666,0.14667692038786853,0.021514118974469126,0.6483004613667063,0.11777044487287487,0.01386987768555486,0.6468430476447153,0.1181420879799762,0.01395755295226844,0.5610243971151468,0.19945235520549046,0.03978124199701713,0.6633613225522073,0.09343065281683102,0.008729286885779215,0.7998469120225986,0.06251563215127218,0.003908204263273175,0.04123054029299101,0.02179327711172809,0.00047494692726857135,27.283752226829527,47.26911975461324,2234.369682375968
0.5,0.75,0.5,0.5,0.12751977846753001,0.011622628125522732,0.00013508548454419208,0.12554298564526442,0.010793530404937805,0.00011650029860231686,0.6508614072010896,0.07333454928405465,0.00537795611869544,0.6476489809510457,0.0732102546859194,0.005359741391177182,0.3824165029027818,0.07682926772992225,0.005902736379916072,0.7038390685481459,0.08920454316303547,0.007957450520925858,0.7011114205080667,0.08920620414960527,0.007957746858781053,0.3767474949470456,0.07876213589295128,0.006203474050419724,0.5393227969648373,0.1667717448737499,0.02781281488823513,0.5373100810149989,0.16705691486048405,0.027908012802703015,0.4028400639014847,0.22061489710997276,0.048670932826843864,0.6288704199473975,0.20347424467940825,0.0414017682478557,0.6272636559535151,0.20398032942450336,0.04160797479212891,0.5053203285724548,0.2650708580610906,0.07026255979324285,0.6990273288275052,0.052247520721530674,0.0027298034215467773,0.8195262672259613,0.039718663890188695,0.0015775722612217794,0.032505510467244855,0.01823093152421298,0.0003323668642405427,28.387658882141114,46.72016949661843,2182.7742377927552
0.5,0.75,0.5,0.75,0.1225320941976888,0.008560201352093838,7.327704718838918e-05,0.11963864570241056,0.009118261637906532,8.314269529731793e-05,0.6171792503360459,0.05920739457828345,0.003505515572748549,0.6134245793593704,0.05943251456378541,0.0035322237873745654,0.377168337424191,0.0647571899120911,0.0041934936453106334,0.6834181176997539,0.07121697222802953,0.005071857133327929,0.6802454582002501,0.07154302694977235,0.0051184047051358525,0.36176294775713996,0.07150939398823301,0.005113593428564336,0.5203629675225223,0.11500263108647782,0.013225605156812516,0.518117858650111,0.11529308350030205,0.013292495103007621,0.3620510885896662,0.14429400554165037,0.020820760035253825,0.6319907623323235,0.13451790743482095,0.018095067420643055,0.6302119609983412,0.13497905951570813,0.018219346507745076,0.4964239100332846,0.172484310984181,0.02975083753568766,0.6839491963903096,0.0435093523241048,0.0018930637396630836,0.7764097779577656,0.036662590490608486,0.0013441455414820557,0.044569468444114815,0.01578384531891372,0.00024912977305139455,79.016774559021,57.170461896736754,3268.461713486229
0.5,0.75,0.5,1.0,0.0982592486218808,0.013275301557242495,0.000176233631435725,0.09524585014128245,0.012227456766398975,0.00014951069897415609,0.5730350596871803,0.0655540384776823,0.004297331960733453,0.568869021308028,0.06552274142646236,0.004293229644039047,0.3752258646116659,0.06801571924577837,0.004626138064520546,0.7265397004947824,0.06326259776985173,0.004002156276590048,0.7238359966862419,0.06315337133931992,0.003988348311522035,0.42344530341940106,0.07612260692260248,0.0057946512846930465,0.46628217249689063,0.09680780306646641,0.009371750734555744,0.46380579877799233,0.09694359222090879,0.009398060072693845,0.3207339827091798,0.08548193920381021,0.007307161930043906,0.6787985022094416,0.12061860620973007,0.014548848163977933,0.6772853898358758,0.1209216571560803,0.014622047169372626,0.52647563659732,0.16506913367619436,0.027247818892609323,0.4502607361941574,0.08256016203217913,0.006816180354779671,0.5906426293990592,0.07341240570224968,0.0053893813109917015,0.1376665072422871,0.05046327162941629,0.0025465417835442506,78.29863893985748,63.54191299187618,4037.5747066671634
0.5,0.75,0.75,0.0,0.11944561785229742,0.009284283522205904,8.619792052070408e-05,0.11598585423025376,0.009198326512352495,8.460921062784682e-05,0.6472098918411605,0.05969943353588316,0.003564022364505331,0.6436341626926013,0.060035994794240065,0.00360432067093402,0.421652998768755,0.0732204844340924,0.005361239340763169,0.7129688360395865,0.05702287793701666,0.0032516086082199015,0.7099815952912735,0.057384270744324714,0.0032929545288579616,0.4180035333758707,0.07546863588152705,0.0056955150018185114,0.5088829763270591,0.0818361214399132,0.00669715077232822,0.5064771000217398,0.08219725885968368,0.006756389364045847,0.3208252928958938,0.12984242293995188,0.016859054794917342,0.5966507602946808,0.09884770104757327,0.00977086800239042,0.5946005096201905,0.09934912372932828,0.00987024838578538,0.4168641840349435,0.16939063865738718,0.028693188464757515,0.7367561349286136,0.09082386572791991,0.008248974585763225,0.8162242510040887,0.07104197182504639,0.005046961760790684,0.02665434821613021,0.015416112021247982,0.00023765650985166654,65.10813326835633,66.08857824750802,4367.700174776991
0.5,0.75,0.75,0.25,0.12154924758703892,0.011597394915379608,0.00013449956882327277,0.11888174969410903,0.01137557749587147,0.0001294037633645774,0.6484880941829143,0.05567249353010272,0.0030994265358593297,0.6449182470812485,0.055892557924865235,0.0031239780313844154,0.4187550494044519,0.07521790020785121,0.005657732511678264,0.7136834863566268,0.0622431813727688,0.0038742136274033927,0.7106991709946066,0.06256386705441266,0.003914237460802223,0.40903857778767827,0.09316076499716928,0.008678928134857803,0.551368191805362,0.10284546121487952,0.010577188892501288,0.5491847067915682,0.1032250362296719,0.010655408104617077,0.37297605023596325,0.14327321238940527,0.020527213388379633,0.6472874041097227,0.13154843259229057,0.017304990117488418,0.645522520684555,0.13210020465516545,0.017450464069936597,0.48130113507398387,0.19674272366742893,0.038707699316078294,0.7330712032088901,0.08073389894535037,0.006517962438918044,0.8123774991560857,0.06510373508361665,0.004238496321837738,0.028146364289524183,0.018107547172458393,0.0003278832646028059,41.73175315856933,48.445378413619665,2346.9546896388065
0.5,0.75,0.75,0.5,0.12814810849795663,0.006126013984814285,3.75280473421402e-05,0.12467719845596854,0.005806617272410486,3.371680414825579e-05,0.6527423989959464,0.04085991566596965,0.0016695327082301519,0.6489699237930762,0.04100396716993799,0.0016813253236733525,0.416932442861402,0.04318666753909936,0.0018650882531326982,0.7257551270089009,0.055675887550308285,0.0030998044545145734,0.7226864414738062,0.056048164809131475,0.003141396778471564,0.396408916854453,0.054341350640140756,0.0029529823893947264,0.596425275268331,0.08513204560316096,0.007247465188578677,0.5943450011088975,0.0854049130823314,0.007293999178600582,0.46345746238112806,0.12028404467156727,0.01446825140255159,0.7297366691214662,0.10177379651531875,0.010357905657141507,0.7282894594856886,0.10221397684805629,0.010447697063094986,0.6216990576483797,0.14609632417339827,0.02134413593697868,0.77296697256711,0.06776140805068444,0.004591608421011362,0.8423580164323402,0.05298830709307885,0.00280776068859043,0.022548765168696562,0.014262940499245588,0.00020343147168501997,59.578297233581544,51.895326837363385,2693.1249475567683
0.5,0.75,0.75,0.75,0.11741759756834669,0.009381940270626925,8.802080324161123e-05,0.11379726149697536,0.009196190134148796,8.456991298341564e-05,0.6382887855638827,0.050750857129402825,0.0025756494993690576,0.634561754637905,0.0510228309499878,0.002603329278151033,0.43104908226048255,0.05986245048693704,0.003583512978300988,0.7119601196873276,0.054062234100552053,0.0029227251559428933,0.7089269900658015,0.05433540809798567,0.0029523365731746465,0.42757303896670484,0.07019138328297814,0.004926830287177943,0.523700314457067,0.0694963980733956,0.004829749345175864,0.5213463841916587,0.0698061573026391,0.004872899597360795,0.3264485530445043,0.1159827642851482,0.013452001611224248,0.6333782285177754,0.10763533564335531,0.011585365479057756,0.6315059991885674,0.10814968425895419,0.011696354205311482,0.46901467711451517,0.17556606752538373,0.0308234440663276,0.8906125182458471,0.07442933419549805,0.005539725788785135,0.9333001273023935,0.048984544836516875,0.002399485632840732,0.0030558006865439285,0.003016120656049762,9.096983811850046e-06,87.15504746437072,62.41363531334794,3895.4618730275924
0.5,0.75,0.75,1.0,0.11108466537369291,0.007837564919562506,6.142742386835683e-05,0.10660801976476472,0.008093567224242088,6.550583041332577e-05,0.5803365027994575,0.046554060603424444,0.002167280558667316,0.5762421534082713,0.047174127353556534,0.0022253982915695705,0.3916463860901658,0.040707206390742295,0.0016570766521384903,0.7044576533555105,0.05523922633751758,0.003051372126367496,0.7015350316211605,0.055251150122044235,0.003052689589808669,0.390083514688411,0.03978993282407211,0.001583238754144171,0.5077687154734857,0.08699796196751228,0.007568645386500713,0.505495251619502,0.08727436074983112,0.007616814044291663,0.3393511586054402,0.09419070709495579,0.008871889303047754,0.6874230551034165,0.13868344387589032,0.019233097605277222,0.6859792693477157,0.1390465268007591,0.01933393661535422,0.5688318797638466,0.1893658964521015,0.03585944273910802,0.505326132313327,0.07114369677132218,0.005061425590289838,0.6129780642906721,0.07243544515711711,0.005246893715109721,0.08582421462909344,0.03289670039627731,0.0010821928969624317,36.28945231437683,28.700308914498905,823.7077317876652
0.5,0.75,1.0,0.0,0.1040418878192501,0.012877197302615896,0.0001658222103704981,0.09921860723914255,0.012163917956902108,0.00014796090006224556,0.5575470617325151,0.04358174595579742,0.0018993685805556645,0.5531852914034655,0.043646663375288546,0.0019050312237957547,0.37150262711779847,0.055639641750771664,0.0030957697341542135,0.6942427904505025,0.05672809109132222,0.0032180763188653515,0.6911162396057531,0.05699359927830767,0.0032482703586963124,0.39756737983881957,0.0914501553438556,0.008363130912415322,0.4436891609340412,0.04691533691607963,0.0022010488379492644,0.4410453351563654,0.04721377396171191,0.002229140451707626,0.26925546376864623,0.0682493694955262,0.004657976436536861,0.6139437846022855,0.08332469652925802,0.006943005051692942,0.6120011119036848,0.08372575779265705,0.007010002517954673,0.4544553541558202,0.1594575992079725,0.025426725945170398,0.4736128084685058,0.07400861090735594,0.005477274488436405,0.6174941051322357,0.07325036680339722,0.005365616236832238,0.13284611753568262,0.02789165625765313,0.0007779444887950809,68.45010542869568,46.948587046371266,2204.1698256506997
0.5,0.75,1.0,0.25,0.10443912197354444,0.01736300331592066,0.00030147388414867183,0.10086799140826566,0.016149502572869484,0.00026080643335111805,0.5853802353563167,0.020271721511432028,0.00041094269303705604,0.5812803039695504,0.02034791460699528,0.00041403762885357183,0.3920382331923351,0.02827361381280464,0.0007993972380356173,0.6995223418991886,0.03580631706880781,0.0012820923420319976,0.6964828101108455,0.03570011982911857,0.0012744985558134248,0.4154052645808714,0.05166897883322247,0.002669683373667991,0.4534171603209666,0.09066688787513659,0.00822048455696259,0.4508327056089363,0.09112474531310102,0.008303719208377528,0.27452567568701236,0.11017641073850039,0.012138841483218744,0.6042120858261413,0.11747274804771811,0.01379984653388266,0.6022684437174861,0.11798893204641207,0.013921388085452846,0.42642713029638113,0.21059222570983333,0.044349085529421385,0.5006561993440605,0.07757362908467903,0.006017667929367362,0.6367083427900444,0.0723561596906318,0.005235413845176211,0.11644473440036882,0.03565595000194509,0.001271346770541208,88.487140083313,54.827311655832695,3006.0341034058074
0.5,0.75,1.0,0.5,0.11237784909127073,0.009869135183074335,9.739982926179567e-05,0.10805933548281892,0.010751944850414464,0.0001156043180663541,0.5802015491076251,0.050436588918900585,0.0025438495017741656,0.576353386690837,0.05026191761699025,0.0025262603625371143,0.3861810015009192,0.0631744250506166,0.003991007980475974,0.6846280686450689,0.06837874068234254,0.004675652177303047,0.6816970768381436,0.06826431388318852,0.004660016549942483,0.3931653272034063,0.07423299824878653,0.005510538029004345,0.4925596784715084,0.08835534179564306,0.0078066664238249095,0.4902937842004892,0.08869774925219015,0.007867290722404397,0.30926766726363303,0.13290909150432126,0.01766482660450404,0.6079256627289084,0.1378733599968271,0.01900906339681468,0.6060962090374524,0.138406263578061,0.01915629379763969,0.46727047050335757,0.2108054676026212,0.044438945171159774,0.5065674570008922,0.07494686307916597,0.005617032285407251,0.6488758237326016,0.08051137980283828,0.006482082277756875,0.10211904182361489,0.034906664368370935,0.0012184752173260971,74.48019037246704,51.62292858169468,2664.9267553507493
0.5,0.75,1.0,0.75,0.10045345989677545,0.009216274164906632,8.493970948272543e-05,0.09609097334820779,0.009871532440952237,9.744715273277242e-05,0.5881408356651199,0.03476253301115326,0.00120843370135152,0.5841880331531007,0.03487210506875605,0.0012160637119263613,0.40132492569470124,0.0426466094218787,0.001818733295182273,0.7035208428592306,0.05241011853464857,0.002746820524815913,0.7006420804510844,0.05240633121259267,0.002746423551163965,0.43665791575084223,0.07241295715960912,0.005243636364599386,0.43607906284020864,0.07158311304671319,0.005124142073458521,0.43351398564016375,0.07163395312766946,0.005131423240697144,0.24516157403624533,0.06707867485482144,0.004499548620278854,0.5953193058933506,0.12820918710575843,0.016437595658319377,0.5934493275482433,0.12853702861613964,0.0165217677254663,0.4066981142242869,0.15363234013678076,0.023602895935903492,0.6078673952690516,0.07474510288735157,0.005586830405640773,0.7287602604743009,0.07016170389220851,0.0049226646930579454,0.05538996207229252,0.02398657392709716,0.0005753557287600972,54.82874755859375,45.775193856309556,2095.3683725827204
0.5,0.75,1.0,1.0,0.1009747171905778,0.010165734263586657,0.00010334215311785974,0.09456619818706236,0.010697800526104459,0.00011444293609632085,0.5500188969410059,0.04404727712366061,0.0019401626220085556,0.5456322643524923,0.0442257673899248,0.0019559185012277356,0.3911643284337095,0.049935916740334894,0.002493595780697659,0.6882481674727794,0.022163090987050157,0.0004912026021002639,0.6850909573228133,0.022159786934689882,0.0004910561569908524,0.4269649771096852,0.05963946069623717,0.003556865272138018,0.4862518705547737,0.06688102774459032,0.00447307187217266,0.48385077628901796,0.06726368247943926,0.004524402980694824,0.28204601418317254,0.06824143088632617,0.004656892889413231,0.6721656933000358,0.10007704235465552,0.010015414406455515,0.6705547203164329,0.10057298905071245,0.010114926126594726,0.5225726679560132,0.15425717221953003,0.023795275181165743,0.5716633916760581,0.06152962709444578,0.0037858950103815564,0.7219149524920689,0.04236876847894057,0.0017951125424220682,0.06598261455141421,0.01962558415236382,0.00038516355332151393,113.76536116600036,32.93864706752579,1084.9544706390257
0.5,1.0,0.0,0.0,0.10571767190218984,0.009810175142576994,9.623953632803557e-05,0.10322069974734524,0.008972582409574067,8.050723509659798e-05,0.5761142076586693,0.05456963325792888,0.0029778448739048572,0.5722541371949632,0.05471647516756572,0.002993892654762836,0.3696795460126526,0.06962908564102764,0.004848209567205562,0.690612181568274,0.040887130866608355,0.0016717574705031575,0.6876966276046275,0.04100295807706002,0.0016812425710691413,0.38964124100605957,0.0739876534954876,0.005474172869768338,0.46015107508873865,0.06974349454356309,0.004864155031148013,0.4577503601983336,0.07004139385138229,0.004905796852644453,0.3088986013549557,0.13480560746321085,0.018172551803525287,0.6143497127785124,0.14678562609064197,0.021546020026821752,0.6125486666230104,0.14744011087778608,0.021738586295653853,0.45185296392746643,0.2387534922630512,0.05700323006780285,0.43423732461673337,0.03925127102420088,0.001540662277015272,0.5935858727516712,0.05443794301543222,0.0029634896397514455,0.17889847788067398,0.04536185274728453,0.0020576976846663248,43.92527344226837,47.461999039203825,2252.641352797385
0.5,1.0,0.0,0.25,0.10207708518256695,0.011326540213977372,0.00012829051321884655,0.10004542506699723,0.011320868963813971,0.0001281620740958464,0.5651093508745935,0.046344350582369735,0.0021477988309015943,0.5613148472207483,0.046450048855452224,0.0021576070386738985,0.35206129937027125,0.05412937559662227,0.0029299893024802067,0.6908335627684826,0.049686473009698646,0.002468745600143512,0.688072769918534,0.049680104111891596,0.002468112744568388,0.3877987180194626,0.06999103355527468,0.004898744778135587,0.4233673799168618,0.07279968593132168,0.005299794271699075,0.4209151865405901,0.07304123018385869,0.005335021306771429,0.2671646131757074,0.07921641520330772,0.006275240437662841,0.5790944274428184,0.08996863184942722,0.008094354716857769,0.5772443884596313,0.09020199355747727,0.008136399641743172,0.40192608073973624,0.11882503465482265,0.014119388860719805,0.46060129831550023,0.06766202601663225,0.0045781497646754194,0.6096121602372984,0.08384309809892589,0.0070296650988261105,0.1602634367645123,0.06891600460468039,0.004749415690672328,21.90481674671173,10.493396246284089,110.11136478152899
0.5,1.0,0.0,0.5,0.10977583491367757,0.016255979942642506,0.00026425688389559543,0.10620038644863583,0.014302057302330957,0.00020454884307915828,0.5748577636655352,0.07353073919820839,0.005406769607034941,0.5708236100482831,0.07377215904660277,0.005442331450397255,0.36762547279473456,0.07254604185759526,0.005262928189203964,0.7150382245670489,0.042735591905486967,0.0018263308155123234,0.7122225778624094,0.04281001791992365,0.0018326976343041841,0.3859677831463631,0.06333619973163841,0.004011474196445993,0.49826938372627366,0.08419505909015138,0.0070888079751940825,0.4959467846914576,0.08457072461855494,0.007152207462507455,0.3668879035949825,0.11877986854300744,0.014108657171094129,0.6892111670167307,0.11161607287518464,0.012458147724078529,0.6876863160077248,0.11214860735073343,0.012577310130708978,0.5633569730940982,0.20873008728849327,0.04356824933946202,0.4161071250939233,0.029502248699150902,0.0008703826783065512,0.5535232491569423,0.04959093012433965,0.0024592603505971377,0.19668590054212182,0.04334536643830973,0.0018788207916713478,45.770453214645386,53.08164259486388,2817.6607805688673
0.5,1.0,0.0,0.75,0.10295481323968196,0.007542854562550888,5.689465495179474e-05,0.09953620415337867,0.007726690572784229,5.9701747207552684e-05,0.5782412160640289,0.045369824906569885,0.0020584210120528092,0.5738288503685743,0.04547855909090772,0.0020682993369851854,0.3883391599289487,0.052405197406171604,0.002746304715179815,0.728203327946244,0.057906008696845736,0.003353105843199174,0.7252815041948889,0.058092772570173756,0.0033747702248899322,0.42659159063166435,0.07581114570237843,0.005747329812707251,0.4344350008670779,0.043225829847472745,0.0018684723660026656,0.4316262834343081,0.043173378373368265,0.0018639406001700227,0.24591876893722953,0.0594667193440169,0.003536290709540074,0.6098897548592094,0.0858460629175876,0.0073695465184504105,0.6078564776410544,0.08615912072184258,0.0074233940835610425,0.42069052436315363,0.13060225999699362,0.017056950316322324,0.4326338953658273,0.07787313156761176,0.00606422462014657,0.5897446617981494,0.08814017846398843,0.00776869105966373,0.14857110258017941,0.04009480514139724,0.0016075933993266146,51.621031928062436,51.58890591839324,2661.415213856829
0.5,1.0,0.0,1.0,0.10061509271091171,0.010412339617897242,0.00010841681631843246,0.09526508550499355,0.010428302418356494,0.00010874949132869989,0.5766361772838651,0.030104166242290616,0.0009062608251434699,0.5727386243183431,0.030257599409260545,0.0009155223220112842,0.40090004223903275,0.035065503568920894,0.001229589540542004,0.6938764426733792,0.02447266388913312,0.0005989112778304801,0.6909876569751923,0.024438062272002264,0.0005972188876102605,0.44048200535172866,0.04378301129018413,0.001916952077636391,0.4220745031309795,0.06276360701206037,0.0039392703651643535,0.4195043544753695,0.06322158827122006,0.003996969223535669,0.23952506605360963,0.07632053295199932,0.0058248237500772146,0.569308153443722,0.08359582921572366,0.006988262662264436,0.5673209310264504,0.08402325904341663,0.007059908060277094,0.36800329863851033,0.12508118233494095,0.015645302174306746,0.54076117195523,0.0949053112758061,0.00900701810835765,0.6580158780116362,0.09017504358677582,0.00813153848587692,0.09524673009682741,0.04703954901851319,0.002212719171865105,83.25715308189392,60.07453116770358,3608.9492950193894
0.5,1.0,0.25,0.0,0.10974256333685832,0.011836440415501496,0.00014010132170971722,0.10580385477299874,0.011189838378856797,0.00012521248294493652,0.587112486045882,0.03617342869084266,0.0013085169432514791,0.5834447955573465,0.03607337935724268,0.0013012886982515424,0.38393630941392076,0.04666583484208322,0.002177700141508588,0.6906902242401001,0.03691139091318208,0.0013624507791457406,0.6878726197412204,0.03689354118171134,0.0013611333809266306,0.40247692572822125,0.057445091834032146,0.0032999385758203867,0.4708847516112784,0.09475020065526682,0.008977600524213326,0.4685978027053007,0.09508398667520257,0.0090409645220501,0.3015428688803108,0.11716363270049009,0.013727316827575348,0.602298521588326,0.11289598592356344,0.012745503637653434,0.6005190810469048,0.11330994682183285,0.012839144048766588,0.41821139083961023,0.16757419504527157,0.028081110845070718,0.45045693395341174,0.036741484000012474,0.0013499366465231728,0.6187719103796437,0.05321063494875615,0.0028313716716497897,0.14049058547566864,0.03873812035785332,0.0015006419688595298,66.27976324558259,58.43708868494261,3414.8933339718474
0.5,1.0,0.25,0.25,0.10733990386192074,0.010580336880956026,0.00011194352851451828,0.10326535473129521,0.00979288820506475,9.590065939689628e-05,0.5851387044398182,0.030098496170591977,0.0009059194717311399,0.5811584930347331,0.03027446455491042,0.0009165432040865273,0.3777588724848062,0.029717597032327243,0.0008831355733757851,0.7107881105692346,0.03466041562470521,0.001201344411277309,0.707920831165801,0.034706131495415335,0.00120451556337706,0.3971783273160673,0.041145807536065115,0.001692977477794913,0.4582109836621046,0.10159903606667112,0.010322364129676739,0.45572775193551385,0.10195202686959207,0.010394215782818024,0.28571510881782197,0.13646771783869915,0.018623438012102804,0.601349396746171,0.1554349656905295,0.024160028559216087,0.59944311110443,0.15609259245458487,0.024364897419193128,0.41643750899584964,0.22706027509054688,0.051556368524194825,0.44694981801921047,0.047591681623754746,0.002264968159776835,0.5853123757406917,0.07338776317909262,0.005385763784430584,0.18011941959850536,0.041821873584828854,0.0017490691101454056,51.75455648899079,57.95820342511007,3359.153344266441
0.5,1.0,0.25,0.5,0.11297627843563747,0.008034674794263938,6.455599904958025e-05,0.10934490504484665,0.007568681644484945,5.728494183556333e-05,0.5872042809324076,0.05154462083659901,0.0026568479371887567,0.5832015955084149,0.051649951946827796,0.0026677175361096202,0.38398129096410494,0.0640157107338146,0.004098011220755426,0.7142312971812439,0.06286378085576068,0.003951854943481103,0.711411555518025,0.0630026128579168,0.003969329226924545,0.39901604100257154,0.07101574660893556,0.005043236266424542,0.4976469751464457,0.0971256501213566,0.009433391911496178,0.4953320293759587,0.09731001885230273,0.009469239769035513,0.35113288078129845,0.12497643751140632,0.015619109933042448,0.6663997386616908,0.158606049941845,0.025155879078155023,0.6648370126311336,0.15918864170345273,0.02534102364739025,0.5415666664508725,0.21351853358768155,0.0455901641854339,0.4183168068545153,0.04556592603392438,0.0020762536153290673,0.5716928560585772,0.07327060581644286,0.005368581676708551,0.16135688329846054,0.04712615151606754,0.002220874156715355,35.588564825057986,32.32813182588404,1045.1081073517366
0.5,1.0,0.25,0.75,0.10362437348065208,0.011574955310633607,0.00013397959044316514,0.09956451080973858,0.011400685202405197,0.00012997562308434082,0.5716745892203684,0.05383646240105515,0.0028983646838602246,0.5675495661213139,0.05398999751559884,0.002914919831734369,0.37899530474767124,0.05928225939456431,0.003514386278924408,0.7120935437081688,0.0594072340046378,0.0035292194520817935,0.70925416802724,0.0595716927190333,0.003548786573410925,0.4141057724193529,0.08095962310640355,0.006554460573530912,0.4435126405494045,0.054988517604286365,0.0030237370683169115,0.44094319307142804,0.055057285379300165,0.0030313046733376997,0.2628176207590514,0.07139157297731805,0.005096756692175729,0.5981695352518306,0.09412015776645277,0.00885860409798196,0.596248900141297,0.09436841414025975,0.008905397587347576,0.41852793402610294,0.12875286468333508,0.016577300164165195,0.4641716468757847,0.08404795738417498,0.007064059140452094,0.6150422044577935,0.06997329167391325,0.004896261547682537,0.1336557509450688,0.04725493027511741,0.002233028435306208,82.72742247581482,62.82738641603506,3947.280483869787
0.5,1.0,0.25,1.0,0.10223340859898085,0.011374098072047357,0.0001293701069525514,0.09777662199717223,0.010767398040219795,0.00011593686055652908,0.5391837516391765,0.036998799391461654,0.0013689111564096233,0.5354059271243201,0.03694956751270973,0.0013652705393762945,0.35464009069969493,0.041336564157951484,0.0017087115363844396,0.6750625746178454,0.05296026291770845,0.002804789448312805,0.6723530957450655,0.05304414910866838,0.002813681754662644,0.3940379562174897,0.06941393400818544,0.004818294234492723,0.4017686597188857,0.08688013214706382,0.007548157361891271,0.39938906879992925,0.08709612628525887,0.00758573521389776,0.23258892834082748,0.08157260473477096,0.006654089843215178,0.5678023097503175,0.10430208382466796,0.010878924690168063,0.5660250573112754,0.10456576291074914,0.010933998773106999,0.42321157610974414,0.1526744165093204,0.023309477456461444,0.4726378138523085,0.09877038392085206,0.009755588739872511,0.5964773876836544,0.10814300943081974,0.011694910488754366,0.11425407958249731,0.04709748665383284,0.002218173249107963,89.69647324085236,54.50799852833153,2971.121903564592
0.5,1.0,0.5,0.0,0.09843781109361574,0.013429045261673406,0.00018033925664007294,0.09554495244567465,0.012074869932587749,0.00014580248388891166,0.5870215951758939,0.05724743636786006,0.0032772689706921866,0.5829185942646069,0.05774816614006178,0.0033348506925401774,0.39129827131143274,0.06419897820280321,0.004121508802284002,0.7177738754455671,0.022990533296386645,0.000528564621252263,0.7148837183026261,0.023172746963640935,0.0005369762018409301,0.43638888206510273,0.061097190849993106,0.0037328667297604817,0.4770209392353107,0.06092286625527205,0.003711595632757766,0.4745282764931888,0.06125692917945531,0.0037524113724968036,0.3076490366707937,0.09235852579000377,0.008530097286102791,0.6363508646586532,0.08016925495897748,0.006427109440677535,0.6345488044581584,0.0805836720218615,0.006493728196526943,0.4361813577759365,0.1572497454419184,0.024727482441548137,0.47530308716181774,0.054139831759885945,0.002931121382988755,0.6224630332357857,0.0770265207763637,0.0059330849029115874,0.16088541652070582,0.041826677120946676,0.001749470918979924,51.26182351112366,52.19598226060652,2724.4205641495505
0.5,1.0,0.5,0.25,0.10737685655522271,0.013443343828838484,0.00018072349330036975,0.10438888595858468,0.012595416960590291,0.00015864452841112556,0.587876356055743,0.052656470103667447,0.0027727038437784235,0.5841045643193168,0.05305480796181291,0.0028148126478648463,0.37813339916965727,0.054750125503270124,0.0029975762426238295,0.7125953212527291,0.04060030847155388,0.0016483850479853297,0.7099123681692872,0.04059403250076154,0.0016478754746728844,0.40964287046319237,0.04895811415772237,0.002396896941880575,0.5008092188631594,0.0830746736774334,0.006901401406612046,0.49859281538991623,0.08347315357605066,0.00696776736793094,0.3473257606352759,0.10899272290987853,0.01187941364730956,0.6483015708423416,0.1237401305963586,0.015311619920003884,0.6466857413990494,0.12427822754177877,0.01544507784092614,0.5003053576290407,0.17808578407118908,0.03171454648825018,0.4538343339639561,0.036369004956216804,0.0013227045215053223,0.5970519856221165,0.06265945011859206,0.003926206689164326,0.1526448922664132,0.05412517937182471,0.0029295350420321994,29.32825884819031,25.173916411460507,633.7260674912006
0.5,1.0,0.5,0.5,0.10675601158066432,0.012014965808251584,0.00014435940337345464,0.10335527365553157,0.011310344901343044,0.0001279239017873366,0.5784523069234171,0.053635090642846335,0.002876722948266342,0.5744571936504926,0.05363390609730058,0.0028765958832540563,0.3722240983676141,0.05361247464136905,0.0028742974371714393,0.7087464683997841,0.058580842527972236,0.0034317151112870804,0.7059095664324979,0.058664147146931044,0.0034414821604767773,0.38894659720978675,0.06101951129998619,0.003723380759289142,0.46901159968028844,0.08581678134436606,0.007364519960306735,0.466612089636949,0.08586061339226725,0.007372044932096382,0.3182043830348326,0.10100952297500315,0.01020292373163769,0.6400349605672112,0.14669567449794624,0.02151962091640739,0.6383671994887927,0.14717342618807594,0.021660017375937035,0.4868214024144029,0.20455135742720248,0.041841257825311146,0.4496800644802056,0.0544833031940461,0.0029684303269343544,0.5830554657909144,0.0781433125356825,0.006106377294049354,0.1633173441803575,0.04929725774395782,0.00243021962107421,38.47998216152191,27.901847957068032,778.5131194193415
0.5,1.0,0.5,0.75,0.10366666183962092,0.01395833855671872,0.00019483521526398044,0.09964171372559938,0.014264098830169745,0.00020346451543684987,0.5458111323083743,0.04965597092829231,0.0024657154488314115,0.5414573422397824,0.04941419492978251,0.0024417626605585433,0.35007941772580325,0.05817633112913562,0.003384485503646834,0.7049367248081986,0.07668514641921693,0.00588061168133674,0.7020938161313984,0.07659552050127316,0.0058668737608609575,0.3903425883686103,0.0711513827991513,0.005062519274231364,0.48354280114504755,0.08174932572068494,0.00668295225578664,0.4811184544009975,0.08221988293213643,0.006760109149374221,0.34810264045748707,0.12871193830648242,0.016566763062611737,0.6838424116841969,0.13163839768508828,0.01732866774509746,0.682299579945639,0.13221902282475695,0.017481869996733596,0.5673745804903292,0.21358773471921438,0.0456197204224855,0.44520094216345507,0.07250779657621868,0.00525738056433831,0.5913402089911266,0.07109719478980077,0.005054811106978873,0.13708004303326501,0.045440694848852964,0.0020648567483465725,65.36346206665038,51.32031737880387,2633.7749758611585
0.5,1.0,0.5,1.0,0.10548154237058423,0.010610938538439708,0.00011259201666654502,0.10154218314568313,0.009888363874905791,9.777974012254185e-05,0.5430539114824858,0.03908381605844441,0.001527544677690317,0.5392838926788721,0.03924937873274949,0.0015405137309068076,0.3578362610078363,0.04482044593413053,0.002008872373734318,0.6613874202184322,0.027254462227687088,0.0007428057113204223,0.6584849149585837,0.027482119388009874,0.0007552668860568282,0.3773439093469916,0.038932157000751276,0.0015157128487311463,0.3983507780878142,0.08625431319239556,0.007439806544291863,0.3959499656673714,0.08645920682352091,0.0074751944445523655,0.21747759606183098,0.07512229007621662,0.005643358466295234,0.5453992183171086,0.09842029821412496,0.009686555100557288,0.5435015193791651,0.09873678298727888,0.009748952314677005,0.40691260714351973,0.1574369604795078,0.024786396525026108,0.493343234229477,0.06686039734243086,0.0044703127327877365,0.6196055881611497,0.056360747835523056,0.0031765338965794167,0.12735479536645372,0.05257258498562816,0.0027638766920710955,62.98363370895386,30.464353961251586,928.0768622764252
0.5,1.0,0.75,0.0,0.09523070294473766,0.011840982136276256,0.00014020885795161338,0.09203101245276177,0.01201479897242371,0.00014435539434775382,0.5739772570362939,0.040371069980126024,0.0016298232913402328,0.5694574636006884,0.04037559734688386,0.001630188861117695,0.38503325353228524,0.04325096175908991,0.0018706456930862583,0.729400635241687,0.05172485925818201,0.002675461065278737,0.7264519394482882,0.05183701082096924,0.0026870756908532823,0.4432420830874448,0.06982560923130969,0.004875615704523561,0.4124266727138483,0.05624369908401222,0.003163353686652917,0.40947053070083006,0.056380393216945324,0.003178748739297374,0.2139421473156616,0.05228648853714068,0.0027338768835445436,0.59161350089601,0.07292583656791578,0.005318177639130363,0.5894585344903053,0.07317377719353411,0.005354401668768974,0.35906016405732116,0.10570167047963955,0.011172843142186303,0.4805473219648377,0.06104001512524798,0.0037258834464905027,0.6245767061913459,0.06753951443909703,0.004561586010668997,0.11692509462313257,0.02698980991423852,0.0007284498392067279,111.59942102432251,39.50185457117592,1560.3965145623317
0.5,1.0,0.75,0.25,0.097665440944665,0.013167642100595475,0.00017338679848937443,0.09381275846128416,0.012214394659471751,0.00014919143689733205,0.5598715767089915,0.03449717869971836,0.0011900553382403025,0.555612920925124,0.03466686987553617,0.0012017918669673569,0.3692441617515372,0.04064874252143851,0.0016523202685742033,0.7083899067343421,0.055577228286815,0.0030888283040447495,0.7054981789481601,0.05588905366530932,0.0031235863196038254,0.4217591999077041,0.07755530162700859,0.00601482481045628,0.42289373635347494,0.04969174394568727,0.002469269416363747,0.4202348053530988,0.04966036249582325,0.0024661516032165685,0.24856510455015934,0.05568544960422259,0.0031008692976244134,0.5955210185192914,0.08746459107383005,0.00765005469171231,0.5935908012671495,0.08765430494991377,0.0076832771762524775,0.4096340193741829,0.11893667569054142,0.014145932824317028,0.47892943950527755,0.05728044389706479,0.0032810492530447872,0.6278257581715021,0.056432346690932306,0.0031846097530455783,0.11523575282047693,0.029456295172376842,0.0008676733252821912,68.39380612373353,47.550021327562916,2261.004528251688
0.5,1.0,0.75,0.5,0.10352275576496046,0.015028718815870215,0.00022586238924649142,0.09801736823276697,0.014710620905731324,0.0002164023674321395,0.5829714937018969,0.03904069373629548,0.001524175767411221,0.5787264130479779,0.03901007774737833,0.0015217861658565017,0.40156586379534237,0.05921914050403689,0.003506906602036863,0.7216251274717711,0.04315834679324211,0.0018626428979257518,0.7187147736900242,0.04318831710423729,0.001865230734296155,0.44148361279901016,0.07520353081785708,0.005655571047472379,0.4739342554088591,0.0975614497929985,0.009518236485711765,0.4713790326518511,0.09796473186321611,0.009597088689031828,0.29392459246601527,0.09244166441074046,0.008545461319027961,0.6506978776456095,0.10124483457348299,0.010250516527811938,0.6489271229958347,0.10165010585180499,0.01033274401968316,0.4640041802819489,0.14951652788909017,0.02235519211200908,0.5217271597579527,0.064462787205164,0.004155450934258256,0.6564396300860068,0.06541298813711706,0.0042788590170266165,0.10024270193855914,0.02944057264905211,0.0008667473179041151,87.9274135351181,51.11347722459468,2612.5875539891595
0.5,1.0,0.75,0.75,0.10789024805346976,0.009006111372349381,8.111004205116084e-05,0.10284197707480744,0.00795929055550765,6.335030614699328e-05,0.5822984248212898,0.029504300633382687,0.000870503755865026,0.5778372979379323,0.029931500621275187,0.000895894729441397,0.41109936039796213,0.02673678639929185,0.0007148557469613578,0.7223695064538221,0.04154378024360328,0.001725885676928802,0.719315844303683,0.04153635620206953,0.0017252688865452,0.4227269493456388,0.04639229143190767,0.002152244704303054,0.50616336325671,0.04536711288327914,0.002058174931364192,0.5036872760517623,0.0454302427668514,0.002063906957855054,0.3223458397310947,0.055561269535024035,0.00308705467234359,0.6911228390759485,0.11171416443038272,0.012480054534378587,0.6895277936227651,0.11206129392088716,0.012557733595223464,0.543584086074711,0.18033766919918134,0.032521674932193365,0.5457556934130972,0.09898826628289374,0.009798676861693077,0.6490637257461842,0.09866102637996545,0.009733998126348238,0.08076619276568074,0.02960413173035065,0.0008764046155079542,78.26214969158173,41.26765760211566,1703.0195639654546
0.5,1.0,0.75,1.0,0.10501053088894627,0.010590326103054123,0.00011215500696902953,0.09796741201424257,0.010680116876206455,0.0001140648964894299,0.5326297707396224,0.03266451227942149,0.0010669703624524773,0.5284340864307733,0.03268920140899166,0.0010685838887576225,0.36343984410207286,0.04011042244225719,0.001608845988496329,0.6700871345804567,0.03339271934862779,0.0011150737054962205,0.6670340413801101,0.03324719363976717,0.0011053758849201747,0.3884385967681546,0.0555463187329024,0.003085393524777184,0.4515687158204408,0.0262143241418408,0.0006871907902134975,0.4491984363414511,0.026297872113519707,0.0006915780776990374,0.2662769081781976,0.029366177499826042,0.0008623723809512893,0.6509491774886607,0.05180001448794093,0.00268324150095089,0.6493765755231299,0.05186296185214102,0.0026897668120766344,0.5539125634376989,0.09541546536597999,0.009104111031006527,0.5714337607424803,0.07502006471741113,0.005628010110204553,0.7213004938437468,0.05117332142918481,0.0026187088260946657,0.06455994255684164,0.03169904993359733,0.0010048297666926968,81.02974357604981,42.07553318528371,1770.350492825911
0.5,1.0,1.0,0.0,0.10063434985234736,0.011266742877215156,0.00012693949506127844,0.0957506154113246,0.010843507975940987,0.0001175816652242958,0.5240989304325879,0.06038364608354264,0.003646184714342534,0.5201907362833404,0.059960443777388774,0.0035952548179814,0.3448189860123472,0.0687022208817393,0.004719995154083296,0.6493296925050482,0.06612768656093139,0.004372870929900786,0.6464226262345913,0.06592493825878813,0.004346097484425028,0.389191057018111,0.07711348996145162,0.0059464903340349,0.38948733077272113,0.08839334917010502,0.007813384177508107,0.38707568437367235,0.08821964339030376,0.007782705479912367,0.21058073947418315,0.06570999389089041,0.004317803297140855,0.5430851862657093,0.11828120952034964,0.01399044452559685,0.5412545413459042,0.11839289553410705,0.014016877712949984,0.3859290574478565,0.1371339990613959,0.01880573369857093,0.5835609539572282,0.15718216145034106,0.024706231878201083,0.7049829011814719,0.12119861916255674,0.014689105286910467,0.08926408331006438,0.062871455281922,0.003952819889266719,77.63105268478394,57.73208368533588,3332.993486650625
0.5,1.0,1.0,0.25,0.10740106176733821,0.006683274723518861,4.46661610300261e-05,0.1014699442522439,0.006686066374700243,4.470348356689725e-05,0.5576852990678333,0.039236047162313395,0.001539467396923281,0.553818576810289,0.03906191337478865,0.0015258330764994924,0.3840303601492934,0.05416923349149665,0.002934305857056283,0.6643250766748082,0.03385045401794615,0.0011458532372210864,0.6612881736222217,0.03385048822766003,0.0011458555532509504,0.4027165903223612,0.06255984490554434,0.0039137341946057615,0.4105610849956192,0.05816814610088795,0.003383533220814246,0.40807417774452287,0.05821268841347164,0.0033887170923239352,0.21982548900460847,0.05473485014966129,0.002995903820905877,0.5444166944228368,0.09816591547279574,0.009636546960612079,0.5424179650749207,0.0984504705498873,0.009692495151494228,0.39195587647122954,0.14998636130940537,0.022495908578835495,0.5232725443877889,0.06364432831808693,0.004050600527060443,0.6419986498997313,0.06298829882818693,0.003967525789268975,0.09711416792265176,0.0380743863807315,0.0014496588982692322,65.47548835277557,37.195598631966085,1383.512557590317
0.5,1.0,1.0,0.5,0.10259790600261035,0.013207727437473076,0.0001744440640625791,0.09572576263555166,0.01078011877018255,0.00011621096069924212,0.5622262931088338,0.045296712094856806,0.0020517921266043466,0.557958311205353,0.04544111169942737,0.002064894632479835,0.40256728083245275,0.0559948064348077,0.0031354183476715817,0.6897364298256641,0.022067823546227664,0.00048698883606744015,0.6866041772636201,0.021996462669420836,0.00048384436996722443,0.4353784794579852,0.043013579434204495,0.0018501680157426198,0.41763494833252013,0.09564691439766027,0.009148332233793351,0.4149665104852181,0.09576141571520816,0.009170248739780916,0.21369960953459222,0.08339943945513198,0.006955466501430224,0.5630903907340402,0.13228496280214294,0.017499311383564344,0.5610260533096515,0.13265176588583644,0.017596490992630758,0.39055713470711856,0.19004781620579098,0.03611817244459011,0.5327914432588903,0.10949857520255772,0.01198993797139019,0.6694845573974461,0.07785663528910024,0.006061655658539967,0.10232355878394683,0.0572221552692918,0.003274375053662939,77.897975730896,42.782141867697504,1830.311662787796
0.5,1.0,1.0,0.75,0.0994348264234041,0.007141436860045672,5.100012042601898e-05,0.09359662763046817,0.009000703701892772,8.101266712926623e-05,0.5512893741857228,0.057527247948505646,0.0033093842565288466,0.5472649187336505,0.05786195005401371,0.0033480052640531776,0.38253535717651466,0.058128603104707806,0.003378934498904646,0.6697802766198431,0.03390189564132229,0.001149338528075107,0.6667758882369209,0.03372228876257352,0.0011371927593863925,0.42599631620399225,0.05366376403567002,0.0028797995704760706,0.423329379050299,0.041889792580186484,0.0017547547224110469,0.4208353658551234,0.04208444174759625,0.0017711002372068222,0.2243632240166861,0.038889947176210915,0.0015124279913684752,0.5556159647196933,0.07367199042201915,0.0054275621727420805,0.553653261215507,0.07387268702011633,0.005457173887572064,0.36945608858081413,0.13458515993129516,0.018113165273732294,0.691377927388005,0.09040558294934549,0.008173169428410988,0.7932595879421775,0.05854004129600231,0.0034269364349376556,0.0374613835705499,0.02345107865364155,0.0005499530900192823,74.916055393219,48.91875976986995,2393.045057422247
0.5,1.0,1.0,1.0,0.09943704779504961,0.0065417682263433355,4.279473152719523e-05,0.09526938759347808,0.005035051737286194,2.535174599714872e-05,0.5449309317323052,0.044414961736280456,0.001972688826035257,0.5409517895179511,0.044430843889747426,0.001974099888755106,0.3765712442998904,0.0479465893449864,0.002298875429816763,0.6556552667398534,0.03243579389770758,0.0010520807257745643,0.6526253572635788,0.03255999484297151,0.001060153264174331,0.4103736633147328,0.060669893134561025,0.0036808359329590546,0.42829319806311383,0.07014418134913185,0.004920206177139896,0.42586726135968406,0.07046451074903688,0.0049652472751011345,0.22447869849813223,0.06994303090899703,0.004892027572736915,0.5688155190336932,0.08491114489951075,0.00720990252814571,0.5669586449444196,0.08528281648948564,0.007273158788379284,0.38757518009636593,0.14546961780888695,0.02116140970546364,0.9664678703076541,0.009321157664897394,8.688398021387546e-05,0.9821404851585347,0.003950258358160391,1.5604541096216026e-05,0.00013534752919315963,6.80839957901386e-05,4.6354304827516106e-09,73.48661634922027,34.323846692440526,1178.1264517661602
0.8,0.0,0.0,0.0,0.13721717950670106,0.005007303535261826,2.5073088694245574e-05,0.13661840146060897,0.005402564731737521,2.9187705680614106e-05,0.6975691977189042,0.062040023136970573,0.003848964470835844,0.6949458584021573,0.06201507746938375,0.0038458698335336675,0.3543963408153278,0.057193877141659875,0.0032711395824952844,0.6951983386094814,0.06590510856384667,0.004343483334812415,0.6925434987130683,0.06590670310823274,0.004343693514596736,0.3453127106305887,0.060780567794379535,0.003694277421407167,0.6717447923237724,0.10960498243727451,0.012013252175075255,0.6700585657579344,0.10988132543415459,0.012073905679166587,0.5196401109330925,0.1486019473885394,0.022082538767666235,0.6603794829764704,0.11270193466945697,0.012701726078238546,0.6585841902628743,0.11299649770599662,0.0127682084938213,0.5084725593325279,0.15659404580104078,0.02452169518033846,0.3859907961283655,0.25043997508569127,0.06272018112092168,0.4813162049223193,0.27103112112812516,0.07345786861996845,0.16694884463079226,0.1388390927332352,0.019276293670987883,4.615518641471863,1.0431213043085608,1.0881020555023933
0.8,0.0,0.0,0.25,0.14218537667926595,0.011502943410842285,0.00013231770711303996,0.14207873829847698,0.010945028461413276,0.00011979364802114665,0.6994447470828438,0.0275843056777685,0.0007608939197245716,0.6966637117843798,0.027567816753119024,0.0007599845205335499,0.3383361322882705,0.04020895993931751,0.0016167604594016403,0.6964145422572852,0.0352135577387929,0.0012399946486233012,0.693577055673888,0.035408323491256784,0.0012537493724614867,0.33298014625762906,0.05638644991386409,0.003179431733888703,0.6983917465987292,0.09972253296647957,0.009944583581250605,0.6967472799519634,0.10021522814504269,0.010043091952162957,0.5401431558992735,0.15783368939445958,0.02491147350786674,0.6895828262368793,0.09193936463512158,0.008452846769509845,0.6878346719612523,0.09240938163663874,0.008539493814465945,0.5369166992899536,0.15104148698197462,0.022813530789726005,0.49555580832159174,0.19056836011028172,0.03631629987512201,0.6113684400803414,0.2129480133660936,0.04534685639656597,0.09472024928118494,0.11463808609683902,0.013141890783946278,5.239536118507385,1.4193722336952193,2.014617537784956
0.8,0.0,0.0,0.5,0.13793565184303447,0.010787976289170128,0.00011638043241569688,0.13651981406627126,0.011304602781475794,0.00012779404404695025,0.7043103053465612,0.060745133811311046,0.0036899712817540847,0.7016434305600212,0.06069714912045596,0.0036841439113508676,0.36949788530367284,0.07069354557137526,0.004997577385452112,0.7002114333387441,0.06068929493706174,0.003683190519957668,0.6974603729172649,0.060699282496832395,0.0036844028956302638,0.3511640953674642,0.07022736198654757,0.004931882371589586,0.7331730912770995,0.14303716906228628,0.020459631733353065,0.7318190688058173,0.14350943626348608,0.020594958296663572,0.5903991603737226,0.2126471509774724,0.04521881081883594,0.7223416018945852,0.14081311363240054,0.019828332970851348,0.7208674400600871,0.14128504491380914,0.019961463916297068,0.578453316062616,0.21812084316894706,0.0475767022247324,0.5053225776930511,0.20455473711416927,0.041842640475846904,0.6181852485748314,0.22584001328596692,0.05100371160100571,0.09142040932496384,0.11686585204859219,0.01365762737504344,20.03975911140442,43.64959919544428,1905.2875099229302
0.8,0.0,0.0,0.75,0.12474573120631402,0.008217191378653645,6.75222341534198e-05,0.12331632000991673,0.007833564969230595,6.136474012715672e-05,0.6463937955973577,0.06749630099069893,0.004555750647427027,0.6434368580136003,0.06734533029001115,0.004535393511870693,0.3693413953869556,0.06707874422274021,0.004499557926499803,0.6899258486503765,0.08006157394636192,0.0064098556227687765,0.6873363931433758,0.08006140278649922,0.006409828216142065,0.365965773281427,0.06650243369476301,0.00442257368732635,0.597318346819827,0.13471704686812927,0.018148682716869736,0.5953625214405864,0.13501196030381965,0.018228229425080174,0.4339385216335979,0.18555113733878437,0.03442922456771642,0.6387711739624612,0.16332403974037604,0.026674741957115933,0.6369812261318311,0.16381238015021835,0.026834495890479648,0.4800388311442784,0.21516571692814737,0.04629628574120364,0.3523834845265938,0.19718769954976684,0.038882988853729115,0.46077316381198286,0.22118593034931583,0.048923215784492394,0.19240315636915598,0.13989078237970784,0.01956943099480678,46.97835011482239,60.16552970804694,3619.890965049879
0.8,0.0,0.0,1.0,0.10625348514978157,0.015697507118994234,0.0002464117297508746,0.10329374051711229,0.015033162525703914,0.00022599597552422845,0.5654874770254473,0.06772373859724971,0.00458650476958861,0.5617236304621926,0.06787371160214346,0.0046068407266509435,0.35090076094343875,0.07544245270940583,0.005691563670810936,0.7010420850117305,0.059702577924919696,0.0035643978108811083,0.6984189599686113,0.059643185534842456,0.0035573095807436405,0.3849249049553344,0.07273821377764157,0.005290847743561886,0.5067100404197149,0.0818244531536687,0.006695241133896922,0.5042115397664164,0.08196245364729919,0.006717843807885668,0.35720963654457283,0.074027445158822,0.005480062636742398,0.6478290459492266,0.07784597992811264,0.006059996590968115,0.6459645685377234,0.07788769301301449,0.006066492722889586,0.469576630570318,0.08993637226765147,0.008088551056665588,0.32840244795918067,0.17157344485727255,0.02943744698019154,0.46641993434443485,0.21680559813688394,0.047004667383492016,0.28046142869736423,0.21874035584189888,0.04784734327384055,26.483561158180237,33.862605346267266,1146.6760408370483
0.8,0.0,0.25,0.0,0.12863298647666618,0.010765892482619117,0.00011590444094731481,0.12828060757121426,0.01030675194638359,0.00010622913568428194,0.672188514549847,0.08709278140318007,0.007585152572542109,0.6697121746159979,0.08686968078484536,0.007546341439660931,0.3553328190807705,0.07872445479896586,0.00619753978339442,0.6717917022995875,0.08548324186135493,0.007307384639126904,0.6692960978404712,0.0852661130950642,0.007270310042340278,0.3503245463431579,0.0831685187610442,0.006917002512906161,0.6337314543610675,0.15875679882068178,0.025203721171790427,0.6320696181948592,0.1592560621735932,0.02536249333903938,0.4774067694727808,0.2382310871664226,0.05675405089249565,0.6270369298254199,0.1643049775602376,0.026996125651070183,0.6252978606943451,0.16485169841547043,0.027176082470465216,0.47515552600872624,0.246511073422708,0.06076770932001574,0.5147667656768513,0.2752219382888499,0.0757471153154715,0.6126048514661383,0.27826687941402045,0.07743245617881699,0.10741673070239213,0.12972697082913526,0.01682908696050331,5.15040078163147,1.4361265973030348,2.062459603481193
0.8,0.0,0.25,0.25,0.1337909958928937,0.009307482429456462,8.662922917464079e-05,0.13316201700156027,0.009310503984738169,8.668548444982534e-05,0.6960440388924526,0.026060181677615958,0.0006791330690703504,0.6934744258261262,0.02606040139062459,0.000679144520640468,0.3642953969688572,0.0319553457607867,0.0010211441226914285,0.693115347671058,0.025388399640809363,0.000644570836321449,0.6905112210737998,0.02533208223080417,0.0006417143901482244,0.3551275167734492,0.02618451713057877,0.0006856289373615731,0.6557665000189465,0.13414704037716274,0.017995428441952132,0.6540392359792024,0.13474094550659294,0.018155122396010647,0.498592259887082,0.20404225293565992,0.04163324098305982,0.6471837105044901,0.136667496189153,0.018678004514612146,0.6453666184438198,0.13727916211106986,0.0188455683499174,0.49033295795212856,0.2054193629734845,0.04219711468443218,0.46053849647244316,0.22553947469314156,0.05086805464485824,0.5713221326102274,0.2532861142221178,0.0641538556577397,0.11874589310758712,0.1412787749391502,0.019959692248307053,6.421526479721069,1.9612779328464767,3.8466111298705488
0.8,0.0,0.25,0.5,0.1323735673768768,0.010483855991461304,0.00010991123644969907,0.13120742387010131,0.01024962309984735,0.00010505477368892441,0.7003557760994562,0.05211902239211248,0.0027163924951095226,0.6977480570208635,0.05215243245144874,0.002719876210602923,0.37955227200793923,0.06896191387492648,0.004755745565292777,0.6967652413436797,0.050129499597363444,0.0025129667298820616,0.6940871159801241,0.05020779796153531,0.0025208229761463493,0.36806829657440543,0.07623222574248227,0.0058113522416527764,0.6345961049536729,0.07777282016180528,0.0060486115559205056,0.6326933510871005,0.07812750560293291,0.006103907131736314,0.42916816521938517,0.10407353986899599,0.010831301700863497,0.6256109870366904,0.08507099171322204,0.007237073631071091,0.6235811190935967,0.08552207955539604,0.0073140260914794876,0.4171708712541745,0.1160559474226494,0.01346898293216876,0.4133000943193673,0.22961390961690384,0.052722547489559686,0.5089681557851536,0.24806016894149305,0.06153384741528207,0.1418600036569083,0.13281602574011928,0.017640096693400026,17.82723605632782,29.884178294825556,893.0641123569228
0.8,0.0,0.25,0.75,0.13445776639490747,0.00464847926366762,2.1608359464747858e-05,0.1326497171016469,0.004651362253746613,2.163517081557877e-05,0.6603662008817527,0.0497108765087525,0.002471171243268441,0.6571857421026189,0.04986152563183434,0.002486171738334073,0.3677714156044705,0.04805143124262863,0.002308940044465067,0.7120652400730482,0.05178485188476038,0.002681670884726571,0.7093403205087246,0.05189025415175143,0.0026925984759333566,0.36094826229255805,0.05275736866433977,0.00278333994838506,0.6345002191708121,0.05840656493451774,0.0034113268274500374,0.6324838839390152,0.058612147579248944,0.0034353838438516576,0.4745240835997799,0.07188772296825452,0.005167844713560508,0.6970114022377294,0.07125836397038977,0.0050777544357365435,0.695276269704309,0.07150276280661365,0.005112645088978852,0.5355647363682041,0.08644256817909804,0.007472317593398013,0.26829609717244124,0.16998326787594012,0.028894311357783618,0.36296553580780155,0.20601934936473873,0.04244397231267027,0.2618975668507933,0.13453292064236655,0.0180991067365653,35.45750322341919,42.67807265095112,1821.4178851998622
0.8,0.0,0.25,1.0,0.1023673162563021,0.011318219608658009,0.00012810209510981065,0.09931312080437395,0.01094081981704742,0.00011970153826909753,0.5755916927911644,0.03596294361449667,0.0012933333134194673,0.5715829846673696,0.03631023023714684,0.001318432819874613,0.36009262854786445,0.03810884288035273,0.001452283905679411,0.7102221171919563,0.03809363531784168,0.001451125051728715,0.7074259578239591,0.03808793144048787,0.0014506905214153043,0.39295626609476997,0.03398043521751776,0.0011546699775719209,0.5409157681814902,0.08827965312789791,0.007793297156381975,0.5383943835736932,0.08877508479888055,0.007881015681048433,0.39265069572159883,0.11437653784890017,0.013081992410300895,0.6858239867099861,0.10135516853781014,0.010272870189327897,0.6840160044476451,0.1018143365665782,0.010366159130492464,0.5126879288494725,0.17334228048292485,0.030047546203020994,0.3105683021570781,0.18371211102974264,0.03375013973900449,0.4274225160302076,0.21360626119990667,0.045627634823802755,0.32143974076678095,0.17836249093988027,0.03181317817427887,51.552088665962216,44.47146384424386,1977.7110964498888
0.8,0.0,0.5,0.0,0.1287832898200472,0.009016565158056626,8.12984472494807e-05,0.12765936948308648,0.00911778723950494,8.313404414487913e-05,0.6949133510962876,0.05308409471039026,0.002817921111221683,0.692344533635919,0.0531044146924077,0.002820078859823207,0.38564738035825197,0.05027444754108761,0.0025275200755615706,0.6959577117081066,0.049492859375767695,0.0024495431291895165,0.6933673613792,0.04949147451116352,0.0024494060492891486,0.37662734674799253,0.046046222002649934,0.002120254560717323,0.6328220544755382,0.10377524523804409,0.010769301524216193,0.63099605961803,0.1041492015706418,0.010847056187802176,0.4455663788725598,0.12545105970250686,0.01573796838048194,0.6206693427884108,0.10798521985181891,0.011660807706445665,0.6187148508439195,0.10838678749248827,0.011747695702941813,0.4331711019288421,0.1327583260114292,0.017624773125356916,0.5417333217356365,0.2330503575881329,0.054312469171956604,0.6374529432675978,0.23797594775330408,0.05663255170908331,0.08364569526223245,0.10903256994188636,0.011888101308132339,19.71296093463898,37.47089509002212,1404.0679788474438
0.8,0.0,0.5,0.25,0.13524866012318332,0.012663970097587095,0.00016037613863258008,0.134717603563576,0.012482865001495142,0.00015582191864555229,0.7043128100937774,0.06079960193857803,0.003696591595889541,0.7016963962211457,0.06084985960456492,0.003702705413895261,0.37693498270903353,0.08120232488151827,0.006593817566163641,0.7040593382026634,0.058761330379934106,0.003452893948019767,0.7014059512116947,0.05886117839214497,0.0034646383217119135,0.3696750783798209,0.09060482661398869,0.008209234605750954,0.6793171742539406,0.12095237278845848,0.014629476483158231,0.67766529616303,0.12133042629604418,0.01472107234517981,0.5144855478202108,0.1770206552493384,0.03133631238490512,0.6766701350261435,0.12868236735970498,0.016559151669298063,0.674951300840024,0.12912641511646628,0.01667363108082997,0.5113175540721472,0.18746468678352873,0.03514300879084653,0.3920138151861818,0.26882437323000724,0.07226654364250623,0.4809441094056476,0.2924619802553307,0.08553400989486944,0.1701599149196203,0.15059086407952207,0.02267760834421709,17.708083152770996,36.54938698739354,1335.857689154252
0.8,0.0,0.5,0.5,0.13395940539989412,0.008711272361566389,7.588626615739044e-05,0.13291076607959487,0.008554387559855527,7.317754652421099e-05,0.6658860574021825,0.05756526970634773,0.0033137602763645556,0.6631938849214026,0.057650778667180276,0.0033236122809322086,0.35313424303860935,0.07219523910505214,0.005212152549435651,0.6756693906621666,0.05759523149869186,0.003317210691387907,0.6730182473975563,0.0576832829827801,0.0033273611356714884,0.3414118723195315,0.07498795839568569,0.0056231939043530875,0.6269004263450835,0.07715393551734792,0.005952729765815081,0.6251048442801452,0.07732663557852203,0.005979408569893549,0.4621197049278626,0.1224893299270674,0.015003635945981971,0.6374934184233834,0.1073328872686087,0.011520348689415864,0.6356788404226246,0.10769991984062735,0.011599272733677557,0.4730159300278801,0.17029942776733958,0.029001895097883312,0.5002499622753938,0.2735651474821485,0.07483788991692965,0.5835956711558765,0.27617999901817136,0.07627539185767714,0.11482153474639423,0.14053045051073346,0.019748807520749704,8.365822029113769,2.3111643819898995,5.341480800578753
0.8,0.0,0.5,0.75,0.13176716345681722,0.009353215848928731,8.748264671665161e-05,0.12981901633876955,0.009369690925144407,8.779110803273346e-05,0.6483641664051123,0.06063679563639114,0.003676820985049464,0.6450714098006579,0.06091926550352241,0.003711156909488656,0.36591962316436677,0.0719758014959619,0.005180516000986111,0.6972904883825478,0.06255345942694528,0.003912935286278489,0.6944130349835562,0.06274361998823101,0.003936761849227543,0.3547426472854864,0.07914223544514827,0.006263493431255283,0.601948332215928,0.05941499054207803,0.0035301411011152218,0.5997669483139199,0.059529440172191334,0.003543754247214507,0.4208564987859207,0.09052818311436729,0.008195351937988416,0.6599482970387276,0.0839038968072632,0.007039863899443874,0.6580127441721789,0.08412249206650108,0.007076593671478536,0.46906302416386103,0.11561365826643175,0.013366517977747261,0.3374114991687129,0.23872261525052457,0.056988487032049985,0.41931523184124203,0.26311433888403213,0.0692291553263813,0.21817222607852824,0.1452767911772429,0.02110534605475624,46.32483503818512,56.09713840368529,3146.8889370822235
0.8,0.0,0.5,1.0,0.10996873903926571,0.011428796330849233,0.0001306173855720329,0.10667880829652739,0.010956668840711255,0.00012004859208501292,0.5683809316126622,0.04754183770312325,0.0022602263321901115,0.5643104201268752,0.04780839305751423,0.0022856424467417747,0.3519423081708327,0.049073653967319796,0.002408223513704242,0.6968193014731517,0.0517808836843832,0.0026812599151356223,0.69387760637065,0.05189043276708557,0.002692617012755428,0.3660307722622297,0.055647180424268465,0.0030966086891710876,0.5312382324444932,0.09358187579763387,0.008757567477803771,0.528707942334903,0.09381679568419692,0.00880159115245035,0.37880036583906584,0.12387281564326647,0.015344474455390682,0.6603510198860838,0.1316869182546796,0.01734144443941467,0.6584165195796456,0.13221017486445127,0.017479530337688787,0.49202824996457667,0.18992247383475747,0.036070546067514135,0.3000336790413413,0.15762378381321226,0.024845257223594274,0.4189108897894231,0.20441294007644956,0.041784650070698155,0.32449464691393903,0.184137398855774,0.0339065816573704,42.760227870941165,39.98201254840937,1598.5613274211646
0.8,0.0,0.75,0.0,0.12976446351628443,0.013780906956529356,0.0001899133965445192,0.12808813397530597,0.013579638523977693,0.00018440658244189904,0.6548891650101487,0.06171399493591249,0.003808617170949832,0.6516987982841073,0.061858402352230966,0.003826461941570493,0.3764109916414922,0.08388558038289025,0.007036790596174341,0.694439745446779,0.06185413076926524,0.003825933493221365,0.6915520762261161,0.06209955793060798,0.0038563550951769363,0.368078178976046,0.10160141577671818,0.010322847687833557,0.61049175791282,0.09698704440052208,0.009406486781548842,0.6083471659769458,0.09740811701023139,0.00948834125947893,0.4140211747235692,0.14470617378764244,0.02093987673225938,0.6613165411266522,0.1096618904803114,0.012025730223715812,0.6593601713000674,0.11017747865016138,0.012139076801706766,0.452917252005522,0.16903378910604686,0.02857242185954752,0.29657439093546206,0.2049184084829714,0.041991554135193926,0.39441627804216883,0.24612728114442486,0.06057863852354676,0.24915162118586487,0.1368898388272173,0.01873882797414153,21.901641511917113,27.300585748625288,745.3219822180421
0.8,0.0,0.75,0.25,0.1279894630634711,0.010535417473238428,0.00011099502133541758,0.12601279704151722,0.0109106322488774,0.00011904189607024352,0.6637668900845755,0.054477733777766,0.002967823477561146,0.6608215344708814,0.054417594119222194,0.002961274549724406,0.3816957055024425,0.0594900034756263,0.0035390605135300294,0.7024940160787327,0.06624048919658088,0.004387802409002348,0.6998872908495121,0.06621309756487698,0.004384174289135918,0.3732739407245033,0.06737988395271671,0.004540048761481571,0.6118388505433223,0.09593020093883964,0.00920260345216615,0.6098712077143283,0.09607223782552768,0.009229874880804751,0.4695266941909527,0.14851438539697492,0.022056522669841202,0.6546210436332519,0.1318227075003523,0.01737722621272344,0.6528415460386253,0.1321584062432705,0.01746584434076132,0.5021437811875347,0.18364545837281582,0.03372565438096163,0.43135857532123384,0.2536789684779082,0.06435301904801555,0.5329085788259854,0.2772704385779913,0.07687889610923164,0.16067702604798662,0.1528409438608016,0.023360354120260704,24.819157767295838,43.19009588515485,1865.3843825688693
0.8,0.0,0.75,0.5,0.12348899256288022,0.01128988761805219,0.00012746156242824814,0.12126865354783675,0.010765076547558915,0.00011588687307480296,0.6863103007489988,0.061039526502044535,0.0037258237955937975,0.683063154124072,0.061221398717649,0.003748059660945354,0.43158684891243404,0.07470977162902928,0.005581549976861709,0.7409732549841171,0.05782969906148261,0.0033442740935416427,0.7382365832345281,0.058055970287270636,0.0033704956859964513,0.42842868293534997,0.08432366598224456,0.007110480644685147,0.6432158218585647,0.07804919495020378,0.006091676832374915,0.6410376004858793,0.07847276036625116,0.006157974119499077,0.4884753944749357,0.1638805411680534,0.026856831773534044,0.7136819910647375,0.09095958462940247,0.00827364603595343,0.711843029024645,0.09152564229974522,0.008376943198380912,0.5512487489531759,0.1986860537540086,0.0394761479563408,0.45357387535664284,0.24975992692919732,0.06238002109967798,0.549387115413658,0.26821631137254015,0.07193998968629142,0.15493053500423587,0.12268520959652597,0.015051660653743507,35.841594386100766,54.35591525667308,2954.5655233906255
0.8,0.0,0.75,0.75,0.12098360191325411,0.007527364671256311,5.666121889407763e-05,0.11811541419864784,0.008476786186031721,7.185590404369823e-05,0.6281345611927138,0.06945045769281506,0.004823366073741495,0.6246521400107803,0.06978206083121022,0.004869536013850723,0.3798924598261949,0.08306643484993073,0.0069000325986777866,0.69214295496752,0.06847572010676457,0.004688924244139962,0.6892108530564413,0.06867296313339817,0.004715975865521064,0.37535980095497434,0.08998348078073554,0.008097026813417,0.6086175011842018,0.09710420663669912,0.009429226946542761,0.6064557742154839,0.09755435068601782,0.009516851337770547,0.4192827249173142,0.13567460579569013,0.018407598657815917,0.6851508673803449,0.11124241326711905,0.012374874509492505,0.683328915775253,0.11176235897734338,0.012490824884180567,0.49593244409811854,0.16498626182765344,0.02722046659186302,0.3947051989095081,0.2445466255317749,0.05980305205897813,0.4744187543360069,0.2574990592215297,0.06630576549997287,0.18039226210258144,0.13771701132378747,0.018965975207956207,48.41043043136597,41.74515070156439,1742.6576070963222
0.8,0.0,0.75,1.0,0.10416800423266696,0.012116926219078577,0.00014681990099859384,0.10017421488740182,0.011965421479338522,0.00014317131117821567,0.5895263857597195,0.02967264499457638,0.0008804658609741587,0.5853739102953608,0.029793922040552596,0.0008876777905585258,0.39544733315357583,0.037285821754026394,0.0013902325038730276,0.7276428532713037,0.03572884089207685,0.0012765500714913428,0.7248096065608738,0.03575069288757826,0.001278112041941939,0.4285735571195066,0.045371915398263525,0.0020586107069071827,0.499631334299831,0.02943860835206695,0.0008666316617063861,0.4967167131700543,0.02940848878305724,0.0008648592125032035,0.30847288177485954,0.030684620779159504,0.0009415459523608271,0.6512371829071691,0.0645313314279665,0.004164292735866058,0.6490844758594282,0.06473903475876142,0.004191142621496119,0.4456501707363585,0.09238734356546804,0.008535421251083829,0.2788518400759474,0.17134265624024422,0.0293583058474625,0.40049400003923435,0.22465304224436972,0.05046898938965056,0.29870810537001086,0.17397564586161296,0.030267525352965365,56.22859869003296,42.259185069719436,1785.8387227567982
0.8,0.0,1.0,0.0,0.10454921854319651,0.009624527806185503,9.263153549203793e-05,0.10216270138503507,0.009622629080126413,9.25949904136945e-05,0.5831284017616021,0.04515741026686968,0.002039191702010387,0.5793196274524716,0.0451525709453917,0.0020387546629786306,0.3573683924865275,0.05986025315034437,0.003583249907223313,0.7061273969924913,0.058466394779838456,0.0034183193185519218,0.7034141351268023,0.05849407388364234,0.0034215566795050088,0.39022744701441103,0.06488544935465766,0.004210121537955844,0.5165945702683274,0.03788914840545192,0.0014355875668903598,0.5139879317838805,0.03820487391298367,0.0014596123907069801,0.348929652847169,0.054985312411796515,0.003023384581022864,0.6427605576939079,0.06724653696226955,0.004522096733417884,0.6407441619162977,0.06749066656401247,0.0045549900732547105,0.441235061852427,0.09411481255112171,0.008857597941532775,0.2791805058070118,0.16625702870704714,0.027641399594495897,0.4074365627776351,0.21705663292346664,0.04711358189607254,0.32707227619786106,0.19821565215100403,0.03928944475764783,38.926726293563846,48.689723701412184,2370.6891941198596
0.8,0.0,1.0,0.25,0.11009468564637219,0.012903175682184223,0.00016649194268531032,0.10770874592609928,0.011533851906048498,0.00013302973979065859,0.5964048209905652,0.055777369305248264,0.003111114926614051,0.5924048603309484,0.05580191559613376,0.0031138537841980366,0.38104068203873187,0.06821749871922968,0.004653627131508103,0.7218287122244984,0.05382388828563754,0.00289701095018479,0.7189947622599959,0.053933170561236324,0.0029087868867874083,0.4013704682841183,0.07691032098278769,0.005915197473675433,0.5376368680977304,0.06517465506374726,0.0042477356626784354,0.5349678607534598,0.06533911147533651,0.004269199488386451,0.3756101365815908,0.10136592807655816,0.010275051374821962,0.676002833046652,0.08700770335502928,0.0075703404431167725,0.6740141116473874,0.08740613836481673,0.007639833023849486,0.4891174101295218,0.1578599876320484,0.024919775695190473,0.23972783030643213,0.129733492470821,0.01683077906867657,0.3479630549312308,0.1696407611675017,0.028777987849489355,0.3753395997113985,0.11752482586518584,0.013812084694642256,48.27049014568329,46.72917993781906,2183.6162576610714
0.8,0.0,1.0,0.5,0.10369330143919293,0.007491552969370871,5.612336589288952e-05,0.10036704286614051,0.008592117656190347,7.38244858178179e-05,0.6153123739889761,0.05987402819661904,0.0035848992524895327,0.6115435070876742,0.05991751062802055,0.003590108079858956,0.4068869556046263,0.07619922324947852,0.005806321623823867,0.7223733844485158,0.060369309634182224,0.0036444535457077665,0.719589763635661,0.06054572123515844,0.0036657843598855155,0.43290933760098743,0.08665736329769079,0.007509498613707967,0.5043746063057475,0.0563355530681027,0.003173694539489016,0.5015432922165484,0.05636221431854323,0.003176699202889399,0.3239128700098105,0.06402272687811662,0.004098909556909916,0.6168480289742144,0.07688480349204097,0.005911273008009755,0.6145328870383955,0.0771129025868067,0.0059463997453623385,0.3835378428685222,0.10124920716305293,0.01025140195114681,0.30754501878481666,0.18543721356916237,0.03438696017629514,0.4319844144340805,0.23244116063823214,0.054028893158848436,0.3062385617474763,0.15196623277095914,0.023093735902597338,30.358563923835753,31.78705183109578,1010.4166641127696
0.8,0.0,1.0,0.75,0.10545059068144033,0.006634723375270749,4.4019554266364074e-05,0.10099912062543288,0.0070681296509930835,4.9958456763247605e-05,0.5809675363354103,0.051699771120474886,0.002672866333909489,0.5767135656462427,0.05209061152566223,0.0027134318091174545,0.37875581987011175,0.058171739231073834,0.0033839512451680548,0.717676731952274,0.057631140198558355,0.0033213483205858886,0.7147575687725379,0.057815742422485446,0.0033426600718631833,0.4075354320038259,0.06744792797764226,0.004549222988477219,0.5055243301145673,0.057028551872663896,0.0032522557286931166,0.5026334507719311,0.05716210858647329,0.0032675066580517636,0.3169350071724722,0.05460538403683568,0.0029817479658103088,0.6430311211550148,0.09835381925143535,0.009673473761344016,0.6408425040292137,0.0986556852423908,0.009732944230645685,0.432349337911051,0.11274371364378165,0.012711144966191036,0.1600841327347351,0.10518300925623132,0.011063465436196445,0.2426755342228264,0.13418876457150164,0.01800662453722589,0.41566290832545283,0.10848058533439313,0.011768037394492548,69.98804626464843,47.60179229463877,2265.9306296619307
0.8,0.0,1.0,1.0,0.10414785330135992,0.00819650527097275,6.718269865708406e-05,0.09907530185125893,0.008563471744033857,7.333304831086628e-05,0.5510537436450221,0.06702401056880235,0.004492217992726928,0.5471569976571884,0.06690525467229563,0.004476313102764737,0.37007467985895476,0.07094585223945674,0.005033313949982829,0.6784890471941195,0.06716038887770391,0.004510517834204416,0.6756635453646231,0.06709321991471592,0.004501500158524433,0.4016081108682811,0.07213340142917625,0.0052032276017426864,0.4824648220887696,0.06257424631958634,0.003915536302464264,0.4798219804736063,0.06266211051353829,0.003926540094010885,0.2862889467186984,0.05613885824015859,0.0031515714045086216,0.6012513809136572,0.08729535301263197,0.007620478657600033,0.5991189624858555,0.08751316915919864,0.007658554776286517,0.4009122753757553,0.11263136987664178,0.01268582548028889,0.20342293004943604,0.11432075687890565,0.013069235453365854,0.2695689887228333,0.13318386231647428,0.017737941181533576,0.3527370167797485,0.14613131673521315,0.021354361730767185,47.61564474105835,39.40741472727464,1552.9443354874224
0.8,0.25,0.0,0.0,0.13703057084390796,0.013843225830419005,0.00019163490139197995,0.13652114703088145,0.013625007817278871,0.00018564083802091033,0.686131258050474,0.04906149214728433,0.0024070300117180416,0.6833399449808715,0.04927157169110808,0.002427687776912003,0.3546983903229518,0.0864672516420569,0.007476585606530792,0.6900117373203175,0.0524274907002697,0.0027486417811268655,0.6872334432255769,0.052673538545482367,0.002774501662902417,0.34952721056885727,0.09024717469044442,0.008144552539607592,0.6513840795457758,0.09915211390597498,0.009831141692023437,0.649551033066393,0.09956292171162683,0.009912775379755533,0.459592615518468,0.14525551780664428,0.02109916545327635,0.6418569131833116,0.108645460649984,0.011803836119847222,0.6399124505147615,0.10912884944097637,0.01190910578031129,0.4611834202104503,0.15665352340437688,0.024540326395005654,0.45397110435906135,0.15174680184415165,0.023027091869928226,0.5730280770206859,0.15864302701114877,0.02516761001926008,0.08788088270610687,0.053932188218801635,0.0029086809260682463,5.465460276603698,1.2800552844059738,1.6385415311356586
0.8,0.25,0.0,0.25,0.13182501461397284,0.009695647767774419,9.400558563674906e-05,0.13084858899140414,0.009454030918595632,8.937870060976218e-05,0.6918309846767428,0.04679624263913995,0.00218988832514126,0.6892175447084266,0.046755490080038535,0.002186075852624582,0.37265671734674954,0.05245597810189211,0.0027516296386261847,0.6877459816202867,0.043810578109917925,0.0019193667543252195,0.685063217956132,0.043756487955587266,0.0019146302382074534,0.3612886644380196,0.0542611156630721,0.0029442686730012887,0.6553649426611086,0.1218699526065675,0.014852285348327006,0.6536202892239956,0.1224186505820172,0.014986326010322022,0.46734844983313356,0.19210151091139388,0.03690299049444038,0.6345230212583518,0.12889755358038144,0.016614579319007304,0.6326050485060152,0.12950414979268768,0.01677132481352689,0.45155391115143406,0.19915510479613843,0.039662755766360885,0.5262132598482042,0.16984607600914192,0.028847689535703214,0.6376897006357896,0.16158737441554627,0.02611047957050994,0.0617576545700837,0.044206607876402446,0.001954224179938007,7.666703844070435,5.100526858858524,26.015374237937205
0.8,0.25,0.0,0.5,0.13751591142388697,0.007145118750940284,5.1052721965038444e-05,0.13629057640115858,0.007163536384112177,5.1316253526498956e-05,0.6598997367147399,0.06787635106573632,0.004607199033999085,0.6570726937889038,0.06794559642585492,0.004616604073665149,0.33185135858175385,0.05956983901726616,0.0035485657205430055,0.6669582639457523,0.06252463294657706,0.00390932972510419,0.6641379677588197,0.06256244024232206,0.003914058929074119,0.31519927858122115,0.05749047746101034,0.003305154998694938,0.6559717386872013,0.13045781252916844,0.01701924084989566,0.6542859772315646,0.13086323466302874,0.017125186186470923,0.5056245121169054,0.18433337693809865,0.03397879385340316,0.6641719807383073,0.12249118183598215,0.015004089627575644,0.6624479668658391,0.12289993105530916,0.015104393053399747,0.5050541294165993,0.18326321366846596,0.033585405484093805,0.5087768721374637,0.10979254214473574,0.012054402310603575,0.6298982754956878,0.112391527084254,0.0126318553603306,0.06701305416698622,0.036466462287782976,0.0013298028717862978,6.706314921379089,1.3041146029700663,1.700714897679774
0.8,0.25,0.0,0.75,0.128818309356091,0.009506089421132234,9.036573608256218e-05,0.12710198989432958,0.008865731420723022,7.860119362439546e-05,0.6772549574186757,0.03591932913570207,0.0012901982055588954,0.674292819580337,0.035568342883102316,0.001265107015449935,0.3983393768723007,0.044450391372002816,0.001975837293124222,0.7197193118896956,0.05017294768586508,0.002517324679488554,0.7171409315642584,0.04996848255140413,0.0024968492484899792,0.38712053506912925,0.0447389835517107,0.0020015766492402407,0.6363971392291556,0.08554320163806925,0.007317639346491375,0.6344797416664859,0.08569994986253032,0.007344481406440211,0.4826103826032998,0.13556148623984782,0.018376916551556446,0.6770861005088225,0.11429670437984411,0.013063736632093476,0.6753477057378604,0.11464291519556558,0.01314299800453764,0.5191959408409661,0.16247953698964104,0.026399599940368133,0.4106006230176484,0.13303095867726963,0.017697235966593422,0.525752433031065,0.14608044812333917,0.021339497323915584,0.12443363651016162,0.06469066626081936,0.004184882301268713,19.813855695724488,32.813353327709336,1076.7161566090933
0.8,0.25,0.0,1.0,0.10085668405281241,0.010738533493585492,0.00011531610159285741,0.09848573053144384,0.009436812901550457,8.905343773886915e-05,0.5654650037151986,0.044709050928797636,0.001998899234953821,0.5613984097021526,0.04471599108219704,0.0019995198584631248,0.3478174909341325,0.05165984925969377,0.0026687400255342828,0.7109967414705195,0.04215098765697481,0.0017767057604584427,0.7081986109666768,0.04217157245737449,0.001778441523527587,0.3776250117447649,0.05035394957743685,0.002535520238047053,0.5493211798475893,0.08278397578841694,0.006853186647337201,0.546863549977377,0.08312509603302164,0.00690978159049907,0.40928630136351074,0.12986382912785646,0.0168646141157491,0.6979904676231501,0.12752695169586384,0.01626312340883919,0.6962450231230545,0.12822161046886113,0.016440781391228357,0.5521089594030781,0.21596135383611068,0.0466393063507258,0.3050546273375161,0.07035426407108347,0.004949722472983746,0.4466723529366705,0.09285013917941666,0.008621148345637045,0.2792005946524374,0.05527157561718076,0.003054947071205731,22.369097614288332,30.99850737597547,960.9074595384058
0.8,0.25,0.25,0.0,0.13325891532579973,0.01026182675302872,0.00010530508830917595,0.13222375945215037,0.010297036771607699,0.0001060289662758411,0.6887028144374296,0.072531688706608,0.005260845866632288,0.6861937868356802,0.07253962578844386,0.00526199730952747,0.36846649480290006,0.07594153645404694,0.005767116959001341,0.6875070152190397,0.0730169064380567,0.0053314686257839245,0.6849637542706016,0.0730027336211597,0.005329399116162,0.3559494007470091,0.0711467718165835,0.005061863139921001,0.652485113380868,0.16774591208321996,0.028138691020631355,0.6508836637282756,0.16830592815633805,0.02832688545256642,0.4852916624895435,0.21428781088277596,0.045919265892932354,0.6365224222516714,0.17637723536166938,0.031108929153825713,0.6347879252480884,0.176985953831061,0.031324027853490456,0.47033703020686096,0.22181249663398542,0.04920078366300179,0.5195184157164177,0.1633212740545652,0.02667383855880639,0.6301809070337099,0.1625354033868169,0.026417757354115293,0.06474932449612655,0.05610086941042806,0.0031473075486059027,6.496506953239441,1.2788153337911796,1.6353686579394464
0.8,0.25,0.25,0.25,0.13782723792704038,0.008504981464087475,7.233470970447152e-05,0.13672111530576,0.00882480744240618,7.78772263955475e-05,0.7050561058948832,0.04775422857310269,0.0022804663466121375,0.7023045595564479,0.04793258723842528,0.0022975329193692497,0.36245430670970596,0.06342544955011352,0.0040227876506339945,0.7023467436668878,0.04192115518388443,0.0017573832519513206,0.6995262021969726,0.042092595415689354,0.0017717865888289125,0.34770982505031817,0.06162106177174044,0.0037971552538766514,0.6962426841011536,0.11839346560880185,0.014017012698862547,0.6945830228146768,0.11895372377950643,0.014149988401011112,0.540238502251826,0.20598218163692908,0.04242865915190884,0.6798968764743778,0.12312358321229551,0.015159416743035056,0.6780750198269672,0.1237547187050657,0.01531523040176994,0.5269513639313333,0.2155771395076058,0.046473503078281735,0.49918899021221624,0.13566531857337008,0.018405078663613992,0.625591166196994,0.14495943639209194,0.021013238199112952,0.07094196337766888,0.04938880175877375,0.0024392537391674527,6.390878224372864,1.6433148760626493,2.7004837818888
0.8,0.25,0.25,0.5,0.1348496638388903,0.00718474674771933,5.162058582886349e-05,0.13336228308327286,0.007495836288596353,5.6187561665437944e-05,0.6791475455772832,0.06551291174584423,0.004291941605418774,0.6763841331456375,0.06557154761611166,0.004299627856771997,0.36043330600379286,0.07790278599143156,0.006068844065226786,0.6888446705090315,0.07109952279522098,0.005055142141708148,0.6861385150320831,0.07120564852316486,0.00507024438160449,0.350014680334393,0.08616367543036722,0.007424178963669669,0.6587733689376309,0.05758332679848616,0.0033158395251812545,0.6569768522641128,0.057863981761769996,0.0033482403853264506,0.49282357987538383,0.1174393933190023,0.013792011103135323,0.6590685559419154,0.07363355314679786,0.0054219001490223035,0.6571984250435303,0.07404458530685955,0.005482600613264801,0.49582426426598075,0.13073218369019934,0.01709090385240802,0.49939891344470533,0.21547892698727236,0.04643116797558625,0.5993884396796779,0.19760237275786222,0.03904669771953712,0.08301538874804543,0.06160193657128183,0.00379479858933223,8.481371593475341,2.5353831840240035,6.428167889831695
0.8,0.25,0.25,0.75,0.13073707167371013,0.007994423538649716,6.391080771531663e-05,0.12844236778038975,0.007961458598755435,6.338482301969687e-05,0.6457274546113791,0.06733639041705766,0.004534189474398416,0.6426193103363081,0.06737708027295534,0.004539670946108269,0.36753475592812757,0.07245865743323815,0.005250257037027358,0.68916912705523,0.06246755800463239,0.0039021958030621123,0.6863730250826453,0.06251387241582196,0.003907984244421666,0.3508879927484892,0.07159570335227829,0.005125944738507432,0.6235462236873032,0.12906999021302393,0.01665906237359009,0.6216358414366272,0.12940887631510833,0.016746657269139004,0.46631787452578105,0.17966656823447885,0.03228007574115465,0.6741396321548068,0.14435052854280056,0.02083707509058588,0.6724107086829935,0.1448735416756186,0.020988343077637205,0.5153202892113546,0.20086929668151066,0.04034847434932475,0.401685284559577,0.13119277983912317,0.017211545481916644,0.5275925151359014,0.14062136687443663,0.019774368821634906,0.12802030726607772,0.04641940124519386,0.002154760811962305,18.21377763748169,29.124770174258945,848.2522377034034
0.8,0.25,0.25,1.0,0.10514976102173124,0.011255131241279526,0.0001266779792584264,0.10255971639465256,0.01132651484249046,0.00012828993847715668,0.5630270063025867,0.05552143797516253,0.0030826300748298193,0.5590048157578806,0.05587771566285534,0.003122319107698909,0.3482289883946,0.06912370968669536,0.004778087240850542,0.6938937346571781,0.05403140005382377,0.0029193921917763477,0.690991681135215,0.054262382274981924,0.0029444061301562726,0.37194550832699813,0.07779589383784562,0.006052201098029345,0.49730319679693735,0.0662177195530509,0.004384786382806501,0.4946187075399039,0.06635401891832766,0.004402855826613785,0.33813190761935197,0.0939437742339713,0.008825432717323368,0.6289494474508659,0.10169703349766734,0.010342286622225673,0.6268473505726979,0.10206684427710941,0.010417640700687703,0.43141284793653745,0.1485189941884868,0.02205789163475978,0.34836380384467047,0.10355579618672493,0.010723802923866514,0.4917913536792217,0.12596031862162899,0.01586600186726229,0.26143901681241155,0.10714311394502081,0.011479646865835712,23.07599034309387,14.324353146564562,205.18709306749406
0.8,0.25,0.5,0.0,0.12780585068010508,0.010611878283463145,0.00011261196070303672,0.12673425617034195,0.01093491536365216,0.00011957237401023606,0.6698739553641647,0.05209512665142465,0.0027139022208279746,0.6673146122680029,0.05205501822950693,0.002709724922874299,0.36937072948059985,0.07509570687957051,0.005639365191742375,0.6727020928343969,0.054247865308728195,0.002942830890553916,0.670132210306771,0.05424743650257326,0.0029427843671007174,0.3551014828177737,0.07428775402613196,0.0055186703982470844,0.6018021381238791,0.08021535524777297,0.006434503217526418,0.5999577791841257,0.08041954514251579,0.006467303240929134,0.43488442507321573,0.10795865404214412,0.011655070982591362,0.5957829755712695,0.08562010015486446,0.007330801550529021,0.5938391962144217,0.08586323706000241,0.007372495478422173,0.4249191076634872,0.1190085578889226,0.014163036850801043,0.5693315300903,0.15064711257076385,0.022694552525908396,0.677458838484269,0.14111863741720043,0.019914469826487282,0.048524339403953134,0.03634985215290929,0.0013213117515383642,23.444357657432555,43.23817344831098,1869.5396431462245
0.8,0.25,0.5,0.25,0.13235284983017764,0.01360747892547243,0.00018516348270717636,0.13174201782345407,0.013241372232367096,0.00017533393859610238,0.6811234446031491,0.06663477865554618,0.004440193726473632,0.6783420504035912,0.06666815369457448,0.004444642717043405,0.3721222617618771,0.07385130853892588,0.005454015772911627,0.6961083241174579,0.06477555992077606,0.004195873163050051,0.6934352153607414,0.0648116231019108,0.004200546489104137,0.368261680412942,0.07025230651645414,0.004935386570881825,0.6420186876138683,0.10924351681010652,0.011934145965040027,0.6401841090729347,0.10952045423577193,0.011994729896009814,0.4566176040633637,0.13687997888300624,0.01873612861901223,0.6545605910691661,0.11320195357152339,0.012814682292409337,0.6527294608881224,0.11351905135691555,0.01288657502097403,0.47152289127421454,0.14781569025153604,0.021849478284538048,0.4630844151530482,0.20048768222985416,0.040195310725898985,0.5672431661866264,0.1921794365886041,0.036932935847513296,0.0916072537420434,0.063936845927084,0.004087920267103677,7.719118213653564,1.7512477031307967,3.066868517720891
0.8,0.25,0.5,0.5,0.13475353643510574,0.0110345493528251,0.00012176127941993283,0.1338531175797642,0.011008485922645622,0.00012118676230908683,0.6812007434914336,0.06794341905218451,0.004616308192500749,0.6784029625345853,0.06803293099299458,0.004628479699497563,0.36499821161604173,0.07732679550076607,0.005979433302417296,0.6973487231634381,0.06877067995644287,0.004729406421671493,0.6946659757548672,0.06887600248351362,0.004743903718108974,0.3576545122839264,0.08274679792416398,0.0068470325667024275,0.6260108420757987,0.08379129764569003,0.00702098156114862,0.6240548376800469,0.08403517332317292,0.007061910355455715,0.4315948496874015,0.08942719119478482,0.0079972225249886,0.6413513835625234,0.07007703297749276,0.004910790550928608,0.6393974760880503,0.07027159759740553,0.004938097428891692,0.4425264602988279,0.0877127517182194,0.0076935268139820025,0.39298016128234303,0.11197042910474797,0.012537376993901391,0.50623668219212,0.12005636342009782,0.014413530397658601,0.10217467429718023,0.05305344391893477,0.0028146679116595567,8.300890922546387,2.1273177845622846,4.525480956514987
0.8,0.25,0.5,0.75,0.1299523446263236,0.0049386099137243185,2.4389867879936116e-05,0.12801746150977233,0.005055677942669507,2.5559879459994986e-05,0.6427441810125037,0.06562917543956164,0.0043071886688767595,0.6396340418155536,0.06549228782203884,0.004289239764164776,0.36033900575148287,0.05934955398628939,0.0035223695583714784,0.6859555192879434,0.07661646539097788,0.005870082769006912,0.6831840790920553,0.07664588927233085,0.005874592342346401,0.34558322235673,0.06083034384139857,0.0037003307318627774,0.6289941628532614,0.12878309435886603,0.01658508539264459,0.6270964850139024,0.12911510440402754,0.016670710185262935,0.4630190310976004,0.16692855177758678,0.027865141398562467,0.6720377787691012,0.15253651758713765,0.023267389197611156,0.670289462685423,0.15302703209899693,0.023417272553027432,0.5182849995739426,0.18807377897111696,0.03537174633647656,0.3464991350601648,0.09405749063436941,0.008846811544434488,0.4701497231122304,0.1235326901681636,0.015260325540183504,0.1427548292862919,0.05027434613348918,0.0025275098791498786,29.633617639541626,44.49491686909177,1979.797627187387
0.8,0.25,0.5,1.0,0.10172287174427797,0.015027808482145525,0.000225835027776045,0.0989969415609487,0.01434075046183391,0.0002056571238085895,0.5661299541629221,0.05430059152414303,0.0029485542398718337,0.5620237234162508,0.054267241543430274,0.0029449335047330044,0.3593504774277888,0.05950621828586794,0.003540990014685364,0.7225617911012117,0.055579037704738314,0.003089029432184723,0.7198752341999433,0.05573448293719445,0.003106332588276419,0.41098679637607266,0.07895290838876769,0.006233561743045144,0.4956226855517194,0.06865202306837695,0.004713100271380961,0.49281419345534283,0.06903328510037327,0.004765594451749418,0.32967619451717406,0.08808599010706374,0.007759141653141731,0.6487811386389875,0.07364294123408655,0.005423282793607124,0.6466931204521481,0.07408201387773887,0.005488144780181495,0.4503290971299124,0.135145183124455,0.01826422052174248,0.3218965375926167,0.10783657634904717,0.01162872719868388,0.44635116380338663,0.13159758395436208,0.01731792410262538,0.2690191883793344,0.08761774547692021,0.007676869322458372,49.699377584457395,40.303612964201655,1624.3812179681636
0.8,0.25,0.75,0.0,0.12580120184126503,0.007546573682789456,5.6950774349770417e-05,0.12380507609685672,0.007859817247884959,6.17767271701499e-05,0.650720731305676,0.04475347271212255,0.0020028733197946977,0.6475472122421542,0.04479561198219074,0.0020066468528589904,0.38015156450450593,0.05202380098073729,0.0027064758684833623,0.7049612951184571,0.04307095192207707,0.0018551068994738745,0.7022294812984058,0.04310427854971378,0.001857978829291315,0.37124267945859923,0.05130742810067381,0.002632452178305813,0.6228715652203983,0.10082928896675364,0.010166545513541106,0.6208851615853155,0.10115420518093138,0.010232173225785963,0.48128664253066755,0.1730118672834667,0.0299331062209119,0.6852760755789685,0.11656012507146932,0.013586262756676569,0.6835514252716752,0.1170192428457812,0.013693503196199915,0.5463330436396909,0.20671755278425885,0.042732146629112844,0.4662652415805032,0.1493542703196753,0.022306698062722643,0.5986964189266109,0.15823579719498948,0.025038567513933845,0.11223810930779596,0.056231932883315947,0.0031620302757937495,45.93665070533753,55.842057976332434,3118.335439032073
0.8,0.25,0.75,0.25,0.13388831997779965,0.009886487591619983,9.77426368992559e-05,0.13164474669102405,0.010684142415869326,0.00011415089916257804,0.623020098008588,0.0599573626440613,0.0035948853352314775,0.6197880205142368,0.05978525389652932,0.003574276583472474,0.3426452928401471,0.07003166660376453,0.004904434327300828,0.665475684381717,0.063707777260604,0.004058680883486732,0.6625429504096162,0.06359794663429509,0.004044698816098646,0.3231297871866905,0.06968838910189265,0.00485647157561679,0.6156728870174046,0.09863565098129887,0.009728991644504604,0.6137481717376979,0.09885716669374321,0.009772739406714533,0.4799559311114702,0.15897540739693078,0.02527318015702011,0.6712364611077127,0.11779871290727043,0.013876536762609519,0.6695130474644124,0.11818929242352606,0.013968708843573754,0.5320055669202415,0.18930622839221012,0.03583684810808362,0.5739340827898153,0.15087774401310639,0.02276409363848446,0.6842278754981879,0.14563000975615426,0.021208099741577585,0.07896369077931017,0.05810601107572662,0.003376308523132464,42.242089533805846,57.79869251578244,3340.6888565339655
0.8,0.25,0.75,0.5,0.12432535521313985,0.006074244984383491,3.689645213030799e-05,0.12253004153875588,0.0058403501924882304,3.410969037089731e-05,0.6860836081607988,0.05138760677514541,0.00264068613007697,0.6827959296840588,0.05156221995701965,0.002658662526896076,0.42165593311337446,0.05650079510099309,0.003192339847044405,0.7389491299220444,0.040032238518610735,0.0016025801208109413,0.7361690792430446,0.04010814964930753,0.0016086636682912474,0.42063932314444585,0.058764306941116035,0.003453243770269698,0.6063601062957141,0.0816050596742374,0.006659385764435846,0.6039881504458492,0.08175396917296368,0.006683711475533896,0.4071687676092289,0.094147346678921,0.008863722886680936,0.6601261595613346,0.09415575249846506,0.008865305728552209,0.6580015779231063,0.09444645708055209,0.008920133255068567,0.4438298976327544,0.12114906086779309,0.014677094949148234,0.38073658427574103,0.15530371688741698,0.024119244479046967,0.4939650023868064,0.1693438373140763,0.028677335236256336,0.1361444530591177,0.05728503039693643,0.003281574707577931,46.72688817977905,50.99082563086643,2600.0642985174254
0.8,0.25,0.75,0.75,0.12375715216859695,0.01351081541692558,0.00018254213323023392,0.12131846952995166,0.0134138641781893,0.00017993175219091007,0.6129992661540881,0.06807678163820723,0.004634448198216148,0.6097786978811481,0.0678419289846549,0.004602527328358958,0.36789453029857494,0.08241491620906048,0.006792218413746461,0.6658899410530519,0.0812407151744088,0.006600053802049415,0.6630662907903496,0.0811838533555716,0.006590818045658955,0.35291799648271993,0.08617336769942631,0.007425849300660529,0.5497117163852525,0.08655767702038865,0.007492231451165918,0.5474921569412099,0.08666497574761964,0.007510818021335499,0.3605772174793665,0.11042096159559354,0.012192788759695546,0.6096879335599867,0.09930441161144161,0.00986136616549462,0.6076662827069359,0.0995104398101592,0.009902327631211317,0.4214363629332918,0.13120453816862734,0.01721463083604279,0.45880341922923024,0.15306865857144047,0.023430014236860214,0.5609362970367251,0.15919673205357326,0.0253435994965372,0.10492204822015568,0.0582387013891405,0.003391746339493476,22.04282145500183,29.823648400924316,889.4500039419556
0.8,0.25,0.75,1.0,0.10478245958170809,0.013870887176311094,0.00019240151105795158,0.10095410043556233,0.01339154911061863,0.0001793335875821106,0.5684308104191785,0.05829365049794044,0.003398149688376032,0.5645408050592389,0.05837091619656206,0.003407163857626071,0.3681002764416364,0.06843159977046645,0.004682883847145304,0.6956742339869648,0.06707278244275337,0.004498758144612924,0.692889202962484,0.06705967991948707,0.004497000670904057,0.3900806279153742,0.07229868848340934,0.005227100356421066,0.5265586425920228,0.059601276538382895,0.0035523121650047917,0.5240735416996897,0.05970665109979523,0.0035648841855526786,0.3544998566306517,0.062381722239267294,0.0038914792695370955,0.6659278950087324,0.10076639115832373,0.010153865587072302,0.664096169291998,0.10105629746841349,0.010212375258024474,0.49262215784222896,0.15661222816020443,0.024527390009303925,0.3987494587864885,0.12054832596613137,0.014531898893236663,0.5411752116817187,0.1410415960357429,0.019892731812309685,0.16817068612213623,0.09008336833503602,0.008115013250585772,59.61540675163269,48.17665953654093,2320.99052409978
0.8,0.25,1.0,0.0,0.10784639225212331,0.008315235250884366,6.914313727754998e-05,0.10573757125862135,0.006694571311426645,4.481728504377666e-05,0.5836159308686725,0.02805464977482622,0.000787063373988157,0.5795807152482955,0.028347569187856695,0.0008035846788603223,0.35829919086155015,0.033748122953498175,0.0011389358028844302,0.7047389182139416,0.03913161639676862,0.0015312834018238505,0.7017734263621552,0.039414334808064264,0.0015534897883621862,0.3745567085763777,0.03950247390646729,0.0015604454447311295,0.5539253596713333,0.06548702257888116,0.00428855012624689,0.5514297118381718,0.06576427928150888,0.004324940429416298,0.40233111379424874,0.1251541919257329,0.015663571756583186,0.682629095678602,0.12527533867477292,0.015693910480079058,0.6807467387861809,0.1259678800872774,0.015867906813682702,0.5255756719186053,0.220681720194729,0.04870042162810466,0.3004700620664476,0.10499499097999317,0.011023948130888847,0.42865716466518544,0.09622122668162468,0.009258524464116602,0.2817521869057756,0.09507847272808645,0.00903991597630548,59.64209275245666,58.836924942212995,3461.783736655606
0.8,0.25,1.0,0.25,0.11072730370018675,0.010831605918420377,0.00011732368677195936,0.10757240527169967,0.010116170856265167,0.00010233691279314874,0.5740108589685681,0.046244875935352876,0.0021385885502761795,0.5701901123070166,0.04629910378339505,0.0021436070111455863,0.3547331404210799,0.05458422326149673,0.0029794374290609206,0.7012166900243295,0.041512392444809254,0.0017232787264918567,0.698456552506724,0.04156185865710037,0.001727388095032789,0.3762739098972851,0.06131514103991286,0.0037595465207444067,0.5334640870648999,0.12321346249579854,0.015181557340203553,0.5310006245577347,0.12382337131820617,0.015332227284606361,0.407904164415928,0.16176509758184857,0.02616794679566499,0.6863694521193693,0.13464910393596585,0.018130381190758535,0.6845952175320912,0.13538762157092948,0.01832980807463321,0.5394052075674434,0.22486343631804867,0.05056356499276113,0.33338796742730875,0.08018982876222952,0.006430408636915692,0.4862610787976152,0.10561310161305278,0.01115412723232901,0.2532596585913515,0.06868082199125247,0.004717055309394109,39.80580291748047,46.10551790650073,2125.7187814266595
0.8,0.25,1.0,0.5,0.10578359936030479,0.01120277898739601,0.00012550225704044158,0.1035272276558542,0.011242075381766217,0.00012638425888931404,0.572832966474078,0.05234662851237311,0.0027401695166123933,0.5689968923026933,0.052524163323091344,0.002758787732790774,0.3515782229782787,0.051858147050429564,0.0026892674155039762,0.6871774813331588,0.03927697162123184,0.0015426804997350511,0.6842592179108614,0.039449289615767574,0.0015562464511887073,0.37163755257520625,0.053592421595686085,0.00287214765248976,0.5395293595790391,0.09941264363099654,0.009882873713703517,0.5371254177486728,0.09979038490844462,0.009958120920175532,0.38382307002436555,0.13173692590491043,0.01735461764687586,0.6693116561332608,0.12802467483297528,0.016390317366089056,0.6674786356204419,0.12865793338358317,0.016552863822534528,0.5060074560802208,0.20417506966382581,0.04168745907222813,0.3718054034319095,0.11508252058870412,0.013243986545049508,0.5274052643334316,0.13610868006246268,0.018525572788345827,0.23248977221993386,0.10156001160728369,0.010314435957671599,31.425824189186095,28.714924408210525,824.5468837692445
0.8,0.25,1.0,0.75,0.10651616399609778,0.010172662101571079,0.00010348305423274053,0.10302340458493844,0.00943158283584515,8.895475478940882e-05,0.5714018887579936,0.06989638285991459,0.004885504336899763,0.5673396527160153,0.06971664845425259,0.004860411071693839,0.3756883303164038,0.07775431704338964,0.006045733818883952,0.7030813642571541,0.07463251491646336,0.005570012282756127,0.7001995705995194,0.0746887432428803,0.005578408367200898,0.4018758786470338,0.08986386435352361,0.008075514116548492,0.4920055253678609,0.06325955819249979,0.004001771702710266,0.4891957428343853,0.06312197265377797,0.003984383431704294,0.30333842703637626,0.05430729990712245,0.002949282823202142,0.6199525436254705,0.09236484310197998,0.00853126424125338,0.6177386373820319,0.09246854889535064,0.008550432534811853,0.4207661312473946,0.10777766140301445,0.01161602429750283,0.33749422107362487,0.13416687747521275,0.01800075101144875,0.4723391986536297,0.15135842227054103,0.022909371992227406,0.21800590316638502,0.08445178391312412,0.00713210380610901,81.60107116699218,54.75746141974188,2998.3795811345203
0.8,0.25,1.0,1.0,0.10462967424473801,0.011200732058860881,0.00012545639865439392,0.09922710768135085,0.011609676249162395,0.0001347845826103654,0.580839045606085,0.031019211306304046,0.0009621914700651407,0.5769865686875407,0.030993496818247274,0.0009605968450227039,0.3980089050866718,0.03786253727076749,0.0014335717285802578,0.6918081161148162,0.04867923894412245,0.0023696683041789673,0.688938065938067,0.04879268186681919,0.0023807258037566266,0.436280779799448,0.07226248786570799,0.0052218671525415955,0.48334849113007505,0.0458554553803736,0.0021027227881414336,0.4805737353556342,0.04625019481947128,0.0021390805208390475,0.26947920104987555,0.05759537653500914,0.003317227398209481,0.5782228844297794,0.04961861636060349,0.002462007089540748,0.5758423991113858,0.04988357987431896,0.0024883715410775596,0.3610262433508558,0.07712883011736707,0.00594885643527367,0.3380535402031914,0.1381752924528317,0.01909241144442557,0.4352687826110597,0.154414812361202,0.023843934276545218,0.22210871141668126,0.10081271300945156,0.010163203104326045,81.23750207424163,48.06695172706543,2310.4318483320385
0.8,0.5,0.0,0.0,0.13413694145123667,0.01070734704218066,0.00011464728068169496,0.13325360862131536,0.010716784402233531,0.00011484946792395591,0.6576822756854291,0.056273687493379985,0.0031667279041025912,0.6549499135696693,0.056119527655930174,0.003149401384324712,0.34061819942088933,0.06608987742093472,0.004367871897514178,0.6736273158817339,0.06358535180760218,0.004043096964496537,0.6710124773627826,0.06355207819170824,0.004038866642484999,0.3391489429598392,0.07452696756936661,0.005554268895085422,0.6103886701739671,0.12102175405111446,0.014646264953608438,0.6085614754432163,0.12135621487950449,0.014727330889880465,0.44012361703324254,0.13948212581621885,0.019455263422211506,0.6129141202938654,0.12490427243701745,0.015601077273020677,0.6110380713027829,0.1252608889353629,0.015690290296877324,0.44743197524658906,0.1473593140492018,0.021714767437051283,0.6476081557198796,0.07145293542220843,0.005105521980450288,0.748764523267717,0.06359321739923222,0.004044097299186013,0.03256157996915094,0.01621487611865424,0.0002629222075433035,17.00459246635437,34.055551799065924,1159.7806083388625
0.8,0.5,0.0,0.25,0.13256390949907268,0.00885484297331392,7.84082440820469e-05,0.13146927274084422,0.009603987025771171,9.2236566791181e-05,0.6792911979153263,0.05990003485827158,0.0035880141760221496,0.6766695880244515,0.059836016095782346,0.003580348822214724,0.36071797438033715,0.06326055678152732,0.0040018980443088424,0.6828720278299919,0.05907170190129992,0.003489465965516041,0.6802557805842167,0.0589771423123605,0.0034783033153324237,0.34910065863119727,0.06111300938845768,0.003734799916513716,0.6883693168566059,0.1417642911295993,0.020097114239477788,0.6868570428952345,0.1423351684391506,0.020259300174601372,0.5516071155863694,0.22700739363154937,0.0515323567633892,0.6813720686229231,0.15062923050392302,0.02268916508220397,0.6797645694269286,0.1512791679730845,0.022885386662628716,0.5516319617755434,0.23575346565092586,0.05557969656642228,0.6327670897307428,0.10306440402286769,0.010622271376588905,0.7624998636980219,0.08384880707671274,0.007030622448187793,0.03578289156395692,0.022544693616912623,0.0005082632102804607,20.86626081466675,43.588149375153655,1899.926765950708
0.8,0.5,0.0,0.5,0.1273536453200303,0.010416976543448314,0.0001085134003067524,0.1262661342449949,0.010078692385754371,0.00010158004020666315,0.6748664877115335,0.04954115455518503,0.00245432599466073,0.671983523038247,0.049636672170479235,0.002463799224159628,0.3809381491706362,0.04886179900182067,0.0023874754016943237,0.6956746810782308,0.04320509431246793,0.0018666801745492487,0.6929403539696187,0.04323222183857409,0.0018690250050996825,0.3746350689141608,0.05289854680651489,0.002798256254241046,0.5957024815139798,0.1104648872146997,0.012202491307356325,0.5936186139416364,0.11081863002085257,0.012280768759698605,0.36249388295508567,0.1181748582590859,0.013965297124555041,0.5928970575598433,0.1062103109843588,0.011280630159394208,0.5907151404085086,0.10654320845246847,0.011351455267346149,0.3558566742841965,0.12023790162821923,0.014457152987957324,0.6361793859755489,0.09995367484317619,0.009990737114655392,0.7496897828631373,0.08651273009866389,0.007484452469124266,0.03438010479990428,0.018965677663478207,0.0003596969292349562,59.055827617645264,67.84795755838081,4603.345344843843
0.8,0.5,0.0,0.75,0.1277715950726006,0.006310215992511763,3.9818825872151215e-05,0.12595707939068973,0.00572685414680966,3.2796858418830995e-05,0.6472386996832389,0.044216990391941415,0.0019551422393210395,0.6441895155368906,0.044230807674095984,0.001956364347502868,0.3713350265827585,0.04940592699055915,0.002440945621796461,0.69638628324507,0.04867009594590545,0.0023687782393836416,0.6937321793611086,0.04858920344262998,0.002360910691189285,0.3619936664256119,0.04833487902513891,0.0023362605303748132,0.6666727486973716,0.11495377872328766,0.013214371242762582,0.6649701199694136,0.11545405201556017,0.013329638126811674,0.5346696404569063,0.19058510535228146,0.036322682382140224,0.7267015089124673,0.139317132614817,0.019409263440014507,0.7252478113704519,0.13996253508548243,0.019589511227554902,0.6078284768813793,0.2219323614671341,0.04925397306637867,0.5761552743338422,0.10320029492299825,0.010650300872193817,0.7082257863726452,0.08731866463565215,0.007624549193753488,0.06616193507049621,0.02971934883823559,0.0008832396953687352,62.807990598678586,71.46796642011861,5107.670224227202
0.8,0.5,0.0,1.0,0.10106867266339312,0.010574002083133999,0.00011180952005412215,0.09788811028631829,0.00986325276279699,9.728375506282244e-05,0.6088561080660282,0.02472189965734292,0.000611172322667732,0.6048076347437479,0.02493527810562931,0.0006217680942050764,0.41012328752203436,0.02963884000681217,0.0008784608369494096,0.7423337484025829,0.02828241321005323,0.0007998948969841935,0.7396003182369787,0.028400807063064578,0.0008066058418334189,0.4543552895326869,0.053529538317774954,0.002865411472514137,0.5427353949665814,0.06478566287803128,0.0041971821145459194,0.5400045907673936,0.06520022694758242,0.004251069594016252,0.35866569175714386,0.07790181137764203,0.006068692215917718,0.679570070678904,0.07860016068046002,0.006177985258994133,0.6775530080321727,0.07904086347173214,0.006247458098357001,0.46554233116467714,0.11254351621350062,0.012666043041698476,0.4369518961136136,0.0481916660615256,0.0023224366777855983,0.575326341868414,0.06434452095617753,0.0041402173770799695,0.19713113484826372,0.04189809968972131,0.0017554507576098247,59.5962415933609,47.363144871053024,2243.267492076356
0.8,0.5,0.25,0.0,0.13276414476231418,0.009509946761986302,9.043908741581374e-05,0.13207331393337826,0.009377745557232196,8.794211173618819e-05,0.6800454835476997,0.04891546622681449,0.0023927228361866285,0.6772602380051889,0.04888417016545222,0.0023896620927648885,0.36804827415385366,0.06212698931108185,0.0038597628008592783,0.6930873993519289,0.05366028865885654,0.0028794265789518075,0.690399429342708,0.05362262972960162,0.002875386419117956,0.3602345387543133,0.06281973457925567,0.003946319052608132,0.6713943907850792,0.11188262795798205,0.012517722438784228,0.6697005490498601,0.11237877210851367,0.012628988420617252,0.4951010223293014,0.1879804554389244,0.035336651627025435,0.6677150453548195,0.11448422335941225,0.013106637398207792,0.6659374062116428,0.11501394807164642,0.013228208251027378,0.5002877192475341,0.19335122489302878,0.037384696167634596,0.6386823857840604,0.09143557441271168,0.008360464268182535,0.7650764263833331,0.07838042904260668,0.006143491656903102,0.03210156196433929,0.0185007793249772,0.00034227883563150383,7.786247444152832,5.0358538705479665,25.359824205512936
0.8,0.5,0.25,0.25,0.1397273564403974,0.00811551707502365,6.586161739500041e-05,0.13872375507564688,0.008096624840636273,6.555533381000835e-05,0.6884370372291283,0.06000641093567698,0.003600769353381334,0.6857518031090836,0.059915471366431994,0.0035898637090617325,0.351709998204326,0.06117405034711302,0.003742264435871118,0.6914156178367465,0.056307484405724514,0.0031705328001009093,0.6887135526866918,0.056217833863082545,0.0031604448442571504,0.3363453427764108,0.053652615060244824,0.0028786031028028096,0.6673608255345851,0.11043723630656796,0.012196383163032733,0.6657030887732611,0.1106740731493565,0.012248750467469113,0.50848288542566,0.12031348013159124,0.014475333501374801,0.6566627064337758,0.1024173838397532,0.01048932051257934,0.6548734468616567,0.10259280441932105,0.010525283518621061,0.49742951885835784,0.10935068942380696,0.01195757327746189,0.5772628418351318,0.07827287980192175,0.006126643712486091,0.6969301860126451,0.07722930777386139,0.005964365979229807,0.045441379695846565,0.020769116923845872,0.00043135621779638106,47.492402982711795,67.22347017171516,4518.994941927478
0.8,0.5,0.25,0.5,0.1312323794131732,0.010589585057474893,0.00011213931168949552,0.1302289735971923,0.010567589430194134,0.00011167394636515078,0.6788779920328217,0.06094866459981293,0.0037147397165004895,0.6761177325178389,0.06098631174641877,0.003719330220431376,0.37158653952325665,0.07468788357676001,0.005578279953175658,0.6949038081074475,0.05767252095757623,0.0033261196736020693,0.6922556274941221,0.05771070341505485,0.003330525288660423,0.3649341124103512,0.07339225957102936,0.005386423764941351,0.6406227258426349,0.10438003833017988,0.010895192401809821,0.6388065807014209,0.10465878967897686,0.010953462257068315,0.46908359680541284,0.1645909836850651,0.027090191910417366,0.6485888022043318,0.11017243124139921,0.012137964605640835,0.6467516163475314,0.11051398672784439,0.012213341262482167,0.47787012605005746,0.17091404588438092,0.02921161108056827,0.6240300060879592,0.08979929998681294,0.008063914278121621,0.7474970220461049,0.07711774851164244,0.00594714713550493,0.036787067096051465,0.022288395017935118,0.0004967725524755149,19.820018219947816,38.36233032293185,1471.668387805736
0.8,0.5,0.25,0.75,0.1297680332656146,0.008194180757953182,6.714459829401018e-05,0.1275241502508926,0.00847456207848355,7.181820242207142e-05,0.6492787193115616,0.06248769937661122,0.0039047125733817386,0.6461201991251728,0.0626458517654489,0.003924502743418597,0.3821803326702951,0.08342942290959394,0.006960468607027879,0.6950265637581657,0.06680702794159692,0.004463178982389311,0.6922326078416955,0.06699922598950286,0.004488896283192476,0.3685444536817438,0.09336951932883156,0.00871786713969705,0.5923925712583341,0.08473072204829553,0.0071792952588255144,0.5902392650400878,0.08493655395544027,0.0072142181978254154,0.42337683901433165,0.12065969039828399,0.014558760887009744,0.6360477629103395,0.09975928261660992,0.009951914468180651,0.6340389997524225,0.10005264044652228,0.010010530860321066,0.4552327087566085,0.14615592829648746,0.021361555376207982,0.5615845759883487,0.07125715991953846,0.005077582839798678,0.6851622218952138,0.06080514822669917,0.003697266050870857,0.07275305166843013,0.030525510453806828,0.0009318067884654699,50.31545522212982,62.51468516554504,3908.0858613472174
0.8,0.5,0.25,1.0,0.10466449863363733,0.007386782044369123,5.456454897101408e-05,0.10175548570647135,0.007622142798177433,5.8097060835808114e-05,0.5834280253207909,0.05617152018809252,0.003155239680241286,0.5795350934422084,0.05647959350517204,0.0031899444825094717,0.3726031108164346,0.07120267147132728,0.005069820424653763,0.7043121208524323,0.054633362154022966,0.002984804260252629,0.7014826203111675,0.054815649375273105,0.003004755416432879,0.3967407036257166,0.08104901939493427,0.006568943544880431,0.5115488476253762,0.056190654111363654,0.003157389609462909,0.5088993020569654,0.05632392124868204,0.0031723841048277358,0.3391097037540843,0.07137583670480599,0.005094510065311131,0.6270129453036091,0.0904286545600582,0.008177341565542335,0.6248887754962951,0.0907126249365443,0.00822878032287816,0.42528150033199646,0.12159933619951818,0.014786398564163453,0.40262736326977355,0.07008761394625652,0.004912273628679491,0.5504133141750158,0.06284214874814542,0.003949135659284035,0.20958650789926864,0.0722505117132672,0.00522013644282896,55.005474996566775,52.754951710270014,2783.084929952921
0.8,0.5,0.5,0.0,0.1352328265232916,0.008968093567084345,8.042670222797961e-05,0.1333458097971354,0.009677595692948378,9.365585839617301e-05,0.6537612538102422,0.05205049968948515,0.002709254517925094,0.6508234595200021,0.05202891964421377,0.0027070084793440535,0.34590668965779825,0.07328892345745816,0.005371266301553161,0.6622898401062158,0.05834631493898694,0.003404292466959451,0.6593715105611919,0.0584110541776257,0.003411851250141525,0.32354474772652014,0.07637580483140934,0.0058332635636455295,0.6723726577704883,0.09389331578143668,0.008815954748432588,0.6707005378797628,0.09424301622742884,0.008881746107643416,0.5304718935450208,0.1948867381745222,0.037980840716304774,0.6769582248144378,0.1160253321295552,0.013461877695773594,0.6752215664735368,0.11652668655300699,0.01357846867902274,0.5336861931280794,0.22451593648331908,0.05040740573498177,0.6756701820187,0.06678235579380425,0.004459883045370259,0.7770845797561001,0.058217366493250454,0.003389261761409441,0.025506826472439858,0.01205502885710178,0.00014532372074555668,6.956254005432129,2.075695471166216,4.308511689019938
0.8,0.5,0.5,0.25,0.1360779209632826,0.00772648183210711,5.969852150188124e-05,0.13436168151250888,0.00805072565439781,6.481418356237904e-05,0.7129266339430519,0.06024934386576001,0.003629983436254593,0.7102260626752759,0.060224000351799825,0.0036269302183735853,0.39298681931618457,0.0798756155705485,0.006380113962774049,0.7132629165687876,0.06662260042717344,0.004438570887678811,0.7105305227312413,0.06663762714969503,0.004440573352141772,0.370589092250692,0.07906185128016952,0.006250776327847641,0.7504750527670672,0.11284228877375378,0.012733382135699238,0.7490711060731254,0.11344922419436086,0.012870726470302353,0.6138704275741966,0.1972327793143212,0.03890076923605173,0.7436714493228797,0.11288991155680714,0.012744132131303737,0.742163598310936,0.11353092015714228,0.012889269831727414,0.6086605211296428,0.20072075080909016,0.04028881980536487,0.6311026531999481,0.09224640800072109,0.008509399789035501,0.7465278319754488,0.09091742171031206,0.008265977570450722,0.029747150897865338,0.017782116055184052,0.0003162036514000344,8.653569006919861,4.671007431675737,21.818310426769965
0.8,0.5,0.5,0.5,0.13307120840348183,0.011153580183729375,0.00012440235091488061,0.13202362618661853,0.010929107699192924,0.00011944539510055804,0.6292995586716248,0.07248196450446028,0.00525363517842584,0.6266064441405768,0.0726033969000627,0.005271253241428036,0.33024062035759694,0.08369747949755875,0.007005268074244266,0.6406263173420357,0.07127856024776891,0.005080633150994821,0.6379670415696527,0.0713601202233145,0.005092266758285899,0.31435297410158747,0.08799032099254205,0.007742296588370586,0.5987498769895372,0.12355650705132824,0.015266210434724925,0.5970117074682897,0.12389479602292752,0.015349920481562819,0.4738213440713793,0.16643366447878608,0.027700164671837137,0.6139717506347048,0.1304544974441462,0.01701837590340475,0.6122305243487536,0.13082618121531187,0.017115489691381616,0.49428711613569576,0.17362821579205062,0.030146757319130895,0.6969978292461368,0.1181487843799722,0.013959135250465163,0.7968876139208743,0.10118478341740235,0.010238360395226622,0.021162010657272,0.0162602832208455,0.00026439681042210965,23.838872408866884,43.3339363466147,1877.8300392924543
0.8,0.5,0.5,0.75,0.13155940961909485,0.006040381906539054,3.648621357684438e-05,0.12912518790923072,0.006122939322924503,3.7490385952215176e-05,0.6467929641389443,0.05822932856377318,0.003390654704987851,0.6433910927296025,0.058318761057655266,0.0034010778912998887,0.3794024458149878,0.06646556833151879,0.004417671773631794,0.7044832614471863,0.06824612013922451,0.004657532914057467,0.7015697098839258,0.06849814435649015,0.004691995780282564,0.3576782043463679,0.07677034817839257,0.005893686359431624,0.6412025176651535,0.07308520299430622,0.005341446896718948,0.6391798138811858,0.0733688151617631,0.005382983038240961,0.4733461092686261,0.13534361432344233,0.018317893938132705,0.7063684900312089,0.08496459322598068,0.007218982102056362,0.7046178346465102,0.08538103829984957,0.0072899217011603784,0.5376913241567125,0.16104804729291786,0.025936473536861907,0.6048055734764733,0.06087312344318378,0.0037055371577290907,0.7137379533626913,0.05363729589209648,0.00287695951061631,0.060769179709268505,0.01803209123952287,0.0003251563144704775,35.779992365837096,43.26272538031747,1871.6634073327655
0.8,0.5,0.5,1.0,0.10773463332603213,0.015899748008233794,0.00025280198672533445,0.10455151250469927,0.015843754243267588,0.0002510245485210597,0.5682903029692452,0.04385902848453335,0.0019236143796071083,0.5642547280195456,0.04389647976758299,0.0019269009359858228,0.35822628498045594,0.04897901086643027,0.0023989435054538946,0.6940407964476927,0.05564442544488014,0.003096302083090824,0.6910838104239618,0.05585638048460909,0.003119935240841419,0.380087162232227,0.06992503287049855,0.004889510221940303,0.5141245065334491,0.06085584614596445,0.003703434010141296,0.5114788564908899,0.06104169687202107,0.0037260887570157073,0.34208797459852136,0.08464217050615454,0.007164297027992938,0.6404306293390853,0.08296065049584614,0.006882469530693935,0.6383341352777385,0.08332151636729211,0.006942475089744928,0.4587819257211899,0.13150000046666332,0.017292250122732455,0.4389261924704009,0.05137180644259759,0.0026390624971757114,0.5715286947666098,0.06297919320458124,0.003966378776699973,0.1930944119202265,0.03899981828431567,0.0015209858262096425,51.656140732765195,45.11067083237635,2034.9726229470107
0.8,0.5,0.75,0.0,0.1233507252900051,0.011722136986249089,0.00013740849552438888,0.12078023305742365,0.01139009399533999,0.00012973424122268007,0.6757422423504771,0.056463459167137006,0.003188122221118948,0.6725254794282208,0.05643176608864979,0.003184544223884084,0.418680516698901,0.06607313250502969,0.004365658839027212,0.7255251426622465,0.05555743252269601,0.0030866283085139203,0.7227426394205427,0.05557266277869554,0.0030883208483146124,0.40592845307039793,0.07146691469233601,0.005107519895641633,0.6113618551173096,0.0901463447198955,0.008126363466358229,0.6091472662660432,0.09020060262757328,0.00813614871437738,0.4110810812963341,0.08418307951570246,0.007086790876747083,0.6490854116341841,0.09100780642703689,0.008282420830661018,0.6469866544078824,0.09110275015454186,0.008299711085720878,0.42891633406751684,0.09325483798656735,0.008696464807900924,0.5823140254198591,0.07369192764065718,0.005430500199395855,0.7043669099369895,0.06428435295974137,0.00413247803545261,0.060411471393758374,0.01779749778397821,0.0003167509273707093,28.999901580810548,35.771031028169745,1279.5666608182828
0.8,0.5,0.75,0.25,0.1282058216581818,0.01095123224620436,0.00011992948771030619,0.1259601323049908,0.01143480446256539,0.00013075475309710536,0.5967420670712645,0.05910507853168349,0.0034934103082364725,0.5934480394069265,0.0589580634494283,0.0034760532457068128,0.3315558995798526,0.07681872422782732,0.005901116391990983,0.6477653096910662,0.07132600283385342,0.005087398680254865,0.6448087805171518,0.0714564416924753,0.0051060230593501215,0.3174601124721596,0.08996853611697748,0.008094337491031882,0.5389811545106759,0.0999221722694747,0.00998444051105058,0.5367652203636679,0.10004617070415386,0.010009236272564694,0.3532254764030389,0.11319786182327643,0.012813755921361582,0.5827002854848212,0.1029029913690513,0.010589025632699048,0.5805767394064059,0.10309672911080153,0.010628935553345991,0.39504101774038225,0.12426635446054005,0.015442126850912582,0.5748223155446519,0.08152802747057995,0.00664681926324364,0.7193567643850061,0.06275969145807063,0.003938778871912224,0.0639817301399808,0.02741123020791126,0.0007513755415111068,52.175131464004515,51.055732004936644,2606.687770559912
0.8,0.5,0.75,0.5,0.12681760606141293,0.011849858679065524,0.00014041915071382453,0.12510649160400933,0.010953748474686834,0.00011998460564670414,0.6407061373361003,0.07399711640791183,0.0054755732366860545,0.6374639792367971,0.07395358505811175,0.005469132742947369,0.3813583311075391,0.0834570790186238,0.006965084038320817,0.686665600925376,0.08743252586150704,0.0076444465785230975,0.6838149484680395,0.08754751702274799,0.007664567736848349,0.3733291441701129,0.09624523875623466,0.009263145983244615,0.5845695912924123,0.10298014634752548,0.010604910541757766,0.5823760840742342,0.10310754738592168,0.010631166327940084,0.3957742739039197,0.1108290283244013,0.012283073519330943,0.6362947265425879,0.11104263010725365,0.012330465701136354,0.6343000798328229,0.1111958636012906,0.012364520082036824,0.44876188865753736,0.12234529751768318,0.014968371824690414,0.6081015295426286,0.06137903518650356,0.0037673859604260423,0.7208862967345243,0.058217933682381776,0.0033893278022462023,0.05695919319842778,0.01738812450738185,0.00030234687388421325,68.93588271141053,70.51047743166538,4971.727427641392
0.8,0.5,0.75,0.75,0.11945383612910047,0.008505698395643545,7.234690519765316e-05,0.1168190577285877,0.007851877875180146,6.165198616674346e-05,0.609235876160114,0.046336164192698426,0.0021470401120927077,0.6053215785860144,0.0464261558303176,0.002155387945180933,0.3805455168253653,0.05372152298843073,0.002886002032196491,0.6911354565361243,0.06404105927062169,0.004101257272503281,0.6879612116028642,0.06433189493341612,0.00413859270572409,0.37465987055217054,0.06585366050712663,0.00433670460218789,0.5781408393194998,0.09258802467141039,0.008572542312553699,0.575697847547581,0.09296519150289578,0.008642526831170087,0.41127124117022645,0.15718337088116158,0.024706612081564796,0.6828680758915132,0.11320970403219723,0.012816437087057693,0.6809362094971395,0.1137282689051401,0.012934119148159855,0.5466425579943196,0.19525744282702875,0.0381254689793504,0.6559349912604426,0.09258798764832621,0.008572535456766606,0.7469212344270353,0.06804130646766927,0.004629619385827292,0.04386800728313326,0.01726977194138569,0.00029824502290747256,78.33825612068176,58.24976411027189,3393.035018902319
0.8,0.5,0.75,1.0,0.1074573738793592,0.01101289667719093,0.00012128389322248301,0.10306330184528749,0.011235496130766054,0.00012623637330445896,0.5959958282574928,0.04411960297768226,0.0019465393669083095,0.5920716428293099,0.04455545066302516,0.001985188183785269,0.401242351650991,0.04798306259450816,0.002302374295948488,0.7172280011198032,0.036973726911675844,0.0013670564817391826,0.7144113715641647,0.0370264911043943,0.0013709610435037904,0.4233700556045924,0.05605331897149218,0.0031419745677198456,0.5162424394559466,0.048411535486474644,0.0023436767681581936,0.5135290976238187,0.048655931402810416,0.002367399660674993,0.3240608524896286,0.042231591614878626,0.0017835073303258868,0.6334619727584346,0.06725215648557864,0.004522852551960757,0.6312903011942739,0.06745740047045191,0.004550500878230926,0.4249405693096853,0.08630752263483651,0.007448988463362818,0.4561285537251595,0.04807088737317172,0.00231081021284416,0.6037625194146277,0.04190345089271916,0.0017558991967185262,0.13993455789295745,0.036246090521610014,0.0013137790781007474,92.34412529468537,51.244398149048706,2625.9883416582265
0.8,0.5,1.0,0.0,0.10256897318760291,0.012478577652798735,0.00015571490023692797,0.09941744878558854,0.012765384229923297,0.00016295503453757438,0.582139638863133,0.028141004098808965,0.0007919161116891829,0.578065975987753,0.02818804622076122,0.0007945659497437709,0.3827665530052285,0.030133914554154036,0.0009080528063570566,0.7127178246354149,0.03259710692989655,0.0010625713801991098,0.7098524838110423,0.03256391834450593,0.0010604087779476498,0.4200999359782928,0.05521592266163065,0.003048798115375177,0.5083348109147592,0.056676055857679146,0.0032121753075827664,0.5055511644813873,0.05703297766319542,0.003252760541130548,0.3338892916290862,0.06500217376933508,0.004225282594738833,0.6376597140341249,0.046808219899521324,0.002191009450161944,0.6354908964621331,0.04700781472797057,0.0022097346454992067,0.4265816651959599,0.07752792628166999,0.006010579353536056,0.46733081541171595,0.05497246132606149,0.003021971504245326,0.5961681579544653,0.06423219078377797,0.004125774332883652,0.1755408502630073,0.05716296751301596,0.003267604854894118,61.98263721466064,48.11084578390077,2314.6534820422826
0.8,0.5,1.0,0.25,0.10301206979462438,0.012794765034287054,0.0001637060122826146,0.09985062566744582,0.012199027098880908,0.00014881626215923073,0.593767806023229,0.037428371753794265,0.0014008830121402245,0.5898054398458539,0.03749163608781431,0.0014056227765411008,0.37931490807921564,0.04544679235404436,0.002065410935271625,0.727438519843364,0.03402957090962001,0.0011580116962928567,0.7246904331538682,0.03416707264062122,0.0011673888528294873,0.4139798933015168,0.061362898367736916,0.0037654052960892103,0.5743367020800094,0.08108615868672978,0.0065749651305695225,0.5719193098466604,0.08153816415417732,0.006648472213633568,0.4303080207359112,0.1413002562921722,0.019965762428233547,0.7295161857243179,0.10923251193895987,0.01193174166449501,0.727877215897963,0.10987868810662511,0.012073326100033,0.5858751250890705,0.22792826565436183,0.051951294284205335,0.42864785938550326,0.0358721076789062,0.001286808109327041,0.5719645606786659,0.05746199093484132,0.0033018804021957863,0.19582862408935384,0.0439241352168614,0.0019293296545491241,66.266100025177,66.17336573327606,4378.914332469914
0.8,0.5,1.0,0.5,0.10634032439641858,0.01434964784360088,0.00020591239323535938,0.10295119122015524,0.013739061050582348,0.00018876179855162892,0.5751682314729012,0.04472326393918386,0.002000170337373904,0.5711825111798484,0.04499353727593385,0.002024418396600849,0.35924499066000076,0.05391483874991741,0.002906809837429596,0.7013074700594217,0.048467736566976345,0.0023491214879258157,0.6984191343057986,0.04858967804049293,0.002360956812078761,0.37961315219556935,0.06700166376748264,0.004489222947610795,0.5733581462410619,0.09869506366394516,0.00974071559163019,0.5710173250144432,0.09924407267786255,0.009849385961688863,0.4307911973376576,0.15208640472438106,0.02313027450198824,0.7169747895011226,0.1446348565966899,0.020919241742745055,0.7153360446595487,0.1454342834153739,0.021151130792543302,0.5694702170479369,0.2481590179730871,0.06158289820136696,0.4429180893419223,0.06044378267671631,0.0036534508642701103,0.5731756310279836,0.07231938638781872,0.0052300936475106205,0.18863426838840286,0.053327601901425985,0.002843833124556972,49.63500275611877,45.74104454598215,2092.2431561575236
0.8,0.5,1.0,0.75,0.10479234102834487,0.008952870412355679,8.015388862043375e-05,0.10071839067298598,0.008339584409072173,6.954866811603966e-05,0.5605845885147881,0.04646016166243969,0.002158546621700031,0.5562541713609941,0.046452588388729496,0.0021578429680127265,0.370026006484968,0.05249861826353024,0.002756104919579871,0.7003751442728403,0.06422422054597753,0.004124750504738362,0.6973385174892104,0.0644209381661394,0.004150057274205557,0.3899808055506963,0.06940700478271263,0.004817332312907493,0.5078573948785766,0.04240786692619279,0.0017984271772296763,0.5050459363908896,0.04244020634363805,0.0018011711144905755,0.314193445105792,0.02986353422460682,0.0008918306763842628,0.6471731321369075,0.06368651031419935,0.00405597159600062,0.6450223910862601,0.06383507798862437,0.004074917181813756,0.4324461159843379,0.08616583927829047,0.007424551858532185,0.4322185782016949,0.05111265981213608,0.0026125039930711504,0.5884002433014687,0.058968701235159966,0.0034773077253615566,0.15247197988025918,0.028853757958938613,0.0008325393483530134,92.95447523593903,39.14165534535343,1532.0691831744346
0.8,0.5,1.0,1.0,0.10588808561964971,0.004892885508757708,2.394032860181118e-05,0.10065924947718571,0.005212498696684091,2.7170142662933342e-05,0.5591139175730607,0.040873723313064984,0.001670661257472992,0.5554060771542623,0.04103033605095094,0.0016834884764539645,0.3743623457164703,0.04441552660029167,0.0019727390031812164,0.6701237282528949,0.03792248573022318,0.0014381149239589808,0.6673089954133278,0.037809513589762006,0.001429559317894398,0.40094169536952184,0.06336349963196614,0.004014933085610172,0.4879695577555613,0.04124887914773484,0.0017014700309444341,0.48545459288013265,0.04139284894136919,0.0017133679434830082,0.29596061300654297,0.051553080270993264,0.002657720085427475,0.5754763216683889,0.07552671456924788,0.005704284613624639,0.5732885274024346,0.07578235411024965,0.005742965194491272,0.38429651094024464,0.11758032132735861,0.013825131963444903,0.5075289430163705,0.06342195132830687,0.004022343910290126,0.6170573735578023,0.05352184697205896,0.0028645881033004966,0.10345342144161489,0.036616089462034096,0.0013407380074916843,70.95714836120605,47.61783319491537,2267.458038178784
0.8,0.75,0.0,0.0,0.12807891376749336,0.007676196638573426,5.892399483404596e-05,0.12615955698312328,0.007798310688113369,6.081364958834321e-05,0.683978459547667,0.05105786559102446,0.0026069056387111192,0.6807062853680389,0.05140758770059032,0.002642740073193885,0.41476762689767527,0.05640887467052595,0.003181961141595104,0.7338865033129227,0.04315187866573713,0.001862084632382499,0.7310653221909814,0.043471409910994616,0.001889763479649721,0.40461090320907545,0.06303496671621259,0.003973407028914028,0.6873043735386555,0.0794667591593745,0.006314965811294031,0.6854245562388307,0.07985638698623995,0.006377042542496113,0.5327579155999558,0.1398651869740983,0.019562270527299475,0.735762580488418,0.08547444835507854,0.0073058813216049885,0.7340922250105419,0.08594649108486999,0.007386799329801636,0.5770498087760595,0.15470967335109193,0.02393508302840156,0.5821733615221987,0.06675154038746176,0.004455768144098937,0.7373490832131858,0.03013340379556513,0.000908022024306579,0.06441321940127565,0.01955185343203756,0.00038227497262787884,63.30790750980377,70.00261044166699,4900.365468647784
0.8,0.75,0.0,0.25,0.12729359338599758,0.011213843505785996,0.00012575028617225874,0.12581098724096312,0.010513201385158032,0.00011052740336488877,0.6401515912690645,0.06166624469214355,0.003802725734431323,0.6370053375955903,0.062056021414985466,0.0038509497938571343,0.36696463554165204,0.062180595420546256,0.0038664264468536583,0.6882727872952862,0.05075526986280075,0.0025760974188457305,0.6854887091459368,0.05105771788147269,0.002606890555264056,0.3607837398520092,0.07058756494065291,0.0049826043242508925,0.6296687468535425,0.11224404550099214,0.012598725750428792,0.6277686714975146,0.11273477345846719,0.01270912914673192,0.483595644091617,0.19975500954763128,0.039902063839374266,0.6736628446195472,0.11753222772462035,0.013813824553912016,0.6719096881254283,0.11807723147738458,0.01394223259336386,0.5244628413485978,0.21288578866710267,0.0453203590164143,0.5574623655913978,0.11547670970918485,0.013334870485259345,0.7253559919434507,0.07359529115488986,0.0054162668801730094,0.07207127489231815,0.03315661905511235,0.0010993613871658396,23.285941934585573,32.47983892527158,1054.9399366115867
0.8,0.75,0.0,0.5,0.12551005227176812,0.007012044895454979,4.916877361587623e-05,0.1231785220779198,0.007544841036348353,5.692462626376609e-05,0.6165407946159589,0.05806615830332379,0.0033716787401066586,0.613571850417227,0.05815908728013362,0.003382479433258201,0.3573105715541308,0.06828189808993465,0.004662417606764222,0.6714321700367382,0.0542038945303478,0.0029380621822570688,0.6688347181316737,0.05431452958431443,0.0029500681239653676,0.35939218516485205,0.0737215600899586,0.005434868422097378,0.5883283657488012,0.12260130719622846,0.01503108052622398,0.5864247500340415,0.12309358496464314,0.01515203065944782,0.43687048680812957,0.18621224710780324,0.034675000972937575,0.6408287943974612,0.14541255871612924,0.021144812232371732,0.6390906766446143,0.1460355639936336,0.021326385950938657,0.5033787010851762,0.21995893571488495,0.048381933400824896,0.554847260007773,0.10769086941291793,0.011597323354910143,0.7135361856735408,0.08953549320163828,0.008016604542860614,0.057343038388854274,0.03174095358061657,0.0010074881342068559,13.34782645702362,10.512035854182335,110.50289779961493
0.8,0.75,0.0,0.75,0.12213898234004057,0.009512174070378776,9.048145554518632e-05,0.11908806823567611,0.009618560074002835,9.251669789720141e-05,0.6392020462491145,0.04691617714865138,0.002201127678243638,0.6356993055087313,0.046870359859845834,0.0021968306333914477,0.4059999341326247,0.06313135645908018,0.003985568168363445,0.7109410195541022,0.06782531154878382,0.004600272886689589,0.7080830408390473,0.06808683274817072,0.004635816793677372,0.3980859537905871,0.08783847884719852,0.0077155983661897415,0.5923456218239452,0.07858985242265061,0.006176364903814002,0.5900375134278671,0.07885929945083779,0.006218789109876905,0.4208887152809083,0.12277901369425062,0.015074686203732982,0.6726884621734769,0.09523198477462087,0.009069130924113622,0.6707415300767992,0.09558926076661639,0.009137306773908189,0.5121099928143986,0.1548351089679988,0.023973910969132064,0.5506568565218227,0.06491108894416298,0.004213449467917038,0.6590529241360017,0.07075308248672411,0.005005998681373186,0.0672495935507787,0.02795598779154186,0.0007815372534008375,83.16013941764831,66.7077067281693,4449.918136931443
0.8,0.75,0.0,1.0,0.10189901181040431,0.010690653808431427,0.00011429007885172939,0.0980038167464701,0.010036956124791071,0.00010074048825098099,0.5557011233587603,0.03374797196636289,0.001138925611842415,0.5511187668217403,0.033813263006836264,0.0011433367551694816,0.3602402412435016,0.034927100677550574,0.0012199023617397537,0.7261968658181897,0.042965981994575214,0.0018460756087581615,0.7232811226851665,0.04297433117839411,0.001846793140230296,0.40122077727331745,0.04847735534387148,0.002350053981135985,0.5313216672400402,0.04919908402336364,0.0024205498687379957,0.5285497292872439,0.049259482585591235,0.002426496624600166,0.3629476265565608,0.07987379358635796,0.006379822901876119,0.7024747052978981,0.10061498708515992,0.010123375626146899,0.7006102836067615,0.10108217835042767,0.010217606780067669,0.52988775536122,0.15470650279950873,0.023934102008454403,0.38706544308455665,0.03852770152988719,0.0014843837851760714,0.535568837951281,0.045805674564306814,0.0020981598222911844,0.1833247272960678,0.040897142750111595,0.0016725762851230056,80.03429536819458,41.113782301407184,1690.3430951275025
0.8,0.75,0.25,0.0,0.13225369012676652,0.0075922546163627504,5.76423301596815e-05,0.13031838498777076,0.007559843436611015,5.7151232786070634e-05,0.6754974852585425,0.07406641299987343,0.005485833534667821,0.6725370756968571,0.07430018860753305,0.005520518027114984,0.3944563955320777,0.07998258048737207,0.006397213181418952,0.7127915586671673,0.060978471260191486,0.003718373957229999,0.7101025418124876,0.06116378927331542,0.003741009118270535,0.38056063918901606,0.08246496000320662,0.006800469628330468,0.6807596481712117,0.1021438745217722,0.010433371102319546,0.6790646960406371,0.1025256503196228,0.010511508973461571,0.552837805361596,0.17596548800499442,0.03096385296883584,0.7329599681614838,0.10271561000032825,0.010550496537739533,0.7314748557191696,0.10316974366459919,0.010643996007819104,0.6041518238760675,0.18832042338690969,0.03546458186462492,0.5083381470367592,0.05662824534807941,0.0032067581712022777,0.6850871994923131,0.033920295613564556,0.001150586454511607,0.09002469787193088,0.023885303877982135,0.0005705077413435484,10.24046700000763,6.460827305148685,41.742289466954816
0.8,0.75,0.25,0.25,0.12432877156073474,0.006177670141885849,3.816360838194793e-05,0.12211069976239745,0.006701501703575809,4.491012508302947e-05,0.654042522926748,0.07013189443502746,0.004918482617045835,0.6509278977146528,0.07045563253440495,0.004963996155823102,0.3855816959985988,0.06996153889310375,0.004894616924291269,0.7004388806120481,0.05097562649446296,0.0025985144965029942,0.6976937785055288,0.05106735590108329,0.0026078748387279066,0.3806071482181251,0.058342574383319114,0.0034038559856731238,0.6164579925771212,0.09983833714744658,0.009967693564367212,0.6144301333599294,0.10025002173638634,0.010050066858145933,0.47114997951756654,0.14153248573419,0.0200314445180987,0.6595241328852233,0.0819979671718511,0.00672366662031597,0.6576409134648107,0.08232448699751686,0.006777321159404323,0.5075412325830203,0.12719916176624302,0.016179626754034858,0.5152388011975104,0.11604754872243869,0.013467033564486782,0.6931870890891957,0.09160608295361344,0.008391674434104306,0.08221089195737262,0.0449428383187135,0.0020198587161420222,39.816600513458255,49.13951804200122,2414.6922334001633
0.8,0.75,0.25,0.5,0.11882939500151872,0.009509838982197984,9.043703746733239e-05,0.11679604569895949,0.009171380493077365,8.41142201488e-05,0.6464366377185558,0.06102839666223472,0.003724465199163061,0.6434520257315529,0.06111426993824555,0.0037349539900847434,0.39792009787085114,0.06994714435571933,0.0048926030035198395,0.692537931146094,0.06786617208666604,0.004605817313696969,0.6899208772315263,0.06801132220757186,0.004625539948422158,0.3984259887117771,0.07876906102712566,0.006204564975095048,0.5749757670084761,0.0947339644251384,0.008974524015703388,0.5728636734900394,0.09504793272798721,0.009034109515863984,0.3954471207763741,0.15814559240709675,0.025010028397791578,0.6140900325234033,0.10892345997673096,0.01186432013330251,0.6121068812905116,0.10929831540818756,0.011946121751067651,0.41701002842047774,0.1821353594449342,0.03317328916013538,0.5636416492787164,0.11339709891877889,0.012858902043195322,0.7248430301726091,0.08019856214470257,0.006431809370077721,0.05497898612663386,0.027882499663640595,0.000777433787492918,57.29910819530487,61.01438521113274,3722.7552026924936
0.8,0.75,0.25,0.75,0.12101284749877765,0.015042870771725768,0.0002262879610548414,0.1189158918347188,0.014354735548346636,0.0002060584326629666,0.5737811871963296,0.061321644732212244,0.0037603441126636532,0.570071167129978,0.06122331849915573,0.003748294728049064,0.3407691804307781,0.06613294697552709,0.004373566675667878,0.6475748574087559,0.07714661400641896,0.0059516000526554,0.6444297432251427,0.07729973595183283,0.005975249178223076,0.32910425184581943,0.0779705714511545,0.006079410012419589,0.5416287877787314,0.101665096387575,0.010335791823494915,0.5392984850986533,0.10190025127689943,0.010383661210295245,0.35955553211749186,0.1487344343263807,0.022121931954388455,0.6143805055619322,0.12935069534908658,0.016731602387292207,0.6123215688290985,0.1297498148677556,0.016835014458216856,0.4409017509651928,0.2003148929196243,0.04012605632540055,0.5621233791470869,0.09870725383094764,0.009743121958847127,0.6600127312272394,0.09090263937222375,0.008263289844836562,0.06957988352003433,0.038181620371485925,0.0014578361341922687,41.231901383399965,37.115947128036126,1377.5935312111733
0.8,0.75,0.25,1.0,0.09813885290644915,0.012711041580322104,0.00016157057805667746,0.09424800708474859,0.011904921498614135,0.00014172715588816503,0.5688998350500947,0.037409650934412085,0.0013994819830345589,0.5646332945481621,0.03767040778486367,0.0014190596226779175,0.38094182415621336,0.047422032345352944,0.002248849151763701,0.7161780741935946,0.03380134093672439,0.00114253064912068,0.713286482381903,0.033835175808529495,0.0011448191219940998,0.42336102425961125,0.05237555413755788,0.0027431986712162563,0.5075432186743443,0.04201138641781184,0.0017649565887467053,0.5047235068214209,0.04227282283131974,0.001786991550128147,0.3303063794740317,0.08481784606389803,0.007194067010919102,0.6531249333696139,0.08761980445365838,0.007677230132497334,0.6510157345017047,0.08810334785542094,0.007762199903333307,0.45791420015699236,0.16911419716695014,0.02859961168342209,0.4385651627900563,0.07500826490817915,0.0056262398045355795,0.5872748729274113,0.07538683849011384,0.005683175417534509,0.14887466851769787,0.05010139401333617,0.002510149682079558,58.28969678878784,48.2463882098274,2327.7139752933726
0.8,0.75,0.5,0.0,0.12885533057435378,0.005740057522605275,3.294826036281741e-05,0.12644308524276948,0.005892802138605767,3.472511704475671e-05,0.6345526435370747,0.08241644113339454,0.006792469769094287,0.6313925938335577,0.08258568447534939,0.0068203952802619655,0.3706822242852817,0.08471276720650621,0.007176252927783715,0.677165534609973,0.06846507554327094,0.004687466569145797,0.674295562750652,0.06853803431132546,0.0046974621472604255,0.35411585074727225,0.08175272875106511,0.006683508658245229,0.6023886990119844,0.10153051828657693,0.010308446143540933,0.6003600681199945,0.101806099546749,0.01036448190492257,0.4440152885441918,0.13932960424454433,0.01941273861894134,0.6417021501859442,0.08703470554991699,0.0075750399701607525,0.6397683403380938,0.08726633175309577,0.00761541265764137,0.48017700372225136,0.11718299674107141,0.013731854725217953,0.6115135892406837,0.09411416638485763,0.008857476314316666,0.7583922942645958,0.055863878579491044,0.0031207729299441186,0.05646568731336017,0.0245611561659393,0.0006032503922076582,26.54507668018341,31.92174845603467,1018.9980244903519
0.8,0.75,0.5,0.25,0.1271169271305133,0.006734723995890295,4.535650730082055e-05,0.1243733679004138,0.0069744565494405586,4.86430441600343e-05,0.6530170201083005,0.04542697910620697,0.0020636104307157647,0.6497156249388811,0.04560922299679726,0.00208020122237158,0.39348497130659643,0.05228302767981859,0.002733514983368677,0.7133487825040545,0.039292453075518485,0.0015438968686918221,0.7105611459427255,0.03941950545562783,0.0015538974103662718,0.3892454646455496,0.05387582017732059,0.0029026039997789837,0.6170931395319995,0.057225959359970574,0.003274810424669004,0.6149568982584371,0.05748582119532058,0.0033046196385003684,0.42084973151236066,0.06414150420662816,0.004114132561888898,0.6752897296567556,0.06477519846873324,0.004195826336663782,0.6733848762635988,0.06510581674632876,0.004238767374206542,0.47796473524108124,0.07850338664697515,0.006162781715044477,0.592927759101638,0.04632072563381179,0.0021456096232428685,0.734979939739077,0.02402406808920197,0.0005771558475546124,0.06539166055301193,0.010045194075116923,0.00010090592400676414,48.89856526851654,48.51647334088275,2353.8481854365864
0.8,0.75,0.5,0.5,0.13059648013556163,0.013098743316740062,0.00017157707647784247,0.12847878061194357,0.013732411942020713,0.00018857913774535307,0.622624005234429,0.08238777499224843,0.006787745468173356,0.6191143074610802,0.08250300981319435,0.006806746628236043,0.3517952401986221,0.08171310210073032,0.006677031054924378,0.6796113610884496,0.08366950660374704,0.007000586335314469,0.6765728163915345,0.08384869558681683,0.007030603751610677,0.339483929337835,0.09199243099174305,0.008462607359770606,0.6102221784964116,0.1259530851884423,0.015864179668487004,0.6080967948743364,0.12647836704772766,0.01599677733105972,0.4331999798385081,0.1988863886277535,0.0395557955813898,0.670284450274158,0.12803460409286557,0.016392859845216826,0.6684038051025938,0.12858023392359103,0.016532876555845386,0.4850706362745248,0.19974916142566593,0.03989972749025674,0.6730339521196995,0.06957181377591315,0.004840237272070338,0.7882051108450376,0.05296924011186176,0.0028057403980280646,0.04893975525917763,0.021403759113969974,0.0004581209042088527,36.355238151550296,37.47637368857367,1404.478584845617
0.8,0.75,0.5,0.75,0.12433720102909443,0.007297326480431122,5.325097376200126e-05,0.12099097332372186,0.00680785587999998,4.63469016828503e-05,0.6186503196688801,0.05977151291040751,0.0035726337555990117,0.6146750309887754,0.060124289522400766,0.0036149301905734708,0.3973978889603795,0.0663173357049043,0.004397989014996976,0.6997629550986136,0.06369841512269084,0.00405748808914265,0.6965222288023076,0.0641931383541825,0.004120759011759216,0.3787900656620572,0.07940492084206763,0.006305141453935025,0.5997863622935025,0.06449438133795596,0.004159525224165682,0.5973636091461039,0.06478021463812689,0.004196476208561789,0.40625471845386396,0.11238048479375914,0.01262937336248033,0.6795572670598441,0.09320386053553716,0.00868695961872786,0.6774822648219393,0.09374695178895646,0.008788490969720928,0.49070128268359187,0.1661989933161857,0.027622105379313543,0.6430677451971689,0.024851164994960574,0.0006175804016067539,0.7407122627606268,0.014097678826442198,0.00019874454829351667,0.04788093694890131,0.011472173546847873,0.0001316107658889961,43.103902673721315,36.797813211346224,1354.0790571371265
0.8,0.75,0.5,1.0,0.10177789818032021,0.010950322274924316,0.00011990955792470364,0.09858600494042982,0.01107618224295137,0.00012268181307907122,0.5558557492871448,0.04751420990201691,0.0022576001426129217,0.5513758717239006,0.04771268996184073,0.002276500783394737,0.3681812899746773,0.05169529548067318,0.0026724035748341085,0.7013985370131087,0.06645175611578195,0.004415835890871364,0.6983061840231063,0.0666942489945442,0.0044481228489462584,0.3947076185802571,0.06774582190537276,0.004589496385634483,0.5049584823989722,0.0807521111703859,0.006520903458474363,0.5020988466389933,0.08099116363737249,0.006559568587335649,0.3276782685588926,0.11980441029125292,0.01435309672523487,0.6593831604599892,0.1371508481969568,0.018810355161144692,0.6573241340522492,0.13772444660494326,0.018968023192637865,0.475315132145376,0.20581005758282508,0.04235777980224578,0.4284475366131576,0.06133511914532924,0.003761996840571734,0.5786022914474821,0.0652693175253269,0.004260083810221945,0.16049981509577424,0.039872987796785185,0.0015898551558425804,57.572531414031985,34.04931509444968,1159.355858401119
0.8,0.75,0.75,0.0,0.12255055377993088,0.007976597424207603,6.362610646787537e-05,0.11950098857724398,0.008257860991697556,6.819226815820014e-05,0.6342660268129057,0.054943199860444436,0.0030187552109047413,0.630870147087831,0.05480833986533232,0.0030039541187937757,0.39736822168215,0.06314733937749076,0.003987586470455994,0.7034921671855013,0.06144029621940858,0.003774909999528672,0.7006893696650621,0.06139968176783981,0.0037699209211920007,0.38982164843520434,0.06800642423598979,0.004624873737365419,0.5986078362827947,0.1206916123023149,0.014566465280132288,0.5964448588937071,0.12112833795066097,0.014672074254689534,0.46208235710491075,0.18272705396878386,0.03338917625211085,0.6801181502534537,0.13433324510922695,0.018045420741575644,0.6783259121579504,0.13485969160530642,0.018187136419878357,0.5461878278052174,0.21386904044406524,0.04573996646046521,0.6465590321848965,0.053764400938353954,0.0028906108082600757,0.7450225159649798,0.04694762456760861,0.002204079452541128,0.05129729905184264,0.027340956074700943,0.0007475278790787265,53.96931095123291,44.35413656851384,1967.2894307383767
0.8,0.75,0.75,0.25,0.12044807070197772,0.00809692135541782,6.556013543582114e-05,0.11846287860754603,0.00796144111786373,6.338454467321129e-05,0.601344222135712,0.05528868840565021,0.00305683906561708,0.5978303570962916,0.0555347734035264,0.0030841110569810233,0.36379392339655875,0.0598792779517658,0.0035855279280248256,0.6719125209728214,0.05449786248888783,0.002970017015857727,0.6689445943406623,0.054719091941313566,0.0029941790228819273,0.3565654778551746,0.06652667071531089,0.004425797916463404,0.580533213412731,0.10454160575337537,0.010928947333494168,0.5783778715882405,0.10492029229662991,0.011008267735610259,0.4099249685260795,0.17110754087768934,0.029277790545210132,0.6559093153303023,0.1092313616541454,0.011931490368818706,0.6540457267224531,0.10966439670668139,0.012026279905040392,0.5045532613694818,0.19521759092306767,0.03810990780580619,0.5791979472140762,0.05871093228091602,0.0034469735692943065,0.6793397023589245,0.05814178200377366,0.0033804668145743385,0.06248272321775398,0.018959031408856658,0.00035944487196201333,25.841618275642396,25.781577228776705,664.6897244033775
0.8,0.75,0.75,0.5,0.11660084088807902,0.01239224122517274,0.00015356764258287077,0.11356677036391054,0.01151261471920365,0.00013254029767282457,0.6396047775060681,0.06679056482286895,0.00446097954935786,0.6359703785281365,0.06708141619737103,0.004499916399044911,0.41958708562092156,0.07623321635456433,0.005811503275761815,0.7157566248260141,0.06065045535124143,0.00367847773431293,0.7128135478325057,0.06093224698370741,0.0037127387224835206,0.42282475451681173,0.08966031887357774,0.00803897278051164,0.6084789359465679,0.06259483855827593,0.003918113814136627,0.6061826471231561,0.0628022652014082,0.003944124514428007,0.42642239776651714,0.08805732874857475,0.007754093146334569,0.6915036630734003,0.05154975963366423,0.0026573777182885582,0.6895921415576447,0.05174144001506849,0.0026771766148329305,0.5027237638387949,0.0886044172032571,0.007850742747928841,0.658835836246905,0.04482499457713224,0.0020092801388399343,0.7574228532240989,0.039303161901579654,0.0015447385354617827,0.04882089792923824,0.012887456249038068,0.00016608652857087036,43.84998788833618,36.8544207034483,1358.2483253867588
0.8,0.75,0.75,0.75,0.11337091394401373,0.009905988756632534,9.812861324653018e-05,0.11024593988510259,0.010269503723744643,0.0001054627067320051,0.5994260890084263,0.044855421267858755,0.002012008817117076,0.5955910041464211,0.04521404805643438,0.0020443101416495572,0.39174093471075383,0.05204550717059251,0.0027087348166441967,0.6560541496501064,0.06317801655573832,0.003991461775917146,0.6526507553484395,0.06378007218647833,0.004067897608112387,0.37530380017366655,0.07121414886581208,0.005071454998682045,0.5457755159233095,0.08518444538814843,0.007256389736086442,0.5432576452191087,0.08560826299985377,0.007328774693852133,0.3520158028241664,0.12055132354513111,0.014532621608482883,0.6177988660402374,0.0970723397248622,0.009423039139659061,0.6155489265353772,0.09760737140384523,0.009527198952368183,0.4441591330079223,0.17127215106042476,0.02933414972886496,0.8353774258336892,0.13258230288856224,0.01757806703923446,0.887341269302388,0.10055634642533197,0.010111578806411375,0.00892578182254665,0.013244522966994214,0.0001754173886232372,75.247407579422,36.22422262825565,1312.1943050214288
0.8,0.75,0.75,1.0,0.10201753844412831,0.01224769660081027,0.00015000607202549944,0.0981797214832579,0.011426076002255911,0.00013055521280932843,0.5755723774911392,0.04099743854840073,0.0016807899675298941,0.5714260268884568,0.040994731432736305,0.0016805680052421781,0.39543897066920247,0.053011017483411124,0.00281016797462652,0.6993422672055876,0.05594881879801731,0.003130270324893375,0.6963384292414366,0.056004015390978525,0.00313644973991296,0.42045958315866044,0.08428686102230602,0.00710427494099353,0.4946164211585429,0.04077940981908399,0.001662960265192804,0.4917648133415127,0.040834497762065894,0.0016674562074801644,0.29185548500106284,0.0401218836348985,0.0016097655464123357,0.6189786045878927,0.065404517434932,0.004277750900896324,0.6167079722384637,0.06548321694691635,0.004288051701716912,0.4112600943686071,0.08840747976041487,0.007815882477588163,0.5714843744726023,0.08795413582177646,0.0077359300081555,0.6883442440902413,0.08703037575676237,0.00757428630436325,0.06877015017075458,0.024996963273027858,0.0006248481728731035,64.1755220413208,32.2292350482092,1038.7235917927162
0.8,0.75,1.0,0.0,0.0961874770611539,0.009475330115365204,8.978188079514677e-05,0.09284914659052965,0.008668473349014286,7.514243020257093e-05,0.5346582022999462,0.04840704523747528,0.0023432420286229783,0.5303704781823135,0.04834256122167359,0.0023370032254712587,0.3472845829251673,0.052215826663750534,0.0027264925541788413,0.6920953603233257,0.060138081481536036,0.0036165888442798674,0.6892041902292778,0.060118974736476545,0.0036142911233651054,0.39829333347686635,0.06308188275862507,0.003979323932372919,0.4794642526338058,0.07206549241474158,0.0051934351969791775,0.4766731191093257,0.07229893925478824,0.00522713661736756,0.3125489648323806,0.09874227544996819,0.00975003696103739,0.6395478636580829,0.11900606508754535,0.014162443527621082,0.6375065613412139,0.1195273846409977,0.014286795679117012,0.4569378061519481,0.18863901855363657,0.03558467932087924,0.46564228902861116,0.06949219327062002,0.004829164925561206,0.6271312266491267,0.07661676528787931,0.005870128723177987,0.13657155451236258,0.045382327060844815,0.0020595556094574873,53.471160244941714,28.31511248190606,801.7455948629922
0.8,0.75,1.0,0.25,0.10017690911349075,0.013565090296485503,0.00018401167475180514,0.09667619877571244,0.012313325664879235,0.00015161798892937366,0.5403886510978291,0.03349294023370462,0.0011217770454985095,0.5356341711599824,0.03365694552378969,0.0011327899819913471,0.34185834971179385,0.03420969239374538,0.0011703030536746807,0.7251975714327417,0.04473005540966575,0.0020007778569517683,0.7222431963090262,0.0448195673138963,0.002008793614204882,0.3799373986967879,0.04416166749325079,0.0019502528757844436,0.5181364616250912,0.03817586867829255,0.0014573969493422382,0.5152799941579792,0.03809869711149535,0.0014515107215934643,0.3615993208740482,0.06985858793749605,0.0048802223086208685,0.7175909454887053,0.08198565969006796,0.006721648394815635,0.7158019491233862,0.08229869757409741,0.006773075622392748,0.5460835468884013,0.13633504528667592,0.01858724457331997,0.38577115299133563,0.029988151453077608,0.0008992892275727206,0.5335688028307407,0.041927617000140506,0.001757925067310471,0.16646928669823471,0.033280670536414814,0.001107603031353389,36.6393402338028,35.55694272339517,1264.2961758348044
0.8,0.75,1.0,0.5,0.09874545378653621,0.007828219590501445,6.128102195711062e-05,0.09645007792712763,0.0077746221524703455,6.044474961368263e-05,0.5492510701009203,0.041477406822716195,0.001720375276737104,0.5449651775262121,0.04171641550610311,0.0017402593226778403,0.3621885273819184,0.04806760926172764,0.0023104950601381246,0.704981442086551,0.03776378717590723,0.0014261036218672155,0.7020991774123263,0.03773955038720417,0.0014242736634283225,0.4080530518101219,0.04752122616097994,0.0022582669358430043,0.4801119190473844,0.05395275232341748,0.0029108994832720302,0.47725604639523383,0.05412067948796163,0.0029290479482386705,0.3159560253865409,0.0919890735247204,0.008461989647936416,0.6384385011495206,0.1032659636595239,0.01066385925053011,0.6363444044476052,0.10377880555889069,0.010770040483230041,0.47911838625882713,0.17470983223299236,0.030523525478880334,0.4579012560044203,0.05366408658998676,0.002879834189537597,0.6074655613466888,0.06766598569430965,0.0045786856199825175,0.14165457938425702,0.05397177352471562,0.002912952337403194,48.92608466148376,26.01942560743413,677.0105089407989
0.8,0.75,1.0,0.75,0.11146860964335388,0.0067780519243063235,4.594198788859266e-05,0.10593545753055493,0.00501604644906478,2.516072197917539e-05,0.5458251550256716,0.061625712188587485,0.00379772840275062,0.5417801144498318,0.06143054606902376,0.003773711990338451,0.3752810813581319,0.06801076504911367,0.004625464162565741,0.6636172158199489,0.06912072730434501,0.004777674943081627,0.6605325732390448,0.06911555769792674,0.004776960315895439,0.37199939671835086,0.07485353823017649,0.005603052185576492,0.5371474132200735,0.08118646213266513,0.006591241633618669,0.5347441489156257,0.08141571662921493,0.006628518914248624,0.3573948978223734,0.08793318415078502,0.007732244874895871,0.6576932604132117,0.09081351558996026,0.008247094613807954,0.6557930363920189,0.0911915370199799,0.008315896424066363,0.510280512261176,0.16025437345322424,0.025681464210885463,0.5760741544553609,0.08170753898460323,0.006676121926920457,0.6916791401374887,0.07922471880009517,0.006276556068954154,0.06339323973665917,0.02793137425816558,0.0007801616679497149,56.83062291145325,34.69091416815311,1203.4595258221661
0.8,0.75,1.0,1.0,0.11102342341066389,0.004655265395029124,2.1671495898155665e-05,0.10345954813368352,0.004594094911541621,2.1105708056252612e-05,0.5417973406287533,0.029559471592456806,0.000873762360825261,0.537681839218637,0.02958752926503128,0.0008754218880090824,0.3842963014291697,0.04645578977793018,0.0021581404038912427,0.6683994623714659,0.0157693819023688,0.00024867340558275665,0.6653151321708459,0.015599164063029707,0.00024333391946531745,0.3971610118415793,0.04471571682823258,0.0019994953314626824,0.4732531064267439,0.046323792713406295,0.002145893771354634,0.47052536203111306,0.046327620932720706,0.002146248461285862,0.2719032232664375,0.04307219183986013,0.0018552137098897133,0.5833501498114146,0.045135115649661786,0.0020371786647083445,0.581050053808805,0.04517142175932188,0.0020404573437585384,0.3912945189097476,0.06598346083032984,0.004353817103147673,0.5809886444095066,0.0903396483561915,0.008161252065120334,0.7260219121188485,0.060079939567526566,0.0036095991384376444,0.06621902169687584,0.03512967715628223,0.0012340942171046175,55.443293642997745,34.16658265636358,1167.3553704141245
0.8,1.0,0.0,0.0,0.10931443883263962,0.01085323218448277,0.00011779264885029263,0.10624723883241224,0.009617327225398481,9.249298296039085e-05,0.5702763857611279,0.028516275280308954,0.0008131779558623594,0.5664994150779753,0.028644830429455048,0.0008205263103322339,0.3610689881481869,0.027247391814637728,0.000742420360700387,0.684740566379981,0.03161164789842056,0.000999296282853717,0.6818922635872591,0.03157798813285756,0.0009971693345188928,0.3801978938947906,0.030385661432630606,0.000923288420698455,0.4998794215625204,0.060698169222130276,0.0036842677469183633,0.49732233428232203,0.060860041496361525,0.003703944650938847,0.3375953437234321,0.07867737153418355,0.0061901287915279565,0.6105049814306954,0.09071150478270175,0.008228577099942121,0.6084074528058445,0.09096242516846927,0.008274162792529372,0.4224746579074221,0.12214252761811316,0.014918797052941536,0.4315726918579156,0.12070443278922209,0.014569560094967833,0.584597250320242,0.10414358664763558,0.01084588663983358,0.16959545859126282,0.06909090393474428,0.004773553006520062,36.99583222866058,33.52880376831829,1124.1806821343946
0.8,1.0,0.0,0.25,0.10560851845026309,0.010152015625086252,0.0001030634212519954,0.10279373112426778,0.009672397086526,9.355526539943665e-05,0.5942304602681092,0.034683312789048945,0.0012029321860230061,0.5904432798772555,0.034665295082022554,0.001201682683123697,0.3830460337930662,0.03805114705476412,0.0014478897921832842,0.7174054204592865,0.0457463595111005,0.0020927294085188552,0.7147327177932302,0.045786425406103004,0.0020963967514686347,0.42234637500954697,0.05839662812210494,0.003410166176031418,0.5600618181840702,0.07874344110347632,0.006200529516816644,0.5576549616241571,0.07923053239545805,0.006277477263667727,0.425490404571163,0.11293253028410767,0.012753756396370896,0.6887175467082699,0.08864661091759665,0.007858221627175766,0.6869333156459632,0.08912050544881417,0.007942464491452115,0.5338722442909771,0.13325146449827444,0.017755952790934896,0.42053690207392674,0.057820468353136235,0.003343206560576029,0.5783665057778522,0.043930109263893354,0.0019298544999376084,0.18361601581230025,0.05944617770003718,0.003533848043144397,28.057710814476014,38.39516424325736,1474.1886372667088
0.8,1.0,0.0,0.5,0.10468132445897074,0.009743756778022285,9.494079614925521e-05,0.10155597823254159,0.009099098108675697,8.279358639130565e-05,0.5701405598711654,0.05681025918013433,0.0032274055481140373,0.5664465534366272,0.05665600462275872,0.0032099028598140578,0.36316872000301514,0.06311610209810505,0.00398364234405842,0.6820485135396251,0.07497696800543627,0.0056215457312882135,0.6792831960838492,0.07500431156985064,0.005625646754067231,0.3876358465418752,0.07938335918175309,0.006301717714979221,0.5118675451788894,0.09466341412468006,0.008961161973740675,0.5094083877099757,0.09495689390233711,0.009016811699579706,0.3467287154679458,0.1322288174101879,0.017484460153696816,0.6291661605328593,0.11679377561322041,0.013640786021991279,0.627213752141641,0.11716209285394193,0.01372695600191571,0.43343554863670164,0.15244092080477017,0.023238234335806216,0.43388295479202255,0.05855212438937955,0.003428351270509376,0.6018003137262449,0.05140691068735126,0.002642670466417309,0.1472212449991889,0.04328246021868124,0.0018733713625817242,22.839533066749574,18.310048926379743,335.25789168641995
0.8,1.0,0.0,0.75,0.09898392763856208,0.01014468201065923,0.00010291457309739303,0.09526020494688024,0.010443798267485873,0.00010907292225194091,0.5810627361828925,0.043554707669055386,0.0018970125601368718,0.5767043133213872,0.04351940026320823,0.0018939381992693289,0.3895764291129945,0.04970883837831791,0.002470968612921731,0.7368210878639009,0.06372744315273451,0.004061187010785008,0.7340178997979075,0.06397066666081348,0.004092246193028914,0.446570520940684,0.08487445268600732,0.0072036727187492966,0.4977669587452853,0.06463121462743286,0.004177193904217292,0.4947343104251953,0.06506030520520588,0.0042328433133945395,0.3393691703031074,0.09881276059734179,0.009763961656867583,0.6614462078171827,0.0639556423995909,0.0040903241947443485,0.6592677580750784,0.0643198757565359,0.004137046417336215,0.469233955389886,0.12576482897335953,0.01581679220669837,0.4222347574938395,0.06166686647974931,0.003802802421431229,0.5735419229634464,0.06950388686383127,0.004830790289180258,0.15815173629710827,0.042098631980154975,0.001772294814600527,82.42091808319091,49.741507018136,2474.2175204352725
0.8,1.0,0.0,1.0,0.09962665046560833,0.00951279872692483,9.049333961898267e-05,0.09452910647784832,0.009968986575016898,9.938069333286715e-05,0.5611905253075451,0.03929896196041983,0.0015444084111665244,0.5572996701602623,0.0398044079263828,0.0015843908903698859,0.3844494398182184,0.038062724724561195,0.0014487710134577219,0.6890886315895476,0.02779838959417979,0.0007727504640298031,0.6862915582719584,0.02768204700139691,0.0007662957261875478,0.43046161673312555,0.05209440718183948,0.002713827259627289,0.48334436819013027,0.052155760495704834,0.0027202233528853246,0.4806835828694311,0.052529941330132716,0.0027593947361471854,0.29521753964605957,0.07768157082614546,0.006034426446017454,0.5893283317771927,0.07272360395745069,0.0052887225725601365,0.5871104045359343,0.073039386329654,0.005334751955412447,0.3978872058638638,0.12559724647370882,0.015774668321777565,0.5519208811104945,0.15851539595269004,0.025127130754038104,0.6523671819405321,0.1533080689776732,0.02350336401366301,0.10259601945340406,0.08624049237395946,0.00743742252490296,38.82224645614624,21.827931052187918,476.4585740190696
0.8,1.0,0.25,0.0,0.11186813438098778,0.01221631922740125,0.0001492384554657735,0.10924202479927596,0.012117186633889079,0.00014682621192050016,0.588715770167533,0.05090910967065333,0.0025917374474586086,0.5847338315573898,0.05065345936698552,0.0025657729458428537,0.36842000403875896,0.0579215818038573,0.0033549096386609333,0.7086741117834358,0.06173210233227368,0.003810852458362309,0.7057844694189735,0.06167219344314311,0.0038034594440884643,0.3789462317383146,0.06596315164140887,0.004351137374467502,0.611545720363769,0.08347523227780843,0.00696811440383407,0.6093580211199698,0.08381094944911623,0.007024275247562316,0.5192344566283407,0.14804553412067184,0.021917480173075012,0.763589751851022,0.11498390084383829,0.013221297453265635,0.7621925496571563,0.1155938334086958,0.013361934322117318,0.6664869451486873,0.221481004533651,0.04905383536923513,0.4044286700010652,0.07296211954228261,0.0053234708881023385,0.5304296018533674,0.07335489307487818,0.0053809403380268095,0.2281685461468937,0.07284517416775882,0.005306419399531117,16.546115732192995,7.498232650273302,56.22349287762458
0.8,1.0,0.25,0.25,0.10520197443906579,0.014038100624241713,0.00019706826913633556,0.10224451369198242,0.012786485412543758,0.00016349420920519432,0.5826353426732884,0.07238060351775917,0.00523895176559505,0.5784274208982662,0.07268115928446321,0.005282550914933512,0.3756718308514176,0.0758821184623393,0.005758095902332495,0.7229490820475759,0.05336660946963493,0.0028479950062845283,0.7200436353535091,0.053590171749758005,0.002871906508168561,0.40111049967899326,0.08400187232799465,0.007056314554608714,0.5469946507881878,0.07311140276893872,0.005345277214841981,0.544337837431625,0.07339273283362004,0.005386493232787129,0.4064133901433088,0.10251885606826071,0.010510115849544754,0.6986140197434216,0.06524531072123757,0.004256950571110839,0.6967065300729269,0.06558699422266702,0.0043016538111641574,0.5178879578976525,0.12335240501907262,0.01521581582398933,0.4154088259699904,0.048602619267780284,0.0023622145996888074,0.5418251795428993,0.06656398553884815,0.004430764170815987,0.21016948826047463,0.06137600841137014,0.0037670144085125788,28.903742933273314,32.15509127837076,1033.9498951203552
0.8,1.0,0.25,0.5,0.11342580353798166,0.009177681288829712,8.422983383933499e-05,0.10990214689892912,0.00983760548750731,9.677848172783392e-05,0.5906134070753859,0.03387726715220147,0.0011476692297016288,0.5866187264573016,0.0337769426384805,0.0011408818540032022,0.37919876352811377,0.04432468382838038,0.0019646775964858856,0.712465987426535,0.05783265949752831,0.003344616504557052,0.7095901643536856,0.05799703513431985,0.003363656084371531,0.38951649084379225,0.06822126800660629,0.004654141408429203,0.5767749203332093,0.06585230159696677,0.0043365256256178725,0.5743420756830946,0.06636858884703181,0.004404789585546355,0.4318043615574513,0.13273141166301547,0.017617627642056877,0.7132975038674663,0.0809679645382881,0.006555811281473478,0.7115419022828604,0.08145146552909063,0.00663434123683664,0.556176289815951,0.17755068549952147,0.03152424592134998,0.41488226725032645,0.04055964064525499,0.0016450844492722208,0.5550376052357754,0.054303192679305785,0.0029488367351658096,0.20640957736715965,0.05096792112976144,0.0025977289842895822,16.003963828086853,15.619551740661004,243.9703965791862
0.8,1.0,0.25,0.75,0.10125878542810147,0.011624311431306236,0.00013512461625199684,0.09747039919564983,0.011110004954598995,0.0001234322100912142,0.583321280913469,0.03895360937578383,0.0015173836834011536,0.5791743280946817,0.03951823562380449,0.0015616909468185304,0.3895956131933015,0.0419752898233793,0.0017619249557566897,0.7154423674710886,0.033624249283174416,0.001130590139857055,0.7125429643186194,0.03369097919633302,0.0011350820792077445,0.42562144535280266,0.03706176181455187,0.0013735741887985749,0.536022241835786,0.08433620011281935,0.00711259464946951,0.5333580696594551,0.0848779106881282,0.007204259722781867,0.3780576102422074,0.11913457839613856,0.014193047769625683,0.679952817389393,0.1160149297592957,0.013459463927054315,0.6780310278960833,0.11659910617216993,0.013595351560148955,0.5020491842414355,0.18704618769128287,0.034986276329842615,0.4283647789345467,0.11140339855473341,0.012410717209544779,0.5757030674917706,0.09282968907520692,0.00861735117379959,0.14361991077044034,0.056971462093062086,0.0032457474930212104,56.19679191112518,30.666649110420217,940.443367661637
0.8,1.0,0.25,1.0,0.09691109360507659,0.014301172915129187,0.00020452354674842466,0.0918948765612079,0.013221870227796924,0.00017481785232070267,0.5171257980942646,0.02962366896786981,0.0008775617631179328,0.5128763132211649,0.02957341417042917,0.0008745868256957408,0.33832135669964475,0.04244788136088466,0.0018018226320277396,0.6905875379193206,0.04945162343114159,0.0024454630599754315,0.6878028398263369,0.04925487079606132,0.0024260422971366944,0.38898109371612194,0.05892476732717423,0.0034721282045616195,0.48382399065947135,0.06217948887093821,0.0038662888362511285,0.48116207623813195,0.0626318609043592,0.003922750000342998,0.3147265313073587,0.08692452977970588,0.007555873877422976,0.6403192230911794,0.09689885514970316,0.009389388129323155,0.6383482117222774,0.09729268785769828,0.00946586711057551,0.4798384197487553,0.1691722872883654,0.028619262786377237,0.4333250255808633,0.09105516743483322,0.008291043516585512,0.5493853985563427,0.1018959167516429,0.010382777850657741,0.1613361060060375,0.08084021242014025,0.006535139944133397,34.98423752784729,34.229258129077486,1171.6421120670173
0.8,1.0,0.5,0.0,0.10520767023777192,0.011413592979616624,0.0001302701047043539,0.10206837057753,0.0107144646177125,0.00011479975204421305,0.584914843215931,0.06639206147456075,0.004407905826841854,0.5807768777481862,0.06690631200287261,0.004476454585825736,0.38032747621769747,0.07472103489059236,0.005583233055121121,0.7193802027811058,0.0510926663120213,0.0026104605508715565,0.7165034449743221,0.05127234878759061,0.0026288537501963447,0.4080124972125181,0.07820598506981685,0.006116176100740416,0.5318444469801937,0.11791105693483313,0.01390301734748946,0.5291548719452146,0.11851491486224558,0.014045785044805319,0.38887532501683797,0.18323621963887693,0.033575512187546744,0.6844192188900375,0.15670012377456477,0.024554928790963916,0.6825205406476007,0.15752245416389998,0.02481332356581797,0.507954335434205,0.2523393078919304,0.06367512630737844,0.4251399215278487,0.060249796501532296,0.0036300379784760537,0.5626376345555266,0.08818457048408226,0.007776518471462074,0.19264194183724861,0.06349636645151165,0.004031788552544654,15.04593575000763,10.799748315793934,116.63456368449391
0.8,1.0,0.5,0.25,0.10935689045490556,0.009867733895844538,9.737217223919922e-05,0.10564357707433356,0.009208059927313014,8.478836762498776e-05,0.605546771527908,0.032864333095107376,0.0010800643897861699,0.6017226967451822,0.03269146828027906,0.001068732098320492,0.39494191716965743,0.04068948160100902,0.0016556339129588514,0.7205698954608313,0.05376504902363376,0.0028906804965137412,0.7178261461775536,0.05376774933753915,0.0028909708688244417,0.41889661346937024,0.06033717369196492,0.0036405745291343433,0.550210288510818,0.06514304127294683,0.004243615826288853,0.5477026351547881,0.06518112541865163,0.004248579110841994,0.3927893357064726,0.11301110506080166,0.01277150986706355,0.6629939113743749,0.10676244600961114,0.011398219877955133,0.6610430438599502,0.10706371615403483,0.011462639316711739,0.48726313503863655,0.1496012878017169,0.022380545311932128,0.44546185808188776,0.04642306652213595,0.0021551011053186596,0.5743390153101655,0.06748947498435415,0.0045548292336637635,0.1686002899960892,0.06019567795789234,0.0036235196448102854,32.95232706069946,28.36133212047529,804.3651596479034
0.8,1.0,0.5,0.5,0.1077974349660985,0.012421856040655774,0.00015430250749477636,0.10338030869874415,0.011617064368585466,0.00013495618454385802,0.5978115615485952,0.0297119266384402,0.0008827985845680523,0.5935616918792239,0.029807490487205615,0.0008884864891448532,0.3947664012971596,0.04421943092612527,0.0019553580714303637,0.7435381552381557,0.03583291264515221,0.001283997628635109,0.7407457345710934,0.035941380121122586,0.0012917828050110257,0.4271723396230841,0.0547546223015748,0.002998068663388113,0.5635005007283386,0.07694076844353481,0.005919881848681642,0.5608739020084534,0.0771772890246063,0.005956333941187617,0.4162232103259694,0.12286259189267563,0.015095216486586164,0.7161356564233783,0.13061106265338945,0.01705924968744763,0.7143612923959591,0.1312331513698106,0.017222140018451623,0.5397565597178369,0.1947349737746968,0.03792171001103186,0.44664095484856353,0.08823731084349008,0.007785823024890692,0.564388718603547,0.10366709558128118,0.010746866706258488,0.18371778601759298,0.06956992063895048,0.0048399738577098676,53.41028945446014,47.87462173294907,2291.9794060729596
0.8,1.0,0.5,0.75,0.10373712633347298,0.0054110234561864645,2.927917484340011e-05,0.10025943709557239,0.005193879830395935,2.697638769259371e-05,0.5696300647728701,0.040087758216634975,0.0016070283588353847,0.5653650269582421,0.04034617734703693,0.001627814026518556,0.38100871800512154,0.055141099762761395,0.0030405408830468045,0.7097582212461286,0.04329938420600444,0.0018748366726191869,0.7067600175560109,0.04364920659686548,0.0019052532365358445,0.4099765207146958,0.07534968483170773,0.0056775750042376855,0.514689481025922,0.058969388687985715,0.003477388802234738,0.5119029778384847,0.059324829798600646,0.003519435430632935,0.351421258824821,0.1109425865253581,0.012308257504936568,0.6704492281883384,0.09306033391439189,0.008660225748258117,0.6684102401678058,0.09361670522964635,0.008764087498054495,0.514467178727721,0.1983209632034371,0.03933120444593905,0.4474541367120234,0.0483343885498411,0.0023362131164870103,0.6018040591505363,0.05471624635920578,0.0029938676156413,0.1485699363309785,0.042158193131683556,0.0017773132481283306,59.17428948879242,45.10544370568227,2034.501051886472
0.8,1.0,0.5,1.0,0.10261682747251696,0.009593375439148243,9.203285231645274e-05,0.09709089068256269,0.008398004437417901,7.052647853089074e-05,0.5281953540719473,0.03178321172687164,0.0010101725476751506,0.5240438285163973,0.03172537754144637,0.00100649958014731,0.3593152677845862,0.044044060366331406,0.0019398792535530447,0.6649649776943621,0.0529719373124901,0.002806026142638381,0.661920527340324,0.05322920913165453,0.0028333487047814136,0.3873149618507756,0.06045980132149052,0.0036553875758341074,0.4613407149436317,0.02760228942561282,0.0007618863815352974,0.45857557130088794,0.027748817552787988,0.0007699968755779146,0.2757432600317897,0.04239761599083441,0.0017975578417062574,0.5860876889488679,0.03358259031891589,0.0011277903725281434,0.583809539983803,0.03371646922604005,0.0011368002970705054,0.4010211220435028,0.06217136858779388,0.003865279072079324,0.4742612649135878,0.032764362963680585,0.0010735034804158039,0.6105989485535216,0.02664880863015787,0.0007101590014067766,0.1239898183305346,0.05039233010860412,0.0025393869337745293,48.059398484230044,33.93515058714545,1151.5944453722382
0.8,1.0,0.75,0.0,0.11015724482197706,0.010208311891201135,0.00010420963166803849,0.10660796818995684,0.010249108508780455,0.00010504422522475591,0.5634476329596183,0.04769355889926989,0.002274675560478126,0.5596249912293644,0.047411531872165597,0.0022478533544653743,0.36576383058840256,0.0668956297243583,0.00447502527621845,0.6762510781799035,0.06765091888259969,0.004576646825660083,0.6733878420308309,0.06758961914864349,0.004568356616658675,0.38395029700761224,0.08051655632728431,0.006482915842804748,0.5201394089085369,0.07332706066704296,0.005376857826068199,0.517675426420316,0.07352573977690163,0.005406034409740656,0.3708043885157964,0.12316882752119493,0.015170560072945864,0.6481670356986011,0.09948468683158117,0.00989720291397778,0.646262664374432,0.09983539644048761,0.009967106382429328,0.5164288792111408,0.18515256222085008,0.03428147129694576,0.4901940981931744,0.11159366090581607,0.012453145154362263,0.630805444080888,0.09090827199484144,0.008264313917088074,0.11787132240017721,0.05178697763186695,0.0026818910522434882,56.86508135795593,34.83853653921415,1213.7236281941593
0.8,1.0,0.75,0.25,0.10571938405278405,0.008774896706612996,7.69988122117276e-05,0.1017991936663399,0.009584318827098783,9.185916737948019e-05,0.5789813473620642,0.043995502636098624,0.0019356042522029608,0.5751747246439274,0.04409052229216187,0.0019439741559956227,0.38274718259451457,0.06122984774166462,0.0037490942544674325,0.6831347378872226,0.0741481938797005,0.005497954655621654,0.6802569365468718,0.07435355924089516,0.005528451771789306,0.406578579220423,0.09592264430335502,0.009201153690147968,0.4821609341970106,0.03868256307797497,0.0014963406862815126,0.4794190138448977,0.03898030439984967,0.0015194641311049395,0.2924360603590409,0.06257808879819858,0.003916017197635227,0.5754400721853543,0.06035999981323612,0.003643329577453865,0.5730882024776816,0.06047760794163001,0.0036575410623415094,0.36882400253803177,0.1009745989926124,0.010195869641718881,0.47860312555676476,0.11141598988264982,0.012413522801530727,0.6254792251508794,0.09599507813775544,0.009215055026673772,0.11065556522117322,0.051862113546523515,0.0026896788215124983,31.44222068786621,25.045596761569612,627.2819171431463
0.8,1.0,0.75,0.5,0.10250834007896652,0.008762366471327962,7.677906617785243e-05,0.09861881158661956,0.008654374340518129,7.48981952258186e-05,0.5852118990421675,0.04874828424521744,0.0023763952168525146,0.5807657859474433,0.04918125445974117,0.0024187957902338107,0.395389736743482,0.05324666240581011,0.0028352070573583114,0.7274812366283212,0.04215943504382175,0.001777417963214225,0.7244537062904556,0.04243656033263444,0.0018008616528653227,0.4291151194745817,0.08124547941023964,0.006600827924599674,0.5324775751073131,0.08345667980232639,0.006965017403628034,0.5296032278020797,0.08393746772724514,0.00704549848846232,0.3741618819688128,0.1380708156015582,0.019063550120879486,0.6905104614530007,0.11151977932235797,0.012436661180107422,0.6884921366685524,0.11218111863414582,0.012584603378008296,0.5284276116391297,0.22677018467926613,0.05142471665946846,0.4304892024060213,0.07329892689943389,0.005372732684608552,0.5794875228274526,0.07831432854168324,0.006133134054934703,0.1519060457145113,0.046325490888073834,0.002146051106021012,61.91584732532501,48.00300639666198,2304.288623117971
0.8,1.0,0.75,0.75,0.10372668065020652,0.009927520925198243,9.855567172024898e-05,0.10004632506332538,0.011588888866052145,0.0001343023451497074,0.5665845307465947,0.022532771494502668,0.0005077257912234719,0.5623021087972278,0.022894520419593823,0.0005241590652431985,0.3827111567972414,0.028639192734589168,0.0008202033604889449,0.6938345851030935,0.04564730844266148,0.002083676768059474,0.6907511787490959,0.04554916644916224,0.002074726564213487,0.4023637759237677,0.05213933674197413,0.002718510435892973,0.5422825735185723,0.09563709870496057,0.00914645464870237,0.5396451456625242,0.0963133184857808,0.009276255317743447,0.37580289191916527,0.14075460520173116,0.019811858885495203,0.6929948677344085,0.1173494571594131,0.01377089509560893,0.6911139593714762,0.11801034638406524,0.013926441853687061,0.5529030809614337,0.22470055724260848,0.050490340425138766,0.5756267227771922,0.08169796123816747,0.0066745568704731145,0.6712842585438021,0.0746264359087058,0.005569104936436174,0.06538581089979048,0.025678675040419534,0.0006593943518314652,63.80481929779053,38.36382207876013,1471.7828444907634
0.8,1.0,0.75,1.0,0.09731161412212323,0.013182635840823638,0.00017378188771176794,0.09304365771558372,0.01082382666052783,0.00011715522357715303,0.4978424796273845,0.06670865027204659,0.004450044021118222,0.49385109247861825,0.0667624540742376,0.004457225274014685,0.3284867543158007,0.06082888823408154,0.0037001536437943844,0.6449376645685513,0.0436415422998166,0.0019045842143066817,0.642025488576598,0.04350168628482985,0.0018923967096237536,0.36878106301967317,0.050722555126756885,0.002572777598586891,0.4293105367208777,0.09988326358371927,0.00997666634413474,0.42665244915096023,0.1001670177383182,0.010033431442588553,0.2493617299499909,0.10363336765873489,0.01073987489229052,0.5687127518142094,0.13213733882298292,0.01746027631121979,0.5665868773860305,0.13260054055210957,0.017582903354711653,0.39392936862180966,0.19484386580323285,0.03796413204114821,0.653250686411972,0.06585143008749869,0.004336410844568727,0.7690190548970804,0.038694144777564256,0.0014972368400671034,0.04114002585720971,0.019178149397603397,0.00036780141431679556,40.09575891494751,20.316875595372068,412.77543395782504
0.8,1.0,1.0,0.0,0.1014832903806862,0.00985527976006433,9.712653914913365e-05,0.09638037924758161,0.009293020846001393,8.636023644421645e-05,0.5165297690369539,0.06181327062023604,0.003820880424770536,0.5124124545506178,0.06168268022822252,0.0038047530401371537,0.34666423303023264,0.05983464770216066,0.00358018506564168,0.6606893333950251,0.058092228044517705,0.0033747069591762496,0.6577367971083279,0.058031490509450855,0.003367653890748485,0.3790652644460104,0.06638383509940253,0.004406813562504667,0.48246568885039165,0.07938628906056586,0.006302182890807719,0.4798751297569493,0.07965548896499378,0.006344996922252245,0.3074241382557089,0.09062310209013047,0.008212546632438209,0.62250403302678,0.10695845654474237,0.011440111426433542,0.6205116964694514,0.1073639978966549,0.011527028044352919,0.4662106414949333,0.17897104204311104,0.03203063388999702,0.49285447958720247,0.12785452081275148,0.0163467784922583,0.6214191052790041,0.11340707778105441,0.012861165290838123,0.1344756984881347,0.07181986681161219,0.005158093268837715,39.81810011863708,27.79865649875358,772.7653031356947
0.8,1.0,1.0,0.25,0.0973225440664178,0.010467035463450566,0.00010955883139313181,0.09378867512214452,0.009929844195291405,9.860180574276241e-05,0.5554517466584548,0.040121562327771816,0.0016097397636212788,0.5517155374073652,0.04020994070547411,0.0016168393315377438,0.36979841648078515,0.043731247370458776,0.0019124219965762574,0.6817822945889053,0.04883096927803853,0.0023844635606327428,0.6790889194446725,0.04886196174226703,0.002387491305302767,0.4257320698288584,0.04576476595191644,0.0020944138026336902,0.46374580351804956,0.059319426485425444,0.0035187943585597934,0.4611176455173382,0.05949433329012437,0.0035395756936364015,0.27569314318277327,0.05998166884380667,0.0035978005972880883,0.5584083119456176,0.06886020906120698,0.004741728391953131,0.5561602537511614,0.06898928392899688,0.004759521297035748,0.3492191688536096,0.10078595554608054,0.010157808835336521,0.5489428973882066,0.09065298232432581,0.008217963204294527,0.6593711273159115,0.08556622639461743,0.007321579099414925,0.07837799600481522,0.036738384206668105,0.0013497088741167606,33.335142374038696,33.160496681203874,1099.618540144133
0.8,1.0,1.0,0.5,0.10212846089681589,0.012030103343342924,0.0001447233864515106,0.0954139100127832,0.01241115433438796,0.00015403675191199705,0.5388297079609703,0.04016622019079694,0.0016133252444155838,0.5346181694459741,0.0399744674902954,0.001597958051132684,0.3677586794793635,0.04429555662137269,0.001962096336397234,0.6903940460578368,0.0466636899607933,0.0021774999607570415,0.6874883163819375,0.04662274413066168,0.002173680270273148,0.4121338756915935,0.06708225597597944,0.00450002906682683,0.4819829015656258,0.039723902181842644,0.0015779884045526028,0.4792325112239132,0.039732013819975175,0.0015786329221906985,0.29183311797184064,0.0469462575855834,0.002203951101291947,0.625271117119711,0.05063710393618255,0.002564116295043754,0.6231605520257032,0.05065223460686253,0.0025656488706686425,0.4338450752830861,0.0799411715857546,0.006390590914503058,0.4950688090116331,0.03570421721610385,0.0012747911270147268,0.6267372043290904,0.03505821846860245,0.001229078682192258,0.13140175825095174,0.046943824022756576,0.0022037226138795375,53.6991628408432,44.404122125491924,1971.7260617356014
0.8,1.0,1.0,0.75,0.09886172426966307,0.01372538212628309,0.0001883861145124913,0.09198608841010689,0.012968355814253568,0.00016817825252508434,0.50875917513534,0.05941278667672169,0.0035298792206936384,0.5043947057692062,0.059244769266002494,0.0035099426853818735,0.34548128524850746,0.05407453690480248,0.002924055541468846,0.6716525200664623,0.06529901453821282,0.00426396129966173,0.6686815310470813,0.06519510216953628,0.004250401346896275,0.39027035273332605,0.07364700625969146,0.005423881531015033,0.460165466113167,0.04839674415909845,0.0023422448452012296,0.4573565594312014,0.048581345334099836,0.0023601471144710636,0.2726077555210046,0.05834850839196835,0.0034045484315676005,0.6126946891454288,0.05580441602083714,0.003114132847426665,0.6105449911110314,0.05597498934368514,0.003133199432025665,0.4192973562846484,0.10278700768987421,0.01056516894983826,0.612163020375132,0.0953519599263677,0.009091996261799632,0.7430611986715345,0.061186024061412825,0.003743729540443789,0.057569415938577076,0.033005589265310005,0.0010893689227503471,72.312051987648,34.03443452311603,1158.3427333082725
0.8,1.0,1.0,1.0,0.09054392074736353,0.007622602670091981,5.81040714660934e-05,0.08544607028900583,0.011289975153810888,0.00012746353897366718,0.5274295313353891,0.04256896821157512,0.001812117054598093,0.52298882079802,0.043008920183607226,0.0018497672153598968,0.36142483865089364,0.03959687473938836,0.0015679124891268123,0.6721036021107267,0.030619662665268495,0.0009375637417348374,0.6690192631861843,0.030573516917756935,0.0009347399367203695,0.4151392500070005,0.04184110442402071,0.0017506780194218054,0.4521531658908213,0.04366921630086104,0.0019070004523313877,0.44918034815046937,0.04399536698298619,0.0019355923159676313,0.24309239393142298,0.05218083702717462,0.002722839752856558,0.5876858510097265,0.052154050884245004,0.0027200450236364174,0.585369273993485,0.05239321351408235,0.0027450488223322213,0.37577383991486724,0.07133905042701454,0.005089260115828123,0.9649444594146169,0.015098722351506598,0.00022797141664788497,0.9789182673159385,0.007860430602136616,6.178636925100581e-05,0.00019076378522307064,0.00016110074501631016,2.5953450044810186e-08,62.46944801807403,30.984895462644097,960.0637468309828
1.0,0.0,0.0,0.0,0.13510768684047103,0.012092197324560912,0.00014622123613611807,0.1342283816182494,0.012190571255210381,0.00014861002752836162,0.6925368351799237,0.04376940276884031,0.0019157606187409657,0.6899694108528901,0.0437023827507187,0.0019098982580903151,0.3580548971240508,0.04917102880193217,0.002417790073440443,0.6889209766311385,0.042547022975461105,0.0018102491640744152,0.6862917997916143,0.04250436551433506,0.0018066210877761958,0.3464723273888297,0.049196580203830276,0.002420303503751905,0.6150605924492699,0.13299270862652085,0.017687060547818673,0.6135049205141414,0.13332097871880286,0.017774483366539483,0.47398384879632244,0.17521667816372766,0.030700884306731315,0.6149079246698396,0.1310313924788193,0.017169225814938377,0.6133200800146158,0.13134499065787267,0.017251506570916657,0.47027003684736607,0.17913996212031472,0.03209112602846779,0.7375283431874815,0.09199655065013246,0.008463365331522386,0.8359876886710309,0.07966491363587601,0.006346498464611583,0.01862438796508584,0.012780363119820795,0.0001633376814744755,4.713222479820251,2.7063822464009366,7.324504863634179
1.0,0.0,0.0,0.25,0.1357317105831904,0.008629011128333797,7.44598330529085e-05,0.13503210735623566,0.008533332882915586,7.281777009064841e-05,0.7088785242780878,0.029894263738454514,0.0008936670044642764,0.706299084966341,0.02988446457062515,0.00089308122267295,0.3726150923023256,0.04324138553448576,0.0018698174229420344,0.7048068910936889,0.033094666009800246,0.001095256918300228,0.7021664065346258,0.03317044012009029,0.0011002780977604953,0.36203605902690367,0.04828118239656392,0.0023310725736102734,0.6139266458151247,0.10016652886463503,0.010033333504789764,0.6122318718859499,0.10054563629118035,0.010109424977198325,0.46181509548878663,0.158913663321779,0.025253552390347725,0.6148959107358858,0.0980156012898031,0.009607058096201652,0.6131698271608425,0.0983873962638402,0.009680079743577917,0.46246987501736203,0.16167451323091425,0.02613864822845307,0.6877756804664317,0.1346470040151208,0.018129815690247957,0.7911509658081735,0.12182683235703,0.014841777082147891,0.02764716996982578,0.02130190426042869,0.0004537711251204699,3.8337148904800413,1.7225760591485302,2.9672682795516807
1.0,0.0,0.0,0.5,0.13022033104782832,0.004626597786034622,2.1405407073740458e-05,0.12891562420601477,0.004470670745532857,1.998689691496331e-05,0.6884366500992299,0.05931916410164517,0.0035187632297179095,0.6859056420782749,0.05937864788016411,0.0035258238240765175,0.3791886192888769,0.06708700084984445,0.004500665683027031,0.6964910282604009,0.051561497639218995,0.002658588038799186,0.6939875897497002,0.05153221983061408,0.0026555696806707355,0.3689626927655607,0.061272014310837536,0.0037542597377074795,0.5664350743362407,0.13008327821053312,0.016921659269998963,0.5647033842941316,0.13035357024533634,0.016992053275705833,0.42750381462868575,0.15313296017193603,0.023449703491019745,0.5856209635672143,0.12248614769890533,0.01500285637811805,0.5839218242508292,0.12271281268018783,0.015058434395882867,0.4390775380505687,0.14869895423989987,0.02211137899203984,0.6916555271407926,0.13651061435025996,0.0186351478302854,0.7860201679611448,0.11721154532547728,0.013738546357586416,0.02796605365655464,0.022277548689325046,0.0004962891756052481,5.1646692752838135,1.6810922196463212,2.826071050955395
1.0,0.0,0.0,0.75,0.12311152627021349,0.007809558350349155,6.098920162750822e-05,0.1216545772602903,0.0075397848746423446,5.684835595588547e-05,0.6600257558247515,0.03343207043812635,0.001117703333779842,0.6570057317687588,0.03347219705312075,0.0011203879755629458,0.3935979249539748,0.04925056492136196,0.0024256181450732894,0.7111096454693928,0.04724690900470979,0.002232270410499327,0.7085124727342226,0.047389651013342714,0.002245779023166414,0.394929584399111,0.06089309261595436,0.003707968728335195,0.5283102119148622,0.1177770158743441,0.013871425468265502,0.5262387103342054,0.11829834490760005,0.013994498407877504,0.36286620531009134,0.1599267770042301,0.025576574002960747,0.58621298190549,0.1224198765347769,0.01498662617079002,0.5843441659581526,0.12292946891311197,0.015111654327259765,0.4129605284281389,0.17083525814141967,0.029184685424245498,0.5427482920784363,0.0635491839646655,0.004038498782574899,0.6847230078543453,0.06759466173568554,0.004569038295161752,0.08324054701552026,0.02318961943703143,0.000537758449634346,16.245096564292908,25.666458281667055,658.7670807245554
1.0,0.0,0.0,1.0,0.1024655297755949,0.01094224913484935,0.00011973281612911134,0.10030183396435721,0.011220343851819678,0.00012589611615306765,0.5559914677194324,0.04920670186054075,0.002421299507992144,0.5521728455992776,0.0494883665223968,0.002449098421055084,0.33986765949316033,0.04956847280285376,0.002457033496007253,0.6880361430875327,0.05024979058096721,0.002525041453431061,0.6852882154503449,0.05038603141670298,0.00253875216192498,0.37011016108475187,0.059219652915749,0.003506967291461779,0.45399784959296763,0.057554803830519065,0.0033125554439695317,0.4516917869021103,0.05787555080753137,0.0033495793812751452,0.31818846027196057,0.10544838741907506,0.011119362409283347,0.6004768864894119,0.0875298075908982,0.007661467216899662,0.5986959482965164,0.0879033074096296,0.007726991453551841,0.4427428557120918,0.1646811906958018,0.027119894568987044,0.4051519487988465,0.0402988396352577,0.0016239964759482165,0.5693947790593237,0.03684847613578248,0.001357810193529331,0.19698748605740019,0.04516282056464038,0.002039680361353904,32.55976402759552,37.13125614394961,1378.7301828275954
1.0,0.0,0.25,0.0,0.13354747709695558,0.011351466752456598,0.00012885579743212756,0.13270177420571663,0.011746002425135845,0.00013796857297129715,0.7035313532562839,0.04748494162152964,0.0022548196808000786,0.7009808356020742,0.047668355651278485,0.0022722721304967736,0.37476012791145935,0.07375968524616595,0.005440491167613471,0.6979921155440639,0.044412733216649264,0.0019724908717732607,0.6953701215811723,0.044564967061807556,0.0019860362892199926,0.36500762250058305,0.07061623116627401,0.004986652104128649,0.6102965575811201,0.13396663485075658,0.017947059253235944,0.6086301124248015,0.13448576260469935,0.018086420343367552,0.4673566206109777,0.20134357794100616,0.04053923637808602,0.6099332237957377,0.14307970976213816,0.020471803345617694,0.6082308144445276,0.14365592907989186,0.020637025959806918,0.4710778306260832,0.21288922817639783,0.045321823473542376,0.6573892440851877,0.16849902088852112,0.028391920040390276,0.7592587545949625,0.15412022093704889,0.023753042501684765,0.03477157639998501,0.028204724262202545,0.0007955064707068769,3.2670424461364744,1.4617516011639293,2.136717743505311
1.0,0.0,0.25,0.25,0.13162235168846112,0.012091218540887997,0.00014619756580351364,0.13088002041788577,0.01219268708271583,0.00014866161829702547,0.7165522063935883,0.02877354213727904,0.0008279167271257725,0.7139308914162111,0.028808581186053218,0.0008299343499534194,0.3990977151120676,0.058150984781769846,0.0033815370310896283,0.7144304876616125,0.030333198471341395,0.000920102929501788,0.7117700603931717,0.03043042092029831,0.0009260105173865289,0.38888514731995133,0.05785330572403821,0.0033470049831990324,0.6563896900965114,0.16468078812783263,0.027119761978404096,0.6548472593614687,0.16537494097555172,0.027348871102667212,0.5251348511730273,0.241032020885567,0.0580964350921804,0.6626207830209142,0.16062110105635946,0.025799138104557237,0.661087540708761,0.1612963486438739,0.02601651208584612,0.5351347934735226,0.23726959731237518,0.056296861808776674,0.7094167748194314,0.1178516556653281,0.013889012743059061,0.8127984307123585,0.10304185022474968,0.010617622897739746,0.02407123140224719,0.017521362948641737,0.0003069981595780354,5.961229658126831,2.649043413516585,7.017431006695601
1.0,0.0,0.25,0.5,0.13271359773394314,0.011380090804028076,0.00012950646670792439,0.13216282341934021,0.011111198566885087,0.00012345873359274922,0.6868322647064212,0.05357971704310832,0.0028707860784195523,0.6841023934487152,0.05357143259529799,0.0028698983903125558,0.3662495944172465,0.07615179893959594,0.005799096481736644,0.6915401110941997,0.05930358557249788,0.0035169152617545787,0.6888347771408988,0.05937456828116399,0.003525339358574605,0.36479166202925545,0.08835874474431024,0.0078072677727901735,0.5671625941829135,0.08757319413704703,0.007669064331364928,0.5652349702788552,0.08806293615425494,0.007755080724108382,0.3910509247635163,0.1478716232170919,0.021866016952857593,0.579940968775617,0.07982830610205399,0.00637255845512323,0.5780392747334474,0.08027944713937947,0.006444789633004423,0.4019520122564069,0.14103574633710553,0.019891081744864373,0.6930521282833043,0.13429122426624251,0.01803413291492624,0.7925087230057138,0.1192155512714864,0.014212347664964403,0.0266608067037924,0.021155720276056333,0.00044756450039874107,5.486294364929199,2.0609207949254182,4.247394522956017
1.0,0.0,0.25,0.75,0.12592932566060097,0.008682321246149443,7.538270222133802e-05,0.12403763811800743,0.007549885623426468,5.7000772926821664e-05,0.6480548530246397,0.03778782413822418,0.0014279196531013579,0.6449254676596761,0.03780421062436118,0.0014291583409310627,0.3739591453763558,0.043934277045804895,0.0019302206995375389,0.7024097918494596,0.04219668660406563,0.0017805603603617314,0.6997212046909214,0.04217048631997134,0.0017783499164628898,0.36697530035951614,0.05328654843998282,0.002839456244646635,0.5161676920609367,0.10884428992149436,0.01184707944851432,0.5140875981031076,0.10902266445557564,0.011885941364993035,0.3520417128677612,0.15083311179313907,0.022750627613201593,0.5872609671374511,0.13549997898319752,0.01836024430444697,0.5854315662703172,0.13580620794769627,0.018443326117132924,0.41470638404001126,0.17773185065151664,0.03158861073601302,0.5881676671338372,0.07920607658380119,0.006273602567798979,0.726742220699078,0.055580650495399224,0.0030892087094917223,0.06575478715690102,0.02281356928284124,0.0005204589434229973,31.947020244598388,43.925304852829896,1929.432406414042
1.0,0.0,0.25,1.0,0.1014011320212997,0.014173919679429593,0.00020089999907892147,0.09880500466985861,0.013093239942435829,0.00017143293219019698,0.5678558719880339,0.035750459605825194,0.0012780953620277389,0.5637130565716099,0.035753873136222886,0.0012783394442411203,0.3484576001755152,0.03784366058194221,0.0014321426462412465,0.7330108674279433,0.038502524302477775,0.0014824443776628917,0.7303746097485858,0.03856386777078642,0.0014871718974426996,0.39815350047433695,0.053585482200399735,0.0028714039026493565,0.5111322221633967,0.06811690225818082,0.0046399123732505584,0.5088584999652077,0.06846162255118166,0.004686993762340464,0.3836734662613558,0.10301433598731467,0.010611953418907354,0.7092250344527777,0.0694120404103041,0.00481803135392169,0.707783066799768,0.06977524370089486,0.004868584633519267,0.5569600022713799,0.14808196083285907,0.02192826712410441,0.3919370185687148,0.03070787368639961,0.0009429735063398737,0.5384731420754224,0.049073724167476525,0.0024082304036655696,0.21615112786940943,0.03830101385868366,0.0014669676626030779,33.3627986907959,46.74153057992106,2184.770680953696
1.0,0.0,0.5,0.0,0.13103460320315102,0.010773194953534026,0.00011606172950685099,0.13006400609319319,0.010687092292307993,0.0001142139416643089,0.6694898699528472,0.06473784600532667,0.004190988705409391,0.6670173948902927,0.06466668788808277,0.004181780522414711,0.35546517755812257,0.06705715214935866,0.0044966616543822375,0.6711423084935655,0.0707882676156952,0.0050109788320312825,0.6686682184290993,0.07078297843084742,0.005010230035541812,0.3483626180162184,0.0777960031205951,0.006052218101539644,0.565898091486926,0.14659930206080793,0.021491355364716,0.5642313999840498,0.14708093491597926,0.02163280141575853,0.440217091754609,0.20178130343566006,0.04071569441619392,0.5745421744335639,0.14527118909141998,0.0211037183800351,0.5728734260511683,0.14574607887392024,0.021241919507122984,0.4456643545034886,0.20461139835550166,0.04186582433699379,0.6963516645664862,0.1084661887275164,0.011764914097073205,0.8069837400372368,0.09269522505898468,0.008592404748735823,0.02432760173418558,0.014924776003516377,0.00022274893875513828,3.249589705467224,1.4107138957860066,1.990113695763732
1.0,0.0,0.5,0.25,0.13420193820227078,0.011577231490999785,0.0001340322889961971,0.13298928454556738,0.011721011642030467,0.00013738211391261374,0.6999001513440428,0.03550870549297833,0.0012608681657870695,0.6972420893680767,0.035567774123070925,0.0012650665560697937,0.3724830115126488,0.05756284616655852,0.0033134812587948806,0.6978578576353573,0.04087916464188334,0.0016711061018182052,0.69515835183227,0.04101365017377648,0.0016821195005769156,0.3642120001447145,0.06796191608450675,0.004618822037877537,0.6303429426797776,0.06919610729136252,0.004788101264277754,0.6287096607968872,0.06951574732664495,0.004832439126381944,0.47995923065192725,0.13530992582259957,0.0183087760261174,0.6368316856300532,0.07198591334897755,0.005181971720686504,0.6351940912901416,0.07230044357471817,0.005227354141101006,0.4852267339028032,0.14361068751643827,0.020624029568944074,0.65043333451587,0.12286315947686688,0.015095355956638024,0.7667111755065739,0.1216658542516327,0.014802580090779532,0.03231907908965231,0.02076869419571813,0.0004313386585952559,4.2299092531204225,1.3643265762021375,1.8613870065314468
1.0,0.0,0.5,0.5,0.13109423782083457,0.008166569304479952,6.669285420487417e-05,0.13013517974838246,0.007846467374836663,6.156705026437616e-05,0.663471658323054,0.07929936708169988,0.006288389619558185,0.6609292938736347,0.07933682719086897,0.006294332148713806,0.3489260861679774,0.08036550655042934,0.006458614643107103,0.6680984379033483,0.07220667881101622,0.00521380446491726,0.6655547193494945,0.07212213670927811,0.005201602603511801,0.33955213509325255,0.07081895688927389,0.0050153246548848346,0.5430659558060795,0.1298669995214573,0.016865437564706192,0.5413232118979299,0.130127436800843,0.016933149808357383,0.4179330197638692,0.14956392288781087,0.022369367029591032,0.5528464007918894,0.12600591630593105,0.0158774909440973,0.551091106339513,0.12626209339226319,0.015942116227796593,0.4306893355198952,0.1539910927457014,0.023713256645015217,0.716570311588553,0.12217109874902018,0.014925777369542842,0.8061877228437643,0.0992708867667434,0.009854708959455588,0.02276691958753603,0.021670189578720606,0.00046959711637769116,5.824779462814331,2.461778103002808,6.060351428424102
1.0,0.0,0.5,0.75,0.13100586903763375,0.009033616692632182,8.16062305494028e-05,0.1282777605675523,0.009633686840540334,9.280792214160001e-05,0.6520621266228573,0.058251423117587714,0.003393228295224232,0.6486289739158273,0.05837581515773864,0.003407735795330468,0.3822278905718071,0.06469204806359787,0.004185061082662856,0.7153580129741715,0.06360532270826089,0.0040456370768220075,0.7124787772864872,0.06388578345895403,0.004081393328164364,0.3686902192214861,0.07287440663439268,0.005310679142314816,0.6290653964003577,0.09681399606396582,0.00937294983387359,0.627272380570391,0.09721321324866126,0.009450408830129691,0.5119810699228198,0.17419902456400188,0.03034530015904973,0.7385711122454113,0.11155901284583933,0.012445413347138144,0.7372419955163572,0.11209977584644452,0.012566359744823109,0.6181843182411264,0.20709484568393594,0.04288827510885324,0.5981832330850908,0.09459124162047174,0.008947502991302463,0.7299851748869355,0.07966366972078315,0.006346300273382023,0.0731976158298763,0.022709649605957227,0.0005157281852253532,26.877295327186584,29.36649270819218,862.3908939803046
1.0,0.0,0.5,1.0,0.11130279290538629,0.011207482353447333,0.0001256076607028334,0.10796245863111957,0.010204980579842806,0.0001041416286349688,0.5829911020936344,0.03652886360082293,0.0013343578759675262,0.5792273303175284,0.03681544797335337,0.0013553772094786888,0.3647501032511407,0.048472216266392094,0.0023495557497758865,0.7040928323156372,0.04158121352333112,0.0017289973180728549,0.7013527541697487,0.041696054083012954,0.0017385609260935412,0.38093488724283997,0.06198150035566438,0.003841706386339224,0.5000279987503776,0.07690723842501965,0.005914723322162818,0.49784361769496377,0.07722057037865618,0.005963016489604991,0.36263775631135453,0.10691624207953032,0.011431082820408731,0.6331905193964267,0.11119502444578214,0.012364333461498088,0.631495024858771,0.11167322804311464,0.012470909861569486,0.5004539668823975,0.16752718135867126,0.028065356493981126,0.3838357347285478,0.03268721359272667,0.0010684539324565354,0.548539917937042,0.05003961990072982,0.0025039635598095153,0.20574786822623112,0.059385053263090175,0.003526584551060057,33.510879850387575,31.81733446876995,1012.3427726975764
1.0,0.0,0.75,0.0,0.12720402313909376,0.010798389114532111,0.00011660520746884558,0.12560004407628295,0.010807778499909751,0.00011680807610311147,0.6528843744266213,0.06492033606220639,0.004214650034429814,0.6499069257042659,0.064960939018024,0.004219923598103432,0.3755200094019987,0.08377909371284017,0.007018936543344857,0.6898025816631764,0.06943141032524767,0.004820720739752909,0.6870988795952142,0.06956543384442013,0.004839349585962394,0.3704806073187381,0.09425713484346494,0.008884407468899132,0.546284504484637,0.1464094750815338,0.021435734393650267,0.5443712608696012,0.14688835013725782,0.021576187406045652,0.4234979663752855,0.22412015160023382,0.05022984235331179,0.6117063100186649,0.17462519855471972,0.030493959970275288,0.610021187593246,0.1752986470836018,0.030729615669341175,0.48074797812532644,0.2614260301085631,0.06834356921832334,0.5494883147407993,0.07682725399028979,0.005902426955688499,0.7004823675361855,0.04576423848314647,0.0020943655239423044,0.08135473244815336,0.02451627915264953,0.000601047943490638,13.405955147743224,17.14594317642074,293.9833674090489
1.0,0.0,0.75,0.25,0.1225995936643152,0.009032853375070088,8.159244009551507e-05,0.12079084502161816,0.008814088334504493,7.76881531684482e-05,0.660181092500685,0.04102264378467826,0.0016828573030846017,0.6572407921397946,0.041126970247384306,0.001691427681729234,0.3947838483653766,0.0642569137785907,0.00412895096834924,0.6949549703958217,0.05167314452579119,0.0026701138651833043,0.6922788057424765,0.05190537420010897,0.0026941678708533377,0.3925021874141546,0.08075451155505631,0.006521291136495723,0.5353196642587955,0.11488853815180415,0.013199376198658559,0.5333553788832956,0.11530271636144025,0.01329471640032674,0.38178331510244057,0.1549425594205899,0.02400719671980303,0.5856597174424464,0.13735584823241706,0.018866629043646787,0.5838567455115212,0.1378819932234738,0.01901144405527808,0.4219306173290313,0.178233402981104,0.03176714593822461,0.5683990293969259,0.07990811601814324,0.006385307005569041,0.7086588616675391,0.05239894758216102,0.0027456497077180584,0.07920559427034274,0.03384425433049482,0.0011454335511872176,25.782854747772216,42.92092301920141,1842.2056328202136
1.0,0.0,0.75,0.5,0.12663255392240974,0.010855649288024587,0.0001178451214645887,0.12500593346417138,0.010209291836089247,0.00010422963979443855,0.6574682764995002,0.07120310133498678,0.0050698816397203965,0.6544124235583666,0.07125947253923642,0.00507791242657019,0.3822220898855676,0.07821147257265286,0.006117034441982831,0.6911404908200199,0.07159307730411846,0.005125568717873481,0.6883414595221721,0.07166012932063982,0.005135174134250823,0.3721221764346665,0.08407823029972643,0.0070691488103338355,0.536078307868918,0.1456034218581498,0.021200356456802336,0.5340636753087277,0.14601963570920176,0.021321734012647992,0.4011192120810881,0.21884594061421656,0.0478935457233212,0.591079126910752,0.1743668363907092,0.030403793632904352,0.5892541366582257,0.1749885499909226,0.030620992627925614,0.4555016126043617,0.25008190952363196,0.06254096147098605,0.5666102727975701,0.07208326075984844,0.005195996481772307,0.7100397866406836,0.05691407114268697,0.0032392114940348335,0.07211460724075992,0.013254835944676262,0.00017569067592028187,54.7874498128891,54.482996729083155,2968.3969325812855
1.0,0.0,0.75,0.75,0.11820536242894301,0.011048679129918533,0.00012207331051589736,0.11595065290316016,0.010316129397132563,0.00010642252573838266,0.6376494448210838,0.057524040637536265,0.0033090152512689234,0.634308477812864,0.05736929517472624,0.0032912360288448674,0.401563736196813,0.06762456504100553,0.004573081796985187,0.7052651781570762,0.0723666277046734,0.005236928805346805,0.7025077388528133,0.07236593913699134,0.0052368291471787355,0.3961684270925536,0.07725744453277503,0.005968712735734811,0.5005442451947797,0.1328633248059795,0.017652663078499213,0.4983377892693751,0.1331456068304108,0.01772775261823833,0.3367590625474678,0.16555663446278043,0.0274089992146427,0.5860850967839581,0.16568263947990508,0.0274507370250282,0.5841999280039241,0.16617042146164823,0.027612608968741806,0.4263160005026184,0.21594921739599102,0.04663406449394099,0.5888965942465308,0.0904904390294503,0.008188519555742662,0.6898622519330524,0.09055918694250094,0.008200966339686833,0.07408391620829209,0.02061134083461953,0.0004248273710008544,36.12129724025726,34.10834540128957,1163.3792260136713
1.0,0.0,0.75,1.0,0.0963236025917098,0.0074727432093501635,5.584189107288898e-05,0.09229185583633046,0.00758906941086898,5.759397452298724e-05,0.5829704237299038,0.03655139565503153,0.001336004524330658,0.5787833403536486,0.036536253627754846,0.0013348978291516293,0.39199926640438404,0.04896694481134187,0.002397761684157,0.740948581431093,0.04346925500362224,0.0018895761305699373,0.7382921772746808,0.043550640999486294,0.0018966583314661363,0.45944884965195054,0.06343665374820777,0.004024209038770004,0.48513196364420513,0.10764583368896928,0.011587625510593233,0.48266877270825714,0.10805071602148031,0.011674957232754581,0.31879696972965843,0.1196987525822762,0.014327791369752976,0.6512008363911145,0.14603038110961922,0.02132487220702063,0.6494624566445621,0.14664926658976385,0.02150600739131563,0.4562945870421166,0.19582730453193886,0.03834833320024472,0.4498062101912924,0.04993594520358603,0.002493598623375547,0.5983995427568833,0.05617721514102513,0.003155879501001023,0.1663104059047805,0.036285246306522675,0.0013166190995250176,42.29816694259644,33.88650675831119,1148.29534028107
1.0,0.0,1.0,0.0,0.10802049672603484,0.01364472027805517,0.00018617839146636996,0.10542641921013556,0.012688305618834215,0.0001609930994769399,0.5838356928402255,0.05316335598551439,0.0028263424196425285,0.5800672598320179,0.053590838299676834,0.0028719779496621098,0.35897258035729784,0.052735473502961754,0.002781030165581581,0.6873219984104126,0.03708455212871914,0.0013752640065876872,0.6843987516370773,0.037206335332766065,0.0013843113888942363,0.3710275970892144,0.055771015777305755,0.0031104062008324874,0.4496505090101327,0.05288831337240537,0.0027971736913777524,0.447230961944204,0.05305433523817047,0.002814762487564177,0.2964914269083969,0.062145691852951,0.00386208701588194,0.5554442295984365,0.07700501069580801,0.005929771672261506,0.5533808487653396,0.07723045381857356,0.0059645429970228234,0.3757595023812607,0.11925150388398867,0.014220921178592964,0.4072925214606863,0.044347456750236144,0.0019666969202140655,0.56252740559361,0.07088417141082039,0.005024565756598567,0.22070881357888195,0.0655907932370287,0.00430215215746265,24.928754329681396,28.547271914451624,814.9467337576384
1.0,0.0,1.0,0.25,0.10284967941919372,0.013743157636399585,0.00018887438181892823,0.1007190351348547,0.013428695468139977,0.00018032986197604316,0.5952836478370095,0.06760821872611249,0.004570871239317867,0.5913872381341484,0.06747261390578757,0.0045525536272794775,0.36987325501801294,0.06777025734567964,0.004592807780699645,0.7172882279586246,0.07526229510711918,0.005664413064791095,0.7145325071411428,0.07528394107870058,0.005667671784341261,0.40702175991808787,0.08453887445909805,0.007146821294811142,0.4737495599772771,0.08177531048648416,0.006687201405160886,0.47129147640768043,0.08193149055289584,0.006712769144219259,0.3153127295362831,0.08749605966278666,0.0076555604565139235,0.6030861215311785,0.1031812231153542,0.010646364803580503,0.6011556456118877,0.10344980622561299,0.010701862408116877,0.41175134872881103,0.1288132869402001,0.016592862892338328,0.41322176700770263,0.05724227509546391,0.0032766780581047674,0.541217697335779,0.05164843690606379,0.002667561034839652,0.23173668204508746,0.03998140095095278,0.0015985124220008482,19.24885265827179,12.259710380644284,150.3004986172772
1.0,0.0,1.0,0.5,0.11539843208864235,0.010862472778985346,0.00011799331487419763,0.11268165364531871,0.010224090228826923,0.00010453202100719416,0.6022899072581712,0.05311059489113772,0.002820735289690544,0.5983124527908222,0.053193822881625434,0.0028295827927617375,0.37149078550093495,0.060361220339846894,0.0036434769209155466,0.7186738375160476,0.04798844458568747,0.002302890813753597,0.7157487766460919,0.04818148851930012,0.002321455835935449,0.37762902749113214,0.06822527326360918,0.004654687911894146,0.5236740499881521,0.08507869911831673,0.007238385043665067,0.5213800478372159,0.08532026650951902,0.007279547877255353,0.3896041297916139,0.11377198259431898,0.012944064023442019,0.6732685283614824,0.10541552954714309,0.011112433869704598,0.6715854965923727,0.10589931704301524,0.011214665350177058,0.5220578825935184,0.17271051253650962,0.029828921140623847,0.38427485827561497,0.048061027912329225,0.0023098624039896887,0.5091963535320321,0.07000934090295946,0.0049013078136667925,0.2591277896725834,0.03863301038323165,0.0014925094912708846,27.573099112510683,28.579368638973218,816.780311802326
1.0,0.0,1.0,0.75,0.10468521909330039,0.00943474944441353,8.901449707886139e-05,0.10008092699378708,0.00843351132201588,7.112411321857005e-05,0.581441939481481,0.03536337538046638,0.001250568318299776,0.5772327496609686,0.03518901769004039,0.0012382669659899755,0.38814256798722224,0.046921690800468235,0.0022016450675747456,0.718947874598947,0.027869684082459597,0.0007767192908561018,0.7160066442391257,0.027834007868334423,0.0007747319940145026,0.4165033264120246,0.058942394037340626,0.0034742058148531274,0.47587564289028805,0.04777962836295836,0.0022828928865024152,0.4733494744778162,0.047926130023848365,0.0022969139390628195,0.3139169445405625,0.08493619010003803,0.007214156388709798,0.6466675096203895,0.07319618339392372,0.005357681263436915,0.6448374064557042,0.0736275802481492,0.005421020573197649,0.4836560271350495,0.15824483404258716,0.025041427501165947,0.43026743504108567,0.0640445450717083,0.004101703753442075,0.5961856807972084,0.06615635605692899,0.004376663446731165,0.18104046223589038,0.03163258318406925,0.0010006203188970607,58.421405577659606,29.557519283675276,873.6469462048359
1.0,0.0,1.0,1.0,0.10213080562431154,0.009256835666071172,8.568900654864732e-05,0.09661986767373279,0.009911641328841723,9.824063383160334e-05,0.5607526390820645,0.01958703955058719,0.0003836521183562669,0.5566958582552693,0.019660888088123177,0.0003865505204137038,0.385022981485969,0.02868851355369947,0.0008230308099207983,0.6964309934008374,0.038739271084078285,0.001500731124125704,0.6935740906069772,0.038646352224996475,0.00149354054029849,0.4219372515080586,0.047229524569636624,0.0022306279910739094,0.4842577705021123,0.08295725218466772,0.006881905690030558,0.4819993391814764,0.08314895105872183,0.006913748062165719,0.2947927674508917,0.08986538587461834,0.008075787578394054,0.6347710394687449,0.14328608973687368,0.020530903512083414,0.6331129508273807,0.14375055043735915,0.020664220751043738,0.4654732176485661,0.18471020153935977,0.034117858552710906,0.4879154667318045,0.12145893232359319,0.014752272241187189,0.6150701688945016,0.10419660774975449,0.010856933066556197,0.1617509468740566,0.07962114098680521,0.006339526092040713,52.4493809223175,28.6904407997209,823.1413932822896
1.0,0.25,0.0,0.0,0.1320564863777913,0.012587521208085942,0.00015844569016401335,0.13129289592249072,0.012560790908916767,0.00015777346825752612,0.6731198606982689,0.048112845614576766,0.0023148459131320984,0.6705224419566972,0.048133817423422084,0.002316864379751331,0.34645472381628284,0.0637169206125601,0.0040598459723472854,0.6700856191419919,0.05000440446184387,0.002500440465583671,0.6674421046087605,0.05009222279310888,0.002509230784354457,0.3400862265254533,0.06954851394736956,0.004836995792287458,0.5737421344776782,0.11094722762551346,0.012309287317787496,0.5720531252253849,0.11122859981279039,0.012371801416313874,0.42606945893012876,0.17740045600533766,0.03147092179090174,0.571043383894183,0.11461219866475768,0.013135956082769882,0.5693118755534331,0.11491603942089486,0.01320569611618466,0.42381360285677766,0.18474391025871634,0.03413031237768063,0.700431680339445,0.11317935292796857,0.012809565929193668,0.8070469421840214,0.10250361885385367,0.010506991878136106,0.02216947286482944,0.01760184271151984,0.00030982486684108404,5.107638049125671,2.8664844280607453,8.216732976314738
1.0,0.25,0.0,0.25,0.1375721329520305,0.0070460207442950016,4.964640832903549e-05,0.13718714457037873,0.006614664252549658,4.375378317395833e-05,0.6843104875123769,0.04652561234848818,0.0021646326044017956,0.6817346839273092,0.04647038065894037,0.0021594962785868197,0.3434569040012954,0.0443159669944086,0.0019639049306495126,0.6812809326982437,0.05463728968625024,0.002985233424259227,0.6786693346880883,0.05466659041193161,0.002988436107265893,0.3359183503114195,0.05155505649389233,0.0026579238500884297,0.6469022380463887,0.0968505585022449,0.009380030682196762,0.6454365134481165,0.09723932874067326,0.009455487053936723,0.5032122453086207,0.14916378193610086,0.022249833841480646,0.6442902743662632,0.09096137029421242,0.008273970885800829,0.6427941182330545,0.09129685924522399,0.008335116508042242,0.4978101918366953,0.14270447651725163,0.02036456761806282,0.7606344302640681,0.04918306257296189,0.002418973644055885,0.8606452641386939,0.03129274650533644,0.000979235983847246,0.01386833263029127,0.003927444705403033,1.542482191399832e-05,3.7955840110778807,1.0887672606294487,1.1854141478185538
1.0,0.25,0.0,0.5,0.13390954417062384,0.010114872269583925,0.00010231064102999787,0.13280740849388656,0.009989973146832372,9.979956347443187e-05,0.6430430731110155,0.05137007697791678,0.002638884808717096,0.6402895598599061,0.051399885898801824,0.0026419482704098463,0.3265665779903094,0.054249899844936667,0.0029430516331856596,0.6551310418806594,0.04697408096234039,0.0022065642822565097,0.6524374048256335,0.04691640788738782,0.002201149329055746,0.3189775864416825,0.05090260852221443,0.002591075554365817,0.568721563946043,0.15077919651978008,0.022734366103150466,0.5670916850044544,0.1510831539257856,0.022826119400162628,0.4487571809039121,0.18930143246044015,0.03583503233157458,0.6024347964609305,0.15686376416819842,0.024606240509016167,0.600902670515165,0.15717777463913785,0.024704852840511608,0.47995337203831834,0.19992193541513134,0.039968780260131946,0.7274342203705726,0.06512625475341782,0.004241429058207078,0.8232692052363619,0.04982343131577336,0.0024823743080775854,0.02006936697383049,0.008281933550583593,6.859042333628215e-05,4.980968356132507,2.556599823731978,6.536202658706382
1.0,0.25,0.0,0.75,0.12763892615914832,0.006708960787359134,4.50101548463225e-05,0.12607197844050333,0.0069202561392682676,4.7889945033080154e-05,0.6375028020863173,0.03558399309967689,0.0012662205649178527,0.6344713679434555,0.03581157300401859,0.001282468761022153,0.3589542407965536,0.04738399917847122,0.0022452433781453614,0.681182530615726,0.04318630865261987,0.0018650572550393495,0.6784712521791925,0.04339373657507001,0.0018830163739465685,0.3493430042176785,0.057182242228509345,0.0032698088262799177,0.5178083806701556,0.11685557440337653,0.013655225269143069,0.5158304524369641,0.11724398411297828,0.0137461518106843,0.39243041209316964,0.18717943353987013,0.03503614034030666,0.5938909519571338,0.14918828801151485,0.022257145279806705,0.5921735110075331,0.149703242711195,0.022411060878246965,0.4673378053157384,0.22397135740035937,0.050163168935759506,0.5729283766280654,0.08732514384060774,0.007625680746782832,0.7233656558759416,0.06855336803768919,0.004699564269310865,0.06528061874269306,0.029586344063995997,0.000875351755073151,14.933915638923645,26.011967343017375,676.6224450542023
1.0,0.25,0.0,1.0,0.10167363866168892,0.009792720762141282,9.589737992527294e-05,0.09927314418310718,0.00911918516864199,8.315953813998004e-05,0.5674624914922514,0.05137687280186491,0.002639583058899007,0.5634017893934818,0.05156737746952869,0.0026591944190848555,0.3471051529485016,0.047413119471796515,0.0022480038980468497,0.7173063060257522,0.06143281140003724,0.0037739903165125463,0.7146228620975801,0.06154399787808417,0.003787663674817629,0.38647130293964077,0.06348512860232422,0.004030361553653645,0.5125475903711592,0.10237173773507602,0.010479972686899187,0.510325231623082,0.10280432583979378,0.01056872941137449,0.3743851996464652,0.1265119206689428,0.016005266071344875,0.6780370220593545,0.11095638756884003,0.012311319942326638,0.6765136226270138,0.1113899903681073,0.012407729954207037,0.5104527527857401,0.16341333911219535,0.026703919399797355,0.39385459246961235,0.0572033355042599,0.003272221592812921,0.5389398531963816,0.06136143373762039,0.0037652255503363777,0.21294123800678352,0.04967887185194502,0.0024679903084819754,18.923153233528136,19.838497876548814,393.5659979978318
1.0,0.25,0.25,0.0,0.13726042875662,0.01085816705389026,0.00011789979177018791,0.13636250505946368,0.01075167644111708,0.00011559854629447205,0.7039370788941308,0.030590063810560654,0.0009357520039341726,0.7012369176290408,0.030616989694572126,0.0009374000579575358,0.36625670974950075,0.05280557923786542,0.002788429198646483,0.6958060460029841,0.03496636872365045,0.0012226469417182802,0.6930084891823254,0.0350375429754111,0.0012276294177537795,0.3520586721302311,0.0554875093713882,0.0030788636962398937,0.687455472062845,0.0942337773328159,0.008880004790410729,0.6860274598172791,0.09469121547646568,0.008966426288410455,0.5561483508981773,0.16853962105523163,0.02840560386544107,0.687675820033512,0.08471586393592048,0.007176777602409394,0.6862203566437072,0.08512761973877694,0.007246711642389805,0.5578861556369008,0.16048403169444744,0.02575512442890441,0.6581540605829747,0.14973681468666447,0.0224211136725085,0.7684327598034184,0.13472306433975575,0.018150304065093967,0.03235096992310228,0.026831083305558872,0.0007199070313498399,3.057617735862732,0.6537017754695256,0.4273260112520101
1.0,0.25,0.25,0.25,0.1339841600201877,0.012688627591523904,0.0001610012701563817,0.1330428988128912,0.013140188452065618,0.00017266455255579861,0.6974522604788667,0.06179455258114905,0.003818566728704395,0.6948993026440418,0.061886438954152474,0.0038299313264260407,0.366908637069276,0.08390784221038575,0.007040525984402992,0.68996425902434,0.056673221295430586,0.0032118540120008466,0.6873184019031657,0.056719245166478825,0.0032170727722551314,0.35393597829125767,0.0777926076164551,0.006051689799767747,0.5887368214415979,0.12696647261933972,0.016120485169397545,0.5870393799871747,0.127229844494758,0.016187433330160303,0.45234141938055616,0.1369459728684074,0.018754199484874574,0.588203703425798,0.1285184127494526,0.016516982415638662,0.5864678957033159,0.12880752544923582,0.016591378612355535,0.4525795114128635,0.1406081235084196,0.01977064439655898,0.6843187371307329,0.14052067732313933,0.019746060755353845,0.7865192180659173,0.12757231567023297,0.016274695725465572,0.02860190115729605,0.023034673565487468,0.0005305961862685671,4.774290919303894,2.1987207284133246,4.834372841554421
1.0,0.25,0.25,0.5,0.14161393916370907,0.011507378474119293,0.00013241975934662407,0.14029055535547832,0.011903763882543932,0.00014169959457135736,0.6992709268922819,0.06450368699107537,0.004160725635442625,0.6963893420812137,0.06465742675157575,0.0041805828341353836,0.35191608324508844,0.07825184057115253,0.0061233505527730735,0.697622529807829,0.05697363920136551,0.0032459955638473727,0.6946562745582991,0.05712545507853385,0.0032633176179295894,0.3321897569066364,0.07680734125312445,0.0058993676703739135,0.6434103871942973,0.1527365303536006,0.023328447704456357,0.6417396758318039,0.1533028400265461,0.02350176076020478,0.4952478502613359,0.2148674111510497,0.04616800437475424,0.6472098947316878,0.1543572927663937,0.02382617383017018,0.6454951226533417,0.15498725798216362,0.024021050136829737,0.49577808659725353,0.22423557481864306,0.05028159301424727,0.7197845027569245,0.10228285911374897,0.010461783268483021,0.8202522261668376,0.09041827021695309,0.008175463589025945,0.02307453739715187,0.019615948423008654,0.00038478543253413574,5.269726395606995,1.824541316534587,3.3289510157417634
1.0,0.25,0.25,0.75,0.12595611252500177,0.005869687001353639,3.4453225493859876e-05,0.12337650957443758,0.006464403875000412,4.178851745912034e-05,0.6494949217539687,0.05263678799631569,0.002770631450569083,0.6465045364666958,0.052628363896177505,0.00276974468638848,0.38725181875373277,0.0706456992577973,0.0049908148236231424,0.7019837221922008,0.05909404041675061,0.003492105612776554,0.699412361829206,0.059147028605815936,0.0034983709928972087,0.3832975077337478,0.07813695315608384,0.006105383448516039,0.5625912519983457,0.12720044085706506,0.016179952154231708,0.5607143724353424,0.12773626339289545,0.016316552985579165,0.4104896348956106,0.18626538793046427,0.03469479474088634,0.6291950529467949,0.13953632519152964,0.019470386047956312,0.6275487298889402,0.14012190635300922,0.01963414864000149,0.4729604214188172,0.20630286406899548,0.04256087172307043,0.5519336992472854,0.10709847959529516,0.011470084331623852,0.6968585487470318,0.09700673092992577,0.009410305845711018,0.07958965623829632,0.03189148906512983,0.0010170670747912955,32.9092936038971,43.47917443974635,1890.4386099618928
1.0,0.25,0.25,1.0,0.10960184700171989,0.010945155040252277,0.00011979641885515984,0.10794309305125774,0.00911883361334608,8.315312646789034e-05,0.5552961492545753,0.08353474933544293,0.006978054346535282,0.5519043397720083,0.08363655512755537,0.006995073353604608,0.3374417358675879,0.07568218938719774,0.005727793790439667,0.6659388210597982,0.06897456809359427,0.004757491043697873,0.6633432679255027,0.06899730742448017,0.004760628431828225,0.35588277169293925,0.0793758152526695,0.00630052004702592,0.45019444759340105,0.09976520317698304,0.009953095764944707,0.44810847121992803,0.09999332985779096,0.009998666016048988,0.3207489762013499,0.13633021197366818,0.018585926696785302,0.580369128466602,0.13672773669635122,0.01869447398210675,0.578716230292272,0.1371646646123379,0.018814145218215138,0.440869147349205,0.20804372460065015,0.043282191345711166,0.41689310861255785,0.0864310973536504,0.007470334589756194,0.6000368453785256,0.06807106853031934,0.004633670370859432,0.16873997196550578,0.06930847633539701,0.004803664891934288,25.240490245819093,26.607255638140476,707.9460525933582
1.0,0.25,0.5,0.0,0.13053961940930708,0.00913317199224393,8.341483063990894e-05,0.1294807820452335,0.009163305172137455,8.396616167772103e-05,0.6941629223468223,0.04143583179450507,0.0017169281565025175,0.6916158825254277,0.04155618127826133,0.0017269162024317172,0.3813822198301975,0.057500651610944364,0.0033063249356831987,0.6928802289929594,0.0371178509881101,0.0013777348619755459,0.690287012765498,0.037238174060815976,0.0013866816073836276,0.36777996340320274,0.057283082054202704,0.00328135148962852,0.5859784934901631,0.1281283874913698,0.016416883681138604,0.5842701316298143,0.12858136772829276,0.01653316812687845,0.4549737281003206,0.19108617452444743,0.036513926094387576,0.5947526416874194,0.12876543636909643,0.01658053760332382,0.5930378842292651,0.12924194973658398,0.0167034815717137,0.4626031790902271,0.20000018372906372,0.040000073491659245,0.66979128766273,0.13043992195707824,0.017014573240168664,0.7824471348800874,0.11662398511435697,0.013601153903953757,0.030347333557861667,0.020709011634136177,0.00042886316286278747,6.392676925659179,1.8962139780383818,3.595627450508145
1.0,0.25,0.5,0.25,0.13863624730320173,0.011346380386462972,0.00012874034787431162,0.13796666893627083,0.011563358777160611,0.00013371126620933735,0.6853371477017423,0.10583045485259841,0.01120008517430787,0.682753546009237,0.10569169273875527,0.011170733913983454,0.36336641510745143,0.11315341558540186,0.012803695458642664,0.679138890337684,0.1031147250296575,0.010632646517941874,0.6764594796657997,0.10293723617859592,0.010596074592088035,0.34624572946474197,0.10856363698791936,0.011786063276044733,0.6284512763235633,0.1962573461880402,0.03851694593277226,0.6269587814362008,0.1966349935875365,0.038665320703170525,0.5080389405899398,0.25217474049301364,0.06359209974271876,0.6308519126195288,0.200960432212125,0.040385095314884094,0.6293296761235048,0.20139512466588588,0.04055999623918771,0.5102853462194374,0.26777948438236976,0.0717058522560878,0.6993139002768094,0.12280930303693648,0.015082124912418097,0.7996783297703057,0.10973067087786612,0.012040820131306574,0.02695856542028554,0.02079495679373457,0.00043243022805328766,4.670454716682434,1.154752777281874,1.3334539766402014
1.0,0.25,0.5,0.5,0.1351814058715572,0.006839510934381433,4.6778909821523186e-05,0.13412004660418383,0.006575541649075185,4.32377479787224e-05,0.6985548028979733,0.07955661746865254,0.006329255383053511,0.6959697172855847,0.07971151213565664,0.006353925166952936,0.3804861129284297,0.09103778893555489,0.00828787901427464,0.7037742420435291,0.07301919521096975,0.0053318028692577076,0.7011863950703766,0.07314144116015486,0.005349670414984397,0.3677477782068096,0.08701805804084928,0.007572142425200613,0.6317357322966821,0.1390353968058468,0.01933084156495928,0.630182162274103,0.1393362538751678,0.01941459164396521,0.5066834556847957,0.18440376133173617,0.03400474719329191,0.6548331019620798,0.1443457439414817,0.020835693794019797,0.6533325651616031,0.14470929355917597,0.02094077964239577,0.5293815601505915,0.1976070968286613,0.03904856471705192,0.7112460341984892,0.14499660924908883,0.021024016693732953,0.7948093916437813,0.12180831435121764,0.014837265445085053,0.028635411118042332,0.02514199310329278,0.0006321198172060217,4.211503958702087,1.718030021037883,2.9516271531874283
1.0,0.25,0.5,0.75,0.1297185856185791,0.006545872558410461,4.284844755095112e-05,0.1277436455403541,0.006546170867675565,4.285235302880426e-05,0.6508336528198153,0.07382739519652816,0.005450484281504349,0.6475026939511028,0.07398159267460279,0.005473276054670841,0.38445376344095716,0.08872602857499426,0.007872308146690698,0.7120512174760354,0.056696613410087665,0.0032145059721729327,0.7092262714240124,0.05679311304013121,0.003225457688789122,0.37427378136854406,0.08177482205725604,0.006687121522495889,0.5750795485227634,0.09809179133704718,0.009621999527710805,0.5730875624610122,0.09839993058280233,0.009682546338700316,0.4096700594542876,0.12999243435669905,0.01689803298998071,0.6534956361986815,0.0919667657714358,0.008457886006458134,0.6517850324297789,0.09240467178296694,0.008538623367317847,0.48827455785866886,0.15155834026511783,0.022969930503917234,0.6015186808795925,0.08351679697115606,0.006975055376321303,0.7423249010555913,0.05168997762142337,0.0026718537865032485,0.068348312982801,0.019829175048626822,0.00039319618310908454,62.43555600643158,58.90002253594676,3469.2126547350363
1.0,0.25,0.5,1.0,0.10554184325987911,0.011795976954658938,0.00013914507231484476,0.10251078925984816,0.010788072559700448,0.00011638250955336178,0.5777981752251831,0.04902704138807603,0.00240365078726812,0.5737907780219731,0.048983352934968395,0.002399368864751677,0.36214491805237475,0.060737228280647655,0.003689010899215505,0.7158170326273238,0.06329111177497904,0.00400576482971289,0.7130757702940266,0.06335834605201356,0.004014280014446702,0.39159152472257336,0.07664571440667563,0.005874565536909683,0.48208222640236836,0.09073921333499153,0.008233604836653105,0.47972682370660785,0.0908434178664846,0.008252526569664733,0.3504962871390714,0.10177879194576632,0.010358922489939587,0.6393897896388194,0.12155772374131191,0.014776280201169105,0.6376823673197403,0.1217615287815045,0.014825869891209147,0.49167704697069115,0.1519190157143789,0.023079387335625708,0.40563775855483286,0.07557806813482869,0.005712044382992807,0.5523837467986754,0.09615196848918679,0.00924520104434557,0.2012169585072665,0.07060192268172055,0.004984631486355647,31.49156494140625,28.634058394800945,819.9093001568706
1.0,0.25,0.75,0.0,0.12731603441876027,0.01029112236397856,0.00010590719951037967,0.1258533809893716,0.010231065556716419,0.00010467470242582906,0.6540817300326759,0.043832879137872906,0.0019213212935153738,0.6508996620613597,0.044006369144406254,0.001936560525273751,0.3697828533224878,0.058613199607732126,0.0034355071682558493,0.7051564571965526,0.03786418299011675,0.0014336963535090466,0.7023993201382563,0.03799311499355702,0.0014434767869136475,0.3757099948709698,0.06300884705552624,0.003970114807266698,0.5233626222633745,0.07603479182223734,0.005781289567450969,0.5212104814124998,0.07628935129405895,0.005820065120868334,0.3443999102383229,0.0896158860077082,0.008031007024946551,0.5938355639605349,0.08197418417508934,0.006719766871171468,0.5919393212750825,0.08229472670033931,0.00677242204268354,0.40711783980328003,0.10241054896381648,0.010487920539070252,0.5686116424423857,0.06266027086995539,0.003926309545496181,0.7148841622212756,0.03959585485904484,0.0015678317220185452,0.08533372914591712,0.022308156390523807,0.0004976538415440682,25.021645283699037,31.208289568116506,973.9573377674094
1.0,0.25,0.75,0.25,0.13395774147829334,0.008643289437023308,7.47064522921587e-05,0.13228173832125442,0.008284057448014765,6.86256078020089e-05,0.6565703945358686,0.06002298713118884,0.0036027589841508604,0.6535374519554454,0.059951958285549674,0.0035942373022722885,0.3560897751424045,0.0504258179616464,0.002542763117101101,0.689785406862209,0.0718588052017231,0.005163687885019186,0.6870203872247802,0.07187229775512227,0.005165627184600953,0.3464786813115498,0.05684761580301519,0.0032316514224872226,0.5457860573581964,0.12132621124225215,0.014720049534399593,0.54383366288385,0.12146332823290251,0.014753340105413812,0.38738919278568906,0.1517663460233286,0.023033023785272715,0.5966441015678138,0.14941859381070682,0.022325916176368997,0.5948738840877772,0.14969024563316172,0.022407169637716287,0.4332915795780886,0.1786709280964214,0.031923300546836585,0.6092589178467592,0.08551953344500762,0.0073135906006517775,0.7462803347955483,0.05404239846875805,0.0029205808322560227,0.07304322326853753,0.02986920504642598,0.0008921694101054394,28.81837902069092,46.675620723825496,2178.6135699544084
1.0,0.25,0.75,0.5,0.1260331644043992,0.010359468279340511,0.00010731858303066226,0.12393562627949686,0.010963856657882413,0.00012020615281459252,0.6429672076943342,0.05620430166902855,0.003158923526103166,0.6400581460331702,0.056232618600499024,0.0031621073946691888,0.3720493755938134,0.07051882564273837,0.004972904770030935,0.663165197772181,0.07065534665614354,0.004992178011099814,0.6603686397785,0.07084530908327821,0.0050190578191052215,0.34949958050487673,0.07485262245531206,0.0056029150884374865,0.5706082549809939,0.08483742088066515,0.007197387981683119,0.5688410412373079,0.08520660792106512,0.007260166033414117,0.427156849657815,0.15408350048206557,0.023741725120806696,0.6056932519028045,0.11721385335515987,0.013739087418364921,0.6040020136664281,0.11770861670680813,0.013855318447030269,0.45573390279528125,0.20194191403105385,0.040780536642525546,0.5846962480075848,0.08455447691662629,0.007149459566644288,0.734157377059374,0.052862533858361226,0.002794447485926387,0.06302817504211336,0.020492961612393192,0.000419961475647021,28.022292375564575,40.33031033707776,1626.5339318850015
1.0,0.25,0.75,0.75,0.12253845252273339,0.014502377770118768,0.000210318960987235,0.12026071685133363,0.013833204745510117,0.0001913575535312036,0.6414441822959753,0.041572304994485255,0.001728256542554504,0.6380651490986655,0.0416156174819244,0.0017318596184018513,0.38845087471232903,0.04362020647554683,0.001902722412969338,0.7054276707171351,0.05376428727397715,0.002890598586078741,0.702583857525316,0.0539877117635213,0.0029146730214610565,0.37944012985679687,0.058181488853688186,0.0033850856452318427,0.5937449312930083,0.10153823976427657,0.010310014134427717,0.5919095811858635,0.10180001825253446,0.01036324371621635,0.45135421375226725,0.14923672127490908,0.0222715989768849,0.6743332162657736,0.1303938028474282,0.01700254382101397,0.6728065019697624,0.13082756273926802,0.017115851172297112,0.538418511290657,0.19743871114525893,0.038982044658701,0.6043439693273693,0.08482177489314591,0.0071947334960235166,0.6980157622822927,0.07806470411819541,0.006094098029061396,0.06931255110144505,0.018424273960957215,0.00033945387098840605,39.96796522140503,51.362544456586434,2638.110973054818
1.0,0.25,0.75,1.0,0.10282716875242608,0.010318573760463771,0.00010647296445013146,0.09960624294803512,0.009356888266858559,8.755135803847535e-05,0.5764151614347898,0.04314262135278572,0.001861285777189843,0.5723973105285219,0.04320310976990366,0.0018665086937903448,0.37274731275640355,0.04858769965414352,0.0023607645576812584,0.7146129286683836,0.05413269542287967,0.0029303487137462576,0.7118434160000847,0.05419774653303159,0.0029373957292587374,0.4035111788804098,0.06007321790045643,0.003608791508915719,0.48759282270100657,0.07722610421546111,0.00596387117229726,0.4852598238087554,0.07749084852340764,0.006004831604877707,0.32345487561334785,0.09403453734078182,0.00884249421289489,0.6446394086068754,0.10617242860811332,0.011272584596544922,0.6429268627380158,0.106610432022995,0.011365784216129639,0.4757437615777366,0.1527478855313024,0.02333191653428386,0.40011681991406245,0.05602063184812558,0.003138311192663222,0.5568106433791186,0.056026108670925896,0.0031389248528063975,0.17195206456512283,0.04429787619145987,0.0019623018350739072,25.12118990421295,13.851693901046263,191.8694239282822
1.0,0.25,1.0,0.0,0.10690856282133276,0.012514154475337156,0.00015660406223260098,0.10424769125211882,0.012697697483079744,0.00016123152137180965,0.5958100376693156,0.026527598110144754,0.0007037134614933556,0.5919702580525247,0.026766018031781368,0.0007164197212776454,0.3538021354753077,0.027210167601271214,0.0007403932208892697,0.7106202558374145,0.0301987267430751,0.0009119630969029192,0.7077942358881688,0.03016437587857161,0.0009098895721437528,0.3741769819808985,0.029839038009058086,0.0008903681893060131,0.5482581201886787,0.06858198195573827,0.00470348824897721,0.5461879962453606,0.06887272592551182,0.004743452376410667,0.4383929079176011,0.12077037236542218,0.014585482841282728,0.7018069114715395,0.09348293402853686,0.008739058954583774,0.7003708287460657,0.09388416147444363,0.008814235775759405,0.5818021927361633,0.16956431213721665,0.02875205595056744,0.3906336630036335,0.0364333328361386,0.0013273877415488555,0.5286446305707313,0.0648354690316743,0.004203638044557197,0.23223321495513974,0.04803363565735504,0.002307230154463529,16.704834723472594,22.720679212957876,516.2292638981361
1.0,0.25,1.0,0.25,0.10734390835818372,0.010523227549639103,0.00011073831806148338,0.10467637856291571,0.010169510146080696,0.00010341893661123822,0.6090744191332472,0.0634967975683976,0.004031843301442064,0.6052627414446832,0.0638771138278265,0.004080285670973103,0.38752018219926887,0.08092417378793128,0.006548721903259304,0.7155642736103607,0.04151832486799394,0.001723771299844284,0.7127136657168383,0.04162724080759116,0.0017328271772531828,0.41215800526951973,0.08287809104670384,0.00686877797554573,0.498563264404134,0.049048618507791186,0.0024057669775228363,0.4962041561986098,0.04920572787481237,0.0024212036556900875,0.32446889754479386,0.06420413826436265,0.004122171370269397,0.6102656778240593,0.08251446138688392,0.0068086363379675574,0.6083459806971631,0.08284323190312823,0.006863001072155482,0.4227071248007482,0.10445823515511837,0.010911522891722009,0.4470819261131628,0.08274939401228007,0.0068474622093995735,0.5810086993732567,0.09637802582141464,0.009288723861233266,0.21358954662372445,0.08714063884131931,0.007593490937673247,32.89842460155487,41.42829573801602,1716.3036877565164
1.0,0.25,1.0,0.5,0.11117095110433502,0.012864180624335447,0.00016548714313552754,0.10926805822740411,0.0121704332682524,0.00014811944593698482,0.5988256177641451,0.0436987780503117,0.0019095832030904035,0.5948932601001582,0.043699190630350875,0.0019096192617477459,0.3619681466279893,0.050486308348746234,0.002548867330684684,0.7208102156372734,0.05109872915012056,0.0026110801207573802,0.7179944162137399,0.051196666624071754,0.0026210986734163427,0.3817407828360798,0.061634732691815006,0.003798840273991489,0.543714909681694,0.09936113038062291,0.009872634230515147,0.5415537011366872,0.09973770139811987,0.009947609080180522,0.43310962110488893,0.137668993690235,0.01895275182368196,0.7163111279542831,0.12006923497269602,0.014416621186928488,0.7148981462911351,0.12053401907361676,0.014528449754039009,0.6022379675722717,0.1861824023809076,0.03466388695632619,0.3781502793461003,0.034722876750812,0.001205678169852081,0.5065043061510347,0.05318497757103372,0.00282864183923136,0.24663399446924156,0.03685925605711838,0.001358604757084218,43.11739637851715,50.632042994903685,2563.6037778377754
1.0,0.25,1.0,0.75,0.09686762631661736,0.011435784431327643,0.0001307771655597957,0.09298835222666826,0.011719034980723944,0.00013733578087943147,0.5706652618173493,0.037344670946672175,0.0013946244481152208,0.5665278989587178,0.03714253714748715,0.0013795680657524628,0.36819591405583746,0.03895797378573678,0.0015177237214901542,0.7097658304879577,0.06299067871726646,0.003967825605261887,0.7069261849077204,0.06308955547737434,0.003980292010332695,0.4145788894595716,0.07176497495620672,0.005150211630464977,0.4707938464937439,0.09527359647804297,0.009077058185860961,0.46836062277128565,0.09550838068316604,0.009121850780720565,0.310359696176512,0.09437015970513786,0.008905727042773226,0.64579466519709,0.12475923901105568,0.015564867718617715,0.6441020292753239,0.12517813595055907,0.015669565720056646,0.4617284615221345,0.14845266602711155,0.022038194050557115,0.4207757721618483,0.05195108825585224,0.002698915570967349,0.5835405033667036,0.06265981164554751,0.003926251995455491,0.15613241152142282,0.04450137374624021,0.0019803722653025575,42.624769401550296,33.088479379351504,1094.8474676377698
1.0,0.25,1.0,1.0,0.10270124958807517,0.006990980625492942,4.8873810106017686e-05,0.09862501840581088,0.007535676082602716,5.6786414021910615e-05,0.5592028638091999,0.02198153935341941,0.00048318807234592624,0.5554863787973361,0.02189453911861728,0.0004793708432166623,0.3744795626268681,0.02957337703336673,0.0008745846291576629,0.6673380273967868,0.0358002293918668,0.0012816564245102836,0.6644881575019583,0.03566632747762253,0.0012720869157410116,0.40169391770616497,0.04560229066798052,0.0020795689141669834,0.45452406896790143,0.08261668387829822,0.006825516455046661,0.45229843309914164,0.08290049313478377,0.006872491761990331,0.2645470800522053,0.09134164558301462,0.008343296217813056,0.5612469412348664,0.13091137793939853,0.01713778887399204,0.5593989512695323,0.13131172401976565,0.017242768865043098,0.37483618361922816,0.18733109810683882,0.03509294031791407,0.5339425726738087,0.1701853187070187,0.02896304270340953,0.6380853477257864,0.14414448251828427,0.02077763184046396,0.12483981276983011,0.08310795845742631,0.0069069327589612985,44.5012570142746,33.623899949481526,1130.5666478127437
1.0,0.5,0.0,0.0,0.13934719347824767,0.01024586347027301,0.0001049777182514749,0.13886715761595475,0.010101563060922669,0.00010204157627379737,0.6594584321879731,0.062478804464658616,0.0039036010073330457,0.6566018438961947,0.06259838119182687,0.003918557327837264,0.3244290029119298,0.07118740448445485,0.005067646557233383,0.668776844191037,0.056589477601760425,0.003202368975240145,0.6659595263292319,0.05667963324226093,0.00321258082447721,0.31696400436942607,0.07552139040808062,0.005703480409169731,0.6038424289411604,0.1345783312653566,0.018111327246168058,0.6021979229506096,0.13503705801964005,0.018235007038599635,0.5014742428586199,0.18406658455540512,0.0338805075498921,0.6428028449817965,0.12908668363360248,0.016663371891521776,0.6412876003952606,0.1295456738477561,0.016782081612669197,0.5349071569383651,0.18157355651926274,0.0329689564270539,0.7177835344625267,0.13086323274166695,0.017125185683599695,0.8185123566180614,0.119576599680442,0.014298563191136683,0.02197793618218828,0.021455610837839777,0.00046034323642482773,4.50691831111908,1.0589135728753025,1.1212979548195388
1.0,0.5,0.0,0.25,0.1353980288011431,0.009785008462950214,9.57463906200073e-05,0.13444373241269197,0.009883080467564776,9.767527952836038e-05,0.7117631038415777,0.05716608632655545,0.0032679614258951896,0.7091552349841203,0.05725756041632953,0.003278428224829626,0.38652270317554505,0.05311518180205793,0.002821222537865666,0.7198419268667277,0.05008357713536281,0.002508364698673836,0.7172738246528156,0.050146466274617316,0.0025146680798313315,0.37859644568877443,0.05867939764899173,0.003443271708448496,0.6850671635667707,0.13388989253862382,0.017926503324004237,0.6836403422077976,0.13443666786442096,0.018073217666488634,0.5688199931114648,0.1961977372566291,0.03849355210462126,0.7101593908247381,0.1412631197386027,0.019955268998282802,0.7088128175546254,0.14187287902116344,0.020127913801753675,0.5885040200179861,0.20297238027878386,0.04119778715603525,0.724207384598763,0.12321626894797275,0.015182248933459153,0.823221618915241,0.10712617857752502,0.01147601813662378,0.022578495936456312,0.017248883334079645,0.00029752397627269057,14.241475796699524,31.30148012197903,979.7826578266483
1.0,0.5,0.0,0.5,0.13775475909087181,0.008470413637702736,7.174790719378048e-05,0.13629031971928054,0.009162083145093933,8.394376755761433e-05,0.6466152819993096,0.042642108470815315,0.0018183494148367794,0.6436915012510674,0.042831235386617206,0.0018345147247438099,0.3280196765527762,0.05222130769368411,0.002727064977238431,0.6618304891444009,0.035776956288927284,0.0012799906012998137,0.6589748539090216,0.0359444524837947,0.0012920036643597748,0.3145346384073939,0.050395069764452495,0.002539663056564034,0.5905664180557593,0.08367696584192238,0.007001834612510245,0.5888656183529686,0.08399526295810224,0.007055204199400741,0.46432664273790697,0.11094903710397223,0.012309688834298609,0.6267120056983269,0.09047072063016426,0.00818495129134123,0.6250991676160457,0.09086120070655061,0.008255757793836074,0.49941268093101765,0.12068231760266548,0.014564221781950623,0.7835714249860144,0.13290175913558092,0.017662877581331966,0.8573706772987721,0.10611510382522038,0.0112604152598373,0.01415536966032745,0.019450628940487744,0.0003783269661805394,15.387816786766052,29.78185156544948,886.9586826664655
1.0,0.5,0.0,0.75,0.12942728553969068,0.007230560857451731,5.2281010313313114e-05,0.1272440116441535,0.006586905737150625,4.3387327190107815e-05,0.6599157977411171,0.03148022085765214,0.000991004305246557,0.6566454018136415,0.03169398185541148,0.0010045084858511522,0.3854037792703691,0.03471223700005409,0.0012049393975479242,0.7161343426988431,0.02780447589476198,0.0007730888797823999,0.7133383755259011,0.02790676208372016,0.0007787873699973612,0.37397440485985534,0.04330373613818484,0.0018752135635255358,0.5569258530795623,0.09650964207901432,0.009314111014219452,0.554869657172352,0.09685285150793187,0.0093804748452175,0.40012827684186664,0.17420457378511514,0.030347233527653623,0.6290999396023667,0.14050318122244296,0.01974114393362665,0.6273171296920609,0.14107775088098204,0.01990293179363643,0.4714367849566153,0.22501225940483538,0.050630516882468925,0.6293284751383266,0.08961546636192357,0.008030931811265053,0.7459643021686386,0.08628191821196844,0.00744456941033681,0.0596733769237064,0.023208456350564545,0.0005386324461760598,21.62536804676056,35.64932768478145,1270.8745643769248
1.0,0.5,0.0,1.0,0.10687629648683991,0.011574108161460922,0.00013395997973319633,0.10332023478743942,0.01116134335277249,0.00012457558543847865,0.5918719244178622,0.03944270354991568,0.001555726863326531,0.5879109446020964,0.039381477682010224,0.0015509007844186694,0.3826183179795139,0.05208063247750333,0.002712392279256775,0.7347301977155991,0.05536231762433596,0.0030649862127378603,0.7321408668598266,0.055243847194126686,0.003051882652808019,0.4162029921229188,0.0595379267656816,0.0035447647235556656,0.4632257163641091,0.10869784638745397,0.01181522180927054,0.4607849633809547,0.10876380255781753,0.011829564746835917,0.30506423496459173,0.13160931931929518,0.0173210129316882,0.6125161287542922,0.18256835671802998,0.03333120487472185,0.6107375446802574,0.18305579267004538,0.03350942323005864,0.4323732536980076,0.20639861302857812,0.04260038746012074,0.42140044664117343,0.08133767176929751,0.006615816848849978,0.5588140936860683,0.09723189031984925,0.009454040495171194,0.18725212099197683,0.07153230149433251,0.005116870157076085,37.21666932106018,41.69901111561924,1738.8075280205371
1.0,0.5,0.25,0.0,0.13097525778803126,0.010557273189648542,0.00011145601720087191,0.13021751848857538,0.010922127970257373,0.00011929287939867843,0.7127257537753819,0.051507749609887354,0.002653048269874851,0.7100639783732913,0.051566364677216425,0.002659089966023674,0.3987380871265219,0.07533478891528565,0.005675330420910645,0.7193630795246201,0.04786138188150461,0.0022907118756072173,0.7167433548377852,0.047920875835763675,0.002296410340866679,0.39735017400338957,0.07205005756701816,0.00519121079541063,0.5681789216449207,0.13285380457890192,0.017650133391089062,0.5662160015099393,0.13331388171542133,0.01777259105803335,0.37370733867915207,0.1642213147838377,0.026968640229332312,0.5814360857832409,0.13614318310661214,0.01853496630640052,0.5795001930126911,0.13665431230877043,0.01867440107258296,0.38241483393043185,0.16596511001333672,0.027544417741738964,0.6633265015868617,0.151572853129375,0.022974329805779084,0.7708713962422457,0.13723880246576362,0.018834488902236886,0.03172138240946,0.0283082084873987,0.0008013546677660318,5.618396806716919,3.4241257360319395,11.724637056156272
1.0,0.5,0.25,0.25,0.13475946234454006,0.003838583683876493,1.473472469812283e-05,0.13417511587477193,0.004149498819782521,1.7218340455376537e-05,0.6834083369301513,0.06804111323411942,0.004629593090138261,0.6807564500561937,0.06794515644881645,0.004616544284854144,0.3496935955669367,0.05863141226655987,0.0034376425043713076,0.6922093643635432,0.06540639298286627,0.0042779962430291385,0.6896142550729316,0.06529720515740202,0.00426372500136785,0.3463446199089642,0.054974234046028164,0.003022166408947482,0.5720082270323155,0.10537223854187014,0.011103308655324783,0.5702010024579032,0.10562680987890573,0.011157022965194496,0.4142379780562206,0.12287194526842966,0.015097514934047975,0.587666063241337,0.09363795642925976,0.00876806688424795,0.5858889138040337,0.09386809924802424,0.008811220056436928,0.4265727887398292,0.12060995856086539,0.014546762104053665,0.7321235392167779,0.1478002666267977,0.021844918814952492,0.8218039725164932,0.13275108248511366,0.01762284990096945,0.02431306714371454,0.0251972891665701,0.0006349033813437509,4.418319416046143,1.448453396089586,2.0980172406434554
1.0,0.5,0.25,0.5,0.13341786497456343,0.013162446560862509,0.0001732499994675613,0.13212652661603647,0.013030172574769495,0.00016978539732827511,0.7194565900993691,0.06116207380159141,0.003740799271711314,0.716678962787545,0.061370129265037314,0.003766292766007389,0.404019019557236,0.06505929592283644,0.004232711985975201,0.7204410068088801,0.05269532439491659,0.002776797213085491,0.717615233727626,0.05287743389077917,0.002796023014873721,0.38351059462433607,0.07153310667980643,0.005116985351264568,0.6513554877680476,0.16936940058057007,0.02868599385302161,0.6496910058086027,0.1700751173183954,0.028925545530865952,0.5043199526523443,0.27158993650185614,0.07376109360908226,0.6674286186717351,0.18443654495383277,0.034016839114507175,0.6657888304486753,0.1852570145287835,0.03432016143211789,0.5160998041591565,0.2984445975061567,0.08906917778061187,0.7097121556204767,0.09452943052683434,0.0089358132357276,0.8117178721798941,0.08335916971162874,0.006948751175012123,0.02367688786540139,0.014833809968046535,0.00022004191816811674,24.018915462493897,38.601616271251814,1490.0847787529726
1.0,0.5,0.25,0.75,0.13088331591038757,0.008727259078496046,7.616505102319164e-05,0.12892034570025146,0.008728181305174974,7.61811488960059e-05,0.6144649234595791,0.052494042530453734,0.002755624501189086,0.6110213065193021,0.05260427684748832,0.002767209942647196,0.34638950859815865,0.0631376176081211,0.003986358757229324,0.6706126059677574,0.05796763760156678,0.0033602470091065786,0.667583487215008,0.05820167857254248,0.0033874353886615503,0.3296509175557941,0.07575751087312185,0.005739200453691175,0.5596607450725385,0.12890204426385946,0.016615737015401984,0.5577126517583124,0.1294354132952546,0.01675352621491337,0.43172033328339143,0.2031167089346133,0.04125639744842842,0.6555901609019256,0.15740339398703998,0.024775828438639336,0.6539854358207207,0.1581215533275663,0.025002425626722394,0.5339074464466346,0.24826934299474118,0.06163766667104044,0.6289012899342028,0.05193502998345518,0.002697247339382389,0.7617499327338215,0.04574361726646122,0.002092478520620489,0.061489822797280144,0.012974440620973948,0.00016833610942717885,22.043072152137757,25.09231320881999,629.6241821695222
1.0,0.5,0.25,1.0,0.1047538114106589,0.008451787007817025,7.143270362550465e-05,0.10133966179478571,0.008385473098299765,7.031615908230908e-05,0.601953285670691,0.03192471687921915,0.0010191875478182998,0.5979923893147113,0.03200224954182476,0.0010241439757372234,0.3939355940766768,0.03970693005571819,0.0015766402944496966,0.7357553267192589,0.036621195045962826,0.001341111926594452,0.7330710839655498,0.03655682692853861,0.0013364015950831257,0.4254209077774266,0.05478027360440808,0.0030008783761738093,0.48207318952639355,0.10300844624317544,0.010610739997433165,0.47959412210564284,0.10349942666442898,0.010712131319865512,0.3192353717839109,0.13478487358918556,0.01816696214845273,0.6182664126208046,0.14240954897479693,0.020280479639205085,0.6163479775872361,0.14307337187067334,0.02046998973844398,0.42549212942649256,0.21672680257750607,0.046970506955469296,0.41556665833116346,0.06721525852434476,0.004517890978494501,0.5605292316571259,0.07554003604568924,0.005706297045784028,0.19018392440701085,0.0414621940298737,0.0017191135337708944,30.822331571578978,31.095405974336398,966.9242727087957
1.0,0.5,0.5,0.0,0.13521304288131544,0.010043353349059972,0.00010086894649407415,0.134064511447201,0.009725644436531648,9.4588159705839e-05,0.7113893410001484,0.04746332549729556,0.002252767267262227,0.7087004865792825,0.04750998885416975,0.002257199040923334,0.3871913474397805,0.04766558915237221,0.0022720083892427433,0.7148152791971103,0.04027207077799716,0.0016218396847480126,0.7121098407451318,0.0402978169621185,0.001623914051912406,0.37286166809219645,0.0524764295020923,0.002753775653288064,0.6160485536849705,0.13398474997402468,0.01795191322560191,0.6143057109734802,0.1344724257985996,0.018082833300159876,0.46877900865863953,0.1953029625237779,0.03814324717056419,0.6283898010540241,0.13585269764007207,0.018455955456084847,0.6266515970887773,0.13637826463281952,0.018599031064259353,0.4763574939006883,0.20267276562559747,0.04107624992632836,0.7400471135006538,0.11262054726924658,0.012683387667224605,0.8334541365126423,0.09827095636818219,0.009657180865517168,0.02111996433509346,0.01942235259547691,0.0003772277803430287,5.775979328155517,1.8858692516550315,3.5565028343379086
1.0,0.5,0.5,0.25,0.1381581261668595,0.011477873758785916,0.0001317415860226263,0.13700078944134503,0.011991876548770649,0.00014380510316095544,0.6508128342467031,0.09397179299513891,0.00883069787872124,0.6482727532565095,0.09368508351511766,0.008776894873234572,0.32751085794902696,0.08808838610362626,0.007759563766341537,0.6518068865469877,0.09537287220537445,0.009095984752702686,0.6492392059301629,0.09507790527258506,0.009039808071022658,0.3118250726278745,0.08219311836451068,0.006755708706482464,0.589014550159465,0.20947271621087296,0.043878818836760924,0.5875846055845599,0.2098141485213452,0.044021976919737096,0.5009989479102293,0.2383417175539916,0.05680677432658671,0.6066658611914114,0.21993128439705173,0.04836976985653685,0.6052712606794404,0.22034171904604588,0.04855047315216662,0.5119389920713707,0.2532678573936889,0.06414460758878994,0.7573727967851381,0.1057920876706266,0.011191965813709544,0.8371862261616154,0.09236343159078166,0.008531003495225002,0.018414798580773897,0.018654521596230215,0.00034799117598421946,6.457760286331177,1.5392957262654767,2.369431332899161
1.0,0.5,0.5,0.5,0.13717063057837536,0.008785788462658572,7.719007891058449e-05,0.13583935241998585,0.00894207467447638,7.996069948391187e-05,0.6593021146443274,0.07848965917251513,0.006160626597017588,0.6565164525533589,0.07850987495089998,0.006163800464805951,0.3367471750680332,0.0650138741581026,0.004226803833045602,0.6654334778983003,0.08484978251229143,0.007199485592383156,0.6626532318997136,0.08494026703362308,0.007214848963743194,0.3175384565270267,0.07031751851619714,0.0049445534102757266,0.6637994447510731,0.14618815958983122,0.021370978004261965,0.6624191304647603,0.14669311940860902,0.021518871281828427,0.5720267696527273,0.22553680904858991,0.05086685223582011,0.6955865265432827,0.16394426965537892,0.0268777235528356,0.6943026128823592,0.1645576732999134,0.02707922784188103,0.601489447273005,0.2498685587838904,0.06243429666873849,0.7578376945280605,0.09231500064896889,0.008522059344819127,0.8526982486995391,0.07812098162168456,0.0061028877695355754,0.01392910211024028,0.012844766943313116,0.00016498803782802936,7.691909432411194,1.8395680713910005,3.3840106892812054
1.0,0.5,0.5,0.75,0.12536881229301433,0.008522059050691293,7.262549046346939e-05,0.12291225407679665,0.008509107542371422,7.240491116764223e-05,0.6811886270726897,0.06782748754159823,0.0046005680662056635,0.6782843617735835,0.06777842504331623,0.004593914901352437,0.43146438219404093,0.08808147898946216,0.007758346940971064,0.716198032601052,0.0704471495463235,0.004962800879202067,0.7135824027034509,0.07046434230221568,0.004965223536083823,0.4179151239132282,0.09066162602200223,0.008219530432953391,0.5434662292630053,0.13315569672715952,0.017730439570895283,0.5413968370501285,0.13364742389255946,0.017861633913117476,0.37132269434299553,0.17949778696392105,0.032219455524945186,0.5815382031143371,0.13787233956383252,0.01900878201680474,0.5795756051825738,0.138420362282087,0.019160196694304216,0.40084117037482925,0.19853437947491867,0.039415899833491,0.6117438685743113,0.1034407550572561,0.010699989806815254,0.7299554414060416,0.09852989408967867,0.009708140029323296,0.05589883881501299,0.032485347787410496,0.0010552978208690162,20.978380465507506,29.017380703451597,842.008382889045
1.0,0.5,0.5,1.0,0.10412887578490626,0.01333567740784704,0.00017784029192616192,0.10190887552267788,0.012154530830361202,0.000147732619706201,0.5716980455491756,0.06847825286142649,0.004689271114953466,0.5672849702109455,0.06869544918390537,0.004719064738578525,0.3646573923053907,0.07302145529267456,0.005332132933060071,0.7279559833683559,0.06625957121672045,0.004390330777823649,0.72504810184549,0.06664933105213726,0.004442133329697388,0.3966521574848844,0.10226096928115282,0.01045730583832088,0.5219678003991021,0.08509638216322646,0.007241394257269886,0.5195855422458886,0.08553466037968264,0.007316178126267652,0.39902780292921486,0.1521149868621126,0.02313896922806069,0.7177443945966032,0.15569381054461653,0.024240562641902944,0.7162311108214938,0.1565209571517305,0.024498810027693853,0.5890824844565562,0.28889803835485844,0.08346207656528527,0.38661614195056354,0.05750019267352188,0.0033062721574921394,0.5167399660674902,0.06945870129582488,0.0048245111857026235,0.22320295865481238,0.04858162449814424,0.002360174238878688,28.915555357933044,23.850995873214625,568.8700041441011
1.0,0.5,0.75,0.0,0.12977343129188126,0.009301585407136707,8.651949108625856e-05,0.12773611667515156,0.009358032543833456,8.757277309144605e-05,0.678526111837215,0.06310874465064124,0.00398271365137984,0.6754923416348803,0.0632999388640069,0.00400688226018701,0.39243621883511415,0.05606621436077752,0.0031434203927486557,0.7139850158582782,0.048917542582692874,0.0023929259723295703,0.7112227123786604,0.04900217038783016,0.002401212702717939,0.3796041035605529,0.051837825577199965,0.0026871601605722066,0.5575761937219028,0.13187567617661086,0.017391193967038327,0.5555668462579175,0.13232124728031217,0.01750891248181752,0.3934397551512644,0.1704278033124952,0.029045636141922557,0.6147750556520327,0.13307260298631837,0.017708317665554307,0.6129543523509217,0.13360907818776727,0.017851385774184905,0.4436789729890699,0.17691773751620893,0.0312998858478542,0.6264895432544219,0.08633147527748875,0.00745312362358765,0.7535233866898567,0.04925561671085436,0.0024261157775665953,0.06647777594043906,0.023896148853903256,0.0005710259300479019,16.094390940666198,26.388630992835814,696.359845676055
1.0,0.5,0.75,0.25,0.13494753855362124,0.00792853259300172,6.286162907829056e-05,0.13281880023785128,0.008443371658654395,7.129052496616828e-05,0.669307108250085,0.07448701324154584,0.005548315141646225,0.6662330119844834,0.074531701144629,0.005554974475512292,0.37267410318554844,0.0777914700326881,0.006051512809846612,0.6955521679372971,0.0729952266237276,0.005328303109849349,0.6926606867977556,0.07301594924708031,0.0053313288444522084,0.3499240376634275,0.07631085467647636,0.005823346541454295,0.6036258962735251,0.1127942531844748,0.0127225435514434,0.6018055921639226,0.11309325760555018,0.012790084915835333,0.45843898853698806,0.16595647726593624,0.02754155234651921,0.6505969269466529,0.1317509318953522,0.01735830805529373,0.6489217041602918,0.13220576034027723,0.01747836306715082,0.4983276968164973,0.20760386024726,0.043099362789563854,0.6100318543013992,0.08723835082719553,0.007610529855048846,0.7454011792063414,0.06590232321738057,0.004343116205448098,0.07110211134222072,0.025382190077845,0.0006442555731478532,17.696559572219847,27.955978806072558,781.5367510055781
1.0,0.5,0.75,0.5,0.12700338721225263,0.008246233426118868,6.800036571804013e-05,0.12484368481254318,0.008468109560615878,7.170887953059404e-05,0.6993916077821126,0.06988829928821425,0.004884374377399007,0.6965196860250836,0.06992246764787416,0.004889151481968008,0.42908001887781244,0.08700625135309832,0.007570087774518524,0.7285606224446844,0.06948531420675008,0.004828208890410785,0.7259316755467891,0.0695196148380847,0.004832976847235648,0.4194001803941669,0.09421676662069553,0.008876799112458606,0.5961495390708632,0.1305192226534046,0.017035267482049,0.5941751686864576,0.13110782948644412,0.017189262952646504,0.40928928391906466,0.20346294643723117,0.0413971705729196,0.6349594527914574,0.1320831606234256,0.017445961320273644,0.6330995865549975,0.13273259860873673,0.017617942733428024,0.43236103426512684,0.20676639204773442,0.04275234088043742,0.598263799025719,0.09582851972041258,0.009183105191805502,0.7052002039182675,0.08210949048683822,0.006741968428008175,0.06239848742155539,0.019842590369214888,0.00039372839256045944,26.415067958831788,40.34692419656376,1627.8742921232626
1.0,0.5,0.75,0.75,0.12473349843681017,0.00876647077408485,7.685100983288383e-05,0.12185090408972951,0.00917462625476302,8.417376691458691e-05,0.6312795542511377,0.0710467844591808,0.005047645581989295,0.627816424606512,0.07103486068656725,0.005045951432760019,0.39535919680825826,0.07615548405005937,0.005799657750898846,0.6910633293092144,0.08159051736334587,0.006657012523618444,0.6881070833531451,0.08178888492916772,0.006689421697956639,0.375517066727217,0.07930877653957087,0.006289882036203588,0.5707571439087925,0.10468639448306315,0.010959241189863515,0.568801375647827,0.10490678516621213,0.011005433573909785,0.4256892305197015,0.12506482107072342,0.015641209469452067,0.662602327950891,0.12826689070573008,0.016452395251315706,0.660999859399622,0.1287065398322123,0.016565373395580854,0.523643299485772,0.15484459199104417,0.023976847668872935,0.6502552358701481,0.07155779005410837,0.00512051731742785,0.7519862913990292,0.04936979528061016,0.0024373766860493573,0.060658610459837205,0.02053753127170943,0.0004217901907364428,32.13133220672607,32.10165940053655,1030.5165362680566
1.0,0.5,0.75,1.0,0.10031531596634573,0.007332783252219841,5.376971022403579e-05,0.09740790505180955,0.00792734433729992,6.28427882421211e-05,0.5687405352856766,0.026040418194567733,0.0006781033797479742,0.5645496721747301,0.026035460665993104,0.000677845212090474,0.36720314491307116,0.025342595216765837,0.0006422471323208426,0.724402949914104,0.040865569274189245,0.0016699947521035604,0.7216558952117665,0.040849953432766914,0.0016687186954592254,0.41219818514869955,0.046143537696683924,0.0021292260711652904,0.47402090834039157,0.1134873518994092,0.012879379041140336,0.4716178441462894,0.11376414489580351,0.012942280663873375,0.3090440280928206,0.1292120754693296,0.01669576044709173,0.6604349174522046,0.16022559703658423,0.02567224194572987,0.658835037080994,0.16078558043684402,0.025852002876412834,0.4842453629527089,0.20250194349421555,0.04100703711893447,0.4304561403993171,0.06942927714434996,0.0048204245247869554,0.5940216725461573,0.072045285478118,0.005190523159623521,0.16700932451008643,0.05093672181705649,0.0025945496294681983,53.966433668136595,33.52017765512143,1123.602310030902
1.0,0.5,1.0,0.0,0.10611845787890395,0.01640614419693443,0.00026916156741060534,0.10413874875042786,0.01554870447962627,0.00024176221099474999,0.5871824565028376,0.04758232697785877,0.002264077840627866,0.5832302463800427,0.04765489784959715,0.0022709892890555392,0.35618950026260554,0.04725512708390926,0.002233047035716415,0.70091252638183,0.05174991570675427,0.002678053775656172,0.697974790166345,0.05185137067250719,0.0026885646406177386,0.3779495078338075,0.055181781832546184,0.0030450290462147238,0.49572873541983825,0.08965972739919915,0.008038866717298703,0.49339386694592297,0.08999146419472104,0.008098463627909759,0.34795422537163784,0.12213046840036293,0.014915851311692048,0.6221742752585986,0.10753491687852487,0.011563758348071253,0.620334047107994,0.1079336363914413,0.011649669864679862,0.4483049451075237,0.17665751831288415,0.031207878776467,0.39418165469202654,0.05354362830037979,0.002866920131569232,0.5418417933846214,0.09305054909132947,0.008658404686197916,0.21004605792157519,0.0783497016134593,0.006138675742918109,31.808284187316893,37.37138026389367,1396.6200628285414
1.0,0.5,1.0,0.25,0.10706276715288258,0.010300766773537855,0.00010610579612282146,0.10404590346398401,0.010377760737301397,0.00010769791792067444,0.6078869371038549,0.037632369884090223,0.001416195263092981,0.6038886978359631,0.03767310515243224,0.0014192628518262167,0.3862712708315098,0.04217602354217781,0.0017788169618303366,0.729410554587713,0.03872308593894943,0.0014994773846352628,0.726586301001907,0.03874745145055579,0.0015013649939131781,0.41373159724691194,0.04998766582759984,0.002498766734891793,0.4773712588727535,0.09065367279112489,0.008218088390520338,0.47483089850896665,0.09091910521307196,0.008266283692745648,0.30914689182670874,0.12314530192583423,0.01516476538640487,0.6103987471540456,0.1243625255765985,0.015466037767790116,0.6084306276674392,0.12481976337403666,0.015579973328750503,0.4094258717497369,0.17551026103840592,0.03080385172976939,0.4154306695961078,0.07150405031024903,0.005112829210770625,0.5463071144013065,0.0932602350371606,0.008697471439186437,0.22962240908534506,0.050120373773221635,0.002512051867167443,39.45081458091736,41.4819642320197,1720.7533565465615
1.0,0.5,1.0,0.5,0.10820813632967241,0.009630735611632212,9.275106842116087e-05,0.10562968683780397,0.009344767413996174,8.732467802168476e-05,0.6133189896147025,0.02375144210713029,0.0005641310021683617,0.6094685486106062,0.02349218500444803,0.000551882756283213,0.3928309426751158,0.034604147765840275,0.0011974470426001087,0.7271738271762497,0.04113549997355426,0.0016921293580742821,0.7244121284266514,0.04107780473274949,0.0016873860416618963,0.422074938001027,0.04912840697421013,0.0024136003718236185,0.4849444893935232,0.05627692343825803,0.0031670921116755558,0.48248484561345617,0.056423970640199786,0.0031836644628061277,0.30357603739422867,0.08987610420989849,0.008077714107948532,0.6105318189627554,0.08311728419636998,0.006908482932180135,0.6085909668485373,0.08336725259204679,0.006950098804746133,0.3930962758632287,0.13411709953402084,0.01798739638741845,0.437357437587474,0.06685669624137243,0.004469817832311142,0.5611760655371526,0.08774200909868397,0.007698660160673542,0.1952100808263606,0.06900112309017901,0.004761154987706036,20.344272017478943,20.4948487172717,420.03882394385346
1.0,0.5,1.0,0.75,0.09755411847625098,0.011396394549472659,0.00012987780872725013,0.09469927761591072,0.011806861489636989,0.00013940197823547298,0.5920901900471562,0.0177853693938838,0.0003163193644768986,0.5879774991511609,0.017722208235701573,0.00031407666474956864,0.3942384039672469,0.033367563126282015,0.0011133942689864154,0.7172121913190008,0.03829200485443899,0.0014662776357723792,0.7143045333251397,0.038344192927304246,0.001470277131246329,0.441581019592925,0.0504076756550122,0.0025409337649409097,0.4729857672613205,0.06880534152037947,0.004734175021736054,0.47047379794810507,0.0689552954013144,0.0047548327638825315,0.2919259645053118,0.09551461190759232,0.009123041087857976,0.6172976625537374,0.1379894317908341,0.019041083285957255,0.6154226383904858,0.1385054506200999,0.019183759851476925,0.4257353842502566,0.18552706090201676,0.03442029032694064,0.46627723160031465,0.0668138903310278,0.00446409594116661,0.6284951389817429,0.06221209087915667,0.003870344251556449,0.1415237625283348,0.04466907003687628,0.001995325817959358,56.51389362812042,31.612662928170508,999.360457410126
1.0,0.5,1.0,1.0,0.10779960354232014,0.007791949086244408,6.071447056262506e-05,0.10242485739020554,0.008239765701834628,6.78937388211303e-05,0.5716375973827141,0.010868150858103439,0.00011811670307449453,0.567927191736753,0.010982268663486068,0.00012061022499698807,0.38969414716340617,0.02333976347731642,0.0005447445591770735,0.6782104327208578,0.04063924803676243,0.0016515484809934988,0.6753569989771937,0.04082821061947848,0.0016669427823884954,0.4083061652215558,0.04089788799965583,0.0016726372428323925,0.46218055572231825,0.07747978250870789,0.006003116697596678,0.45994044636960185,0.07774147041685009,0.006043736222573978,0.28212316230017065,0.08272061245799228,0.006842699725425348,0.5800669196448457,0.1047324107414487,0.01096887785971552,0.5782554820352297,0.10503679862972097,0.011032729066380554,0.42747933313232683,0.1446720561877626,0.020930003841595143,0.5284310244848425,0.12555015732396843,0.015762842004073227,0.6533070522202824,0.10069636754179295,0.010139758436111852,0.1285713728143628,0.08875894842731323,0.00787815092592245,33.23821611404419,25.895417972573046,670.5726719742592
1.0,0.75,0.0,0.0,0.12787199078846306,0.011071363875733809,0.00012257509806890357,0.1263252562436771,0.011035480384112076,0.00012178182730812239,0.6307133345364774,0.07088463924682101,0.005024632081151957,0.6275592209657017,0.0709560328982863,0.0050347586046626865,0.3564070118579795,0.07584568206784523,0.0057525674883366585,0.6772100012366317,0.07479691857954461,0.0055945790289950266,0.674418737224346,0.07492750342266769,0.005614130769153877,0.3513140928543216,0.08914437380690184,0.007946719381424647,0.5328512896891239,0.15353620288158457,0.0235733655952951,0.5309130635170419,0.1539041314472517,0.023686481676532936,0.40179124893815193,0.23190049717977124,0.05377784059222509,0.6095919035256102,0.19705131027791628,0.03882921888224364,0.60795028512719,0.19764523951961668,0.03906364070476665,0.48295531216678,0.28436769767482306,0.08086498748087957,0.5753880621031067,0.09805720910907738,0.009615216258261327,0.726636321548811,0.09151322705728263,0.008374670726437765,0.06455284796983919,0.03010936494479118,0.0009065738573786199,7.354810285568237,3.620064841573827,13.104869457198935
1.0,0.75,0.0,0.25,0.13005779554720903,0.006385323641745211,4.077235800983033e-05,0.12804433721411107,0.006174394572469255,3.812314833653779e-05,0.644940287333249,0.05023572692094052,0.0025236282592753082,0.6418592916636795,0.05045375330966241,0.0025455812230322705,0.3671054656218501,0.06651104608804802,0.004423719251726447,0.6868923955180368,0.04671450283475234,0.0021822447750980845,0.6841198021586103,0.046855376070934956,0.002195426266748744,0.35681036259462956,0.06279470736533417,0.003943175273097953,0.6035346554165406,0.09453854446995692,0.008937536390498022,0.6018485549863855,0.09481919605155943,0.008990679939864065,0.49208020170287103,0.1559544676643549,0.024321795984472316,0.6881546712489726,0.11557445677110872,0.013357455057936878,0.6867904330216209,0.11597047031897918,0.013449149986005231,0.5854899249760439,0.18065847909964922,0.03263748607059839,0.5382159016363688,0.07747832788638044,0.006002891292069478,0.6947161280503948,0.08857909134382035,0.007846255423296868,0.06895605563867337,0.026932989430362042,0.0007253859196559934,14.477585363388062,15.217413660079135,231.56967850196304
1.0,0.75,0.0,0.5,0.12974959285363075,0.008392640226715141,7.043640997507718e-05,0.12763529280676855,0.0076946697722921785,5.920794290462696e-05,0.667825803364625,0.05837064010467376,0.0034071316262293486,0.664409651179246,0.05863782290498723,0.0034383942750366454,0.40315827290925926,0.07298140526255917,0.0053262855140979,0.7176231316486196,0.05547786197201631,0.0030777931689860935,0.7146470049843257,0.055748792188278454,0.003107927830451857,0.38567752254770243,0.07739578256154521,0.005990107158313986,0.5721043029693903,0.060967697870625386,0.003717060183643859,0.569963859361691,0.06112469841358398,0.003736228756151596,0.393707727889246,0.10740477567074998,0.011535785836884126,0.6409923201157524,0.0813040760367223,0.006610352780185121,0.6391173717823392,0.08158488682769915,0.0066560937586884784,0.45911974187922944,0.1377599050093619,0.018977791428188413,0.6446647434216277,0.07330429882971173,0.005373520226915677,0.7743002066654225,0.07552190275713162,0.005703557796057645,0.05006788944714931,0.019142912283858636,0.0003664510907075058,25.260797381401066,31.75010064243285,1008.0688908046151
1.0,0.75,0.0,0.75,0.12296067595699797,0.007081459065687321,5.014706249900515e-05,0.11987966406461488,0.006652927089810893,4.4261438862339646e-05,0.6216307786944624,0.04829486051995818,0.0023323935526422153,0.6178949720493367,0.04871517075607707,0.0023731678617937464,0.39774109515885503,0.05546102838929994,0.003075925669998734,0.69861779450839,0.04329637659818835,0.001874576226532152,0.6955250598774965,0.0436809293250014,0.0019080235866957675,0.37657505081990983,0.05551241000766093,0.0030816276648586534,0.5653806694162277,0.07218983992085405,0.005211372987798534,0.5633196548272693,0.07249364760353912,0.0052553289428661125,0.3958614991852384,0.1010819001029044,0.010217550528413544,0.676897494952321,0.08790340634680889,0.0077270088473722015,0.6752732410253104,0.08830039584481494,0.0077969599063510125,0.5359505622348884,0.13815014536309275,0.019085462663843658,0.6955586247428739,0.09004271271755265,0.008107690113535718,0.7798958212620832,0.07041433316541319,0.004958178315129808,0.034191391253026435,0.018135307543264617,0.00032888937968879046,33.840826749801636,38.76882210467403,1503.0215673838618
1.0,0.75,0.0,1.0,0.10600614841444786,0.015133831184340764,0.00022903284631612498,0.10211554698866263,0.01381027597872333,0.00019072372260850264,0.5602964668231973,0.0622429265184879,0.0038741819015858845,0.5566234509310817,0.062228512501861066,0.0038723877681942787,0.36472536415146867,0.06930997786204803,0.004803873031237588,0.6880479370222916,0.0585461630196709,0.003427653204325881,0.6853742186379519,0.058572982383784916,0.003430794265331178,0.3886694798026003,0.06706011740767225,0.004497059346730787,0.43038850073529494,0.08994639618931355,0.00809035418744496,0.4280931761254895,0.08994374475367319,0.008089877220313912,0.26505759202939666,0.0834149995724332,0.006958062153669031,0.5783987263829942,0.14568029940745372,0.021222749635445362,0.5766438192539025,0.14603274586103823,0.021325562863714582,0.4275376133485236,0.1390500523889366,0.01933491706936602,0.4910746406147729,0.08374587883419111,0.007013372221711019,0.6414092273085386,0.08201063895551405,0.006725744901891679,0.10610754467536354,0.04431503077845164,0.0019638219528951163,43.700510025024414,38.55625645859606,1486.5849121010303
1.0,0.75,0.25,0.0,0.12360407910144038,0.012380143343388881,0.00015326794920285603,0.12172919624848019,0.012807999002824623,0.00016404483845635655,0.6228406692685452,0.054692546569288535,0.002991274650233795,0.6197587816732948,0.05464993020016834,0.002986614870883271,0.3466837496154528,0.05268827727678731,0.002776054562395622,0.6640486787717603,0.07234388108758823,0.005233637130815105,0.6612821265841765,0.0723638910836485,0.005236532732766143,0.3406602029270213,0.05957920758663243,0.00354968197665104,0.5451166220804533,0.08471289102866163,0.007176273906433899,0.5432638842460478,0.08499830478461294,0.0072247118162579544,0.4117223983941555,0.13087614300115957,0.01712856480685997,0.6037303736160886,0.1133904302541805,0.012857389673228171,0.6020797423359965,0.11373820308249506,0.01293637884043489,0.46761471603150706,0.15308942726490157,0.02343637274029559,0.5607831295626311,0.08934436730025282,0.007982415968282485,0.7213870967988398,0.07238553007229655,0.005239664963847348,0.060281068912405644,0.021860135154417253,0.00047786550896938905,26.28688452243805,33.13271102502018,1097.7765398674937
1.0,0.75,0.25,0.25,0.12993613706743554,0.009214201676536435,8.490151253588683e-05,0.12814126761765804,0.00918672672680949,8.43959479530758e-05,0.6547402890758558,0.07242760089016384,0.005245757370704863,0.6515561459328046,0.07236302232447109,0.0052364069999319,0.3884221118105845,0.0885021732368006,0.007832634667636663,0.704815963697866,0.07700066628361653,0.005929102608120879,0.7020572485945763,0.07705936303510173,0.0059381454313756025,0.3770367408668522,0.09587244797265838,0.009191526280270089,0.5524773696736817,0.09875308734107811,0.009752172259394603,0.5504335460392842,0.09902850449114357,0.009806644701752444,0.4077419532097687,0.14760474790124592,0.021787161602990362,0.6304828850721084,0.12428072772786805,0.015445699284568471,0.6287349514471584,0.12475833873539495,0.01556464308401555,0.484008216106079,0.18331385399103517,0.03360396906504656,0.6097512685337281,0.12167484463890682,0.01480476781790211,0.7550436047010984,0.09906391722850964,0.009813659696657009,0.05899204763832801,0.031094385432021712,0.000966860805395124,10.090875339508056,7.631315622798069,58.236978134761884
1.0,0.75,0.25,0.5,0.12649195163288376,0.011098211880275674,0.0001231703069394921,0.12476707836861659,0.010844212503215416,0.00011759694481489355,0.6292316762862709,0.053432546922327795,0.0028550370706067613,0.6257761052692579,0.0535500224099654,0.002867604900107796,0.3663666245398487,0.07107995934552512,0.005052360620561504,0.6923244799238245,0.05804626827292971,0.003369369260412926,0.6893891630586798,0.058279075377160296,0.003396450626816732,0.3654925710886733,0.0881405293271342,0.0077687529100674045,0.5188694742796344,0.06571745760424524,0.00431878423396577,0.5166744685661684,0.06587858175369393,0.004339987533878135,0.36132663275333077,0.09910753336672391,0.009822303170036293,0.6090103505161707,0.07142988207768955,0.005102228053632634,0.6071512152355213,0.07164123536730611,0.0051324666049537525,0.44339609344677927,0.11961630976571688,0.014308061561967936,0.6164650017695302,0.0979466783783621,0.009593551805354305,0.7427782362056483,0.09413993519530016,0.008862327398575313,0.0651881134952987,0.02574982795756025,0.0006630536398439514,58.90669846534729,46.91838944681485,2201.3352682829873
1.0,0.75,0.25,0.75,0.12143031797526618,0.011479766733769676,0.0001317850442617649,0.11898106694003854,0.011406829439769001,0.00013011575786798078,0.6119840763626032,0.07509092831470597,0.0056386475151643115,0.608522364257875,0.0749828144430641,0.005622422461802981,0.37882950244516245,0.08733215495148465,0.007626905288470126,0.6806287460881794,0.0833486703394129,0.006947000847348127,0.6777386952146592,0.08338649404596263,0.006953307389277362,0.3704921754370353,0.0842613302306921,0.007099971772245747,0.5078048322247083,0.12371894292012671,0.01530637683727357,0.5056785537916216,0.12388369210443655,0.015347169169426834,0.3451402360596424,0.16027998783407785,0.025689674500092144,0.6037600117815315,0.1631651189763159,0.02662285605055532,0.602005330902549,0.16356670146944405,0.026754065829594234,0.45281273026464575,0.2017170718753932,0.04068977708598255,0.6723018884089376,0.15034716344506593,0.022604269555977368,0.7537397160097359,0.12259664967432599,0.015029938511369415,0.04580397617419579,0.034892755632591844,0.00121750439563577,31.048883414268495,26.49079333717431,701.7621316328788
1.0,0.75,0.25,1.0,0.11111553060123976,0.012260762616422392,0.00015032629993626086,0.10670948016806996,0.010743692263012476,0.00011542692344231413,0.5497790448880701,0.0628893560930959,0.003955071109804218,0.5457090167341222,0.06303470814515423,0.003973374430944774,0.3597340464797011,0.062172299128262914,0.003865394778894201,0.684496400305409,0.0603159789424022,0.003638017315780305,0.6815820773394872,0.06030008100323222,0.0036360997689963673,0.37299782347605337,0.06596193372638508,0.004350976700924018,0.47758588400137236,0.09565943626342174,0.009150727746235647,0.4753121863332571,0.09591881449657247,0.00920041897442788,0.30943200751690975,0.10995546275243055,0.012090203789101141,0.6233913784221564,0.1367049759428464,0.018688250447534208,0.6216746775932315,0.13718344258410906,0.018819296919227544,0.4758933359724745,0.19525026089560563,0.03812266437980206,0.45480878446482675,0.07863882326041646,0.0061840645237830165,0.5896553868558658,0.0750322206502762,0.0056298341357117355,0.11556536273504223,0.04096431983409154,0.0016780754994697453,40.59344308376312,41.410036889856705,1714.7911552192932
1.0,0.75,0.5,0.0,0.1260966359577165,0.008972680771867572,8.050900023384204e-05,0.12410095603149456,0.009052860840848276,8.195428940376415e-05,0.6396474843363387,0.05481028247209265,0.003004167064670587,0.6364128719210201,0.05472977254371093,0.0029953480026863348,0.374548369784927,0.06301491111016559,0.0039708790222220715,0.695303137675692,0.06232653410333656,0.0038845968533343747,0.6925284714700906,0.06236723967324844,0.0038896725844604144,0.3726000177633749,0.07329071768122493,0.005371529298229017,0.5277552181384857,0.08721973732530816,0.007607282579095754,0.5256693920731637,0.08742731285206659,0.007643535032533128,0.3609883487586175,0.10300427559193738,0.010609880790219788,0.5986290345380971,0.0846041834356309,0.007157867854809882,0.5967804832449187,0.08485009675880768,0.007199538919979027,0.4274223653772539,0.11636716374688257,0.01354131679849378,0.5884449787636897,0.10022238521748092,0.010044526498681138,0.7381002585913993,0.09108868409685647,0.008297148370496912,0.06388992701936018,0.029183882484274497,0.0008516989968559437,38.49629120826721,41.319041215899084,1707.2631670011672
1.0,0.75,0.5,0.25,0.1284451847651518,0.006875051748557985,4.7266336545350207e-05,0.12662219955789572,0.005935867890721564,3.523452761609927e-05,0.6590906497462299,0.05846463138971871,0.0034181131235356825,0.6558866495061991,0.05853855373281261,0.0034267622731293888,0.38413486204702935,0.06611600208440299,0.00437132573162478,0.71530197164373,0.05194594625762882,0.0026983813326004616,0.7125847291034445,0.05197172222504386,0.0027010599110371186,0.38117272284481923,0.061231434598453774,0.0037492885829847216,0.5867631302738193,0.12039337641541198,0.014494565084703077,0.5848308939961695,0.12091174414126914,0.014619649871283731,0.42407355878750047,0.19113455624383874,0.03653241859052916,0.6561563343017986,0.13337526806630326,0.017788962131758252,0.6544914039429152,0.13397843147129276,0.01795022009950789,0.4892499039704431,0.20512779499274347,0.042077412278585,0.5696565998910609,0.10491611016901113,0.011007390172996082,0.7319039704897081,0.08850827388693024,0.007833714546443856,0.06005987974840854,0.023852293966214935,0.0005689319274507334,12.070587015151977,16.265687771984126,264.5725986956739
1.0,0.75,0.5,0.5,0.1259136894313968,0.011772569859625763,0.00013859340109976896,0.12433098549835515,0.01197178802931811,0.00014332370861892439,0.5910966426571436,0.057536856627137756,0.0033104898705318057,0.5879364179932385,0.05744938850929886,0.00330043224009236,0.3291835506059829,0.06899813768693723,0.0047607430042655476,0.644866232702282,0.06478294507774851,0.00419682997294658,0.6420670082999667,0.06483058245446444,0.0042030044213851115,0.32442837779063477,0.07723114455613615,0.005964649689450798,0.4622768343006056,0.046772401667266095,0.002187657557724076,0.4601851939986538,0.0467761728412307,0.0021880103456726886,0.32658812130010884,0.07063505824027266,0.0049893114526067105,0.5474721248167833,0.05008489273712244,0.0025084964804890602,0.5456259082125684,0.05016532806169332,0.0025165601395373154,0.40474196873239776,0.08251454754736232,0.006808650556945916,0.6650547998445394,0.09876271547617181,0.009754073968227266,0.7793262652865034,0.08636739562691924,0.007459327027376789,0.04219087336480365,0.024008823126459383,0.0005764235879176109,13.761820006370545,25.80581550345496,665.9401137983563
1.0,0.75,0.5,0.75,0.12544169635987337,0.010067100104596742,0.00010134650451597171,0.12212650242272663,0.009086864697180829,8.257111002487125e-05,0.6449699815900111,0.05209801693492081,0.0027142033685512955,0.6411931821576408,0.052427631851972634,0.002748656581605975,0.41812963944393766,0.05711346862091618,0.003261948297912377,0.724961730725144,0.06354074389633219,0.004037426134899275,0.7219310078913,0.06408567434129558,0.004106973655778591,0.40004906677806307,0.07741276995775982,0.005992736952533042,0.6112273256464158,0.06058256932605253,0.003670247706145961,0.6092316549259211,0.06095325328920629,0.003715299086538138,0.46722199269211206,0.12075303112294002,0.01458129452537772,0.7317961554341174,0.09326316737550602,0.008698018388911651,0.7303342629152116,0.09379461109612709,0.008797429070673726,0.6082087931609154,0.17996145520666176,0.03238612536009933,0.721376306620209,0.13122932850585386,0.01722113666009731,0.7985263565970255,0.10117401576343019,0.01023618146569882,0.03338129114061345,0.026832632405751275,0.0007199901618221734,31.346324229240416,36.75406095185076,1350.860996452361
1.0,0.75,0.5,1.0,0.10064384340294726,0.010020632064630348,0.00010041306697469787,0.09657491791374377,0.009824348820905209,9.651782975482156e-05,0.5955446361229428,0.045776758045793065,0.00209551157718308,0.5912164692023681,0.046326426789144864,0.002146137819049999,0.40963775573424,0.058541346614986105,0.003427089263495945,0.7484462712662435,0.016718630370842407,0.0002795126014768541,0.7456511525690498,0.01671858776271962,0.0002795111767797582,0.453018915999105,0.05991857094280589,0.0035902351438280625,0.49894157922792887,0.08076358528498788,0.006522756708085511,0.4964010573666367,0.08122741186352996,0.006597892438047527,0.316062094189601,0.08969563175003344,0.008045306355037607,0.6633613813318215,0.10925925055203618,0.011937583831192618,0.6615511359715468,0.10984632003193241,0.012066214024557716,0.489883799593508,0.1701199842214751,0.028940809031514938,0.45553851264907896,0.060090899249074715,0.0036109161725624483,0.596695655513382,0.07345320015898957,0.005395372613596586,0.13417524118441465,0.021151231766672506,0.0004473746052474962,51.717879796028136,34.266466431890464,1174.1907217278758
1.0,0.75,0.75,0.0,0.12821249933105777,0.004193413608543228,1.758471769231554e-05,0.12532542510310535,0.004242454754716892,1.799842234581996e-05,0.6427984834441081,0.04958890627418047,0.0024590596254694557,0.6394073608021188,0.04940543926915176,0.0024408974293778423,0.3951449645011145,0.06015861878117381,0.0036190594136585983,0.7036705812300376,0.06385587370216475,0.004077572606266815,0.7007992088303897,0.06386766036516268,0.004079078040519772,0.3761111904892803,0.06588964111462343,0.004341444806213875,0.5665126607254508,0.08586079157004997,0.007372075529035563,0.5645151832063706,0.08605866772047732,0.0074060942898235265,0.41279820847660426,0.1187679316003627,0.014105821576628434,0.6558358970986652,0.0936861817610592,0.00877710065296622,0.6541716989242107,0.09397976068562819,0.008832195418527946,0.5109309555479861,0.13833973182767,0.019137881402151658,0.6314862165438508,0.08906328825023158,0.007932269313943838,0.7264637879567218,0.0701701093976128,0.0049238442528729475,0.06324184065024271,0.027182202284876687,0.0007388721210559554,26.394246315956117,36.08686390762742,1302.2617466876225
1.0,0.75,0.75,0.25,0.12204717087861443,0.009453274346136003,8.936439586331306e-05,0.11982870327496627,0.008656098049312333,7.492803343930879e-05,0.644631197351939,0.05785354000483802,0.0033470320910913933,0.641280941335215,0.05768748260192157,0.0033278456489470045,0.4029611093057432,0.06744496551317458,0.004548823373073308,0.7008646286432567,0.07349107462082062,0.0054009380489230254,0.6980080399614905,0.07344126817556669,0.005393619871235505,0.3912338343074536,0.07157090342800844,0.005122394217501309,0.5115433980609492,0.09888913140118893,0.009779060309281612,0.5093174487649405,0.09903147780379326,0.009807233596003197,0.3197449384367245,0.1290210925071845,0.01664644231174746,0.5792730424926736,0.1298643702050208,0.016864754648746694,0.5772885269229057,0.13020350683167656,0.016952953191266443,0.3874668917423378,0.17017378783833442,0.028959118067246454,0.6197451129458826,0.0722449880705036,0.005219338301307208,0.7192976097541932,0.06826405257770185,0.004659980874331243,0.060172705799265105,0.018336031370045646,0.00033621004640329796,50.21424949169159,50.676061499184144,2568.063209069094
1.0,0.75,0.75,0.5,0.12617953567960546,0.008258815449342736,6.820803262630226e-05,0.12390696800597309,0.0076831113384923195,5.903019983966924e-05,0.6310022275081744,0.05649561220075295,0.0031917541979378655,0.6273744504190639,0.056653386734714935,0.0032096062285131744,0.3806446695614922,0.047412545360847366,0.002247949457594409,0.6921548314417272,0.059108253612375754,0.003493785645104931,0.689062077281187,0.05929631966345339,0.0035160535256304488,0.3658968259905005,0.038289617604160754,0.001466094816272857,0.533775811509011,0.11026266306801244,0.012157854866850035,0.5315703727245117,0.11058139802155507,0.012228245588401583,0.3415873609482287,0.13993963797508802,0.019583102276598697,0.6153370497465681,0.1359524825073238,0.018483077499904185,0.6134455806313053,0.13643380751991155,0.018614183834380276,0.43982409938392564,0.17446230475186378,0.030437095779332193,0.6686418309184522,0.022736592691498525,0.0005169526472191042,0.7602523114571307,0.014929268456674307,0.00022288305665145046,0.05634495783539889,0.01738681688456863,0.00030230140137752073,57.55975639820099,55.05801224980148,3031.3847128992898
1.0,0.75,0.75,0.75,0.12057186560383401,0.010028151980310315,0.00010056383214020168,0.11691925696732934,0.00944114258629218,8.913517333469979e-05,0.6255944614348932,0.038695547605537485,0.0014973454044924176,0.6220645708277617,0.038428789042097455,0.0014767718272420292,0.4082514533231018,0.055061740585899514,0.0030317952763488937,0.6980586208406449,0.05442060895710401,0.0029616026792620292,0.6951534337649836,0.05437122631972778,0.002956230251511059,0.39495695114012574,0.05676409060279988,0.0032221619819628737,0.5163389436919079,0.09258560719930173,0.008572094660463393,0.5141590139277528,0.09276845390014692,0.008605986039023683,0.35268278166032374,0.12582356611824685,0.01583156979071284,0.6283424576912446,0.12702400093842153,0.01613509681440411,0.6266026341471259,0.1274399507047693,0.01624094103563403,0.48714118831892267,0.16697331174326008,0.027880086834511913,0.7917440315772002,0.15158264079257575,0.022977296989651046,0.8671750091467174,0.11449796258950003,0.013109783437146546,0.01313335546512608,0.02125096379928694,0.00045160346239860407,49.90551908016205,37.875261778150694,1434.5354547634429
1.0,0.75,0.75,1.0,0.1082315869559251,0.010109184718599685,0.00010219561567476938,0.10354365827492,0.00857818932079577,7.35853320234146e-05,0.548437329248104,0.03258831563654583,0.0010619983160271374,0.5440920002946302,0.03236293231459696,0.0010473593879991839,0.3712003470122188,0.0434749286376881,0.001890069420052073,0.6847493624714786,0.061215515026708536,0.0037473392799851784,0.6816288188805745,0.06123802431912013,0.0037500956225091486,0.36969135957116267,0.043009282027692906,0.001849798340537628,0.488968929602425,0.07866208547609796,0.006187723691448942,0.4866447556685247,0.07870031443310331,0.00619373949186933,0.3181152603883032,0.07470270475869947,0.00558049409826542,0.6620291608644465,0.12431235546762527,0.015453561721909223,0.660419978680818,0.12466118863516969,0.01554041195193336,0.543821151583441,0.16496176864523812,0.027212385114565068,0.5146901706529035,0.07003450088534387,0.004904831314259232,0.6322500197597434,0.07465380445474899,0.005573190519567901,0.08057531269518048,0.030328441196111975,0.000919814345386022,44.01692373752594,27.426928773096414,752.236421924504
1.0,0.75,1.0,0.0,0.10803733372393712,0.015934786479508817,0.000253917420147537,0.10369257771346271,0.01555468055304864,0.00024194808710738952,0.5930529869071334,0.030547652093543817,0.0009331590484281918,0.5888609452750035,0.030475951425097906,0.0009287836152649271,0.3933189172589494,0.03822001971570624,0.0014607699070689738,0.7213158364422138,0.03576050869257171,0.0012788139819514968,0.7183410334799403,0.035807245483029305,0.0012821588290819227,0.41303352698695683,0.05692679088032433,0.0032406595199321775,0.5192282361268488,0.08417544330375831,0.00708550525538423,0.5168711005255109,0.0845105274904235,0.007142029256709626,0.3487593474854686,0.10199834019270523,0.01040366140206683,0.6739196104566461,0.09977173281622181,0.009954398669151552,0.6722382382525266,0.10015611379918313,0.01003124713135492,0.5062762188258975,0.16097245075361646,0.02591212990162548,0.40556100336620593,0.04208372976831878,0.0017710403112128799,0.5563910308241009,0.0492777059948137,0.002428292308111298,0.17344752702251448,0.03045682955239233,0.0009276184663834788,54.32207663059235,37.58408819640299,1412.5636855549983
1.0,0.75,1.0,0.25,0.10265829543452187,0.014022686665804973,0.0001966357413273446,0.0995905039639555,0.014004690774445688,0.0001961313636878442,0.5753077962646692,0.024681313316337657,0.0006091672270192266,0.5713815057474435,0.024251181161404182,0.000588119787723245,0.3619056029242555,0.03709350460267476,0.0013759280837086535,0.7045265401181618,0.059809287302994396,0.003577150847692127,0.7017819597716797,0.05967441728432612,0.00356103607822388,0.3973244515804065,0.06954319304847183,0.004836255699377021,0.4974627032176538,0.05155206645902503,0.002657615556195733,0.4952430463725247,0.051432594571973765,0.002645311784405025,0.34777313154837375,0.08483253470617334,0.007196558944674105,0.6420387313743645,0.10894258322564478,0.011868486439876539,0.6403988852201227,0.10920550367037116,0.011925842031899447,0.4827579141355856,0.1686968189673615,0.02845861672970674,0.43634142285281535,0.06714654127869361,0.0045086580056913055,0.5865435709747857,0.06722538363541662,0.0045192522049289415,0.14251015521236202,0.048354366558149134,0.0023381447652398514,42.60143284797668,34.65747571889976,1201.1406232061263
1.0,0.75,1.0,0.5,0.10843292075957285,0.014113550349717847,0.0001991923034740208,0.10505081481909044,0.013895890807813904,0.00019309578134268696,0.5954868478038033,0.034517916889308796,0.0011914865863772296,0.5914925861789564,0.03445681743500393,0.0011872722677491907,0.3889522331227256,0.045060580544582056,0.0020304559190147667,0.7089402425815216,0.04907519930602615,0.0024083751869261893,0.706013461942194,0.04905287662652756,0.0024061847053373337,0.4122534176865321,0.06160831319469126,0.0037955842546951693,0.5095028222435103,0.06749472731104852,0.0045555382147928,0.5071741520251553,0.06782604845504253,0.004600372849025778,0.34301746545746326,0.10497723032713147,0.011020218887155611,0.655321398063897,0.08246466571445316,0.006800421091396506,0.6536083059956753,0.08282523197485364,0.006860019051688317,0.49449969460890647,0.1597774748059482,0.025528841455365416,0.44591958904197326,0.08028145133662722,0.006445111428715244,0.5949157821592334,0.08230322320420436,0.006773820549801083,0.144784353282535,0.05140768563178035,0.002642750142015956,55.01617543697357,42.77763967566236,1829.926456220802
1.0,0.75,1.0,0.75,0.10487923690185257,0.011260731770379393,0.00012680408000443182,0.09969462785278403,0.01038865137837433,0.00010792407746139887,0.5822723569942914,0.02653263113086456,0.0007039805147265232,0.5777331447982881,0.02675392528305822,0.0007157725180514618,0.4058497663011401,0.03420373211531108,0.0011698952906159627,0.7179423184568128,0.01828816530127518,0.0003344569900867655,0.7147483659815892,0.0182421558722904,0.0003327762508689391,0.4235125132336437,0.033711622266294504,0.0011364734758253234,0.5014232203727493,0.06304076967778988,0.003974138641568151,0.4988654628325463,0.06336406076063912,0.004015004196077966,0.3085321473913661,0.07669612034069949,0.005882294875315057,0.679461002882215,0.07762506319949114,0.006025650436724993,0.677713302474435,0.07798606001052338,0.006081825555964954,0.507326971030408,0.1598695138854361,0.025558261469965645,0.4962080691626146,0.07411061435282186,0.005492383159752685,0.6060747437706018,0.08060317991476057,0.006496872612371262,0.09365803346761334,0.025991880330687143,0.0006755778431247611,71.04873995780945,23.894552568364407,570.9496424423301
1.0,0.75,1.0,1.0,0.09820187304936986,0.010075399452807306,0.00010151367413362975,0.09143464363503792,0.010058388700008547,0.00010117118324045964,0.5498681397958024,0.0334360038825782,0.0011179663556357845,0.5454686339071644,0.03364159865314025,0.0011317571599389678,0.39234553621342444,0.04056931379206778,0.0016458692215592613,0.6913174559647883,0.02932667439277053,0.0008600538309395826,0.6882269472496534,0.029370733056211556,0.0008626399602592381,0.449134717549079,0.06232861526974211,0.0038848562814435294,0.47376372077634443,0.07336018365589658,0.005381716546026876,0.4713127755207819,0.07374877408501883,0.005438881679043144,0.2680790642779336,0.06475444591343811,0.004193138265556382,0.6167875963018568,0.09579119616466383,0.009175953262657107,0.6149208761451106,0.09623241044430136,0.009260676819920481,0.4355695539223263,0.13944659441215132,0.019445352693147032,0.6286605281296547,0.07281821592304911,0.005302492570215804,0.7580495326346248,0.04419592798174202,0.001953280050167327,0.05445621690015765,0.014799863698480995,0.00021903596549361555,58.813887524604795,21.59771509267345,466.4612972242946
1.0,1.0,0.0,0.0,0.09965234926910391,0.014744562507280312,0.0002174021235310963,0.09704236156963045,0.013862829477300711,0.0001921780411167175,0.574084669268202,0.07288444987030115,0.005312143032896442,0.5698853486430583,0.07315552872652975,0.00535173138325812,0.36598741918748817,0.07946085256369063,0.006314027090148579,0.7241977724406066,0.07710105077143892,0.005944572030060002,0.7214593777313099,0.07720666447904069,0.005960869039979163,0.4132472544434013,0.09344063124180466,0.00873115156686692,0.48080436473490434,0.08438891962962475,0.007121489756255265,0.4783228972362018,0.0847980179591753,0.007190703849804616,0.3336993281515444,0.1197926992181961,0.0143502907859812,0.6565859909026905,0.13712454465518625,0.018803140746892166,0.6548819598773102,0.13773822706010552,0.01897181919366119,0.4852122048463305,0.21782565965907677,0.04744801800591194,0.41873132272718133,0.0696898763065981,0.004856678859628943,0.554502853525386,0.0782861724493268,0.006128724796765735,0.20653438949017175,0.05561278113059518,0.003092781425079483,21.238256812095642,20.067060824952698,402.6869301523513
1.0,1.0,0.0,0.25,0.10855716703413107,0.009764257587439592,9.534072623387163e-05,0.10552623874176163,0.009262820794102407,8.579984906365595e-05,0.5903393615343543,0.033209660664167334,0.001102881561429143,0.5868721636901248,0.03298114419827458,0.0010877558726273809,0.37635361174569754,0.04192186818322916,0.0017574430319720414,0.6982408661656359,0.05449202392290616,0.002969380671214577,0.6956730484896547,0.05438766787635433,0.002958018417028625,0.3977340946070501,0.06362070394680032,0.004047593970686414,0.44490727345291353,0.09946865722358621,0.009894013769863288,0.44265625170941225,0.09955740464199378,0.009911676819049683,0.29999806423412706,0.11388710142780145,0.012970271871626334,0.5573233060194919,0.15787427910367677,0.024924288002505634,0.5555024823569089,0.1582296721913801,0.0250366291617916,0.4035282877489588,0.18555602903855692,0.034431039912557776,0.4697871109167724,0.0967699973457579,0.00936443238629799,0.6301181364330338,0.09832489849062885,0.009667785663192468,0.13242450262579716,0.07017229222168042,0.0049241505956449105,42.926555156707764,48.330214608169214,2335.8096440716927
1.0,1.0,0.0,0.5,0.10252852514500914,0.007839333155440633,6.14551443219908e-05,0.10001163535663342,0.0077302007387759246,5.975600346177185e-05,0.5826967536508412,0.042414483247487395,0.0017989883891513891,0.5790794228739561,0.04247993019180738,0.0018045444691008284,0.3800455899694445,0.0491742658921422,0.0024181084260311,0.6978880295028546,0.05208538183555522,0.0027128870009555856,0.6952528892206062,0.052169589276681916,0.0027216660452976846,0.4207800382010888,0.06464386992014322,0.004178829918252398,0.415674220149444,0.056801318961602267,0.003226389835777677,0.41322090577688914,0.056885035015003006,0.0032359072086581182,0.23792008163897133,0.07852015921636372,0.006165415403363108,0.5396068764564048,0.11226102828057398,0.01260253847061183,0.5376235967548334,0.11255166714911934,0.012667877778046148,0.32876072776612103,0.12495415280071913,0.015613540302145464,0.4859697707579224,0.07825422140826821,0.006123723168214263,0.6320856730737743,0.07834922156284939,0.006138600519504463,0.13445629441716223,0.05417028724483338,0.0029344200201877582,41.0077791929245,44.246299935036994,1957.7350579412548
1.0,1.0,0.0,0.75,0.0996306804523779,0.006700203039918637,4.489272077613495e-05,0.09524810665824246,0.006118151570404137,3.7431778638438605e-05,0.5569680087281168,0.044192221362063126,0.0019529524289135884,0.5523287611119343,0.04443932013829182,0.001974853174353589,0.3757462933132389,0.04983201426790279,0.0024832296459964677,0.7266696304303603,0.04648055820776303,0.0021604422913052467,0.723699529105467,0.04674219491051322,0.002184832785052408,0.42441138441182924,0.06662751806518934,0.004439226163527132,0.4573659639232198,0.03466409123267639,0.0012015992209873122,0.45466091490318233,0.0348646119860808,0.0012155411689399687,0.2951933219141082,0.0682269161699799,0.004654912090065466,0.6572671290953489,0.08737642151952951,0.007634639037558501,0.6554394881970709,0.0878302142351829,0.007714146532598127,0.4888708626616928,0.14609989363965567,0.021345178921518698,0.44185053632851534,0.04506726396111534,0.0020310582809408458,0.5977964738870201,0.05983202181002432,0.0035798708338752256,0.1460383323807644,0.022352670972400627,0.0004996418996004017,84.28199863433838,39.94232787376407,1595.3895559752705
1.0,1.0,0.0,1.0,0.10003180093517476,0.015372447569602083,0.00023631214428016501,0.09413658429876208,0.013749276209120835,0.0001890425962746962,0.5585966756654915,0.05855418753095931,0.003428592877410751,0.5545570261339525,0.05875794338111178,0.0034524959103779374,0.3834888905835448,0.06680734592221349,0.004463221469170296,0.6914226692006628,0.04545777085336852,0.0020664089309573607,0.6885353741300648,0.04546958158316268,0.002067482849347887,0.4272011971088923,0.06946631706091223,0.004825569206007185,0.44867448496870355,0.08402755988866951,0.007060630820843942,0.4462549523134734,0.08425377112241439,0.007098697948348188,0.26717274992861273,0.06879397786543856,0.00473261139055045,0.6042378926170677,0.061060424777103536,0.0037283754739603197,0.6024114150480865,0.06120609799812126,0.0037461864321556232,0.44909016012789155,0.08897160126702895,0.007915945832019189,0.49181461680098204,0.07315168061114097,0.005351168376234378,0.6242331325133792,0.05560955968124077,0.003092423127941479,0.11196227821302593,0.039407289184847455,0.0015529344408981953,68.48361246585846,47.76050032041886,2281.0653908567306
1.0,1.0,0.25,0.0,0.10676736665327471,0.011347383777941962,0.00012876311860390038,0.10357952909262243,0.00978885560377924,9.582169403164021e-05,0.6073900120995204,0.06465435011935117,0.004180184989355644,0.6035516731765507,0.06526966995576483,0.00426012981613447,0.40319846619472177,0.06716412686131082,0.0045110199370422535,0.7204992367631369,0.04866877135137074,0.0023686493048520048,0.7177247353084724,0.048801740382178244,0.002381609864329527,0.4241749717543213,0.0674840866010243,0.004554101944374547,0.5054274875851499,0.09640733438669308,0.009294374123547654,0.5031354209959461,0.09669523149912782,0.00934996779466992,0.3586691532682566,0.13354500181807455,0.017834267510589537,0.650855579006126,0.16077601625701052,0.02584892740347451,0.649206115266654,0.16138570092708882,0.02604534446372776,0.49153721871318723,0.24457784396364107,0.059818321757903165,0.4220400455481544,0.05747280924292294,0.003303123802273408,0.5677719292501882,0.07230643884716623,0.005228221098758989,0.18131159445102335,0.05540483665051946,0.003069695924270744,57.460564088821414,53.25447519793383,2836.039128607349
1.0,1.0,0.25,0.25,0.1027853577848521,0.010740752462012405,0.00011536376345022555,0.10020097684577256,0.010278727764583084,0.00010565224445841117,0.5430286799970854,0.08083072894145606,0.0065336067412071425,0.5393047381029913,0.08023776466671105,0.006438098878710505,0.3409755267997812,0.08521549433644783,0.007261680475005173,0.6800764389517434,0.09712461147937156,0.009433190155018872,0.6774919018189517,0.09682780318633291,0.009375623469891223,0.38065067074928277,0.09588969882269394,0.009194834340306952,0.40914359544971096,0.08712031926141164,0.0075899500282102916,0.4067791224041172,0.08682885220071633,0.007539249574493841,0.2650381117884065,0.056227752484937804,0.0031615601495074293,0.5515085041157347,0.1116019333634275,0.012454991530454913,0.549660734466694,0.11147251916210633,0.012426122528346163,0.37992688042519945,0.07550725981483764,0.005701346284745394,0.4681539558644351,0.1253003331573021,0.015700173489330903,0.6301986154444268,0.1134961778804089,0.01288138239346142,0.16511897554402188,0.07854054887202801,0.006168617817119419,35.68614888191223,34.87146978786627,1216.0194051660696
1.0,1.0,0.25,0.5,0.10567921424242352,0.00714446705174583,5.1043409453481746e-05,0.1019816685065047,0.0076952825868809496,5.921737409195316e-05,0.5807612905084983,0.03375503184136138,0.001139402174611321,0.5768594848023577,0.03370483744045793,0.0011360160668876945,0.3766937504729417,0.04360288047590346,0.0019012111857959232,0.7024453307763794,0.0620841793746505,0.003854445328623779,0.6996648191936649,0.062154227853368306,0.003863148040048425,0.40838327651199063,0.06462585281807307,0.004176500852463242,0.4738555610481844,0.08888561217164093,0.007900652051127362,0.47150667045503625,0.08914532849079815,0.007946889591732308,0.30798737235121604,0.11860562148886039,0.014067293448758823,0.6119727257918897,0.13807798144033154,0.019065528958636543,0.6101904660032756,0.13858597632669617,0.01920607283442359,0.424681238648022,0.1845831724062105,0.034070947535540824,0.4377071433713057,0.054406661035888065,0.0029600847650740206,0.5914983156824707,0.07271095709955122,0.005286883282332778,0.16738634447168302,0.0415317926902008,0.0017248898040618161,48.061993789672854,45.34433451711037,2056.108672799607
1.0,1.0,0.25,0.75,0.10603793865764673,0.010126240490162792,0.00010254074646461238,0.1023640307702606,0.009422060577188663,8.877522552021275e-05,0.5770263153413768,0.03677828626791433,0.0013526423408046556,0.5730691977030098,0.037254109211564065,0.0013878686531471425,0.3771056436443033,0.0324423817605063,0.0010525081342944319,0.7072529785059968,0.03281272189156987,0.0010766747179335088,0.7044555524455546,0.03271320171935695,0.0010701535667313386,0.40552148275510325,0.048242290829637643,0.0023273186244913402,0.4548864705809207,0.07259969250305795,0.005270715351538569,0.45243169117917026,0.07302816240952029,0.005333112504911272,0.2723336079463095,0.08994005119915627,0.008089212809706852,0.5962104198376865,0.09662308878520108,0.009336021286392852,0.5943072457651234,0.09697359649066968,0.009403878416335224,0.41193743593548515,0.16635902778788755,0.027675326126531143,0.4682718137324427,0.03533743170886551,0.0012487340797787336,0.6091094230624944,0.0455013181833615,0.0020703699564235036,0.11850911273478251,0.03162591281606604,0.0010001983614494102,50.62108676433563,40.34085277269085,1627.3844024279194
1.0,1.0,0.25,1.0,0.10561293633775404,0.008452004317500239,7.143637698304267e-05,0.10033357275551329,0.00803719460454222,6.459649711128257e-05,0.5566836317353172,0.04413664310971661,0.0019480432649944942,0.5530751020630855,0.04395766420374422,0.0019322762422491365,0.37459573346505176,0.051553202967280755,0.002657732736185645,0.6686815732700251,0.036243600971730905,0.0013135986113980533,0.6659242061226781,0.03611395875971671,0.001304218017298519,0.4068341710101745,0.06261744724404582,0.003920944699360862,0.4621148885923708,0.07694839470709929,0.005921055447999544,0.4599655847926309,0.07726759268836689,0.005970280879855367,0.28406770611912396,0.08456018825764933,0.007150425438169096,0.5927446443365383,0.09108712532410819,0.00829686439980979,0.5910459380914155,0.09146404514873369,0.008365671554969594,0.4420710091436993,0.15165962639184982,0.02300064227731547,0.5776169693164789,0.12497321490020065,0.015618304442491734,0.6804798992794995,0.10018934098658848,0.010037904047326898,0.08184816603391179,0.047690395657559434,0.002274373837974564,64.24130523204803,48.780641050411255,2379.550941289068
1.0,1.0,0.5,0.0,0.09632938480502859,0.010383543901703986,0.00010781798395861404,0.09358761564179449,0.009490315231349175,9.006608319037814e-05,0.562530842340655,0.05051026176891586,0.0025512865439644033,0.558070108300983,0.05090011097649531,0.002590821297419538,0.35567468018876014,0.06144578631742369,0.0037755846561664916,0.731383307869031,0.020350967686391903,0.0004141618857725674,0.7285262272394782,0.020437024937186684,0.0004176719882831904,0.4068583823508072,0.05696289107924727,0.0032447709601061882,0.470838325702515,0.07988603669343387,0.006381778858584664,0.468250678059636,0.08030114441132455,0.006448273793768401,0.33570263862811334,0.1090018233914479,0.0118813975026604,0.6823763724724987,0.10275449172789132,0.010558485570257285,0.6807181188714865,0.10330923473626091,0.010672797981791857,0.5208949776520995,0.18137267846898733,0.03289604849501466,0.41649917970940653,0.04945082354215779,0.0024453839489976268,0.5482248960971207,0.060722662980370025,0.0036872417994276005,0.21494008674686693,0.037960118341402636,0.001440970584493293,54.36080119609833,52.966293442892336,2805.4282410785795
1.0,1.0,0.5,0.25,0.10402118144287206,0.010224570060481946,0.00010454183292170378,0.10114688162330387,0.00980210478382721,9.608125819312829e-05,0.5630597554551964,0.046022997014912206,0.002118116254234618,0.5588895974624776,0.04615964200019589,0.0021307125495862484,0.3538063571835647,0.05625163634329539,0.003164246591298351,0.7049558154294283,0.059592252661644564,0.0035512365772892834,0.7020787934032954,0.05970249375141059,0.00356438776013722,0.3824750964525324,0.06791593942562822,0.004612574828065602,0.47490635512175317,0.09015059572850131,0.008127129910203678,0.47251496611445853,0.09030529802286813,0.00815504685099903,0.3312997567347161,0.10697596377669895,0.011443856825953606,0.6310437467650456,0.12694775193353086,0.016115731720977286,0.6292775421944965,0.12735031882723982,0.016218103705399632,0.47232782102123017,0.17467927028937305,0.03051284746882785,0.4000108135626498,0.03565145519561831,0.0012710262575651799,0.5547402245400866,0.06541308626892461,0.004278871855225773,0.1968469051100702,0.057157704541469304,0.0032670031884499007,20.29315242767334,10.269329983908447,105.45913831840107
1.0,1.0,0.5,0.5,0.10900169280113947,0.013003988316865707,0.0001691037121451798,0.1060576258227851,0.011873971263206537,0.00014099119355945463,0.5648990173821322,0.04624447086578908,0.0021385510856568152,0.5610537206189191,0.04590461570389678,0.0021072337429224467,0.35325232788540084,0.05295219364146141,0.0028039348114428262,0.6897154139757397,0.07851117911115758,0.006164005245424268,0.6869827451608572,0.07839693001372706,0.0061460786355772195,0.3784175429870257,0.06723895014244989,0.004521076416258861,0.47643417220851675,0.10850734575247116,0.011773844082246321,0.47417611596817055,0.10881756618712826,0.011841262710890041,0.3361937853600134,0.13663101108734207,0.018668033190749393,0.6334879148758181,0.14680774423117232,0.02155251376624531,0.6318721247158094,0.14717555244090347,0.02166064323628513,0.4839279437203989,0.20696156904937732,0.04283309106338017,0.4486894272100196,0.07691562574555395,0.005916013483830121,0.5858381522057919,0.09262972549961372,0.008580266046133787,0.16898271097723175,0.07685446819679877,0.005906609281812752,26.117261838912963,33.487189991185886,1121.39189350578
1.0,1.0,0.5,0.75,0.10672648935394609,0.010383785414986847,0.00010782299954449355,0.10273422513729732,0.010437075084476579,0.00010893253631900178,0.547305683561666,0.030306448089729536,0.0009184807958154711,0.5431074995068463,0.03024557010895505,0.0009147945112157152,0.35355991397576714,0.04040622043127849,0.0016326626495410676,0.6916284532357095,0.07171920110603353,0.00514364380728768,0.6887383547686986,0.07183114187882216,0.005159712943615478,0.3750599812755652,0.05939805404772288,0.003528128824656208,0.4745799106138143,0.07851543765629862,0.006164673950360116,0.4722628360865476,0.07859037411100324,0.006176446902907449,0.30755189842818564,0.08959807357625052,0.008027814788575203,0.6367042255104278,0.14028210550518505,0.01967906912496787,0.6350523241194694,0.14068222450353654,0.019791488291263457,0.4913908990865051,0.17630492996937455,0.03108342833150607,0.4617308559328981,0.039086191775208626,0.0015277303874883864,0.6138523664168074,0.0530651048816503,0.002815905356100547,0.11190165413212032,0.03601013355218337,0.0012967297184460823,65.58206820487976,45.024114313313284,2027.170869698302
1.0,1.0,0.5,1.0,0.10391790345257446,0.009562653436625117,9.144434074899815e-05,0.09865346516257656,0.008937011988924916,7.987018329018767e-05,0.5392580753039191,0.06602160848129528,0.004358852786457441,0.5353330164540081,0.0659985925142632,0.004355814213863758,0.36341071610099746,0.05857050685410581,0.003430504273146856,0.6658834503668287,0.05532129847111958,0.0030604460645306977,0.6629592274949523,0.05527000192969867,0.003054773113308895,0.39071719893899653,0.06541594595877197,0.004279245985680975,0.4395137998001185,0.09509246061649478,0.00904257606609961,0.4372096393456741,0.09524973444225818,0.009072511911320705,0.25297406038723536,0.08409347788732952,0.0070717130231867775,0.5747095491963232,0.13013054422377887,0.01693395853997687,0.5728869527735412,0.1305091399027359,0.017032635598151893,0.42541582562344615,0.1811486540356068,0.032814834858911957,0.5109726722590732,0.06601016300531581,0.004357341619988365,0.6465456192873971,0.05533845891905311,0.0030623450355357286,0.11209162013125847,0.04688223532579654,0.002197943989143365,33.07210338115692,22.790790646289395,519.4201382829922
1.0,1.0,0.75,0.0,0.09799309128171577,0.008858402478651302,7.847129447377554e-05,0.09485783373944288,0.008940324846808519,7.992940836646175e-05,0.5564532275583733,0.054164003371822686,0.0029337392612628194,0.5519628922494328,0.054534592437497406,0.002974021772323949,0.36354243160508226,0.06463461115545582,0.004177632959216975,0.7006068357874493,0.047871527760831464,0.0022916831701560577,0.697452099208124,0.04817485389074544,0.002320816547394671,0.39556128154977616,0.0675105130682465,0.004557669374737882,0.4668763590828596,0.08436541798122905,0.007117523751147488,0.4643212863090077,0.08459762657166232,0.007156758421558428,0.2866112486938042,0.10515203222454148,0.01105694988095101,0.6295669434384202,0.1460021144710733,0.02131661743002439,0.6276991607201097,0.14659346231739345,0.021489643194201054,0.4410138332246822,0.19463369636805838,0.03788227576189354,0.4263945599359625,0.07886950161255374,0.006220398284612617,0.5826642410628793,0.0814412800432569,0.006632682095084196,0.1780508867010464,0.05320222603872363,0.0028304768554754424,70.28171253204346,40.00310522021665,1600.2484272597246
1.0,1.0,0.75,0.25,0.11017071966356765,0.009484016550265963,8.994656992571869e-05,0.10572379906754825,0.009291193531018429,8.632627723083868e-05,0.5767633877722989,0.027307730227315592,0.0007457121301678457,0.5726611929923109,0.027165017862953774,0.0007379381954945976,0.3800752462577802,0.033808637175397206,0.00114302394765765,0.7171267562217519,0.0385639065605664,0.0014871748892120965,0.7143189659507565,0.03843585965789219,0.001477315307641184,0.4041195079091369,0.04894092218524335,0.002395213864342045,0.5030797902487625,0.06364046494946296,0.004050108778983824,0.5007757233472603,0.06380711217512555,0.0040713475641290554,0.34186399348640784,0.08690228010744745,0.007552006287873257,0.6725113402715391,0.10607595733221448,0.011252108723945787,0.6709232613965953,0.10646710302130641,0.011335244025749473,0.5251492074285983,0.1662983377814543,0.02765513714887467,0.4099740408134548,0.04930734169711357,0.002431213945235915,0.5683152904420912,0.05498310200934502,0.00302314150657004,0.15823982293720554,0.05078947658950697,0.0025795709322360767,42.55028059482574,27.493205195086027,755.8763318991054
1.0,1.0,0.75,0.5,0.10455217142710826,0.013438819368903378,0.00018060186603001258,0.09993388528857333,0.013202771654654376,0.00017431317936494507,0.5731630642730462,0.04179756054274232,0.0017470360673242096,0.5687968550543003,0.04170289478957376,0.0017391314338302583,0.3859781269625652,0.04840760141092848,0.002343295874359325,0.7258011445012762,0.0666855962546662,0.004446968747840351,0.7229504391432099,0.06683930544447238,0.0044674927522994744,0.4253810274946258,0.07772440279149066,0.006041082789293882,0.5129375268698431,0.06669061771362825,0.004447638491025305,0.5105660461986623,0.06685604483545272,0.004469730731040065,0.3510959523858109,0.07421148723394135,0.005507344837473439,0.6834210944808358,0.10458709233778715,0.010938459883672817,0.6818303674825577,0.1048894145189716,0.011001789278132652,0.5265654893609174,0.1335828647129488,0.01784438174491798,0.4400480295666638,0.05501541304286226,0.003026695672276739,0.5889563963405722,0.0652855336550098,0.004262200904619418,0.15964794718950365,0.03847450851490899,0.0014802878054638044,84.74948019981385,49.92142994732254,2492.1491679854316
1.0,1.0,0.75,0.75,0.10192948684509048,0.012502235525149775,0.00015630589312631705,0.09610226196399221,0.011539077674144606,0.0001331503135699425,0.5696950261194799,0.032542854744459226,0.0010590373949189724,0.5650507219463232,0.03257794912105452,0.0010613227689340173,0.4011872787847347,0.0431549700045184,0.001862351436090883,0.7379105731289552,0.040741336774177565,0.0016598565221469532,0.7349776637530254,0.04078732263498886,0.0016636056877306746,0.44173094594533485,0.061550312147330366,0.003788440925433804,0.49275852382436813,0.07501515246000845,0.005627273098598311,0.49018976430929095,0.0751842576885677,0.005652672604180951,0.3120218093753625,0.08207051867330063,0.006735570035304588,0.6898163331556846,0.1223605569053196,0.014972105886179957,0.6881584620871648,0.12284218567888554,0.015090202582365791,0.5248564043138602,0.16461506867902753,0.027098120836200952,0.500482111106765,0.0557741876722929,0.003110760010504149,0.6379297864936827,0.0552344392996583,0.003050843284747637,0.09804809690098708,0.028884511496590406,0.0008343150043966633,87.95085783004761,47.612134936027715,2266.915393166511
1.0,1.0,0.75,1.0,0.1033015539012416,0.005311502097325291,2.8212054529890965e-05,0.09590969907479101,0.005019470558429099,2.5195084686936532e-05,0.5739502808710741,0.02215797411404507,0.0004909758168386914,0.5698508137572922,0.02242705550591061,0.0005029728186651954,0.4067199329547213,0.014243296027126965,0.00020287148171637076,0.7044661594391928,0.024961206737793715,0.0006230618418068783,0.7015477978936968,0.025097829510777832,0.0006299010461520706,0.454908561724651,0.03320738688997346,0.0011027305440603813,0.46893815893511215,0.07187958341745586,0.005166674512266996,0.4665029326142416,0.07225468292931055,0.0052207392052152,0.26566191765437724,0.06122537985929811,0.0037485471389153463,0.6190803317209769,0.07229993198852513,0.0052272801655453595,0.6172499737076811,0.07263312750915395,0.0052755712117610164,0.44233269130121594,0.07486550480847314,0.0056048438102275135,0.6002779118235688,0.05664041791978271,0.003208136942127642,0.7351579010090835,0.036593743769094314,0.001339102083038129,0.06459996489966285,0.01756645153473184,0.0003085802195220826,70.7953054189682,24.681807912450953,609.1916418271264
1.0,1.0,1.0,0.0,0.09965495644049574,0.011349244542133045,0.00012880535167713672,0.09548778231557963,0.01075466731524473,0.00011566286906159328,0.5439745710012096,0.03724496754140718,0.0013871876071604743,0.5399384884031206,0.03754550383526158,0.001409664858243642,0.370565326165306,0.04680601791789753,0.002190803313330544,0.6811399521566808,0.024228663820592147,0.0005870281505312709,0.6782361472217459,0.024156875918033636,0.0005835546541192735,0.4125811499958861,0.05308937401965402,0.0028184816337987156,0.431911048992988,0.06428056146460241,0.004131990582204528,0.42948829234713576,0.0645914219541123,0.0041720517900541805,0.25550213085909596,0.07244923479105513,0.0052488916218094315,0.5809186842438343,0.12304355058218461,0.015139715339870621,0.5790406884154928,0.1235690825832748,0.015269318170472187,0.4249442598939074,0.19918247134955827,0.0396736568929176,0.4984171009085154,0.0925730625004217,0.008569771900706983,0.6162421116674752,0.07281357520916483,0.005301816734740703,0.12402155480740025,0.0625739829461621,0.003915503341746585,42.273051905632016,25.68911303552742,659.9305285521049
1.0,1.0,1.0,0.25,0.09913372214216656,0.010904994265636339,0.00011891889993356143,0.09500274439392341,0.011792774432000613,0.0001390695288040474,0.549723066551382,0.027372756095999724,0.00074926777629109,0.5457522448451052,0.027447212168587677,0.0007533494558274674,0.36967575089431365,0.034583803862994804,0.0011960394896340944,0.6789136519049251,0.037131620910867906,0.0013787572714684026,0.676053683202288,0.037040606838819094,0.0013720065549879716,0.4248486666841223,0.049619321422319104,0.0024620770584114155,0.4634453663647114,0.08501258687519565,0.007227139927212687,0.46116699742569833,0.08534203539263487,0.0072832630049577424,0.27259296683309986,0.09230409139953448,0.008520045289093614,0.5803530466203985,0.10976614247690283,0.012048606034259734,0.5785155312112972,0.1101399090124748,0.012130799557276226,0.39635194719698735,0.12232655548458653,0.014963786176723627,0.5334399126578977,0.14137682573772842,0.01998740685567603,0.6359462316490191,0.13070420688312004,0.017083589696945446,0.11249449188254709,0.0627634397748541,0.003939249372371737,88.21399943828582,35.96333130820964,1293.3611987840516
1.0,1.0,1.0,0.5,0.10614988360853647,0.00959919511295649,9.214454681660773e-05,0.10031838685779507,0.008666307099124552,7.510487873633662e-05,0.5701869076814468,0.03509354404191054,0.001231556833421515,0.5661715731981671,0.034944221869047574,0.001221098642033223,0.4047201492008862,0.052191687055597236,0.002723972197709396,0.6937948515207427,0.029918270790332227,0.0008951029270836464,0.6908553339945436,0.029800045956984884,0.0008880427390384112,0.43584354564414074,0.08225539406213257,0.006765949852316715,0.4873422384399991,0.05711541673297086,0.0032621708285809274,0.48502757924407847,0.057467230341266336,0.0033024825630961624,0.2962069662110592,0.0846239185101687,0.007161207584015674,0.6123499634162258,0.09706627310002792,0.009421861373529206,0.610499297944913,0.09759895077028208,0.009525555191459945,0.45618635727873424,0.18331024335256763,0.03360264531797757,0.49637780091228656,0.058205128877358285,0.0033878370276298874,0.6221431189846027,0.039900492232386654,0.001592049280386748,0.1295391128535063,0.059292986413712515,0.0035156582378566966,71.82705490589142,39.58465954086898,1566.9452709665095
1.0,1.0,1.0,0.75,0.10311295786115333,0.010525533645374303,0.00011078685851990646,0.09744062154952315,0.00954505440615664,9.110806361649029e-05,0.5432160648294244,0.03391370188579967,0.001150139175598892,0.5391241034180089,0.03380496919863108,0.001142775942520396,0.37586411013739507,0.04871126140949979,0.0023727869881046233,0.6651435617788385,0.015146308899826074,0.00022941067328895054,0.6620309580988538,0.014959151804270893,0.00022377622270322112,0.39830647044069195,0.05071534680160043,0.0025720464012066032,0.4359484493092105,0.08429553984547353,0.007105738037839815,0.4335411382327815,0.08441703508989888,0.007126235813369218,0.23692050845417154,0.07822130627600807,0.00611857275552506,0.5757391333198989,0.1242794923878551,0.015445392228182935,0.5738430896018867,0.12463365707447825,0.015533548475758644,0.413134977774528,0.17565270809112873,0.03085387385974728,0.5969732795974252,0.0794625754466346,0.006314300896612095,0.7322178350831586,0.050192249803595095,0.0025192619403464917,0.05829674163488476,0.027015300293990324,0.0007298264499744736,76.1638738155365,33.96923732780821,1153.9090846329586
1.0,1.0,1.0,1.0,0.09385943802400917,0.011654694443233499,0.0001358319025651378,0.08977974630149707,0.00989483139438671,9.790768832334084e-05,0.5320820023915579,0.03283353233628957,0.0010780408456781728,0.5278891077596749,0.03280385884741905,0.001076093155281393,0.36815639756330737,0.04266913894462444,0.001820655418275666,0.6586543365972083,0.058290013933936694,0.003397725724418534,0.655569387720032,0.05824796303245339,0.0033928251974300566,0.4236950970585977,0.06487438437174528,0.0042086857476129474,0.3993889545351611,0.07644217542908682,0.005843406184331286,0.39682226418979133,0.07655871674154749,0.005861237109112503,0.19251419945019518,0.0632032869974449,0.003994655487281388,0.5210487188616647,0.11978446032269832,0.01434831693480009,0.5189428879612996,0.120058382484628,0.01441401520482523,0.32588585342020415,0.14689366407138896,0.021577748544318067,0.9619555786916537,0.009292795642130819,8.635605084640555e-05,0.9777199041935614,0.005574864988270478,3.1079119637444e-05,0.00022697872821177646,8.42880796123697e-05,7.104480364741174e-09,80.41124751567841,19.699083614125918,388.0538952363243
