sensitive_p,fair_majority,fair_minority1,fair_minority2,tau_x_mean,tau_x_std,tau_x_var,tau_y_mean,tau_y_std,tau_y_var,NMI_rows_mean,NMI_rows_std,NMI_rows_var,AMI_rows_mean,AMI_rows_std,AMI_rows_var,ARI_rows_mean,ARI_rows_std,ARI_rows_var,NMI_cols_mean,NMI_cols_std,NMI_cols_var,AMI_cols_mean,AMI_cols_std,AMI_cols_var,ARI_cols_mean,ARI_cols_std,ARI_cols_var,NMI_van_rows_mean,NMI_van_rows_std,NMI_van_rows_var,AMI_van_rows_mean,AMI_van_rows_std,AMI_van_rows_var,ARI_van_rows_mean,ARI_van_rows_std,ARI_van_rows_var,NMI_van_cols_mean,NMI_van_cols_std,NMI_van_cols_var,AMI_van_cols_mean,AMI_van_cols_std,AMI_van_cols_var,ARI_van_cols_mean,ARI_van_cols_std,ARI_van_cols_var,balance_chierichetti_mean,balance_chierichetti_std,balance_chierichetti_var,balance_bera_mean,balance_bera_std,balance_bera_var,KL_fairness_error_mean,KL_fairness_error_std,KL_fairness_error_var,time_mean,time_std,time_var
0.0,0.0,0.0,0.0,0.3063926605053015,0.015434420270865746,0.00023822132909771145,0.30403588716654106,0.017060748383120706,0.00029106913539215574,0.9195956423211318,0.12946331546220552,0.016760750050466542,0.9195025108324465,0.12961327140548,0.016799600124430623,0.8701798114177816,0.2090303624451431,0.04369369242394788,0.914166852569459,0.13820449741413263,0.01910048310549299,0.9140654519368546,0.13836776794406264,0.019145639205821966,0.8594697012264595,0.2262752781979932,0.05120050152357922,0.8123898320826408,0.12946331546220555,0.01676075005046655,0.8121725252757086,0.12961327140548,0.016799600124430623,0.6970862266414903,0.2090303624451431,0.04369369242394789,0.799722655995404,0.13820449741413263,0.01910048310549299,0.7994860545193274,0.13836776794406266,0.019145639205821977,0.6720959695284054,0.2262752781979932,0.05120050152357922,0.9924107142857144,0.002156454872944882,4.650297619047727e-06,0.9966261976047905,0.0009507684710080164,9.039606854629212e-07,4.548938223043774e-06,2.282046122214065e-06,5.20773450391225e-12,1.92855384349823,0.5856582532155432,0.34299558955948134
0.0,0.0,0.0,0.25,0.30936304363876366,0.016209815125287717,0.0002627581063960064,0.3073429522055403,0.0179484330094411,0.000322146247494395,0.8936114867123089,0.13734698006366464,0.01886419293260869,0.8934884591265867,0.13750580799387352,0.01890784723204801,0.8286822924237525,0.22117020945107957,0.04891626154863441,0.8922906790284741,0.13905213545134282,0.01933549637357859,0.8921651225470981,0.13921422817180218,0.019380601325470596,0.8265678725921128,0.22389991371602322,0.05013117136204265,0.5477978919258791,0.23778514650502872,0.056541775898417974,0.5473817401316858,0.23792162204484676,0.05660669823645091,0.3784973713174233,0.24369930085898586,0.059389349239158506,0.520858147744787,0.2492024152506361,0.062101843766750466,0.520405745671001,0.24935010497052265,0.06217547484881066,0.33280233206862025,0.25660236685613685,0.06584477467617145,0.9910714285714286,0.0,0.0,0.9960357142857144,0.0,0.0,5.566356646911214e-06,5.162259049186924e-07,2.664891849091229e-13,2.163913631439209,0.4412736066337317,0.1947223959115414
0.0,0.0,0.0,0.5,0.30947546635063355,0.016356025499880158,0.00026751957015273,0.30745537491741026,0.018094540258207538,0.00032741238715589335,0.893202838236909,0.13787622518814502,0.019009853472132077,0.8930792367849243,0.13803579675437536,0.01905388118561522,0.8277943538237306,0.22232145882801038,0.04942683105541471,0.8889232412272097,0.14350926645484302,0.020594909558407135,0.8887928625647856,0.14367777013656016,0.020643301631414215,0.8195970704470295,0.23318877830182005,0.05437700632589538,0.6934945882840713,0.24786004293563163,0.061434600884053156,0.6931933808982895,0.24804534338875123,0.06152649237684352,0.5594284970764932,0.3017215810866701,0.09103591249344004,0.6745959264418524,0.26120285835354573,0.06822693321206247,0.6742683247723551,0.26140429662393333,0.06833220629345332,0.5258708672607696,0.3218648687870253,0.10359699375928902,0.9919642857142857,0.0018823081310526378,3.5430839002268744e-06,0.996429369831765,0.0008298987593850769,6.887319508288897e-07,4.821433219911889e-06,1.93019702634397e-06,3.7256605605071054e-12,1.8835521697998048,0.4045651581244002,0.16367296716822094
0.0,0.0,0.0,0.75,0.2989293933295144,0.006711676594856156,4.504660271393993e-05,0.2958992561796795,0.00777635826331936,6.04717478394953e-05,0.9677172331307327,0.10208707247910785,0.01042177036735462,0.9676800875962511,0.10220453697297384,0.010445767377859976,0.9552888818190943,0.14138897018462646,0.019990840889869188,0.9730726697571186,0.0851516948750403,0.007250811140091966,0.9730412806367745,0.08525095598907657,0.007267725497051472,0.9566419681480282,0.1371101355143594,0.018799189260766,0.6871661073823337,0.14173128307478314,0.020087756602024307,0.686830591646594,0.1418105849034566,0.020110241990660475,0.5220421012217799,0.14301064516606704,0.020452044630814736,0.665631668359844,0.1526046900083069,0.02328819141253144,0.6652650662598868,0.152695131121801,0.023315803068304,0.48187483608330384,0.15713621639699835,0.024691790503564293,0.9814804147465438,0.03032944875679928,0.0009198754618913134,0.9896184331797236,0.020293224680495256,0.00041181496793306176,0.00017439662238857365,0.0005326236876560926,2.836879926523749e-07,2.6976165056228636,1.0332869109285714,1.0676818402963093
0.0,0.0,0.0,1.0,0.28700774516749517,0.01281325231550133,0.0001641794349007002,0.2852607102578791,0.011451753277308158,0.0001311426531243381,0.7802979819192232,0.22566956280213885,0.05092675157530849,0.7800462131303979,0.2259237091960655,0.051041522376908365,0.7457247021080401,0.2649024217502026,0.07017329304912222,0.860312192083696,0.14737217660097626,0.02171855843610933,0.8601480132104037,0.14754545296341864,0.02176966069018038,0.772753637522516,0.23987655507430802,0.05754076167431753,0.6303585400047353,0.2050523568801963,0.042046469062123386,0.6300203362323284,0.2051829520166299,0.04210004379825865,0.5471689710966385,0.23661735607365458,0.055987773195286646,0.7032069755853662,0.2809112756468402,0.07891114478553503,0.7029131741267369,0.28113708371918084,0.0790380598421257,0.5727143001852831,0.3551519041945738,0.12613287505303175,0.8280256159774233,0.17179467144040247,0.029513409135315836,0.884866265060241,0.11400414561327418,0.012996945217012624,0.014036625439442932,0.014783542457797541,0.00021855312760150257,3.0890156269073485,1.8053701521680756,3.2593613863393807
0.0,0.0,0.25,0.0,0.30953167770656853,0.01642832217977957,0.0002698897696426373,0.30751158627334524,0.018166863367080937,0.00033003492459818734,0.8929985139992089,0.1381395836846921,0.019082544580580053,0.8928746256140933,0.138299524980968,0.019126758609961395,0.8273503845237198,0.22289337984712262,0.04968145877967369,0.8872395223265774,0.14565427028766992,0.021215166453033604,0.8871067325736292,0.1458258379136877,0.021265175003229116,0.8161116693744876,0.23761193237230352,0.056459430405700145,0.7663429364631674,0.21492186317076892,0.04619140726879471,0.7660992012815913,0.2151019772755059,0.04626886062783225,0.6498940599560281,0.28209773819879724,0.07957913389687715,0.751464815790385,0.2271417856078635,0.05159339076912862,0.7511996143230321,0.22733784178913316,0.05168249430934094,0.6224051348568442,0.3023412319986794,0.0914102205664793,0.9924107142857144,0.0021564548729448955,4.650297619047786e-06,0.9966261976047905,0.0009507684710080143,9.039606854629174e-07,4.448971506412227e-06,2.2344620131541915e-06,4.9928204882290826e-12,2.318336915969849,0.5180640052275645,0.2683903135124259
0.0,0.0,0.25,0.25,0.3188363065984997,0.015202672890529545,0.00023112126301644194,0.3178262608818881,0.016828905355183537,0.0002832120554537251,0.8136157775088406,0.1286188784216232,0.016542815886436288,0.8134001923006954,0.12876764890231368,0.016581107403829523,0.6997500424415559,0.20719668501282093,0.042930466280302136,0.8098249693991978,0.13133606556997754,0.017249162119401442,0.8096028344662655,0.13148952761164748,0.017289495871534208,0.6930083759636558,0.21211723806962618,0.04499372268628647,0.48250555324655514,0.28316062050419005,0.08017993700431793,0.4820675885326356,0.2833549438260642,0.08029002419067198,0.3273864341405718,0.32456754064037296,0.10534408843734017,0.4529535164782629,0.2978207474302024,0.08869719759988443,0.4524777146327922,0.29803163064445504,0.08882285286459286,0.2802640956500113,0.3447081429795022,0.11882370383637693,0.9915178571428571,0.0014117310982894875,1.9929846938776427e-06,0.9962325420587398,0.0006224240695388276,3.874117223412753e-07,4.893994783516909e-06,1.3669968839845013e-06,1.868680480823336e-12,2.7557595491409304,1.1274411546685068,1.271123557240256
0.0,0.0,0.25,0.5,0.3127269062637705,0.01678191799628321,0.00028163277163397425,0.31104349673608445,0.01855630742145161,0.0003443365451194202,0.8661970614395862,0.14104199671868722,0.01989284483839418,0.8660421292249086,0.14120531178412155,0.019938940076050973,0.7840769883296469,0.22760668765489653,0.05180480426523363,0.8586284731830638,0.14910320016404188,0.022231764299158338,0.8584618832192474,0.14927894387733243,0.022284203085131765,0.7692682364499742,0.243434524338674,0.05926036763999645,0.7931443890227902,0.22655749208229883,0.051328297218620894,0.7929316976707759,0.22675108171221975,0.05141605305766176,0.693167456150101,0.3005981289476967,0.09035923512685609,0.7800758649338988,0.23956266395901205,0.057390269963138535,0.7798444636774139,0.2397733714076621,0.057491269636196676,0.6692485677813578,0.3223309181158951,0.10389722077343586,0.9928571428571429,0.002305347229885417,5.314625850340365e-06,0.9968230253778158,0.0010164142493311074,1.0330979262433187e-06,3.976543076281017e-06,2.373148416529228e-06,5.631833406875182e-12,3.6246615409851075,2.888020872125416,8.340664557832048
0.0,0.0,0.25,0.75,0.30104709449510203,0.008940015746586745,7.992388154921896e-05,0.29835363925080427,0.010359446239998946,0.00010731812639942828,0.9349246233952833,0.1371962028131968,0.018822798066359833,0.9348497036662897,0.137354154390015,0.018866163728196078,0.910032282305469,0.18967296022971603,0.03597583184230344,0.9444616206136048,0.1171524215434765,0.013724689873500418,0.9443964312823928,0.11728996636195684,0.013756936209188966,0.9097985352235147,0.19033875384714727,0.03622884121608492,0.7040647583451858,0.15692827186840316,0.02462648251160346,0.703752514983251,0.1570353452740521,0.024660099665340763,0.5597265388712381,0.19606226049783135,0.03844040999151948,0.6942427175033575,0.1858557276325512,0.034542351493825056,0.6939099156142685,0.18599666939328402,0.0345947610253946,0.5287182690078174,0.22761262142408425,0.0518075054315435,0.9710829493087558,0.04218226370245327,0.0017793433710633067,0.9823955069124425,0.02881871208034801,0.0008305181659699964,0.00038684158658687995,0.0008096299419338612,6.555006428758274e-07,3.8790085315704346,1.1436854173422764,1.3080163338413766
0.0,0.0,0.25,1.0,0.2964253877820015,6.06461971625497e-05,3.6779612302788516e-09,0.2929321152416732,6.204687342165059e-05,3.84981450140233e-09,0.993802871892434,0.0,0.0,0.993791539014684,1.4332917616497527e-16,2.0543252740130517e-32,0.9970015588267456,0.0,0.0,1.0,0.0,0.0,1.0,0.0,0.0,1.0,0.0,0.0,0.7241297628067429,1.0467283057891834e-16,1.0956401461402941e-32,0.7238102281241721,1.0467283057891834e-16,1.0956401461402941e-32,0.5647027713619143,0.0,0.0,0.7138895085648629,6.409875621278546e-17,4.108650548026103e-33,0.7135515064561819,9.064933036736789e-17,8.217301096052206e-33,0.531565670754865,0.0,0.0,0.990990990990991,0.0,0.0,0.993,0.0,0.0,2.403087803900301e-05,3.3994068011758404e-20,1.1555966599880561e-39,2.9578463077545165,1.4940283340515634,2.23212066294889
0.0,0.0,0.5,0.0,0.3062802377934316,0.015254169703916258,0.00023268969335587665,0.30392346445467106,0.01688042390151242,0.00028494871109475175,0.9200042907965317,0.1288065293442833,0.016591122001719714,0.9199117331741089,0.1289555632577743,0.01662953729512983,0.8710677500178035,0.20760416196239137,0.04309948806410682,0.9175342903707234,0.13286145811186323,0.017652167051610386,0.9174377119191673,0.13301709800837552,0.017693548362569783,0.8664405033715429,0.21526033712027012,0.046337012737132345,0.6666931357244485,0.22441633191373728,0.0503626900296167,0.6663608845091049,0.22457098334129963,0.05043212655887828,0.5161551008824203,0.2596055816296988,0.0673950580132942,0.6459848772983386,0.23605852666128235,0.055723628009495346,0.6456234754179733,0.23622649837539964,0.05580295853470269,0.47902743433625616,0.27601607602675143,0.07618487422520544,0.9915178571428571,0.001411731098289497,1.9929846938776698e-06,0.9962325420587398,0.0006224240695388178,3.874117223412631e-07,5.2938616500430986e-06,1.4831208197196033e-06,2.199647365885748e-12,2.4521300077438353,0.3482896868114195,0.12130570593919668
0.0,0.0,0.5,0.25,0.3062802377934316,0.015254169703916248,0.00023268969335587633,0.3039234644546711,0.01688042390151241,0.0002849487110947514,0.9200042907965317,0.1288065293442833,0.016591122001719718,0.9199117331741089,0.1289555632577743,0.01662953729512983,0.8710677500178035,0.20760416196239137,0.04309948806410682,0.9175342903707234,0.13286145811186323,0.01765216705161039,0.9174377119191673,0.13301709800837552,0.017693548362569783,0.8664405033715429,0.21526033712027012,0.04633701273713234,0.6666931357244485,0.22441633191373728,0.05036269002961669,0.6663608845091049,0.22457098334129963,0.05043212655887828,0.5161551008824203,0.25960558162969877,0.06739505801329419,0.6459848772983386,0.23605852666128235,0.055723628009495346,0.6456234754179733,0.23622649837539966,0.055802958534702705,0.47902743433625616,0.27601607602675143,0.07618487422520544,0.9915178571428571,0.0014117310982894912,1.9929846938776533e-06,0.9962325420587398,0.0006224240695388116,3.8741172234125533e-07,5.2938616500430986e-06,1.4831208197196033e-06,2.199647365885748e-12,2.45020010471344,1.041429086058853,1.0845745412893781
0.0,0.0,0.5,0.5,0.3095316777065685,0.016428322179779603,0.00026988976964263846,0.3075115862733452,0.018166863367080958,0.00033003492459818804,0.8929985139992089,0.1381395836846921,0.01908254458058005,0.8928746256140933,0.13829952498096804,0.019126758609961398,0.8273503845237198,0.22289337984712262,0.04968145877967369,0.8872395223265774,0.14565427028766992,0.021215166453033604,0.8871067325736292,0.1458258379136877,0.021265175003229116,0.8161116693744876,0.23761193237230352,0.056459430405700145,0.7663429364631674,0.21492186317076895,0.046191407268794726,0.7660992012815913,0.2151019772755059,0.04626886062783226,0.6498940599560281,0.28209773819879724,0.07957913389687715,0.7514648157903852,0.2271417856078635,0.05159339076912862,0.7511996143230322,0.22733784178913316,0.05168249430934094,0.6224051348568443,0.3023412319986794,0.09141022056647927,0.9924107142857144,0.0021564548729449,4.650297619047804e-06,0.9966261976047905,0.0009507684710080152,9.039606854629191e-07,4.448971506412227e-06,2.2344620131541915e-06,4.992820488229082e-12,4.181253957748413,2.755886388763257,7.594909787770585
0.0,0.0,0.5,0.75,0.2989562189256671,0.006796506578290406,4.619250166874476e-05,0.29592608177583213,0.00786118824675362,6.179828065089726e-05,0.9677172331307327,0.10208707247910785,0.01042177036735462,0.9676800875962511,0.10220453697297383,0.010445767377859972,0.9552888818190943,0.14138897018462646,0.019990840889869188,0.9730726697571186,0.0851516948750403,0.007250811140091965,0.9730412806367745,0.08525095598907659,0.007267725497051474,0.9566419681480282,0.1371101355143594,0.018799189260766,0.6871661073823337,0.14173128307478314,0.020087756602024307,0.686830591646594,0.1418105849034566,0.020110241990660478,0.5220421012217799,0.14301064516606707,0.02045204463081474,0.6656316683598439,0.15260469000830687,0.023288191412531432,0.6652650662598867,0.152695131121801,0.023315803068304,0.48187483608330384,0.15713621639699835,0.02469179050356429,0.9814804147465438,0.030329448756799278,0.0009198754618913132,0.9896184331797236,0.020293224680495266,0.00041181496793306214,0.00017439662238857365,0.0005326236876560927,2.83687992652375e-07,4.967378950119018,1.9545648916030374,3.820323915487193
0.0,0.0,0.5,1.0,0.2954416541752397,0.003010141970056399,9.06095467989502e-06,0.2922970444898577,0.0019054872627661623,3.630881708564082e-06,0.953116944113658,0.12866020049804738,0.016553447192197753,0.9530598355935089,0.12880495578938594,0.01659071663590567,0.9474352396093344,0.15674246395799374,0.02456820000762297,0.9730726697571186,0.08515169487504033,0.0072508111400919695,0.9730412806367745,0.08525095598907657,0.007267725497051472,0.9566419681480282,0.13711013551435938,0.018799189260765996,0.6843672796151254,0.12574001230967236,0.01581055069563656,0.6840278520642235,0.12580291908279306,0.01582637444975178,0.5268849721103683,0.11959038172989621,0.014301859402302294,0.6656316683598439,0.15260469000830684,0.023288191412531425,0.6652650662598867,0.152695131121801,0.023315803068303997,0.48187483608330384,0.15713621639699835,0.024691790503564293,0.9587593617714099,0.10192536103191147,0.010388779221485497,0.9717343373493976,0.06724792992867706,0.00452228407969226,0.0027248135874618023,0.008540624826976746,7.294227243517158e-05,5.694208455085755,2.768380714896084,7.663931782608553
0.0,0.0,0.75,0.0,0.30735695444513655,0.011122632923661193,0.00012371296315451195,0.30567354491745047,0.012896830224970941,0.000166328229851724,0.8375664799212992,0.1712300847207771,0.029319741913484503,0.8373794949288305,0.17142719751723298,0.029387284048612405,0.7753534464300321,0.2368066361435859,0.05607738292164069,0.8619959109843283,0.14559894496367448,0.021199052774535113,0.8618341432015602,0.14576968286006647,0.02124880044112436,0.7762390385950576,0.2362078747781797,0.05579416010722422,0.6313246752651605,0.2490915971867354,0.06204662378903885,0.6309855493967854,0.24926421284790293,0.062132647806684656,0.5069631028457124,0.30933984676366644,0.09569114079576864,0.6263380862368335,0.295467925215025,0.08730129483087161,0.6259818845760597,0.29569037563601147,0.08743279824376556,0.4761800325892084,0.3572953132117025,0.1276599408430486,0.9415034562211982,0.05233214704983138,0.002738653614845175,0.9623380184331797,0.03564210174749416,0.001270359416978726,0.0009361473485354587,0.0009935817971551682,9.872047876380938e-07,3.7165860652923586,1.2027572338618824,1.446624963607087
0.0,0.0,0.75,0.25,0.307553009502642,0.011328120413968676,0.00012832631211337386,0.30586959997495594,0.01310248080127661,0.00017167500314782218,0.8375664799212992,0.17123008472077714,0.02931974191348452,0.8373794949288305,0.17142719751723298,0.029387284048612412,0.7753534464300321,0.2368066361435859,0.05607738292164069,0.8619959109843283,0.14559894496367448,0.021199052774535113,0.8618341432015602,0.14576968286006656,0.021248800441124382,0.7762390385950576,0.23620787477817967,0.055794160107224204,0.6313246752651605,0.24909159718673543,0.062046623789038864,0.6309855493967855,0.2492642128479029,0.06213264780668464,0.5069631028457124,0.30933984676366644,0.09569114079576863,0.6263380862368335,0.2954679252150251,0.08730129483087164,0.6259818845760597,0.2956903756360114,0.08743279824376554,0.4761800325892084,0.3572953132117025,0.1276599408430486,0.9415034562211982,0.052332147049831405,0.0027386536148451776,0.9623380184331797,0.035642101747494145,0.0012703594169787254,0.0009361473485354587,0.0009935817971551682,9.872047876380938e-07,4.3129328966140745,2.327136802762993,5.415565698773964
0.0,0.0,0.75,0.5,0.30309100781858833,0.010119462160876433,0.00010240351442540993,0.3007342344798278,0.011745623042747158,0.00013795966066231302,0.9021320136598338,0.15758853836743317,0.02483414742478396,0.902019319736328,0.15777000085462523,0.024891373169668447,0.8647756827918436,0.2177368975932768,0.04740935657354511,0.9158505714700912,0.1355709223167501,0.018379474977814295,0.9157515819280109,0.13573044135803944,0.018422752711248182,0.8629551022990013,0.22086705261551115,0.04878225493106297,0.720963409308038,0.16891009696264048,0.028530620855928605,0.7206744383199079,0.16903733521587463,0.028573620696883968,0.5974109765206965,0.23080935888758922,0.05327296015009996,0.7228537666468713,0.20970793486662376,0.04397741794602412,0.7225547649686503,0.20988169232309642,0.04405032477240691,0.5755617019323308,0.27211575132502314,0.07404698211918184,0.9606854838709677,0.0489752270387997,0.0023985728635019772,0.9751725806451613,0.03366432169854933,0.001133286555423419,0.0005992865507851862,0.0009628177617821744,9.27018042403236e-07,3.949035143852234,1.9424196241733698,3.772993996373815
0.0,0.0,0.75,0.75,0.3025242001940622,0.006044693510968137,3.65383196415403e-05,0.3008407906663761,0.007815029579984596,6.107468733603422e-05,0.8194345171738047,0.1903473876906299,0.03623212800064696,0.8192276389676232,0.19056547452045314,0.036315200079205474,0.7664451063347888,0.24619907474759506,0.060613984406571904,0.8619959109843283,0.14559894496367448,0.021199052774535113,0.8618341432015602,0.14576968286006656,0.021248800441124382,0.7762390385950576,0.2362078747781797,0.05579416010722422,0.6215847445339164,0.22793727764804825,0.05195540254160344,0.621239162953968,0.2280874000995699,0.05202386208418128,0.5023962109754344,0.2837420057329137,0.08050952581733682,0.6263380862368335,0.295467925215025,0.08730129483087162,0.6259818845760597,0.2956903756360114,0.08743279824376553,0.4761800325892084,0.35729531321170255,0.12765994084304863,0.9439228110599078,0.05004675164325507,0.002504677350041654,0.9614485376812217,0.0367000630305146,0.001346894626443745,0.0009046419531271988,0.0009700187435679826,9.409363628732075e-07,5.3915116548538204,2.555425819417877,6.530201118547529
0.0,0.0,0.75,1.0,0.28885660733090435,0.013434959935683246,0.00018049814847341398,0.28641065215358796,0.011934433876099682,0.0001424307119429957,0.8605444042881512,0.21506609165727977,0.04625342378073746,0.8603834848108406,0.21530751741363938,0.04635732705482462,0.8423366305381046,0.24906625487734574,0.06203399931862695,0.9175342903707234,0.1328614581118632,0.017652167051610382,0.9174377119191673,0.13301709800837552,0.01769354836256978,0.8664405033715429,0.21526033712027012,0.04633701273713234,0.6276814554115178,0.19741443167108347,0.03897245783201689,0.6273203951252797,0.1975246903156053,0.03901600328427578,0.5021450166960075,0.1869074395980772,0.03493439097710888,0.6459848772983386,0.23605852666128235,0.055723628009495346,0.6456234754179733,0.23622649837539966,0.055802958534702705,0.47902743433625616,0.27601607602675143,0.07618487422520544,0.894898512970802,0.15475833264735725,0.02395014152379008,0.9366253012048192,0.09077845631979164,0.00824072813180432,0.006637958806918702,0.010655999464515755,0.00011355032458776005,6.667679858207703,3.369866796696853,11.356002227479909
0.0,0.0,1.0,0.0,0.29332224426605913,0.009742406121193474,9.491447703026808e-05,0.2901815965208338,0.008638942327289031,7.463132453422603e-05,0.9485823518571583,0.1429998402887489,0.020448954322607696,0.948520093607614,0.14316088045430958,0.020495037692453116,0.9463713650804436,0.16010673061392766,0.0256341651878808,0.9730726697571186,0.08515169487504033,0.0072508111400919695,0.9730412806367745,0.08525095598907657,0.007267725497051472,0.9566419681480282,0.13711013551435938,0.018799189260765993,0.6690094643469664,0.1743056884411644,0.03038247302294827,0.668658214193403,0.17440598156656656,0.030417446406197552,0.5185359790021863,0.1459922161208,0.021313727167862374,0.6656316683598439,0.15260469000830684,0.02328819141253143,0.6652650662598867,0.15269513112180103,0.023315803068304008,0.48187483608330384,0.15713621639699835,0.024691790503564293,0.9587593617714099,0.10192536103191145,0.010388779221485494,0.9717343373493976,0.06724792992867706,0.00452228407969226,0.0027248135874618122,0.008540624826976779,7.294227243517213e-05,3.2969289302825926,1.6572127739081823,2.7463541780044523
0.0,0.0,1.0,0.25,0.28732797460050297,0.014575118964780082,0.00021243409283749199,0.28488432476127434,0.012889136531431407,0.00016612984052587963,0.8575057062608291,0.21946099078524,0.0481631264764392,0.8573407929379332,0.21970828118871993,0.04827172882290162,0.844123665471957,0.2461604609631223,0.060594972541576864,0.9158505714700912,0.1355709223167501,0.018379474977814295,0.9157515819280109,0.1357304413580394,0.018422752711248172,0.8629551022990013,0.22086705261551115,0.04878225493106297,0.670012208995246,0.17467045440090345,0.030509767640618093,0.6696831198048362,0.17477908185524488,0.030547727454162385,0.5630125912973762,0.18619498640312832,0.034668572961661134,0.7228537666468713,0.20970793486662376,0.04397741794602411,0.7225547649686503,0.20988169232309645,0.04405032477240692,0.5755617019323308,0.2721157513250232,0.07404698211918186,0.8930912840551395,0.15764203034480995,0.024851009731233983,0.9279993975903615,0.10467372876763803,0.010956589494121054,0.008465499682500693,0.01359988811503552,0.0001849569567414844,4.579794549942017,2.609230495849323,6.808083780470104
0.0,0.0,1.0,0.5,0.2953430939030079,0.0032619790801987633,1.064050751965437e-05,0.2922010604350359,0.0021581497997705387,4.657610558249617e-06,0.9528234738198964,0.12958823505193265,0.016793110663874945,0.9527659948423874,0.12973416183230407,0.016830952746330462,0.9470366947747767,0.1580027733848911,0.02496487639731725,0.9713889508564864,0.09047608154051302,0.008185921330925562,0.9713551506456183,0.09058296719225015,0.008205273945352266,0.9531565670754866,0.14813194146278497,0.021943072081533954,0.7246311351308827,0.0015854785000540105,2.513742074133515e-06,0.7243226809298887,0.0016205180594082488,2.6260787808682764e-06,0.5869410775095092,0.07032369873052473,0.004945422603141606,0.7425005577083766,0.09047608154051305,0.008185921330925565,0.7421963558105638,0.09058296719225017,0.008205273945352271,0.5784091036793786,0.14813194146278497,0.021943072081533954,0.9581569521328557,0.10383034757418155,0.010780741077375349,0.971132530120482,0.06915101148440488,0.004781862389316295,0.002894373925558443,0.009076821696190349,8.238869210443184e-05,4.963667941093445,1.5582496784836914,2.428142060494528
0.0,0.0,1.0,0.75,0.2964243499564029,6.750047607401823e-05,4.556314270219108e-09,0.2929358961195526,7.115217614515872e-05,5.0626321701916944e-09,0.993802871892434,0.0,0.0,0.993791539014684,1.1702778228589004e-16,1.3695501826753678e-32,0.9970015588267456,0.0,0.0,1.0,0.0,0.0,1.0,0.0,0.0,1.0,0.0,0.0,0.7241297628067429,7.401486830834377e-17,5.4782007307014706e-33,0.7238102281241721,7.401486830834377e-17,5.4782007307014706e-33,0.5647027713619143,0.0,0.0,0.7138895085648629,3.700743415417188e-17,1.3695501826753676e-33,0.713551506456182,3.700743415417188e-17,1.3695501826753676e-33,0.531565670754865,0.0,0.0,0.990990990990991,0.0,0.0,0.993,0.0,0.0,2.4030878039002913e-05,2.103251014551128e-19,4.423664830210349e-38,6.348298358917236,4.01307574490743,16.104776934364324
0.0,0.0,1.0,1.0,0.28790899717211993,0.0255167860600455,0.0006511063708341323,0.28465266666792743,0.024372654204693547,0.0005940262729815661,0.9334891660573161,0.17512216187977092,0.030667771581444687,0.9334073632794769,0.1753164674130728,0.030735863746199014,0.9357314679696922,0.1842995673087108,0.03396633051017803,0.9730726697571186,0.08515169487504032,0.007250811140091968,0.9730412806367745,0.08525095598907657,0.007267725497051472,0.9566419681480282,0.1371101355143594,0.018799189260766,0.6585777147012183,0.18750897160271449,0.035159614431507585,0.6582172017067273,0.18761564550846285,0.0351996304395572,0.5164826520206687,0.14440284335205555,0.020852181168158294,0.6656316683598439,0.15260469000830684,0.023288191412531425,0.6652650662598868,0.152695131121801,0.023315803068303997,0.48187483608330384,0.15713621639699835,0.024691790503564293,0.9593617714099641,0.10002037448964135,0.010004075313048097,0.9683173542202471,0.07486554976769566,0.0056048505420193155,0.002594618101502671,0.008128826537454222,6.607782087601999e-05,5.063971948623657,2.389246192213211,5.708497367005328
0.0,0.25,0.0,0.0,0.3062802377934316,0.015254169703916272,0.00023268969335587706,0.3039234644546711,0.016880423901512384,0.00028494871109475056,0.9200042907965317,0.12880652934428327,0.016591122001719708,0.9199117331741089,0.1289555632577743,0.01662953729512983,0.8710677500178035,0.20760416196239134,0.043099488064106815,0.9175342903707234,0.13286145811186323,0.017652167051610386,0.9174377119191673,0.13301709800837552,0.017693548362569783,0.8664405033715429,0.21526033712027012,0.04633701273713234,0.6666931357244485,0.22441633191373728,0.05036269002961669,0.6663608845091049,0.22457098334129963,0.05043212655887828,0.5161551008824203,0.25960558162969877,0.06739505801329418,0.6459848772983386,0.23605852666128235,0.055723628009495346,0.6456234754179733,0.2362264983753997,0.05580295853470271,0.47902743433625616,0.27601607602675143,0.07618487422520542,0.9915178571428571,0.0014117310982894875,1.9929846938776427e-06,0.9962325420587398,0.0006224240695388276,3.874117223412753e-07,5.2938616500430986e-06,1.4831208197196035e-06,2.1996473658857483e-12,2.160174608230591,0.5689982430904794,0.32375900064005236
0.0,0.25,0.0,0.25,0.30947546635063355,0.01635602549988014,0.0002675195701527294,0.30745537491741026,0.018094540258207507,0.0003274123871558922,0.893202838236909,0.137876225188145,0.019009853472132066,0.8930792367849243,0.13803579675437538,0.019053881185615226,0.8277943538237306,0.22232145882801035,0.049426831055414705,0.8889232412272097,0.14350926645484308,0.020594909558407145,0.8887928625647854,0.14367777013656016,0.02064330163141422,0.8195970704470295,0.23318877830182003,0.054377006325895365,0.6934945882840713,0.24786004293563163,0.061434600884053156,0.6931933808982895,0.24804534338875123,0.06152649237684352,0.5594284970764932,0.30172158108667013,0.09103591249344005,0.6745959264418524,0.26120285835354573,0.06822693321206248,0.6742683247723551,0.26140429662393333,0.06833220629345332,0.5258708672607696,0.3218648687870253,0.10359699375928902,0.9919642857142857,0.001882308131052633,3.5430839002268562e-06,0.996429369831765,0.0008298987593850777,6.887319508288911e-07,4.821433219911889e-06,1.93019702634397e-06,3.7256605605071054e-12,2.5779539585113525,0.613287728376921,0.3761218377777241
0.0,0.25,0.0,0.5,0.31267069490783556,0.016723088869022632,0.0002796617013212287,0.31098728538014947,0.018497437476031234,0.0003421551931796847,0.8664013856772863,0.1408272808548691,0.019832323032976176,0.8662467403957399,0.14099029455777504,0.019878263159488166,0.7845209576296578,0.22714063926639505,0.0515928700063466,0.860312192083696,0.14737217660097626,0.021718558436109335,0.8601480132104037,0.1475454529634186,0.02176966069018037,0.772753637522516,0.23987655507430802,0.05754076167431753,0.720296040843694,0.2662897854385733,0.0709102498289214,0.720025877287474,0.26649746017213055,0.0710208962781963,0.602701893270566,0.3324386604070139,0.11051546293320991,0.7032069755853662,0.2809112756468402,0.07891114478553503,0.7029131741267369,0.28113708371918084,0.0790380598421257,0.572714300185283,0.3551519041945738,0.12613287505303172,0.9924107142857144,0.0021564548729448934,4.650297619047777e-06,0.9966261976047905,0.0009507684710080131,9.039606854629152e-07,4.3490047897806795e-06,2.180756529388403e-06,4.755699040470153e-12,3.6391099452972413,1.2903431486000845,1.6649854411391796
0.0,0.25,0.0,0.75,0.3010786374214859,0.009005677414137613,8.110222568750832e-05,0.2983851821771881,0.010425222747682848,0.00010868526933880391,0.9354344662614654,0.13611609663881044,0.018527591764185985,0.9353601751925023,0.1362727159639651,0.018570253116195506,0.9105777636381885,0.18851862691283527,0.03553927269310078,0.9461453395142371,0.11353559316672043,0.012890330915719055,0.9460825612735491,0.11366794131876878,0.012920400883647064,0.9132839362960563,0.18281351401914586,0.03342078090802844,0.642346740360895,0.18897504409971083,0.03571156729248765,0.6419861471850329,0.18908077987127547,0.03575154131672973,0.4768181643842877,0.19068086022142278,0.03635919045478177,0.617373828154825,0.2034729200110758,0.041401229177833655,0.6169786260635914,0.20359350816240138,0.04145031656587379,0.4321840014117426,0.20951495519599778,0.04389651645078096,0.9718894009216591,0.040439265009065695,0.001635334154473445,0.9832011520737328,0.02705763290732701,0.0007321154985476655,0.0003428270212637099,0.0007101649168747903,5.043342091597778e-07,5.8676271677017215,5.011627381997468,25.116409015986793
0.0,0.25,0.0,1.0,0.287991478774257,0.013174191175611789,0.00017355931313156755,0.28589578100969454,0.011723727092652897,0.00013744577694300354,0.8209839096979991,0.22360325373823076,0.04999841508232361,0.820777916551573,0.22385512250085027,0.05011111586987068,0.7952910213254512,0.26042845364249445,0.06782297946662087,0.8872395223265774,0.14565427028766995,0.021215166453033615,0.8871067325736292,0.1458258379136877,0.021265175003229112,0.8161116693744876,0.23761193237230355,0.05645943040570015,0.6701210231963527,0.17609142111653037,0.03100818859083924,0.6698027122922771,0.17620504792691052,0.031048218914924833,0.5849867703481846,0.19995313342637527,0.039981255567025836,0.7514648157903852,0.2271417856078635,0.05159339076912862,0.7511996143230322,0.22733784178913316,0.051682494309340944,0.6224051348568443,0.3023412319986794,0.09141022056647928,0.8602572451970042,0.16878549886463326,0.028488544626983112,0.9061319277108433,0.11215965438411157,0.01257978807156336,0.011335842730020132,0.014611687155373145,0.00021350140152649657,4.457827544212341,2.416798352860047,5.840914278387036
0.0,0.25,0.25,0.0,0.30953167770656853,0.016428322179779558,0.000269889769642637,0.30751158627334524,0.01816686336708094,0.0003300349245981875,0.8929985139992089,0.13813958368469212,0.019082544580580056,0.8928746256140933,0.138299524980968,0.019126758609961395,0.8273503845237198,0.22289337984712262,0.049681458779673685,0.8872395223265774,0.14565427028766992,0.0212151664530336,0.8871067325736292,0.1458258379136877,0.02126517500322912,0.8161116693744876,0.2376119323723035,0.05645943040570013,0.7663429364631674,0.21492186317076892,0.04619140726879471,0.7660992012815913,0.21510197727550587,0.04626886062783224,0.6498940599560281,0.2820977381987973,0.07957913389687718,0.751464815790385,0.2271417856078635,0.05159339076912862,0.7511996143230321,0.22733784178913316,0.05168249430934094,0.6224051348568442,0.3023412319986794,0.0914102205664793,0.9924107142857144,0.0021564548729448986,4.650297619047798e-06,0.9966261976047905,0.0009507684710080186,9.039606854629254e-07,4.448971506412227e-06,2.234462013154191e-06,4.992820488229081e-12,2.6382745027542116,0.9126865516412506,0.832996741546797
0.0,0.25,0.25,0.25,0.3095878890625035,0.016500089319159535,0.0002722529475402425,0.3075677976292802,0.018238707203312932,0.000332650440448179,0.892794189761509,0.13840210589011606,0.0191551429148189,0.8926700144432621,0.13856241553664284,0.01919954299934928,0.8269064152237087,0.22346285705797256,0.049935648484511874,0.8855558034259452,0.1477468224671341,0.02182912354913484,0.8854206025824729,0.1479213660055213,0.021880730520939393,0.8126262683019461,0.24189844746109995,0.05851485888409053,0.8391912846422634,0.13840210589011606,0.0191551429148189,0.839005021664893,0.13856241553664284,0.01919954299934928,0.7403596228355631,0.22346285705797256,0.049935648484511874,0.8283337051389177,0.1477468224671341,0.021829123549134844,0.8281309038737092,0.14792136600552133,0.021880730520939404,0.718939402452919,0.24189844746109995,0.05851485888409053,0.9928571428571429,0.0023053472298854025,5.314625850340298e-06,0.9968230253778158,0.001016414249331106,1.033097926243316e-06,4.076509792912564e-06,2.439609922897453e-06,5.951696575899716e-12,3.421079182624817,1.2175217476083218,1.482359205899222
0.0,0.25,0.25,0.5,0.31267069490783556,0.01672308886902261,0.00027966170132122793,0.3109872853801495,0.018497437476031206,0.0003421551931796837,0.8664013856772863,0.1408272808548691,0.019832323032976176,0.8662467403957399,0.140990294557775,0.019878263159488162,0.7845209576296578,0.22714063926639508,0.05159287000634662,0.860312192083696,0.14737217660097623,0.021718558436109328,0.8601480132104037,0.14754545296341864,0.02176966069018038,0.772753637522516,0.23987655507430797,0.05754076167431751,0.720296040843694,0.2662897854385733,0.07091024982892141,0.720025877287474,0.26649746017213055,0.0710208962781963,0.602701893270566,0.3324386604070139,0.11051546293320991,0.7032069755853662,0.28091127564684015,0.07891114478553501,0.7029131741267369,0.28113708371918084,0.0790380598421257,0.572714300185283,0.3551519041945738,0.12613287505303175,0.9924107142857144,0.002156454872944887,4.650297619047747e-06,0.9966261976047905,0.0009507684710080111,9.039606854629113e-07,4.3490047897806795e-06,2.1807565293884033e-06,4.7556990404701534e-12,5.28308801651001,2.780826213936299,7.732994432115293
0.0,0.25,0.25,0.75,0.30537712560542907,0.011064288071184066,0.00012241847052214602,0.3033570341722056,0.012802869153832448,0.00016391345857015438,0.8708689325229308,0.16670749127222503,0.027791387646278982,0.8707203503850046,0.166899309987469,0.027855379674293263,0.8211555272763771,0.2308872214732794,0.053308909039651166,0.8922906790284741,0.1390521354513428,0.019335496373578582,0.8921651225470981,0.13921422817180218,0.0193806013254706,0.8265678725921128,0.22389991371602325,0.050131171362042655,0.5527080063180175,0.2314462160821202,0.053567350938731474,0.5522972582619105,0.23157571542606661,0.053627311975094585,0.3863702907093035,0.233535405628724,0.054538785682172644,0.520858147744787,0.24920241525063613,0.06210184376675048,0.520405745671001,0.24935010497052268,0.06217547484881068,0.33280233206862025,0.25660236685613685,0.06584477467617145,0.9527073732718894,0.04952778242269854,0.002453001231710167,0.9703665898617512,0.033138697135245074,0.0010981732478215,0.0006796878190139824,0.0008697708397846336,7.565013137396667e-07,6.904391241073609,4.631351127057908,21.449413262100553
0.0,0.25,0.25,1.0,0.2922969643215382,0.010153634535274667,0.0001030962942759224,0.2895023462892755,0.008923410395283769,7.962725308265843e-05,0.9078986472685029,0.18141681619875796,0.03291206119969393,0.907790615901335,0.18162103517104097,0.0329862004166005,0.8968097741942719,0.21123758026528613,0.044621315316333204,0.9461453395142371,0.11353559316672043,0.012890330915719056,0.9460825612735491,0.11366794131876878,0.012920400883647064,0.9132839362960563,0.18281351401914586,0.03342078090802844,0.6288544230323159,0.20425999985405285,0.04172214754037767,0.6284829778151785,0.2043728084536264,0.041768244835222665,0.48045405265385377,0.17876836537860896,0.03195812846013983,0.617373828154825,0.20347292001107578,0.04140122917783365,0.6169786260635914,0.20359350816240135,0.04145031656587378,0.4321840014117426,0.2095149551959978,0.043896516450780965,0.9265277325518289,0.13590048137588195,0.018468940838196436,0.9504686746987951,0.08966390657156942,0.00803961614167513,0.005425596296884613,0.01138749976930235,0.00012967515099586107,5.983099102973938,2.1859168533461117,4.778232489742566
0.0,0.25,0.5,0.0,0.30308500923622966,0.013235258627267965,0.00017517207093067108,0.30039155399193185,0.014654834185219002,0.00021476416499626347,0.9468057433561544,0.11214333962273071,0.012576128621739123,0.9467442295632933,0.1122730220847021,0.012605231488032007,0.9143411462118763,0.18058471981987553,0.03261084103242295,0.9461453395142371,0.11353559316672043,0.012890330915719055,0.9460825612735491,0.11366794131876878,0.012920400883647064,0.9132839362960563,0.18281351401914583,0.033420780908028434,0.6398916831648258,0.1941507591167544,0.03769451726561199,0.6395283881199205,0.19426219092839608,0.03773779882430061,0.4728817046883476,0.1989796459258392,0.03959289949277233,0.6173738281548249,0.20347292001107578,0.04140122917783365,0.6169786260635914,0.20359350816240135,0.041450316565873786,0.4321840014117426,0.2095149551959978,0.043896516450780965,0.9910714285714286,0.0,0.0,0.9960357142857144,0.0,0.0,5.766290080174308e-06,4.214966863524338e-07,1.7765945660608193e-13,3.698328423500061,0.9603783039680694,0.9223264867325857
0.0,0.25,0.5,0.25,0.3031412205921646,0.013354419821725718,0.00017834052877490077,0.3004477653478669,0.014773932226854029,0.00021826907344367605,0.9466014191184545,0.11257512307897824,0.0126731583362471,0.9465396183924621,0.11270541215019317,0.012702509927944909,0.9138971769118653,0.18152370557981076,0.03295085568742582,0.9444616206136048,0.11715242154347649,0.013724689873500416,0.9443964312823928,0.11728996636195685,0.013756936209188969,0.9097985352235147,0.19033875384714727,0.03622884121608492,0.7127400313439219,0.1764336749048708,0.031128841640437634,0.7124342085032224,0.17656327482898562,0.031174590018335908,0.5633472675678826,0.21338936083083274,0.04553501931579133,0.6942427175033575,0.1858557276325512,0.034542351493825056,0.6939099156142685,0.18599666939328402,0.0345947610253946,0.5287182690078174,0.22761262142408428,0.051807505431543506,0.9915178571428571,0.0014117310982894912,1.9929846938776533e-06,0.9962325420587398,0.0006224240695388116,3.8741172234125533e-07,5.393828366674646e-06,1.492270252655983e-06,2.226870506961951e-12,6.096267056465149,2.716193796039997,7.377708737646169
0.0,0.25,0.5,0.5,0.30622402643749663,0.015162893625443201,0.00022991334309650606,0.3038672530987361,0.016789221737698146,0.000281877966557596,0.9202086150342318,0.128476335626576,0.0165061688160326,0.9201163443449399,0.12862490555114903,0.016544366328042008,0.8715117193178143,0.20688578698174293,0.042801728855055114,0.9192180092713557,0.13007136243955186,0.016918559326881265,0.9191238419103236,0.13022298629576412,0.01695802615978677,0.8699259044440847,0.20943919151340165,0.04386477494178733,0.5938447875453525,0.22242763747141614,0.04947405391111573,0.5934550641258032,0.2225552986493347,0.04953086095689456,0.42568953800288545,0.22795982230266737,0.05196568058426368,0.569115987949806,0.23310751445611244,0.05433911329590667,0.5686921858672962,0.23324566553895346,0.054403540492709346,0.38249316674018147,0.24002953535273533,0.057614177841650016,0.9910714285714286,0.0,0.0,0.9960357142857144,0.0,0.0,5.666323363542761e-06,4.828851175957719e-07,2.3317803679548244e-13,3.97479829788208,1.927874439608196,3.7166998548946157
0.0,0.25,0.5,0.75,0.30737784820849645,0.01114470865087494,0.00012420453091288675,0.30569443868081037,0.0129188993068169,0.00016689795929967415,0.8365467941889347,0.1723015122391237,0.029687811119888902,0.8363585518764051,0.1724999458725191,0.029756231326022023,0.7742624837645928,0.2379537925153759,0.056622007372450565,0.8586284731830638,0.14910320016404185,0.022231764299158335,0.8584618832192474,0.1492789438773324,0.022284203085131758,0.7692682364499742,0.243434524338674,0.05926036763999645,0.7547607112337422,0.1855670629417217,0.034435134848816905,0.7545182849932217,0.1857192850259742,0.03449165283055904,0.6727798518196133,0.27105463445749856,0.07347061486088817,0.7800758649338988,0.23956266395901205,0.057390269963138535,0.7798444636774139,0.23977337140766214,0.05749126963619669,0.6692485677813578,0.3223309181158951,0.10389722077343586,0.9398905529953916,0.05400293138505851,0.0029163165981793376,0.960726728110599,0.03729636588971823,0.0013910189085797374,0.0010241764791817987,0.00108128030101816,1.1691670893699227e-06,6.899560832977295,3.1477814994645397,9.908528368371226
0.0,0.25,0.5,1.0,0.2922739507078028,0.010143203270948543,0.00010288457259578123,0.2894788011562709,0.008913314925734302,7.944718296531789e-05,0.9078986472685029,0.18141681619875796,0.03291206119969393,0.907790615901335,0.181621035171041,0.03298620041660051,0.8968097741942719,0.21123758026528616,0.04462131531633321,0.9461453395142371,0.11353559316672043,0.012890330915719056,0.9460825612735491,0.11366794131876877,0.012920400883647062,0.9132839362960563,0.18281351401914583,0.033420780908028434,0.628854423032316,0.20425999985405285,0.04172214754037767,0.6284829778151786,0.20437280845362643,0.04176824483522268,0.48045405265385377,0.1787683653786089,0.03195812846013982,0.617373828154825,0.20347292001107578,0.04140122917783365,0.6169786260635914,0.20359350816240135,0.04145031656587378,0.4321840014117426,0.2095149551959978,0.043896516450780965,0.9265277325518289,0.13590048137588193,0.018468940838196432,0.9504686746987951,0.0896639065715694,0.008039616141675128,0.005425596296884612,0.01138749976930235,0.00012967515099586107,6.864305090904236,3.305006028304047,10.923064847126094
0.0,0.25,0.75,0.0,0.30536989801127656,0.011055049195294023,0.00012221411271037103,0.3033498065780532,0.012793617761319794,0.0001636766554227573,0.8708689325229308,0.166707491272225,0.027791387646278976,0.8707203503850046,0.166899309987469,0.027855379674293263,0.8211555272763771,0.2308872214732794,0.053308909039651166,0.8922906790284741,0.13905213545134282,0.01933549637357859,0.8921651225470981,0.13921422817180215,0.019380601325470592,0.8265678725921128,0.22389991371602322,0.05013117136204265,0.5527080063180175,0.2314462160821202,0.053567350938731474,0.5522972582619105,0.2315757154260666,0.05362731197509458,0.3863702907093035,0.23353540562872396,0.05453878568217264,0.520858147744787,0.24920241525063613,0.06210184376675048,0.520405745671001,0.24935010497052265,0.06217547484881066,0.33280233206862025,0.25660236685613685,0.06584477467617145,0.9527073732718894,0.04952778242269857,0.0024530012317101695,0.9703665898617512,0.033138697135245074,0.0010981732478215,0.0006796878190139824,0.0008697708397846336,7.565013137396667e-07,4.316144490242005,4.880375460743567,23.818064637827984
0.0,0.25,0.75,0.25,0.3031735203850988,0.010253252040977157,0.00010512917741580223,0.30081674704633826,0.011879287208375423,0.00014111746457907197,0.9021320136598338,0.1575885383674332,0.024834147424783966,0.902019319736328,0.15777000085462523,0.024891373169668444,0.8647756827918436,0.21773689759327677,0.04740935657354509,0.9158505714700912,0.13557092231675008,0.018379474977814288,0.9157515819280111,0.1357304413580394,0.018422752711248172,0.8629551022990013,0.22086705261551112,0.04878225493106295,0.720963409308038,0.16891009696264045,0.0285306208559286,0.7206744383199079,0.16903733521587458,0.028573620696883954,0.5974109765206965,0.23080935888758922,0.053272960150099954,0.7228537666468713,0.2097079348666238,0.04397741794602413,0.7225547649686503,0.2098816923230964,0.044050324772406904,0.5755617019323308,0.2721157513250232,0.07404698211918186,0.9606854838709677,0.04897522703879971,0.002398572863501978,0.9751725806451613,0.033664321698549354,0.0011332865554234209,0.0005992865507851862,0.0009628177617821743,9.270180424032357e-07,5.272310948371887,2.2150348653304115,4.906379454629314
0.0,0.25,0.75,0.5,0.29680697483369556,8.275113844157577e-17,6.847750913376839e-33,0.2934401557783234,9.251858538542972e-17,8.559688641721048e-33,1.0,0.0,0.0,1.0,0.0,0.0,1.0,0.0,0.0,1.0,0.0,0.0,1.0,0.0,0.0,1.0,0.0,0.0,0.7319854744037725,0.0,0.0,0.7316750361081552,0.0,0.0,0.5672660380592719,0.0,0.0,0.7138895085648629,6.409875621278546e-17,4.108650548026103e-33,0.7135515064561819,6.409875621278546e-17,4.108650548026103e-33,0.531565670754865,0.0,0.0,0.9910714285714286,0.0,0.0,0.9960357142857144,0.0,0.0,5.966223513437403e-06,0.0,0.0,3.9397422790527346,2.2013071249396656,4.8457530583101365
0.0,0.25,0.75,0.75,0.2979713989897817,0.0036822324957516664,1.3558836152769546e-05,0.29494126183994673,0.0047469141642149226,2.2533194082424258e-05,0.9641456597506319,0.11338137919065276,0.012855337147174588,0.964104591699796,0.11351124777035776,0.01288480337038355,0.9535392907469623,0.1469216629464595,0.02158597504295305,0.9730726697571186,0.08515169487504035,0.007250811140091971,0.9730412806367745,0.08525095598907659,0.007267725497051474,0.9566419681480282,0.13711013551435938,0.018799189260765996,0.688435491873477,0.1377171368562769,0.0189660097838905,0.6881013094671463,0.13779222232714639,0.018986696533853736,0.5241257605776163,0.1364215357337046,0.01861083541194244,0.665631668359844,0.15260469000830687,0.023288191412531432,0.6652650662598868,0.152695131121801,0.023315803068303997,0.48187483608330384,0.15713621639699835,0.024691790503564293,0.982286866359447,0.02777922483730869,0.0007716853325617479,0.9895791821119666,0.020417347455200897,0.00041686807710639856,0.00016283227541855367,0.0004960540115783626,2.4606958240298635e-07,7.8378413438797,6.446835309086335,41.561685502482305
0.0,0.25,0.75,1.0,0.2904449709102794,0.013606687064993283,0.0001851419328846555,0.28764982135874745,0.012261481911849682,0.00015034393867461695,0.9024889500922594,0.19297273530985248,0.03723847657296638,0.9023750579929313,0.19318948141429987,0.03732217572912611,0.8926009629179266,0.22013634231586648,0.048460009208208345,0.9427779017129726,0.12063477538735073,0.014552749032756563,0.9427103012912363,0.12077728958966688,0.014587153680626257,0.9063131341509731,0.1975092552837133,0.039009905922727024,0.7166022766891279,0.015869334124641025,0.0002518357655594961,0.7162985559854445,0.015835995329871854,0.0002507787480877232,0.5993955686608352,0.0731388385780851,0.005349289708551189,0.7711116068518903,0.12063477538735073,0.014552749032756563,0.7708412051649456,0.12077728958966688,0.014587153680626257,0.625252536603892,0.1975092552837133,0.039009905922727024,0.9253229132747205,0.13844046343224206,0.01916576191533395,0.9548819277108433,0.08035995229912218,0.006457721933517194,0.004616516806375882,0.00968181043721157,9.37374533420989e-05,5.789623522758484,2.67153692563129,7.137109545011484
0.0,0.25,1.0,0.0,0.28962113042404614,0.009397092554041236,8.830534846921724e-05,0.28787655707493437,0.00808467852406828,6.536202683753087e-05,0.7852273676854039,0.22032072510055206,0.04854122190883303,0.7849812342440219,0.2205687634078991,0.04865057939128977,0.7472138873183002,0.26333771255988087,0.06934675085627043,0.8619959109843283,0.14559894496367448,0.021199052774535113,0.8618341432015602,0.14576968286006653,0.02124880044112437,0.7762390385950576,0.2362078747781797,0.05579416010722422,0.6058450578801703,0.1927733503697242,0.03716156461276845,0.6054880055557593,0.19288519081823452,0.037204696836986746,0.49572598590246636,0.23103300986095612,0.053376251645412646,0.6263380862368335,0.295467925215025,0.08730129483087162,0.6259818845760597,0.2956903756360114,0.08743279824376554,0.4761800325892084,0.3572953132117025,0.1276599408430486,0.8286280256159774,0.1711597281743295,0.029295652548710367,0.8854680722891567,0.11336990361202247,0.012852735044999265,0.013867065101346313,0.014604968903566223,0.00021330511667413634,3.345740795135498,1.244170716858155,1.5479607726873355
0.0,0.25,1.0,0.25,0.2914886154154667,0.009873107470489738,9.747825112384027e-05,0.289046351298985,0.008577941226923527,7.358107569255431e-05,0.8672104962996062,0.20420637477471348,0.04170024349863074,0.8670566867652638,0.20443621170206427,0.04179416465509124,0.8472387266456213,0.24115845252128587,0.0581573992224613,0.9192180092713557,0.13007136243955186,0.01691855932688126,0.9191238419103236,0.13022298629576412,0.01695802615978677,0.8699259044440847,0.20943919151340162,0.043864774941787324,0.5894844979637317,0.22079207682437027,0.048749141188418624,0.5890934620735055,0.220911214570095,0.04880176472283455,0.4429003804990944,0.19743247383618368,0.038979581725075346,0.569115987949806,0.23310751445611244,0.05433911329590667,0.5686921858672962,0.23324566553895348,0.05440354049270935,0.38249316674018147,0.24002953535273533,0.057614177841650016,0.894296103332248,0.15569356072147883,0.024240484850132818,0.9292030120481927,0.10272290974241632,0.01055199618594861,0.008126379006307433,0.01304601991728007,0.0001701986356820683,6.939291930198669,2.6462029464450327,7.002390033774372
0.0,0.25,1.0,0.5,0.2963987353266981,6.186520821097799e-05,3.8273039869876584e-09,0.2929088957671012,6.521204660922126e-05,4.252611022963246e-09,0.993802871892434,0.0,0.0,0.993791539014684,1.5700924586837752e-16,2.465190328815662e-32,0.9970015588267456,0.0,0.0,1.0,0.0,0.0,1.0,0.0,0.0,1.0,0.0,0.0,0.7241297628067429,1.0467283057891834e-16,1.0956401461402941e-32,0.7238102281241721,1.0467283057891834e-16,1.0956401461402941e-32,0.5647027713619143,0.0,0.0,0.7138895085648629,7.401486830834377e-17,5.4782007307014706e-33,0.7135515064561819,8.275113844157577e-17,6.847750913376839e-33,0.531565670754865,0.0,0.0,0.990990990990991,0.0,0.0,0.993,0.0,0.0,2.4030878039002978e-05,1.3644447903828257e-19,1.861709586002833e-38,5.911742806434631,3.9901467836695628,15.921271355228555
0.0,0.25,1.0,0.75,0.29080628400818853,0.012764101673533586,0.0001629222915323029,0.2880134423545882,0.011424522446959262,0.00013051971314107606,0.9034042827275066,0.1910193115904995,0.03648837740050834,0.903291474865112,0.19123374463534848,0.03657034508725767,0.8936563483906174,0.21790441114194403,0.04748233239511738,0.9461453395142371,0.11353559316672043,0.012890330915719055,0.9460825612735491,0.11366794131876878,0.012920400883647064,0.9132839362960563,0.18281351401914583,0.033420780908028434,0.6318480864457965,0.19799993261233026,0.03920397331448732,0.6314794279998345,0.19810693636163945,0.039246358234594665,0.4850833247616782,0.16915920360809636,0.028614836165325397,0.617373828154825,0.20347292001107578,0.04140122917783365,0.6169786260635914,0.20359350816240138,0.04145031656587379,0.4321840014117426,0.2095149551959978,0.04389651645078097,0.9277325518289373,0.1333604993195218,0.017785022778752175,0.9556843373493976,0.07866832424958636,0.006188705240238057,0.004341715842750262,0.009102479138367542,8.28551264644163e-05,4.942995810508728,1.7850195164394154,3.1862946740696043
0.0,0.25,1.0,1.0,0.29599692370813996,0.00011721462362609348,1.3739267991806752e-08,0.29237951876977947,0.00012181087199974414,1.483788853733805e-08,0.9888676560885952,0.0,0.0,0.9888472981154768,0.0,0.0,0.9940121084175957,0.0,0.0,1.0,0.0,0.0,1.0,0.0,0.0,1.0,0.0,0.0,0.7178732578992594,0.0,0.0,0.7175464781556755,0.0,0.0,0.5621468405803686,0.0,0.0,0.7138895085648629,7.401486830834377e-17,5.4782007307014706e-33,0.7135515064561819,7.401486830834377e-17,5.4782007307014706e-33,0.531565670754865,0.0,0.0,0.990990990990991,0.0,0.0,0.991991919774908,0.0,0.0,2.405744522513461e-05,0.0,0.0,5.131341743469238,1.88427352147861,3.5504867037454013
0.0,0.5,0.0,0.0,0.30628023779343155,0.01525416970391629,0.00023268969335587758,0.30392346445467106,0.01688042390151242,0.00028494871109475175,0.9200042907965317,0.1288065293442833,0.016591122001719718,0.9199117331741089,0.12895556325777432,0.016629537295129837,0.8710677500178035,0.20760416196239137,0.04309948806410682,0.9175342903707234,0.1328614581118632,0.017652167051610382,0.9174377119191673,0.13301709800837552,0.01769354836256978,0.8664405033715429,0.21526033712027012,0.04633701273713234,0.6666931357244485,0.22441633191373728,0.0503626900296167,0.6663608845091049,0.22457098334129963,0.05043212655887828,0.5161551008824203,0.25960558162969877,0.06739505801329419,0.6459848772983386,0.23605852666128235,0.055723628009495346,0.6456234754179733,0.23622649837539964,0.05580295853470269,0.47902743433625616,0.27601607602675143,0.07618487422520544,0.9915178571428571,0.0014117310982894892,1.9929846938776478e-06,0.9962325420587398,0.0006224240695388158,3.874117223412606e-07,5.2938616500430986e-06,1.4831208197196035e-06,2.1996473658857483e-12,2.5663111925125124,0.6499854424735722,0.4224810754275654
0.0,0.5,0.0,0.25,0.31592213482097253,0.016452599429784918,0.000270688027996959,0.3145754071988237,0.018191132334280484,0.00033091729560330487,0.8393956088799636,0.13822764986297076,0.019106883186640042,0.8392096328357243,0.13838771486489732,0.01915115962552812,0.7408035921355741,0.22308483971444046,0.04976684571041759,0.8300174240395499,0.14638739193041353,0.0214292685161885,0.8298170338648656,0.14656001145249728,0.02147983695695613,0.7224248035254608,0.2391339930540028,0.057185066633951856,0.8199458415824129,0.23424116900937555,0.05486892525887884,0.8197641940599603,0.23444249523258115,0.05496328357087883,0.7364408523441738,0.31141296106048477,0.09697803231645902,0.8086869140774124,0.24772576678265404,0.0613680555280539,0.8084893130317956,0.24794485425790583,0.06147665075297416,0.7160920007058713,0.33392811013757373,0.11150798274005155,0.9933035714285715,0.0023528851638158093,5.536068594104547e-06,0.9970198531508412,0.0010373734492313302,1.0761436731701072e-06,3.504114646149807e-06,2.403096255014138e-06,5.7748716108629746e-12,4.258928203582764,1.9858142277631554,3.9434581471865773
0.0,0.5,0.0,0.5,0.3062802377934316,0.01525416970391628,0.00023268969335587728,0.30392346445467106,0.016880423901512415,0.00028494871109475164,0.9200042907965317,0.12880652934428333,0.01659112200171972,0.9199117331741089,0.1289555632577743,0.01662953729512983,0.8710677500178035,0.20760416196239137,0.04309948806410682,0.9175342903707234,0.13286145811186323,0.01765216705161039,0.9174377119191673,0.13301709800837555,0.017693548362569787,0.8664405033715429,0.21526033712027012,0.04633701273713234,0.6666931357244485,0.22441633191373728,0.0503626900296167,0.6663608845091049,0.22457098334129963,0.05043212655887827,0.5161551008824203,0.25960558162969877,0.06739505801329418,0.6459848772983386,0.23605852666128238,0.05572362800949536,0.6456234754179733,0.23622649837539966,0.055802958534702705,0.47902743433625616,0.27601607602675143,0.07618487422520542,0.9915178571428571,0.0014117310982894892,1.9929846938776478e-06,0.9962325420587398,0.0006224240695388158,3.874117223412606e-07,5.2938616500430986e-06,1.4831208197196035e-06,2.1996473658857487e-12,4.071064376831055,2.100019184134246,4.4100805737318645
0.0,0.5,0.0,0.75,0.3032010559173048,0.01029570753020972,0.00010600159354761713,0.30084428257854423,0.011922000328810377,0.00014213409184015474,0.9031516993921981,0.15594057903731826,0.024317464190494104,0.9030402627887535,0.15612000901552178,0.0243734572150066,0.8658666454572828,0.21597521943430173,0.04664529540969478,0.9192180092713557,0.13007136243955184,0.016918559326881258,0.9191238419103236,0.13022298629576412,0.016958026159786768,0.8699259044440847,0.20943919151340162,0.04386477494178732,0.5975273733394563,0.2164981110111357,0.04687143207139004,0.5971417027234717,0.21661924655535056,0.04692389797820776,0.43159422754679566,0.21845236888599096,0.04772143747190107,0.569115987949806,0.23310751445611247,0.05433911329590668,0.5686921858672962,0.2332456655389534,0.05440354049270932,0.3824931667401814,0.24002953535273533,0.057614177841650016,0.9622983870967742,0.046328998238105684,0.0021463760777463993,0.976783870967742,0.030998412731038563,0.0009609015918438137,0.0005112574201388461,0.0008135961218701871,6.619386495222084e-07,3.8401584148406984,1.750254461736812,3.063390680829618
0.0,0.5,0.0,1.0,0.2943813030672275,0.004218492236299555,1.7795676747719622e-05,0.2915858877560609,0.0027452718464778176,7.536517511063725e-06,0.9118440757473589,0.1727843134025768,0.02985441895799988,0.9117404506700911,0.1729788824430721,0.029921693771254157,0.8970718307228079,0.21067036451318819,0.04438200248411958,0.9427779017129726,0.12063477538735072,0.01455274903275656,0.9427103012912366,0.1207772895896669,0.01458715368062626,0.9063131341509731,0.1975092552837133,0.039009905922727024,0.7251325074550226,0.002113971333405359,4.468874798459631e-06,0.7248351337356054,0.0021606907458776676,4.668584499321392e-06,0.6091793836571042,0.0937649316406996,0.008791862405585068,0.7711116068518903,0.12063477538735072,0.01455274903275656,0.7708412051649456,0.12077728958966691,0.014587153680626262,0.625252536603892,0.1975092552837133,0.039009905922727024,0.9253229132747205,0.13844046343224206,0.01916576191533395,0.9492650602409638,0.0922013486458732,0.008501088692117863,0.005764716973077883,0.012102428928253797,0.00014646878596343436,4.602760243415832,0.9920121007251518,0.9840880079851286
0.0,0.5,0.25,0.0,0.3156972893972326,0.016259093883141288,0.00026435813390080247,0.3143505617750838,0.017997624851651444,0.0003239145003007817,0.8402129058307635,0.13752423979732895,0.018912916531833232,0.8400280775190488,0.1376833170019542,0.018956695780660608,0.7425794693356178,0.2215564361959106,0.0490872544198326,0.8367522996420792,0.140594631473435,0.019766850399151006,0.8365615538294909,0.1407589576544844,0.019813084159976936,0.7363664078156276,0.2271474006438402,0.05159594161925326,0.5285524488660285,0.28247716234758674,0.07979334724794487,0.528140912526753,0.2826683340282033,0.07990138706227992,0.374578600826034,0.32137283563833374,0.10328049948622346,0.5012113566832819,0.2970126860474666,0.08821653567313098,0.5007641548290873,0.29722014339243846,0.08833981363822169,0.3299549303215725,0.34116651838670436,0.11639459326810549,0.9915178571428571,0.0014117310982895022,1.992984693877684e-06,0.9962325420587398,0.0006224240695388178,3.8741172234126317e-07,4.9939615001484566e-06,1.4088056467102125e-06,1.98473335020258e-12,3.3864990711212157,1.4126816285620247,1.9956693836766541
0.0,0.5,0.25,0.25,0.3094754663506336,0.016356025499880123,0.0002675195701527288,0.3074553749174103,0.018094540258207486,0.00032741238715589145,0.893202838236909,0.137876225188145,0.01900985347213207,0.8930792367849243,0.13803579675437536,0.01905388118561522,0.8277943538237306,0.22232145882801035,0.049426831055414705,0.8889232412272097,0.14350926645484308,0.020594909558407145,0.8887928625647856,0.1436777701365602,0.02064330163141423,0.8195970704470295,0.23318877830182003,0.054377006325895365,0.6934945882840713,0.2478600429356316,0.06143460088405314,0.6931933808982895,0.24804534338875125,0.061526492376843524,0.5594284970764932,0.30172158108667013,0.09103591249344005,0.6745959264418524,0.26120285835354573,0.06822693321206247,0.6742683247723551,0.2614042966239334,0.06833220629345335,0.5258708672607696,0.3218648687870253,0.10359699375928902,0.9919642857142857,0.001882308131052664,3.543083900226973e-06,0.996429369831765,0.000829898759385072,6.887319508288816e-07,4.821433219911889e-06,1.93019702634397e-06,3.725660560507105e-12,4.988273739814758,3.5449280808048282,12.566515098078604
0.0,0.5,0.25,0.5,0.3062802377934316,0.015254169703916281,0.00023268969335587733,0.30392346445467106,0.01688042390151242,0.0002849487110947517,0.9200042907965317,0.12880652934428327,0.01659112200171971,0.9199117331741089,0.1289555632577743,0.01662953729512983,0.8710677500178035,0.20760416196239134,0.043099488064106815,0.9175342903707234,0.13286145811186323,0.017652167051610386,0.9174377119191673,0.13301709800837555,0.017693548362569787,0.8664405033715429,0.21526033712027012,0.04633701273713234,0.6666931357244485,0.22441633191373725,0.050362690029616686,0.6663608845091049,0.22457098334129966,0.050432126558878285,0.5161551008824203,0.25960558162969877,0.06739505801329418,0.6459848772983386,0.23605852666128235,0.055723628009495346,0.6456234754179733,0.2362264983753997,0.05580295853470271,0.47902743433625616,0.27601607602675143,0.07618487422520542,0.9915178571428571,0.0014117310982894875,1.9929846938776427e-06,0.9962325420587398,0.0006224240695388276,3.874117223412753e-07,5.2938616500430986e-06,1.4831208197196035e-06,2.1996473658857483e-12,4.5110496282577515,1.7706214752862623,3.1351004087449
0.0,0.5,0.25,0.75,0.30325398255726943,0.010380668645322493,0.0001077582815239815,0.3008972092185088,0.012006996757577262,0.00014416797113647089,0.9016221707936516,0.15840335405571931,0.02509162257610157,0.9015088482101155,0.15858582075037203,0.025149462543069125,0.8642302014591239,0.21861014460111966,0.04779039532252245,0.914166852569459,0.13820449741413263,0.01910048310549299,0.9140654519368546,0.1383677679440626,0.01914563920582196,0.8594697012264595,0.22627527819799317,0.05120050152357921,0.7826814272923288,0.0816282392016823,0.006663169435167062,0.7824408061181259,0.08174065544721017,0.0066815347529395296,0.6803193510076471,0.1820331278155289,0.03313605962230469,0.799722655995404,0.13820449741413265,0.019100483105492998,0.7994860545193274,0.13836776794406264,0.01914563920582197,0.6720959695284054,0.22627527819799317,0.05120050152357921,0.9598790322580646,0.050224529621489926,0.002522503375699919,0.974366935483871,0.03489004858303946,0.0012173154901268534,0.0006433011161083562,0.0010262066713427945,1.053100132308458e-06,5.672796392440796,1.7456548069455415,3.0473107050120762
0.0,0.5,0.25,1.0,0.2912864287710188,0.010193526595899576,0.00010390798446131198,0.28884100511297167,0.008881098871011985,7.887391715669035e-05,0.8669192491959654,0.2046515951108085,0.0418822753813983,0.8667650717290387,0.20488199450889322,0.04197663167394215,0.8468449101423031,0.2417883251149743,0.058461594161904516,0.9175342903707234,0.13286145811186323,0.017652167051610386,0.9174377119191673,0.13301709800837552,0.017693548362569783,0.8664405033715429,0.21526033712027012,0.04633701273713234,0.6293557953564557,0.20452582556646176,0.041830813323642746,0.6289954306208951,0.20464463848982317,0.04187942806263041,0.5026923588014487,0.20264992681770266,0.041066992839220245,0.6459848772983386,0.23605852666128233,0.05572362800949534,0.6456234754179733,0.23622649837539964,0.05580295853470269,0.47902743433625616,0.27601607602675143,0.07618487422520542,0.8936936936936937,0.15667211146207963,0.024546150509986306,0.9286012048192772,0.10370484681683087,0.010754695253302356,0.008295939344404053,0.013327030481062572,0.00017760974144317087,6.912481951713562,4.3842240250722915,19.221420302021087
0.0,0.5,0.5,0.0,0.2999459920349626,0.009926443970451003,9.853428989850306e-05,0.2969158548851276,0.010991125638914252,0.00012080484281039823,0.9734028716780772,0.08410750471704803,0.0070740723497282575,0.9733721147816468,0.08420476656352655,0.007090442712017999,0.9571705731059381,0.13543853986490667,0.018343598080737916,0.9730726697571186,0.0851516948750403,0.007250811140091965,0.9730412806367745,0.0852509559890766,0.007267725497051476,0.9566419681480282,0.1371101355143594,0.018799189260766,0.6859385787842991,0.14561306933756574,0.02120316596190673,0.6856017121140379,0.14569664319629708,0.021227511838669097,0.5200738713738098,0.14923473444437935,0.022271005964684426,0.6656316683598439,0.15260469000830684,0.023288191412531425,0.6652650662598867,0.15269513112180103,0.023315803068304004,0.48187483608330384,0.15713621639699835,0.024691790503564293,0.9910714285714286,0.0,0.0,0.9960357142857144,0.0,0.0,5.866256796805856e-06,3.1612251476432533e-07,9.993344434092108e-14,3.745323920249939,1.6009768062925926,2.56312673428683
0.0,0.5,0.5,0.25,0.32203153515570165,0.013296491041192992,0.00017679667400852548,0.32135817134462724,0.01471587555586511,0.00021655699337570826,0.786814324949218,0.1123618125997247,0.012625176930695653,0.786567695911511,0.11249180263022995,0.01265440565899861,0.6564766462474831,0.18106177667192452,0.03278336697159387,0.781213920255684,0.11551508228854673,0.013343734236129723,0.7809579851118837,0.11565031866587977,0.01337499620751954,0.6461649430391423,0.1870295050792506,0.03498003577018942,0.5093070058061778,0.31972149787064624,0.10222183620064966,0.5089000849218202,0.31995841640482064,0.10237338822828058,0.3706598303346446,0.3835850930304068,0.1471375235951458,0.48156456562177663,0.33685821617399186,0.11347345780392382,0.4811225639871739,0.3371154648934053,0.11364683667029679,0.3271075285745248,0.40856626727648676,0.1669263947562416,0.9919642857142857,0.0018823081310526408,3.543083900226886e-06,0.996429369831765,0.0008298987593850814,6.887319508288973e-07,4.421566353385699e-06,1.7247889905954412e-06,2.974897062079241e-12,5.785425090789795,2.4503563037245577,6.0042460152026775
0.0,0.5,0.5,0.5,0.30319743194809956,0.013472266514095818,0.00018150196502682747,0.30050397670380186,0.014891842072046888,0.00022176696029878578,0.9463970948807546,0.11300484625247685,0.01277009527654593,0.9463350072216311,0.11313573853075572,0.012799695332899524,0.9134532076118542,0.18245665875217573,0.03329043232300791,0.9427779017129726,0.12063477538735072,0.01455274903275656,0.9427103012912366,0.12077728958966688,0.014587153680626257,0.9063131341509731,0.1975092552837133,0.039009905922727024,0.785588379523018,0.11300484625247688,0.012770095276545938,0.7853400288865242,0.11313573853075572,0.012799695332899524,0.6538128304474176,0.18245665875217573,0.03329043232300791,0.7711116068518903,0.12063477538735075,0.014552749032756567,0.7708412051649456,0.12077728958966691,0.014587153680626262,0.625252536603892,0.1975092552837133,0.039009905922727024,0.9919642857142857,0.0018823081310526569,3.543083900226946e-06,0.996429369831765,0.0008298987593850794,6.887319508288939e-07,5.021366653174984e-06,1.9919331608431234e-06,3.9677977172664764e-12,7.152175784111023,3.7078360867635136,13.748048446305766
0.0,0.5,0.5,0.75,0.3031695129909209,0.010245585447679657,0.00010497202116570517,0.3008127396521603,0.011871786744517115,0.00014093932050729228,0.902641856526016,0.15676764535318335,0.024576094629581473,0.9025297912625408,0.15694809564623888,0.024632704726980946,0.8653211641245632,0.21685860970365586,0.047027656602602545,0.9175342903707234,0.13286145811186323,0.01765216705161039,0.9174377119191673,0.13301709800837555,0.017693548362569787,0.8664405033715429,0.21526033712027012,0.04633701273713234,0.6592453913237472,0.2047764026151523,0.041933375068002945,0.6589080705216898,0.2049091061226254,0.041987741771973355,0.5145026020337461,0.2411114944722298,0.058134752766632096,0.6459848772983386,0.23605852666128235,0.055723628009495346,0.6456234754179733,0.23622649837539966,0.055802958534702705,0.47902743433625616,0.27601607602675143,0.07618487422520542,0.961491935483871,0.0476780567716163,0.0022731970975174674,0.9759782258064517,0.032369974606041005,0.0010478152559957395,0.0005552719854620162,0.0008925418093705674,7.966308814744862e-07,8.716476821899414,3.7101523592825068,13.765230529089552
0.0,0.5,0.5,1.0,0.2921735061222354,0.010407046269569835,0.00010830661205696741,0.2893780908110689,0.009183275182533666,8.433254307813875e-05,0.9074750749094533,0.18236946901155332,0.033258623227555906,0.9073665211671645,0.18257486366665923,0.0333335808428992,0.8962798956270402,0.21237293913558064,0.04510226527708504,0.9444616206136048,0.11715242154347649,0.013724689873500416,0.9443964312823928,0.11728996636195686,0.013756936209188973,0.9097985352235147,0.1903387538471473,0.036228841216084925,0.6848686519392653,0.12592603477686734,0.015857366234624803,0.6845403048699401,0.12599326990905937,0.015874304062377085,0.5491232782579634,0.14531407135377053,0.02111617933340871,0.6942427175033576,0.1858557276325512,0.034542351493825056,0.6939099156142685,0.18599666939328405,0.034594761025394605,0.5287182690078174,0.22761262142408428,0.051807505431543506,0.9259253229132748,0.13717782107931337,0.01881775459606811,0.9498668674698795,0.09094369043624753,0.00827075483016402,0.0055951566349812425,0.011751762153440752,0.00013810391371104242,7.81498532295227,4.523791321235259,20.46468791808345
0.0,0.5,0.75,0.0,0.30101547798277895,0.008873336701032278,7.873610420988638e-05,0.29832202273848124,0.010292769783377087,0.00010594110981360041,0.9349246233952833,0.13719620281319683,0.018822798066359836,0.9348497036662897,0.137354154390015,0.018866163728196078,0.910032282305469,0.18967296022971603,0.03597583184230344,0.9444616206136048,0.11715242154347649,0.013724689873500416,0.9443964312823928,0.11728996636195684,0.013756936209188967,0.9097985352235147,0.1903387538471473,0.036228841216084925,0.7040647583451858,0.15692827186840316,0.02462648251160346,0.703752514983251,0.1570353452740521,0.02466009966534076,0.5597265388712381,0.19606226049783138,0.038440409991519486,0.6942427175033576,0.1858557276325512,0.034542351493825056,0.6939099156142685,0.185996669393284,0.03459476102539459,0.5287182690078174,0.22761262142408425,0.0518075054315435,0.9710829493087558,0.042182263702453295,0.0017793433710633088,0.9823955069124425,0.028818712080348,0.0008305181659699957,0.00038684158658687995,0.0008096299419338612,6.555006428758274e-07,4.594794893264771,2.366782740868094,5.601660542471088
0.0,0.5,0.75,0.25,0.3031794812205376,0.010262891893976233,0.00010532695002744308,0.3008227078817771,0.011888921554106044,0.00014134645571968729,0.902641856526016,0.15676764535318338,0.024576094629581477,0.9025297912625408,0.15694809564623885,0.024632704726980936,0.8653211641245632,0.2168586097036558,0.047027656602602524,0.9175342903707234,0.1328614581118632,0.01765216705161038,0.9174377119191673,0.1330170980083755,0.017693548362569773,0.8664405033715429,0.21526033712027015,0.04633701273713236,0.6592453913237472,0.2047764026151523,0.041933375068002945,0.6589080705216898,0.20490910612262542,0.04198774177197336,0.5145026020337461,0.2411114944722298,0.058134752766632096,0.6459848772983386,0.23605852666128235,0.055723628009495346,0.6456234754179733,0.23622649837539966,0.055802958534702705,0.47902743433625616,0.27601607602675143,0.07618487422520544,0.961491935483871,0.04767805677161634,0.0022731970975174705,0.9759782258064517,0.03236997460604099,0.0010478152559957386,0.0005552719854620162,0.0008925418093705674,7.966308814744862e-07,7.1991605997085575,2.36716148700663,5.60345350556744
0.0,0.5,0.75,0.5,0.301066960624805,0.00898084958982854,8.065565935512344e-05,0.2983735053805072,0.010400423647742258,0.00010816881205251637,0.9349246233952833,0.13719620281319683,0.018822798066359836,0.9348497036662897,0.137354154390015,0.018866163728196075,0.910032282305469,0.18967296022971608,0.035975831842303456,0.9444616206136048,0.1171524215434765,0.01372468987350042,0.9443964312823928,0.11728996636195686,0.013756936209188973,0.9097985352235147,0.1903387538471473,0.036228841216084925,0.7040647583451858,0.1569282718684032,0.024626482511603466,0.703752514983251,0.1570353452740521,0.02466009966534076,0.5597265388712381,0.19606226049783135,0.03844040999151948,0.6942427175033576,0.18585572763255123,0.03454235149382506,0.6939099156142685,0.18599666939328405,0.034594761025394605,0.5287182690078174,0.22761262142408428,0.051807505431543506,0.9710829493087558,0.04218226370245327,0.0017793433710633062,0.9823955069124425,0.02881871208034801,0.0008305181659699962,0.00038684158658687995,0.0008096299419338612,6.555006428758274e-07,9.429637503623962,6.535502451595548,42.712792294811415
0.0,0.5,0.75,0.75,0.29910867185236034,0.004852825365657949,2.3549914029573208e-05,0.2964152166080626,0.006272305417582289,3.9341815251432126e-05,0.9276444287115865,0.15254655800902098,0.023270452360399603,0.9275615236339135,0.15272134664450748,0.023323809720911814,0.9064529077939133,0.19722010033561424,0.03889576797638975,0.9444616206136048,0.1171524215434765,0.01372468987350042,0.9443964312823928,0.11728996636195684,0.013756936209188966,0.9097985352235147,0.1903387538471473,0.036228841216084925,0.6985601007339922,0.14481340954142155,0.02097092358301148,0.6982439628515661,0.14490531027586845,0.020997548946145708,0.556401263258181,0.17922633987129674,0.03212208090366157,0.6942427175033575,0.18585572763255118,0.03454235149382504,0.6939099156142685,0.185996669393284,0.03459476102539459,0.5287182690078174,0.22761262142408428,0.051807505431543506,0.9718894009216591,0.040617566302513716,0.0016497866923390978,0.981970392070342,0.029776419586635208,0.0008866351633993528,0.0003768710623677599,0.000793463018885017,6.295835623381249e-07,6.515824174880981,2.8964621690437933,8.389493096701877
0.0,0.5,0.75,1.0,0.2924768144916037,0.012425957305232624,0.000154404414951464,0.2893324705658562,0.011321165092123593,0.0001281687790431178,0.9458011654477037,0.15179472394013094,0.023041638216060558,0.9457359225233202,0.15196520247625908,0.02309342276365042,0.944501684198741,0.16601918069777924,0.027562368359561877,0.9730726697571186,0.08515169487504033,0.0072508111400919695,0.9730412806367745,0.08525095598907657,0.007267725497051472,0.9566419681480282,0.13711013551435938,0.018799189260765996,0.6697759636194729,0.1718818049151818,0.02954335486090061,0.6694255714926677,0.17197938472173444,0.029576908769266348,0.5201567829617763,0.14086678396787605,0.01984345082545226,0.665631668359844,0.15260469000830684,0.02328819141253143,0.6652650662598868,0.152695131121801,0.023315803068304,0.48187483608330384,0.15713621639699835,0.024691790503564293,0.9593617714099641,0.10002037448964135,0.010004075313048099,0.9743421686746988,0.05900124318718977,0.0034811466976339073,0.0021828733603946326,0.006826859353775656,4.6606008636234164e-05,8.27985897064209,4.3082484384050925,18.56100460701992
0.0,0.5,1.0,0.0,0.2933887931790677,0.009441858062099413,8.91486836648317e-05,0.29024675971109565,0.008337882189866279,6.952027941208928e-05,0.9482645490942694,0.14400482086617225,0.02073738843269836,0.9482018886798436,0.1441671327887536,0.020784162176530115,0.9458777090225023,0.16166780813776205,0.026136480188068245,0.9713889508564864,0.09047608154051305,0.008185921330925565,0.9713551506456183,0.09058296719225019,0.008205273945352273,0.9531565670754866,0.14813194146278497,0.021943072081533954,0.7246311351308827,0.001585478500053997,2.5137420741334726e-06,0.7243226809298887,0.0016205180594082492,2.6260787808682776e-06,0.5869410775095092,0.0703236987305247,0.0049454226031416006,0.7425005577083765,0.09047608154051305,0.008185921330925565,0.7421963558105638,0.09058296719225019,0.008205273945352275,0.5784091036793786,0.14813194146278497,0.021943072081533954,0.9581569521328557,0.10383034757418154,0.010780741077375347,0.971132530120482,0.06915101148440489,0.004781862389316297,0.0028943739255584424,0.009076821696190349,8.238869210443184e-05,4.99378011226654,2.249818060720742,5.06168130634524
0.0,0.5,1.0,0.25,0.29146300078576204,0.009858832243054812,9.719657319669716e-05,0.2890193509465334,0.008564279884250738,7.334688993578183e-05,0.8672104962996062,0.20420637477471346,0.04170024349863073,0.8670566867652638,0.20443621170206427,0.04179416465509124,0.8472387266456213,0.24115845252128587,0.0581573992224613,0.9192180092713557,0.13007136243955186,0.01691855932688126,0.9191238419103236,0.13022298629576412,0.016958026159786768,0.8699259044440847,0.20943919151340162,0.043864774941787324,0.5894844979637317,0.22079207682437024,0.04874914118841862,0.5890934620735055,0.220911214570095,0.04880176472283455,0.4429003804990944,0.19743247383618368,0.038979581725075346,0.569115987949806,0.23310751445611244,0.054339113295906676,0.5686921858672962,0.2332456655389535,0.05440354049270936,0.38249316674018147,0.24002953535273533,0.057614177841650016,0.894296103332248,0.15569356072147883,0.024240484850132818,0.9292030120481927,0.1027229097424163,0.010551996185948605,0.008126379006307433,0.01304601991728007,0.0001701986356820683,6.275832533836365,3.674684656298733,13.503307323237339
0.0,0.5,1.0,0.5,0.28930332415041915,0.012819341943790752,0.00016433552787183285,0.2868596743111905,0.011347161819608476,0.00012875808136038035,0.8626759040431067,0.21149487553564614,0.04473008237783845,0.862516944779369,0.21173298942343327,0.044830858810183706,0.8461748521167305,0.24287133064968933,0.058986483251550724,0.9192180092713557,0.13007136243955186,0.01691855932688126,0.9191238419103236,0.13022298629576412,0.01695802615978677,0.8699259044440847,0.20943919151340162,0.043864774941787324,0.5741266826955728,0.2451180502413184,0.060082858554105494,0.5737238242026852,0.24525573641510323,0.060150376244514595,0.4345513873909123,0.21079197483263992,0.0444332566538443,0.569115987949806,0.23310751445611244,0.054339113295906676,0.5686921858672962,0.23324566553895348,0.05440354049270935,0.3824931667401814,0.24002953535273536,0.05761417784165003,0.894296103332248,0.15569356072147883,0.024240484850132814,0.9292030120481927,0.1027229097424163,0.010551996185948605,0.008126379006307433,0.01304601991728007,0.0001701986356820683,7.611700892448425,4.760456976209862,22.661950622345145
0.0,0.5,1.0,0.75,0.2889890076439781,0.013133196034925191,0.00017248083809177475,0.28654605066612293,0.011623558120491893,0.00013510710338045302,0.8603386029663245,0.21543544881495366,0.04641243260610052,0.8601774251788988,0.21567733852610452,0.046516714353703886,0.8418599614348621,0.24985706510704353,0.062428552983905386,0.9158505714700912,0.1355709223167501,0.018379474977814295,0.9157515819280111,0.13573044135803944,0.018422752711248182,0.8629551022990013,0.22086705261551115,0.04878225493106297,0.6782715115399801,0.11959566880024494,0.014303123995777881,0.6779492156874202,0.1196551184901908,0.0143173473809016,0.564037403745606,0.14344765390506556,0.020577229410867467,0.7228537666468713,0.2097079348666238,0.04397741794602413,0.7225547649686503,0.20988169232309645,0.04405032477240692,0.5755617019323308,0.27211575132502314,0.07404698211918184,0.8936936936936937,0.15669784585642715,0.024554214896044604,0.9362240963855422,0.09142441104603267,0.00835842293511394,0.006775359288731511,0.010877101755373358,0.00011831134259674618,8.00807557106018,4.5896792581287045,21.06515569249685
0.0,0.5,1.0,1.0,0.2879060954685747,0.02544061583337285,0.0006472249339812613,0.2846488134505708,0.02429613854755293,0.0005903023483218873,0.9330873737798597,0.17639274062279947,0.03111439894442221,0.933005102918505,0.17658852636614567,0.031183507644166927,0.9351736043792446,0.18606368687820454,0.03461969557471055,0.9713889508564864,0.09047608154051305,0.008185921330925565,0.9713551506456183,0.09058296719225019,0.008205273945352273,0.9531565670754866,0.14813194146278497,0.02194307208153395,0.7042408864561953,0.043109343669518935,0.0018584155116166921,0.7039150167968942,0.04310646573032286,0.0018581673877594994,0.5660528943212805,0.012352026484303027,0.0001525725582689234,0.7425005577083766,0.09047608154051305,0.008185921330925565,0.7421963558105638,0.09058296719225019,0.008205273945352275,0.5784091036793786,0.14813194146278497,0.02194307208153395,0.9581569521328557,0.10383034757418155,0.010780741077375349,0.9673043380610528,0.07806898813730562,0.006094766908782766,0.002804481385488131,0.008792472512091015,7.730757287587607e-05,8.684995889663696,4.476697391389173,20.040819534070632
0.0,0.75,0.0,0.0,0.3009450492445026,0.00872638508417383,7.614979663729153e-05,0.29825159400020484,0.010145602698705678,0.00010293325411998394,0.9346180141776117,0.1378507616967715,0.019002832500380082,0.9345427555078855,0.1380094372807961,0.019046604778561987,0.9098964302829504,0.18996179200251373,0.03608548242080629,0.9444616206136048,0.11715242154347649,0.013724689873500416,0.9443964312823928,0.11728996636195684,0.013756936209188966,0.9097985352235147,0.1903387538471473,0.036228841216084925,0.7035238102691844,0.15618164180800298,0.024392705237843346,0.7032111465424961,0.1562877501719577,0.024425860853812265,0.5593342647062296,0.19520981924244146,0.038106873528666665,0.6942427175033575,0.18585572763255123,0.03454235149382506,0.6939099156142685,0.18599666939328402,0.0345947610253946,0.5287182690078174,0.22761262142408428,0.051807505431543506,0.969657142857143,0.04518464009683239,0.002041651700680273,0.9817309714285715,0.030183339584684055,0.0009110339884843555,0.00042647050326637993,0.0008895394064947458,7.912803557070246e-07,3.697035074234009,1.3057701785482683,1.7050357591859764
0.0,0.75,0.0,0.25,0.30099097221884424,0.008826426519912542,7.790580511141542e-05,0.2982975169745465,0.010245200463677577,0.00010496413254093922,0.9346180141776117,0.13785076169677152,0.01900283250038009,0.9345427555078855,0.1380094372807961,0.019046604778561987,0.9098964302829504,0.1899617920025137,0.036085482420806274,0.9444616206136048,0.11715242154347646,0.01372468987350041,0.9443964312823928,0.11728996636195684,0.013756936209188966,0.9097985352235147,0.1903387538471473,0.036228841216084925,0.7035238102691844,0.15618164180800295,0.02439270523784334,0.7032111465424961,0.1562877501719577,0.02442586085381226,0.5593342647062296,0.19520981924244146,0.038106873528666665,0.6942427175033576,0.18585572763255118,0.03454235149382505,0.6939099156142685,0.18599666939328402,0.0345947610253946,0.5287182690078174,0.22761262142408425,0.0518075054315435,0.969657142857143,0.04518464009683238,0.0020416517006802723,0.9817309714285715,0.03018333958468407,0.0009110339884843562,0.00042647050326637993,0.0008895394064947458,7.912803557070247e-07,5.214408040046692,4.345587696383346,18.884132426958317
0.0,0.75,0.0,0.5,0.3073720864125703,0.011141006759270664,0.00012412203161011462,0.3056886768848842,0.012914871491290596,0.00016679390563655058,0.8369532614859562,0.17189220804565522,0.02954693118681082,0.8367655986120223,0.17209005360818447,0.029614986550867806,0.7750817423849952,0.23709771354223746,0.0562153257669569,0.8619959109843283,0.1455989449636745,0.02119905277453512,0.8618341432015602,0.14576968286006656,0.021248800441124385,0.7762390385950576,0.23620787477817964,0.05579416010722419,0.6302427791131575,0.24779736936045055,0.06140353626195955,0.6299028125152757,0.2479686182001791,0.061488435612106186,0.5061785545156952,0.30810994140579834,0.09493173599308449,0.6263380862368335,0.295467925215025,0.08730129483087162,0.6259818845760597,0.2956903756360114,0.08743279824376554,0.4761800325892084,0.3572953132117025,0.1276599408430486,0.9379357142857143,0.056086085941891024,0.003145649036281186,0.9605410571428571,0.037465505409183204,0.0014036640955655362,0.0010416434011915087,0.0010976155122715359,1.2047598127791062e-06,5.01440703868866,4.01823131486875,16.14618289979184
0.0,0.75,0.0,0.75,0.2979537313860453,0.0036263626271473308,1.3150505903570891e-05,0.2949235942362104,0.004691044295610677,2.2005896583381472e-05,0.9641456597506319,0.11338137919065278,0.01285533714717459,0.964104591699796,0.11351124777035775,0.012884803370383547,0.9535392907469623,0.1469216629464595,0.02158597504295305,0.9730726697571186,0.0851516948750403,0.007250811140091966,0.9730412806367745,0.08525095598907657,0.007267725497051472,0.9566419681480282,0.1371101355143594,0.018799189260766,0.688435491873477,0.1377171368562769,0.0189660097838905,0.6881013094671463,0.13779222232714636,0.018986696533853733,0.5241257605776163,0.13642153573370458,0.018610835411942438,0.665631668359844,0.1526046900083069,0.02328819141253144,0.6652650662598868,0.152695131121801,0.023315803068304,0.48187483608330384,0.15713621639699835,0.024691790503564293,0.9807642857142858,0.03259404759730693,0.0010623719387755097,0.9890247354497355,0.02217066174892917,0.0004915382423854311,0.00018907049471561367,0.0005790265463040544,3.3527174132480116e-07,5.211897015571594,2.951137084480865,8.709210091398221
0.0,0.75,0.0,1.0,0.29640237416826615,5.558315782172371e-05,3.0894874334346456e-09,0.2929085701086686,5.686689881801433e-05,3.233844181178279e-09,0.993802871892434,0.0,0.0,0.993791539014684,1.3343220141622404e-16,1.780415237477978e-32,0.9970015588267456,0.0,0.0,1.0,0.0,0.0,1.0,0.0,0.0,1.0,0.0,0.0,0.7241297628067429,1.0467283057891834e-16,1.0956401461402941e-32,0.7238102281241721,1.0467283057891834e-16,1.0956401461402941e-32,0.5647027713619143,0.0,0.0,0.7138895085648629,7.401486830834377e-17,5.4782007307014706e-33,0.7135515064561819,7.401486830834377e-17,5.4782007307014706e-33,0.531565670754865,0.0,0.0,0.990990990990991,0.0,0.0,0.993,0.0,0.0,2.4030878039002988e-05,5.145797773480234e-20,2.647923472555413e-39,6.238622617721558,3.557980564428474,12.659225696850761
0.0,0.75,0.25,0.0,0.30315075296086663,0.010221114655921175,0.00010447118480948663,0.3007939796221061,0.011846528298696429,0.00014034023273181532,0.9023352473083446,0.15727089074959322,0.024734133077170484,0.9022228431041366,0.1574518978553554,0.024791100138253273,0.8651853121020447,0.21708019069082118,0.04712380919036328,0.9175342903707234,0.1328614581118632,0.017652167051610382,0.9174377119191673,0.13301709800837555,0.017693548362569787,0.8664405033715429,0.21526033712027015,0.04633701273713235,0.6587044432477456,0.20407283044732077,0.04164572012678094,0.658366702080935,0.2042046847064404,0.04169955325605673,0.5141103278687374,0.24033683379161072,0.057761793676976314,0.6459848772983386,0.23605852666128233,0.05572362800949534,0.6456234754179733,0.23622649837539966,0.055802958534702705,0.47902743433625616,0.27601607602675143,0.07618487422520542,0.95935,0.05112273979169666,0.002613534523809525,0.9748458000000001,0.03414999018085338,0.0011662218293523824,0.0006211391214385662,0.0009941479792018148,9.88330204551052e-07,4.1138286113739015,1.019979063366556,1.0403572897061169
0.0,0.75,0.25,0.25,0.3031464595069733,0.010209941394367953,0.00010424290327642823,0.3007896861682128,0.011835939557295045,0.00014008946520394165,0.9023352473083444,0.1572708907495932,0.024734133077170477,0.9022228431041366,0.1574518978553554,0.02479110013825327,0.8651853121020447,0.21708019069082118,0.04712380919036328,0.9175342903707234,0.1328614581118632,0.017652167051610382,0.9174377119191673,0.13301709800837552,0.01769354836256978,0.8664405033715429,0.21526033712027012,0.04633701273713234,0.6587044432477456,0.20407283044732077,0.04164572012678093,0.658366702080935,0.20420468470644032,0.041699553256056704,0.5141103278687374,0.24033683379161072,0.057761793676976314,0.6459848772983386,0.23605852666128238,0.05572362800949536,0.6456234754179733,0.23622649837539966,0.055802958534702705,0.47902743433625616,0.27601607602675143,0.07618487422520542,0.95935,0.05112273979169663,0.002613534523809522,0.9748458000000001,0.034149990180853414,0.0011662218293523846,0.0006211391214385662,0.0009941479792018148,9.88330204551052e-07,5.623811340332031,2.5551256202261303,6.528666935135967
0.0,0.75,0.25,0.5,0.3011265363177403,0.009106435188478949,8.292716184196764e-05,0.2984330810734425,0.010526010746429872,0.00011079690223395713,0.9354344662614654,0.13611609663881044,0.018527591764185985,0.9353601751925023,0.1362727159639651,0.018570253116195506,0.9105777636381885,0.18851862691283527,0.03553927269310078,0.9461453395142371,0.11353559316672043,0.012890330915719055,0.9460825612735491,0.11366794131876878,0.012920400883647064,0.9132839362960563,0.18281351401914586,0.03342078090802844,0.642346740360895,0.18897504409971083,0.03571156729248765,0.6419861471850329,0.18908077987127545,0.035751541316729724,0.4768181643842877,0.19068086022142278,0.03635919045478177,0.617373828154825,0.20347292001107578,0.04140122917783364,0.6169786260635914,0.20359350816240135,0.04145031656587378,0.4321840014117426,0.2095149551959978,0.043896516450780965,0.9704571428571429,0.0434587301297426,0.001888661224489797,0.9822653714285714,0.029030431726668075,0.0008427659662367363,0.00039530345985781,0.0008207949631756704,6.737043715745502e-07,5.9161420345306395,2.8954145281353836,8.383425289737445
0.0,0.75,0.25,0.75,0.30015318487102416,0.005417636861132581,2.935078915910248e-05,0.29779641153226366,0.0070370982232080565,4.952075140307798e-05,0.8915638173104868,0.17461501383141564,0.030490403055345474,0.8914395989879587,0.17481504337414625,0.03056029938990463,0.8598675137308239,0.22564398106369543,0.05091520619027334,0.9175342903707234,0.1328614581118632,0.017652167051610382,0.9174377119191673,0.13301709800837555,0.01769354836256979,0.8664405033715429,0.21526033712027015,0.04633701273713236,0.6545789675188045,0.19113661075458263,0.036533203970748836,0.654238755527429,0.1912534219588521,0.03657787141097073,0.5128814152425074,0.2222048316804772,0.0493749872221492,0.6459848772983386,0.23605852666128235,0.055723628009495346,0.6456234754179733,0.23622649837539964,0.05580295853470269,0.47902743433625616,0.27601607602675143,0.07618487422520544,0.95935,0.051122739791696674,0.002613534523809527,0.9744242047758066,0.0348334467698848,0.0012133690138703978,0.0005849391471657462,0.0009357235201854095,8.755785062281745e-07,5.519477844238281,2.303665811111306,5.306876169283112
0.0,0.75,0.25,1.0,0.28847264173972,0.014146479519962665,0.00020012288280872313,0.28602721808167286,0.012641120344319145,0.00015979792355955938,0.859260230320826,0.21719894185361086,0.04717538034232823,0.8590978444007596,0.21744280521857065,0.04728137354132125,0.8409866073290366,0.25125763003276996,0.0631303966496843,0.914166852569459,0.13820449741413263,0.01910048310549299,0.9140654519368546,0.13836776794406264,0.01914563920582197,0.8594697012264595,0.2262752781979932,0.05120050152357922,0.7119779137080602,0.01956633593909486,0.0003828415020815152,0.7116814625104481,0.01952916799718914,0.00038138840266243646,0.6157128003833838,0.08213394982046368,0.006745985713110446,0.799722655995404,0.13820449741413263,0.019100483105492994,0.7994860545193274,0.13836776794406266,0.019145639205821977,0.6720959695284054,0.2262752781979932,0.05120050152357922,0.8924888744165852,0.1586034757307538,0.025155062513875812,0.9364246987951808,0.09109488936535345,0.008298278868485985,0.006788416887321352,0.010891696235240379,0.00011862904688074942,9.99452347755432,6.222564504470308,38.72030901229381
0.0,0.75,0.5,0.0,0.30512266454599357,0.01074061713306124,0.00011536085639900865,0.30310257311277033,0.012478523363043014,0.00015571354532201034,0.8684195762713698,0.16988594643972188,0.028861234797720053,0.8682680913311543,0.1700815325867818,0.028927727727068517,0.8191115272106627,0.23353429678087828,0.05453826777293934,0.8872395223265774,0.14565427028766992,0.021215166453033608,0.8871067325736292,0.1458258379136877,0.021265175003229116,0.8161116693744876,0.2376119323723035,0.05645943040570013,0.7362392160428856,0.17668834960060298,0.031218772884584897,0.7359722563343002,0.17682839531251227,0.03126828138879811,0.6339185916751291,0.2532689511343576,0.06414516160869763,0.751464815790385,0.2271417856078635,0.05159339076912862,0.7511996143230321,0.22733784178913316,0.05168249430934094,0.6224051348568442,0.3023412319986794,0.09141022056647927,0.9474428571428571,0.05637156855629083,0.003177753741496597,0.9668918285714285,0.037656207795602324,0.0014179899855455815,0.0008781418264278924,0.0011295627511662433,1.2759120088222524e-06,5.708533120155335,3.3686908938425537,11.348078338257743
0.0,0.75,0.5,0.25,0.3009909722188443,0.008826426519912504,7.790580511141475e-05,0.29829751697454654,0.01024520046367756,0.00010496413254093888,0.9346180141776117,0.1378507616967715,0.019002832500380082,0.9345427555078855,0.1380094372807961,0.019046604778561987,0.9098964302829504,0.1899617920025137,0.036085482420806274,0.9444616206136048,0.11715242154347649,0.013724689873500416,0.9443964312823928,0.11728996636195685,0.013756936209188969,0.9097985352235147,0.19033875384714727,0.03622884121608492,0.7035238102691844,0.15618164180800298,0.024392705237843346,0.7032111465424961,0.1562877501719577,0.024425860853812265,0.5593342647062296,0.19520981924244146,0.038106873528666665,0.6942427175033576,0.1858557276325512,0.034542351493825056,0.6939099156142685,0.18599666939328402,0.0345947610253946,0.5287182690078174,0.22761262142408428,0.051807505431543506,0.969657142857143,0.0451846400968324,0.0020416517006802744,0.9817309714285715,0.030183339584684048,0.000911033988484355,0.00042647050326637993,0.0008895394064947458,7.912803557070246e-07,6.08071014881134,3.4410463799226916,11.840800188779061
0.0,0.75,0.5,0.5,0.29680697483369556,1.1255371690773765e-16,1.266833918974715e-32,0.2934401557783234,7.401486830834377e-17,5.4782007307014706e-33,1.0,0.0,0.0,1.0,0.0,0.0,1.0,0.0,0.0,1.0,0.0,0.0,1.0,0.0,0.0,1.0,0.0,0.0,0.7319854744037725,0.0,0.0,0.7316750361081552,0.0,0.0,0.5672660380592719,0.0,0.0,0.7138895085648629,7.401486830834377e-17,5.4782007307014706e-33,0.7135515064561819,7.401486830834377e-17,5.4782007307014706e-33,0.531565670754865,0.0,0.0,0.9910714285714286,0.0,0.0,0.9960357142857144,0.0,0.0,5.966223513437403e-06,0.0,0.0,6.030092573165893,2.6451441303434646,6.996787470290483
0.0,0.75,0.5,0.75,0.3003874273909097,0.005768231638280473,3.327249623285983e-05,0.29803065405214924,0.007393865751831256,5.466925075610318e-05,0.8924369792518956,0.17319291751321905,0.0299957866767407,0.8923137750993879,0.17339129504551729,0.030064541197561627,0.8606178722408868,0.22442654722697977,0.050367275100223784,0.9192180092713557,0.13007136243955186,0.01691855932688126,0.9191238419103236,0.13022298629576412,0.016958026159786768,0.8699259044440847,0.20943919151340162,0.043864774941787324,0.6013355268128857,0.2103664013788272,0.04425402282907783,0.6009538561851284,0.2104810963301108,0.04430229191232538,0.43784520561430507,0.2083873379739414,0.043425282627865686,0.569115987949806,0.2331075144561124,0.054339113295906655,0.5686921858672961,0.23324566553895343,0.05440354049270933,0.38249316674018147,0.24002953535273533,0.057614177841650016,0.96015,0.04978823010655088,0.0024788678571428593,0.9750027777777779,0.03386624522390999,0.0011469225655660062,0.0005552790371199663,0.0008844776592757272,7.823007297578693e-07,6.704686141014099,3.3243363355953504,11.05121207215952
0.0,0.75,0.5,1.0,0.2924648776590192,0.012463704525671495,0.00015534393050324412,0.28932053373327177,0.011358912219112316,0.00012902488680149909,0.9458011654477037,0.1517947239401309,0.023041638216060555,0.9457359225233202,0.1519652024762591,0.023093422763650426,0.944501684198741,0.16601918069777924,0.027562368359561877,0.9730726697571186,0.08515169487504032,0.007250811140091968,0.9730412806367745,0.08525095598907657,0.007267725497051472,0.9566419681480282,0.1371101355143594,0.018799189260766,0.669775963619473,0.1718818049151818,0.02954335486090061,0.6694255714926678,0.17197938472173444,0.029576908769266348,0.5201567829617763,0.14086678396787602,0.019843450825452254,0.665631668359844,0.15260469000830684,0.02328819141253143,0.6652650662598868,0.15269513112180103,0.023315803068304008,0.48187483608330384,0.15713621639699835,0.024691790503564293,0.9587593617714099,0.10192536103191147,0.010388779221485497,0.9743421686746988,0.05900124318718977,0.0034811466976339073,0.002209111579691683,0.006909831888501317,4.774577672734968e-05,9.452178955078125,3.6443663650382767,13.281406202622302
0.0,0.75,0.75,0.0,0.2990958770775759,0.004842729443054777,2.3452028458629637e-05,0.29640242183327814,0.006258382148584879,3.9167347117725886e-05,0.927418157559855,0.15302979908393935,0.023418119407670843,0.9273350072881626,0.1532051115430062,0.023471806202904972,0.9063282229838616,0.19748536493430663,0.03900046936323626,0.9444616206136048,0.1171524215434765,0.01372468987350042,0.9443964312823928,0.11728996636195686,0.013756936209188973,0.9097985352235147,0.1903387538471473,0.036228841216084925,0.6981289500491,0.1443736543238394,0.020843752062819472,0.697812482168438,0.14446488511006023,0.020870103029862905,0.556021692724163,0.17844359514952365,0.0318421166498871,0.6942427175033576,0.1858557276325512,0.034542351493825056,0.6939099156142685,0.18599666939328405,0.034594761025394605,0.5287182690078174,0.22761262142408428,0.051807505431543506,0.969657142857143,0.0451846400968324,0.0020416517006802744,0.9814351836117853,0.03081081551509001,0.0009493063527049113,0.00040183487596356996,0.0008374873601768395,7.013850784559712e-07,3.4421821355819704,0.8515374058731365,0.7251159536011509
0.0,0.75,0.75,0.25,0.3016572808757879,0.006265412509009463,3.925539390805225e-05,0.29963718944256457,0.008003227877822454,6.405165646435449e-05,0.8565826390025275,0.18515101690007602,0.03428089905913223,0.8564183667991839,0.18536309140267418,0.03435947565435614,0.8141571629878491,0.2399220709199999,0.05756260011454146,0.8922906790284741,0.13905213545134282,0.01933549637357859,0.8921651225470981,0.13921422817180218,0.019380601325470596,0.8265678725921128,0.22389991371602325,0.050131171362042655,0.5577855442825902,0.22489114275661165,0.050576026090374676,0.5573801295441194,0.22501375681709618,0.05063119075694329,0.3947049281326494,0.2227754349829588,0.0496288944318465,0.520858147744787,0.2492024152506361,0.062101843766750466,0.520405745671001,0.24935010497052268,0.06217547484881068,0.33280233206862025,0.25660236685613685,0.06584477467617145,0.9498428571428572,0.05322585684359336,0.002832991836734694,0.9679917989417991,0.036204539029811564,0.001310768646361149,0.0007383833083221425,0.0009455463906472999,8.940579768661364e-07,5.206511616706848,2.5855228725350416,6.684928524401853
0.0,0.75,0.75,0.5,0.30023607284734705,0.005568111617375941,3.1003866983556915e-05,0.2978792995085865,0.00718386638781507,5.160793627797914e-05,0.8915638173104868,0.1746150138314156,0.030490403055345457,0.8914395989879587,0.17481504337414625,0.030560299389904635,0.8598675137308239,0.22564398106369546,0.05091520619027336,0.9175342903707234,0.13286145811186323,0.017652167051610386,0.9174377119191673,0.13301709800837552,0.01769354836256978,0.8664405033715429,0.21526033712027012,0.04633701273713234,0.6545789675188045,0.19113661075458266,0.03653320397074884,0.654238755527429,0.19125342195885206,0.03657787141097072,0.5128814152425074,0.22220483168047717,0.04937498722214919,0.6459848772983386,0.23605852666128238,0.05572362800949536,0.6456234754179733,0.23622649837539966,0.055802958534702705,0.47902743433625616,0.27601607602675143,0.07618487422520542,0.95935,0.05112273979169667,0.002613534523809526,0.9744242047758066,0.03483344676988476,0.0012133690138703948,0.0005849391471657462,0.0009357235201854095,8.755785062281745e-07,12.231286406517029,3.9217893710653047,15.380431871000797
0.0,0.75,0.75,0.75,0.29680697483369556,9.251858538542972e-17,8.559688641721048e-33,0.2934401557783234,5.851389114294502e-17,3.4238754566884194e-33,1.0,0.0,0.0,1.0,0.0,0.0,1.0,0.0,0.0,1.0,0.0,0.0,1.0,0.0,0.0,1.0,0.0,0.0,0.7319854744037725,0.0,0.0,0.7316750361081552,0.0,0.0,0.5672660380592719,0.0,0.0,0.7138895085648629,8.275113844157577e-17,6.847750913376839e-33,0.7135515064561819,7.401486830834377e-17,5.4782007307014706e-33,0.531565670754865,0.0,0.0,0.9910714285714286,0.0,0.0,0.9960357142857144,0.0,0.0,5.966223513437403e-06,0.0,0.0,10.907532572746277,5.231766349442129,27.37137913515502
0.0,0.75,0.75,1.0,0.28896282005998414,0.0166435260906142,0.00027700696072895553,0.2861674047488176,0.015267219808741446,0.0002330880006884272,0.8989489833169143,0.20066170453330628,0.04026511966621191,0.8988314295917303,0.20088642547142296,0.040355355938685576,0.8900045937015314,0.22567885305517302,0.050930944716298374,0.9444616206136048,0.11715242154347649,0.013724689873500416,0.9443964312823928,0.11728996636195684,0.013756936209188966,0.9097985352235147,0.1903387538471473,0.036228841216084925,0.6794370773048223,0.1163829489503009,0.013544990806368343,0.6791051804017305,0.11643467932006299,0.013557034548365904,0.5442104414959434,0.11467809209358946,0.013151064806225788,0.6942427175033576,0.18585572763255123,0.03454235149382506,0.6939099156142685,0.18599666939328402,0.0345947610253946,0.5287182690078174,0.22761262142408428,0.051807505431543506,0.9421903831542385,0.10288071464320007,0.010584441445495562,0.9609,0.06767274192760331,0.0045796,0.0030065088498681227,0.006287615641506348,3.953411045531528e-05,9.689982080459595,4.824396484999803,23.274801444478456
0.0,0.75,1.0,0.0,0.29251104765648467,0.012172447012294882,0.0001481684662671266,0.28936832132713924,0.011068205538593523,0.00012250517384455235,0.945847493417741,0.15164822203544107,0.02299718324651043,0.9457823029403238,0.15181853471969875,0.023048867484436374,0.9445175019694856,0.16596916051472005,0.027545762241960908,0.9730726697571186,0.08515169487504035,0.007250811140091971,0.9730412806367745,0.08525095598907657,0.007267725497051472,0.9566419681480282,0.1371101355143594,0.018799189260766,0.6701788515949442,0.17060776127079869,0.029107008205833833,0.6698287682978588,0.1707043644720279,0.02913998004979894,0.5204414896769074,0.13996646228291704,0.019590610563995234,0.6656316683598439,0.15260469000830684,0.023288191412531425,0.6652650662598867,0.152695131121801,0.023315803068304,0.48187483608330384,0.15713621639699835,0.024691790503564293,0.9587593617714099,0.10192536103191147,0.010388779221485497,0.9743421686746988,0.05900124318718977,0.0034811466976339073,0.002209111579691683,0.006909831888501317,4.774577672734968e-05,6.252015829086304,4.137228235220564,17.11665747030626
0.0,0.75,1.0,0.25,0.2944251353353945,0.006119570305674788,3.7449140726096615e-05,0.29128240900604907,0.0050153288319734575,2.5153523292824242e-05,0.9508723103519092,0.13575835569808514,0.018430331141847806,0.9508127971355662,0.1359107153064769,0.01847172253511821,0.9456085631854221,0.16251892200568815,0.026412400009890948,0.9713889508564864,0.09047608154051305,0.008185921330925567,0.9713551506456183,0.09058296719225017,0.008205273945352271,0.9531565670754866,0.14813194146278497,0.02194307208153395,0.7200791464405153,0.01280917364483388,0.0001640749294635069,0.7197673062529308,0.012784841515232646,0.00016345217256961617,0.5817061143690708,0.05376929173971134,0.00289113673419019,0.7425005577083765,0.09047608154051305,0.008185921330925567,0.7421963558105638,0.09058296719225017,0.008205273945352271,0.5784091036793786,0.14813194146278497,0.02194307208153395,0.9581569521328557,0.10383034757418154,0.010780741077375347,0.9741415662650603,0.05963560370576571,0.003556405229351137,0.0022788262144664527,0.0071302889206363695,5.084102009174976e-05,6.169521427154541,3.298555559973435,10.880468782231661
0.0,0.75,1.0,0.5,0.2869633262339349,0.016269844364975132,0.0002647078356605131,0.2845203692560797,0.014708402201278553,0.0002163370953145758,0.8550270444241947,0.22399475726138093,0.05017365128058497,0.8548598887446591,0.22424627851311757,0.05028639342698269,0.8405538973623763,0.25196376271663157,0.06348573772232301,0.9175342903707234,0.13286145811186323,0.01765216705161039,0.9174377119191673,0.13301709800837552,0.017693548362569783,0.8664405033715429,0.21526033712027012,0.046337012737132345,0.6277974700795689,0.19630941586749845,0.03853738675823845,0.6274365061285931,0.1964186485376581,0.03858028549336007,0.5020866677688347,0.18578054296738764,0.034514410145257364,0.6459848772983386,0.23605852666128238,0.05572362800949536,0.6456234754179733,0.23622649837539964,0.05580295853470269,0.47902743433625616,0.27601607602675143,0.07618487422520544,0.8936936936936937,0.15667211146207966,0.024546150509986313,0.9368259036144579,0.09045053602130204,0.008181299466540858,0.006648987617771812,0.010668881110923486,0.00011382502415901993,6.672287368774414,3.252560273062279,10.579148329902967
0.0,0.75,1.0,0.75,0.2820085111820466,0.01972793983360796,0.00038919161007845563,0.2799147460185631,0.018040629560719074,0.0003254643149470909,0.8051188549976608,0.2444266085801939,0.05974436698201532,0.8048962362298241,0.24470032964948632,0.05987825133056727,0.7840612454212696,0.27498182191809684,0.07561500238539592,0.8906069601278419,0.14130942242205746,0.019968352865255473,0.8904789925559419,0.1414747695014723,0.020015110405494717,0.8230824715195713,0.22862105468367563,0.0522675866446762,0.5739731263305924,0.22913881566700045,0.052504596845275614,0.573582455623732,0.22926625951746624,0.05256301775313017,0.45973414438160115,0.20253588195006061,0.041020783477288894,0.5977270370933198,0.2678241043631742,0.07172975087793644,0.597337035221678,0.26801094468934766,0.07182986647327658,0.42933659966469495,0.3083426316008212,0.09507517846251975,0.8933897753174861,0.12600262762436085,0.015876662168243343,0.9288000000000001,0.08288184360883873,0.006869400000000001,0.0059889868216972415,0.0077007250102164365,5.930116568297293e-05,8.29546136856079,3.8081834688900744,14.502261332727642
0.0,0.75,1.0,1.0,0.28731371061308875,0.02739923374572652,0.000750718009852959,0.28405738010889625,0.026255099425075354,0.0006893302458205922,0.9315373889077975,0.18129422315732088,0.032867595350216466,0.9314534887818425,0.18149516108771518,0.03294049349825568,0.9339316899254417,0.18999096521130526,0.03609656686192341,0.9730726697571186,0.0851516948750403,0.007250811140091966,0.9730412806367745,0.08525095598907657,0.007267725497051472,0.9566419681480282,0.1371101355143594,0.018799189260766,0.6596610326044364,0.18408321959850735,0.033886631737752276,0.6593014706420233,0.18418688607676192,0.03392480900265407,0.518311847851256,0.13861841824091597,0.01921506587561351,0.6656316683598439,0.15260469000830687,0.023288191412531432,0.6652650662598867,0.15269513112180103,0.02331580306830401,0.48187483608330384,0.15713621639699835,0.024691790503564293,0.967193096711169,0.07525554944012994,0.005663397721535841,0.9746858343632789,0.054726647282160604,0.0029950059227460166,0.0014622475303047212,0.004547956377122838,2.0683907208212285e-05,11.36168360710144,4.821166435696388,23.243645800685414
0.0,1.0,0.0,0.0,0.2934928213645621,0.0046247674788464825,2.138847423339605e-05,0.2910511576733993,0.002951518897362886,8.711463801490227e-06,0.8713076016845329,0.197239717338331,0.03890350609570472,0.8711584202966959,0.19746167905174664,0.03899111469393499,0.8478027794947224,0.24023670943574707,0.05771367656051556,0.9175342903707234,0.13286145811186326,0.017652167051610393,0.9174377119191673,0.13301709800837555,0.017693548362569787,0.8664405033715429,0.21526033712027012,0.04633701273713234,0.6447848090792568,0.16774916378270968,0.028139781949798357,0.6444363290465553,0.16783886880496543,0.0281698858817304,0.510950502618907,0.18409904829094975,0.03389245958163345,0.6459848772983386,0.23605852666128235,0.055723628009495346,0.6456234754179733,0.23622649837539966,0.055802958534702705,0.47902743433625616,0.27601607602675143,0.07618487422520542,0.8924960889032745,0.15860023287901742,0.02515403386927856,0.927432031459469,0.10404368155455908,0.010825087671426497,0.008502572423265716,0.01365544986125919,0.00018647131091336364,4.230343747138977,1.7741482039647907,3.147601849631492
0.0,1.0,0.0,0.25,0.28963242335120604,0.012074542237236027,0.00014579457023879678,0.2871896346359752,0.010597042542462746,0.0001122973106467653,0.8626894134616563,0.21147208828067848,0.044720444121791075,0.8625304695399485,0.2117101762802469,0.044821198740613216,0.8461716998959041,0.2428764570242632,0.05898897337665876,0.9192180092713557,0.13007136243955186,0.016918559326881265,0.9191238419103236,0.13022298629576412,0.016958026159786768,0.8699259044440847,0.20943919151340162,0.043864774941787324,0.5749260349021046,0.24366581964438253,0.05937303166296875,0.5745237917586895,0.24380235730342578,0.05943958942670729,0.4350860837087975,0.20985855883045756,0.04404061471439662,0.569115987949806,0.23310751445611244,0.05433911329590667,0.5686921858672962,0.23324566553895346,0.05440354049270934,0.38249316674018147,0.24002953535273533,0.057614177841650016,0.8930948912984841,0.1576276958474041,0.024846490498161736,0.9278320314594689,0.10339392459647964,0.010690303643462518,0.008387847106594125,0.013467154244918251,0.00018136424345641968,4.933379721641541,1.8021915237659492,3.2478942883338333
0.0,1.0,0.0,0.5,0.29230543934137837,0.009895474972527914,9.792042493192633e-05,0.28951239506789406,0.0086769285509443,7.528908907819235e-05,0.9072903073274349,0.18278654751117285,0.033410921951054245,0.9071815575588602,0.18299238509467133,0.033486213002636496,0.8961483342531069,0.2126559394131191,0.045222548567676185,0.9444616206136048,0.11715242154347649,0.013724689873500416,0.9443964312823928,0.11728996636195688,0.013756936209188976,0.9097985352235147,0.1903387538471473,0.036228841216084925,0.6845472922708742,0.12580453430918556,0.015826780852751045,0.6842187051065041,0.12587140705996885,0.015843611115256374,0.5487683018704528,0.14467109554746735,0.020929725886904425,0.6942427175033576,0.18585572763255123,0.03454235149382506,0.6939099156142685,0.18599666939328408,0.03459476102539462,0.5287182690078174,0.22761262142408428,0.051807505431543506,0.9251281221341101,0.13885829226540136,0.019281625330863625,0.9488366073822503,0.09109776929121281,0.008298803569835035,0.005714606625234934,0.012000005272460762,0.0001440001265390861,4.555156016349793,1.0601614327226716,1.123942263432588
0.0,1.0,0.0,0.75,0.2848962083604178,0.01637905304508534,0.00026827337865371935,0.2828025501793725,0.014775642118170243,0.00021831960000424642,0.8113394293872673,0.23637001360375098,0.05587078333103743,0.8111232235991699,0.23663543075487192,0.05599632708854379,0.7884033474445686,0.26938830593554525,0.07257005937482292,0.8872395223265774,0.14565427028766992,0.021215166453033604,0.8871067325736292,0.14582583791368772,0.021265175003229123,0.8161116693744876,0.23761193237230352,0.056459430405700145,0.6736471485589124,0.1184914718744981,0.014040228906984975,0.6733321222124239,0.11855161254917075,0.0140544848380087,0.5803546354681546,0.15249928092470114,0.023256030682550916,0.751464815790385,0.22714178560786344,0.0515933907691286,0.7511996143230322,0.22733784178913316,0.05168249430934094,0.6224051348568442,0.3023412319986794,0.0914102205664793,0.8586664508820198,0.17083899211730172,0.029185961227655474,0.9162274555366878,0.09788271191073251,0.009581025290999457,0.009217195900680528,0.011870135925083306,0.0001409001268799533,4.822362303733826,2.7699784750495704,7.6727807522379425
0.0,1.0,0.0,1.0,0.29589429062631956,9.340738976865617e-05,8.724940463393654e-09,0.29227600880981663,9.782472131830603e-05,9.569676101004239e-09,0.9888676560885952,0.0,0.0,0.9888472981154768,0.0,0.0,0.9940121084175957,0.0,0.0,1.0,0.0,0.0,1.0,0.0,0.0,1.0,0.0,0.0,0.7178732578992594,0.0,0.0,0.7175464781556755,0.0,0.0,0.5621468405803686,0.0,0.0,0.7138895085648629,5.233641528945917e-17,2.7391003653507353e-33,0.713551506456182,9.791246743253677e-17,9.586851278727574e-33,0.531565670754865,0.0,0.0,0.990990990990991,0.0,0.0,0.9930535714285715,0.0,0.0,2.3976279688030384e-05,1.6342053873349188e-19,2.670627247994472e-38,4.8456995487213135,1.034111949328975,1.0693875237449726
0.0,1.0,0.25,0.0,0.29533903041462134,0.0033606976532314105,1.129428871643511e-05,0.2922024807272913,0.002259443603450723,5.105085397174388e-06,0.9526794572420849,0.13004365545863977,0.016911352325045412,0.9526218271390461,0.13019006013989806,0.016949451759230273,0.9469354179295445,0.15832303889006114,0.025066184643383813,0.9713889508564864,0.09047608154051305,0.008185921330925565,0.9713551506456183,0.09058296719225016,0.008205273945352268,0.9531565670754866,0.14813194146278497,0.021943072081533954,0.7243097754624916,0.0005692499998219298,3.24045562297267e-07,0.7240010811664528,0.0006035303119792979,3.6424883747782866e-07,0.5865861011219987,0.06920116483041311,0.004788801213886004,0.7425005577083765,0.09047608154051306,0.008185921330925569,0.7421963558105638,0.09058296719225019,0.008205273945352273,0.5784091036793786,0.14813194146278497,0.021943072081533954,0.9577601553649459,0.10508512912897024,0.01104288436405235,0.9702411833050315,0.06895212333005656,0.00475439531172333,0.0029266408272041523,0.009179115266392562,8.4256157073721e-05,5.058251857757568,2.919498270689167,8.523470152557037
0.0,1.0,0.25,0.25,0.2881718172887082,0.012699597204349855,0.00016127976915273064,0.2860781591076629,0.011250155668758787,0.0001265660025713055,0.8203402558908627,0.22454183760088253,0.05041903683318111,0.8201335676485737,0.22479473423210344,0.05053267253848202,0.7947952879996785,0.2610958570452842,0.06817104656621148,0.8872395223265774,0.14565427028766992,0.021215166453033604,0.8871067325736292,0.14582583791368772,0.021265175003229123,0.8161116693744876,0.23761193237230352,0.056459430405700145,0.6849073175823718,0.12593262141560138,0.01585902513660518,0.6846004111910654,0.12600730777898236,0.01587784161370719,0.5925349613906219,0.1760480750065675,0.030992924713518017,0.751464815790385,0.2271417856078635,0.051593390769128625,0.7511996143230321,0.22733784178913316,0.051682494309340944,0.6224051348568442,0.3023412319986794,0.0914102205664793,0.8586664508820198,0.1708389921173017,0.02918596122765547,0.9052274555366877,0.11208789598498453,0.012563696426340712,0.011519988854639677,0.014845017427237645,0.0002203745424149894,5.463033986091614,2.0058459005418445,4.023417776720523
0.0,1.0,0.25,0.5,0.2925639071624132,0.009303439912576037,8.655399420691282e-05,0.2897742379611327,0.008070295062182929,6.512966239069417e-05,0.9079031787876571,0.1814066508221229,0.03290837296249962,0.9077951525667288,0.18161085824411727,0.032982503832164854,0.8968034697526193,0.21125104639254363,0.04462700460194462,0.9461453395142371,0.11353559316672043,0.012890330915719055,0.9460825612735491,0.11366794131876878,0.012920400883647064,0.9132839362960563,0.18281351401914583,0.033420780908028434,0.629646657258615,0.20228406476607272,0.0409188428582847,0.6292758219114565,0.20239529131066514,0.040963853944729,0.4809855279095829,0.17751642280975807,0.0315120803671728,0.617373828154825,0.20347292001107578,0.04140122917783364,0.6169786260635914,0.20359350816240132,0.04145031656587377,0.4321840014117426,0.2095149551959978,0.043896516450780965,0.9257269245293198,0.13758873292232487,0.018930659427170846,0.9492366073822502,0.09024961635465227,0.00814499325216192,0.005599881308563343,0.011755095947234999,0.0001381822807287007,5.793245959281921,4.288798071729546,18.393788900071073
0.0,1.0,0.25,0.75,0.28508434176408526,0.018156490491261456,0.0003296581469592677,0.28264267807292237,0.01647292944998924,0.0002713574046643228,0.8494553111468356,0.232428251920567,0.054022892290850555,0.849281847776479,0.23268931460322712,0.054144317130519606,0.8388993766810202,0.25457596968265683,0.06480892433986501,0.9175342903707234,0.13286145811186323,0.017652167051610386,0.9174377119191673,0.13301709800837552,0.01769354836256978,0.8664405033715429,0.21526033712027012,0.04633701273713234,0.6129972903665799,0.22396990869309746,0.05016251999999441,0.6126249814869126,0.2240998831972427,0.05022075764901782,0.4937593984793788,0.20147042451037261,0.04059033195238975,0.6459848772983386,0.23605852666128235,0.055723628009495346,0.6456234754179733,0.23622649837539964,0.05580295853470269,0.47902743433625616,0.27601607602675143,0.07618487422520542,0.8924960889032745,0.15860023287901745,0.025154033869278565,0.935432031459469,0.0911583871982797,0.008309851556591486,0.006831741060167366,0.010963227489092267,0.00012019235697758835,5.113964796066284,2.0880843691589677,4.360096332726004
0.0,1.0,0.25,1.0,0.28344561953325254,0.0274838828679361,0.0007553638174984315,0.28055267033951536,0.026026437194162415,0.0006773754330216807,0.8874900215186949,0.214863149314448,0.04616617293332278,0.887357306843446,0.21510131528295434,0.046268575836456924,0.8817033147616271,0.2369804266514559,0.05615972261590607,0.9408158717656319,0.12540184418219355,0.01572562252429515,0.9407465109485582,0.12554888832833,0.015762523360479477,0.9087086148935379,0.19276103746552575,0.037156817564785824,0.6450228243263125,0.18684999518526915,0.0349129207007351,0.6446632857852759,0.18695275484343316,0.03495133254354882,0.5203446918383158,0.14527065839923464,0.021103564191747123,0.6882940697927584,0.1756540454468528,0.030854343681845038,0.6879563727539686,0.17578283983734466,0.03089960678128157,0.5258605302627332,0.2211250395389503,0.04889628311110233,0.9251281221341101,0.13885829226540142,0.019281625330863642,0.9440845982067202,0.10324261476199686,0.010659037502894094,0.005445375447958504,0.011432038905593741,0.00013069151353900895,5.113393092155457,3.0202624883314337,9.121985498421985
0.0,1.0,0.5,0.0,0.2954953909736203,0.0028664499311065925,8.21653520754099e-06,0.2923588412862903,0.0017655543744828505,3.1171822492555294e-06,0.953116944113658,0.1286602004980474,0.01655344719219776,0.9530598355935089,0.1288049557893859,0.016590716635905653,0.9474352396093344,0.15674246395799377,0.024568200007622974,0.9730726697571186,0.0851516948750403,0.007250811140091965,0.9730412806367745,0.0852509559890766,0.007267725497051476,0.9566419681480282,0.1371101355143594,0.018799189260766,0.6843672796151254,0.12574001230967233,0.01581055069563655,0.6840278520642235,0.12580291908279306,0.01582637444975178,0.5268849721103683,0.1195903817298962,0.01430185940230229,0.6656316683598439,0.15260469000830684,0.023288191412531425,0.6652650662598867,0.15269513112180103,0.023315803068304008,0.48187483608330384,0.15713621639699835,0.024691790503564293,0.9583589577601554,0.10319154969174361,0.01064849592778359,0.9706411833050316,0.06768721226598926,0.004581558704341087,0.002811915510532562,0.00881632196042625,7.772753290989413e-05,4.480520796775818,1.790482015196473,3.205825846742023
0.0,1.0,0.5,0.25,0.2934747154094154,0.004612102221569872,2.1271486902209747e-05,0.29103192669418465,0.0029379925005554156,8.631799933319865e-06,0.8713076016845329,0.19723971733833104,0.038903506095704726,0.8711584202966961,0.19746167905174666,0.03899111469393501,0.8478027794947224,0.24023670943574701,0.05771367656051554,0.9175342903707234,0.13286145811186323,0.017652167051610386,0.9174377119191673,0.13301709800837555,0.017693548362569787,0.8664405033715429,0.21526033712027012,0.04633701273713234,0.6447848090792568,0.16774916378270968,0.028139781949798357,0.6444363290465555,0.1678388688049654,0.028169885881730392,0.510950502618907,0.18409904829094972,0.03389245958163344,0.6459848772983386,0.23605852666128238,0.05572362800949536,0.6456234754179733,0.23622649837539964,0.05580295853470269,0.47902743433625616,0.27601607602675143,0.07618487422520542,0.8924960889032745,0.15860023287901745,0.02515403386927857,0.927432031459469,0.10404368155455906,0.010825087671426493,0.008502572423265716,0.01365544986125919,0.00018647131091336364,4.2765686273574826,1.507619959222917,2.27291794144731
0.0,1.0,0.5,0.5,0.2954229671530335,0.0028401605727948597,8.066512079258426e-06,0.2922819173694316,0.0017369898685844916,3.0171338035651694e-06,0.953116944113658,0.1286602004980474,0.01655344719219776,0.9530598355935089,0.12880495578938597,0.016590716635905677,0.9474352396093344,0.15674246395799374,0.02456820000762297,0.9730726697571186,0.0851516948750403,0.007250811140091966,0.9730412806367745,0.08525095598907657,0.007267725497051472,0.9566419681480282,0.1371101355143594,0.018799189260766,0.6843672796151254,0.12574001230967236,0.01581055069563656,0.6840278520642235,0.12580291908279306,0.01582637444975178,0.5268849721103683,0.11959038172989621,0.014301859402302294,0.6656316683598439,0.15260469000830687,0.023288191412531432,0.6652650662598867,0.15269513112180103,0.02331580306830401,0.48187483608330384,0.15713621639699835,0.024691790503564293,0.9583589577601554,0.10319154969174367,0.010648495927783604,0.9706411833050316,0.06768721226598921,0.004581558704341081,0.002811915510532562,0.008816321960426251,7.772753290989416e-05,5.606757068634034,3.7391913375649914,13.98155185892107
0.0,1.0,0.5,0.75,0.28518314002943956,0.015947725629328516,0.0002543299527483416,0.28309173189653025,0.014334564007245264,0.0002054797252778114,0.8119829017202737,0.235460557431542,0.0554416741059725,0.8117674370759558,0.2357249264204633,0.05556624093593284,0.7891103029931947,0.268453773365012,0.07206742843391326,0.8889232412272097,0.14350926645484305,0.02059490955840714,0.8887928625647854,0.1436777701365601,0.020643301631414205,0.8195970704470295,0.23318877830182005,0.05437700632589538,0.6241568368881723,0.1934837037696966,0.0374359436244397,0.623803881700656,0.1935947899429887,0.03747894269306992,0.5193779345161521,0.19879216669249325,0.03951832553829602,0.6745959264418524,0.26120285835354573,0.06822693321206248,0.6742683247723551,0.2614042966239334,0.06833220629345334,0.5258708672607696,0.3218648687870253,0.10359699375928903,0.8592652532772294,0.17006890958744791,0.028923434008263534,0.9164274555366877,0.09762508659654624,0.009530657532983152,0.009147481265905748,0.011780720752896542,0.00013878538145772727,8.45507516860962,4.4816025392769365,20.084761320053484
0.0,1.0,0.5,1.0,0.2878568727029017,0.025738702208337173,0.0006624807913694609,0.28460474940500097,0.024596084400995248,0.0006049673678608817,0.9328912956137355,0.17701279422718086,0.031333529320114274,0.9328088127542781,0.1772092503673915,0.03140311841577284,0.9350101478866556,0.1865805816931279,0.03481231346494598,0.9713889508564864,0.09047608154051302,0.008185921330925562,0.9713551506456183,0.09058296719225012,0.008205273945352263,0.9531565670754866,0.14813194146278497,0.021943072081533954,0.7040233439275837,0.04379727354788405,0.0019182011702281836,0.7036973147398691,0.04379490008182582,0.0019179932731771072,0.5657442653621082,0.011376056021431259,0.0001294146506027424,0.7425005577083765,0.09047608154051305,0.008185921330925565,0.7421963558105638,0.09058296719225019,0.008205273945352275,0.5784091036793786,0.14813194146278497,0.021943072081533954,0.9577601553649459,0.10508512912897026,0.011042884364052354,0.9683148802745023,0.07823061037831838,0.006120028400164256,0.0027876317030730074,0.008739445805773498,7.6377912992052e-05,6.539347243309021,4.047013765170628,16.37832041548054
0.0,1.0,0.75,0.0,0.2963008067901963,0.0,0.0,0.29280950144834095,9.064933036736789e-17,8.217301096052206e-33,0.993802871892434,0.0,0.0,0.993791539014684,0.0,0.0,0.9970015588267456,0.0,0.0,1.0,0.0,0.0,1.0,0.0,0.0,1.0,0.0,0.0,0.7241297628067429,0.0,0.0,0.7238102281241722,0.0,0.0,0.5647027713619143,0.0,0.0,0.7138895085648629,6.409875621278546e-17,4.108650548026103e-33,0.7135515064561819,6.409875621278546e-17,4.108650548026103e-33,0.531565670754865,0.0,0.0,0.990990990990991,0.0,0.0,0.9920457592278128,0.0,0.0,2.3949712501780043e-05,5.389153519799257e-20,2.904297565996472e-39,5.401514887809753,3.0264942794377787,9.159667623469598
0.0,1.0,0.75,0.25,0.28679576847572186,0.016597222627778282,0.00027546779895603544,0.28435522980862704,0.01504440925749254,0.00022633424990692723,0.854269990927792,0.22528218560687446,0.05075206315181023,0.8541019654782873,0.22553518657858299,0.05086612038503623,0.8397963430858922,0.2532025701185268,0.06411154151462749,0.9158505714700912,0.1355709223167501,0.018379474977814295,0.9157515819280111,0.13573044135803947,0.01842275271124819,0.8629551022990013,0.22086705261551112,0.04878225493106296,0.67769776492514,0.11955795898429371,0.014294105556490057,0.6773750440836652,0.11961696758682203,0.014308218934666831,0.5633512924609981,0.14252658712942817,0.02031382803876248,0.7228537666468713,0.20970793486662379,0.043977417946024125,0.7225547649686503,0.20988169232309642,0.04405032477240691,0.5755617019323308,0.27211575132502314,0.07404698211918184,0.8918972865080649,0.15956434573807807,0.02546078043082091,0.9352320314594691,0.09148041207163254,0.008368665792795695,0.006901455694942146,0.011075462073389764,0.0001226658601390951,6.279483032226563,3.2857956844651555,10.79645328004984
0.0,1.0,0.75,0.5,0.29269532017155675,0.01159271752380499,0.0001343910995867353,0.2895565204360908,0.01048993324180981,0.00011003869941762648,0.9459015090882366,0.15147740948733388,0.02294540558499343,0.9458363797608775,0.1516475287981288,0.022996972990579297,0.9445364832943792,0.16590913629504905,0.027525841506169164,0.9730726697571186,0.08515169487504035,0.007250811140091971,0.9730412806367745,0.08525095598907659,0.007267725497051474,0.9566419681480282,0.13711013551435938,0.018799189260765996,0.6705888347697752,0.16931128063598572,0.028666309750597512,0.670239065741163,0.16940689003304243,0.028698694390667332,0.5207294134170682,0.13905596747157428,0.019336562089455528,0.6656316683598439,0.15260469000830687,0.023288191412531432,0.6652650662598868,0.152695131121801,0.023315803068303997,0.48187483608330384,0.15713621639699835,0.024691790503564293,0.9583589577601554,0.10319154969174366,0.0106484959277836,0.9732411833050316,0.05946529034955141,0.0035361207563564525,0.002269975283465382,0.007102556487225128,5.0446308654223746e-05,9.26086118221283,4.3854753017749974,19.232393622478508
0.0,1.0,0.75,0.75,0.291640135183472,0.014929435211794252,0.0002228880357431621,0.28850133544800605,0.013826626618943672,0.00019117560365968173,0.943051810839782,0.160488946596643,0.025756701979700126,0.9429836146772077,0.16066876409192624,0.025814451754827043,0.9421138570657112,0.1735701530969038,0.030126598046082625,0.9713889508564864,0.09047608154051302,0.008185921330925562,0.9713551506456183,0.09058296719225012,0.008205273945352263,0.9531565670754866,0.14813194146278497,0.021943072081533954,0.7162760857461191,0.024835507518987384,0.0006168024337256789,0.7159614381374854,0.02482005323425279,0.0006160350425511423,0.5769912641723474,0.03885962629157201,0.0015100705555206346,0.7425005577083766,0.09047608154051302,0.008185921330925562,0.7421963558105638,0.09058296719225017,0.008205273945352271,0.5784091036793786,0.14813194146278497,0.021943072081533954,0.9661433888978799,0.07857501700779823,0.00617403329777578,0.9758411833050316,0.05124336843311361,0.0026258828083718243,0.0015761335677272723,0.004908436329853603,2.4092747204226714e-05,8.69376199245453,5.4008090090862595,29.1687379526273
0.0,1.0,0.75,1.0,0.29601244266710364,0.000155678982947789,2.4235945731657976e-08,0.2923997483821515,0.00016304120219721928,2.658243361391454e-08,0.9888676560885952,0.0,0.0,0.9888472981154768,0.0,0.0,0.9940121084175957,0.0,0.0,1.0,0.0,0.0,1.0,0.0,0.0,1.0,0.0,0.0,0.7178732578992594,0.0,0.0,0.7175464781556755,0.0,0.0,0.5621468405803686,0.0,0.0,0.7138895085648629,6.409875621278546e-17,4.108650548026103e-33,0.7135515064561819,9.064933036736789e-17,8.217301096052206e-33,0.531565670754865,0.0,0.0,0.990990990990991,0.0,0.0,0.9930535714285715,0.0,0.0,2.3976279688030276e-05,1.3679458262370225e-19,1.8712757835192903e-38,9.243623852729797,3.6654339406729552,13.43540597343727
0.0,1.0,1.0,0.0,0.29591884360126064,0.00013001006900780236,1.690261804341353e-08,0.29230551521972864,0.00013768212557556392,1.8956367703005353e-08,0.9888676560885952,0.0,0.0,0.9888472981154768,0.0,0.0,0.9940121084175957,0.0,0.0,1.0,0.0,0.0,1.0,0.0,0.0,1.0,0.0,0.0,0.7178732578992594,0.0,0.0,0.7175464781556755,0.0,0.0,0.5621468405803686,0.0,0.0,0.7138895085648629,7.401486830834377e-17,5.4782007307014706e-33,0.7135515064561819,7.401486830834377e-17,5.4782007307014706e-33,0.531565670754865,0.0,0.0,0.990990990990991,0.0,0.0,0.9930535714285715,0.0,0.0,2.3976279688030418e-05,1.2979488269181729e-19,1.684671157298261e-38,4.093692874908447,2.640348557955246,6.971440507496346
0.0,1.0,1.0,0.25,0.27592735235060484,0.033650034871136804,0.001132324846828723,0.2733972946483397,0.031985528421507946,0.0010230740284030927,0.8318937713666568,0.25417771363143987,0.06460631010690625,0.8316993657628486,0.25445958153548864,0.064749678635216,0.8230851817516349,0.27554384679197413,0.07592441150491891,0.9175342903707234,0.13286145811186323,0.01765216705161039,0.9174377119191673,0.13301709800837552,0.017693548362569783,0.8664405033715429,0.21526033712027012,0.046337012737132345,0.612681661154283,0.1999034678775868,0.039961396469485384,0.6123088454230021,0.20000906753210057,0.04000362709506036,0.4942652233907484,0.1592763064239185,0.02536894178804598,0.6459848772983386,0.23605852666128238,0.05572362800949536,0.6456234754179733,0.23622649837539964,0.05580295853470269,0.47902743433625616,0.27601607602675143,0.07618487422520544,0.8924960889032745,0.15860023287901745,0.025154033869278572,0.9198543161389381,0.11787012064553168,0.013893365340992194,0.008103119192844002,0.013011849260083131,0.0001693082211671259,5.973570537567139,3.1116487400994184,9.682357881762297
0.0,1.0,1.0,0.5,0.28343150632707526,0.027492985068345153,0.0007558642279682495,0.2805415714570424,0.02603636721745283,0.0006778924178820526,0.8870134423697426,0.21598049119335838,0.04664757257612436,0.8868801839272527,0.21621993362022052,0.04675105969473257,0.8810617547461064,0.23840022510994338,0.05683466733247168,0.9399739644796888,0.12671845468151297,0.016057566756870655,0.9399031464493837,0.12686794454719716,0.016095475353630692,0.9055310017003688,0.19916666726581422,0.03966736134977155,0.6901734299559079,0.05839636473051205,0.003410135413738992,0.6898481513240627,0.05839320010910112,0.003409765818981527,0.5693416901438478,0.015168074695241725,0.00023007048996043236,0.7665811007139295,0.11159571358825589,0.01245360329127204,0.7663069656600769,0.11173058142341467,0.012483722825214295,0.623206063155053,0.19325511735333364,0.03734754038325076,0.9245293197389005,0.14011350550529367,0.01963179442498196,0.9435761891204331,0.10430748050442451,0.0108800504891809,0.005551287126457985,0.011652594407697996,0.00013578295643031462,6.412944674491882,3.1050926704896584,9.641600492328598
0.0,1.0,1.0,0.75,0.2909652009279257,0.015686985697266263,0.00024608152026623633,0.28771356930214326,0.014544588588770705,0.00021154505721659902,0.9424128364828169,0.14690303824650472,0.02158050264605403,0.9423411394169067,0.14706538671273328,0.021628227968965786,0.9396451748527855,0.17192333946385704,0.02955763465240463,0.9707118049495843,0.09261740491458327,0.008577983693111873,0.9706777223909088,0.09272518342848485,0.008597959641846162,0.955939572172195,0.1393313066173287,0.019413213003692063,0.6869592067990304,0.09775881317955767,0.00955678555427566,0.6866203210973556,0.09779709558038355,0.009564271903958676,0.5387633048554847,0.07394523263854932,0.00546789742996918,0.6659481625449464,0.15160384751718423,0.022983726582013645,0.6655819653267319,0.15169300828218849,0.023010768761700107,0.48235936538634805,0.15560400020628481,0.024212604880197483,0.9661433888978799,0.07857501700779822,0.0061740332977757795,0.9752301338420322,0.056362658507318836,0.0031767492740126402,0.0015231112340785373,0.004740680975846643,2.2474056114754274e-05,7.652094984054566,4.1251527782845,17.01688544418833
0.0,1.0,1.0,1.0,0.24780916981386364,0.06147081393063897,0.0037786609652952375,0.2455616221917205,0.05953644154651986,0.0035445878720221763,0.733187498602917,0.32432801889321333,0.10518866383919655,0.7328821077539531,0.32468547103068607,0.1054206550984185,0.7279963196519322,0.339582687794981,0.11531640185006355,0.8906069601278419,0.14130942242205746,0.019968352865255473,0.8904789925559419,0.1414747695014723,0.020015110405494717,0.8230824715195713,0.22862105468367566,0.05226758664467621,0.5044159502395188,0.2893330297415588,0.08371360209942973,0.5039720565979546,0.2894960359309749,0.08380795481974831,0.4127640525080222,0.21176243152928306,0.044843327407194294,0.5977270370933196,0.26782410436317416,0.07172975087793641,0.5973370352216779,0.2680109446893477,0.07182986647327659,0.42933659966469495,0.3083426316008212,0.09507517846251974,0.9922476475620188,0.0015184921873495464,2.30581852304161e-06,0.9968214285714285,0.0010143527811495344,1.0289115646257954e-06,4.382144143064972e-06,2.045037673507719e-06,4.182179086065864e-12,9.17964165210724,4.416816784075665,19.508270504092497
0.3,0.0,0.0,0.0,0.31580971210910264,0.01635656211229866,0.0002675371241334841,0.31446298448695376,0.018095025314617496,0.000327429941136648,0.8398042573553635,0.13787706628607568,0.01901008540765491,0.8396188551773864,0.13803663924122078,0.019054113773010934,0.741691530735596,0.22232392157383032,0.04942792610396666,0.8333848618408146,0.1435641287185632,0.020610659054720183,0.8331892938471782,0.14373272510696986,0.020659096266675763,0.7293956056705442,0.2333334423725655,0.054444495329431346,0.6742491452242206,0.3015249205801182,0.0909172777308466,0.6739525532933566,0.3017543820320142,0.09105570707552278,0.5555097265851039,0.36946269031249435,0.13650267953294612,0.6549491353803472,0.3178895172142552,0.10105374515471224,0.6546267339304416,0.31813886245502326,0.1012123358041762,0.5230234655137219,0.3941680669248038,0.1553684649832366,0.6643968082922824,0.10292076769626188,0.010592684423187903,0.7937542847363923,0.07547418780714789,0.005696353025148631,0.02345433649764158,0.01837108794726012,0.00033749687236596604,2.344740056991577,0.7562951138189742,0.5719822991864552
0.3,0.0,0.0,0.25,0.3157535007531676,0.016308008456377955,0.0002659511398132949,0.3144067731310188,0.01804648806596081,0.00032567573151486587,0.8400085815930634,0.13770093448066587,0.018961547356848636,0.8398234663482176,0.13786026002555962,0.019005451294314912,0.7421355000356069,0.22194100403397754,0.04925780927161004,0.8350685807414469,0.1420982217559326,0.02019190462619819,0.8348754238383347,0.1422647150223085,0.02023924914037865,0.7328810067430859,0.23029050409222152,0.05303371627504949,0.6014007970451246,0.3020792079219528,0.09125184785875438,0.6010467329100548,0.30229851142312497,0.09138439000863721,0.4650441637055689,0.3591447381174977,0.128984942917486,0.5780802460318145,0.3181202646837381,0.10120050280245158,0.5776954443797645,0.3183584467598488,0.10135210062334349,0.42648919791764717,0.3824079279649685,0.1462358233704605,0.6640123836891079,0.10258861245153163,0.01052442340473055,0.7936293305076696,0.07536645496755758,0.005680102534376884,0.02349356799211744,0.018337246422351513,0.0003362546063540434,2.564743161201477,0.7382229493074887,0.5449731228842469
0.3,0.0,0.0,0.5,0.3188363065984997,0.015202672890529555,0.00023112126301644227,0.31782626088188803,0.016828905355183544,0.0002832120554537254,0.8136157775088406,0.1286188784216232,0.01654281588643629,0.8134001923006954,0.1287676489023137,0.016581107403829533,0.6997500424415559,0.20719668501282093,0.04293046628030213,0.8098249693991978,0.13133606556997748,0.017249162119401428,0.8096028344662655,0.1314895276116475,0.01728949587153421,0.6930083759636558,0.2121172380696262,0.04499372268628648,0.48250555324655514,0.28316062050419005,0.08017993700431794,0.4820675885326356,0.2833549438260642,0.08029002419067198,0.3273864341405718,0.32456754064037296,0.10534408843734015,0.45295351647826293,0.2978207474302024,0.08869719759988444,0.4524777146327922,0.29803163064445504,0.08882285286459288,0.2802640956500113,0.34470814297950225,0.11882370383637698,0.6833639504652436,0.09560653461286982,0.009140609460681874,0.80805707894345,0.07038351530584434,0.004953839226808025,0.01999500455050066,0.01711667358302615,0.0002929805145478653,3.2526951313018797,0.8205724286613225,0.6733391106791412
0.3,0.0,0.0,0.75,0.30102026889894934,0.008882714944219524,7.890262478026085e-05,0.29832681365465163,0.010302247628667442,0.00010613630620238391,0.9349246233952833,0.13719620281319686,0.018822798066359843,0.9348497036662897,0.13735415439001497,0.01886616372819607,0.910032282305469,0.18967296022971608,0.035975831842303456,0.9444616206136048,0.11715242154347648,0.013724689873500411,0.9443964312823928,0.11728996636195684,0.013756936209188966,0.9097985352235147,0.1903387538471473,0.036228841216084925,0.7040647583451858,0.1569282718684032,0.024626482511603463,0.703752514983251,0.1570353452740521,0.024660099665340763,0.5597265388712381,0.19606226049783135,0.03844040999151948,0.6942427175033576,0.18585572763255123,0.03454235149382506,0.6939099156142685,0.18599666939328405,0.034594761025394605,0.5287182690078174,0.22761262142408428,0.051807505431543506,0.5846839935686918,0.0840295698121607,0.0070609686028167895,0.7286323103870369,0.04758126143947582,0.0022639764401717485,0.03806542698918411,0.014195203160887094,0.00020150379277885896,2.9333671808242796,0.8937771930554822,0.7988376708261368
0.3,0.0,0.0,1.0,0.28372005349165086,0.016377817217219037,0.00026823289680063633,0.2816238242078193,0.014573680862794678,0.00021239217389058785,0.8129296845118139,0.23350628083353178,0.054525183188708214,0.8127146602459889,0.23376924528479173,0.054648060041021115,0.7944996971664956,0.2614287792620488,0.06834500662644506,0.8922906790284741,0.1390521354513428,0.019335496373578582,0.8921651225470981,0.13921422817180218,0.019380601325470596,0.8265678725921128,0.22389991371602325,0.050131171362042655,0.5020783364755046,0.28666715872749643,0.08217805989289563,0.5016307311279925,0.2868324972449816,0.0822728814757924,0.37897909353585585,0.23976823707223868,0.05748880750872925,0.5208581477447871,0.24920241525063613,0.06210184376675048,0.520405745671001,0.2493501049705227,0.0621754748488107,0.33280233206862025,0.25660236685613685,0.06584477467617145,0.5558122143747404,0.014181093986113304,0.00020110342664297892,0.7173766920635459,0.01188468141487352,0.00014124565233304006,0.04146921621233797,0.004321796326714134,1.867792348959978e-05,3.2284820556640623,1.4873649271679046,2.2122544265691864
0.3,0.0,0.25,0.0,0.3062802377934316,0.01525416970391627,0.000232689693355877,0.303923464454671,0.01688042390151244,0.00028494871109475245,0.9200042907965317,0.1288065293442833,0.016591122001719714,0.9199117331741089,0.12895556325777432,0.016629537295129837,0.8710677500178035,0.20760416196239137,0.04309948806410682,0.9175342903707234,0.13286145811186326,0.017652167051610393,0.9174377119191673,0.1330170980083755,0.017693548362569773,0.8664405033715429,0.21526033712027012,0.046337012737132345,0.6666931357244485,0.2244163319137373,0.05036269002961671,0.6663608845091049,0.22457098334129966,0.050432126558878285,0.5161551008824203,0.25960558162969877,0.06739505801329418,0.6459848772983386,0.23605852666128238,0.05572362800949536,0.6456234754179733,0.23622649837539966,0.055802958534702705,0.47902743433625616,0.27601607602675143,0.07618487422520542,0.6044199849480021,0.09595858203671737,0.009208049466497416,0.7498462682854379,0.07049824803201706,0.004970002975583797,0.03414618429487122,0.017152674134017547,0.00029421422994779464,2.3700329303741454,1.2792307434821466,1.6364312950698854
0.3,0.0,0.25,0.25,0.30936304363876366,0.016209815125287762,0.0002627581063960079,0.3073429522055403,0.017948433009441118,0.0003221462474943955,0.8936114867123089,0.1373469800636646,0.018864192932608683,0.8934884591265867,0.13750580799387352,0.01890784723204801,0.8286822924237525,0.22117020945107957,0.04891626154863441,0.8922906790284741,0.13905213545134282,0.01933549637357859,0.8921651225470981,0.13921422817180215,0.019380601325470592,0.8265678725921128,0.22389991371602325,0.050131171362042655,0.5477978919258791,0.23778514650502872,0.056541775898417974,0.5473817401316858,0.23792162204484676,0.05660669823645091,0.3784973713174233,0.24369930085898583,0.05938934923915849,0.520858147744787,0.24920241525063613,0.06210184376675048,0.520405745671001,0.24935010497052268,0.06217547484881068,0.33280233206862025,0.25660236685613685,0.06584477467617145,0.6237715517241379,0.1019162212439495,0.010386916152645663,0.7642740167212181,0.07514983341590463,0.005647497462438216,0.030647620853254436,0.01826909449304497,0.000333759813595806,2.6476608514785767,1.3625150483501693,1.8564472569806645
0.3,0.0,0.25,0.5,0.32208774651163663,0.013326606588287843,0.00017759844315899694,0.3214143827005622,0.014745944363687834,0.00021744287517697701,0.786610000711518,0.11247027128917315,0.012649561923860207,0.7863630847406798,0.11260041381826477,0.012678853192044473,0.6560326769474722,0.1812980223611062,0.03286897291204817,0.7795302013550517,0.11645164747030087,0.013560986198547231,0.7792718551207274,0.11658823734965237,0.013592817088298875,0.6426795419666006,0.18899515813678486,0.03571916979914832,0.582155353985274,0.3417541361272639,0.11679588956009243,0.5818059053051219,0.34201411390622904,0.11697365411106302,0.46112539321417956,0.4166890632385603,0.17362977542262892,0.5584334549703093,0.36029638487137094,0.12981348495137907,0.558053853537851,0.3605787279029013,0.13001701901607454,0.4236417961705995,0.44427294670574236,0.19737845117460337,0.7038687910509032,0.08384043791780531,0.007029219030249365,0.8228596900653983,0.061559794085416675,0.003789608247838902,0.0163787466254563,0.014979753938815888,0.0002243930280674701,3.010761594772339,0.8938724500787081,0.7990079570097124
0.3,0.0,0.25,0.75,0.3053185155654455,0.010989515502219972,0.00012076945097353309,0.30329842413222213,0.012727974432548332,0.000162001333155604,0.8698492467905664,0.1680324943408145,0.028234919154395854,0.8696994073325793,0.16822594754942724,0.028299969428902647,0.8200645646109377,0.23230276427737936,0.053964574290911685,0.8889232412272097,0.14350926645484308,0.020594909558407145,0.8887928625647856,0.1436777701365602,0.020643301631414226,0.8195970704470295,0.23318877830182005,0.05437700632589538,0.6761440422865992,0.21799219086532484,0.047520595278264216,0.6758299938583466,0.21814583558729675,0.04758760558407991,0.5521870396832045,0.2770460248340665,0.07675449987635817,0.6745959264418524,0.26120285835354573,0.06822693321206248,0.6742683247723551,0.26140429662393333,0.06833220629345332,0.5258708672607696,0.3218648687870253,0.10359699375928903,0.6245404009304871,0.10291677905252425,0.010591863410546094,0.7512014147108678,0.05827548228838248,0.0033960318359435803,0.03133205338074322,0.017385504393036093,0.0003022557630002773,3.6567174434661864,2.1917511558391887,4.80377312912242
0.3,0.0,0.25,1.0,0.2826819025267924,0.01594417078532828,0.0002542165820317158,0.280935133376811,0.014293472009935849,0.00020430334209881954,0.7718201843739882,0.23440176091043116,0.05494418551791093,0.7715588620906433,0.2346657464988518,0.05506801257986338,0.7444034993818528,0.26628982749902924,0.07091027222946275,0.8636796298849605,0.14378194363144375,0.02067324731443567,0.8635202731927164,0.14395006890572773,0.020721622337963763,0.7797244396675994,0.23242324096078798,0.054020562938716515,0.5183300821908365,0.27061631977479605,0.07323319252845467,0.5179056821228053,0.2707793487217756,0.07332145569418896,0.40983051988841945,0.2580628178828964,0.06659641797366098,0.5494691968883008,0.2873338130104918,0.08256072009914829,0.5490505950253827,0.2875334499516817,0.08267548484111624,0.37964576499313374,0.3293606202075264,0.10847841814348644,0.5579559617781471,0.013954586029163487,0.0001947304712453248,0.7194707787947925,0.011927198046044083,0.0001422580532295578,0.040763005257719045,0.004290874490536483,1.841160389353672e-05,3.5338403940200807,1.5000334238783604,2.250100272752237
0.3,0.0,0.5,0.0,0.30953167770656853,0.016428322179779582,0.00026988976964263775,0.3075115862733453,0.01816686336708091,0.0003300349245981863,0.8929985139992089,0.1381395836846921,0.019082544580580053,0.8928746256140933,0.138299524980968,0.019126758609961395,0.8273503845237198,0.22289337984712265,0.0496814587796737,0.8872395223265774,0.14565427028766992,0.0212151664530336,0.8871067325736292,0.14582583791368767,0.021265175003229105,0.8161116693744876,0.23761193237230352,0.056459430405700145,0.7663429364631674,0.2149218631707689,0.046191407268794706,0.7660992012815913,0.2151019772755059,0.04626886062783226,0.6498940599560281,0.2820977381987973,0.07957913389687717,0.751464815790385,0.22714178560786352,0.05159339076912863,0.7511996143230322,0.22733784178913316,0.05168249430934094,0.6224051348568442,0.3023412319986794,0.09141022056647927,0.6249248255336617,0.10341104598596429,0.01069384443191122,0.7646488794073864,0.07563463920924254,0.0057205986483122905,0.03052992636982686,0.018421385546854505,0.00033934744546586,2.2795568466186524,0.4468204871495708,0.19964854773657978
0.3,0.0,0.5,0.25,0.31575350075316766,0.01630800845637793,0.0002659511398132941,0.3144067731310188,0.01804648806596079,0.00032567573151486516,0.8400085815930634,0.13770093448066587,0.018961547356848636,0.8398234663482176,0.13786026002555962,0.019005451294314912,0.7421355000356069,0.22194100403397754,0.04925780927161003,0.8350685807414469,0.1420982217559326,0.020191904626198198,0.8348754238383347,0.14226471502230847,0.020239249140378644,0.7328810067430859,0.23029050409222154,0.053033716275049506,0.6014007970451246,0.3020792079219528,0.0912518478587544,0.6010467329100548,0.3022985114231249,0.0913843900086372,0.4650441637055689,0.3591447381174977,0.128984942917486,0.5780802460318145,0.3181202646837381,0.10120050280245158,0.5776954443797645,0.31835844675984887,0.10135210062334352,0.42648919791764717,0.3824079279649685,0.14623582337046054,0.6640123836891079,0.10258861245153159,0.010524423404730542,0.7936293305076696,0.07536645496755759,0.005680102534376886,0.02349356799211744,0.018337246422351513,0.0003362546063540434,3.1842603206634523,1.7084209339244965,2.9187020874714484
0.3,0.0,0.5,0.5,0.3031412205921646,0.013354419821725708,0.00017834052877490047,0.3004477653478668,0.014773932226854039,0.00021826907344367635,0.9466014191184545,0.11257512307897823,0.012673158336247096,0.9465396183924621,0.11270541215019315,0.012702509927944907,0.9138971769118653,0.18152370557981076,0.03295085568742582,0.9444616206136048,0.11715242154347646,0.01372468987350041,0.9443964312823928,0.11728996636195684,0.013756936209188966,0.9097985352235147,0.1903387538471473,0.036228841216084925,0.7127400313439219,0.1764336749048708,0.03112884164043764,0.7124342085032224,0.17656327482898565,0.031174590018335915,0.5633472675678826,0.21338936083083274,0.045535019315791334,0.6942427175033576,0.18585572763255118,0.03454235149382505,0.6939099156142685,0.18599666939328405,0.034594761025394605,0.5287182690078174,0.22761262142408425,0.0518075054315435,0.5846839935686918,0.0840295698121607,0.0070609686028167895,0.7352935656209348,0.061623712493134065,0.003797481941436447,0.03768397923096386,0.01499964547243203,0.0002249893642986507,3.1421247720718384,1.9040402855358254,3.6253694089433472
0.3,0.0,0.5,0.75,0.30319585555217976,0.010288291670084045,0.00010584894548872076,0.30083908221341915,0.011914453745084165,0.00014195420804375008,0.9016221707936516,0.15840335405571931,0.025091622576101567,0.9015088482101155,0.158585820750372,0.025149462543069122,0.8642302014591239,0.21861014460111966,0.047790395322522446,0.914166852569459,0.13820449741413263,0.01910048310549299,0.9140654519368546,0.13836776794406266,0.019145639205821973,0.8594697012264595,0.2262752781979932,0.05120050152357922,0.7826814272923288,0.0816282392016823,0.006663169435167064,0.7824408061181259,0.08174065544721015,0.006681534752939528,0.6803193510076471,0.1820331278155289,0.03313605962230468,0.799722655995404,0.13820449741413263,0.019100483105492994,0.7994860545193274,0.13836776794406266,0.019145639205821977,0.6720959695284054,0.2262752781979932,0.05120050152357922,0.6051888341543513,0.09719084276408027,0.009446059917192174,0.7396835980946829,0.054133974142523966,0.002930487156463453,0.03470647348380491,0.016250190494683292,0.00026406869111349516,3.3856520652770996,1.4873187669939325,2.2121171146523517
0.3,0.0,0.5,1.0,0.2963678537476631,0.0,0.0,0.2928732524091618,5.851389114294502e-17,3.4238754566884194e-33,0.993802871892434,0.0,0.0,0.993791539014684,0.0,0.0,0.9970015588267456,0.0,0.0,1.0,0.0,0.0,1.0,0.0,0.0,1.0,0.0,0.0,0.7241297628067429,0.0,0.0,0.7238102281241722,0.0,0.0,0.5647027713619143,0.0,0.0,0.7138895085648629,7.401486830834377e-17,5.4782007307014706e-33,0.7135515064561819,7.401486830834377e-17,5.4782007307014706e-33,0.531565670754865,0.0,0.0,0.5448275862068965,0.0,0.0,0.7081708574245887,0.0,0.0,0.04481686525215084,5.3798185117919446e-17,2.8942447219819296e-33,3.4080948352813722,1.2263687445075269,1.5039802975049676
0.3,0.0,0.75,0.0,0.3001646461579279,0.01477443966021374,0.0002182840672732967,0.29798619497612855,0.015922582908777974,0.0002535286464869085,0.9305867822696567,0.10359854685551546,0.010732658910574434,0.930495607123059,0.10371260497969514,0.010756304431674286,0.9047312426801932,0.1755198561609326,0.03080721990675447,0.9461453395142371,0.11353559316672045,0.012890330915719058,0.9460825612735491,0.11366794131876877,0.012920400883647062,0.9132839362960563,0.18281351401914583,0.033420780908028434,0.6371462870741855,0.19280724953388395,0.0371746354728214,0.6367798009719868,0.19291718029233845,0.03721703845194662,0.4719145998432393,0.19848495130935065,0.0393962758962753,0.617373828154825,0.2034729200110758,0.041401229177833655,0.6169786260635914,0.20359350816240132,0.04145031656587377,0.4321840014117426,0.2095149551959978,0.043896516450780965,0.6063685344827586,0.07158288008039196,0.005124108720603777,0.7567868683045866,0.0499657602270772,0.00249657719506977,0.032846809514068445,0.012346568485107793,0.00015243775335745693,2.2142924308776855,0.8419967339454149,0.7089584999747458
0.3,0.0,0.75,0.25,0.3072838048320575,0.01824220781266497,0.00033277814588045484,0.30565033032248107,0.01964800909179093,0.0003860442612710991,0.8809365768656484,0.12732167092162616,0.016210807886274867,0.8807905427722421,0.127461942071252,0.016246546676575203,0.8205867052648674,0.21611824419936687,0.04670709547581717,0.8889232412272097,0.14350926645484305,0.02059490955840714,0.8887928625647856,0.1436777701365602,0.020643301631414226,0.8195970704470295,0.23318877830182003,0.054377006325895365,0.6907431388616109,0.24746957195852842,0.06124118904533728,0.6904387360005726,0.247654923180013,0.06133296097529814,0.5584438021115548,0.3017034011625008,0.09102494227302087,0.6745959264418524,0.26120285835354573,0.06822693321206247,0.6742683247723551,0.2614042966239334,0.06833220629345334,0.5258708672607696,0.3218648687870253,0.10359699375928903,0.6410921250684182,0.08867260471965376,0.007862830827767961,0.7807376178629445,0.0615193490260561,0.0037846303045897096,0.02691062702396448,0.015222192701528907,0.0002317151506424799,3.1910176992416384,2.1823541781331466,4.762669758815202
0.3,0.0,0.75,0.5,0.30022085751386285,0.014893532815087537,0.0002218173197140893,0.2980424063320635,0.01604163390211257,0.0002573340182494074,0.9303824580319568,0.1040304010526282,0.010822324343170667,0.9302909959522279,0.10414506594758789,0.01084619476122743,0.9042872733801823,0.17645892849578765,0.031137753445881496,0.9444616206136048,0.11715242154347649,0.013724689873500416,0.9443964312823928,0.11728996636195682,0.013756936209188964,0.9097985352235147,0.1903387538471473,0.036228841216084925,0.7099946352532817,0.17621974603533874,0.031053398892759283,0.7096856213552887,0.17634947211342078,0.031099136314682172,0.5623801627227742,0.2133842010076799,0.04553281723968595,0.6942427175033576,0.18585572763255123,0.03454235149382506,0.6939099156142685,0.18599666939328402,0.0345947610253946,0.5287182690078174,0.22761262142408428,0.051807505431543506,0.6067529590859333,0.07239898858154975,0.005241613547631371,0.7569118225333094,0.05023005032575434,0.0025230579557278133,0.03280757801959258,0.012429619674106473,0.00015449544524293472,6.340039610862732,4.014801941055098,16.118634625899784
0.3,0.0,0.75,0.75,0.3006713861801248,0.012101914060202106,0.0001464563239205174,0.2987654233344368,0.013417130223020194,0.00018001938342148191,0.8878894024309547,0.14776284630537584,0.021833858748266124,0.8877506615098698,0.1479263411932753,0.021882202418829298,0.8563669067465705,0.21193442960430445,0.04491620245170188,0.9158505714700912,0.13557092231675014,0.018379474977814298,0.9157515819280109,0.13573044135803947,0.018422752711248193,0.8629551022990013,0.22086705261551118,0.04878225493106299,0.7182149865514875,0.1688349941250189,0.028505255241195168,0.7179228222970826,0.16896273383800253,0.028548405426011683,0.5964350766156732,0.2309643575514586,0.053344534459158016,0.7228537666468713,0.2097079348666238,0.04397741794602413,0.7225547649686503,0.20988169232309642,0.04405032477240691,0.5755617019323308,0.27211575132502314,0.07404698211918184,0.624114754378763,0.08325303113834859,0.006931067193722839,0.7587550825291902,0.04133327273324286,0.0017084394348406374,0.030433851925389322,0.013313671652020196,0.00017725385285780615,3.6241900444030763,2.0756428348659437,4.308293177930331
0.3,0.0,0.75,1.0,0.2927622574501316,5.448925692229272e-05,2.969079119943625e-09,0.28991252713124815,5.572678484656733e-05,3.1054745493356063e-09,0.9738403633124413,0.0006466141745740465,4.181098907600755e-07,0.9737925230629513,0.0006477966903637778,4.196405520462642e-07,0.9850064430138998,5.7032285203300294e-06,3.252681555510586e-11,1.0,0.0,0.0,1.0,0.0,0.0,1.0,0.0,0.0,0.7233673761854993,0.0024898979244784734,6.1995916743222105e-06,0.7230469472747709,0.0024927820213314325,6.2139622058732225e-06,0.5645161455051853,0.0008218603237112392,6.75454391690743e-07,0.7138895085648629,3.700743415417188e-17,1.3695501826753676e-33,0.713551506456182,3.700743415417188e-17,1.3695501826753676e-33,0.531565670754865,0.0,0.0,0.5724137931034483,0.0,0.0,0.7352485228591423,0.0,0.0,0.03876050003716519,6.739661820829858e-06,4.542304145915163e-11,5.349949479103088,2.418261987332919,5.847991039379359
0.3,0.0,1.0,0.0,0.26152737811493443,0.01751177818122756,0.00030666237506851767,0.262921154808441,0.016587226690738942,0.0002751360892899623,0.7687477716144446,0.12277163839040732,0.015072875193064935,0.7684088989199979,0.12286025342497563,0.015094641871649236,0.7589894413502665,0.16963381671005578,0.028775631771620805,0.9158505714700912,0.13557092231675014,0.018379474977814298,0.9157515819280109,0.13573044135803944,0.018422752711248182,0.8629551022990013,0.22086705261551118,0.04878225493106298,0.5989793318699193,0.17635399489681639,0.031100731516066342,0.5985624896546984,0.1764928343699857,0.031149720583951206,0.5267691254413233,0.2140461572013595,0.0458157574126691,0.7228537666468713,0.2097079348666238,0.04397741794602414,0.7225547649686503,0.20988169232309642,0.04405032477240691,0.5755617019323308,0.27211575132502314,0.07404698211918184,0.7063439966763606,0.09529208153371989,0.009080580803029118,0.8164381553801412,0.050298235809123085,0.002529912525510152,0.021725077061894478,0.013370569130146913,0.0001787721188640376,2.9665035009384155,1.1223439012167502,1.2596558325984342
0.3,0.0,1.0,0.25,0.2594969264995821,0.01440011171836098,0.0002073632175012772,0.26088986484871757,0.013440257872734177,0.00018064053168559302,0.7666504370940862,0.12467775166856614,0.015544541761128646,0.7663088653924797,0.12476809072158038,0.01556707646230851,0.759384414831273,0.16787765248928233,0.028182906205312237,0.9192180092713557,0.1300713624395519,0.016918559326881268,0.9191238419103236,0.13022298629576412,0.016958026159786768,0.8699259044440847,0.20943919151340165,0.04386477494178733,0.4636285172479462,0.20788545990018567,0.04321636443791171,0.4631017368344126,0.2079789896850493,0.04325526015041384,0.3669870486099821,0.19508828962639763,0.038059440749353204,0.569115987949806,0.23310751445611244,0.05433911329590667,0.5686921858672961,0.23324566553895343,0.054403540492709325,0.3824931667401814,0.24002953535273536,0.05761417784165003,0.7075488159534691,0.09333803246991698,0.008711988305355278,0.8172405650186956,0.04899437948981862,0.0024004492215923593,0.02143595341325766,0.012899245707227978,0.0001663905398154394,6.097194314002991,4.761655563920031,22.673363709410587
0.3,0.0,1.0,0.5,0.2613502170354451,0.016183392351767887,0.00026190218801125934,0.2629816106646636,0.015453002104715155,0.00023879527404833102,0.8032134930331173,0.10927704354337825,0.011941472245581387,0.8029086029677556,0.10936136283260381,0.011959907680604419,0.8029355619964209,0.1524278546911867,0.02323425088575752,0.9444616206136048,0.1171524215434765,0.013724689873500418,0.9443964312823928,0.11728996636195685,0.013756936209188969,0.9097985352235147,0.1903387538471473,0.036228841216084925,0.5995298831885635,0.1661122216461687,0.027593270180225875,0.5991054025656806,0.16622468361787668,0.0276306454438632,0.5033503818464558,0.1824034239187252,0.03327100905727417,0.6942427175033576,0.18585572763255126,0.03454235149382508,0.6939099156142685,0.185996669393284,0.03459476102539459,0.5287182690078174,0.22761262142408425,0.0518075054315435,0.7262692147901952,0.08275428724323759,0.0068482720571362765,0.8269821603656003,0.04362186577168877,0.0019028671734032322,0.01891011767636025,0.011569166585670122,0.00013384561548698606,5.061286783218383,2.774618554712969,7.698508124157485
0.3,0.0,1.0,0.75,0.2583571434337704,0.013639086129308609,0.00018602467044269848,0.2599662857946744,0.012920753775144816,0.00016694587811791903,0.7940180212013666,0.11789007719641373,0.013898070301376388,0.7937002570023921,0.11798123965127269,0.01391957290965104,0.7957369282621523,0.15583582369668075,0.024284803947222967,0.9461453395142371,0.11353559316672043,0.012890330915719055,0.9460825612735491,0.11366794131876878,0.012920400883647064,0.9132839362960563,0.18281351401914583,0.033420780908028434,0.541449941018032,0.16616623797673305,0.027611218643340284,0.5409760554744396,0.16624496775729825,0.02763738930462513,0.43047968329932373,0.1570994176169594,0.024680227015587815,0.617373828154825,0.20347292001107578,0.04140122917783364,0.6169786260635914,0.2035935081624013,0.041450316565873765,0.4321840014117426,0.2095149551959978,0.043896516450780965,0.7268716244287494,0.08147211409745536,0.0066377053755087845,0.8258916075953782,0.04591070163586639,0.002107792524697545,0.01809468371257662,0.009845062082494395,9.692524740816886e-05,7.820656681060791,3.6805092628228198,13.546148433724575
0.3,0.0,1.0,1.0,0.24793542631906487,0.007462324764598287,5.568629089233688e-05,0.24963841363110467,0.008052342040752185,6.484021234126506e-05,0.8017356654540068,0.11846258796320812,0.014033384746940821,0.8014103794023926,0.11856026721589828,0.014056536962305204,0.81939867975059,0.13471701879797007,0.01814867515381262,0.9730726697571186,0.0851516948750403,0.007250811140091965,0.9730412806367745,0.0852509559890766,0.007267725497051476,0.9566419681480282,0.1371101355143594,0.018799189260766,0.5638474477505602,0.1661788609583728,0.027615413829422203,0.5633764706139809,0.16626863174347317,0.027645257901846694,0.4629694531548797,0.13624198422217107,0.01856187826479431,0.6656316683598439,0.15260469000830687,0.023288191412531432,0.6652650662598868,0.15269513112180105,0.023315803068304015,0.48187483608330384,0.15713621639699835,0.024691790503564293,0.7461944329040299,0.061104085573091535,0.003733709273723693,0.8274404731810707,0.05668396638944807,0.0032130720456400785,0.017176165296065117,0.010530220307196912,0.00011088553971810221,4.897043371200562,3.2053152728625824,10.274045998446132
0.3,0.25,0.0,0.0,0.31267069490783556,0.016723088869022636,0.00027966170132122874,0.3109872853801495,0.018497437476031213,0.00034215519317968397,0.8664013856772861,0.1408272808548691,0.019832323032976176,0.8662467403957399,0.14099029455777504,0.019878263159488166,0.7845209576296578,0.22714063926639505,0.0515928700063466,0.860312192083696,0.14737217660097623,0.021718558436109328,0.8601480132104037,0.14754545296341862,0.021769660690180378,0.772753637522516,0.239876555074308,0.057540761674317514,0.720296040843694,0.2662897854385733,0.0709102498289214,0.720025877287474,0.26649746017213055,0.0710208962781963,0.602701893270566,0.3324386604070139,0.11051546293320992,0.7032069755853662,0.2809112756468402,0.07891114478553503,0.7029131741267369,0.28113708371918084,0.0790380598421257,0.5727143001852831,0.3551519041945738,0.12613287505303172,0.6446608169129722,0.105242826836685,0.011076052600576465,0.7792015820718893,0.07709596767016236,0.0059437882309987195,0.026992131433734218,0.01877042401800605,0.0003523288178157383,2.625555324554443,1.1954792068609479,1.4291705340368812
0.3,0.25,0.0,0.25,0.30947546635063355,0.016356025499880144,0.00026751957015272947,0.3074553749174103,0.01809454025820749,0.0003274123871558915,0.893202838236909,0.137876225188145,0.01900985347213207,0.8930792367849243,0.13803579675437536,0.019053881185615223,0.8277943538237306,0.22232145882801038,0.04942683105541471,0.8889232412272097,0.14350926645484305,0.02059490955840714,0.8887928625647856,0.14367777013656016,0.020643301631414222,0.8195970704470295,0.23318877830182003,0.054377006325895365,0.6934945882840713,0.24786004293563163,0.061434600884053156,0.6931933808982895,0.24804534338875123,0.06152649237684352,0.5594284970764932,0.30172158108667013,0.09103591249344005,0.6745959264418524,0.26120285835354573,0.06822693321206248,0.6742683247723551,0.26140429662393333,0.06833220629345332,0.5258708672607696,0.3218648687870253,0.10359699375928903,0.6245404009304871,0.10291677905252425,0.010591863410546094,0.7645239251786636,0.07547361315819363,0.005696266283152659,0.03056915786430272,0.018370855226525866,0.0003374883217539727,2.560124397277832,0.8615373099111934,0.7422465363690157
0.3,0.25,0.0,0.5,0.3158097121091026,0.016356562112298693,0.0002675371241334851,0.31446298448695376,0.018095025314617468,0.000327429941136647,0.8398042573553635,0.13787706628607568,0.01901008540765491,0.8396188551773867,0.13803663924122078,0.01905411377301093,0.741691530735596,0.22232392157383032,0.04942792610396665,0.8333848618408146,0.1435641287185632,0.02061065905472018,0.8331892938471782,0.14373272510696983,0.020659096266675756,0.7293956056705442,0.23333344237256548,0.05444449532943134,0.6742491452242207,0.3015249205801182,0.0909172777308466,0.6739525532933566,0.3017543820320142,0.09105570707552278,0.5555097265851039,0.36946269031249435,0.13650267953294612,0.6549491353803472,0.3178895172142552,0.10105374515471226,0.6546267339304416,0.3181388624550233,0.10121233580417624,0.5230234655137219,0.3941680669248037,0.15536846498323656,0.6643968082922824,0.10292076769626189,0.010592684423187905,0.7937542847363923,0.07547418780714789,0.005696353025148632,0.02345433649764158,0.018371087947260122,0.0003374968723659661,3.1343294620513915,1.1547751359434786,1.3335056145932795
0.3,0.25,0.0,0.75,0.30749458525356965,0.011267071769885027,0.00012694690626774012,0.3058111757258835,0.013041358726796558,0.00017007703744099272,0.8375664799212992,0.17123008472077714,0.029319741913484514,0.8373794949288305,0.17142719751723298,0.029387284048612405,0.7753534464300321,0.2368066361435859,0.05607738292164069,0.8619959109843283,0.14559894496367445,0.021199052774535102,0.8618341432015602,0.14576968286006653,0.02124880044112437,0.7762390385950576,0.2362078747781797,0.05579416010722422,0.6313246752651605,0.24909159718673543,0.062046623789038864,0.6309855493967854,0.2492642128479029,0.06213264780668464,0.5069631028457124,0.30933984676366644,0.09569114079576864,0.6263380862368335,0.295467925215025,0.08730129483087162,0.6259818845760597,0.29569037563601147,0.08743279824376556,0.4761800325892084,0.3572953132117025,0.1276599408430486,0.6442763923097974,0.10483764391031124,0.010990931580665218,0.7625637216908732,0.05955947974882468,0.0035473316279506575,0.027962788810242355,0.01774672463861928,0.00031494623539897665,3.2534064292907714,0.9962100632450571,0.9924344901107207
0.3,0.25,0.0,1.0,0.28887855612547364,0.013581355589579298,0.00018445321965059687,0.2864328667077918,0.012100396598878255,0.00014641959785014445,0.8615397354114871,0.21334160890503995,0.04551464209019102,0.8613793659896988,0.213582013512445,0.045617276496030236,0.8447260068101883,0.24520834002108607,0.06012713001589656,0.914166852569459,0.13820449741413263,0.01910048310549299,0.9140654519368546,0.1383677679440626,0.01914563920582196,0.8594697012264595,0.22627527819799317,0.05120050152357921,0.7256338797791623,0.002421858413074193,5.865398172978249e-06,0.725347586541322,0.0024753822240937587,6.127517155359364e-06,0.6314176898046991,0.10742122419396645,0.011539319407330403,0.799722655995404,0.13820449741413263,0.019100483105492994,0.7994860545193274,0.13836776794406266,0.019145639205821977,0.6720959695284054,0.22627527819799317,0.05120050152357921,0.5512588284171167,0.010355283757144104,0.00010723190169097252,0.7144531176183284,0.010115399920563425,0.00010232131555293453,0.04269823238829406,0.003411323001889633,1.1637124623221296e-05,3.0262465715408324,1.163446109026999,1.3536068486100636
0.3,0.25,0.25,0.0,0.3126144835519006,0.016663841376350803,0.000277683609416181,0.3109310740242145,0.0184381891640054,0.0003399668196476462,0.8666057099149862,0.1406119072246339,0.019771708453349048,0.866451351566571,0.14077461847920975,0.019817493207967066,0.7849649269296688,0.22667266647754158,0.05138049772803881,0.8619959109843283,0.14559894496367448,0.021199052774535113,0.8618341432015602,0.14576968286006656,0.02124880044112438,0.7762390385950576,0.2362078747781797,0.05579416010722422,0.647447692664598,0.2805336552011265,0.07869913170050453,0.6471200569041721,0.28073840780922577,0.07881405361925914,0.512236330391031,0.3353878112331474,0.11248498392376131,0.6263380862368335,0.295467925215025,0.08730129483087162,0.6259818845760597,0.2956903756360114,0.08743279824376554,0.4761800325892084,0.35729531321170244,0.12765994084304855,0.6442763923097974,0.10483764391031125,0.010990931580665221,0.7790766278431666,0.07696425665874405,0.005923496803033028,0.027031362928210078,0.018729071598822866,0.00035077812295383325,2.4820836544036866,0.6132750505472625,0.3761062876237474
0.3,0.25,0.25,0.25,0.3158097121091026,0.01635656211229869,0.00026753712413348494,0.31446298448695376,0.01809502531461749,0.00032742994113664774,0.8398042573553635,0.13787706628607568,0.019010085407654906,0.8396188551773864,0.13803663924122075,0.019054113773010927,0.741691530735596,0.22232392157383032,0.04942792610396666,0.8333848618408146,0.1435641287185632,0.020610659054720183,0.8331892938471782,0.1437327251069698,0.02065909626667575,0.7293956056705442,0.23333344237256548,0.05444449532943134,0.6742491452242206,0.3015249205801182,0.09091727773084658,0.6739525532933566,0.3017543820320142,0.09105570707552278,0.5555097265851039,0.36946269031249435,0.13650267953294612,0.6549491353803472,0.3178895172142552,0.10105374515471226,0.6546267339304416,0.31813886245502326,0.10121233580417623,0.5230234655137219,0.3941680669248038,0.1553684649832366,0.6643968082922824,0.10292076769626186,0.0105926844231879,0.7937542847363923,0.07547418780714792,0.005696353025148634,0.02345433649764158,0.01837108794726012,0.00033749687236596604,3.645590305328369,0.7090591318352427,0.5027648524389481
0.3,0.25,0.25,0.5,0.30953167770656853,0.01642832217977953,0.000269889769642636,0.3075115862733453,0.01816686336708091,0.00033003492459818636,0.8929985139992089,0.13813958368469212,0.019082544580580056,0.8928746256140933,0.138299524980968,0.019126758609961395,0.8273503845237198,0.22289337984712262,0.04968145877967369,0.8872395223265774,0.14565427028766992,0.021215166453033604,0.8871067325736292,0.1458258379136877,0.02126517500322912,0.8161116693744876,0.23761193237230352,0.056459430405700145,0.7663429364631674,0.21492186317076892,0.04619140726879471,0.7660992012815913,0.21510197727550587,0.04626886062783224,0.6498940599560281,0.28209773819879724,0.07957913389687715,0.751464815790385,0.22714178560786347,0.05159339076912861,0.7511996143230321,0.22733784178913316,0.051682494309340944,0.6224051348568442,0.3023412319986794,0.0914102205664793,0.6249248255336617,0.1034110459859643,0.010693844431911223,0.7646488794073864,0.07563463920924254,0.0057205986483122905,0.03052992636982686,0.018421385546854505,0.00033934744546586,4.377406334877014,1.8854435215187983,3.554897272837207
0.3,0.25,0.25,0.75,0.30322739847856367,0.010338117400110928,0.00010687667137847634,0.30087062513980306,0.011964411096433307,0.00014314713288445644,0.9021320136598338,0.15758853836743317,0.024834147424783952,0.902019319736328,0.15777000085462525,0.02489137316966845,0.8647756827918436,0.2177368975932768,0.04740935657354511,0.9158505714700912,0.1355709223167501,0.018379474977814295,0.9157515819280111,0.1357304413580394,0.018422752711248176,0.8629551022990013,0.22086705261551115,0.04878225493106297,0.720963409308038,0.16891009696264048,0.028530620855928605,0.7206744383199079,0.16903733521587463,0.028573620696883968,0.5974109765206965,0.23080935888758922,0.053272960150099954,0.7228537666468713,0.20970793486662379,0.043977417946024125,0.7225547649686502,0.2098816923230964,0.0440503247724069,0.5755617019323308,0.27211575132502314,0.07404698211918183,0.6048044095511769,0.09657752789532957,0.00932721889437316,0.7398391077308626,0.054386015356555094,0.002957838666363446,0.03470131795124408,0.016258497745601477,0.0002643387489437283,5.49176766872406,3.319444971062506,11.01871491591216
0.3,0.25,0.25,1.0,0.2963678537476631,0.0,0.0,0.2928732524091618,5.551115123125783e-17,3.0814879110195774e-33,0.993802871892434,0.0,0.0,0.993791539014684,0.0,0.0,0.9970015588267456,0.0,0.0,1.0,0.0,0.0,1.0,0.0,0.0,1.0,0.0,0.0,0.7241297628067429,0.0,0.0,0.7238102281241722,0.0,0.0,0.5647027713619143,0.0,0.0,0.7138895085648629,5.233641528945917e-17,2.7391003653507353e-33,0.713551506456182,5.233641528945917e-17,2.7391003653507353e-33,0.531565670754865,0.0,0.0,0.5448275862068965,0.0,0.0,0.7081708574245887,0.0,0.0,0.0448168652521508,0.0,0.0,4.635958671569824,2.026450867735738,4.106503119346926
0.3,0.25,0.5,0.0,0.3031412205921646,0.013354419821725732,0.00017834052877490115,0.3004477653478668,0.014773932226854017,0.00021826907344367567,0.9466014191184545,0.11257512307897824,0.0126731583362471,0.9465396183924621,0.11270541215019317,0.01270250992794491,0.9138971769118653,0.18152370557981073,0.03295085568742581,0.9444616206136048,0.1171524215434765,0.013724689873500418,0.9443964312823928,0.11728996636195684,0.013756936209188966,0.9097985352235147,0.19033875384714727,0.03622884121608492,0.7127400313439219,0.1764336749048708,0.03112884164043764,0.7124342085032224,0.17656327482898565,0.03117459001833592,0.5633472675678826,0.21338936083083274,0.04553501931579133,0.6942427175033575,0.18585572763255123,0.03454235149382506,0.6939099156142685,0.18599666939328402,0.0345947610253946,0.5287182690078174,0.22761262142408425,0.0518075054315435,0.5846839935686918,0.08402956981216071,0.007060968602816791,0.7352935656209348,0.06162371249313405,0.003797481941436446,0.03768397923096386,0.014999645472432028,0.00022498936429865066,2.725409984588623,0.9630103616055039,0.9273889565595633
0.3,0.25,0.5,0.25,0.3190049406663046,0.015320016097329563,0.00023470289322243692,0.31799489494969296,0.016946155687597716,0.00028717219258830043,0.8130028047957406,0.12904340530376798,0.016652200452392532,0.812786358788202,0.12919277232663737,0.01669077242144236,0.6984181345415231,0.20812027878012881,0.04331405043951854,0.8047738126973009,0.13491913024404906,0.018203171705810674,0.8045444444927965,0.13507774754617746,0.018245997882148854,0.6825521727460307,0.21958732274723328,0.048218592311297596,0.7010505977838435,0.31865210159611435,0.10153916185162037,0.7007850496825411,0.31890029572763645,0.10169739861517398,0.5987831227791767,0.3954226486959933,0.15635907110175495,0.6835601845238608,0.3361355408900676,0.1129871018494583,0.6832715832848233,0.3364052305694853,0.11316847915450857,0.5698668984382353,0.422138307765457,0.1782007508830837,0.6845172242747675,0.09640960798433047,0.009294812511692278,0.8084319416296181,0.07064324375013818,0.004990467887541438,0.01987731006707308,0.017198314627709495,0.00029578202603368635,3.234334921836853,0.9929023130886123,0.9858550033367168
0.3,0.25,0.5,0.5,0.30319743194809956,0.013472266514095816,0.00018150196502682742,0.3005039767038018,0.014891842072046904,0.00022176696029878621,0.9463970948807546,0.11300484625247689,0.012770095276545941,0.9463350072216311,0.11313573853075572,0.012799695332899524,0.9134532076118544,0.18245665875217573,0.03329043232300791,0.9427779017129726,0.12063477538735072,0.01455274903275656,0.9427103012912366,0.1207772895896669,0.01458715368062626,0.9063131341509731,0.1975092552837133,0.039009905922727024,0.785588379523018,0.11300484625247688,0.012770095276545938,0.7853400288865242,0.11313573853075572,0.012799695332899524,0.6538128304474176,0.1824566587521758,0.03329043232300792,0.7711116068518903,0.12063477538735072,0.01455274903275656,0.7708412051649456,0.12077728958966692,0.014587153680626266,0.625252536603892,0.1975092552837133,0.039009905922727024,0.5850684181718664,0.08483512263294264,0.007196998032146416,0.7354185198496576,0.06188643532941897,0.003829930877782356,0.037644747736488,0.01508206769495814,0.00022746876595529996,4.178311562538147,2.300526857780945,5.292423823371469
0.3,0.25,0.5,0.75,0.3032276399960106,0.010338508591628272,0.00010688475989917158,0.30087086665725,0.011964801974885265,0.00014315648629821832,0.902641856526016,0.15676764535318338,0.02457609462958148,0.9025297912625408,0.15694809564623888,0.02463270472698095,0.8653211641245632,0.21685860970365586,0.047027656602602545,0.9175342903707234,0.13286145811186323,0.017652167051610386,0.9174377119191673,0.13301709800837552,0.017693548362569783,0.8664405033715429,0.21526033712027012,0.04633701273713234,0.6592453913237472,0.20477640261515226,0.04193337506800294,0.6589080705216898,0.20490910612262542,0.04198774177197337,0.5145026020337461,0.24111149447222976,0.05813475276663208,0.6459848772983386,0.23605852666128235,0.055723628009495346,0.6456234754179733,0.23622649837539966,0.055802958534702705,0.47902743433625616,0.27601607602675143,0.07618487422520542,0.6044199849480021,0.09595858203671738,0.00920804946649742,0.7399946173670422,0.05463640211173016,0.0029851364357146716,0.03469616241868324,0.016266798938585625,0.0002646087477083704,4.8268807888031,2.136680574062728,4.565403875577029
0.3,0.25,0.5,1.0,0.29546466778897507,0.003018389584599593,9.110675684419304e-06,0.29232058962286217,0.0019140256630861205,3.6634942389522635e-06,0.953116944113658,0.12866020049804738,0.016553447192197753,0.9530598355935089,0.12880495578938594,0.01659071663590567,0.9474352396093344,0.15674246395799377,0.024568200007622974,0.9730726697571186,0.08515169487504033,0.0072508111400919695,0.9730412806367745,0.08525095598907657,0.007267725497051472,0.9566419681480282,0.13711013551435938,0.018799189260765996,0.6843672796151254,0.12574001230967238,0.015810550695636562,0.6840278520642235,0.12580291908279306,0.015826374449751778,0.5268849721103683,0.11959038172989621,0.014301859402302294,0.665631668359844,0.15260469000830684,0.02328819141253143,0.6652650662598868,0.15269513112180103,0.023315803068304008,0.48187483608330384,0.15713621639699835,0.024691790503564296,0.5475737432488575,0.008684111065107199,7.541378499111728e-05,0.710472316084328,0.007277851305494642,5.296711962489007e-05,0.0439799529921976,0.00264654894317107,7.004221308599909e-06,6.584964299201966,3.9184808190630664,15.35449192936516
0.3,0.25,0.75,0.0,0.3073400161879925,0.018314532886473445,0.00033542211484971734,0.30570654167841604,0.01972035177876631,0.0003888922742782915,0.8807322526279485,0.1275849891303063,0.016277929451380378,0.8805859316014111,0.12772562991162562,0.01631383653632155,0.8201427359648565,0.2166901293211569,0.04695461214521969,0.8872395223265774,0.14565427028766992,0.021215166453033604,0.8871067325736292,0.14582583791368767,0.02126517500322911,0.8161116693744876,0.23761193237230352,0.056459430405700145,0.763591487040707,0.21550734191700627,0.046443414420133444,0.7633445563838744,0.2156887046852571,0.04652161732880405,0.6489093649910898,0.2824289670329078,0.07976612141927533,0.751464815790385,0.2271417856078635,0.051593390769128625,0.7511996143230321,0.22733784178913316,0.051682494309340944,0.6224051348568442,0.3023412319986794,0.09141022056647928,0.6414765496715928,0.0891665413348192,0.007950672093614022,0.7808625720916672,0.06168030897607964,0.0038044605153846503,0.026871395529488622,0.015272698504703872,0.00023325531961558387,3.536013197898865,1.3270922317016036,1.7611737914427428
0.3,0.25,0.75,0.25,0.30733355646480065,0.018320099225945692,0.000335626035648496,0.305700519027277,0.01972554126762603,0.0003890969783008176,0.8805276318402594,0.12740919231493253,0.016233102286343462,0.8803809365968585,0.1275495118233036,0.016268877966363067,0.8201404834120645,0.21668819075769938,0.04695377201384512,0.8872395223265774,0.14565427028766995,0.02121516645303361,0.8871067325736292,0.14582583791368767,0.021265175003229105,0.8161116693744876,0.23761193237230355,0.05645943040570015,0.7628035363429907,0.2156499762655181,0.04650491226331852,0.7625556929168689,0.21583165871628615,0.046583304904223424,0.6486482928414945,0.28251392567481204,0.07981411820019321,0.7514648157903852,0.2271417856078635,0.05159339076912862,0.7511996143230322,0.22733784178913316,0.05168249430934094,0.6224051348568443,0.3023412319986794,0.09141022056647927,0.6414765496715928,0.08916654133481922,0.007950672093614023,0.7808625720916672,0.061680308976079595,0.0038044605153846455,0.0268683459834256,0.015270074946133014,0.00023317518886051915,3.559976840019226,1.5445654912584181,2.3856825567863584
0.3,0.25,0.75,0.5,0.31785657985457394,0.01703955618844009,0.000290346475099007,0.317040133281279,0.01835403413408814,0.0003368705689952727,0.8070745380227248,0.11902954691417526,0.01416803303859385,0.8068471635922316,0.11916066140703543,0.014199263226962145,0.6952600902946928,0.20201439071940794,0.040809814057733616,0.8064575315979331,0.13375899337564612,0.01789146830886614,0.8062305744839527,0.1339159502550583,0.017933481732715254,0.6860375738185723,0.21718800927086562,0.04717063137104161,0.6262296708822728,0.32526409727685923,0.10579673297733015,0.6259043612438534,0.32551043407347513,0.1059570426907022,0.5075675519045533,0.3967977553285109,0.1574484586337448,0.6066912951753282,0.3435421253305921,0.11802119187666024,0.6063402937341463,0.34381000886462354,0.1182053221954925,0.4733326308421607,0.42322215248861184,0.1791169903570938,0.6924086617405584,0.08282132170337804,0.006859371328694439,0.8164138337430359,0.05750423539280058,0.0033067370881106183,0.01808786582382328,0.0142269735836932,0.00020240677735110414,4.37590491771698,1.7871502501524044,3.1939060166198017
0.3,0.25,0.75,0.75,0.3006321241724822,0.012068436378653777,0.0001456471566256139,0.2987270354708999,0.013383046475750462,0.00017910593297209686,0.8884998465879411,0.1458325672483279,0.021267137670238086,0.8883616145531903,0.14599351358937013,0.021314106010169604,0.8574533643064257,0.2101695042132821,0.044171220501256804,0.9192180092713557,0.13007136243955186,0.01691855932688126,0.9191238419103236,0.13022298629576412,0.016958026159786768,0.8699259044440847,0.20943919151340162,0.043864774941787324,0.5932030491874736,0.21359447962100345,0.04562260172456725,0.592812359766635,0.2137122939247344,0.04567294457457207,0.4300961833425817,0.21743036829343856,0.04727596505622034,0.569115987949806,0.23310751445611244,0.054339113295906676,0.5686921858672962,0.23324566553895348,0.05440354049270935,0.3824931667401814,0.24002953535273533,0.057614177841650016,0.6233459051724137,0.0820084916078357,0.006725392695792459,0.7590661018015497,0.041831894321324316,0.0017499073825104454,0.030417441768141623,0.013326059837518509,0.00017758387079312384,5.206703162193298,2.6189900054083406,6.859108648428779
0.3,0.25,0.75,1.0,0.292752330389589,4.7642226534760584e-05,2.2697817491894454e-09,0.28990455317033303,4.799393981566821e-05,2.3034182590299827e-09,0.9734341233335517,0.0009833552709349726,9.669875888755933e-07,0.9733855400741712,0.0009851537503372417,9.705279118035323e-07,0.9850118806654606,1.3628408651180409e-05,1.85733522363569e-10,1.0,0.0,0.0,1.0,0.0,0.0,1.0,0.0,0.0,0.7194075081905456,0.00830435291841008,6.8962277393506e-05,0.7190824917630166,0.008313973471344495,6.912215488222003e-05,0.5629704216919221,0.003225162430327064,1.0401672701993176e-05,0.7138895085648629,7.401486830834377e-17,5.4782007307014706e-33,0.7135515064561819,7.401486830834377e-17,5.4782007307014706e-33,0.531565670754865,0.0,0.0,0.5724137931034483,0.0,0.0,0.7352485228591423,0.0,0.0,0.038762302988883654,8.270995119610179e-06,6.84093602686154e-11,5.775055527687073,3.6340706260354527,13.206469315013708
0.3,0.25,1.0,0.0,0.2567350830888412,0.010303931658600623,0.00010617100762511217,0.2585645170953166,0.009849488915329455,9.701243189319781e-05,0.8268910215877913,0.08600537747849515,0.007396924955218442,0.8266026254699117,0.0860739681134668,0.007408727986798099,0.8381038067428129,0.11435607800963525,0.013077312577745782,0.9730726697571186,0.08515169487504032,0.007250811140091968,0.9730412806367745,0.08525095598907657,0.007267725497051472,0.9566419681480282,0.1371101355143594,0.018799189260766,0.5873756365033318,0.15513210151103624,0.02406596891923045,0.5869287789972157,0.15521792342711563,0.024092603753025934,0.47240332589883877,0.13909826639994066,0.019348327715468863,0.6656316683598439,0.15260469000830684,0.023288191412531425,0.6652650662598868,0.152695131121801,0.023315803068304,0.48187483608330384,0.15713621639699835,0.024691790503564293,0.7461944329040299,0.061104085573091514,0.0037337092737236904,0.8375261653510595,0.032074350377069384,0.001028763952111011,0.01609515829082602,0.00844453855160091,7.131023134947401e-05,4.573946499824524,3.383129437009491,11.445564787560155
0.3,0.25,1.0,0.25,0.2655542143795284,0.01816501425214032,0.00032996774278046097,0.2667650907869326,0.017230406710820177,0.000296886915420277,0.7458192986077383,0.1357477148700134,0.01842744209243045,0.7454672185376932,0.13585040602487156,0.018455332817122454,0.7276496545263104,0.18475770777873565,0.03413541058365268,0.8889232412272097,0.14350926645484305,0.020594909558407138,0.8887928625647854,0.1436777701365602,0.020643301631414226,0.8195970704470295,0.23318877830182003,0.05437700632589537,0.5632477950804847,0.19635232639692377,0.03855423608148409,0.5628161407394525,0.19649245828248535,0.03860928616189425,0.4882323219906931,0.24374875935346496,0.05941345768635337,0.6745959264418524,0.26120285835354573,0.06822693321206247,0.6742683247723551,0.2614042966239334,0.06833220629345334,0.5258708672607696,0.3218648687870253,0.10359699375928903,0.6870211882010802,0.10135786172745409,0.010273416133961703,0.8062953552139593,0.05342984078169852,0.002854747885957654,0.0243954746231103,0.014171325751909375,0.00020082647356672983,4.02834804058075,1.9128974374902783,3.6591766063568736
0.3,0.25,1.0,0.5,0.25820163313974115,0.012541326171736391,0.00015728486214588018,0.25980942864603046,0.011785672672452924,0.00013890208034220364,0.7955828537112231,0.11554793504304278,0.013351325292711234,0.795266817880681,0.11563732046052838,0.013371989883290934,0.7977538096878483,0.15283153617871847,0.023357478450746934,0.9427779017129726,0.12063477538735072,0.01455274903275656,0.9427103012912366,0.12077728958966688,0.014587153680626257,0.9063131341509731,0.1975092552837133,0.039009905922727024,0.6608528914976122,0.08466958238887545,0.0071689381819065685,0.6604760107360999,0.08479473836235421,0.007190147653940104,0.5794772640857516,0.14433255183957966,0.02083188552052495,0.7711116068518903,0.12063477538735072,0.01455274903275656,0.7708412051649456,0.12077728958966692,0.014587153680626266,0.625252536603892,0.1975092552837133,0.039009905922727024,0.7256668051516411,0.0840120961538155,0.00705803230015794,0.8265809555463234,0.044457428552295036,0.001976462953482418,0.01905467950067866,0.011868910905541602,0.00014087104608368438,6.218753552436828,3.9686706182824545,15.750346476418441
0.3,0.25,1.0,0.75,0.26618437992615557,0.01780495437438801,0.0003170164002740388,0.2673971872774239,0.016863224033394884,0.00028436832480046686,0.7431310020547366,0.1403748786238207,0.019705106548652394,0.7427769690427664,0.1404821236784211,0.019735227073199205,0.723442339072525,0.19118195577094418,0.036550540212403254,0.8906069601278419,0.14130942242205746,0.019968352865255473,0.8904789925559419,0.14147476950147228,0.020015110405494713,0.8230824715195713,0.22862105468367563,0.0522675866446762,0.527815303973352,0.18781507619969448,0.035274502847897043,0.5273622582510027,0.18791731089494854,0.035312915733988745,0.4294105939631801,0.2124417155599289,0.04513148251004574,0.5977270370933198,0.2678241043631742,0.07172975087793644,0.5973370352216779,0.26801094468934766,0.07182986647327658,0.42933659966469495,0.3083426316008212,0.09507517846251975,0.6876235978396343,0.10057529675777921,0.010115390317915354,0.8035269502463949,0.05701231029723804,0.0032504035254285546,0.02288098314476735,0.012212552269051626,0.00014914643292431804,7.402861952781677,4.303971395001805,18.524169768993783
0.3,0.25,1.0,1.0,0.25526049775377363,0.012356696740701362,0.00015268795434165966,0.25684687762699376,0.012814682837834986,0.00016421609623430255,0.7867822028849287,0.15321147821519962,0.02347375705688659,0.7864622018505918,0.15334391061953082,0.023514354924090656,0.7958329858343605,0.1845916529118255,0.034074078324719856,0.9444616206136048,0.11715242154347648,0.013724689873500411,0.9443964312823928,0.11728996636195684,0.013756936209188966,0.9097985352235147,0.1903387538471473,0.036228841216084925,0.622117137443004,0.08927888486994533,0.007970719283620952,0.6217191154830378,0.0893029755910725,0.007975021449419691,0.5154038653416307,0.09701523175868164,0.00941195519319071,0.6942427175033576,0.1858557276325512,0.034542351493825056,0.6939099156142685,0.185996669393284,0.034594761025394584,0.5287182690078174,0.22761262142408425,0.0518075054315435,0.7262692147901952,0.0827542872432376,0.006848272057136278,0.808968974449539,0.07674145896979567,0.005889251524812834,0.02065999965056229,0.014369293156968806,0.00020647658583091054,6.104386878013611,2.6129536658670154,6.827526859967874
0.3,0.5,0.0,0.0,0.3031412205921646,0.013354419821725702,0.00017834052877490033,0.3004477653478669,0.014773932226854027,0.00021826907344367597,0.9466014191184545,0.11257512307897824,0.012673158336247098,0.9465396183924621,0.11270541215019315,0.012702509927944907,0.9138971769118653,0.18152370557981073,0.03295085568742581,0.9444616206136048,0.11715242154347649,0.013724689873500414,0.9443964312823928,0.11728996636195685,0.013756936209188969,0.9097985352235147,0.1903387538471473,0.036228841216084925,0.7127400313439219,0.1764336749048708,0.03112884164043764,0.7124342085032224,0.17656327482898565,0.031174590018335915,0.5633472675678826,0.21338936083083274,0.045535019315791334,0.6942427175033576,0.18585572763255123,0.03454235149382507,0.6939099156142685,0.185996669393284,0.03459476102539459,0.5287182690078174,0.22761262142408428,0.051807505431543506,0.5846839935686918,0.08402956981216071,0.007060968602816791,0.7352935656209348,0.06162371249313405,0.003797481941436446,0.03768397923096386,0.014999645472432028,0.00022498936429865066,2.2497700214385987,0.2665382472935013,0.07104263727029164
0.3,0.5,0.0,0.25,0.3126144835519006,0.016663841376350724,0.0002776836094161784,0.3109310740242145,0.01843818916400539,0.0003399668196476458,0.8666057099149862,0.14061190722463388,0.019771708453349045,0.866451351566571,0.14077461847920975,0.019817493207967066,0.7849649269296688,0.22667266647754158,0.0513804977280388,0.8619959109843283,0.14559894496367448,0.021199052774535113,0.8618341432015602,0.14576968286006653,0.021248800441124375,0.7762390385950576,0.23620787477817967,0.055794160107224204,0.647447692664598,0.2805336552011265,0.07869913170050453,0.6471200569041721,0.28073840780922577,0.07881405361925914,0.512236330391031,0.33538781123314737,0.11248498392376129,0.6263380862368335,0.295467925215025,0.08730129483087162,0.6259818845760597,0.2956903756360114,0.08743279824376554,0.4761800325892084,0.3572953132117025,0.1276599408430486,0.6442763923097974,0.10483764391031127,0.010990931580665225,0.7790766278431666,0.07696425665874404,0.005923496803033026,0.027031362928210078,0.018729071598822866,0.00035077812295383325,3.4164369106292725,1.0358708470265585,1.07302841171952
0.3,0.5,0.0,0.5,0.3159221348209725,0.016452599429784963,0.00027068802799696043,0.31457540719882365,0.01819113233428051,0.00033091729560330585,0.8393956088799636,0.13822764986297076,0.01910688318664004,0.8392096328357243,0.1383877148648973,0.019151159625528116,0.7408035921355741,0.22308483971444046,0.04976684571041759,0.8300174240395499,0.14638739193041353,0.021429268516188503,0.8298170338648656,0.14656001145249728,0.021479836956956135,0.7224248035254608,0.23913399305400274,0.05718506663395183,0.8199458415824129,0.23424116900937553,0.05486892525887883,0.8197641940599603,0.23444249523258112,0.05496328357087882,0.7364408523441738,0.3114129610604848,0.09697803231645905,0.8086869140774124,0.247725766782654,0.06136805552805388,0.8084893130317956,0.2479448542579058,0.06147665075297415,0.7160920007058713,0.33392811013757373,0.11150798274005158,0.6651656574986317,0.10357712703552097,0.010728221244932449,0.7940041931938377,0.07568850584003463,0.005728749916296957,0.02337587350868986,0.018438306420477432,0.0003399711436554193,3.59890673160553,1.5990686248986419,2.5570204671352337
0.3,0.5,0.0,0.75,0.3074093911348804,0.011177616847441433,0.00012493911838820654,0.3057259816071943,0.012951854926058761,0.0001677505460256726,0.837056637055117,0.1717674746237749,0.029504065338629155,0.8368690234026177,0.1719652500418635,0.029572047221960638,0.7748079650973124,0.23738160366386488,0.05635002575802823,0.860312192083696,0.14737217660097623,0.021718558436109328,0.8601480132104037,0.14754545296341862,0.021769660690180374,0.772753637522516,0.239876555074308,0.057540761674317514,0.6930426932494513,0.22907035583696,0.05247322792327148,0.6927519171950036,0.22924033840720387,0.052551132753049346,0.5898714773326629,0.30367487842091906,0.09221843178395998,0.7032069755853662,0.28091127564684015,0.07891114478553501,0.7029131741267369,0.28113708371918084,0.0790380598421257,0.572714300185283,0.3551519041945738,0.12613287505303172,0.6446608169129722,0.105242826836685,0.011076052600576463,0.7624082120546934,0.0593955656701004,0.00352783322127121,0.027967944342803187,0.017741290233196625,0.00031475337913851797,6.455603837966919,3.70053804431999,13.693981817459616
0.3,0.5,0.0,1.0,0.2934435966879364,0.00476358806425778,2.2691771245939183e-05,0.29099790727025454,0.003077097711001183,9.468530323048718e-06,0.8711581479685829,0.1974783819774542,0.03899771134843331,0.8710087472489159,0.1977006945830845,0.03908556463863406,0.8475055115053969,0.2407139488123485,0.05794320515283394,0.9158505714700912,0.1355709223167501,0.018379474977814295,0.9157515819280111,0.13573044135803944,0.018422752711248182,0.8629551022990013,0.22086705261551115,0.048782254931062974,0.6853700242634051,0.12610956809165294,0.015903623164263248,0.6850527576756567,0.12618102116380248,0.015921650101939966,0.5713615844055583,0.16380328587612947,0.026831516463816995,0.7228537666468713,0.20970793486662379,0.043977417946024125,0.7225547649686503,0.2098816923230964,0.044050324772406904,0.5755617019323308,0.27211575132502314,0.07404698211918184,0.551861238055671,0.011443318538373388,0.00013094953917068005,0.7146604895468212,0.010464531592353995,0.00010950642144737483,0.04256753108295977,0.0036391994468235747,1.3243772613761012e-05,4.684766697883606,3.123957865207522,9.759112743591938
0.3,0.5,0.25,0.0,0.3094192549946987,0.016283192226050715,0.0002651423490705184,0.30739916356147534,0.018021732106578817,0.0003247828281212938,0.8934071624746089,0.13761202559905492,0.018937069589474945,0.8932838479557554,0.13777122604633657,0.018980910726310765,0.8282383231237416,0.22174707509172462,0.04917176531173495,0.8906069601278419,0.14130942242205743,0.019968352865255466,0.8904789925559419,0.14147476950147228,0.020015110405494713,0.8230824715195713,0.22862105468367563,0.052267586644676206,0.6206462401049752,0.2547248000501605,0.06488472376059426,0.6202875605149877,0.2548969169024668,0.06497243824638307,0.4689629341969582,0.29035492810386476,0.08430598427420048,0.5977270370933196,0.2678241043631742,0.07172975087793643,0.5973370352216779,0.26801094468934766,0.07182986647327658,0.42933659966469495,0.3083426316008212,0.09507517846251974,0.6241559763273126,0.10241852363769084,0.010489553984124239,0.7643989709499408,0.07531201246278466,0.005671899221194631,0.030608389358778576,0.01832009218855866,0.00033562577779728804,3.835203838348389,3.0539951671699943,9.32688648109768
0.3,0.5,0.25,0.25,0.3063926605053015,0.015434420270865742,0.00023822132909771134,0.30403588716654106,0.01706074838312072,0.0002910691353921563,0.9195956423211318,0.1294633154622055,0.01676075005046654,0.9195025108324465,0.12961327140548,0.016799600124430623,0.8701798114177816,0.2090303624451431,0.04369369242394789,0.914166852569459,0.13820449741413263,0.01910048310549299,0.9140654519368546,0.13836776794406264,0.01914563920582197,0.8594697012264595,0.2262752781979932,0.05120050152357922,0.8123898320826408,0.1294633154622055,0.01676075005046654,0.8121725252757086,0.12961327140548,0.016799600124430623,0.6970862266414903,0.20903036244514314,0.043693692423947904,0.799722655995404,0.13820449741413263,0.01910048310549299,0.7994860545193274,0.13836776794406264,0.01914563920582197,0.6720959695284054,0.2262752781979932,0.05120050152357922,0.6051888341543513,0.09719084276408027,0.009446059917192174,0.7500961767428833,0.07089981859701293,0.0050267842770893405,0.03406772130591949,0.017278679212148453,0.0002985527553163311,3.9778936386108397,1.731641882695259,2.998583609904381
0.3,0.5,0.25,0.5,0.3095316777065685,0.0164283221797796,0.00026988976964263835,0.30751158627334524,0.018166863367080944,0.0003300349245981876,0.8929985139992089,0.13813958368469212,0.019082544580580056,0.8928746256140933,0.138299524980968,0.019126758609961395,0.8273503845237198,0.22289337984712262,0.04968145877967369,0.8872395223265774,0.14565427028766992,0.0212151664530336,0.8871067325736292,0.1458258379136877,0.021265175003229116,0.8161116693744876,0.23761193237230352,0.056459430405700145,0.7663429364631674,0.21492186317076892,0.04619140726879471,0.7660992012815913,0.21510197727550587,0.046268860627832246,0.6498940599560281,0.2820977381987973,0.07957913389687717,0.751464815790385,0.2271417856078635,0.051593390769128625,0.7511996143230322,0.22733784178913316,0.05168249430934094,0.6224051348568442,0.3023412319986794,0.0914102205664793,0.6249248255336617,0.10341104598596429,0.010693844431911221,0.7646488794073864,0.07563463920924254,0.0057205986483122905,0.03052992636982686,0.018421385546854505,0.00033934744546586,4.870351481437683,2.135291651418065,4.559470436615686
0.3,0.5,0.25,0.75,0.2989293933295144,0.006711676594856165,4.5046602713940045e-05,0.2958992561796795,0.007776358263319355,6.047174783949521e-05,0.9677172331307327,0.10208707247910782,0.010421770367354614,0.9676800875962511,0.10220453697297383,0.010445767377859972,0.9552888818190942,0.14138897018462646,0.01999084088986919,0.9730726697571186,0.08515169487504033,0.0072508111400919695,0.9730412806367745,0.08525095598907657,0.007267725497051472,0.9566419681480282,0.13711013551435938,0.018799189260765996,0.6871661073823337,0.1417312830747831,0.020087756602024304,0.686830591646594,0.14181058490345658,0.020110241990660468,0.5220421012217799,0.14301064516606707,0.020452044630814743,0.6656316683598439,0.15260469000830684,0.023288191412531425,0.6652650662598867,0.152695131121801,0.023315803068304,0.48187483608330384,0.15713621639699835,0.024691790503564293,0.5645635775862068,0.062410684640068825,0.0038950935572421228,0.7174255130432113,0.035930769530845966,0.0012910201990787688,0.04142953602712414,0.010654550082491679,0.00011351943746032344,4.014067125320435,1.486063966390083,2.208386112203026
0.3,0.5,0.25,1.0,0.2888900629323413,0.01358845282451252,0.0001846460501640023,0.28644463927429403,0.012107413942749086,0.00014658947238107499,0.8615397354114871,0.21334160890503998,0.045514642090191036,0.8613793659896988,0.213582013512445,0.045617276496030236,0.8447260068101883,0.24520834002108607,0.06012713001589656,0.914166852569459,0.13820449741413263,0.01910048310549299,0.9140654519368546,0.1383677679440626,0.019145639205821963,0.8594697012264595,0.22627527819799317,0.05120050152357921,0.7256338797791623,0.0024218584130741823,5.865398172978197e-06,0.725347586541322,0.0024753822240937695,6.127517155359418e-06,0.6314176898046991,0.10742122419396645,0.011539319407330403,0.799722655995404,0.13820449741413263,0.01910048310549299,0.7994860545193274,0.13836776794406266,0.019145639205821977,0.6720959695284054,0.22627527819799317,0.05120050152357921,0.5512588284171167,0.010355283757144137,0.0001072319016909732,0.7144531176183284,0.010115399920563406,0.00010232131555293414,0.04269823238829404,0.0034113230018896186,1.1637124623221198e-05,5.755318737030029,3.845928866151726,14.7911688434991
0.3,0.5,0.5,0.0,0.3127269062637705,0.016781917996283233,0.000281632771633975,0.31104349673608445,0.018556307421451607,0.00034433654511942,0.8661970614395862,0.1410419967186872,0.019892844838394166,0.8660421292249086,0.14120531178412155,0.019938940076050977,0.7840769883296469,0.22760668765489653,0.05180480426523362,0.8586284731830638,0.14910320016404188,0.02223176429915834,0.8584618832192474,0.14927894387733243,0.02228420308513176,0.7692682364499742,0.24343452433867394,0.05926036763999644,0.7931443890227902,0.2265574920822988,0.05132829721862088,0.7929316976707759,0.22675108171221975,0.051416053057661754,0.693167456150101,0.3005981289476967,0.09035923512685612,0.7800758649338988,0.23956266395901205,0.057390269963138535,0.7798444636774139,0.23977337140766214,0.0574912696361967,0.6692485677813578,0.3223309181158951,0.10389722077343586,0.6450452415161466,0.10564490151176716,0.011160845215430983,0.7793265363006121,0.07722722940884272,0.005964044962166021,0.026952899939258358,0.01881159462759194,0.0003538760924328459,3.650579071044922,1.1979385307262391,1.4350567233985405
0.3,0.5,0.5,0.25,0.3126144835519006,0.016663841376350737,0.0002776836094161788,0.3109310740242145,0.0184381891640054,0.0003399668196476462,0.8666057099149862,0.14061190722463393,0.019771708453349062,0.866451351566571,0.1407746184792098,0.01981749320796708,0.7849649269296688,0.22667266647754156,0.05138049772803879,0.8619959109843283,0.1455989449636745,0.021199052774535116,0.8618341432015602,0.1457696828600665,0.021248800441124368,0.7762390385950576,0.2362078747781797,0.05579416010722422,0.647447692664598,0.2805336552011265,0.07869913170050452,0.6471200569041721,0.28073840780922577,0.07881405361925915,0.512236330391031,0.33538781123314737,0.11248498392376129,0.6263380862368335,0.295467925215025,0.08730129483087162,0.6259818845760597,0.2956903756360114,0.08743279824376554,0.4761800325892084,0.3572953132117025,0.1276599408430486,0.6442763923097974,0.10483764391031125,0.010990931580665223,0.7790766278431666,0.07696425665874405,0.005923496803033029,0.027031362928210078,0.018729071598822866,0.00035077812295383325,5.043257856369019,3.334656035951928,11.119930878110624
0.3,0.5,0.5,0.5,0.3063364491493666,0.015344674060498803,0.00023545902202294484,0.30397967581060603,0.016970929085928232,0.00028801243403960486,0.9197999665588318,0.12913551956451674,0.016675982413197683,0.9197071220032778,0.12928501547843577,0.016714615227259373,0.8706237807177925,0.2083190083831472,0.04339680925373776,0.9158505714700912,0.13557092231675008,0.018379474977814288,0.9157515819280111,0.1357304413580394,0.018422752711248172,0.8629551022990013,0.22086705261551112,0.04878225493106296,0.7395414839035446,0.19864102146686696,0.039458255409400296,0.7392667048924068,0.1988006697206785,0.039521706281390304,0.6066206637619553,0.2542395103569118,0.06463772862652226,0.7228537666468713,0.20970793486662376,0.04397741794602412,0.7225547649686503,0.20988169232309645,0.04405032477240692,0.5755617019323308,0.2721157513250232,0.07404698211918186,0.6048044095511769,0.09657752789532952,0.00932721889437315,0.7499712225141606,0.07069944112039193,0.004998410974735765,0.03410695280039536,0.017215841622019574,0.0002963852027544616,5.661359691619873,2.4447118894923934,5.976616222625469
0.3,0.5,0.5,0.75,0.3009887259725653,0.008815905471221163,7.772018927750725e-05,0.29829527072826767,0.010235481029172166,0.00010476507189854332,0.934414780529101,0.138265782913376,0.019117426724648817,0.9343392321400769,0.13842505290195778,0.01916149527090981,0.9094868009727491,0.1908185781561662,0.03641172976954091,0.9427779017129726,0.12063477538735072,0.01455274903275656,0.9427103012912366,0.1207772895896669,0.01458715368062626,0.9063131341509731,0.1975092552837133,0.039009905922727024,0.7657827763294767,0.07125096856908014,0.005076700522032047,0.7655188827814691,0.07134909351278951,0.005090693145096782,0.6426349133581886,0.15889154041985384,0.02524652161699405,0.7711116068518903,0.12063477538735072,0.01455274903275656,0.7708412051649456,0.1207772895896669,0.01458715368062626,0.625252536603892,0.1975092552837133,0.039009905922727024,0.5850684181718664,0.08483512263294263,0.0071969980321464145,0.7284768007508573,0.04725200650988537,0.0022327521192102495,0.03807058252174494,0.01418432914273106,0.00020119519322932966,7.070438075065613,3.9650508353012595,15.721628126523216
0.3,0.5,0.5,1.0,0.29314573292212953,0.010310675785815028,0.00010631003516019235,0.2900013889963821,0.009205890537787422,8.474842059372399e-05,0.9481610026882293,0.14433226335278365,0.020831802244537293,0.9480982245883396,0.14449494742947822,0.020878789832647675,0.9458462148444514,0.16176740147343788,0.02616869217946843,0.9713889508564864,0.09047608154051305,0.008185921330925565,0.9713551506456183,0.09058296719225016,0.008205273945352268,0.9531565670754866,0.14813194146278497,0.021943072081533954,0.7246311351308827,0.0015854785000539956,2.513742074133468e-06,0.7243226809298887,0.0016205180594082765,2.626078780868366e-06,0.5869410775095092,0.07032369873052471,0.004945422603141603,0.7425005577083766,0.09047608154051306,0.008185921330925569,0.7421963558105638,0.09058296719225017,0.008205273945352271,0.5784091036793786,0.14813194146278497,0.021943072081533954,0.5469713336103033,0.006779124522837108,4.5956529296131445e-05,0.7102649441558353,0.00662208368867603,4.385199237982914e-05,0.04411065429753187,0.002233235125157595,4.987339124237658e-06,7.102598810195923,4.406335002655506,19.415788155627098
0.3,0.5,0.75,0.0,0.31073096145725243,0.01853024866942172,0.0003433701157506054,0.3093699752837874,0.019964798883398055,0.00039859319445453216,0.8565201226390442,0.12955160763788495,0.016783619041560494,0.8563472329384959,0.12969418488389986,0.0168205815926992,0.7794023751572265,0.2198714399044125,0.04834345008563967,0.8636796298849605,0.1437819436314438,0.02067324731443568,0.8635202731927164,0.14395006890572773,0.020721622337963763,0.7797244396675994,0.23242324096078798,0.054020562938716515,0.5718448683971313,0.2716127552412132,0.07377348880972318,0.571456562748262,0.2717951292985981,0.07387259231044166,0.42077727748664256,0.30976239261888205,0.09595273988097443,0.5494691968883008,0.2873338130104919,0.0825607200991483,0.5490505950253827,0.2875334499516817,0.08267548484111624,0.37964576499313374,0.3293606202075263,0.10847841814348641,0.6576850711548987,0.08989112623818254,0.00808041457636887,0.7924630841846779,0.06259002231630113,0.003917510893555074,0.024020998767864222,0.01547305899685809,0.00023941555472025108,4.287104201316834,1.925771898954714,3.7085974068036447
0.3,0.5,0.75,0.25,0.3037242254949927,0.01701791869295573,0.0002896095566400521,0.30181826264930484,0.018333107609001496,0.0003361028346032286,0.9057616795676526,0.11898107124313345,0.0141564953141636,0.9056430749476505,0.11911213836009037,0.014187701504713312,0.8626589739725304,0.2018016565188233,0.04072390857374114,0.9175342903707234,0.13286145811186323,0.017652167051610386,0.9174377119191673,0.13301709800837552,0.017693548362569783,0.8664405033715429,0.21526033712027012,0.04633701273713234,0.6639447129678981,0.22361990734168208,0.050005862959502476,0.6636092684862798,0.22377399329919326,0.05007480007706739,0.515179200977397,0.25940396186360465,0.06729041543053446,0.6459848772983386,0.23605852666128235,0.055723628009495346,0.6456234754179733,0.23622649837539964,0.05580295853470269,0.47902743433625616,0.27601607602675143,0.07618487422520542,0.6237303297755885,0.08263409796982121,0.006828394147286011,0.7687622430837655,0.05744517169487749,0.0032999477510539544,0.029878718269016464,0.014207915338482036,0.00020186485826547307,5.378303265571594,1.7588435199412715,3.093530527639402
0.3,0.5,0.75,0.5,0.30384401081384727,0.01719315602206974,0.000295604613999233,0.30193862933114596,0.018507995367344262,0.00034254589251763665,0.9053541104420815,0.11963847313259633,0.014313364253498974,0.9052349338850675,0.1197704632943221,0.01434496387773656,0.8617746568376891,0.2032302548216526,0.041302536474873856,0.914166852569459,0.13820449741413263,0.01910048310549299,0.9140654519368546,0.1383677679440626,0.01914563920582196,0.8594697012264595,0.22627527819799317,0.05120050152357921,0.8084477013036018,0.1324192155863393,0.0175348486565014,0.8082258180398284,0.13257260258076287,0.017575494955036894,0.6955950057112283,0.21008217601541188,0.044134520679370494,0.799722655995404,0.13820449741413265,0.019100483105492998,0.7994860545193274,0.1383677679440627,0.01914563920582198,0.6720959695284054,0.22627527819799317,0.05120050152357921,0.6244991789819376,0.08386543885953822,0.007033411835102942,0.769012151541211,0.05784655586729907,0.003346224025708552,0.029801434644951663,0.01433466365759647,0.00020548258217641701,6.1000765562057495,3.3675745744085357,11.340558514202831
0.3,0.5,0.75,0.75,0.3031197329573317,0.012882303348542134,0.00016595373956385988,0.3014856770847687,0.014288571392065777,0.00020416327242616056,0.8580917489356594,0.15681653443166238,0.024591425471156756,0.8579201035670305,0.15698987058721653,0.024645819466990997,0.8133987759196138,0.2253904626706364,0.05080086066288354,0.8906069601278419,0.14130942242205743,0.01996835286525547,0.8904789925559419,0.14147476950147234,0.020015110405494724,0.8230824715195713,0.22862105468367566,0.05226758664467621,0.6128682829023365,0.23319598581371792,0.054380367799631735,0.6125040723754667,0.23334493627390893,0.05444985928467462,0.46880929125655413,0.2705238688991573,0.07318316364416845,0.5977270370933196,0.2678241043631742,0.07172975087793643,0.5973370352216779,0.2680109446893477,0.07182986647327659,0.42933659966469495,0.3083426316008212,0.09507517846251974,0.6407077004652436,0.08817403901866569,0.007774661156865179,0.7675706170313285,0.04452167733842835,0.0019821797530271247,0.027667187642957232,0.014242387236854288,0.00020284559420450992,8.174352836608886,5.812560318535225,33.785857456610316
0.3,0.5,0.75,1.0,0.29151498426357647,0.002579306345254075,6.652821222667932e-06,0.2892343346706078,0.0013798675388657948,1.9040344248155458e-06,0.8963311210618465,0.16383636648387362,0.02684235498263815,0.8961989597000077,0.16401492143618282,0.02690089445371722,0.8878757257224603,0.20477548840418144,0.04193300065117105,0.9444616206136048,0.11715242154347649,0.013724689873500416,0.9443964312823928,0.11728996636195684,0.013756936209188966,0.9097985352235147,0.19033875384714724,0.03622884121608491,0.6848886425288846,0.12593296019257824,0.0158591104628655,0.6845603097022372,0.1260001981155662,0.015876049925161936,0.5491818936158962,0.14532105702790665,0.021118209615708095,0.6942427175033576,0.1858557276325512,0.034542351493825056,0.6939099156142685,0.185996669393284,0.03459476102539459,0.5287182690078174,0.22761262142408428,0.05180750543154351,0.5717864561695056,0.0019404161575031816,3.765214864299412e-06,0.7342285351632174,0.0022051745163960985,4.862794647762768e-06,0.03843035488015123,0.0007652484324974275,5.856051634397698e-07,7.045959091186523,3.302511799615569,10.906584186600062
0.3,0.5,1.0,0.0,0.25364765078200613,0.009422394998465151,8.878152750710109e-05,0.25543494314122356,0.008799160635120698,7.742522788265767e-05,0.8180067245280205,0.08456615217600058,0.007151434093854488,0.8177026230314656,0.08462893882936341,0.007162057287384134,0.8287020523516165,0.11244151255838089,0.012643093746416527,0.9713889508564864,0.09047608154051302,0.008185921330925562,0.9713551506456183,0.09058296719225012,0.008205273945352263,0.9531565670754866,0.14813194146278497,0.021943072081533954,0.6224954444466047,0.08704761765644028,0.007577287739661814,0.6220657892128256,0.08716575120731074,0.007597868183534794,0.5317029873217969,0.11830165251131099,0.013995280986906972,0.7425005577083765,0.09047608154051305,0.008185921330925565,0.7421963558105638,0.09058296719225019,0.008205273945352273,0.5784091036793786,0.14813194146278497,0.021943072081533954,0.7455920232654757,0.06300907211536164,0.003970143168838844,0.8371249605317823,0.0333430714142213,0.0011117604113338616,0.016239720115144428,0.008901683179156203,7.923996342207247e-05,5.14907865524292,1.5686430229065236,2.4606409333133166
0.3,0.5,1.0,0.25,0.2627291866496938,0.013433941856880486,0.00018047079381404551,0.26416535924558016,0.012583397030602683,0.00015834188082978045,0.7738219408368157,0.13243254513896624,0.017538379011984333,0.7734940614833311,0.13253702836891929,0.01756606388886372,0.7673131644165914,0.1757897935499942,0.030902051516349574,0.9175342903707234,0.1328614581118632,0.017652167051610382,0.9174377119191673,0.13301709800837552,0.01769354836256978,0.8664405033715429,0.21526033712027012,0.046337012737132345,0.5506256563507546,0.2111439196643092,0.04458175481120826,0.5501762596290312,0.21127303510672327,0.04463629536320672,0.45876075425838997,0.22351447457100843,0.04995872034275397,0.6459848772983386,0.23605852666128235,0.055723628009495346,0.6456234754179733,0.23622649837539966,0.055802958534702705,0.47902743433625616,0.27601607602675143,0.07618487422520542,0.7069464063149148,0.09432225492159908,0.008896687773495122,0.8168393601994184,0.049652388904184434,0.0024653597238923778,0.02158051523757607,0.013137905064135558,0.00017260454947423876,4.334393954277038,1.966221175423318,3.8660257106830542
0.3,0.5,1.0,0.5,0.2660191256741036,0.015072277377637099,0.00022717354534843107,0.26701458635842085,0.014023838567594593,0.00019666804816995356,0.7134433160880462,0.13979109982973303,0.01954155159160639,0.7130631314495444,0.13989474657743345,0.019570540119964328,0.6885688788192231,0.18645402926426724,0.03476510502888023,0.860312192083696,0.14737217660097623,0.021718558436109328,0.8601480132104037,0.14754545296341864,0.021769660690180385,0.772753637522516,0.23987655507430797,0.05754076167431751,0.5886970868691258,0.23202844175627527,0.05383719778384522,0.5883084099066284,0.23219465022306476,0.05391435559221139,0.5305439733208249,0.27734705899434386,0.07692139113281206,0.7032069755853662,0.2809112756468402,0.07891114478553503,0.7029131741267369,0.28113708371918084,0.0790380598421257,0.5727143001852831,0.35515190419457376,0.1261328750530317,0.6670959700872455,0.10376844634525734,0.010767890456908551,0.7957513502285003,0.05474557679701289,0.0029970781788376363,0.027210434008644528,0.014540959971706145,0.00021143951689876037,7.1696583271026615,4.899855638806418,24.00858528114305
0.3,0.5,1.0,0.75,0.26077841477764313,0.010453488690443685,0.00010927542580123403,0.26199294887334335,0.009549123499327006,9.118575960539925e-05,0.7298153347862006,0.15705611333683206,0.024666622736471834,0.7294461485509091,0.1571820638140119,0.02470620118483211,0.7198386426336353,0.19582275876737293,0.03834655285126473,0.8889232412272097,0.14350926645484305,0.02059490955840714,0.8887928625647856,0.1436777701365602,0.020643301631414226,0.8195970704470295,0.23318877830182003,0.05437700632589537,0.5555118172112399,0.20695446005360696,0.04283014853608,0.5550801155025896,0.2070886198679171,0.04288569647879867,0.4837974018792292,0.23279539702734353,0.05419369687711851,0.6745959264418524,0.26120285835354573,0.06822693321206248,0.6742683247723551,0.26140429662393333,0.06833220629345332,0.5258708672607696,0.3218648687870253,0.10359699375928903,0.6870211882010802,0.10135786172745409,0.010273416133961702,0.802939650819275,0.05777847154044992,0.0033383517735505815,0.022997359593991663,0.012364258898888827,0.00015287489811875157,6.680925893783569,3.385646497460028,11.462602205763357
0.3,0.5,1.0,1.0,0.24854005136484858,0.013075764106036045,0.0001709756069567006,0.2501092968258295,0.01384350805340453,0.0001916427152246761,0.7697927910207967,0.16361744221406221,0.026770667396671985,0.7694472577892763,0.16375764943620974,0.02681656774887256,0.7830375180932064,0.18585246499245833,0.034541138743772945,0.9444616206136048,0.1171524215434765,0.01372468987350042,0.9443964312823928,0.11728996636195686,0.013756936209188973,0.9097985352235147,0.1903387538471473,0.036228841216084925,0.5468291744108471,0.16062345154029892,0.025799893184718755,0.5463536653011961,0.1607148450898063,0.025829261432240437,0.4650124922178899,0.14588905225470045,0.02128361556777472,0.6942427175033576,0.1858557276325512,0.034542351493825056,0.6939099156142685,0.18599666939328405,0.03459476102539461,0.5287182690078174,0.22761262142408428,0.051807505431543506,0.7262692147901952,0.08275428724323759,0.0068482720571362765,0.808968974449539,0.07674145896979567,0.005889251524812832,0.02065999965056229,0.014369293156968806,0.00020647658583091054,6.837331986427307,2.985768863907004,8.914815708676521
0.3,0.75,0.0,0.0,0.29766637617381464,0.0027176656589772727,7.385706633984374e-06,0.2946362390239797,0.0037823473274405084,1.4306151305396358e-05,0.9628321789966303,0.11753497003609271,0.013814469181385214,0.9627896205573769,0.11766955163779563,0.013846123382639852,0.9525420005967014,0.15007537130933554,0.02252261707363493,0.9713889508564864,0.09047608154051305,0.008185921330925565,0.9713551506456183,0.09058296719225016,0.008205273945352268,0.9531565670754866,0.14813194146278497,0.021943072081533954,0.7408332192462013,0.027979025858082696,0.0007828258879672601,0.7405398491509119,0.028033000246678545,0.0007858491028302793,0.5984055176790144,0.09847168075078036,0.009696671909883606,0.7425005577083766,0.09047608154051305,0.008185921330925565,0.7421963558105638,0.09058296719225016,0.00820527394535227,0.5784091036793786,0.14813194146278497,0.021943072081533954,0.5776464148877942,0.1037822487704959,0.010770755159861096,0.7269611320857858,0.0660850446050554,0.004367233120452163,0.04056272167946341,0.013395657729612634,0.0001794436460089307,2.598163604736328,0.9020037729613224,0.8136108064364609
0.3,0.75,0.0,0.25,0.2994670771996736,0.004288917219897994,1.8394810919137538e-05,0.29711030386091314,0.00591366546531431,3.4971439235651114e-05,0.88968191988379,0.17762898454225656,0.031552056149513216,0.8895557252741634,0.1778321771679719,0.03162428323630094,0.8590846162156712,0.2268953239725091,0.051481488040589864,0.9192180092713557,0.13007136243955184,0.016918559326881258,0.9191238419103236,0.13022298629576412,0.016958026159786768,0.8699259044440847,0.2094391915134016,0.04386477494178731,0.602534230375823,0.20843630527465803,0.043445693356550436,0.6021537827045824,0.2085490310788716,0.04349269836393615,0.43983841299216897,0.20517796919106246,0.04209799904136857,0.569115987949806,0.2331075144561124,0.054339113295906655,0.5686921858672962,0.2332456655389534,0.05440354049270932,0.3824931667401814,0.24002953535273533,0.057614177841650016,0.6415355603448276,0.15571463195483373,0.024247046604829327,0.7689695189695189,0.10128878667100662,0.010259418305284687,0.03210312994462595,0.020441971830905566,0.0004178742123355366,3.178910994529724,1.063704408405011,1.1314670684602544
0.3,0.75,0.0,0.5,0.3002990598335481,0.004511004655603786,2.0349163002879035e-05,0.29827896840032475,0.006248859595474524,3.904824624395402e-05,0.8517238436178213,0.19142709308723524,0.03664433196782902,0.8515541034301852,0.19164623132692638,0.03672827798181377,0.8106542071953278,0.24444839683257275,0.05975501871401496,0.8872395223265774,0.14565427028766992,0.0212151664530336,0.8871067325736292,0.1458258379136877,0.021265175003229116,0.8161116693744876,0.23761193237230352,0.056459430405700145,0.7153782942550758,0.15162916055848433,0.022991402331670623,0.7150957241019008,0.15173954876017898,0.02302489065794273,0.6182086018961319,0.22245316737720633,0.04948541167615137,0.751464815790385,0.2271417856078635,0.05159339076912862,0.7511996143230321,0.22733784178913316,0.051682494309340944,0.6224051348568442,0.3023412319986794,0.09141022056647927,0.6755200636288998,0.16873165160149736,0.028470370252169086,0.7897257550997163,0.10800807999341597,0.011665745343864144,0.027858673625473878,0.02186961322469532,0.0004782799825977684,4.138016414642334,2.047917347780487,4.193965463340264
0.3,0.75,0.0,0.75,0.29658825942557676,0.0003532405107085759,1.2477885840565554e-07,0.2942314860868162,0.0012744604536576785,1.624249447937336e-06,0.8814319222092685,0.19091779504356265,0.0364496044642958,0.8812968008185742,0.1911353674313588,0.03653272868312054,0.8538212924814408,0.23537487779707225,0.05540133309798669,0.9175342903707234,0.13286145811186323,0.01765216705161039,0.9174377119191673,0.13301709800837558,0.017693548362569794,0.8664405033715429,0.21526033712027012,0.04633701273713234,0.6517939055210803,0.17847387668208378,0.03185292465793165,0.6514524064371248,0.17857580619797636,0.03188931855925722,0.5127284476489665,0.20039610573061958,0.040158599191997664,0.6459848772983386,0.23605852666128238,0.05572362800949536,0.6456234754179733,0.23622649837539966,0.055802958534702705,0.47902743433625616,0.27601607602675143,0.07618487422520544,0.6735420087575259,0.20729216127106795,0.042970040124430446,0.7895091996013871,0.13438995535853235,0.018060660101268316,0.0313888436308675,0.021592100210936195,0.0004662187915191109,4.196053290367127,1.5220684128558999,2.3166922534136782
0.3,0.75,0.0,1.0,0.29132938229439087,0.016054429749958982,0.00025774471459636804,0.28818503836864345,0.014949631281227761,0.00022349147544466357,0.9425533521652897,0.16206521132750717,0.026265132722629564,0.9424846158486098,0.16224673694005193,0.026324003647694407,0.9417749099120705,0.17464199810883943,0.030499827503447874,0.9713889508564864,0.09047608154051305,0.008185921330925565,0.9713551506456183,0.09058296719225019,0.008205273945352273,0.9531565670754866,0.14813194146278497,0.021943072081533954,0.7157626854903654,0.02645902167848188,0.0007000798281823741,0.7154476600792522,0.026444762110088175,0.0006993254430591552,0.5763310092063435,0.03677171676256305,0.0013521591536661604,0.7425005577083766,0.09047608154051305,0.008185921330925565,0.7421963558105638,0.09058296719225019,0.008205273945352273,0.5784091036793786,0.14813194146278497,0.021943072081533954,0.565646032405484,0.06583370733321045,0.004334077021234807,0.7210049765014069,0.04058504804456311,0.0016471461247794957,0.04175450827718301,0.009684023049401459,9.378030242133872e-05,4.488681769371032,2.9754411848228988,8.853250244340297
0.3,0.75,0.25,0.0,0.2985531962201783,0.0036863714238715693,1.35893342747369e-05,0.2958597409758806,0.00510455291738836,2.6056460486418012e-05,0.92645461325586,0.1550472890062917,0.024039661828200543,0.926370483516109,0.15522465007067215,0.02409469198956262,0.9060564108104476,0.1980504756067717,0.039223990888068466,0.9461453395142371,0.11353559316672043,0.012890330915719055,0.9460825612735491,0.11366794131876877,0.012920400883647062,0.9132839362960563,0.18281351401914586,0.03342078090802844,0.6456846450518061,0.18193812314248448,0.033101480652609844,0.6453275338391067,0.18203651829116704,0.03313729399157039,0.48231428801453663,0.17909401423911636,0.03207466593628081,0.617373828154825,0.2034729200110758,0.041401229177833655,0.6169786260635914,0.20359350816240132,0.04145031656587377,0.4321840014117426,0.2095149551959978,0.043896516450780965,0.6092995689655172,0.13591887385623144,0.018473940270346153,0.748000748000748,0.08841210132764232,0.007816699661169293,0.0363350201622923,0.0178432158608152,0.00031838035225564707,3.723806095123291,2.673414363722287,7.147144360156641
0.3,0.75,0.25,0.25,0.2984716556476704,0.0035094552995624203,1.2316276499626757e-05,0.2957782004033727,0.0049290308575134665,2.4295345194319943e-05,0.92645461325586,0.15504728900629172,0.024039661828200547,0.926370483516109,0.15522465007067215,0.02409469198956262,0.9060564108104476,0.1980504756067717,0.039223990888068466,0.9461453395142371,0.11353559316672043,0.012890330915719056,0.9460825612735491,0.11366794131876878,0.012920400883647064,0.9132839362960563,0.18281351401914586,0.03342078090802844,0.6456846450518061,0.1819381231424845,0.03310148065260985,0.6453275338391067,0.18203651829116707,0.0331372939915704,0.48231428801453663,0.17909401423911636,0.03207466593628081,0.617373828154825,0.20347292001107578,0.04140122917783365,0.6169786260635914,0.20359350816240135,0.04145031656587378,0.4321840014117426,0.2095149551959978,0.043896516450780965,0.6092995689655172,0.13591887385623141,0.01847394027034615,0.748000748000748,0.0884121013276423,0.00781669966116929,0.0363350201622923,0.017843215860815196,0.00031838035225564696,5.115456485748291,2.73765192274514,7.494738050110162
0.3,0.75,0.25,0.5,0.299439658493429,0.004241615842861758,1.7991304958415858e-05,0.29708288515466846,0.005867225408592903,3.442433399523816e-05,0.8888916646211908,0.17890464856541535,0.03200687327831477,0.8887644828728083,0.1791094350106627,0.03208018970983881,0.8581122065986264,0.22846488450208885,0.05219620345055279,0.9158505714700912,0.13557092231675014,0.018379474977814298,0.9157515819280111,0.1357304413580394,0.018422752711248176,0.8629551022990013,0.22086705261551115,0.048782254931062974,0.706530549412647,0.14733665696373252,0.021708090485248594,0.7062309110591442,0.14743745407011372,0.021737802862676892,0.5870691222763893,0.20287703244525823,0.04115909029379436,0.7228537666468713,0.20970793486662376,0.04397741794602412,0.7225547649686502,0.20988169232309645,0.04405032477240692,0.5755617019323308,0.2721157513250232,0.07404698211918186,0.6427012349480021,0.1575995297648603,0.02483761178210509,0.7688278290771365,0.10106082820774186,0.010213290998034712,0.03209475254363547,0.020455463904774727,0.0004184260035595417,5.734872484207154,4.118776959531755,16.96432364236965
0.3,0.75,0.25,0.75,0.2965227334652957,0.0006980734514941869,4.873065436810069e-07,0.2938292782209979,0.0008950905409484464,8.011870764953824e-07,0.9202741864002164,0.16807677285689615,0.028249801573988667,0.9201832949365611,0.16826838888690734,0.028314250698595486,0.9018113132564523,0.2069999270469279,0.042848969797433474,0.9427779017129726,0.12063477538735073,0.014552749032756563,0.9427103012912366,0.12077728958966688,0.014587153680626257,0.9063131341509731,0.19750925528371327,0.03900990592272702,0.7388848883413132,0.014545241708626176,0.00021156405636235852,0.738600396578655,0.014599941802983163,0.00021315830065049522,0.6191536523288971,0.10938869562951316,0.011965886731526272,0.7711116068518903,0.12063477538735079,0.014552749032756575,0.7708412051649456,0.12077728958966694,0.01458715368062627,0.625252536603892,0.19750925528371327,0.03900990592272702,0.6326874657909141,0.18522488962241493,0.03430825973563579,0.7630648505648505,0.12017001800027344,0.01444083322618604,0.03584511425144812,0.018876028205779858,0.0003563044408253968,4.8312016248703005,2.3125212891812894,5.347754712916693
0.3,0.75,0.25,1.0,0.29132938229439087,0.016054429749958993,0.0002577447145963683,0.28818503836864345,0.014949631281227766,0.00022349147544466376,0.9425533521652897,0.16206521132750717,0.026265132722629564,0.9424846158486098,0.16224673694005198,0.026324003647694424,0.9417749099120705,0.17464199810883943,0.030499827503447874,0.9713889508564864,0.09047608154051305,0.008185921330925565,0.9713551506456183,0.09058296719225019,0.008205273945352273,0.9531565670754866,0.14813194146278497,0.021943072081533954,0.7157626854903655,0.026459021678481884,0.0007000798281823744,0.7154476600792522,0.026444762110088216,0.0006993254430591574,0.5763310092063435,0.03677171676256305,0.0013521591536661604,0.7425005577083765,0.09047608154051305,0.008185921330925567,0.7421963558105638,0.0905829671922502,0.008205273945352276,0.5784091036793786,0.14813194146278497,0.021943072081533954,0.565646032405484,0.06583370733321045,0.004334077021234807,0.7210049765014069,0.04058504804456311,0.0016471461247794957,0.04175450827718301,0.009684023049401459,9.378030242133872e-05,5.8327627897262575,3.4982883300724343,12.23802124032098
0.3,0.75,0.5,0.0,0.3003079700968746,0.004541725692321657,2.062727226429464e-05,0.29828787866365136,0.006274261271085662,3.936635449784547e-05,0.8525140988804203,0.1904068961385918,0.03625478609713249,0.8523453458315403,0.19062476001418582,0.03633779913046594,0.8116266168123726,0.24319304221520485,0.05914285578188641,0.8906069601278419,0.14130942242205743,0.01996835286525547,0.8904789925559419,0.1414747695014723,0.020015110405494717,0.8230824715195713,0.22862105468367566,0.05226758664467622,0.6113819752182518,0.2162723860563456,0.046773744970504995,0.6110185957473391,0.21640254699944458,0.046830062347846826,0.4709778926119115,0.24619609105044124,0.06061251524851716,0.5977270370933196,0.2678241043631742,0.07172975087793643,0.5973370352216779,0.26801094468934766,0.07182986647327658,0.42933659966469495,0.3083426316008212,0.09507517846251974,0.6743543890257252,0.16722684765047113,0.027964818575113886,0.7898674449920987,0.10819100053056586,0.011705292595804904,0.027867051026464362,0.02185879804817569,0.0004778070521109294,6.325090336799621,4.584913674591888,21.021433403459696
0.3,0.75,0.5,0.25,0.2985257775139337,0.0036235542119696994,1.313014512708335e-05,0.29583232226963596,0.005043129769920663,2.5433157876260037e-05,0.9256643579932609,0.15671329338145695,0.0245590563224626,0.9255792411147539,0.15689273551706084,0.024615330458026403,0.9050840011934028,0.20010049507911404,0.040040208130906536,0.9427779017129726,0.12063477538735073,0.014552749032756563,0.9427103012912363,0.1207772895896669,0.01458715368062626,0.9063131341509731,0.1975092552837133,0.03900990592272703,0.7496809640886302,0.03730536781077691,0.00139169046749735,0.7494046621936684,0.037377333662238055,0.0013970650716982741,0.6295449972987569,0.13129557433437383,0.017238527839793086,0.7711116068518903,0.12063477538735078,0.014552749032756572,0.7708412051649456,0.12077728958966694,0.01458715368062627,0.625252536603892,0.1975092552837133,0.03900990592272703,0.6104652435686918,0.13837633169399455,0.019148009173086403,0.7478590581083655,0.08811339280674056,0.007763969991914959,0.03632664276130182,0.017860876972816842,0.00031901092623809897,5.752186131477356,3.2528366296028746,10.580946138886189
0.3,0.75,0.5,0.5,0.3001719498849905,0.004359982039487548,1.9009443384653998e-05,0.29815185845176717,0.0060940888049940915,3.7137918363154315e-05,0.8521189712491208,0.19091813037436198,0.03644973250564188,0.8519497246308628,0.1911366329696008,0.036533212462955884,0.8111404120038502,0.24382206608342588,0.059449199909190495,0.8889232412272097,0.14350926645484305,0.020594909558407138,0.8887928625647856,0.14367777013656022,0.020643301631414233,0.8195970704470295,0.23318877830182003,0.05437700632589537,0.6633801347366638,0.19464533239053952,0.037886805421423614,0.6630571599246199,0.19477263387013383,0.0379363789047092,0.5445932472540217,0.24712409737975885,0.061070319505760536,0.6745959264418524,0.26120285835354573,0.06822693321206247,0.6742683247723551,0.2614042966239334,0.06833220629345334,0.5258708672607696,0.3218648687870253,0.10359699375928902,0.6749372263273126,0.16798205814113157,0.02821797185733051,0.7897966000459075,0.10809960474723439,0.0116855245465083,0.02786286232596912,0.02186420675096695,0.0004780435368490287,6.765010142326355,2.3865809483908618,5.695768623222224
0.3,0.75,0.5,0.75,0.29674081574086714,0.00020921342126846142,4.37702556388547e-08,0.29371067859103217,0.0008554682471947736,7.318259219584983e-07,0.9601370932001082,0.12605757964267209,0.015890513385368617,0.9600916474682805,0.12620129166518052,0.015926766017959962,0.9509056566282261,0.15524994528519595,0.024102545511056332,0.9713889508564864,0.09047608154051302,0.008185921330925562,0.9713551506456183,0.09058296719225015,0.008205273945352266,0.9531565670754866,0.14813194146278497,0.021943072081533954,0.7354351813725428,0.010908931281469601,0.00011900478170382599,0.7351377163434052,0.010949956352237347,0.00011990154411590301,0.5932098451940845,0.08204152172213486,0.006730811286483525,0.7425005577083765,0.09047608154051308,0.00818592133092557,0.7421963558105638,0.09058296719225019,0.008205273945352275,0.5784091036793786,0.14813194146278497,0.021943072081533954,0.5887575259989053,0.13891866721681115,0.019298396101295124,0.7345640283140283,0.09012751350020505,0.008122968689729644,0.04032195742453656,0.014157021154334896,0.00020042124796428577,4.600773096084595,1.8522095361422373,3.4306801657762414
0.3,0.75,0.5,1.0,0.29349619688713896,0.009121478819621913,8.320137585681115e-05,0.2903513214421224,0.008016495915681486,6.426420676613795e-05,0.9492218997984292,0.14097741212146153,0.019874630728464408,0.9491606892331672,0.14113513921842138,0.019919127522203185,0.9443037662107168,0.166645052329854,0.027770573466019778,0.9713889508564864,0.09047608154051305,0.008185921330925565,0.9713551506456183,0.09058296719225019,0.008205273945352273,0.9531565670754866,0.14813194146278497,0.02194307208153395,0.7157626854903655,0.02645902167848189,0.0007000798281823747,0.7154476600792522,0.02644476211008821,0.0006993254430591571,0.5763310092063435,0.03677171676256304,0.0013521591536661598,0.7425005577083765,0.09047608154051306,0.008185921330925569,0.7421963558105638,0.09058296719225022,0.008205273945352278,0.5784091036793786,0.14813194146278497,0.02194307208153395,0.565646032405484,0.06583370733321045,0.004334077021234807,0.7210049765014069,0.040585048044563116,0.0016471461247794961,0.04175450827718301,0.009684023049401459,9.378030242133873e-05,6.036851406097412,3.6811878172052626,13.551143745540445
0.3,0.75,0.75,0.0,0.29810984885510666,0.006427158452284045,4.130836577076624e-05,0.29647681141758314,0.007829861493167955,6.130673100219432e-05,0.840043216721471,0.179675808926848,0.0322833963135172,0.8398516568143055,0.17987404915288616,0.03235467355865491,0.8044167157007175,0.23698785363588473,0.05616324277094352,0.8906069601278419,0.14130942242205746,0.01996835286525548,0.8904789925559419,0.14147476950147228,0.020015110405494713,0.8230824715195713,0.22862105468367563,0.052267586644676206,0.6078425750980752,0.21416916283582949,0.04586843030980005,0.6074750873826165,0.21429729379734883,0.045923330128867235,0.46973212549737775,0.245666833653445,0.06035219315730941,0.5977270370933196,0.2678241043631742,0.07172975087793643,0.5973370352216779,0.26801094468934766,0.07182986647327658,0.42933659966469495,0.3083426316008212,0.09507517846251974,0.6909061131636562,0.1529821798437723,0.023403547349752293,0.8060811376763797,0.09423650432072908,0.008880518746590791,0.0242054706400631,0.018707415395376556,0.00034996739077517173,4.577236843109131,1.8588494361522514,3.455321226283543
0.3,0.75,0.75,0.25,0.29685568237806564,0.005963138428521151,3.55590199177057e-05,0.2949487010973385,0.007278489726346374,5.29764126965297e-05,0.8752477224614715,0.16858193471886554,0.02841986871355584,0.8750953595725008,0.16876821263266692,0.028482709595225073,0.8501882664494873,0.2218785828701169,0.04923010553645134,0.9175342903707234,0.13286145811186323,0.017652167051610386,0.9174377119191673,0.13301709800837552,0.01769354836256978,0.8664405033715429,0.21526033712027012,0.04633701273713234,0.6537656258578893,0.18829589162512844,0.035455342802902114,0.6534246855390986,0.18840961107141402,0.03549818154408149,0.5132542609040895,0.218235449038222,0.04762671121691439,0.6459848772983386,0.23605852666128235,0.055723628009495346,0.6456234754179733,0.23622649837539966,0.055802958534702705,0.47902743433625616,0.27601607602675143,0.07618487422520544,0.6614287424740011,0.14333646310083886,0.020545341654258142,0.7878146488216554,0.08812166368689997,0.0077654276109471055,0.027833345399452054,0.017505181738933673,0.0003064313877130969,8.427243041992188,3.638106360050167,13.235817887037477
0.3,0.75,0.75,0.5,0.29676209308583157,0.005805786337000961,3.370715499090704e-05,0.2948546747330516,0.007119914013175336,5.0693175555010515e-05,0.8754523432491604,0.16872195091716732,0.028467096721295018,0.8753003545770532,0.16890848403939385,0.028530075980486163,0.8501905190022793,0.22188013714267787,0.04923079525845354,0.9175342903707234,0.13286145811186323,0.017652167051610386,0.9174377119191673,0.13301709800837552,0.017693548362569783,0.8664405033715429,0.21526033712027012,0.04633701273713234,0.6545535765556055,0.1886392602562828,0.0355847705100376,0.6542135490061043,0.18875328842307357,0.035627803890523994,0.5135153330536848,0.2183054389670008,0.04765726468257492,0.6459848772983386,0.23605852666128238,0.05572362800949536,0.6456234754179733,0.23622649837539964,0.05580295853470269,0.47902743433625616,0.27601607602675143,0.07618487422520544,0.6614287424740011,0.1433364631008389,0.02054534165425815,0.7878146488216554,0.08812166368689997,0.0077654276109471055,0.027836394945515076,0.017507283595406972,0.0003065049788900061,4.8483398914337155,2.485557121664953,6.177994205059366
0.3,0.75,0.75,0.75,0.2938794210606021,0.0012299451570706478,1.5127650894015402e-06,0.2919724397798749,0.0025134732152699625,6.3175476038795235e-06,0.8673928524182497,0.18123128670975633,0.032844779282473896,0.867232056317589,0.181431145207534,0.032917260451317286,0.8454111475237791,0.22957144779778454,0.05270304964397091,0.9175342903707234,0.13286145811186323,0.017652167051610386,0.9174377119191673,0.13301709800837558,0.017693548362569794,0.8664405033715429,0.21526033712027012,0.046337012737132345,0.6510271414847347,0.17810805038258143,0.03172247761108417,0.6506847450943601,0.17820963213360141,0.03175867298519354,0.512528940918777,0.20033743566425533,0.04013508812852964,0.6459848772983386,0.23605852666128238,0.05572362800949536,0.6456234754179733,0.23622649837539972,0.055802958534702726,0.47902743433625616,0.27601607602675143,0.07618487422520544,0.6928523535851122,0.193969659983812,0.03762422899423564,0.8084251743997148,0.12133982753070914,0.01472335374518224,0.027123247786188843,0.018648564667855996,0.000347768964171207,5.976822757720948,4.361425922500496,19.022036077459305
0.3,0.75,0.75,1.0,0.2782949733881289,0.02005851405472205,0.00040234398608348195,0.27658658454821894,0.018696642750970972,0.00034956445015743543,0.789673637447979,0.2377452071618486,0.056522783528430307,0.7894249404279179,0.23800380290676057,0.056645810198080127,0.7739512778315165,0.2725921000105461,0.07430645298815958,0.8855558034259452,0.1477468224671341,0.021829123549134848,0.8854206025824729,0.14792136600552128,0.021880730520939386,0.8126262683019461,0.24189844746109995,0.05851485888409053,0.6883143219086444,0.04131255667357966,0.0017067273389077312,0.6880100988993976,0.041287293040113505,0.0017046405665802054,0.6104799990956457,0.060690447409299075,0.0036833304067408965,0.8283337051389177,0.14774682246713414,0.021829123549134855,0.8281309038737092,0.14792136600552133,0.0218807305209394,0.718939402452919,0.24189844746109995,0.05851485888409053,0.6446530951391775,0.0932605379086755,0.008697527931015499,0.7757539329925939,0.05229225962605291,0.0027344804167985237,0.02892850317960513,0.01268205052616463,0.00016083440554819257,8.656899857521058,3.784945225391231,14.325810359211877
0.3,0.75,1.0,0.0,0.25697836925646317,0.011294037555028238,0.00012755528429438822,0.2583726544602133,0.010415995678761735,0.00010849296597998313,0.7549113892276467,0.14295492323149664,0.020436110076123094,0.7545572550016921,0.14306414304070628,0.020467349023971668,0.7479893152792189,0.18513180628307727,0.03427378569763485,0.9158505714700912,0.13557092231675014,0.018379474977814298,0.9157515819280109,0.13573044135803944,0.018422752711248182,0.8629551022990013,0.22086705261551115,0.04878225493106297,0.5549958780294924,0.14314534535954213,0.020490589898102585,0.5545359520414954,0.1432500423588325,0.020520574635807306,0.49169722333868265,0.16977372733705062,0.028823118493915206,0.7228537666468713,0.20970793486662376,0.04397741794602412,0.7225547649686503,0.20988169232309645,0.04405032477240692,0.5755617019323308,0.27211575132502314,0.07404698211918184,0.735259659326963,0.048746915758215756,0.002376261795938584,0.8348935770668883,0.020577573885511707,0.00042343654701369336,0.01609921314864642,0.004310455539982872,1.8580026962169034e-05,5.452144908905029,2.7242154715811555,7.421349935602137
0.3,0.75,1.0,0.25,0.25581245307179834,0.009519304309506676,9.061715453699239e-05,0.25720648402042673,0.008716619905639914,7.597946257939798e-05,0.7511620646959317,0.15029338624240418,0.022588101948208487,0.7508040752627354,0.1504111577282546,0.022623516369153888,0.7480077064568881,0.1862410293215895,0.034685721002765166,0.9192180092713557,0.13007136243955186,0.01691855932688126,0.9191238419103236,0.13022298629576412,0.016958026159786768,0.8699259044440847,0.20943919151340162,0.043864774941787324,0.4857340653426173,0.17806092911858384,0.03170569447857334,0.48522627027381116,0.1781325575626316,0.031731208063804264,0.3879507975949304,0.16347386915192524,0.026723705895500775,0.569115987949806,0.23310751445611244,0.05433911329590667,0.5686921858672962,0.23324566553895346,0.054403540492709346,0.38249316674018147,0.2400295353527353,0.05761417784165,0.7364644786040715,0.046779392321517205,0.002188311545970423,0.8352947818861655,0.019924328547161474,0.0003969788680552337,0.01595978387909688,0.004081775057724799,1.6660887621864288e-05,6.425306081771851,4.24737822211277,18.040221761677838
0.3,0.75,1.0,0.5,0.2551034651932042,0.009163797143253128,8.397517808269418e-05,0.25649076485448996,0.008334814668776913,6.94691355628588e-05,0.7506747138456416,0.15095481899496777,0.022787357377803477,0.7503161614588297,0.15107331048505795,0.022823145140914724,0.7474758643944329,0.18707053279059618,0.03499538423855752,0.9175342903707234,0.13286145811186317,0.017652167051610376,0.9174377119191673,0.13301709800837555,0.017693548362569787,0.8664405033715429,0.21526033712027012,0.046337012737132345,0.5200142141255376,0.18004960966653874,0.03241786194107296,0.5195326887005941,0.18014750822481285,0.03245312471960901,0.4403123055173161,0.18320827860935834,0.033565273351004274,0.6459848772983386,0.23605852666128238,0.05572362800949536,0.6456234754179733,0.2362264983753996,0.05580295853470268,0.47902743433625616,0.27601607602675143,0.07618487422520542,0.7358620689655172,0.04777750401870545,0.0022826898902574156,0.835094179476527,0.020254688842827103,0.0004102524201197447,0.01602949851387165,0.004198316023931073,1.7625857436796415e-05,6.875694632530212,4.053243156242168,16.42878008362397
0.3,0.75,1.0,0.75,0.2508138997267721,0.001799241442389961,3.2372697680135076e-06,0.25260279319572604,0.001485955351916864,2.2080633078903715e-06,0.8087982527514613,0.10998475580413045,0.012096646509294207,0.8084835582136778,0.110074248400383,0.012116340160909221,0.8225457522664483,0.12851190805891796,0.016515310512943783,0.9730726697571186,0.08515169487504033,0.0072508111400919695,0.9730412806367745,0.08525095598907657,0.007267725497051472,0.9566419681480282,0.13711013551435938,0.018799189260765996,0.5389536991620283,0.13008444242955905,0.016921962162209262,0.5384500033762032,0.13014891739644147,0.016938740699465746,0.445264827779711,0.10998876618538128,0.012097528686982474,0.6656316683598439,0.15260469000830684,0.02328819141253143,0.6652650662598868,0.15269513112180103,0.023315803068304008,0.48187483608330384,0.15713621639699835,0.024691790503564296,0.7636643124221022,0.005859475847258395,3.433345720460448e-05,0.8461520689655174,0.004796848078303712,2.3009751486326014e-05,0.01357592673036764,0.00047802886717224923,2.2851159784998393e-07,8.172959351539612,4.109148091900413,16.885098041168803
0.3,0.75,1.0,1.0,0.24451821008264107,0.012522610155182629,0.00015681576509868312,0.2458579667414269,0.013255126571302765,0.00017569838042125657,0.7322640534308055,0.17272827172885177,0.029835055854436052,0.7318832291230691,0.1728674503138633,0.029883155378015995,0.7309352737489275,0.2098068339238639,0.04401890756115581,0.8947510755649282,0.1715141875641398,0.02941711653578693,0.8946278997482022,0.17171471685214967,0.029485943983613934,0.8514612134256853,0.23941833619177688,0.0573211397048387,0.5727365741192333,0.0578912487639112,0.00335139668344505,0.5722952848750565,0.05793493641311248,0.0033564568571913867,0.5051203979399085,0.051502087106051656,0.002652464976279332,0.7661467815678051,0.09574745870298929,0.009167575848080638,0.7658829075269636,0.09587006292309104,0.009191068964877435,0.6506057064290814,0.19389083191667783,0.03759365470134141,0.7617656834233486,0.00604058219166735,3.6488633214288716e-05,0.8374351817665506,0.012769053232157105,0.0001630487204456618,0.014014139565664867,0.00027038061132401406,7.310567497994757e-08,8.47434298992157,3.6717404202221218,13.481677713492923
0.3,1.0,0.0,0.0,0.28092325757945286,0.009397526091708526,8.831349664434253e-05,0.27459441643226434,0.006805009303719777,4.630815162371272e-05,0.8109666073300643,0.14600629069078777,0.02131783692128282,0.8106855638693439,0.14613626592350315,0.02135580821806483,0.8182969077372627,0.1815866517688876,0.03297371210063525,0.9444616206136048,0.11715242154347649,0.013724689873500416,0.9443964312823928,0.11728996636195685,0.013756936209188969,0.9097985352235147,0.19033875384714727,0.03622884121608492,0.6258953753675036,0.09885120958377726,0.009771561636175857,0.6254999944892417,0.09889191700766367,0.00977961124945064,0.5158765858884592,0.12203619475251147,0.014892832829672908,0.6942427175033576,0.1858557276325512,0.034542351493825056,0.6939099156142685,0.18599666939328402,0.0345947610253946,0.5287182690078174,0.22761262142408425,0.0518075054315435,0.6966210436270317,0.018471315316696477,0.00034118948952882583,0.7881689432006264,0.01106963975348208,0.0001225369242718708,0.01816971014063232,0.0020949219011005896,4.3886977717109085e-06,2.5817041873931883,0.5023765187634031,0.25238216660483587
0.3,1.0,0.0,0.25,0.28443729559992975,0.0005035003502117541,2.53512602663359e-07,0.2764696126944134,0.0005956055874037296,3.547460157465418e-07,0.8799104781323626,0.0,0.0,0.8796906536183229,0.0,0.0,0.9043971166309804,0.0,0.0,1.0,0.0,0.0,1.0,0.0,0.0,1.0,0.0,0.0,0.6544571529628743,0.0,0.0,0.654056427706517,0.0,0.0,0.5264924787404638,0.0,0.0,0.7138895085648629,5.233641528945917e-17,2.7391003653507353e-33,0.713551506456182,5.233641528945917e-17,2.7391003653507353e-33,0.531565670754865,0.0,0.0,0.7053571428571429,0.0,0.0,0.7829611790007829,0.0,0.0,0.0171843446889153,0.0,0.0,4.713460993766785,3.9867655541684157,15.894299583903795
0.3,1.0,0.0,0.5,0.2833886305589233,0.0029202238508787707,8.527707339241236e-06,0.27619030968198716,0.0006479614285868627,4.1985401293632794e-07,0.8481403046174437,0.10046610996590116,0.010093439251680545,0.8478929122535769,0.10055328716154814,0.010110963558992762,0.8620890185063461,0.13378995354374287,0.017899751669236876,0.9713889508564864,0.09047608154051302,0.008185921330925562,0.9713551506456183,0.09058296719225015,0.008205273945352266,0.9531565670754866,0.14813194146278497,0.021943072081533954,0.6568065150877226,0.007429335363053362,5.519502393671523e-05,0.6564211835068793,0.007478014439239593,5.592069995347585e-05,0.5466332659003638,0.06369076129395793,0.004056513074203929,0.7425005577083765,0.09047608154051308,0.00818592133092557,0.7421963558105638,0.09058296719225017,0.008205273945352271,0.5784091036793786,0.14813194146278497,0.021943072081533954,0.7006896920444825,0.01475977543481073,0.00021785097088604228,0.7852650611007046,0.007285514896244279,5.3078727303397286e-05,0.017734493796593913,0.0017397242329736365,3.026640406795708e-06,4.888123941421509,2.262167036969032,5.117399703149251
0.3,1.0,0.0,0.75,0.28054331330220805,0.011931053356895984,0.00014235003420509892,0.2733516668027371,0.009407694870562052,8.850472277759955e-05,0.8403149719765478,0.12521198455959243,0.015678041077351615,0.8400589139147561,0.12532656509819723,0.015706747919312668,0.8588863420630514,0.14391770571312118,0.020712306017728555,0.9730726697571186,0.08515169487504035,0.007250811140091971,0.9730412806367745,0.08525095598907659,0.007267725497051474,0.9566419681480282,0.13711013551435938,0.018799189260765996,0.6082514056401679,0.14611540252997945,0.02134971085649793,0.6078291390865427,0.14618352209310048,0.021369622131543996,0.48810159360079963,0.12140263843125036,0.014738600618068908,0.6656316683598439,0.15260469000830687,0.023288191412531432,0.6652650662598868,0.15269513112180097,0.023315803068303994,0.48187483608330384,0.15713621639699835,0.024691790503564293,0.7090729255774166,0.011750336686361305,0.00013807041224284835,0.7884650611007047,0.017404803408783087,0.0003029271816983874,0.01687988660889255,0.000962780984913699,9.269472249113924e-07,3.773343586921692,1.8387816085649038,3.3811178039965353
0.3,1.0,0.0,1.0,0.2687769469627323,0.03284507853902685,0.001078799184234842,0.2623036516837919,0.029436811954556684,0.0008665258980479312,0.7835687290532469,0.19748259725178247,0.03899937621730972,0.7832563308069721,0.19766743519804345,0.039072414937772706,0.7984758630762445,0.21747732828849606,0.04729638831950229,0.9444616206136048,0.1171524215434765,0.01372468987350042,0.9443964312823928,0.11728996636195684,0.013756936209188967,0.9097985352235147,0.19033875384714724,0.03622884121608491,0.5887749426334203,0.16345674507825328,0.026718107511577077,0.5883511895120274,0.16353289750500602,0.0267430085663828,0.4866634063074408,0.12770768471083255,0.016309252734201415,0.6942427175033576,0.1858557276325512,0.034542351493825056,0.6939099156142685,0.185996669393284,0.03459476102539459,0.5287182690078174,0.22761262142408428,0.05180750543154351,0.7163815226689478,0.023412225844865863,0.000548132319011005,0.7942589497059843,0.018486865599455782,0.00034176419969234164,0.015959865925982343,0.0016536538295165212,2.7345709878746555e-06,5.906731677055359,1.8486643125787883,3.4175597406024036
0.3,1.0,0.25,0.0,0.28343904767686895,0.00293679195703758,8.624746998920618e-06,0.27624131973804233,0.0006576553421775816,4.325105490947119e-07,0.8481403046174437,0.10046610996590118,0.010093439251680549,0.8478929122535769,0.10055328716154813,0.01011096355899276,0.8620890185063461,0.13378995354374287,0.017899751669236876,0.9713889508564864,0.09047608154051305,0.008185921330925565,0.9713551506456183,0.09058296719225019,0.008205273945352273,0.9531565670754866,0.14813194146278497,0.02194307208153395,0.6568065150877226,0.007429335363053347,5.519502393671502e-05,0.6564211835068793,0.007478014439239593,5.592069995347585e-05,0.5466332659003638,0.0636907612939579,0.004056513074203926,0.7425005577083766,0.09047608154051305,0.008185921330925565,0.7421963558105638,0.09058296719225019,0.008205273945352273,0.5784091036793786,0.14813194146278497,0.02194307208153395,0.7006896920444825,0.01475977543481073,0.00021785097088604228,0.7852650611007046,0.007285514896244261,5.307872730339703e-05,0.017734493796593913,0.0017397242329736365,3.0266404067957076e-06,3.901363563537598,1.6230067070960665,2.634150771278817
0.3,1.0,0.25,0.25,0.2797398540433422,0.009321609572072977,8.689240501416257e-05,0.27415619901843086,0.006653076894064372,4.4263432158333234e-05,0.7791964338151454,0.16292271882810877,0.026543812310342984,0.7788878225045979,0.16306673005577124,0.026590758451081765,0.7759888096126285,0.2068296272029794,0.04277849468892343,0.9158505714700912,0.13557092231675016,0.018379474977814305,0.9157515819280109,0.1357304413580394,0.01842275271124818,0.8629551022990013,0.22086705261551115,0.048782254931062974,0.6282447374923519,0.09987928776001516,0.009975872123447915,0.627864750289604,0.09992795591847453,0.009985596374044588,0.5360173730483592,0.13937174984901277,0.019424484655975786,0.7228537666468713,0.20970793486662376,0.04397741794602412,0.7225547649686503,0.20988169232309642,0.04405032477240691,0.5755617019323308,0.27211575132502314,0.07404698211918184,0.6919535928143713,0.02164321262534367,0.0004684286527458357,0.790472825300548,0.012204641056057147,0.00014895326330719572,0.01871985924831093,0.00249212281502628,6.2106761251745085e-06,4.64458692073822,1.5987598470186601,2.55603304843913
0.3,1.0,0.25,0.5,0.27998735916067874,0.009346139089024565,8.735031587139295e-05,0.2744278800420703,0.006749382258420602,4.5554160870282784e-05,0.7794359636888275,0.16256963424945386,0.026428885980001204,0.7791276560794517,0.1627132063692754,0.0264755875269704,0.7763274744800933,0.20629559940568926,0.04255787433415262,0.9175342903707234,0.13286145811186323,0.017652167051610386,0.9174377119191673,0.13301709800837555,0.017693548362569787,0.8664405033715429,0.21526033712027012,0.04633701273713234,0.5949842356472848,0.13177480076912237,0.017364598117741895,0.5945788054716039,0.13182788340409818,0.017378590842804506,0.48511990587655457,0.15371073336309454,0.02362698955102035,0.6459848772983386,0.23605852666128235,0.055723628009495346,0.6456234754179733,0.23622649837539964,0.05580295853470269,0.47902743433625616,0.27601607602675143,0.07618487422520544,0.6925523952095809,0.020681913931011684,0.0004277415638497752,0.791072825300548,0.013162680688464065,0.00017325616290646484,0.01860492648467073,0.0023086439239247444,5.329836767474642e-06,5.658825612068176,3.1554787695294055,9.957046264950812
0.3,1.0,0.25,0.75,0.28284043748022897,0.005473833574384124,2.996285400005487e-05,0.27568413372491607,0.0030063111662378054,9.037906828246114e-06,0.8467187454143648,0.10496147487640409,0.011016911208230007,0.8464698923764422,0.10505327112898685,0.011036189774900422,0.8609597682345281,0.13736095645105179,0.01886803235714775,0.9713889508564864,0.09047608154051305,0.008185921330925567,0.9713551506456183,0.09058296719225017,0.008205273945352271,0.9531565670754866,0.14813194146278497,0.02194307208153395,0.6530573366308838,0.004426607914992574,1.95948576330749e-05,0.6526692397033625,0.004386673632828715,1.9242905560954676e-05,0.5419417458470381,0.048854872237094,0.0023867985413027776,0.7425005577083765,0.09047608154051305,0.008185921330925567,0.7421963558105638,0.0905829671922502,0.008205273945352276,0.5784091036793786,0.14813194146278497,0.02194307208153395,0.7090729255774166,0.011750336686361305,0.00013807041224284835,0.7880650611007046,0.01613989234471572,0.00026049612489901315,0.01694617652302827,0.0007531538703478319,5.672407524199188e-07,7.098245573043823,4.126202093742631,17.025543718406066
0.3,1.0,0.25,1.0,0.26786912327195544,0.028354693743565737,0.0008039886572914059,0.2622189955835925,0.024720572935574673,0.000611106726263067,0.759395970970652,0.19219640209940064,0.036939456979954495,0.7590651645308443,0.19237048914424043,0.037006405093594326,0.7594562127728277,0.22951265680409055,0.05267605963327226,0.9052557543753121,0.155606991564246,0.024213535823675327,0.9051453939523795,0.15578823942616457,0.024269975543503974,0.8614974918578225,0.2239801093074455,0.05016708936537523,0.565091176890566,0.17043899371804935,0.029049450579621265,0.5646635477666042,0.17051289839300948,0.029074648518384774,0.46801986081031144,0.13503191838172102,0.018233618981847766,0.6281067834138213,0.2110583306138151,0.044545618921490476,0.6277309976875122,0.21119602396747209,0.04460376053966904,0.4674962825241268,0.25195832423751574,0.06348299715257712,0.72249251497006,0.027782435077245267,0.0007718636988213482,0.7990841337413507,0.021937313686078593,0.0004812457317614112,0.015506832621520139,0.0020031011912938694,4.012414382562919e-06,6.818061757087707,3.3487543345498767,11.214155593166588
0.3,1.0,0.5,0.0,0.2813863128143981,0.009704983438787756,9.418670354714464e-05,0.2742197537888934,0.007197495902662591,5.180394726884479e-05,0.8424995065639409,0.1183038796360139,0.013995807936932463,0.8422457668023522,0.11841112906567759,0.014021195486608557,0.860590955342557,0.13852724522011398,0.019189797668273594,0.9730726697571186,0.08515169487504033,0.0072508111400919695,0.9730412806367745,0.08525095598907657,0.007267725497051472,0.9566419681480282,0.13711013551435938,0.018799189260765996,0.6070377637875747,0.1499532750478803,0.02248598469758524,0.6066143501412484,0.15002502203662416,0.022507507237089563,0.4860833177683409,0.1277849870082922,0.016329002904709407,0.6656316683598439,0.15260469000830684,0.023288191412531425,0.6652650662598867,0.152695131121801,0.023315803068304,0.48187483608330384,0.15713621639699835,0.024691790503564293,0.7012884944396921,0.012866195997584146,0.00016553899944825028,0.7858650611007045,0.00918288149234528,8.432531250245748e-05,0.017619561032953708,0.0013762749220928192,1.8941326611815958e-06,3.280695104598999,1.4479732531262348,2.096626541768971
0.3,1.0,0.5,0.25,0.27901041470306576,0.012912100179654584,0.00016672233104943595,0.27272593941134643,0.009609027808189865,9.233341541856611e-05,0.8050862794028795,0.15774326147775392,0.02488293654163904,0.8047985848432653,0.157886344100116,0.02492809765330024,0.816460179706009,0.18538891964780013,0.03436905152817849,0.9444616206136048,0.1171524215434765,0.013724689873500418,0.9443964312823928,0.11728996636195681,0.01375693620918896,0.9097985352235147,0.1903387538471473,0.036228841216084925,0.6093871259124229,0.15095942200617113,0.02278874709243726,0.6089791059416109,0.1510388581331387,0.022812736666162396,0.5062241049282409,0.14897691469904295,0.022194121113245917,0.6942427175033576,0.1858557276325512,0.034542351493825056,0.6939099156142685,0.18599666939328402,0.0345947610253946,0.5287182690078174,0.22761262142408428,0.051807505431543506,0.6966210436270317,0.018471315316696452,0.00034118948952882496,0.7881689432006264,0.011069639753482062,0.0001225369242718704,0.01816971014063232,0.0020949219011005887,4.388697771710904e-06,4.77382390499115,1.487448129209723,2.2125019370895047
0.3,1.0,0.5,0.5,0.2835498868541754,0.0029991011035497973,8.994607429313612e-06,0.2763781579569785,0.0008111935572466629,6.580349873184948e-07,0.8481403046174437,0.10046610996590118,0.010093439251680549,0.8478929122535769,0.10055328716154813,0.01011096355899276,0.8620890185063461,0.13378995354374287,0.017899751669236876,0.9713889508564864,0.09047608154051305,0.008185921330925565,0.9713551506456183,0.09058296719225019,0.008205273945352273,0.9531565670754866,0.14813194146278497,0.02194307208153395,0.6568065150877226,0.007429335363053347,5.519502393671502e-05,0.6564211835068793,0.007478014439239593,5.592069995347585e-05,0.5466332659003638,0.0636907612939579,0.004056513074203926,0.7425005577083765,0.09047608154051305,0.008185921330925565,0.7421963558105638,0.09058296719225019,0.008205273945352275,0.5784091036793786,0.14813194146278497,0.02194307208153395,0.7006896920444825,0.01475977543481073,0.00021785097088604228,0.7852650611007046,0.007285514896244261,5.307872730339703e-05,0.017734493796593913,0.0017397242329736365,3.0266404067957076e-06,7.611675429344177,3.911898039204043,15.302946269128435
0.3,1.0,0.5,0.75,0.277415323883681,0.012826559287173035,0.00016452062314736485,0.27183524975149637,0.009572702836076601,9.1636639587829e-05,0.7742255509990561,0.17110174812600648,0.029275808211775358,0.7739117868050487,0.17125427722974,0.029328027469480638,0.7723792398029008,0.21265949714006274,0.04522406172386435,0.9175342903707234,0.13286145811186323,0.017652167051610386,0.9174377119191673,0.13301709800837552,0.01769354836256978,0.8664405033715429,0.21526033712027012,0.04633701273713234,0.5774517538465676,0.1635813677000823,0.02675886385862953,0.5770333959697127,0.1636559696365694,0.026783276397685726,0.4754079000288516,0.15788894597419237,0.02492891926084144,0.6459848772983386,0.23605852666128233,0.05572362800949534,0.6456234754179733,0.23622649837539964,0.05580295853470269,0.47902743433625616,0.27601607602675143,0.07618487422520544,0.7165044910179641,0.017948935768822408,0.0003221642952333124,0.799072825300548,0.025965047912895254,0.0006741837131189462,0.016337260362982768,0.0013758162615545467,1.8928703855579287e-06,9.00142285823822,3.75533538613185,14.102543862334052
0.3,1.0,0.5,1.0,0.24861275939421001,0.0385841742162201,0.0014887384999476244,0.2445493249538116,0.03444139862866383,0.0011862099394985266,0.654008038018562,0.23770943622117158,0.056505776068587234,0.6535763804189917,0.23793072002019963,0.05661102752933062,0.649138199197617,0.26681082345530455,0.0711880155128977,0.8465376827290723,0.16471234160295867,0.02713015547632975,0.8463570378838303,0.1649058884577253,0.027193952048031735,0.7613677102639278,0.2518847098328561,0.06344590704758213,0.5986183118724681,0.05527368990736982,0.003055180795976076,0.5982441380527064,0.055241509444029155,0.0030516243656547623,0.5369645364963471,0.013548968576511186,0.00018357454948728753,0.8388295577290915,0.14234269545513115,0.02026144294943221,0.8386458688573232,0.142509809264436,0.020309045736585922,0.7538892283154998,0.23701717555664872,0.05617714150885124,0.7299240804106073,0.02589582593469078,0.0006705938008398036,0.804953765608226,0.02044939545354693,0.00041817777441554584,0.0151475831195931,0.0016672003626652689,2.7795570492712043e-06,8.218912291526795,4.935348197813248,24.357661833658472
0.3,1.0,0.75,0.0,0.2799982753171423,0.0017110869608141096,2.9278185874680665e-06,0.27343423131683353,0.0006903058488519578,4.7652216495922203e-07,0.8306153527360276,0.09430846989954407,0.00889408749479321,0.8303359365704648,0.09438439507913839,0.008908414034454882,0.8520684569992808,0.1302690903331623,0.0169700358962296,0.9713889508564864,0.09047608154051302,0.008185921330925562,0.9713551506456183,0.09058296719225012,0.008205273945352263,0.9531565670754866,0.14813194146278497,0.021943072081533954,0.6541867572095301,0.011337248003096052,0.00012853319228370543,0.6537984986748799,0.011379905618124993,0.0001295022518774328,0.5451905780666018,0.06425695177147663,0.004128955850961873,0.7425005577083765,0.09047608154051306,0.008185921330925569,0.7421963558105638,0.09058296719225019,0.008205273945352275,0.5784091036793786,0.14813194146278497,0.021943072081533954,0.7328325491873396,0.02605362422112639,0.0006787913350556636,0.8112981248349327,0.0018615713118100593,3.4654477489542253e-06,0.01391213601855595,0.003082843693405782,9.503925237971803e-06,4.808977437019348,3.0220406398142328,9.132729628688818
0.3,1.0,0.75,0.25,0.28081929892260454,0.0004162902397133283,1.7329756368058033e-07,0.27358926502572734,0.0005011029238238868,2.511041402648481e-07,0.8594175410780396,0.0010729237390694356,1.1511653498587382e-06,0.8591602661212008,0.0010748881240213685,1.1553844791621769e-06,0.893262329945537,1.6922312472596336e-05,2.863646594201895e-10,1.0,0.0,0.0,1.0,0.0,0.0,1.0,0.0,0.0,0.6457633621651422,0.009598196208225076,9.212537045158621e-05,0.6453526795847739,0.009609325925889313,9.233914474996852e-05,0.5229943504893633,0.0032970402104872754,1.0870474149569978e-05,0.7138895085648629,8.275113844157577e-17,6.847750913376839e-33,0.7135515064561819,8.275113844157577e-17,6.847750913376839e-33,0.531565670754865,0.0,0.0,0.7410714285714286,0.0,0.0,0.8118868053721474,0.0,0.0,0.01293289340794738,1.1132792363448862e-05,1.239390658076653e-10,5.025826096534729,3.3114831455138702,10.965920623022438
0.3,1.0,0.75,0.5,0.28012438720425614,0.001362779170741859,1.8571670682078686e-06,0.27355967719063723,0.001014350402400523,1.028906738850103e-06,0.8308548826097099,0.09355100993396481,0.008751791459664784,0.8305757701453185,0.09362597472613719,0.00876582314341928,0.8524071218667457,0.12919813801511298,0.016692158866572184,0.9730726697571186,0.0851516948750403,0.007250811140091966,0.9730412806367745,0.08525095598907657,0.007267725497051472,0.9566419681480282,0.1371101355143594,0.018799189260766,0.6209262553644629,0.09713234074793621,0.009434691619173189,0.6205125538568799,0.09716369740418035,0.009440784093251123,0.4942931108947972,0.09679359754973621,0.009369000526620298,0.6656316683598439,0.15260469000830687,0.023288191412531432,0.6652650662598867,0.15269513112180097,0.02331580306830399,0.48187483608330384,0.15713621639699835,0.024691790503564293,0.7334313515825492,0.024160044783899787,0.0005837077639600434,0.8118981248349326,3.5795284290948366e-05,1.2813023774698147e-09,0.013797203254915753,0.002719405052788587,7.395163841132098e-06,7.671048307418824,3.592815799964847,12.908325372477044
0.3,1.0,0.75,0.75,0.272965328608225,0.013922491972383535,0.00019383578272108397,0.267903547387661,0.010844703987779094,0.00011760760458255176,0.7539290164375041,0.17151488692007455,0.029417356435205964,0.7535825146823957,0.1716612010230872,0.02946756793668876,0.7619421990803976,0.21159489271171847,0.04477239862168365,0.9158505714700912,0.1355709223167501,0.018379474977814295,0.9157515819280111,0.13573044135803944,0.018422752711248182,0.8629551022990013,0.22086705261551115,0.04878225493106297,0.615816203077007,0.09022330638243752,0.00814024501457919,0.6154246316485298,0.09025683940848626,0.008146297060009279,0.5266069053695757,0.1188526575899499,0.014125954216193873,0.7228537666468713,0.20970793486662376,0.04397741794602411,0.7225547649686503,0.2098816923230964,0.044050324772406904,0.5755617019323308,0.27211575132502314,0.07404698211918184,0.7415044910179641,0.000697296785263572,4.86222806738912e-07,0.8189207637605032,0.011377951294203903,0.00012945777565327629,0.013434968326427852,0.0008118974815176106,6.591775204946388e-07,9.267283058166504,4.379717613208983,19.181926371452988
0.3,1.0,0.75,1.0,0.28016475179062084,0.00021922164604531354,4.805813009481674e-08,0.2727060025180502,0.0002749783924704091,7.561311632561032e-08,0.8577804210414971,1.3565955006593415e-05,1.8403513524091693e-10,0.8575201352146233,1.358961433125227e-05,1.8467761767217706e-10,0.8905287741693245,4.6145123311178555e-05,2.1293724054038746e-09,1.0,0.0,0.0,1.0,0.0,0.0,1.0,0.0,0.0,0.6459761611090213,0.010279550926101406,0.00010566916724231228,0.645565695689605,0.010291471754844088,0.00010591439088075366,0.52172233552652,0.0036824924871796455,1.3560750918134532e-05,0.7138895085648629,6.409875621278546e-17,4.108650548026103e-33,0.7135515064561819,9.064933036736789e-17,8.217301096052206e-33,0.531565670754865,0.0,0.0,0.7410714285714286,0.0,0.0,0.8145400302263045,0.0,0.0,0.01253828394485412,4.389562029205545e-05,1.9268254808243105e-09,5.47091155052185,3.610003123359351,13.03212255066427
0.3,1.0,1.0,0.0,0.23750637195616134,0.008166188977204489,6.668664241141609e-05,0.23636990541702466,0.007761950855366163,6.024788108111951e-05,0.7011113244445513,0.09521085447172126,0.009065106809235285,0.7006047537113902,0.09525944749922909,0.009074362337858383,0.7424103841555874,0.118911531103046,0.014139952229270676,0.9713889508564864,0.09047608154051305,0.008185921330925565,0.9713551506456183,0.09058296719225019,0.008205273945352273,0.9531565670754866,0.14813194146278497,0.021943072081533954,0.5433239202862519,0.05147294520400053,0.002649464087974041,0.5428117564818684,0.05154565858330036,0.002656954918786166,0.4700986290875292,0.058346242368361986,0.003404283998507639,0.7425005577083765,0.09047608154051305,0.008185921330925565,0.7421963558105638,0.09058296719225019,0.008205273945352273,0.5784091036793786,0.14813194146278497,0.021943072081533954,0.9577601553649459,0.10508512912897026,0.011042884364052354,0.97004045302884,0.07883691484187808,0.006215259141785536,0.002779563969971577,0.008742280518235149,7.642746865951382e-05,4.391479921340943,2.0759362621537596,4.309511364524924
0.3,1.0,1.0,0.25,0.24084761457193032,0.0059908746418252945,3.589057897406535e-05,0.23972243870528698,0.006089672543121526,3.7084111682448194e-05,0.710768028059153,0.06503310106045641,0.004229304233539537,0.7102723101041064,0.0650488319327294,0.004231350535812475,0.7471831978020675,0.10392333975261778,0.010800060545338025,0.9690399467296817,0.09790428481435064,0.009585248985009488,0.9690034465268095,0.09801970859048488,0.009607863272163574,0.9525294184301064,0.15011515961367566,0.022534561145839325,0.5433239202862519,0.05147294520400056,0.002649464087974044,0.5428117564818684,0.05154565858330033,0.002656954918786163,0.4700986290875292,0.05834624236836198,0.0034042839985076387,0.7387272042926003,0.07854369032988358,0.006169111290636646,0.7384198907684294,0.07864073615510173,0.006184365383016323,0.5767698272207908,0.14294809413895335,0.020434157617959067,0.9577601553649459,0.10508512912897024,0.01104288436405235,0.97004045302884,0.07883691484187808,0.006215259141785536,0.002779563969971577,0.008742280518235147,7.64274686595138e-05,13.243419289588928,22.094495147773646,488.1667158349931
0.3,1.0,1.0,0.5,0.2378532906119326,0.0012217262706914838,1.4926150804977208e-06,0.2366234403692265,0.0011334816774921238,1.2847807132103587e-06,0.7273392539282457,0.0027073856262148912,7.329936929034998e-06,0.7268406322667237,0.0027123366913710187,7.356770327357485e-06,0.7757168252181608,0.002496056142773594,6.230296267877793e-06,1.0,0.0,0.0,1.0,0.0,0.0,1.0,0.0,0.0,0.5437933726672719,0.051858210549275134,0.0026892740013729505,0.5432649599976267,0.05191827661109352,0.0026955074462660204,0.4592253510295854,0.03864152745091314,0.0014931676437396739,0.7138895085648629,5.233641528945917e-17,2.7391003653507353e-33,0.7135515064561819,9.791246743253677e-17,9.586851278727574e-33,0.531565670754865,0.0,0.0,0.990990990990991,0.0,0.0,0.9949708744889468,0.0,0.0,1.5012131797552226e-05,5.57299332526352e-20,3.105825460343175e-39,19.8204505443573,30.95045513094331,957.9306728125351
0.3,1.0,1.0,0.75,0.23836935553686697,0.011221446508732507,0.00012592086174834498,0.23718284015955843,0.010769594475500842,0.00011598416516673826,0.7029143805300636,0.10223395523320862,0.010451781602625703,0.7024123968528757,0.10229188830360217,0.010463630412716621,0.7446552655297669,0.12583274086355326,0.015833878673234145,0.9713889508564864,0.09047608154051305,0.008185921330925565,0.9713551506456183,0.09058296719225016,0.008205273945352268,0.9531565670754866,0.14813194146278497,0.021943072081533954,0.540393167469458,0.04999773568281943,0.002499773573409075,0.5398788478473329,0.05005959792804187,0.002505963344717214,0.46583796338183275,0.04875556289238365,0.0023771049129531776,0.7425005577083765,0.09047608154051306,0.008185921330925569,0.7421963558105638,0.09058296719225016,0.00820527394535227,0.5784091036793786,0.14813194146278497,0.021943072081533954,0.9661433888978799,0.07857501700779822,0.0061740332977757795,0.9769557065963699,0.056968962970878535,0.0032454627419773296,0.001515043500977107,0.004743515688308293,2.2500941085226902e-05,10.900623965263367,3.812828499986044,14.537661170305824
0.3,1.0,1.0,1.0,0.23301021763206936,0.020006044370102845,0.0004002418113385238,0.23175638753568434,0.019536479412915118,0.00038167402785125616,0.6915168486388916,0.11902513775750666,0.014166983418193438,0.6909984887915234,0.11909878092738982,0.014184519618390392,0.7329677776786488,0.14223200178761086,0.020229942332510943,0.9713889508564864,0.09047608154051305,0.008185921330925565,0.9713551506456183,0.09058296719225019,0.008205273945352273,0.9531565670754866,0.14813194146278497,0.02194307208153395,0.5400684831788393,0.052302075808694976,0.0027355071338984764,0.5395569443155039,0.052333066294140175,0.00273874982774687,0.4594761035104008,0.03590860450164796,0.0012894278772557723,0.7425005577083766,0.09047608154051305,0.008185921330925565,0.7421963558105638,0.09058296719225019,0.008205273945352275,0.5784091036793786,0.14813194146278497,0.02194307208153395,0.9913654833190761,0.0009298827593522779,8.646819461406065e-07,0.9962321428571428,0.0006211616832473326,3.858418367346595e-07,5.570203670844296e-06,1.2523247012155826e-06,1.5683171572746984e-12,8.116704940795898,2.3651847637499945,5.594098966675118
0.5,0.0,0.0,0.0,0.3125020608400307,0.01654407328408498,0.00027370636082917434,0.3108186513123446,0.018318542731523738,0.00033556900780666116,0.8670143583903862,0.14017917452841339,0.019650200971467382,0.8668605739082332,0.14034127760587764,0.019695674200050015,0.7858528655296906,0.22573089977484437,0.05095443911316084,0.865363348785593,0.14191949145840058,0.020141142055811034,0.8652064031838727,0.14208492664846098,0.020188126380698536,0.7832098407401411,0.2285168925239323,0.05221997016879443,0.5017509963064057,0.242688448895943,0.058897683227518725,0.5013084161375685,0.2428277386604951,0.0589653106629697,0.33130520463196117,0.248724557407299,0.06186390545745678,0.4726003075397681,0.2543411500138447,0.06468942059036506,0.4721193054747056,0.25449188520300164,0.06476611963417778,0.28311149739705904,0.26189369399499723,0.06858830695434526,0.49783651339797724,0.10465641058962706,0.010952964277504603,0.6233778688868509,0.1295241189961454,0.01677649740172764,0.07567013843031944,0.051051722231800725,0.0026062783428329366,2.2029703140258787,1.4983188222928516,2.244959293237038
0.5,0.0,0.0,0.25,0.3031974319480995,0.013472266514095865,0.00018150196502682875,0.3005039767038018,0.014891842072046916,0.0002217669602987866,0.9463970948807544,0.11300484625247689,0.01277009527654594,0.9463350072216311,0.11313573853075572,0.012799695332899524,0.9134532076118544,0.1824566587521758,0.03329043232300792,0.9427779017129726,0.12063477538735072,0.01455274903275656,0.9427103012912363,0.12077728958966688,0.014587153680626257,0.9063131341509731,0.1975092552837133,0.039009905922727024,0.785588379523018,0.11300484625247689,0.01277009527654594,0.7853400288865242,0.11313573853075572,0.012799695332899524,0.6538128304474176,0.1824566587521758,0.03329043232300792,0.7711116068518903,0.12063477538735072,0.01455274903275656,0.7708412051649456,0.12077728958966692,0.014587153680626266,0.625252536603892,0.1975092552837133,0.039009905922727024,0.3985507246376811,0.0,0.0,0.5005005005005004,0.0,0.0,0.11851364422229371,0.011781403630764976,0.00013880147151100217,2.168267583847046,0.5331661560888241,0.28426614999853234
0.5,0.0,0.0,0.5,0.3031412205921646,0.013354419821725697,0.00017834052877490023,0.3004477653478669,0.014773932226854008,0.00021826907344367542,0.9466014191184545,0.11257512307897824,0.012673158336247098,0.9465396183924621,0.11270541215019317,0.012702509927944909,0.9138971769118653,0.18152370557981076,0.03295085568742582,0.9444616206136048,0.11715242154347649,0.013724689873500416,0.9443964312823928,0.11728996636195684,0.013756936209188967,0.9097985352235147,0.1903387538471473,0.036228841216084925,0.7127400313439219,0.1764336749048708,0.03112884164043764,0.7124342085032224,0.17656327482898565,0.03117459001833592,0.5633472675678826,0.21338936083083274,0.045535019315791334,0.6942427175033575,0.18585572763255123,0.03454235149382506,0.6939099156142685,0.18599666939328402,0.0345947610253946,0.5287182690078174,0.22761262142408428,0.051807505431543506,0.4184078823897403,0.06279384635377624,0.003943067139901658,0.5250759741777705,0.07771447139768727,0.006039539064621951,0.11162146619171365,0.030922321008923986,0.0009561899365789418,2.3021266937255858,0.4980853350377567,0.24808900097967435
0.5,0.0,0.0,0.75,0.29972643800809895,0.010214295338637465,0.00010433182926491107,0.2980430284804128,0.010881269238842629,0.00011840202024818285,0.8172363105650069,0.196047502024635,0.038434623050099266,0.8170274618897562,0.19627124228669637,0.03852240054876307,0.7634877782293489,0.24975754111702547,0.062378829344822674,0.8636796298849605,0.14378194363144378,0.020673247314435674,0.8635202731927164,0.14395006890572776,0.020721622337963767,0.7797244396675994,0.23242324096078798,0.054020562938716515,0.5906732247536259,0.2535735020956761,0.06429952096506583,0.5903049517851471,0.25373783118903936,0.06438288697651745,0.44817088666434035,0.27978379790139785,0.07827897356813024,0.5494691968883008,0.2873338130104919,0.08256072009914832,0.5490505950253827,0.28753344995168173,0.08267548484111625,0.37964576499313374,0.3293606202075264,0.10847841814348642,0.5614325930559899,0.21027958792775264,0.044217505099065454,0.6579849310388232,0.20331152558729426,0.04133557643663301,0.0738488576542429,0.05947531487738397,0.0035373130797639713,3.4853478193283083,1.1805739516673541,1.393754855355472
0.5,0.0,0.0,1.0,0.26766756996338015,0.023844599411531935,0.0005685649210964291,0.2666352363681138,0.024043150539170825,0.0005780730878492304,0.724380288846043,0.18455681733467885,0.034061218824706016,0.7240297114834267,0.18472965972511163,0.034125047182155525,0.6956302619778456,0.22287941901316094,0.04967523541964417,0.8619959109843283,0.1455989449636745,0.021199052774535116,0.8618341432015599,0.14576968286006656,0.021248800441124382,0.7762390385950576,0.23620787477817967,0.055794160107224204,0.5410290633969607,0.25050694350858027,0.06275372874601104,0.5406033129916736,0.25067039689658693,0.06283564788029243,0.47248169462545136,0.27645737722046787,0.07642868141962006,0.6263380862368335,0.295467925215025,0.08730129483087162,0.6259818845760597,0.2956903756360114,0.08743279824376554,0.4761800325892084,0.3572953132117025,0.1276599408430486,0.46940462580248,0.14439580933105625,0.020850149752370754,0.6060649499361326,0.14070273268622474,0.019797258985371217,0.07836435161836391,0.042270940983457045,0.0017868324516269085,10.228986191749573,23.31087001363621,543.3966607926438
0.5,0.0,0.25,0.0,0.31906115202223945,0.015358474103021037,0.00023588272677316783,0.3180511063056279,0.01698464586369771,0.0002884781951152238,0.8127984805580407,0.1291838860924987,0.01668847642595968,0.812581747617371,0.1293334502647971,0.01672714135739674,0.6979741652415121,0.20842513233073032,0.043441035787082444,0.8030900937966686,0.13604622488047946,0.01850857530422999,0.8028583145016401,0.13620644690130435,0.01855219617747784,0.679066771673489,0.22189988204174238,0.04923955765013918,0.7738989459629395,0.29167235383209206,0.08507276198995312,0.7736908700658429,0.2919072084260075,0.08520981833106456,0.6892486856587117,0.3701224820132137,0.13699065169162167,0.7604290738723936,0.30793227671875584,0.09482228704519644,0.7602028728355005,0.30818757974525113,0.09497958430923553,0.6664011660343101,0.39569675626607625,0.15657592291949454,0.43826504014179957,0.08372512847170166,0.0070098971376029474,0.5496514478550406,0.10361929519691634,0.01073695833710569,0.09075826209601054,0.03582505398447403,0.0012834344929904787,2.3798200130462646,0.49343137498586853,0.2434745218204448
0.5,0.0,0.25,0.25,0.30622402643749663,0.015162893625443197,0.00022991334309650595,0.30386725309873613,0.01678922173769813,0.00028187796655759534,0.9202086150342318,0.128476335626576,0.0165061688160326,0.9201163443449399,0.12862490555114903,0.016544366328042005,0.8715117193178143,0.20688578698174293,0.04280172885505511,0.9192180092713557,0.13007136243955186,0.01691855932688126,0.9191238419103236,0.13022298629576412,0.016958026159786768,0.8699259044440847,0.20943919151340165,0.04386477494178733,0.5938447875453525,0.22242763747141614,0.04947405391111573,0.5934550641258032,0.22255529864933468,0.04953086095689455,0.42568953800288545,0.22795982230266737,0.051965680584263686,0.569115987949806,0.2331075144561124,0.054339113295906655,0.5686921858672961,0.23324566553895346,0.054403540492709346,0.38249316674018147,0.2400295353527353,0.05761417784165,0.45812219789385883,0.0959191846978688,0.009200489993103867,0.5742269215323107,0.1187108159244608,0.014092257817451215,0.09504290491752884,0.046789676297017344,0.002189273807979667,2.7578627347946165,1.0579607173634498,1.119280879484185
0.5,0.0,0.25,0.5,0.3158097121091026,0.016356562112298707,0.0002675371241334855,0.31446298448695376,0.018095025314617482,0.0003274299411366475,0.8398042573553635,0.13787706628607568,0.019010085407654906,0.8396188551773864,0.1380366392412208,0.01905411377301094,0.741691530735596,0.22232392157383035,0.04942792610396667,0.8333848618408146,0.14356412871856322,0.020610659054720187,0.8331892938471782,0.14373272510696986,0.020659096266675763,0.7293956056705442,0.23333344237256548,0.05444449532943134,0.6742491452242207,0.3015249205801182,0.09091727773084658,0.6739525532933566,0.3017543820320142,0.09105570707552277,0.5555097265851039,0.36946269031249435,0.13650267953294612,0.6549491353803472,0.3178895172142552,0.10105374515471224,0.6546267339304416,0.31813886245502326,0.1012123358041762,0.5230234655137219,0.3941680669248037,0.15536846498323656,0.4581221978938587,0.09591918469786878,0.009200489993103866,0.5742269215323107,0.1187108159244608,0.014092257817451215,0.08666028927845505,0.042780087520307514,0.0018301358882451704,3.8798107385635374,1.6951035406294226,2.873376013454404
0.5,0.0,0.25,0.75,0.29989948090257224,0.010145430314384524,0.00010292975626403247,0.2972060256582745,0.01111103102048516,0.0001234550103381835,0.9342079882215346,0.14164598618143476,0.02006358540131121,0.9341324931805506,0.14180824518833185,0.020109578403394043,0.9084168974117827,0.19343870927359946,0.03741853424543614,0.9444616206136048,0.11715242154347649,0.013724689873500416,0.9443964312823928,0.11728996636195685,0.013756936209188969,0.9097985352235147,0.1903387538471473,0.036228841216084925,0.7167585014109529,0.16537903746882968,0.027350226034116572,0.7164568873192916,0.16549858734240006,0.027389782412330022,0.5699472973560936,0.1977537604899557,0.039106549787918755,0.6942427175033576,0.18585572763255126,0.03454235149382508,0.6939099156142685,0.185996669393284,0.03459476102539459,0.5287182690078174,0.22761262142408428,0.05180750543154351,0.43927119174225837,0.1287694234364259,0.016581564412149547,0.5398716081350811,0.12450237412891921,0.015500841163737372,0.10944310149004946,0.037578264374731774,0.001412125953417235,2.7263216018676757,0.6988472523608998,0.4883874821323792
0.5,0.0,0.25,1.0,0.2709206955616418,0.02126501469827062,0.00045220085011766554,0.2698304090765188,0.021655529859727102,0.00046896197350553215,0.7232351277092846,0.16810162929249833,0.028258157770792533,0.7228775249519627,0.16825175442192214,0.028308652866054797,0.6906796968141425,0.21272815471135156,0.04525326780689673,0.8619959109843283,0.14559894496367448,0.021199052774535113,0.8618341432015602,0.14576968286006656,0.021248800441124382,0.7762390385950576,0.23620787477817967,0.055794160107224204,0.5634417801740217,0.21857693790777416,0.04777587778513896,0.5630332375717927,0.21872039478488647,0.04783861109485659,0.4873933741441516,0.2579730619937745,0.06655010071444382,0.6263380862368335,0.295467925215025,0.08730129483087162,0.6259818845760596,0.2956903756360114,0.08743279824376554,0.4761800325892084,0.3572953132117025,0.12765994084304857,0.46940462580248,0.14439580933105625,0.020850149752370754,0.6060649499361326,0.14070273268622477,0.019797258985371224,0.07836435161836389,0.04227094098345703,0.001786832451626907,10.174774789810181,19.96396056837195,398.55972157551
0.5,0.0,0.5,0.0,0.3083050984618791,0.011516997620910211,0.0001326412342000515,0.3072950527452674,0.012692290776308188,0.00016109424515035789,0.7642995881609271,0.1673667095752344,0.02801161547404086,0.7640288892338813,0.1675586513938257,0.028075901656917604,0.6789092314466314,0.22222182983911953,0.04938254165704659,0.8030900937966686,0.1360462248804795,0.018508575304229998,0.8028583145016401,0.13620644690130437,0.018552196177477845,0.679066771673489,0.22189988204174238,0.04923955765013918,0.6905147274674026,0.22561494804022564,0.05090210477919372,0.6902416550420197,0.2257874356670469,0.050979966105100846,0.6342592180911713,0.3199641115686768,0.10237703269193268,0.7604290738723936,0.30793227671875584,0.09482228704519644,0.7602028728355005,0.30818757974525113,0.09497958430923553,0.6664011660343101,0.3956967562660762,0.15657592291949451,0.5397143155041184,0.09742738513361063,0.009492095373972893,0.6475146742098871,0.1033888721873234,0.010689258892166693,0.05929341046707237,0.04478588579606738,0.00200577556653839,3.654391384124756,1.5196498489593209,2.3093356634420865
0.5,0.0,0.5,0.25,0.3093262226190864,0.013782409392859529,0.00018995480867238255,0.3079794949969375,0.015180392116870736,0.0002304443048219512,0.8107049219170953,0.1678616708408877,0.028177540537494536,0.8104871401472927,0.16805448453976524,0.02824230977392619,0.7302525704586674,0.23281118311745197,0.05420104698454776,0.8333848618408146,0.1435641287185632,0.02061065905472018,0.8331892938471782,0.14373272510696983,0.020659096266675756,0.7293956056705442,0.23333344237256548,0.05444449532943134,0.6242186141268985,0.24736619918461358,0.061190036499041915,0.6238830242790627,0.24754263433495105,0.06127735581348729,0.5225160460445796,0.3267035664656409,0.10673522034136944,0.6549491353803472,0.3178895172142552,0.10105374515471224,0.6546267339304416,0.3181388624550232,0.10121233580417618,0.5230234655137219,0.3941680669248038,0.1553684649832366,0.5189917631112502,0.10367419177918637,0.010748338041067515,0.6329448573452187,0.11580521395357864,0.013410847578834125,0.06778137830109214,0.04853480771848662,0.0023556275602704684,3.489270043373108,1.0831924176055048,1.1733058135580583
0.5,0.0,0.5,0.5,0.30516558058803944,0.012860496790727264,0.00016539237770430624,0.3031454891548161,0.014350530327883205,0.00020593772069149566,0.8738032812780636,0.16623053012337513,0.027632589145098325,0.8736580934315284,0.1664215682537503,0.027696138380037663,0.8201683803057783,0.23259486454551603,0.05410037101294695,0.8889232412272097,0.14350926645484305,0.02059490955840714,0.8887928625647854,0.1436777701365602,0.020643301631414226,0.8195970704470295,0.23318877830182003,0.054377006325895365,0.6601409008858565,0.2089519968036539,0.043660936968234185,0.6598136948887602,0.20909444880515263,0.04372048852113059,0.5374327100494771,0.2676775546454927,0.07165127326099072,0.6745959264418524,0.2612028583535458,0.0682269332120625,0.6742683247723551,0.2614042966239334,0.06833220629345335,0.5258708672607696,0.3218648687870253,0.10359699375928903,0.4788447502867271,0.10366917522208881,0.010747297891228153,0.5887967383969792,0.11520330512540893,0.01327180151181807,0.08655493708350906,0.04851425397500326,0.0023536328387511194,3.5412391901016234,1.8019854495855196,3.2471515605179277
0.5,0.0,0.5,0.75,0.29997397517964014,0.004953015908293155,2.4532366587805062e-05,0.29829056565195405,0.006287175189756849,3.9528571866694066e-05,0.8125151884451783,0.1978352727262079,0.03913879513465306,0.8123007749418232,0.19806148430449286,0.039228351564898865,0.7621214383525639,0.25078580576161325,0.0628935203715016,0.860312192083696,0.14737217660097626,0.021718558436109335,0.8601480132104037,0.14754545296341864,0.02176966069018038,0.772753637522516,0.239876555074308,0.057540761674317514,0.678302449880434,0.19866536661689618,0.039467927893025764,0.6780017059053185,0.1988033963297906,0.0395227903922598,0.5829082723064639,0.26658539233122464,0.07106777140439295,0.7032069755853662,0.2809112756468402,0.07891114478553506,0.7029131741267369,0.2811370837191808,0.07903805984212567,0.5727143001852831,0.3551519041945738,0.12613287505303172,0.5408612240642269,0.16753506148171474,0.028067996825681934,0.6379606515825698,0.1619294856104737,0.026221158310072615,0.07311103214136852,0.05469778868152695,0.002991848086648978,3.338643932342529,0.9512370842948612,0.904851990537789
0.5,0.0,0.5,1.0,0.26487323726350265,0.012212453551383283,0.00014914402174469416,0.26337599274769774,0.012222423881777718,0.0001493876455458503,0.7808394666895684,0.17120005503437064,0.029309458843771532,0.7805348244786489,0.1713598373899511,0.02936419387031048,0.7709419796593011,0.20717499058335906,0.04292147672321492,0.9175342903707234,0.13286145811186323,0.017652167051610386,0.9174377119191673,0.13301709800837558,0.017693548362569794,0.8664405033715429,0.2152603371202701,0.04633701273713233,0.5583107965438313,0.1752156872568083,0.03070053706087565,0.5578686893788465,0.17530640576429954,0.03073233590199723,0.4641309534224395,0.18219685380645534,0.03319569353697086,0.6459848772983386,0.23605852666128233,0.05572362800949534,0.6456234754179733,0.23622649837539966,0.055802958534702705,0.47902743433625616,0.27601607602675143,0.07618487422520544,0.4659616568463635,0.11422413279966269,0.01304715251383498,0.6069714531615704,0.10855367941007994,0.011783901313466414,0.07579523104897339,0.03223938705713519,0.0010393780778197757,4.336145734786987,1.7549839518678405,3.0799686713136625
0.5,0.0,0.75,0.0,0.29364942317760123,0.018579203944683407,0.00034518681921813944,0.28879993484507044,0.02082248842574357,0.00043357602424022487,0.8414392571272999,0.12142091584080551,0.014743038803619974,0.8412150996402554,0.12153201131601708,0.014770029774516505,0.8064968387984399,0.18352550227466385,0.03368160998516765,0.9175342903707234,0.1328614581118632,0.017652167051610382,0.9174377119191673,0.13301709800837552,0.017693548362569783,0.8664405033715429,0.21526033712027012,0.04633701273713234,0.5567301373003654,0.15190218596981378,0.023074274102407893,0.5562823296280449,0.15197750499077955,0.02309716202322242,0.44200166306679883,0.19783527345738502,0.03913879542395831,0.6459848772983386,0.23605852666128235,0.055723628009495346,0.6456234754179733,0.23622649837539966,0.055802958534702705,0.47902743433625616,0.27601607602675143,0.07618487422520542,0.6272651444062142,0.09532003665464277,0.00908590938784244,0.7299363238176585,0.07440806894113908,0.005536560723549306,0.04509482498766819,0.01949925034339582,0.0003802207639544221,2.476102924346924,0.7512096686089492,0.5643159662115673
0.5,0.0,0.75,0.25,0.2978428499268811,0.021265039841058986,0.000452201919441826,0.2936878058417977,0.023864229156607613,0.0005695014332390808,0.8237066984988026,0.12301392125663699,0.015132424822934084,0.823468009020315,0.12312543344579463,0.015159872361214802,0.7717146316730134,0.1924656783548999,0.03704303734461178,0.8906069601278419,0.14130942242205746,0.019968352865255473,0.8904789925559419,0.14147476950147228,0.02001511040549471,0.8230824715195713,0.22862105468367566,0.05226758664467621,0.5219548567825376,0.1741681576617165,0.03033454714327654,0.5214937241951055,0.1742537311522953,0.03036436282049641,0.40171149822077545,0.22435686734765853,0.05033600392605485,0.5977270370933198,0.2678241043631742,0.07172975087793643,0.5973370352216779,0.26801094468934766,0.07182986647327658,0.42933659966469495,0.3083426316008212,0.09507517846251973,0.6272651444062142,0.09532003665464274,0.009085909387842437,0.7349391522239592,0.0735668621511773,0.005412083206770325,0.042178117150843145,0.019798558965732186,0.0003919829371195743,3.1814727783203125,2.3335713818414523,5.445555394149426
0.5,0.0,0.75,0.5,0.2882192338735427,0.014866061546642162,0.00022099978590855277,0.2833639348412114,0.015878533804391706,0.0002521278357772102,0.8247218870743456,0.14672427875200358,0.02152801397529565,0.8244794171244628,0.14686253482110084,0.02156860413407906,0.7978124966595121,0.1974003878012969,0.038966913104102406,0.9158505714700912,0.1355709223167501,0.018379474977814295,0.9157515819280109,0.1357304413580394,0.01842275271124818,0.8629551022990013,0.22086705261551115,0.048782254931062974,0.5985167927668975,0.11853607700804333,0.01405080155245678,0.5981026250585323,0.11861154616211274,0.014068698882967003,0.506627801006784,0.17640707753291837,0.03111945700370507,0.7228537666468713,0.20970793486662376,0.04397741794602412,0.7225547649686503,0.20988169232309642,0.04405032477240691,0.5755617019323308,0.2721157513250232,0.07404698211918186,0.6574079866541549,0.12709338220619032,0.016152727800608772,0.7486372092062211,0.0985493048649916,0.009711965489373055,0.04253447290526519,0.023396003762107702,0.0005473729920365578,5.130410218238831,2.4831364078777356,6.165966420127945
0.5,0.0,0.75,0.75,0.28443308763367237,0.006245386803321887,3.900485632310717e-05,0.28027804354858893,0.005699671151408829,3.248625123420205e-05,0.7778785274959741,0.1727679798317082,0.029848774855129528,0.7775895187768185,0.17293216138111536,0.029905532439944132,0.748865667895075,0.22051792901890144,0.048628157018785256,0.8872395223265774,0.14565427028766992,0.0212151664530336,0.8871067325736292,0.1458258379136877,0.02126517500322912,0.8161116693744876,0.23761193237230355,0.05645943040570015,0.6095466377826331,0.10974751141615167,0.012044516262038342,0.6091569938721495,0.10982428827069661,0.012061374294165069,0.5375638038889569,0.17502873236746813,0.03063505715416279,0.751464815790385,0.2271417856078635,0.051593390769128625,0.7511996143230322,0.22733784178913316,0.051682494309340944,0.6224051348568442,0.3023412319986794,0.0914102205664793,0.7084141382546136,0.14615301020666008,0.021360702392468088,0.7871365569583952,0.11790399341103437,0.013901351662269237,0.03487904828437303,0.027812140925434048,0.0007735151828562035,5.231030869483948,1.0802524795754513,1.1669454196289109
0.5,0.0,0.75,1.0,0.25335156840833556,0.000835642165744729,6.982978291705411e-07,0.24775133603197214,0.0015011508343835275,2.2534538275703607e-06,0.7881282215175949,0.04098367210752912,0.0016796613794174604,0.7877403596213605,0.04105869863957661,0.0016858167339755701,0.8153380286205756,0.035039759027037896,0.0012277847126728836,1.0,0.0,0.0,1.0,0.0,0.0,1.0,0.0,0.0,0.5131910354418567,0.002769399635696267,7.669574342194617e-06,0.512626429934092,0.002772611610826872,7.687375144491983e-06,0.4393734621195436,0.00591589349939496,3.4997795896183544e-05,0.7138895085648628,5.233641528945917e-17,2.7391003653507353e-33,0.7135515064561819,5.233641528945917e-17,2.7391003653507353e-33,0.531565670754865,0.0,0.0,0.6058394160583942,0.0,0.0,0.7530188799070975,0.0,0.0,0.0339307256034631,0.0,0.0,4.246963024139404,2.5304188950852815,6.403019784604617
0.5,0.0,1.0,0.0,0.26905138099902065,0.02485880287341229,0.000617960080299171,0.2661938736723208,0.02681767345045852,0.0007191876092954278,0.764741538159943,0.09146567341838235,0.008365969413878176,0.7643860615416758,0.09151109717124017,0.008374280905484161,0.7453151575722764,0.14623628826561316,0.021385052005703512,0.9192180092713557,0.13007136243955186,0.016918559326881265,0.9191238419103236,0.13022298629576412,0.01695802615978677,0.8699259044440847,0.20943919151340162,0.043864774941787324,0.46725218487011605,0.13352406288599675,0.017828675369583612,0.46671637367584334,0.1335451880267113,0.017834317245089677,0.34116024403254835,0.14679387716246706,0.021548442372389467,0.569115987949806,0.23310751445611244,0.05433911329590667,0.5686921858672962,0.23324566553895348,0.05440354049270935,0.38249316674018147,0.24002953535273533,0.057614177841650016,0.66875,0.11644856313902228,0.01356026785714286,0.7773103612547423,0.0599454621336477,0.0035934584304165903,0.03189709998720786,0.015516527832614115,0.00024076263598028848,2.5139636278152464,0.5829916298391871,0.3398792404625517
0.5,0.0,1.0,0.25,0.2572922675441308,0.01802539723266541,0.00032491494539538187,0.25410540621869715,0.01896994822661103,0.0003598589357203029,0.734888428287716,0.12165564215083856,0.014800095267132888,0.7344938132536767,0.12173219428744311,0.014818727126035797,0.7169776574872987,0.16604194681277767,0.027569928101377286,0.9055766156009997,0.15316520583982104,0.023459580279954755,0.9054659283881754,0.1533448399999642,0.023514639954614624,0.8595616726129247,0.22656660626599612,0.05133242707489091,0.5310943323261712,0.083313743241661,0.006941179812937416,0.5306098084961892,0.0833501440796798,0.006947246518103382,0.4371643833234115,0.12729290505460025,0.016203483677239477,0.7058287496256997,0.18649468949640732,0.03478026921036138,0.7055157763583279,0.18664234492514828,0.03483536491915802,0.5666260515659268,0.25685361769316,0.06597378092206399,0.7338102409638554,0.08930440802376187,0.007975277292474544,0.8161534598250612,0.052922562639894206,0.002800797636373526,0.0223885415291416,0.012941153483778813,0.0001674734534907205,4.097842574119568,2.252429226241709,5.073437419227825
0.5,0.0,1.0,0.5,0.25634206584198654,0.014975175510234619,0.00022425588156233068,0.25295909778143505,0.016082247560077895,0.0002586386865836314,0.7670501253572195,0.10477028253792503,0.01097681210307664,0.7666825147141774,0.10483741666625807,0.010990883933254605,0.7612442714567035,0.14370512463890142,0.020651162847482196,0.9393246426790591,0.12892118811585135,0.01662067274520273,0.939253604512475,0.12907220852052934,0.016659635012367006,0.9081018203804765,0.19412302312463087,0.03768374810704597,0.5210725305487648,0.10228959106547697,0.010463160440342506,0.5205621090588781,0.10232714708545555,0.010470845030648455,0.4173094193327736,0.12043455824689343,0.014504482820124367,0.6857302089927718,0.17170633397970572,0.029483065128750246,0.6853904213091073,0.1718301988405191,0.029525617233572332,0.5242504438246154,0.21754999239760509,0.04732799919219803,0.7253872633390707,0.08349993911499638,0.0069722398322081035,0.8091418001970891,0.04717045253325285,0.0022250515921918602,0.02393059432081551,0.011746099823868077,0.00013797086107227366,3.890997052192688,0.7330464779766694,0.5373571388739997
0.5,0.0,1.0,0.75,0.24915660516719323,0.011454465282294959,0.00013120477490330054,0.2453463033986135,0.01015408754515315,0.0001031054938746343,0.7775954498597699,0.1220502231335359,0.014896256966945902,0.777227816628324,0.12214789679885492,0.014920108692383712,0.7869125576372397,0.13485169935655242,0.018184980819349997,0.9713889508564864,0.09047608154051305,0.008185921330925565,0.9713551506456183,0.09058296719225016,0.008205273945352268,0.9531565670754866,0.14813194146278497,0.021943072081533954,0.5528578821471426,0.010850033997497106,0.00011772323774684302,0.5523549022589229,0.01091570588292979,0.00011915263492262802,0.44942643517407543,0.054417603540595355,0.0029612755751014163,0.7425005577083765,0.09047608154051306,0.008185921330925569,0.7421963558105638,0.09058296719225019,0.008205273945352275,0.5784091036793786,0.14813194146278497,0.021943072081533954,0.7494944061962134,0.02663579397495525,0.0007094655206762624,0.8215516898542766,0.022172814602240243,0.0004916337073853181,0.02071836788345629,0.00487639909391069,2.3779268123092997e-05,4.752572369575501,2.8855094208109713,8.326164617588866
0.5,0.0,1.0,1.0,0.21946202760159178,0.007791774678874985,6.071175264635738e-05,0.21627990056507423,0.006784109561034771,4.6024142536123385e-05,0.6733764233847828,0.10169244101732079,0.010341352560061268,0.6728216435813481,0.10174647669231277,0.010352345519299345,0.694382032603507,0.11839925579232519,0.014018383772176448,0.9713889508564864,0.09047608154051305,0.008185921330925565,0.9713551506456183,0.09058296719225017,0.008205273945352271,0.9531565670754866,0.14813194146278494,0.021943072081533947,0.453040375903177,0.02593099093515162,0.0006724162908789156,0.4524251768284996,0.02602139777499817,0.0006771131421646798,0.38944995025818996,0.046098387247021526,0.0021250613067763566,0.7425005577083766,0.09047608154051305,0.008185921330925565,0.7421963558105638,0.09058296719225017,0.008205273945352271,0.5784091036793786,0.14813194146278494,0.021943072081533947,0.7717193096711169,0.018826758890723525,0.00035444685032943725,0.8335232190792983,0.014427096550547929,0.00020814111487883196,0.01217541222296652,0.0017795265245143478,3.1667146514501137e-06,5.067567157745361,3.2002122721042356,10.241358586526554
0.5,0.25,0.0,0.0,0.31575350075316766,0.016308008456377924,0.00026595113981329387,0.3144067731310188,0.018046488065960802,0.0003256757315148656,0.8400085815930634,0.13770093448066587,0.018961547356848636,0.8398234663482176,0.13786026002555962,0.019005451294314916,0.7421355000356069,0.22194100403397754,0.04925780927161003,0.8350685807414469,0.1420982217559326,0.020191904626198198,0.8348754238383347,0.1422647150223085,0.020239249140378654,0.7328810067430859,0.23029050409222154,0.053033716275049506,0.6014007970451246,0.3020792079219528,0.09125184785875441,0.6010467329100548,0.30229851142312497,0.09138439000863723,0.4650441637055689,0.3591447381174977,0.128984942917486,0.5780802460318145,0.31812026468373805,0.10120050280245155,0.5776954443797645,0.3183584467598488,0.1013521006233435,0.42648919791764717,0.3824079279649685,0.14623582337046054,0.477979355645918,0.1025419217023185,0.010514845706404418,0.5988023952095808,0.1269072003696344,0.016105437505658533,0.07976811124787495,0.04647214137635351,0.0021596599241037883,3.09150972366333,3.025398372468813,9.153035312136943
0.5,0.25,0.0,0.25,0.3062240264374967,0.015162893625443175,0.00022991334309650525,0.30386725309873613,0.016789221737698125,0.0002818779665575953,0.9202086150342318,0.12847633562657598,0.016506168816032597,0.9201163443449399,0.12862490555114905,0.01654436632804201,0.8715117193178143,0.20688578698174293,0.04280172885505511,0.9192180092713557,0.13007136243955186,0.01691855932688126,0.9191238419103236,0.13022298629576412,0.016958026159786768,0.8699259044440847,0.20943919151340162,0.043864774941787324,0.5938447875453525,0.22242763747141614,0.04947405391111573,0.5934550641258032,0.2225552986493347,0.04953086095689456,0.42568953800288545,0.22795982230266737,0.051965680584263686,0.569115987949806,0.2331075144561124,0.05433911329590666,0.5686921858672962,0.23324566553895343,0.054403540492709325,0.38249316674018147,0.24002953535273533,0.057614177841650016,0.4581221978938587,0.09591918469786878,0.009200489993103866,0.5742269215323107,0.1187108159244608,0.014092257817451215,0.09504290491752884,0.04678967629701736,0.002189273807979668,2.3382671594619753,0.5764470725377416,0.3322912274373323
0.5,0.25,0.0,0.5,0.3063926605053015,0.01543442027086576,0.00023822132909771189,0.304035887166541,0.01706074838312075,0.0002910691353921573,0.9195956423211318,0.1294633154622055,0.01676075005046654,0.9195025108324465,0.12961327140548,0.01679960012443062,0.8701798114177816,0.2090303624451431,0.04369369242394788,0.914166852569459,0.13820449741413263,0.01910048310549299,0.9140654519368546,0.1383677679440626,0.019145639205821963,0.8594697012264595,0.22627527819799317,0.05120050152357921,0.8123898320826408,0.12946331546220552,0.016760750050466545,0.8121725252757086,0.12961327140548,0.01679960012443062,0.6970862266414903,0.2090303624451431,0.04369369242394789,0.799722655995404,0.13820449741413263,0.01910048310549299,0.7994860545193274,0.13836776794406266,0.019145639205821973,0.6720959695284054,0.22627527819799317,0.05120050152357921,0.3985507246376811,0.0,0.0,0.5005005005005004,0.0,0.0,0.1157194390092691,0.013497293482702013,0.00018217693135819024,3.277580451965332,1.0947300759679677,1.1984339392288323
0.5,0.25,0.0,0.75,0.30319743194809956,0.013472266514095837,0.000181501965026828,0.3005039767038018,0.014891842072046895,0.00022176696029878597,0.9463970948807544,0.11300484625247689,0.01277009527654594,0.9463350072216311,0.1131357385307557,0.01279969533289952,0.9134532076118544,0.18245665875217573,0.03329043232300791,0.9427779017129726,0.12063477538735073,0.014552749032756563,0.9427103012912363,0.1207772895896669,0.01458715368062626,0.9063131341509731,0.19750925528371327,0.03900990592272702,0.785588379523018,0.11300484625247689,0.01277009527654594,0.7853400288865242,0.1131357385307557,0.01279969533289952,0.6538128304474176,0.18245665875217576,0.033290432323007914,0.7711116068518903,0.12063477538735073,0.014552749032756563,0.7708412051649456,0.12077728958966691,0.014587153680626262,0.625252536603892,0.19750925528371327,0.03900990592272702,0.3985507246376811,0.0,0.0,0.5005005005005004,0.0,0.0,0.11851364422229374,0.011781403630764978,0.0001388014715110022,3.013589692115784,0.882723619445311,0.7792009883266301
0.5,0.25,0.0,1.0,0.2619581704999716,0.008835207243068948,7.806088702797799e-05,0.2600272991847755,0.008187357974515249,6.703283060285843e-05,0.8404774847353723,0.13146781244289174,0.01728378570851936,0.8402217434930567,0.13159865555034295,0.017318206142657812,0.8500957787983221,0.14486647938526023,0.020986296849480026,0.9730726697571186,0.0851516948750403,0.007250811140091966,0.9730412806367745,0.08525095598907657,0.007267725497051472,0.9566419681480282,0.1371101355143594,0.018799189260766,0.5742492520158391,0.15382015432885054,0.0236606398777514,0.5737896197775756,0.15389026040091672,0.02368221224626196,0.4620179962868046,0.12811582728213677,0.016413665200186302,0.665631668359844,0.15260469000830687,0.023288191412531436,0.6652650662598868,0.152695131121801,0.023315803068304,0.48187483608330384,0.15713621639699835,0.024691790503564293,0.4287837481312109,0.08640573995376973,0.007465951896958478,0.5710043096485398,0.08191802691549664,0.006710563133728031,0.08742003427592057,0.023823381516910026,0.0005675535069002502,3.6549081325531008,2.2537191050402936,5.079249804423622
0.5,0.25,0.25,0.0,0.31592213482097253,0.016452599429784893,0.0002706880279969582,0.3145754071988237,0.018191132334280474,0.00033091729560330455,0.8393956088799636,0.13822764986297076,0.019106883186640042,0.8392096328357243,0.13838771486489734,0.019151159625528127,0.740803592135574,0.22308483971444046,0.0497668457104176,0.8300174240395499,0.14638739193041356,0.021429268516188506,0.8298170338648656,0.14656001145249725,0.021479836956956124,0.7224248035254608,0.2391339930540028,0.057185066633951856,0.8199458415824129,0.23424116900937553,0.05486892525887883,0.8197641940599603,0.2344424952325811,0.05496328357087881,0.7364408523441738,0.3114129610604848,0.09697803231645903,0.8086869140774124,0.247725766782654,0.06136805552805388,0.8084893130317958,0.2479448542579058,0.06147665075297415,0.7160920007058713,0.33392811013757373,0.11150798274005155,0.4184078823897403,0.06279384635377624,0.003943067139901658,0.5250759741777705,0.07771447139768727,0.006039539064621951,0.10044464533961524,0.029230241699762363,0.0008544070298265266,3.74158456325531,3.2755239751881686,10.729057312032502
0.5,0.25,0.25,0.25,0.30936304363876366,0.016209815125287706,0.00026275810639600613,0.3073429522055403,0.017948433009441104,0.00032214624749439503,0.8936114867123089,0.13734698006366466,0.018864192932608697,0.8934884591265867,0.13750580799387355,0.018907847232048015,0.8286822924237525,0.22117020945107957,0.04891626154863441,0.8922906790284741,0.1390521354513428,0.019335496373578582,0.8921651225470981,0.13921422817180215,0.019380601325470592,0.8265678725921128,0.22389991371602322,0.05013117136204264,0.5477978919258791,0.23778514650502872,0.056541775898417974,0.5473817401316858,0.2379216220448468,0.056606698236450925,0.3784973713174233,0.24369930085898583,0.05938934923915849,0.520858147744787,0.2492024152506361,0.062101843766750466,0.520405745671001,0.24935010497052268,0.06217547484881068,0.33280233206862025,0.25660236685613685,0.06584477467617145,0.477979355645918,0.1025419217023185,0.01051484570640442,0.5988023952095808,0.12690720036963438,0.01610543750565853,0.08535652167392416,0.050020267983284745,0.002502027209119621,3.0338478565216063,1.054883720616559,1.1127796640218346
0.5,0.25,0.25,0.5,0.30633644914936653,0.015344674060498829,0.0002354590220229456,0.30397967581060603,0.01697092908592825,0.00028801243403960545,0.9197999665588318,0.12913551956451677,0.016675982413197694,0.9197071220032778,0.12928501547843577,0.016714615227259373,0.8706237807177925,0.20831900838314718,0.04339680925373775,0.9158505714700912,0.1355709223167501,0.018379474977814295,0.9157515819280111,0.1357304413580394,0.01842275271124818,0.8629551022990013,0.22086705261551115,0.048782254931062974,0.7395414839035446,0.19864102146686696,0.039458255409400296,0.7392667048924068,0.1988006697206785,0.039521706281390304,0.6066206637619553,0.2542395103569118,0.06463772862652224,0.7228537666468713,0.20970793486662376,0.04397741794602412,0.7225547649686503,0.20988169232309645,0.04405032477240692,0.5755617019323308,0.2721157513250232,0.07404698211918186,0.4184078823897403,0.06279384635377623,0.003943067139901657,0.5250759741777705,0.07771447139768724,0.006039539064621947,0.10882726097868903,0.03093169063919964,0.0009567694857991506,3.206624150276184,1.3593916404641475,1.847945632163806
0.5,0.25,0.25,0.75,0.2966663340213998,0.00048563389578339805,2.3584028073376033e-07,0.29464624258817645,0.0016208895311210204,2.627282872097721e-06,0.8440377631246296,0.20134638201852198,0.040540365551948586,0.8438599582789406,0.2015759270872648,0.04063285438109029,0.8067611744234217,0.24947025109958917,0.06223540618369207,0.8922906790284741,0.13905213545134282,0.01933549637357859,0.8921651225470981,0.13921422817180215,0.019380601325470592,0.8265678725921128,0.22389991371602325,0.050131171362042655,0.5638717721940031,0.21703385630923655,0.04710369478445834,0.5634724553959627,0.21714859796247687,0.047153513597069416,0.4048974904702676,0.2096168935867001,0.04393924207693795,0.520858147744787,0.2492024152506361,0.062101843766750466,0.5204057456710008,0.2493501049705226,0.062175474848810634,0.33280233206862025,0.25660236685613685,0.06584477467617145,0.5614325930559899,0.21027958792775267,0.04421750509906546,0.6579849310388232,0.2033115255872943,0.04133557643663302,0.0766430628672675,0.06126929493196657,0.0037539265014603046,3.5818741083145142,1.8411436847790006,3.389810068001596
0.5,0.25,0.25,1.0,0.2678232092304669,0.010466542177032342,0.00010954850514359693,0.2661005157927141,0.011153780502345263,0.00012440681949449733,0.8181078177100328,0.13007083262888677,0.01691842150077188,0.8178326513136789,0.13019159546819672,0.016949851530554585,0.8133169525846323,0.16858466613758388,0.028420789656720617,0.9444616206136048,0.1171524215434765,0.013724689873500418,0.9443964312823928,0.11728996636195685,0.013756936209188969,0.9097985352235147,0.1903387538471473,0.036228841216084925,0.6175282419001593,0.11258891451212442,0.012676263671018461,0.6171163699529856,0.1126678472798308,0.012694043810671275,0.5153045272885737,0.15527523447191488,0.024110398440308142,0.6942427175033576,0.18585572763255123,0.03454235149382506,0.6939099156142685,0.18599666939328405,0.03459476102539461,0.5287182690078174,0.22761262142408425,0.0518075054315435,0.42177029285023304,0.09156250761726292,0.008383692801161332,0.5626298751443415,0.08884795090512225,0.007893958380039014,0.09042580766320152,0.02661242183556228,0.000708220995953912,10.221580481529235,20.186840029822818,407.508510389657
0.5,0.25,0.5,0.0,0.3019892416945224,0.010140827598165062,0.0001028363843757062,0.2996324683557619,0.011516174687892605,0.00013262227944205832,0.9004004095999862,0.1626201821873878,0.026445323654659205,0.9002859786498819,0.16280688332281715,0.026506081257289395,0.8629978071998401,0.2208985348794765,0.0487961627118993,0.9158505714700912,0.1355709223167501,0.018379474977814295,0.9157515819280109,0.13573044135803947,0.01842275271124819,0.8629551022990013,0.22086705261551115,0.04878225493106297,0.7061877965053298,0.15842207993038887,0.02509755540947052,0.7058870188828775,0.15853481342099784,0.025133287066430598,0.5846248767349392,0.21808214087097094,0.04755982016686601,0.7228537666468713,0.20970793486662376,0.04397741794602412,0.7225547649686503,0.20988169232309642,0.04405032477240691,0.5755617019323308,0.27211575132502314,0.07404698211918184,0.45898759253466787,0.09731972802135529,0.009471129462150564,0.5642212647197091,0.10349971621005594,0.010712191255562116,0.09624132032711376,0.044889678001437755,0.002015083191072765,3.6810222864151,1.7435516214836806,3.0399722567783716
0.5,0.25,0.5,0.25,0.3083419194815565,0.014336250726225356,0.00020552808488519706,0.30665850995387034,0.01586908999273127,0.00025182801719740377,0.8472061529561408,0.1650691932427734,0.02724783855782006,0.8470302082131752,0.16525901357197414,0.027310541566781938,0.7773389534117164,0.23521952339238705,0.05532822418494172,0.8619959109843283,0.14559894496367448,0.021199052774535113,0.8618341432015602,0.14576968286006656,0.02124880044112438,0.7762390385950576,0.2362078747781797,0.05579416010722422,0.6140940052663831,0.2398176471171301,0.05751250386879635,0.6137403708946428,0.23998013485035175,0.057590465122793005,0.49024054336401485,0.30131978680219285,0.09079361391851896,0.6263380862368335,0.295467925215025,0.08730129483087162,0.6259818845760597,0.2956903756360114,0.08743279824376554,0.4761800325892084,0.3572953132117025,0.1276599408430486,0.49870190803878633,0.10558043937257212,0.011147229178105377,0.6133722120742493,0.12037147492631224,0.014489291975935816,0.0768685538399044,0.049836534981907016,0.0024836802190028417,4.887868976593017,1.5033119485342348,2.2599468146057977
0.5,0.25,0.5,0.5,0.30512825889578943,0.012853843230351332,0.00016522128579044877,0.3031081674625661,0.014338726870429504,0.00020559908826477707,0.8738032812780636,0.16623053012337516,0.02763258914509833,0.8736580934315284,0.16642156825375035,0.02769613838003768,0.8201683803057783,0.23259486454551603,0.05410037101294696,0.8889232412272097,0.14350926645484308,0.020594909558407145,0.8887928625647856,0.14367777013656016,0.020643301631414215,0.8195970704470295,0.23318877830182003,0.054377006325895365,0.6601409008858565,0.20895199680365387,0.04366093696823417,0.6598136948887602,0.20909444880515263,0.04372048852113059,0.537432710049477,0.2676775546454927,0.07165127326099073,0.6745959264418524,0.26120285835354573,0.06822693321206248,0.6742683247723551,0.26140429662393333,0.06833220629345332,0.5258708672607696,0.3218648687870253,0.10359699375928903,0.4788447502867271,0.10366917522208881,0.010747297891228153,0.5887967383969792,0.11520330512540893,0.01327180151181807,0.08655493708350906,0.04851425397500327,0.0023536328387511207,5.301842284202576,3.212501574657242,10.32016636717526
0.5,0.25,0.5,0.75,0.29881722577935743,0.004437937393061208,1.969528830473091e-05,0.29679713434613414,0.005634028934821673,3.1742282038407835e-05,0.8490164194842238,0.19509550346749868,0.03806225547323679,0.8488438430077055,0.19531846775769626,0.03814930384721423,0.8092078213056129,0.24634539523658364,0.06068605375426861,0.8889232412272097,0.14350926645484308,0.020594909558407145,0.8887928625647854,0.14367777013656022,0.020643301631414233,0.8195970704470295,0.23318877830182003,0.05437700632589537,0.6681778410199185,0.1923726450346479,0.03700723455762664,0.6678590525208986,0.192498553501413,0.03705569310013637,0.5506327696258991,0.24383949047726192,0.05945769711621071,0.6745959264418524,0.26120285835354573,0.06822693321206247,0.6742683247723551,0.2614042966239334,0.06833220629345334,0.5258708672607696,0.3218648687870253,0.10359699375928902,0.520571368991763,0.17161861966110728,0.0294529506143838,0.6183880063116004,0.16588478986994615,0.027517763510196188,0.08219820768018074,0.05488419799731697,0.003012275189808692,5.366666412353515,2.8248858850384835,7.979980263489657
0.5,0.25,0.5,1.0,0.26517242703190325,0.0020120798274470076,4.04846523201918e-06,0.2630727703399386,0.002134526797545947,4.556204649441757e-06,0.891113687732236,0.03441435361937805,0.0011843477350395992,0.8909143231702249,0.03447736431735591,0.0011886886502716864,0.9044878910840952,0.03147576922232569,0.0009907240481371055,1.0,0.0,0.0,1.0,0.0,0.0,1.0,0.0,0.0,0.6225542422560062,0.0010617819900851505,1.1273809944691826e-06,0.6221163872996687,0.0010630137074839389,1.129998142298749e-06,0.5017732125889008,0.002371359048154143,5.623343735262523e-06,0.7138895085648629,6.409875621278546e-17,4.108650548026103e-33,0.7135515064561819,6.409875621278546e-17,4.108650548026103e-33,0.531565670754865,0.0,0.0,0.4014598540145985,0.0,0.0,0.5450995550005451,0.0,0.0,0.09495364899197986,5.2946180505902816e-17,2.8032980301636433e-33,17.92109990119934,26.66401268647375,710.969572544433
0.5,0.25,0.75,0.0,0.28829805150029364,0.014856623171037251,0.00022071925204620094,0.2834485631677629,0.015856817052653144,0.0002514386470413116,0.8247218870743456,0.14672427875200358,0.02152801397529565,0.8244794171244628,0.14686253482110084,0.021568604134079055,0.7978124966595121,0.19740038780129693,0.03896691310410241,0.9158505714700912,0.13557092231675014,0.018379474977814298,0.9157515819280111,0.13573044135803944,0.018422752711248182,0.8629551022990013,0.22086705261551118,0.04878225493106298,0.5985167927668975,0.1185360770080433,0.014050801552456773,0.5981026250585323,0.11861154616211272,0.014068698882967,0.506627801006784,0.17640707753291834,0.031119457003705067,0.7228537666468713,0.20970793486662379,0.043977417946024125,0.7225547649686503,0.20988169232309642,0.04405032477240691,0.5755617019323308,0.27211575132502314,0.07404698211918184,0.6574079866541549,0.12709338220619032,0.016152727800608776,0.7486372092062211,0.09854930486499157,0.009711965489373052,0.04253447290526521,0.023396003762107716,0.0005473729920365583,3.214933443069458,0.7039730033218866,0.4955779894060369
0.5,0.25,0.75,0.25,0.2928376562518239,0.019148397273625776,0.000366661118148599,0.288688422866541,0.020890638993987125,0.00043641879757709535,0.8069893284458483,0.14580343124293588,0.02125864056221353,0.8067323265045226,0.145939799994956,0.02129842522256776,0.7630302895340855,0.20410069748681345,0.04165709471460374,0.8889232412272097,0.14350926645484305,0.02059490955840714,0.8887928625647854,0.1436777701365602,0.020643301631414226,0.8195970704470295,0.23318877830182005,0.05437700632589538,0.5637415122490699,0.15665337697354426,0.024540280517215365,0.5633140196255929,0.15674483590946736,0.024568943584285848,0.4663376361607606,0.21932369395522616,0.048102882730165705,0.6745959264418524,0.26120285835354573,0.06822693321206247,0.6742683247723551,0.2614042966239334,0.06833220629345335,0.5258708672607696,0.3218648687870253,0.10359699375928902,0.6574079866541549,0.12709338220619032,0.016152727800608772,0.753640037612522,0.09684824632178661,0.009379582815605454,0.03961776506844015,0.02329248926905139,0.0005425400563488741,3.8857460975646974,1.3079142452908656,1.7106396730347748
0.5,0.25,0.75,0.5,0.28953481405507236,0.014092450833174437,0.00019859717048543887,0.2839966921748947,0.015613026740955474,0.00024376660401379072,0.8591718157557974,0.11685413621191308,0.013654889149832336,0.8589621902601955,0.11696271969255678,0.013680277797879609,0.8412790459238666,0.16622795759678596,0.027631733886798876,0.9444616206136048,0.11715242154347646,0.01372468987350041,0.9443964312823928,0.11728996636195682,0.013756936209188962,0.9097985352235147,0.1903387538471473,0.036228841216084925,0.591505417818193,0.11457147543587563,0.013126622983553455,0.5910709350609843,0.11463212157649792,0.013140523297129,0.48229182791282216,0.15599442106490047,0.024334259403373467,0.6942427175033576,0.18585572763255118,0.03454235149382505,0.6939099156142685,0.18599666939328402,0.0345947610253946,0.5287182690078174,0.22761262142408425,0.0518075054315435,0.6272651444062142,0.09532003665464274,0.009085909387842435,0.7249334954113577,0.07486935163016883,0.005605419813521865,0.0480115328244932,0.018696356225495123,0.0003495537361106103,6.327359890937805,4.378532669327751,19.171548336370407
0.5,0.25,0.75,0.75,0.2872145664132547,0.003009498728321146,9.057082595766594e-06,0.280964568186228,0.005205524258256418,2.7097482803296035e-05,0.8812283135403293,0.09526674366669362,0.009075752448855508,0.8810378381840167,0.09535600308496027,0.009092767324338953,0.8792653156881383,0.12732116199867632,0.016210678292693178,0.9730726697571186,0.08515169487504035,0.007250811140091971,0.9730412806367745,0.08525095598907659,0.007267725497051474,0.9566419681480282,0.13711013551435938,0.018799189260765996,0.5885125129365195,0.09726157458658778,0.00945981389106238,0.5880619238795056,0.09729040243490834,0.00946542240594642,0.4645558846070714,0.10653756146137526,0.011350252002136312,0.6656316683598439,0.15260469000830687,0.023288191412531432,0.6652650662598867,0.15269513112180097,0.023315803068303994,0.48187483608330384,0.15713621639699835,0.024691790503564293,0.6179856115107913,0.06597557708264966,0.004352776771388647,0.7160254155738048,0.06260823523813276,0.003919791119633368,0.05131022804205709,0.016112034065401754,0.00025959764172466654,8.4717271566391,5.282457300587646,27.90435513253172
0.5,0.25,0.75,1.0,0.2544631286077179,0.0015015773511853983,2.254734541592957e-06,0.2490945624621383,0.0019140332557622823,3.6635233041639627e-06,0.8040011294714834,0.03346302814966054,0.0011197742529449738,0.8036423252261635,0.03352428705655619,0.0011238778226503809,0.8289088689372595,0.028609843442107867,0.0008185231417819225,1.0,0.0,0.0,1.0,0.0,0.0,1.0,0.0,0.0,0.5121184515750523,0.0022612053337684934,5.113049561463084e-06,0.5115526020746686,0.00226382790048068,5.124916762994764e-06,0.4370822464194342,0.004830306815388543,2.3331863930789007e-05,0.7138895085648629,7.401486830834377e-17,5.4782007307014706e-33,0.7135515064561819,8.275113844157577e-17,6.847750913376839e-33,0.531565670754865,0.0,0.0,0.6058394160583942,0.0,0.0,0.7530188799070975,0.0,0.0,0.0339307256034631,0.0,0.0,4.9270116806030275,2.2252374690029355,4.951681793454591
0.5,0.25,1.0,0.0,0.2581049330699857,0.024097131494858606,0.0005806717462805066,0.2547452311389131,0.025083284352251805,0.0006291711538959202,0.7270830191827711,0.12960770336191285,0.016798156770749598,0.7266752288260383,0.12969543781769383,0.016820906590723286,0.7133980838166383,0.15996501210759545,0.025588805098583158,0.9175342903707234,0.13286145811186323,0.017652167051610386,0.9174377119191673,0.13301709800837552,0.017693548362569783,0.8664405033715429,0.21526033712027012,0.04633701273713234,0.4892871789503868,0.13624781639913572,0.018563467473532595,0.48876931585883315,0.13629510582561982,0.018576355872016906,0.38519240349147177,0.15412806956673586,0.02375546182836857,0.6459848772983386,0.23605852666128235,0.055723628009495346,0.6456234754179733,0.23622649837539966,0.055802958534702705,0.47902743433625616,0.27601607602675143,0.07618487422520544,0.7012801204819278,0.109286595985543,0.0119435600621073,0.7967319105399017,0.06013514231103352,0.003616235340768254,0.02714282075817473,0.015140431934597796,0.0002292326791661888,5.346105003356934,4.239300401347565,17.971667892865625
0.5,0.25,1.0,0.25,0.2500682538728463,0.025064979407607223,0.0006282531927037742,0.24767621623137562,0.024880824810939384,0.0006190554432726568,0.6572291736976824,0.1632988441866564,0.026666512512697887,0.6567726024094338,0.16341484576828633,0.026704411817472806,0.6312173879841437,0.19377580978252806,0.037549064456874504,0.8483545173139723,0.1612619953026525,0.026005431128992722,0.8481762296794118,0.16145160028458672,0.026066619234453962,0.7658748067638977,0.2471923367697192,0.06110405135767427,0.5379564963506417,0.08619757546340438,0.0074300220157692935,0.5375135070679007,0.08625381262879683,0.007439720193003593,0.47158109772267637,0.14522283671280944,0.02108967230291531,0.7630508479127271,0.22440594045260373,0.050358026110417536,0.7628054750670915,0.2246008703164791,0.05044555094691986,0.6603129174149538,0.31254497236040274,0.0976843597477649,0.7506561962134252,0.0975108978485136,0.009508375199223255,0.8301767790810051,0.06020410218426409,0.003624533919813313,0.01930443594579378,0.014512952591124208,0.00021062579291221883,6.5543678283691404,2.962543644084076,8.776664843102957
0.5,0.25,1.0,0.5,0.25281815732896745,0.0010748250479049974,1.15524888360398e-06,0.24787683997052015,0.0015015549878349738,2.2546673814920884e-06,0.7963395630340238,0.026464988582118872,0.0007003956206516823,0.7959660734277403,0.02651352229987514,0.0007029668647459764,0.8044201744840445,0.033431227730201886,0.0011176469875486194,1.0,0.0,0.0,1.0,0.0,0.0,1.0,0.0,0.0,0.5494268001349074,0.0,0.0,0.5489030529730672,0.0,0.0,0.432218077974443,0.0,0.0,0.7138895085648629,7.401486830834377e-17,5.4782007307014706e-33,0.7135515064561819,7.401486830834377e-17,5.4782007307014706e-33,0.531565670754865,0.0,0.0,0.7410714285714286,0.0,0.0,0.8145400302263045,0.0,0.0,0.0222604206751302,0.0,0.0,4.995429301261902,2.775218011870562,7.701835013410796
0.5,0.25,1.0,0.75,0.2567622072739847,0.010063258912411095,0.00010126917993822134,0.2539344396427289,0.01133295709902627,0.0001284359166083699,0.7387117335945176,0.13357845569200932,0.017843203825062097,0.738328590051287,0.13366866506679156,0.017867312020738102,0.7276551329560887,0.1748664227494882,0.030578265805202717,0.9123973124361777,0.1422700277968843,0.020240760809326235,0.9122948851492495,0.14243647473688925,0.020288149335472492,0.8647437885285048,0.2182394078704183,0.0476284391476308,0.50430339386001,0.10594956961681666,0.01122531130198868,0.5037988679805652,0.10597197014390805,0.011230058456181339,0.40197875940377725,0.12181670189880685,0.014839308861502773,0.6374723687877528,0.22305036035509276,0.049751463254536735,0.6371039811128121,0.2232031490320837,0.049819645737838564,0.4745596091530541,0.266855789732195,0.07121201251359346,0.7362198795180723,0.04172653412534931,0.0017411036501139407,0.8199280211584133,0.02299238427708101,0.000528649734744962,0.02058877488874931,0.004838369813773784,2.340982245483736e-05,6.785262966156006,4.333013013543419,18.775001775536623
0.5,0.25,1.0,1.0,0.21608321426937352,0.010120137878046977,0.00010241719067068117,0.21381347164737172,0.008942232643794004,7.99635246557351e-05,0.6090781846793158,0.14604394694521428,0.02132883443933656,0.6084887162671558,0.1461166230901908,0.02135006754328088,0.6254242227566171,0.172217543744654,0.029658882373441817,0.9158505714700912,0.1355709223167501,0.018379474977814295,0.9157515819280111,0.1357304413580394,0.01842275271124818,0.8629551022990013,0.22086705261551115,0.048782254931062974,0.43039206666301083,0.11053347059545159,0.012217648121875561,0.42980451261740615,0.1105938283002362,0.012230994858102126,0.37874797408657546,0.1116208839680368,0.012459221737805934,0.7228537666468713,0.20970793486662376,0.04397741794602412,0.7225547649686503,0.20988169232309642,0.04405032477240691,0.5755617019323308,0.2721157513250232,0.07404698211918186,0.7685661565179637,0.041236052530220405,0.0017004120282750963,0.8307139969577164,0.03260189021942276,0.0010628832458792934,0.01291182813431355,0.0050751259986192895,2.5756903901861443e-05,6.579143238067627,4.344844649042799,18.87767502431585
0.5,0.5,0.0,0.0,0.3031412205921646,0.013354419821725715,0.00017834052877490066,0.3004477653478669,0.014773932226854017,0.00021826907344367567,0.9466014191184545,0.11257512307897823,0.012673158336247096,0.9465396183924621,0.11270541215019317,0.012702509927944909,0.9138971769118653,0.18152370557981073,0.03295085568742581,0.9444616206136048,0.1171524215434765,0.013724689873500418,0.9443964312823928,0.11728996636195685,0.013756936209188969,0.9097985352235147,0.1903387538471473,0.036228841216084925,0.7127400313439219,0.1764336749048708,0.03112884164043764,0.7124342085032224,0.17656327482898565,0.03117459001833592,0.5633472675678826,0.21338936083083274,0.045535019315791334,0.6942427175033576,0.18585572763255123,0.03454235149382506,0.6939099156142685,0.18599666939328405,0.034594761025394605,0.5287182690078174,0.22761262142408425,0.0518075054315435,0.4184078823897403,0.06279384635377623,0.003943067139901657,0.5250759741777705,0.07771447139768724,0.006039539064621947,0.11162146619171362,0.030922321008923993,0.0009561899365789421,2.3061583042144775,0.5113136890016535,0.2614416885604796
0.5,0.5,0.0,0.25,0.30633644914936653,0.015344674060498836,0.00023545902202294584,0.30397967581060603,0.01697092908592824,0.0002880124340396051,0.9197999665588318,0.12913551956451677,0.016675982413197697,0.9197071220032778,0.12928501547843577,0.016714615227259373,0.8706237807177925,0.2083190083831472,0.043396809253737754,0.9158505714700912,0.1355709223167501,0.018379474977814295,0.9157515819280109,0.13573044135803944,0.018422752711248186,0.8629551022990013,0.22086705261551115,0.048782254931062974,0.7395414839035446,0.19864102146686696,0.0394582554094003,0.7392667048924068,0.1988006697206785,0.039521706281390304,0.6066206637619553,0.2542395103569118,0.06463772862652226,0.7228537666468713,0.20970793486662376,0.04397741794602411,0.7225547649686503,0.2098816923230964,0.044050324772406904,0.5755617019323308,0.27211575132502314,0.07404698211918184,0.4184078823897403,0.06279384635377623,0.003943067139901656,0.5250759741777705,0.07771447139768725,0.006039539064621949,0.10882726097868904,0.030931690639199642,0.0009567694857991508,2.8022299289703367,0.7333059727735152,0.5377376497053113
0.5,0.5,0.0,0.5,0.31255827219596566,0.016604171039796823,0.00027569849591882754,0.31087486266827963,0.018378558826069664,0.0003377714245233032,0.8668100341526863,0.14039587280085117,0.01971100109951278,0.8666559627374022,0.14055828051554872,0.019756630221487683,0.7854088962296797,0.2262027573446226,0.051167687430310214,0.8636796298849605,0.1437819436314438,0.02067324731443568,0.8635202731927164,0.14395006890572776,0.020721622337963767,0.7797244396675994,0.23242324096078798,0.054020562938716515,0.5745993444855018,0.27330375561519515,0.0746949428333703,0.5742142365208702,0.27348770553875046,0.07479552508085029,0.4217707675114961,0.31027052405684663,0.09626779809851023,0.5494691968883008,0.2873338130104919,0.0825607200991483,0.5490505950253827,0.2875334499516817,0.08267548484111623,0.37964576499313374,0.32936062020752643,0.10847841814348645,0.477979355645918,0.1025419217023185,0.010514845706404418,0.5988023952095808,0.1269072003696344,0.016105437505658533,0.08256231646089957,0.048368570979316135,0.0023395186585811432,3.9071556091308595,2.977240234917642,8.863959416412456
0.5,0.5,0.0,0.75,0.2967366544275477,0.00035130405610303843,1.2341453983444677e-07,0.2940431991832499,0.0013106142074400587,1.717709600743733e-06,0.9220188815623148,0.16439863250029094,0.027026910367965718,0.9219299791394704,0.16458605526408826,0.027088569587393516,0.9033805872117109,0.20369160706599584,0.04149027078912805,0.9461453395142371,0.11353559316672045,0.012890330915719058,0.9460825612735491,0.11366794131876877,0.012920400883647062,0.9132839362960563,0.18281351401914583,0.033420780908028434,0.6479286232988878,0.17720740162205104,0.03140246318963889,0.647573745752059,0.17730108778961176,0.03143567573137961,0.4860817642647698,0.1711514769182316,0.029292828051291964,0.617373828154825,0.20347292001107578,0.04140122917783365,0.6169786260635914,0.20359350816240132,0.04145031656587377,0.4321840014117426,0.2095149551959978,0.043896516450780965,0.47999165884683553,0.17169256458190119,0.029478336732710306,0.5792427157696618,0.16600316550522567,0.02755705095775535,0.10037255875780522,0.05002616982780317,0.002502617667640204,4.078678941726684,2.041801397488214,4.168952946784823
0.5,0.5,0.0,1.0,0.26748136568598,0.010556765798304533,0.00011144530412025234,0.2655168277017883,0.011262255310061538,0.0001268383946690093,0.8454029399747238,0.09099552575559601,0.008280185707537337,0.8451463427558024,0.09108723496039788,0.008296884372730729,0.850264227618224,0.11965957215396043,0.014318413208068863,0.9713889508564864,0.09047608154051305,0.008185921330925565,0.9713551506456183,0.09058296719225016,0.008205273945352268,0.9531565670754866,0.14813194146278497,0.021943072081533954,0.6441759864933887,0.06643914327404354,0.004414159758988885,0.643769560407376,0.06653628205207762,0.004427076829313628,0.5418353156139684,0.12237191772103762,0.0149748862467244,0.7425005577083765,0.09047608154051305,0.008185921330925567,0.7421963558105638,0.09058296719225016,0.00820527394535227,0.5784091036793786,0.14813194146278497,0.021943072081533954,0.39444639873362053,0.02217849295562642,0.0004918855497827707,0.5367251204963468,0.0264822871491696,0.0007013115326510733,0.09795942237926081,0.009505090034127167,9.03467365568636e-05,11.190081071853637,20.71706059154983,429.196599553947
0.5,0.5,0.25,0.0,0.3158097121091025,0.016356562112298738,0.00026753712413348657,0.31446298448695376,0.01809502531461749,0.0003274299411366478,0.8398042573553635,0.13787706628607568,0.019010085407654906,0.8396188551773867,0.13803663924122078,0.01905411377301093,0.741691530735596,0.22232392157383035,0.049427926103966666,0.8333848618408146,0.14356412871856317,0.020610659054720173,0.8331892938471782,0.14373272510696983,0.020659096266675756,0.7293956056705442,0.23333344237256548,0.05444449532943134,0.6742491452242207,0.30152492058011815,0.09091727773084657,0.6739525532933566,0.3017543820320142,0.0910557070755228,0.5555097265851039,0.36946269031249435,0.13650267953294612,0.6549491353803472,0.3178895172142552,0.10105374515471224,0.6546267339304416,0.31813886245502326,0.1012123358041762,0.5230234655137219,0.3941680669248038,0.1553684649832366,0.4581221978938587,0.09591918469786878,0.009200489993103864,0.5742269215323107,0.11871081592446081,0.014092257817451218,0.08666028927845505,0.04278008752030751,0.00183013588824517,2.826561212539673,0.8025026721792972,0.6440105388549124
0.5,0.5,0.25,0.25,0.30947546635063355,0.016356025499880137,0.0002675195701527293,0.30745537491741026,0.018094540258207545,0.0003274123871558935,0.893202838236909,0.13787622518814505,0.01900985347213208,0.8930792367849243,0.13803579675437536,0.019053881185615223,0.8277943538237306,0.22232145882801035,0.0494268310554147,0.8889232412272097,0.14350926645484302,0.02059490955840713,0.8887928625647854,0.14367777013656016,0.02064330163141422,0.8195970704470295,0.23318877830182005,0.05437700632589538,0.6934945882840713,0.24786004293563163,0.061434600884053156,0.6931933808982895,0.24804534338875123,0.06152649237684352,0.5594284970764932,0.30172158108667013,0.09103591249344006,0.6745959264418524,0.26120285835354573,0.06822693321206247,0.6742683247723551,0.2614042966239334,0.06833220629345334,0.5258708672607696,0.32186486878702536,0.10359699375928905,0.43826504014179957,0.08372512847170166,0.0070098971376029474,0.5496514478550406,0.10361929519691636,0.010736958337105694,0.09914087773508432,0.03957568992021067,0.0015662352326606644,3.9703471422195435,1.5255214086819446,2.3272155683469444
0.5,0.5,0.25,0.5,0.31580971210910264,0.01635656211229867,0.00026753712413348424,0.31446298448695376,0.018095025314617458,0.0003274299411366466,0.8398042573553635,0.13787706628607568,0.01901008540765491,0.8396188551773867,0.13803663924122078,0.01905411377301093,0.7416915307355959,0.22232392157383035,0.04942792610396667,0.8333848618408146,0.14356412871856317,0.020610659054720176,0.8331892938471782,0.1437327251069698,0.02065909626667575,0.7293956056705442,0.23333344237256548,0.05444449532943134,0.6742491452242207,0.3015249205801182,0.09091727773084658,0.6739525532933566,0.3017543820320142,0.09105570707552278,0.5555097265851039,0.3694626903124944,0.13650267953294615,0.6549491353803472,0.3178895172142552,0.10105374515471226,0.6546267339304416,0.31813886245502326,0.10121233580417621,0.5230234655137219,0.3941680669248037,0.15536846498323653,0.45812219789385883,0.09591918469786878,0.009200489993103866,0.5742269215323107,0.1187108159244608,0.014092257817451215,0.08666028927845507,0.04278008752030753,0.001830135888245172,5.245185041427613,3.2603528454582884,10.629900676887956
0.5,0.5,0.25,0.75,0.29989948090257224,0.010145430314384552,0.00010292975626403301,0.2972060256582745,0.011111031020485185,0.00012345501033818405,0.9342079882215346,0.14164598618143479,0.020063585401311215,0.9341324931805506,0.14180824518833185,0.02010957840339404,0.9084168974117827,0.19343870927359946,0.03741853424543614,0.9444616206136048,0.1171524215434765,0.01372468987350042,0.9443964312823928,0.11728996636195682,0.013756936209188962,0.9097985352235147,0.1903387538471473,0.036228841216084925,0.7167585014109529,0.16537903746882965,0.027350226034116562,0.7164568873192916,0.16549858734240008,0.02738978241233003,0.5699472973560936,0.1977537604899557,0.03910654978791876,0.6942427175033576,0.18585572763255118,0.03454235149382505,0.6939099156142685,0.18599666939328405,0.03459476102539461,0.5287182690078174,0.22761262142408425,0.0518075054315435,0.43927119174225837,0.1287694234364259,0.016581564412149547,0.5398716081350811,0.12450237412891921,0.015500841163737372,0.10944310149004947,0.037578264374731774,0.001412125953417235,6.126735067367553,2.534010920876286,6.421211347120284
0.5,0.5,0.25,1.0,0.2576234832168835,0.03986712712144274,0.0015893878249172752,0.256382525396132,0.039632900003336045,0.0015707667626744344,0.7630396759611597,0.17438610556800022,0.030410513815173717,0.7627258486805444,0.17454980045919416,0.0304676328403445,0.7443577907641225,0.21218565839223932,0.04502275362734808,0.8915172880085864,0.14053564925791967,0.019750268712345018,0.8913905199944827,0.14070010513294318,0.01979651958442126,0.8254735308804774,0.22675127577866086,0.05141614106725031,0.5656073109788735,0.24650400400486971,0.060764223990432825,0.5651847775007062,0.24666959822366588,0.060845890687824755,0.495283878833752,0.2696914804733778,0.07273349463992232,0.6795927274927485,0.25209993602498104,0.06355437774379953,0.6792708439770155,0.25229208228008443,0.06365129478122089,0.5340399296037068,0.3087832545885759,0.09534709831431327,0.4258156714449036,0.10044066916851734,0.010088328023019549,0.5649995923103635,0.0992837833083922,0.00985726962802778,0.08911100329569119,0.03163655397432936,0.0010008715473706548,7.403675317764282,4.53569654866195,20.572543181543928
0.5,0.5,0.5,0.0,0.30928890092683636,0.013788719603984008,0.0001901287883172929,0.3079421733046875,0.015182443505299846,0.00023050659079162147,0.8107049219170953,0.1678616708408877,0.028177540537494536,0.8104871401472927,0.16805448453976526,0.028242309773926198,0.7302525704586674,0.232811183117452,0.054201046984547765,0.8333848618408146,0.1435641287185632,0.020610659054720183,0.8331892938471782,0.14373272510696983,0.020659096266675756,0.7293956056705442,0.2333334423725655,0.054444495329431346,0.6242186141268985,0.24736619918461358,0.061190036499041915,0.6238830242790627,0.24754263433495105,0.06127735581348728,0.5225160460445796,0.3267035664656409,0.10673522034136945,0.6549491353803472,0.3178895172142552,0.10105374515471226,0.6546267339304416,0.31813886245502326,0.10121233580417623,0.5230234655137219,0.3941680669248037,0.15536846498323656,0.5189917631112502,0.10367419177918637,0.010748338041067514,0.6329448573452187,0.11580521395357864,0.013410847578834125,0.06778137830109214,0.04853480771848661,0.002355627560270467,3.8581196546554564,1.2236029291779014,1.4972041282927404
0.5,0.5,0.5,0.25,0.31140629329832353,0.014976700638689892,0.00022430156202093423,0.3100595656761746,0.01646256796604391,0.0002710161440366151,0.820609024634218,0.15903166946499808,0.0252910718928244,0.8204023229948219,0.15921460616891345,0.02534929081752221,0.7345095265176546,0.22908453074767757,0.052479722227883635,0.8350685807414469,0.1420982217559326,0.020191904626198198,0.8348754238383347,0.1422647150223085,0.020239249140378654,0.7328810067430859,0.23029050409222152,0.05303371627504949,0.5680471096469099,0.2581709823182246,0.06665225611115703,0.5676670469005255,0.25834708605172585,0.06674321687141783,0.44304837667855274,0.3240167312646842,0.10498684213945059,0.5780802460318145,0.31812026468373805,0.10120050280245156,0.5776954443797645,0.3183584467598488,0.1013521006233435,0.42648919791764717,0.3824079279649685,0.14623582337046054,0.5185590657908455,0.10330016129117238,0.010670923322782229,0.6379476857515194,0.11985267059150309,0.014364662647915348,0.06718217059629969,0.04904309667861447,0.002405225331827926,5.386040282249451,3.7074458237430763,13.745154535989979
0.5,0.5,0.5,0.5,0.3093635443113364,0.013775983945794164,0.00018977773367477853,0.30801681668918746,0.015178238484738227,0.0002303789234995886,0.8107049219170953,0.1678616708408877,0.028177540537494536,0.8104871401472928,0.16805448453976524,0.02824230977392619,0.7302525704586674,0.23281118311745197,0.05420104698454776,0.8333848618408146,0.14356412871856322,0.020610659054720187,0.8331892938471782,0.14373272510696988,0.020659096266675767,0.7293956056705442,0.2333334423725655,0.054444495329431346,0.6242186141268985,0.24736619918461358,0.061190036499041915,0.6238830242790627,0.24754263433495105,0.06127735581348728,0.5225160460445796,0.3267035664656409,0.10673522034136944,0.6549491353803472,0.3178895172142552,0.10105374515471224,0.6546267339304416,0.31813886245502326,0.1012123358041762,0.5230234655137219,0.3941680669248038,0.1553684649832366,0.5189917631112502,0.10367419177918638,0.010748338041067517,0.6329448573452187,0.11580521395357865,0.013410847578834127,0.06778137830109214,0.04853480771848662,0.0023556275602704684,8.092257952690124,5.1574995693497065,26.59980180784241
0.5,0.5,0.5,0.75,0.29994649270753526,0.0050561244686742465,2.5564394642726434e-05,0.29758971936877476,0.006682204230271126,4.4651853375053324e-05,0.8904963068828635,0.17631769689550383,0.031087930238534765,0.8903707958023528,0.17651978893478196,0.031159235885579967,0.858740851140853,0.22744883832932825,0.051732974057360895,0.914166852569459,0.13820449741413263,0.019100483105492994,0.9140654519368546,0.13836776794406264,0.019145639205821966,0.8594697012264595,0.2262752781979932,0.05120050152357922,0.7623593009853186,0.048906507135178606,0.002391846440163276,0.7621029962614148,0.04899367046654713,0.0024003797457846127,0.664092546100966,0.15590548967223683,0.024306521709939945,0.799722655995404,0.13820449741413268,0.019100483105493005,0.7994860545193274,0.13836776794406266,0.019145639205821977,0.6720959695284054,0.2262752781979932,0.05120050152357922,0.45942028985507244,0.09800931132688512,0.009605825106770292,0.5592184363134083,0.09454485884704643,0.008938730334407933,0.09684052803190622,0.04389522809722836,0.0019267910497077058,9.425523400306702,5.52962528081432,30.57675574622084
0.5,0.5,0.5,1.0,0.26777163759938116,0.0073238525169102954,5.363881568945327e-05,0.2659146846621798,0.00797685219904651,6.363017100543315e-05,0.8669328725740998,0.10266543052580138,0.01054019062504815,0.86671812052011,0.102764958483387,0.010560636692092253,0.8697465011172939,0.1329323780264262,0.017671017127760685,0.9713889508564864,0.09047608154051305,0.008185921330925565,0.9713551506456183,0.09058296719225019,0.008205273945352273,0.9531565670754866,0.14813194146278497,0.021943072081533954,0.6330117076671868,0.0337865340060683,0.0011415298801432095,0.6325965315178579,0.0338590734469415,0.0011464368546853791,0.5298545408692642,0.09039914413901894,0.00817200526106712,0.7425005577083765,0.09047608154051309,0.008185921330925574,0.7421963558105638,0.09058296719225019,0.008205273945352275,0.5784091036793786,0.14813194146278497,0.021943072081533954,0.4113138686131387,0.0311611302279366,0.000971016037082424,0.555161943865581,0.031820067515830296,0.0010125166967119982,0.09086246048109198,0.012937474031518266,0.00016737823431620948,7.0833409309387205,4.84373503602583,23.461769099224146
0.5,0.5,0.75,0.0,0.2844508027532641,0.004502162191498831,2.026946439856156e-05,0.2789126808730865,0.0016941925887483805,2.8702885277699392e-06,0.8424544457028432,0.14525365315166505,0.021098623753904214,0.8422265077444029,0.14539213753037591,0.021138873655651744,0.8325947037849387,0.18327106360436834,0.03358828275467643,0.9427779017129726,0.12063477538735072,0.01455274903275656,0.9427103012912363,0.12077728958966687,0.014587153680626254,0.9063131341509731,0.19750925528371327,0.03900990592272702,0.6332920732847253,0.029562552489803388,0.0008739445097123805,0.6328912304914718,0.029648208256633772,0.0008790162528287271,0.5469179658528073,0.10260947207132552,0.010528703758756131,0.7711116068518903,0.12063477538735075,0.014552749032756567,0.7708412051649456,0.12077728958966691,0.014587153680626262,0.625252536603892,0.19750925528371327,0.03900990592272702,0.6574079866541549,0.12709338220619035,0.016152727800608783,0.7436343807999204,0.09994363279536234,0.009988729736334226,0.04545118074209021,0.023093312301304496,0.0005333010730455817,4.5022436618804935,1.7527487577884717,3.0721282079290306
0.5,0.5,0.75,0.25,0.2988431596014068,0.02025617562712098,0.0004103126510367701,0.29398204986927495,0.023610660033449114,0.0005574632672151113,0.8581566271802543,0.08565639591981615,0.007337018161972296,0.8579507821560479,0.0857265921074393,0.007349048594355274,0.8151811809373678,0.16801402250618402,0.028228711758708516,0.9192180092713557,0.13007136243955186,0.01691855932688126,0.9191238419103236,0.13022298629576412,0.01695802615978677,0.8699259044440847,0.20943919151340162,0.04386477494178732,0.5149434818338331,0.16798056381275445,0.028217469818850864,0.5144620341975575,0.16804492926775255,0.028239098252603963,0.3773755251268137,0.1946199859832672,0.03787693894412713,0.569115987949806,0.2331075144561124,0.05433911329590666,0.5686921858672962,0.23324566553895346,0.054403540492709346,0.38249316674018147,0.24002953535273533,0.057614177841650016,0.5971223021582733,0.0,0.0,0.7112354384290958,0.024165957077414396,0.0005839934814674349,0.04765517707007118,0.014089037373998227,0.00019850097412591887,7.556191468238831,3.6095782469056377,13.029055120534375
0.5,0.5,0.75,0.5,0.28840777662229106,0.014628262892916539,0.00021398607526427896,0.28354666689015917,0.015760990478666425,0.0002484088208686137,0.8247218870743456,0.14672427875200358,0.021528013975295652,0.8244794171244628,0.14686253482110084,0.021568604134079055,0.7978124966595121,0.19740038780129693,0.03896691310410241,0.9158505714700912,0.13557092231675014,0.0183794749778143,0.9157515819280109,0.13573044135803947,0.01842275271124819,0.8629551022990013,0.22086705261551115,0.04878225493106297,0.5985167927668975,0.11853607700804335,0.014050801552456783,0.5981026250585323,0.11861154616211277,0.014068698882967008,0.506627801006784,0.17640707753291837,0.03111945700370507,0.7228537666468713,0.2097079348666238,0.04397741794602414,0.7225547649686503,0.20988169232309645,0.044050324772406925,0.5755617019323308,0.27211575132502314,0.07404698211918184,0.6574079866541549,0.12709338220619032,0.016152727800608772,0.7486372092062211,0.09854930486499155,0.009711965489373049,0.04253447290526522,0.02339600376210772,0.0005473729920365585,6.910625028610229,2.829102492785225,8.003820914683574
0.5,0.5,0.75,0.75,0.2866778441918903,0.006384316133538646,4.075949249296185e-05,0.28252280010680686,0.007414020020879601,5.496769287000357e-05,0.7822024666520087,0.167356106590482,0.028008066413124772,0.7819180760806995,0.16751453051436596,0.028061117933448447,0.7520697305339201,0.21645109501587184,0.04685107653356998,0.8889232412272097,0.14350926645484308,0.020594909558407145,0.8887928625647854,0.1436777701365602,0.020643301631414226,0.8195970704470295,0.23318877830182,0.05437700632589536,0.5717784523831319,0.14002949104787854,0.019608258363127896,0.5713593772577313,0.1401050484645054,0.019629424605241405,0.47953769573718275,0.19492247561157197,0.03799477149854387,0.6745959264418524,0.26120285835354573,0.06822693321206248,0.6742683247723551,0.2614042966239334,0.06833220629345334,0.5258708672607696,0.3218648687870253,0.10359699375928902,0.6991346053591909,0.13528103387683252,0.018300958126784707,0.7832313055271432,0.11307394763580762,0.012785717633945363,0.035261035665111864,0.027326809217558222,0.000746754502012825,8.419998455047608,5.466825667984809,29.886182884137554
0.5,0.5,0.75,1.0,0.25356499979793756,0.007195758618512588,5.177894209589819e-05,0.24909860171558318,0.007414345347444733,5.497251693117535e-05,0.7356461125435483,0.1215340613556596,0.01477052806960123,0.7352298877411899,0.12162010314946761,0.014791449490087143,0.7461717514810345,0.152683230430279,0.02331216885462568,0.9461453395142371,0.11353559316672043,0.012890330915719056,0.9460825612735491,0.11366794131876878,0.012920400883647064,0.9132839362960563,0.18281351401914583,0.033420780908028434,0.4599029541005931,0.1236586385316501,0.015291458883501299,0.4593362343097926,0.12367928309375424,0.015296565066585003,0.3851133191436467,0.11882187111333771,0.014118637054874638,0.617373828154825,0.20347292001107578,0.04140122917783365,0.6169786260635914,0.20359350816240135,0.041450316565873786,0.4321840014117426,0.2095149551959978,0.043896516450780965,0.6196112918828599,0.029033663505547296,0.000842953616553349,0.7632445242217765,0.021557551051424678,0.0004647280073347813,0.03106808084904788,0.0060349850372569645,3.642104439991544e-05,6.749106431007386,4.391055136671523,19.281365213289362
0.5,0.5,1.0,0.0,0.2630788653107134,0.02134001635279651,0.00045539629793762255,0.2594791757837679,0.023243535281893803,0.000540261932400642,0.7729338214579243,0.07867275642051451,0.0061894026028016065,0.7725685076898129,0.07871303884692239,0.006195742484517114,0.7628321770492033,0.12384506932576639,0.015337601196303884,0.9461453395142371,0.11353559316672042,0.012890330915719053,0.9460825612735491,0.11366794131876877,0.012920400883647062,0.9132839362960563,0.18281351401914583,0.033420780908028434,0.49244681670332274,0.12112464646236554,0.014671179980633041,0.49191331672443284,0.12114658864760998,0.014676495940953225,0.37063065308284476,0.1299874620306128,0.016896740285160004,0.617373828154825,0.20347292001107584,0.04140122917783367,0.6169786260635914,0.20359350816240135,0.041450316565873786,0.4321840014117426,0.2095149551959978,0.043896516450780965,0.6928571428571428,0.10164463907684076,0.010331632653061225,0.7897202509119297,0.05232468910410468,0.002737873089841211,0.028684873549848645,0.01354393586968443,0.00018343819884212456,4.629347348213196,2.7723082437153566,7.685692998172126
0.5,0.5,1.0,0.25,0.2529229868547244,0.001263455545931407,1.5963199165448295e-06,0.2487002212258384,0.0015019220871768113,2.2557699559495494e-06,0.8164250771547866,0.01587899314927131,0.0002521424234346052,0.8160884220504453,0.015908113379925096,0.00025306807130855185,0.8297926923888171,0.02005873663812114,0.0004023529155175033,1.0,0.0,0.0,1.0,0.0,0.0,1.0,0.0,0.0,0.5494268001349074,0.0,0.0,0.5489030529730672,0.0,0.0,0.432218077974443,0.0,0.0,0.7138895085648629,8.275113844157577e-17,6.847750913376839e-33,0.7135515064561819,8.275113844157577e-17,6.847750913376839e-33,0.531565670754865,0.0,0.0,0.7410714285714286,0.0,0.0,0.8145400302263045,0.0,0.0,0.0222604206751302,0.0,0.0,4.970117735862732,2.1018464408494837,4.417758460911641
0.5,0.5,1.0,0.5,0.25836434477546993,0.014165807922915412,0.00020067011410893307,0.25432281603397977,0.015611957376057901,0.0002437332131118487,0.7911688618162873,0.0639621273617851,0.004091153736645217,0.7908121281493026,0.0640010027652278,0.004096128354954696,0.7930354554785164,0.09543609588805922,0.009108048398354834,0.9730726697571186,0.0851516948750403,0.007250811140091966,0.9730412806367745,0.08525095598907657,0.007267725497051472,0.9566419681480282,0.1371101355143594,0.018799189260766,0.5176414485365295,0.10051410728014781,0.010103085762325064,0.5171102597730223,0.10053763969085507,0.010107816994608197,0.4001010621331412,0.10156292170622276,0.010315027065504336,0.665631668359844,0.15260469000830687,0.023288191412531436,0.6652650662598868,0.15269513112180103,0.02331580306830401,0.48187483608330384,0.15713621639699835,0.024691790503564293,0.7169642857142857,0.0762334793076306,0.0058115433673469425,0.8021301405691172,0.039243516828078535,0.001540053613035683,0.02547264711248942,0.010157951902263323,0.00010318398684869505,4.101142454147339,1.9710875099275493,3.885185971792387
0.5,0.5,1.0,0.75,0.25569883928323767,0.008542343897828946,7.297163926877542e-05,0.2518736676669359,0.009910220541121438,9.821247117366528e-05,0.7912175080852978,0.0795303473481173,0.006325076149312188,0.7908648469560897,0.07958252979184773,0.00633337904807033,0.7950181125061222,0.10956682868244173,0.012004889947527537,0.9730726697571186,0.08515169487504032,0.007250811140091968,0.9730412806367745,0.08525095598907657,0.007267725497051472,0.9566419681480282,0.1371101355143594,0.018799189260766,0.5285663312529432,0.0659665947260731,0.004351591619753974,0.5280444301901535,0.06596075684828735,0.004350821443998887,0.4101083823979609,0.06991699639463297,0.004888386384847121,0.6656316683598439,0.15260469000830684,0.023288191412531425,0.6652650662598868,0.15269513112180103,0.02331580306830401,0.48187483608330384,0.15713621639699835,0.024691790503564293,0.734434165232358,0.02098886958179746,0.0004405326463217027,0.813728195878373,0.002567245622221663,6.5907500848162935e-06,0.02219562417777671,0.00020490451603810195,4.198586069280878e-08,5.70922884941101,1.6241537860116142,2.6378755206158604
0.5,0.5,1.0,1.0,0.22166129664572393,0.0014992408934976613,2.2477232567356657e-06,0.21854315668392274,0.0019308202292430336,3.7280667576541207e-06,0.7035449750812754,0.038144712279295286,0.0014550190748702204,0.7030023321558794,0.03821453385936562,0.0014603505980886014,0.7389611234300146,0.034481887880735446,0.00118900059181961,1.0,0.0,0.0,1.0,0.0,0.0,1.0,0.0,0.0,0.44566453868805295,0.0013271881002910669,1.7614282535542108e-06,0.44502170631186805,0.001328727167407822,1.7655158854076143e-06,0.3765594654591204,0.0027164974789465218,7.3793585531228095e-06,0.7138895085648629,7.401486830834377e-17,5.4782007307014706e-33,0.7135515064561819,8.275113844157577e-17,6.847750913376839e-33,0.531565670754865,0.0,0.0,0.7657657657657657,0.0,0.0,0.8289609705670093,0.0,0.0,0.012738147920381398,0.0,0.0,8.253549766540527,4.0184084132096896,16.14760617535441
0.5,0.75,0.0,0.0,0.3042666562167301,0.012355330500667873,0.00015265419178073385,0.3019098828779696,0.013941575625001361,0.0001943675309076321,0.9086330137018427,0.14786928590465992,0.021865325713954057,0.9085276788033179,0.14803970126424776,0.021915753150407717,0.8673043674441157,0.21369609537852288,0.045666021180026745,0.9175342903707234,0.1328614581118632,0.017652167051610382,0.9174377119191673,0.13301709800837552,0.017693548362569783,0.8664405033715429,0.21526033712027012,0.04633701273713234,0.6691481929205179,0.21962131006929964,0.04823351983655546,0.6688186435742173,0.21977105896742344,0.04829931835966271,0.5200915605783606,0.2525525822427313,0.06378280679747157,0.6459848772983386,0.23605852666128238,0.05572362800949536,0.6456234754179733,0.23622649837539966,0.055802958534702705,0.47902743433625616,0.27601607602675143,0.07618487422520544,0.43826504014179957,0.08372512847170166,0.0070098971376029474,0.5440599100541463,0.09183129848107963,0.008432987380721136,0.10232462011788654,0.039519814293136966,0.0015618157217640327,2.9342331647872926,1.1954110113542435,1.4290074860669753
0.5,0.75,0.0,0.25,0.30639266050530145,0.015434420270865775,0.00023822132909771232,0.304035887166541,0.01706074838312075,0.0002910691353921573,0.9195956423211318,0.1294633154622055,0.01676075005046654,0.9195025108324465,0.12961327140548,0.016799600124430623,0.8701798114177816,0.2090303624451431,0.04369369242394789,0.914166852569459,0.13820449741413263,0.01910048310549299,0.9140654519368546,0.13836776794406264,0.01914563920582197,0.8594697012264595,0.2262752781979932,0.05120050152357922,0.8123898320826408,0.1294633154622055,0.01676075005046654,0.8121725252757086,0.12961327140548,0.016799600124430623,0.6970862266414903,0.2090303624451431,0.04369369242394789,0.799722655995404,0.13820449741413263,0.01910048310549299,0.7994860545193274,0.13836776794406266,0.019145639205821973,0.6720959695284054,0.2262752781979932,0.05120050152357922,0.3985507246376811,0.0,0.0,0.5005005005005004,0.0,0.0,0.11571943900926913,0.013497293482701976,0.00018217693135818926,3.103172779083252,1.6484264165781124,2.7173096508725565
0.5,0.75,0.0,0.5,0.30535512804172177,0.014050516467835233,0.00019741701301290905,0.3029983547029612,0.015647075682769723,0.0002448309774223236,0.9141143280114872,0.13909141238987954,0.019346421000611538,0.9140150948178822,0.13925205248115993,0.019391134120215717,0.8687420894309487,0.21138153542377142,0.044682153518111126,0.9158505714700912,0.1355709223167501,0.018379474977814295,0.9157515819280111,0.13573044135803944,0.018422752711248182,0.8629551022990013,0.22086705261551115,0.04878225493106297,0.7407690125015792,0.1954395707874456,0.03819662582958095,0.740495584424963,0.19559623140985358,0.03825788574173699,0.6085888936099254,0.24988042163166868,0.062440225114820516,0.7228537666468713,0.20970793486662376,0.04397741794602411,0.7225547649686502,0.20988169232309645,0.04405032477240692,0.5755617019323308,0.27211575132502314,0.07404698211918184,0.4184078823897403,0.06279384635377624,0.003943067139901658,0.5222802052773233,0.06887347386080972,0.00474355540165564,0.10902202956357787,0.030361744701519724,0.0009218355413202609,4.917426538467407,3.925569318574866,15.410094474936336
0.5,0.75,0.0,0.75,0.30041520327515664,0.015534355012467882,0.000241316185653386,0.2987317937474706,0.01606122615351089,0.00025796298555422225,0.8229290272627583,0.1938692959981641,0.03758530393082377,0.8227266861337419,0.19409014585899512,0.037670984719565995,0.7641716725482262,0.24971092629024821,0.06235554670873378,0.8619959109843283,0.14559894496367448,0.021199052774535113,0.8618341432015602,0.14576968286006656,0.02124880044112438,0.7762390385950576,0.23620787477817967,0.055794160107224204,0.6636208453839886,0.2566440811815126,0.06586618440550282,0.6633097836090972,0.2568263256131328,0.06595976152794292,0.5390374080134785,0.2991955995766329,0.08951800680602084,0.6263380862368335,0.295467925215025,0.08730129483087162,0.6259818845760597,0.2956903756360114,0.08743279824376554,0.4761800325892084,0.3572953132117025,0.1276599408430486,0.5466114065269523,0.23840034695057075,0.056834725426152505,0.6292079043071849,0.20723860873184452,0.04294784094911054,0.08188031635792961,0.05624166281502476,0.003163124636198939,6.520272922515869,3.8864338901522353,15.104368382523838
0.5,0.75,0.0,1.0,0.268335307906766,0.013848617959418335,0.00019178421938592405,0.2663731697464927,0.014552370889719111,0.00021177149851194418,0.8475445105494174,0.08498679210909833,0.0072227548329951,0.847290367958547,0.08507294752183638,0.007237406400053125,0.8505294239176546,0.11886254583721655,0.014128304802904406,0.9713889508564864,0.09047608154051305,0.008185921330925567,0.9713551506456183,0.09058296719225017,0.008205273945352271,0.9531565670754866,0.14813194146278497,0.02194307208153395,0.6441759864933887,0.06643914327404354,0.004414159758988885,0.643769560407376,0.0665362820520776,0.004427076829313623,0.5418353156139684,0.12237191772103763,0.014974886246724403,0.7425005577083766,0.09047608154051305,0.008185921330925567,0.7421963558105638,0.09058296719225017,0.008205273945352271,0.5784091036793786,0.14813194146278497,0.02194307208153395,0.39444639873362053,0.022178492955626426,0.000491885549782771,0.5367251204963468,0.026482287149169604,0.0007013115326510735,0.09795942237926082,0.009505090034127165,9.034673655686356e-05,18.028392362594605,30.411798192129144,924.8774692787894
0.5,0.75,0.25,0.0,0.3063926605053015,0.015434420270865732,0.00023822132909771102,0.30403588716654106,0.01706074838312072,0.0002910691353921563,0.9195956423211318,0.12946331546220555,0.01676075005046655,0.9195025108324465,0.12961327140548,0.016799600124430623,0.8701798114177816,0.2090303624451431,0.04369369242394789,0.914166852569459,0.13820449741413263,0.01910048310549299,0.9140654519368546,0.13836776794406266,0.019145639205821973,0.8594697012264595,0.2262752781979932,0.05120050152357922,0.8123898320826408,0.12946331546220555,0.01676075005046655,0.8121725252757086,0.12961327140548,0.016799600124430623,0.6970862266414903,0.2090303624451431,0.04369369242394789,0.799722655995404,0.13820449741413263,0.019100483105492994,0.7994860545193274,0.13836776794406266,0.019145639205821977,0.6720959695284054,0.2262752781979932,0.05120050152357922,0.3985507246376811,0.0,0.0,0.5005005005005004,0.0,0.0,0.1157194390092691,0.01349729348270198,0.00018217693135818934,3.4907811641693116,1.6142687469767614,2.6058635874659233
0.5,0.75,0.25,0.25,0.30210896012310795,0.011468219207182134,0.00013152005178398122,0.2994155048788102,0.012855739836083435,0.00016527004673306254,0.94091578057111,0.12522869734516606,0.0156822266387672,0.9408475912070667,0.1253731698065582,0.01571843170734407,0.9120154856250215,0.18551859535954382,0.03441714922417815,0.9444616206136048,0.1171524215434765,0.01372468987350042,0.9443964312823928,0.11728996636195685,0.013756936209188969,0.9097985352235147,0.19033875384714727,0.03622884121608492,0.7139675599419565,0.1730327199421738,0.029940322170586755,0.7136630880357785,0.17315901600697825,0.029984044824504952,0.5653154974158526,0.2086307429239651,0.04352678689300562,0.6942427175033575,0.18585572763255123,0.03454235149382506,0.6939099156142685,0.185996669393284,0.034594761025394584,0.5287182690078174,0.22761262142408428,0.051807505431543506,0.4184078823897403,0.06279384635377623,0.003943067139901657,0.5222802052773233,0.06887347386080973,0.004743555401655641,0.11181623477660244,0.030332270056448455,0.0009200466067773196,5.963110113143921,3.728668058718229,13.902965492105563
0.5,0.75,0.25,0.5,0.3053041886803099,0.013998861334139726,0.00019596811865247227,0.30294741534154934,0.015592155067994953,0.0002431152996644007,0.9141143280114872,0.13909141238987957,0.01934642100061154,0.9140150948178822,0.13925205248115993,0.01939113412021572,0.8687420894309487,0.21138153542377142,0.04468215351811113,0.9158505714700912,0.1355709223167501,0.018379474977814295,0.9157515819280111,0.13573044135803947,0.01842275271124819,0.8629551022990013,0.2208670526155112,0.048782254931062995,0.7407690125015792,0.1954395707874456,0.03819662582958095,0.740495584424963,0.1955962314098536,0.038257885741737,0.6085888936099254,0.24988042163166868,0.062440225114820516,0.7228537666468713,0.20970793486662376,0.04397741794602412,0.7225547649686503,0.20988169232309645,0.04405032477240692,0.5755617019323308,0.27211575132502314,0.07404698211918184,0.4184078823897403,0.06279384635377623,0.003943067139901657,0.5222802052773233,0.06887347386080973,0.004743555401655641,0.10902202956357783,0.03036174470151972,0.0009218355413202607,4.640766954421997,2.4403498816474403,5.955307544856677
0.5,0.75,0.25,0.75,0.29820675799174967,0.011373078302251876,0.0001293469100691524,0.2958499846529892,0.011803512242453426,0.0001393229012577479,0.8908865023617132,0.17998082321105702,0.03239309672372976,0.8907619562188895,0.18018585966362313,0.03246694402271889,0.8572055804301749,0.23059775557882842,0.05317532487799309,0.9175342903707234,0.13286145811186323,0.01765216705161039,0.9174377119191673,0.13301709800837555,0.017693548362569787,0.8664405033715429,0.21526033712027012,0.04633701273713234,0.6774752375373756,0.20349656523553344,0.041410852062659716,0.6771540356457217,0.20363160195494212,0.04146582931473599,0.5340224859640521,0.22826629503307894,0.052105501448128644,0.6459848772983386,0.23605852666128238,0.05572362800949536,0.6456234754179733,0.23622649837539966,0.055802958534702705,0.47902743433625616,0.27601607602675143,0.07618487422520544,0.49725784589719524,0.20809288297232859,0.04330264794373524,0.5863054363716234,0.1808926878916217,0.032722164532655654,0.09688563085907562,0.0507670705256077,0.002577295449752026,5.697047543525696,3.6133771380504753,13.056494341785843
0.5,0.75,0.25,1.0,0.2685946342886677,0.013831724477408871,0.0001913166020189517,0.26662179284782345,0.014541233969395492,0.00021144748535270136,0.8475445105494174,0.08498679210909833,0.007222754832995098,0.847290367958547,0.08507294752183638,0.007237406400053127,0.8505294239176546,0.11886254583721652,0.014128304802904397,0.9713889508564864,0.09047608154051302,0.008185921330925562,0.9713551506456183,0.09058296719225015,0.008205273945352266,0.9531565670754866,0.14813194146278497,0.021943072081533954,0.6441759864933887,0.06643914327404354,0.004414159758988885,0.643769560407376,0.06653628205207762,0.004427076829313628,0.5418353156139684,0.12237191772103762,0.0149748862467244,0.7425005577083766,0.09047608154051304,0.008185921330925564,0.7421963558105638,0.09058296719225016,0.008205273945352268,0.5784091036793786,0.14813194146278497,0.021943072081533954,0.39444639873362053,0.022178492955626423,0.0004918855497827708,0.5367251204963468,0.0264822871491696,0.0007013115326510733,0.09795942237926081,0.009505090034127169,9.034673655686362e-05,30.125461196899415,34.089007114046126,1162.0604060214873
0.5,0.75,0.5,0.0,0.3063438876459788,0.010539355533841131,0.00011107801506870767,0.3046604781182927,0.012243508075055736,0.00014990348998395503,0.8343677014838853,0.1750441907105013,0.030640468701494353,0.8341772823191222,0.17524539635432168,0.0307109489433833,0.7740691443233281,0.23825729931384734,0.05676654067632825,0.8636796298849605,0.1437819436314438,0.020673247314435685,0.8635202731927164,0.1439500689057277,0.020721622337963753,0.7797244396675994,0.23242324096078792,0.05402056293871649,0.5628326151785329,0.24212809665273316,0.05862601518867529,0.5624399116463302,0.24227893655361912,0.0586990830975526,0.4186457933898683,0.27916001411077834,0.07793031347832996,0.5494691968883008,0.2873338130104919,0.08256072009914832,0.5490505950253827,0.28753344995168173,0.08267548484111625,0.37964576499313374,0.3293606202075264,0.10847841814348642,0.49826921071838176,0.1051204297830487,0.011050304757772871,0.6071919648787615,0.11265501648088087,0.01269115273830754,0.07704842047466717,0.04961354045647636,0.002461503396626417,3.853513169288635,1.8140097041252086,3.290631206660427
0.5,0.75,0.5,0.25,0.30206686710890746,0.007526108689026806,5.664231199904479e-05,0.3000467756756841,0.009125636682883754,8.32772448679936e-05,0.8582135400135963,0.1834501632380239,0.03365396239205762,0.8580508833986039,0.18366058787271045,0.0337312115377496,0.8140297329599473,0.24018447645035063,0.05768858272772903,0.8872395223265774,0.14565427028766992,0.021215166453033608,0.8871067325736292,0.14582583791368767,0.02126517500322911,0.8161116693744876,0.2376119323723035,0.05645943040570013,0.7175399339638798,0.15970220238089153,0.025504793445307237,0.7172585517998535,0.1598214611549868,0.025542899445714955,0.618868609263474,0.23342965029800544,0.054489401638249106,0.751464815790385,0.2271417856078635,0.051593390769128625,0.7511996143230321,0.22733784178913316,0.05168249430934094,0.6224051348568443,0.3023412319986794,0.09141022056647927,0.47927744760713165,0.1042252363573065,0.010862899893736405,0.5809981410902313,0.10411712714394765,0.01084037616470896,0.08734891337319033,0.04746246321392422,0.00225268541433311,7.744984602928161,4.284437743245025,18.35640677574252
0.5,0.75,0.5,0.5,0.29782859966347547,0.0032306613762863637,1.0437172928228501e-05,0.2947984625136405,0.004295343044749572,1.8449971872078524e-05,0.9634987689609545,0.11542702748341811,0.013323398673657762,0.9634569319341176,0.11555932777875239,0.013353958236677134,0.952913617046951,0.14890021691056,0.022171274596011814,0.9713889508564864,0.09047608154051305,0.008185921330925565,0.9713551506456183,0.09058296719225019,0.008205273945352273,0.9531565670754866,0.14813194146278497,0.021943072081533954,0.7421100832642878,0.03201682441755055,0.001025077045784261,0.741817689492575,0.03207388621238208,0.0010287341767648331,0.5995415407398366,0.10206410109745445,0.010417080732831402,0.7425005577083766,0.09047608154051305,0.008185921330925565,0.7421963558105638,0.09058296719225019,0.008205273945352273,0.5784091036793786,0.14813194146278497,0.021943072081533954,0.4188405797101448,0.06416215542370628,0.00411678218861584,0.5200731457714698,0.061894138890786495,0.0038308844290319694,0.11501487910953068,0.028736172200414477,0.0008257675927318738,4.9754057884216305,2.149327657831136,4.619609380717877
0.5,0.75,0.5,0.75,0.29603315426432764,0.005386725585369788,2.9016812532077494e-05,0.293676380925567,0.005254431010634641,2.760904524551898e-05,0.8811867238822904,0.1917265643131581,0.036759075463327545,0.8810513845421916,0.1919448888560417,0.03684284035795819,0.8533925936711988,0.23617252045047885,0.05577745941593185,0.9175342903707234,0.13286145811186317,0.017652167051610376,0.9174377119191673,0.13301709800837558,0.017693548362569794,0.8664405033715429,0.21526033712027015,0.04633701273713235,0.6607983938382682,0.17955324432513053,0.03223936754768002,0.660464192640957,0.17965926762558718,0.03227745244376236,0.5230245924505439,0.2047600007076382,0.041926657889791996,0.6459848772983386,0.23605852666128235,0.055723628009495346,0.6456234754179733,0.23622649837539964,0.05580295853470269,0.47902743433625616,0.27601607602675143,0.07618487422520544,0.517547700969659,0.20728933281544384,0.04296886749907184,0.6058780816425926,0.18116562379617454,0.03282098324545704,0.09059266053328796,0.054621036847869384,0.002983457666336305,10.820388031005859,5.292894513713208,28.014732333295385
0.5,0.75,0.5,1.0,0.26562894354470074,0.00486988931776605,2.3715821967291885e-05,0.2637079497895102,0.005553546382257639,3.084187741988691e-05,0.8474694300758461,0.11051507894871572,0.01221358267504087,0.8472212214795475,0.11062533756447977,0.012237965311255098,0.8541076138338916,0.13259577065907655,0.017581638396674423,0.9713889508564864,0.09047608154051305,0.008185921330925567,0.9713551506456183,0.09058296719225017,0.008205273945352271,0.9531565670754866,0.14813194146278497,0.02194307208153395,0.6335153550872692,0.03362126414813031,0.0011303894029183526,0.6331007631928023,0.03369360023366266,0.0011352586967058726,0.5309793752305966,0.09002568493810874,0.008104623948575619,0.7425005577083765,0.09047608154051308,0.00818592133092557,0.7421963558105638,0.0905829671922502,0.008205273945352276,0.5784091036793786,0.14813194146278497,0.02194307208153395,0.4113138686131387,0.031161130227936602,0.0009710160370824243,0.555161943865581,0.03182006751583029,0.001012516696711998,0.090862460481092,0.012937474031518275,0.00016737823431620973,28.749069380760194,35.98044699711261,1294.5925661120295
0.5,0.75,0.75,0.0,0.2878793294089867,0.011223289039768967,0.0001259622168701982,0.28303565177625645,0.012284765534521206,0.00015091546423816012,0.8190362485270011,0.15164816047896884,0.022997164576655085,0.8187873899390674,0.15179127977582976,0.023040592615984224,0.7959308053726682,0.19986944325966455,0.03994779434892826,0.9158505714700912,0.1355709223167501,0.018379474977814295,0.9157515819280111,0.13573044135803944,0.018422752711248186,0.8629551022990013,0.22086705261551115,0.04878225493106297,0.5997443213649322,0.11477745838588957,0.013173864953524612,0.5993315045910885,0.11484935933581411,0.013190375339846952,0.508596030854754,0.1713455767899105,0.02935930668546712,0.7228537666468713,0.20970793486662376,0.04397741794602412,0.7225547649686503,0.20988169232309642,0.04405032477240691,0.5755617019323308,0.27211575132502314,0.07404698211918184,0.6574079866541549,0.12709338220619035,0.01615272780060878,0.745841440305774,0.09901983381705941,0.009804927489158063,0.042729241490154,0.02326224045397486,0.0005411318309385446,5.569029211997986,2.799218127587213,7.835622125812863
0.5,0.75,0.75,0.25,0.2895028632605414,0.009971868708054946,9.943816553068544e-05,0.28325867573331526,0.012165683189432317,0.00014800384746563606,0.8879361058899047,0.07405484177058322,0.005484119589666118,0.8877529362105328,0.07412099860986789,0.005493922434924036,0.882863903901377,0.11594142688380589,0.013442414467852907,0.9730726697571186,0.0851516948750403,0.007250811140091966,0.9730412806367745,0.08525095598907657,0.007267725497051472,0.9566419681480282,0.1371101355143594,0.018799189260766,0.5857215714675231,0.10608730644483262,0.011254516588719825,0.5852681245959925,0.1061251714961561,0.011262552025088544,0.45992408466683043,0.12118459893876862,0.0146857070199502,0.6656316683598439,0.15260469000830687,0.023288191412531432,0.6652650662598868,0.15269513112180103,0.023315803068304008,0.48187483608330384,0.15713621639699835,0.024691790503564293,0.5971223021582733,0.0,0.0,0.6984340127160471,0.0069793349700232295,4.871111662378916e-05,0.053683361328610055,0.008607527688733331,7.408953291231096e-05,5.68447597026825,3.6003587631034906,12.962583223056097
0.5,0.75,0.75,0.5,0.29201855833144774,0.018569895739424077,0.00034484102777308047,0.28993522558910556,0.0195637483060123,0.0003827402477809992,0.7032999968124137,0.15142900010209118,0.022930742071919127,0.7029436080569305,0.15157256342783246,0.022974241984084293,0.6356699100194184,0.19811774440653135,0.03925064064873168,0.8047738126973009,0.13491913024404908,0.01820317170581068,0.8045444444927965,0.1350777475461775,0.01824599788214886,0.6825521727460307,0.21958732274723328,0.04821859231129759,0.546671567422755,0.1839670584700857,0.03384387860213594,0.5462754327854179,0.18409414659179435,0.03389065480936107,0.48062410704657105,0.2737317679625732,0.07492908079191603,0.6835601845238608,0.3361355408900676,0.1129871018494583,0.6832715832848233,0.33640523056948535,0.1131684791545086,0.5698668984382353,0.42213830776545697,0.17820075088308368,0.7176936711500365,0.15565696804484264,0.024229091700913162,0.7976629869072082,0.11705414855452091,0.01370167369382385,0.02633124314782555,0.0239848814099148,0.0005752745362476765,6.93053138256073,2.505056003108298,6.27530557870892
0.5,0.75,0.75,0.75,0.286488140881287,0.00036398220272170336,1.3248304389814316e-07,0.28024976405386137,0.0023765950355141416,5.648203962830464e-06,0.8790628502198399,0.10211453994899136,0.010427379268994152,0.8788700749183185,0.10221107243261122,0.0104471033278245,0.8778145103944068,0.1319090111682975,0.017399987227398037,0.9730726697571186,0.08515169487504033,0.0072508111400919695,0.9730412806367745,0.08525095598907657,0.007267725497051472,0.9566419681480282,0.13711013551435938,0.018799189260765996,0.589885093775952,0.09292109286127513,0.008634329498533716,0.5894358206317447,0.0929457594279246,0.008638914195633635,0.4668895473596762,0.09915787187244617,0.009832283554272452,0.665631668359844,0.15260469000830684,0.02328819141253143,0.6652650662598868,0.15269513112180103,0.023315803068304004,0.48187483608330384,0.15713621639699835,0.024691790503564293,0.6266187050359712,0.0932758158754702,0.008700377827234616,0.7195567758747856,0.07377537702792974,0.005442806255613185,0.050963866699204566,0.017207324802250196,0.0002960920268501347,9.374958753585815,4.732896263456344,22.400307040639024
0.5,0.75,0.75,1.0,0.25484122067445686,0.0012074865930975457,1.4580238725103177e-06,0.24956381500796213,0.001453191196955402,2.1117646549086742e-06,0.8119375834484277,0.02509727111224541,0.0006298730172815479,0.8115933080285649,0.02514321529241713,0.0006321812752408385,0.8356942890956013,0.02145738258158089,0.0004604192672523311,1.0,0.0,0.0,1.0,0.0,0.0,1.0,0.0,0.0,0.5115821596416501,0.0016959040003263958,2.8760903783230723e-06,0.5110156881449568,0.0016978709253605488,2.882765679184686e-06,0.4359366385693796,0.0036227301115414087,1.3124173461068827e-05,0.7138895085648629,9.064933036736789e-17,8.217301096052206e-33,0.7135515064561819,9.064933036736789e-17,8.217301096052206e-33,0.531565670754865,0.0,0.0,0.6058394160583942,0.0,0.0,0.7530188799070975,0.0,0.0,0.0339307256034631,0.0,0.0,10.553063774108887,6.0087421865565505,36.10498266450439
0.5,0.75,1.0,0.0,0.2596132545928027,0.015782591035305077,0.00024909017978769216,0.2560581746090234,0.017663154226080342,0.00031198701721429987,0.7644925693487755,0.09582281059756931,0.00918201103081764,0.7641179740558033,0.0958805438050486,0.009193078680351843,0.7590473135244107,0.1316574526065628,0.017333684826849334,0.9461453395142371,0.11353559316672043,0.012890330915719055,0.9460825612735491,0.11366794131876878,0.012920400883647064,0.9132839362960563,0.18281351401914583,0.033420780908028434,0.4883479116396493,0.12876560306431353,0.01658058053251635,0.4878118673078425,0.1287915277748925,0.016587257626590905,0.3720317621880966,0.1268838945726685,0.016099522701928055,0.617373828154825,0.20347292001107584,0.04140122917783366,0.6169786260635914,0.20359350816240135,0.041450316565873786,0.4321840014117426,0.2095149551959978,0.043896516450780965,0.6928571428571428,0.10164463907684079,0.01033163265306123,0.78492039276353,0.06244367856721257,0.0038992129930053624,0.02834491273922906,0.012827235551847744,0.00016453797190258668,6.838689875602722,3.777992086267858,14.273224203902563
0.5,0.75,1.0,0.25,0.24966497481493385,0.011626220300623009,0.00013516899847861857,0.2454658396567322,0.010218451764461086,0.0001044167564626179,0.7675526927993885,0.11985773581410226,0.014365876834483133,0.7671666423169714,0.11995282803725753,0.014388680954135875,0.7742262986848534,0.13233513537518857,0.017512588054769487,0.9713889508564864,0.09047608154051302,0.008185921330925562,0.9713551506456183,0.09058296719225015,0.008205273945352266,0.9531565670754866,0.14813194146278497,0.021943072081533954,0.5528578821471426,0.01085003399749713,0.00011772323774684356,0.5523549022589229,0.010915705882929788,0.00011915263492262797,0.44942643517407543,0.05441760354059537,0.0029612755751014176,0.7425005577083765,0.09047608154051306,0.008185921330925569,0.7421963558105638,0.09058296719225017,0.008205273945352271,0.5784091036793786,0.14813194146278497,0.021943072081533954,0.7494944061962134,0.026635793974955243,0.000709465520676262,0.8215516898542766,0.022172814602240246,0.0004916337073853183,0.02071836788345629,0.00487639909391069,2.3779268123093e-05,4.584844422340393,1.5191471507149505,2.3078080655253523
0.5,0.75,1.0,0.5,0.2611340109126123,0.020102284666983466,0.0004041018488324386,0.2583359829768005,0.02150407998233865,0.0004624254558868178,0.7504066692401754,0.11653670903845158,0.01358080455351272,0.7500361205973005,0.11660929439449963,0.013597727539183082,0.7343899125182405,0.16472942199246085,0.02713578246997024,0.9123973124361777,0.1422700277968843,0.020240760809326235,0.9122948851492495,0.14243647473688925,0.020288149335472492,0.8647437885285048,0.2182394078704183,0.04762843914763079,0.5051058718800565,0.10303532824076908,0.010616278865683025,0.5046009118363095,0.10305710893607971,0.010620767702263001,0.3949023807911572,0.13512618321235023,0.018259085389537643,0.6374723687877528,0.22305036035509274,0.04975146325453672,0.6371039811128121,0.2232031490320837,0.04981964573783856,0.4745596091530541,0.266855789732195,0.07121201251359345,0.7012801204819278,0.10928659598554297,0.011943560062107296,0.7919320523915019,0.06965891234944917,0.004852364069708241,0.02680285994755515,0.014462623550603909,0.0002091674799664828,9.337165093421936,6.352782401533841,40.35784424123808
0.5,0.75,1.0,0.75,0.2547267685778821,0.006192657860433503,3.834901137638885e-05,0.25055737311512444,0.007683052447127225,5.902929490530764e-05,0.779723488149154,0.0824793203520324,0.006802838285733186,0.779350904818778,0.08253553030083428,0.006812113762039935,0.7811852971992634,0.11100940336147236,0.01232308763467007,0.9730726697571186,0.08515169487504033,0.0072508111400919695,0.9730412806367745,0.08525095598907657,0.007267725497051472,0.9566419681480282,0.13711013551435938,0.018799189260765993,0.5300580879607941,0.06124924581442985,0.0037514701128364522,0.5295375127524228,0.061239215216836174,0.003750241480373979,0.4126857246367862,0.06176672461018715,0.0038151282690706994,0.665631668359844,0.15260469000830684,0.02328819141253143,0.6652650662598868,0.15269513112180103,0.023315803068304008,0.48187483608330384,0.15713621639699835,0.024691790503564293,0.7416630808950087,0.0018709689254438305,3.5005247199764416e-06,0.816336027203674,0.0056794411192656324,3.225605142720526e-05,0.021528020681335643,0.002316052138683997,5.364097509102716e-06,12.22333574295044,5.712184026322148,32.6290463505699
0.5,0.75,1.0,1.0,0.22081941425179846,0.0037509476134237893,1.406960799864962e-05,0.21799899275869547,0.003012639134720751,9.075994556050997e-06,0.6827959949272169,0.09815235949863012,0.009633885675148326,0.6822567274834377,0.09820721583533563,0.009644657242128197,0.7089963624387499,0.11496531514337009,0.013217023686014401,0.9730726697571186,0.0851516948750403,0.007250811140091965,0.9730412806367745,0.0852509559890766,0.007267725497051476,0.9566419681480282,0.1371101355143594,0.018799189260766,0.41482354833305246,0.09589050415525086,0.009194988787148183,0.41417946501898256,0.09589256574537439,0.00919538416523095,0.3509009787493065,0.07780020203033725,0.006052871435961293,0.6656316683598439,0.1526046900083069,0.02328819141253144,0.6652650662598868,0.15269513112180103,0.023315803068304008,0.48187483608330384,0.15713621639699835,0.024691790503564293,0.7644903940084663,0.0040330796165177814,1.6265731193171214e-05,0.82795798007617,0.0031717344225422766,1.005989924713959e-05,0.012904928957945361,0.0005274079492282131,2.781591449091094e-07,7.737888240814209,3.682367605644666,13.559831183101233
0.5,1.0,0.0,0.0,0.2799830659164049,0.01354694122277143,0.0001835196164932239,0.2803859866384947,0.012998591390817384,0.0001689633781454318,0.7162789335147992,0.15636915651064953,0.02445131310785201,0.715926565753211,0.15651308724296673,0.02449634647832451,0.6705189755640643,0.20531001303518248,0.0421522014525068,0.8333848618408146,0.1435641287185632,0.02061065905472018,0.8331892938471782,0.14373272510696986,0.02065909626667576,0.7293956056705442,0.23333344237256548,0.05444449532943134,0.5958761199709756,0.20505902260375525,0.0420492027512074,0.5955062312858269,0.20520669464721358,0.04210978752803475,0.5226455248353867,0.2845253730982503,0.08095468793669854,0.6549491353803472,0.3178895172142552,0.10105374515471224,0.6546267339304416,0.3181388624550232,0.10121233580417618,0.5230234655137219,0.3941680669248037,0.15536846498323653,0.40732448147183886,0.06886408089734632,0.004742261637836257,0.5470051615147222,0.07436872059486933,0.005530706602917742,0.0935805627969877,0.02932064942557534,0.0008597004827374915,3.362679672241211,0.8627933250997213,0.7444123218366333
0.5,1.0,0.0,0.25,0.2737305190895753,0.01905522301061741,0.0003631015239843632,0.2743716152510206,0.018546936480883805,0.0003439888528259385,0.7719577448484889,0.15573194098424087,0.024252437442719082,0.771651316824743,0.15587574018672276,0.0242972463787587,0.7476255646126168,0.2011912138843048,0.04047790454424008,0.8872395223265774,0.14565427028766992,0.021215166453033604,0.8871067325736292,0.1458258379136877,0.021265175003229116,0.8161116693744876,0.23761193237230352,0.056459430405700145,0.6388571862223105,0.19425155254298748,0.03773366566536103,0.638491333101938,0.19440665313887465,0.03779394678465872,0.5770757512582342,0.24667012772146904,0.06084615191012585,0.751464815790385,0.2271417856078635,0.05159339076912862,0.7511996143230321,0.22733784178913316,0.051682494309340944,0.6224051348568442,0.3023412319986794,0.0914102205664793,0.3876334287945847,0.05041096834816667,0.0025412657297998616,0.5273396068525723,0.05615351098243833,0.003153216795654822,0.10212637292259452,0.02131230429245363,0.0004542143142541375,4.960610556602478,2.221552107636265,4.935293766943133
0.5,1.0,0.0,0.5,0.2682195807863783,0.022112846399752507,0.0004889779758990475,0.26901617554584417,0.021462458189663722,0.00046063711154306343,0.7557718163540064,0.14226276933752235,0.020238695539581093,0.7554357567089347,0.1423825733281805,0.020272797187554696,0.7337281827703529,0.18935782952621805,0.035856387602880256,0.8872395223265774,0.14565427028766992,0.021215166453033604,0.8871067325736292,0.1458258379136877,0.021265175003229116,0.8161116693744876,0.23761193237230352,0.056459430405700145,0.6399478539413251,0.19417838560145684,0.037705245434788065,0.6395832705343141,0.19433304330309709,0.03776533171944341,0.5786531419454454,0.2461651267845835,0.06059726964487006,0.751464815790385,0.22714178560786347,0.05159339076912861,0.7511996143230322,0.22733784178913316,0.05168249430934094,0.6224051348568442,0.3023412319986794,0.0914102205664793,0.3876334287945847,0.050410968348166656,0.0025412657297998603,0.5269833403185664,0.05604587313082338,0.0031411398949963507,0.10218348736358121,0.021299529293371776,0.00045366994811920237,4.667738199234009,1.6464852304033861,2.7109136139364916
0.5,1.0,0.0,0.75,0.2724329957108524,0.01657177454569162,0.00027462371159323273,0.27291427988489136,0.016352824207989187,0.00026741485957739716,0.7359559465098441,0.17666624959256513,0.031210963745102516,0.7356218190152543,0.17683219635483863,0.0312696256676762,0.7002687132834905,0.22432644042493158,0.05032235187372038,0.8619959109843283,0.14559894496367448,0.021199052774535113,0.8618341432015602,0.1457696828600665,0.021248800441124368,0.7762390385950576,0.2362078747781797,0.05579416010722422,0.5900842051657296,0.168957363739075,0.028546590761658094,0.5896970420210959,0.16906735487742497,0.02858377048524915,0.5091681224824824,0.2243887387888353,0.05035030609524416,0.6263380862368334,0.295467925215025,0.08730129483087162,0.6259818845760597,0.29569037563601147,0.08743279824376556,0.4761800325892084,0.3572953132117025,0.12765994084304857,0.4878981168098585,0.17785278731983084,0.03163161395743298,0.6212335240043034,0.16814234723601335,0.028271848934036083,0.07772669269964755,0.04686707692767488,0.002196522899744595,5.445096778869629,1.890340319784001,3.5733865246010788
0.5,1.0,0.0,1.0,0.23794529390269062,0.010252544766988836,0.00010511467419911017,0.2390344405776589,0.009579132888262603,9.175978689099425e-05,0.7645590932679361,0.08940940932643623,0.007994042476102222,0.7641614691799952,0.08946829271205474,0.008004575400809908,0.7678565446414949,0.11777409659477643,0.013870737828715729,0.9668667602884302,0.10477650374890132,0.010978115737843533,0.9668283609092558,0.10489793324782833,0.011003576399665847,0.9542350021689618,0.14472163025874643,0.02094435026474931,0.5343317652984669,0.042614503834236005,0.001815995937038115,0.5338132954042598,0.042600806007119116,0.0018148286724561959,0.4383700564935502,0.026696921559574354,0.000712725620758066,0.6667522124114933,0.14906121858654153,0.022219246886504715,0.6663870136420836,0.14914722197919542,0.02224489382411139,0.48361465203706333,0.15163443527362014,0.022993001960749694,0.5282946654952643,0.10684483186941957,0.011415818097204536,0.6246446472708832,0.0912586554677208,0.008328142197776167,0.05579958282175921,0.01747583105248042,0.0003054046709748389,4.999460053443909,1.809871735220448,3.275635697949876
0.5,1.0,0.25,0.0,0.26710110739368853,0.016683415067764922,0.0002783363383233257,0.26790342443796894,0.01614563353871922,0.00026068148236661493,0.7884953308443953,0.1494624149363108,0.02233901347859394,0.7881955928878364,0.1495983935417359,0.022379679350268092,0.7776338674398579,0.19037713390212496,0.036243453112787614,0.9175342903707234,0.1328614581118632,0.017652167051610382,0.9174377119191673,0.13301709800837552,0.01769354836256978,0.8664405033715429,0.21526033712027012,0.04633701273713234,0.5691086396162759,0.18847564551913085,0.03552306895385307,0.5686747941368895,0.18858598830380344,0.03556467498452229,0.47052430173241555,0.21192629736278323,0.04491275551389882,0.6459848772983386,0.23605852666128233,0.05572362800949534,0.6456234754179733,0.23622649837539966,0.055802958534702705,0.47902743433625616,0.27601607602675143,0.07618487422520544,0.41132083658769414,0.050051154098981435,0.0025051180266399864,0.5536299187962006,0.05278637090568459,0.0027864009533925048,0.09218835620446525,0.02145759704951609,0.0004604284711394017,4.890721416473388,1.4573181166177116,2.1237760930221943
0.5,1.0,0.25,0.25,0.2660511750156008,0.014603348199566869,0.0002132577786377929,0.2669319283309009,0.01415185346159809,0.00020027495639854585,0.8214119490137334,0.14060081089793747,0.019768588025157574,0.8211454970547039,0.14073496851651726,0.019806331363345107,0.818465665893302,0.17275201486117936,0.029843258638597134,0.9461453395142371,0.11353559316672043,0.012890330915719055,0.9460825612735491,0.11366794131876878,0.012920400883647064,0.9132839362960563,0.18281351401914583,0.033420780908028434,0.549643653058603,0.16808338327140457,0.028252023731961888,0.5491805423096101,0.1681532609526311,0.028275519169003657,0.4323692431059062,0.15666560668286292,0.0245441123173095,0.617373828154825,0.2034729200110758,0.041401229177833655,0.6169786260635914,0.20359350816240135,0.041450316565873786,0.4321840014117426,0.2095149551959978,0.043896516450780965,0.4182417773149353,0.04151238399098644,0.0017232780246151072,0.5622594859532339,0.04137273497575557,0.0017117031993741081,0.08929154663069228,0.018001570561901183,0.0003240565426951073,5.730862069129944,4.392072223481864,19.290298416280923
0.5,1.0,0.25,0.5,0.26891665142117993,0.013641001304846129,0.0001860769165988138,0.269722913951122,0.013255785519888761,0.00017571584974929256,0.8294858717434239,0.13901950821196501,0.019326423663496607,0.8292324645407231,0.13915302599237908,0.01936356464283573,0.8269553186945515,0.17091999924606083,0.029213646142273435,0.9444616206136048,0.11715242154347649,0.013724689873500416,0.9443964312823928,0.11728996636195685,0.013756936209188969,0.9097985352235147,0.1903387538471473,0.036228841216084925,0.5984078037897159,0.16824126752105195,0.028305124097090167,0.5979816646767745,0.16834953406440742,0.028341565619703073,0.5013750809137087,0.1869395660044825,0.03494640133794427,0.6942427175033576,0.18585572763255118,0.03454235149382505,0.6939099156142685,0.18599666939328405,0.03459476102539461,0.5287182690078174,0.22761262142408425,0.0518075054315435,0.401475310249067,0.03999701229602487,0.0015997609926083646,0.5440643413656301,0.04299927513372219,0.0018489376620255396,0.09641842543652861,0.01706034795917049,0.0002910554724879727,4.96360502243042,2.9166556303487488,8.506880066045056
0.5,1.0,0.25,0.75,0.2662918194026645,0.013427183273707819,0.00018028925066573904,0.26702176116605736,0.013523407737266317,0.00018288255682835446,0.8253154937871304,0.1724799241107508,0.029749324221250355,0.8250656861684279,0.17264919447854196,0.029807744354089408,0.8231122964424614,0.1979514289432906,0.03918476822069063,0.9461453395142371,0.11353559316672043,0.012890330915719055,0.9460825612735491,0.11366794131876878,0.012920400883647064,0.9132839362960563,0.18281351401914586,0.03342078090802844,0.5569733292065076,0.15103458890306554,0.022811447045118005,0.5565166993609092,0.15108917239574643,0.022827938015231586,0.4450353121097512,0.12716500172399267,0.01617093766346306,0.617373828154825,0.2034729200110758,0.041401229177833655,0.6169786260635914,0.20359350816240135,0.04145031656587378,0.4321840014117426,0.2095149551959978,0.043896516450780965,0.4673435737221209,0.14502805989270584,0.021033138156242276,0.6064670382202737,0.13362475788350234,0.01785557591942462,0.08057735369366523,0.036221830100975023,0.0013120209758639002,10.277304363250732,4.556957791126972,20.765864310112807
0.5,1.0,0.25,1.0,0.2468816190360485,0.014431701272697212,0.00020827400162437033,0.24714233558098733,0.014355764168584797,0.00020608796486402313,0.759560583663787,0.11325942512571596,0.012827697379807662,0.7591830560145196,0.11333466063604716,0.01284474530148798,0.7588693169058038,0.1551882008000169,0.024083377667546372,0.9364372402940141,0.13483289090126388,0.018179908468792128,0.9363630272451827,0.13499010928652008,0.018222329605186632,0.906404800222985,0.19731612452706238,0.03893365299837919,0.5366289649560784,0.07445875616011238,0.0055441063689110745,0.5361240530545932,0.07453866612739003,0.005556012748050522,0.4677266728835737,0.1124900870005446,0.012654019673390091,0.695854871779175,0.18141074746120855,0.032909859294434386,0.6955240637389772,0.18154679141748387,0.03295923747398339,0.5312414302665355,0.22158735699354412,0.04910095677938437,0.512564061067055,0.12389732544360428,0.015350547252078394,0.60801554239427,0.11091309914451926,0.01230171556184196,0.06418538924417086,0.033756220657668264,0.0011394824330891898,8.947531414031982,2.9316454563284196,8.594545081611066
0.5,1.0,0.5,0.0,0.2613023141744675,0.013338284694512372,0.000177909838591863,0.2620965654108765,0.012727370763139118,0.0001619859665424084,0.7331314406720191,0.16922008476774314,0.028635437088802174,0.732770757434173,0.16936759808215512,0.028685383280118437,0.7217564193924958,0.20443280983727766,0.04179277373796453,0.8872395223265774,0.1456542702876699,0.021215166453033597,0.8871067325736292,0.14582583791368767,0.02126517500322911,0.8161116693744876,0.23761193237230352,0.056459430405700145,0.609371679814447,0.16606660233925807,0.02757811641250528,0.6089840076378985,0.16618327541565714,0.027616881027876156,0.5479200256707132,0.20566662385409246,0.04229876016754076,0.7514648157903852,0.2271417856078635,0.05159339076912862,0.7511996143230322,0.22733784178913316,0.051682494309340944,0.6224051348568443,0.3023412319986794,0.09141022056647928,0.43793282999218947,0.05084207939219894,0.00258491703692266,0.5820641943684925,0.05157590227395088,0.002660073695372132,0.0807289237121991,0.02218559099240461,0.0004922004476822647,8.50422637462616,4.453998734243618,19.838104724643753
0.5,1.0,0.5,0.25,0.26836366261469524,0.016187091560857573,0.0002620219331995865,0.2692415785021055,0.015628696917233172,0.0002442561673307337,0.8252659401613627,0.13239842014573722,0.017529341657087152,0.8250038526482273,0.1325237655486397,0.01756254843519082,0.8188741382949578,0.17189505297518415,0.029547909237341366,0.9444616206136048,0.1171524215434765,0.013724689873500418,0.9443964312823928,0.11728996636195685,0.013756936209188969,0.9097985352235147,0.19033875384714727,0.03622884121608492,0.6065208130534141,0.10291634654964568,0.010591774387126766,0.6061014794299151,0.10296986770243637,0.010602793654657248,0.5013536731667949,0.1402531409144697,0.019670943536374094,0.6942427175033575,0.18585572763255118,0.03454235149382505,0.6939099156142685,0.18599666939328402,0.0345947610253946,0.5287182690078174,0.22761262142408428,0.051807505431543506,0.4182417773149353,0.04151238399098643,0.0017232780246151068,0.5624246260489388,0.04172262987662998,0.0017407778438222566,0.08926690421940126,0.01805361340155115,0.00032593295685266727,8.902713322639466,5.721284482833901,32.73309613351598
0.5,1.0,0.5,0.5,0.26030793376749906,0.012997870411810997,0.00016894463524223178,0.2611870851201942,0.012507191230147907,0.0001564298324674887,0.7711905789542219,0.16246219422200578,0.026393964551428725,0.7708672996098851,0.16260934289922097,0.026441798398116424,0.7664638256699949,0.19383526312160787,0.03757210922942295,0.9175342903707234,0.1328614581118632,0.017652167051610382,0.9174377119191673,0.13301709800837552,0.01769354836256978,0.8664405033715429,0.21526033712027012,0.04633701273713234,0.5427151215318394,0.20701498708654528,0.04285520487844251,0.5422615180655845,0.2071278283122188,0.04290193726133598,0.45122805804439015,0.20844820143228682,0.043450652680355216,0.6459848772983386,0.23605852666128235,0.055723628009495346,0.6456234754179733,0.23622649837539966,0.055802958534702705,0.47902743433625616,0.2760160760267515,0.07618487422520545,0.4280873036535624,0.0475584104791921,0.0022618024073073287,0.5719902034795094,0.04783261987968845,0.0022879595245547664,0.08503683498733787,0.020690107679963834,0.0004280805558084984,10.359027004241943,4.053524416823616,16.431060197785236
0.5,1.0,0.5,0.75,0.26855399023842585,0.01214330615858797,0.00014745988446120053,0.26951791429989397,0.011818741797037501,0.00013968265766504124,0.8997334321280663,0.03412293339145657,0.0011643745832377818,0.8995498606369514,0.03418540233422499,0.0011686417327528356,0.9111685881459873,0.02929825342308058,0.0008583876536430529,1.0,0.0,0.0,1.0,0.0,0.0,1.0,0.0,0.0,0.6260405789390577,0.0022993294416712527,5.286915881336234e-06,0.6256067975177908,0.0023020062324695576,5.299232694328687e-06,0.5044969147826539,0.003325431554350436,1.1058495022669557e-05,0.7138895085648629,5.233641528945917e-17,2.7391003653507353e-33,0.713551506456182,5.233641528945917e-17,2.7391003653507353e-33,0.531565670754865,0.0,0.0,0.3985507246376811,0.0,0.0,0.5429501978250899,0.000751075801035093,5.641148589005066e-07,0.09778024231531239,0.00012040781387014359,1.4498041640987142e-08,10.306158065795898,6.077748771126506,36.93903012492976
0.5,1.0,0.5,1.0,0.23673937850159396,0.0179988117865517,0.00032395722572771233,0.23699527311550989,0.017763058016636097,0.00031552623010237997,0.7115623354913526,0.17334723758040105,0.030049264776756006,0.7111472582452923,0.17348115781205029,0.030095712115809494,0.7137288107103608,0.2037163807997736,0.041500363806158375,0.9106935596540378,0.14477534931917785,0.020959901770489966,0.9105892659645388,0.14494429715480667,0.021008849277700893,0.8637015814415092,0.21963174715003173,0.04823810435617547,0.4818885180185206,0.1471239889761958,0.02164546813226778,0.4813603126108732,0.14719411340737243,0.021666107021782413,0.4222150713717035,0.14365108618489095,0.020635634562098968,0.6472685063525886,0.23357492240787284,0.054557244377843817,0.6469087053114098,0.23374000696065453,0.05463439085396683,0.4810258492753844,0.27249109675417943,0.07425139781029556,0.5625721048250989,0.14218582758521273,0.020216809566091842,0.6539578823746532,0.12143791786872177,0.014747167896290412,0.050879285514494374,0.023705716327694016,0.0005619609866090986,10.418673515319824,5.5702493191715305,31.027677477730904
0.5,1.0,0.75,0.0,0.25495346273108116,0.01687670177624624,0.00028482306284435295,0.2536906280784495,0.01691809776937319,0.0002862220321340701,0.7170177644993107,0.13242743703602872,0.017537026079931354,0.7165977605239513,0.13251777125606287,0.017560959698674203,0.7150754713105048,0.17405538178750368,0.03029527592919367,0.9150994358960824,0.13682919441451724,0.018722228444125757,0.9149995769563262,0.13699017794263788,0.01876630885275559,0.8627972376295634,0.22113063784753828,0.04889875899485913,0.5167176710778585,0.07745040885818356,0.0059985658322997985,0.5162149556541182,0.07751058157432475,0.006007890255990051,0.4555958510751041,0.12626479973359359,0.015942799651764497,0.7216802824830123,0.20801072703466522,0.04326846256149,0.7213803110389393,0.20818264705231806,0.04334001453371004,0.5751503044042667,0.2714049483813951,0.07366064600590774,0.6161892043251627,0.07353447002182698,0.005407318281390971,0.7587253252402855,0.061973588493716696,0.0038407256707885342,0.03815107631279431,0.014292237987115588,0.00020426806668034982,6.526070857048035,4.1984919780050065,17.62733488937239
0.5,1.0,0.75,0.25,0.25587029002575223,0.012456290987785008,0.000155159185172374,0.25428189844148674,0.012052723309009916,0.00014526813916355096,0.7498081973950774,0.13031778137100672,0.016982724141461503,0.7494187779571597,0.13041687515857014,0.017008561326126072,0.7599601442268732,0.1582229591445943,0.025034504800471962,0.9444616206136048,0.11715242154347649,0.013724689873500414,0.9443964312823928,0.11728996636195684,0.013756936209188966,0.9097985352235147,0.1903387538471473,0.036228841216084925,0.48964583316599447,0.12163891140030995,0.014796024766652455,0.489103016162537,0.1216961805819271,0.01480996036822901,0.4255204889211723,0.13380501527183616,0.01790378211189631,0.6942427175033576,0.18585572763255118,0.03454235149382505,0.6939099156142685,0.185996669393284,0.03459476102539459,0.5287182690078174,0.22761262142408425,0.0518075054315435,0.601649937535002,0.05864896457771536,0.003439701046038111,0.7473267482957517,0.051227343511784595,0.002624240723274379,0.04127349260995133,0.010958480033036943,0.00012008828463446933,8.555660247802734,5.640663352946549,31.81708306127421
0.5,1.0,0.75,0.5,0.2537858689871434,0.012867174668259679,0.00016556418394350357,0.25242455582628004,0.012393281050171998,0.0001535934151885523,0.7150376196678339,0.15139288401463946,0.022919805330270077,0.7146210261378934,0.15150493328466746,0.02295374480959154,0.7188449460355353,0.18336341413116783,0.03362214164183815,0.9158505714700912,0.1355709223167501,0.018379474977814295,0.9157515819280109,0.13573044135803944,0.018422752711248182,0.8629551022990013,0.22086705261551118,0.04878225493106299,0.4991779000903562,0.12750229429192342,0.016256835049704245,0.49866157097717095,0.1275812564924542,0.016276977008193385,0.4457428596722056,0.15045437698112707,0.022636519552779098,0.7228537666468713,0.20970793486662379,0.043977417946024125,0.7225547649686503,0.20988169232309642,0.04405032477240691,0.5755617019323308,0.27211575132502314,0.07404698211918184,0.6161892043251627,0.07353447002182698,0.00540731828139097,0.7585012245684316,0.0620187228152408,0.0038463219796336695,0.03815017450602443,0.014291883559580538,0.00020425793568060847,8.399865102767944,6.820884835401165,46.52446993780557
0.5,1.0,0.75,0.75,0.2525499298973398,0.013878951722538913,0.00019262530091656587,0.25085310313671877,0.013269030212886376,0.00017606716279049148,0.7687695951704546,0.11320694715455865,0.012815812884055035,0.7683843077388087,0.11330211669079893,0.012837369646615415,0.7884313137304998,0.12862345493875812,0.01654399316038274,0.9730726697571186,0.0851516948750403,0.007250811140091965,0.9730412806367745,0.0852509559890766,0.007267725497051476,0.9566419681480282,0.1371101355143594,0.018799189260766,0.48409410358037264,0.10302303806413375,0.010613746371963953,0.48352868926760817,0.10304072370880461,0.010617390742434209,0.4115989821921689,0.09156955641072496,0.008384983661256942,0.665631668359844,0.1526046900083069,0.02328819141253144,0.6652650662598868,0.15269513112180105,0.023315803068304015,0.48187483608330384,0.15713621639699835,0.024691790503564293,0.611661568948434,0.04597719856575316,0.0021139027879546945,0.7583020155614426,0.035748642102964995,0.0012779654122058815,0.04006917327262793,0.009914690904022694,9.830109572231033e-05,10.526721143722535,4.7186992028213,22.266122166706374
0.5,1.0,0.75,1.0,0.22916246811160917,0.013281269789596793,0.00017639212722405645,0.2268274568745044,0.012464109633897984,0.00015535402896582853,0.6998916954482718,0.10837916831434699,0.011746044124509556,0.6993852789562544,0.108442768444939,0.011759834028002658,0.7308039553093236,0.12717926662000534,0.016174565858002407,0.9730726697571186,0.0851516948750403,0.007250811140091966,0.9730412806367745,0.08525095598907657,0.007267725497051472,0.9566419681480282,0.1371101355143594,0.018799189260766,0.3814188396570475,0.10317703213971045,0.010645499961158843,0.38073803764593395,0.10318188461930236,0.010646501313591024,0.3516882689380251,0.09249857089154302,0.008555985616977811,0.665631668359844,0.1526046900083069,0.02328819141253144,0.6652650662598868,0.152695131121801,0.023315803068304,0.48187483608330384,0.15713621639699835,0.024691790503564293,0.7562065059071047,0.026748941960101504,0.0007155058959848789,0.8239254814692435,0.021234151186645126,0.0004508891766173026,0.01372189576404296,0.0026877711955584052,7.224113999673459e-06,9.972872495651245,4.4053347974410935,19.406974677545364
0.5,1.0,1.0,0.0,0.21069158852261044,0.010853677981160277,0.00011780232571872344,0.20989446959736552,0.011374965484867912,0.0001293898397819363,0.6742820547411672,0.03556981256448354,0.0012652115658724913,0.6736857654351392,0.03563494580783341,0.001269849362727224,0.7086615302560617,0.04012840540758056,0.0016102889205551409,1.0,0.0,0.0,1.0,0.0,0.0,1.0,0.0,0.0,0.45188831632175264,0.002303054430088396,5.304059707949787e-06,0.45125259305433885,0.0023056995446518137,5.316250390207582e-06,0.38283091526280577,0.0031796897961085062,1.0110427199476555e-05,0.7138895085648629,7.401486830834377e-17,5.4782007307014706e-33,0.7135515064561819,8.275113844157577e-17,6.847750913376839e-33,0.531565670754865,0.0,0.0,0.7464124839124839,0.002814983331123704,7.924131154504304e-06,0.8166765286662425,0.0011260335479333769,1.2679515510714287e-06,0.01432174831150598,0.0002105648800901766,4.433756872739045e-08,4.5121862411499025,1.6065627715031185,2.5810439387797817
0.5,1.0,1.0,0.25,0.2130811440585024,0.015437180728400647,0.00023830654884130433,0.21263922503673735,0.015741950122869518,0.00024780899367091164,0.6275643247919075,0.10952794704488157,0.011996371183866381,0.6269621554041747,0.10957027936705532,0.012005646120574549,0.6431435186309977,0.1329511065436852,0.017675996731190333,0.9444616206136048,0.1171524215434765,0.01372468987350042,0.9443964312823928,0.11728996636195682,0.013756936209188962,0.9097985352235147,0.1903387538471473,0.036228841216084925,0.42814654376018846,0.10186128788399365,0.010375721969385833,0.4275364019685732,0.10189495817743716,0.010382582501981668,0.3678427502400708,0.10170358960206669,0.010343620137945608,0.6942427175033575,0.1858557276325512,0.034542351493825056,0.6939099156142685,0.18599666939328405,0.034594761025394605,0.5287182690078174,0.22761262142408428,0.051807505431543506,0.7291982637042518,0.08543849862361041,0.007299737047056679,0.8011361581739038,0.07371330872388336,0.005433651883022539,0.01891491411301054,0.017365926852727424,0.00030157541545427943,9.351239728927613,3.3526822395784572,11.240478199584821
0.5,1.0,1.0,0.5,0.21077086054437727,0.010810121701297458,0.00011685873119686227,0.20997463691119198,0.011329148800643531,0.00012834961254712277,0.6742820547411672,0.035569812564483556,0.0012652115658724921,0.6736857654351392,0.03563494580783344,0.0012698493627272263,0.7086615302560617,0.040128405407580524,0.001610288920555138,1.0,0.0,0.0,1.0,0.0,0.0,1.0,0.0,0.0,0.45188831632175264,0.00230305443008842,5.304059707949897e-06,0.45125259305433885,0.0023056995446518107,5.316250390207567e-06,0.38283091526280577,0.0031796897961085097,1.0110427199476577e-05,0.7138895085648629,6.409875621278546e-17,4.108650548026103e-33,0.7135515064561819,9.064933036736789e-17,8.217301096052206e-33,0.531565670754865,0.0,0.0,0.7464124839124839,0.0028149833311237153,7.924131154504369e-06,0.8166765286662425,0.0011260335479333756,1.2679515510714257e-06,0.01432174831150598,0.00021056488009017673,4.43375687273905e-08,8.834525680541992,3.999718635344451,15.997749161921677
0.5,1.0,1.0,0.75,0.20907982706497147,0.01273581022846086,0.00016220086217536825,0.20868236667756515,0.012956582502107282,0.0001678730301339126,0.5907245381585816,0.13485700747448356,0.018186412464972917,0.5901030093410229,0.1349025546031075,0.0181986992384444,0.6029711661610139,0.16019329764010337,0.02566189260881075,0.9158505714700912,0.1355709223167501,0.018379474977814295,0.9157515819280111,0.13573044135803944,0.018422752711248182,0.8629551022990013,0.22086705261551118,0.04878225493106298,0.43916385960073445,0.09484760195076346,0.008996067595810467,0.43858475613412445,0.09489674342218048,0.009005391912135154,0.38737097629244555,0.09514821274610277,0.009053182388777635,0.7228537666468713,0.20970793486662379,0.043977417946024125,0.7225547649686503,0.20988169232309645,0.044050324772406925,0.5755617019323308,0.27211575132502314,0.07404698211918183,0.7622767495896239,0.03385724471583766,0.0011463130197481174,0.8292344650391279,0.0267024773359789,0.0007130222958784668,0.01281395605429426,0.0033200686074675006,1.1022855558291189e-05,8.622380924224853,4.607102300883564,21.225391610806625
0.5,1.0,1.0,1.0,0.1878381850822086,0.011617940133192799,0.00013497653293845192,0.1880834395127456,0.011739021386238058,0.0001378046231065545,0.5780806010334738,0.08240767648942869,0.006791025144386339,0.5773549112745758,0.08241904377644775,0.00679289877702401,0.6018594995454755,0.10263063232522095,0.010533046691474686,0.9713889508564864,0.09047608154051305,0.008185921330925565,0.9713551506456183,0.09058296719225016,0.008205273945352268,0.9531565670754866,0.14813194146278497,0.021943072081533954,0.3942539211129084,0.031647722937896895,0.0010015783671538851,0.39357348949802123,0.03174389774310542,0.0010076750439247332,0.3431785430276026,0.03344165663240934,0.0011183443983199678,0.7425005577083765,0.09047608154051306,0.008185921330925569,0.7421963558105638,0.09058296719225017,0.008205273945352271,0.5784091036793786,0.14813194146278497,0.021943072081533954,0.9913654833190761,0.0009298827593522748,8.646819461406005e-07,0.9962321428571428,0.0006211616832473391,3.8584183673466763e-07,5.570203670844296e-06,1.2523247012155826e-06,1.5683171572746984e-12,7.254190731048584,3.116605073846626,9.713227186326533
0.8,0.0,0.0,0.0,0.30639266050530156,0.01543442027086573,0.00023822132909771096,0.304035887166541,0.017060748383120748,0.00029106913539215715,0.9195956423211318,0.1294633154622055,0.01676075005046654,0.9195025108324465,0.12961327140548,0.016799600124430623,0.8701798114177816,0.2090303624451431,0.04369369242394789,0.914166852569459,0.13820449741413263,0.01910048310549299,0.9140654519368546,0.13836776794406266,0.019145639205821973,0.8594697012264595,0.2262752781979932,0.05120050152357922,0.8123898320826408,0.1294633154622055,0.01676075005046654,0.8121725252757086,0.12961327140548,0.016799600124430623,0.6970862266414903,0.2090303624451431,0.04369369242394789,0.7997226559954039,0.13820449741413265,0.019100483105493,0.7994860545193274,0.13836776794406266,0.019145639205821977,0.6720959695284054,0.2262752781979932,0.05120050152357922,0.23177655677655676,0.13580136328083509,0.018442010268933343,0.32439625253996507,0.18935822832828622,0.03585653863562738,0.3132427868053173,0.16656953246791778,0.02774540914658071,1.8455843210220337,0.35700026278808245,0.12744918763075994
0.8,0.0,0.0,0.25,0.3125020608400307,0.01654407328408496,0.00027370636082917375,0.3108186513123446,0.018318542731523738,0.0003355690078066611,0.8670143583903862,0.14017917452841339,0.019650200971467382,0.8668605739082332,0.14034127760587764,0.01969567420005001,0.7858528655296906,0.2257308997748444,0.050954439113160846,0.865363348785593,0.14191949145840055,0.020141142055811023,0.8652064031838727,0.14208492664846098,0.020188126380698536,0.7832098407401411,0.2285168925239323,0.05221997016879443,0.5017509963064057,0.242688448895943,0.058897683227518725,0.5013084161375685,0.24282773866049512,0.058965310662969714,0.33130520463196117,0.24872455740729899,0.061863905457456764,0.4726003075397681,0.2543411500138448,0.06468942059036509,0.4721193054747056,0.2544918852030017,0.0647661196341778,0.28311149739705904,0.26189369399499723,0.06858830695434524,0.1474358974358974,0.0,0.0,0.20679361996727258,0.0,0.0,0.37757006639397406,0.0412384494640291,0.001700609714197282,2.816934061050415,0.6306029304336296,0.39766005587148107
0.8,0.0,0.0,0.5,0.30936304363876366,0.01620981512528773,0.0002627581063960069,0.30734295220554037,0.017948433009441093,0.00032214624749439465,0.8936114867123089,0.1373469800636646,0.018864192932608683,0.8934884591265867,0.13750580799387352,0.01890784723204801,0.8286822924237525,0.22117020945107957,0.04891626154863441,0.8922906790284741,0.1390521354513428,0.019335496373578582,0.8921651225470981,0.13921422817180218,0.019380601325470596,0.8265678725921128,0.22389991371602325,0.050131171362042655,0.5477978919258791,0.2377851465050287,0.05654177589841796,0.5473817401316858,0.23792162204484676,0.05660669823645091,0.3784973713174233,0.24369930085898583,0.05938934923915849,0.520858147744787,0.24920241525063613,0.06210184376675048,0.520405745671001,0.24935010497052265,0.06217547484881067,0.33280233206862025,0.25660236685613685,0.06584477467617143,0.1474358974358974,0.0,0.0,0.20679361996727258,0.0,0.0,0.38539451204277897,0.0404052635881687,0.0016325853256293915,3.505494737625122,1.206064914470546,1.4545925779168454
0.8,0.0,0.0,0.75,0.2981027311039946,0.01933975444936425,0.0003740261021617044,0.2975267995137692,0.01982946186024542,0.0003932075576669277,0.8413861568192115,0.1335928180816878,0.017847041043006932,0.8411805379262786,0.13372737354852696,0.017883010436187268,0.7948584725023311,0.20784478281550056,0.04319945374362259,0.8872395223265774,0.14565427028766992,0.0212151664530336,0.8871067325736292,0.14582583791368767,0.02126517500322911,0.8161116693744876,0.23761193237230352,0.056459430405700145,0.7296792752875423,0.18339765445048534,0.03363469965793962,0.7294040789780809,0.18354692523268515,0.03368947376237291,0.6298225460037126,0.2605632900223481,0.06789322810727029,0.7514648157903852,0.2271417856078635,0.05159339076912862,0.7511996143230321,0.22733784178913316,0.051682494309340944,0.6224051348568442,0.3023412319986794,0.0914102205664793,0.23177655677655676,0.13580136328083509,0.018442010268933343,0.32194721202831683,0.1742744873980865,0.0303715969578658,0.2866371851261983,0.14748679893050767,0.021752355858768,3.628048467636108,1.6717142827647322,2.7946286431996032
0.8,0.0,0.0,1.0,0.2808282986183327,0.025864550179346225,0.000668974955979919,0.28204999168666123,0.024760706170769167,0.0006130925700751663,0.723950611992907,0.13644301761876138,0.018616697056913628,0.7236000721496854,0.13655564362446335,0.01864744380569144,0.6647769996705507,0.18244285964819548,0.03328539703661116,0.8333848618408146,0.1435641287185632,0.02061065905472018,0.8331892938471782,0.14373272510696983,0.020659096266675756,0.7293956056705442,0.23333344237256548,0.05444449532943134,0.5820815691032298,0.23502826826607973,0.05523828688415233,0.5817135539151476,0.23518516054598815,0.05531205974104222,0.4941611786492306,0.28943555068271626,0.08377293799900722,0.6549491353803472,0.3178895172142552,0.10105374515471223,0.6546267339304416,0.3181388624550232,0.10121233580417618,0.5230234655137219,0.3941680669248038,0.1553684649832366,0.2198177324683348,0.12273599486284395,0.015064124434972055,0.30890659419201755,0.14107573442209187,0.0199023628427326,0.2735098429631988,0.11938901265294628,0.014253736342245367,3.6730475187301637,1.230051613318158,1.5130269714266036
0.8,0.0,0.25,0.0,0.3025756579880338,0.012201743647391955,0.00014888254803666992,0.299869936474379,0.013986477871769659,0.00019562156325750234,0.8917969287342732,0.1436641017038984,0.020639374118388062,0.8916629801657441,0.14382299430709544,0.020685053691458805,0.8575186840111216,0.21015596781973828,0.044165530810250875,0.9175342903707234,0.13286145811186323,0.017652167051610386,0.9174377119191673,0.13301709800837552,0.017693548362569783,0.8664405033715429,0.21526033712027012,0.046337012737132345,0.6701214044353089,0.217741313437507,0.04741127957749067,0.669792889382341,0.21788921204184297,0.047475708724215214,0.5216875410956139,0.24975543588037546,0.06237777775179634,0.6459848772983386,0.23605852666128235,0.055723628009495346,0.6456234754179733,0.23622649837539966,0.055802958534702705,0.47902743433625616,0.27601607602675143,0.07618487422520544,0.21657509157509153,0.08330956961909053,0.006940484390118091,0.2977559581659074,0.11522236659843103,0.013276193764543236,0.3056915148387035,0.11138897355196227,0.01240750342895975,2.220772886276245,0.5570002005086448,0.31024922336667055
0.8,0.0,0.25,0.25,0.30258191539662393,0.012210438482515755,0.00014909480793530165,0.2998762955065881,0.013995657445922306,0.00019587842734360047,0.8917969287342732,0.1436641017038984,0.020639374118388062,0.8916629801657441,0.14382299430709544,0.020685053691458805,0.8575186840111216,0.21015596781973825,0.04416553081025086,0.9175342903707234,0.13286145811186323,0.01765216705161039,0.9174377119191673,0.13301709800837552,0.017693548362569783,0.8664405033715429,0.21526033712027012,0.046337012737132345,0.6701214044353089,0.21774131343750702,0.04741127957749068,0.669792889382341,0.21788921204184297,0.04747570872421521,0.5216875410956139,0.24975543588037544,0.06237777775179633,0.6459848772983386,0.23605852666128235,0.055723628009495346,0.6456234754179733,0.23622649837539966,0.055802958534702705,0.47902743433625616,0.27601607602675143,0.07618487422520542,0.21657509157509153,0.08330956961909053,0.006940484390118091,0.2977559581659074,0.11522236659843105,0.013276193764543238,0.3056915148387035,0.11138897355196226,0.012407503428959748,3.288843297958374,1.1724635000836172,1.3746706590283262
0.8,0.0,0.25,0.5,0.30784884179045535,0.014115243956190106,0.00019924011194276132,0.30591651747259335,0.01602968806322976,0.00025695089940445064,0.8351644261215488,0.15503051195869097,0.024034459638173824,0.8349678595725679,0.15520197083394432,0.024087651750740503,0.7712476885736563,0.22859672419500274,0.052256462312686144,0.8619959109843283,0.14559894496367448,0.021199052774535113,0.8618341432015602,0.14576968286006656,0.02124880044112438,0.7762390385950576,0.23620787477817967,0.055794160107224204,0.6525845471282036,0.2729123875441406,0.0744811712750432,0.6522625115619262,0.27310940441982784,0.07458874678255309,0.5205188665484288,0.32404343778950984,0.10500414957444394,0.6263380862368335,0.295467925215025,0.08730129483087162,0.6259818845760597,0.2956903756360114,0.08743279824376553,0.4761800325892084,0.3572953132117025,0.1276599408430486,0.251098901098901,0.10211231824229457,0.010426925536815644,0.34463738661113136,0.14304022592402207,0.020460506232395276,0.2575980950240062,0.1280699944612487,0.01640192348130427,3.1428091287612916,0.9095961811188209,0.8273652127059428
0.8,0.0,0.25,0.75,0.29894016153854736,0.017916418696534812,0.00032099805890954214,0.2982346519331667,0.01865868904901416,0.0003481466770278009,0.7948885016759395,0.13577805368167953,0.018435679861585046,0.7946267147119064,0.13590684960583083,0.018470671769781916,0.7453906898829745,0.20957171715739914,0.0439203046323009,0.8619959109843283,0.14559894496367445,0.021199052774535106,0.8618341432015602,0.14576968286006653,0.021248800441124375,0.7762390385950576,0.23620787477817967,0.055794160107224204,0.6189838470035152,0.2423773117453956,0.058746761248924674,0.6186302341101235,0.24254588261734894,0.058828505174628815,0.5022315160925939,0.3049106692611261,0.09297051622926783,0.6263380862368335,0.295467925215025,0.08730129483087161,0.6259818845760597,0.2956903756360114,0.08743279824376554,0.4761800325892084,0.35729531321170255,0.12765994084304863,0.251098901098901,0.10211231824229458,0.010426925536815646,0.3431766451437239,0.13070622486075417,0.017084117217350033,0.2438272161863099,0.11350101410300037,0.01288248020240949,4.144900560379028,2.0021064925036582,4.0084304073253
0.8,0.0,0.25,1.0,0.255173760343524,0.02726514869374755,0.0007433883332921637,0.2572747222948156,0.026019841604747296,0.0006770321571361382,0.7498536335967547,0.12644664173140766,0.015988753205150967,0.7494825462638316,0.1265463776847058,0.01601398570512021,0.7348687611862628,0.16516524217853795,0.02727955722389509,0.9158505714700912,0.1355709223167501,0.018379474977814295,0.9157515819280109,0.13573044135803944,0.018422752711248186,0.8629551022990013,0.22086705261551115,0.048782254931062974,0.6187128617848981,0.18192336200820408,0.03309610964436807,0.6183203373205705,0.1820813147132042,0.03315360516768892,0.5275934347372677,0.2014062551004949,0.040564479593605623,0.7228537666468713,0.20970793486662379,0.043977417946024125,0.7225547649686503,0.20988169232309642,0.04405032477240691,0.5755617019323308,0.27211575132502314,0.07404698211918184,0.2253707136237256,0.09364768662199319,0.00876988920965104,0.3293543105581769,0.09823494929075675,0.009650105262157552,0.25197567308797353,0.08557492568504274,0.007323067906000587,4.971348857879638,3.485609160006177,12.149471216318966
0.8,0.0,0.5,0.0,0.2849849572938202,0.0009340570950371025,8.724626567891507e-07,0.27955849244413095,0.002867781852816241,8.224172755342153e-06,0.805601274540957,0.15582774833000848,0.02428228714960046,0.8053331575758593,0.15597162693583036,0.024327148409009843,0.7845110451888524,0.1989640174017518,0.03958668022064459,0.9192180092713557,0.13007136243955184,0.016918559326881258,0.9191238419103236,0.13022298629576412,0.016958026159786768,0.8699259044440847,0.20943919151340162,0.043864774941787324,0.6128229771829703,0.1938250837986413,0.03756816310955032,0.6124522720907459,0.19392355321438792,0.03760634449129355,0.4583036896576866,0.18111295212091505,0.032801901425952865,0.569115987949806,0.23310751445611244,0.054339113295906676,0.5686921858672962,0.23324566553895346,0.054403540492709346,0.3824931667401814,0.24002953535273533,0.057614177841650016,0.4064102564102564,0.08670054463532141,0.007516984440061361,0.5056733524737186,0.08759620116761631,0.007673094458997504,0.15201670543291346,0.06796517421170574,0.00461926490562751,2.975561189651489,1.0161281365692758,1.032516389927749
0.8,0.0,0.5,0.25,0.29362419146264207,0.018538673297962792,0.0003436824076485986,0.28974724945438657,0.02073961309232849,0.0004301315512194833,0.7715224692972869,0.14871055280902237,0.02211482851676503,0.7712280166453765,0.14884634496106544,0.022155234408268495,0.7163483648906148,0.20376214407071555,0.04151901135629504,0.8619959109843283,0.14559894496367448,0.02119905277453511,0.8618341432015602,0.14576968286006656,0.02124880044112438,0.7762390385950576,0.2362078747781797,0.05579416010722422,0.6661830190704804,0.253962260293337,0.06449682965330067,0.6658742239332589,0.25414211362120587,0.06458821391585393,0.5441465858164458,0.29497505467866425,0.08701028288268098,0.6263380862368335,0.295467925215025,0.08730129483087162,0.6259818845760597,0.2956903756360114,0.08743279824376554,0.4761800325892084,0.3572953132117025,0.1276599408430486,0.4216117216117216,0.08200639070822169,0.0067250481169895075,0.5351796429007905,0.08930499008588837,0.00797538125424062,0.12754340804633338,0.07060888380755947,0.0049856144725494355,3.2045954704284667,1.2773786897304014,1.6316963169773568
0.8,0.0,0.5,0.5,0.28514986667861,0.0007347227651645525,5.398175416510463e-07,0.27893923569418966,0.002594183716024671,6.72978915248757e-06,0.837860683234679,0.13601760992319853,0.018500790209219395,0.8376223519707626,0.13614319746644873,0.018534970216388454,0.8257005099760549,0.17367003244115023,0.030161280168110174,0.9461453395142371,0.11353559316672043,0.012890330915719056,0.9460825612735491,0.11366794131876877,0.012920400883647062,0.9132839362960563,0.18281351401914583,0.033420780908028434,0.6529485816427967,0.16918440344541574,0.028623362369181202,0.652598261656309,0.16927035459804374,0.02865245294574747,0.4957976328405259,0.15808834522495352,0.024991924895964083,0.617373828154825,0.20347292001107584,0.04140122917783366,0.6169786260635914,0.20359350816240132,0.04145031656587377,0.4321840014117426,0.2095149551959978,0.043896516450780965,0.3884615384615385,0.07567843973052531,0.005727226240046752,0.4875392160072196,0.0764602328459392,0.00584616720685524,0.16608683322037382,0.059324867704000396,0.003519439928097149,4.600687456130982,3.5892188066589523,12.882491642074314
0.8,0.0,0.5,0.75,0.27886665526653365,0.014498996758373088,0.0002102209069993133,0.2753598447048202,0.016462659512320562,0.00027101915821859865,0.7747719821352248,0.116115390219614,0.013482783845853231,0.7744405453362347,0.11619693892235783,0.013501728614926156,0.7610548868247731,0.171559081392379,0.029432518408196922,0.9175342903707234,0.1328614581118632,0.01765216705161038,0.9174377119191673,0.13301709800837558,0.017693548362569794,0.8664405033715429,0.21526033712027015,0.04633701273713236,0.651653285104463,0.1808854355883502,0.032719540807987196,0.6513053933534014,0.18099830311315285,0.03276038572984075,0.5232576745527199,0.2109980634878266,0.0445201827956129,0.6459848772983386,0.23605852666128235,0.055723628009495346,0.6456234754179733,0.23622649837539964,0.05580295853470269,0.47902743433625616,0.27601607602675143,0.07618487422520542,0.3960622710622711,0.07548914725557081,0.0056986113533732535,0.5086965951810856,0.07418388747395781,0.005503249160748834,0.13807986612205586,0.05405113989040585,0.0029215257234522225,6.169294238090515,2.33443093080692,5.4495677707080645
0.8,0.0,0.5,1.0,0.23614100760844767,0.024142865962063918,0.0005828779768621846,0.23645211584396328,0.023504492721369622,0.0005524611780889175,0.7219738828618497,0.08368080943991307,0.007002477868519045,0.7214977270704603,0.08375385153570745,0.007014707647065325,0.730167954125075,0.10249809655206213,0.01050585979679585,0.9730726697571186,0.08515169487504033,0.0072508111400919695,0.9730412806367745,0.08525095598907657,0.007267725497051472,0.9566419681480282,0.13711013551435938,0.018799189260765996,0.5924668481050198,0.17568516068709758,0.0308652756856513,0.5920228897061173,0.1758333007954247,0.0309173496686143,0.46882329323193667,0.13513092388328604,0.018260366589550443,0.665631668359844,0.15260469000830684,0.02328819141253143,0.6652650662598868,0.15269513112180103,0.023315803068304008,0.48187483608330384,0.15713621639699835,0.024691790503564296,0.36730769230769234,0.046623324476841484,0.0021737343852728463,0.5231847904955794,0.032411748913416444,0.0010505214676263521,0.1379330188989526,0.02697739689218105,0.0007277799430782597,4.7559655666351315,2.4291927241450355,5.90097729103918
0.8,0.0,0.75,0.0,0.2699477188517941,0.0104351160983753,0.00010889164798657137,0.2611597102344357,0.004564362384084877,2.083340397324899e-05,0.7545590996334509,0.15547016860813528,0.024170973327042013,0.7542086523166274,0.15559386384555532,0.024209450466389205,0.7230187891689649,0.18166452396431568,0.03300199926718143,0.9192180092713557,0.13007136243955186,0.01691855932688126,0.9191238419103236,0.13022298629576412,0.01695802615978677,0.8699259044440847,0.20943919151340162,0.043864774941787324,0.6251097519122489,0.17962884974709734,0.03226652366146527,0.6247500053270167,0.17971392411102546,0.03229709451938342,0.4876000508661088,0.14894811199943464,0.02218554006819613,0.569115987949806,0.23310751445611244,0.05433911329590667,0.5686921858672962,0.23324566553895346,0.05440354049270934,0.38249316674018147,0.24002953535273533,0.057614177841650016,0.5384615384615384,0.17693988701086008,0.03130772361541593,0.6759702093173081,0.12425198521277665,0.015438555829316069,0.08618897518829773,0.053654637490906334,0.0028788201242805718,4.616900181770324,4.490405419211956,20.1637408288881
0.8,0.0,0.75,0.25,0.28180764302484784,0.01650849395897606,0.0002725303727935491,0.27054856613751965,0.020465899950624488,0.00041885306078897147,0.839124745821828,0.03764490272578156,0.001417138701233556,0.838847326445701,0.03765650439150006,0.0014180123229870633,0.8089792094726602,0.08492935134766758,0.007212994720335563,0.9713889508564864,0.09047608154051305,0.008185921330925565,0.9713551506456183,0.09058296719225017,0.008205273945352271,0.9531565670754866,0.14813194146278494,0.021943072081533947,0.7627811624147283,0.08335020340744621,0.006947256408062658,0.7625047108254808,0.0834473385946457,0.006963458318529446,0.6220345604646138,0.13280351841760824,0.01763677450409601,0.7425005577083766,0.09047608154051305,0.008185921330925565,0.7421963558105638,0.09058296719225017,0.008205273945352271,0.5784091036793786,0.14813194146278494,0.021943072081533947,0.4285714285714285,0.0,0.0,0.5988023952095808,0.0,0.0,0.11474656397520093,0.015068591102683994,0.0002270624378198872,3.655627655982971,1.4556337377659687,2.1188695785225247
0.8,0.0,0.75,0.5,0.2727225763095535,0.00829037046016217,6.873024236672951e-05,0.26272224516928755,0.003078934041289098,9.479834830608817e-06,0.7883240025830436,0.13219397212649325,0.017475246266580077,0.7880009302743309,0.1322979514028632,0.01750274794539436,0.7611184684739061,0.1575188689380885,0.0248121940715347,0.9461453395142371,0.11353559316672045,0.01289033091571906,0.9460825612735491,0.11366794131876878,0.012920400883647064,0.9132839362960563,0.18281351401914586,0.03342078090802844,0.6651368145491908,0.1502855576596352,0.022585748841067538,0.6647968156300817,0.15035477040255865,0.022606556982806128,0.5198034277358496,0.12698647252284728,0.016125564203795847,0.6173738281548249,0.20347292001107578,0.04140122917783365,0.6169786260635914,0.20359350816240132,0.04145031656587377,0.4321840014117426,0.20951495519599778,0.04389651645078096,0.5018315018315017,0.15444579536841904,0.023853503706983567,0.6502476046147324,0.10845602428306336,0.011762709203288431,0.09729654041773979,0.04683360717857025,0.0021933867613566265,4.235754990577698,1.287541376065474,1.6577627950805742
0.8,0.0,0.75,0.75,0.26810473823181935,0.017330986602253268,0.00030036309660748227,0.2596801714627932,0.020293846308769372,0.00041184019800395233,0.7850542724289237,0.03969725548929628,0.0015758720933824635,0.7846824928890279,0.03969935046494556,0.0015760384273385735,0.7741818611360973,0.07967107559790289,0.0063474802869267575,0.9713889508564864,0.09047608154051305,0.008185921330925565,0.9713551506456183,0.09058296719225019,0.008205273945352273,0.9531565670754866,0.14813194146278497,0.021943072081533954,0.7510939231357862,0.052661782635820185,0.002773263350382372,0.7508083784515447,0.05273480669878521,0.0027809598375582415,0.6113377903660392,0.11692438170941553,0.013671311038129106,0.7425005577083765,0.09047608154051305,0.008185921330925565,0.7421963558105638,0.09058296719225017,0.008205273945352271,0.5784091036793786,0.14813194146278497,0.021943072081533954,0.4285714285714285,0.0,0.0,0.5963654087174488,0.007706427942201147,5.93890316283386e-05,0.09842061145210947,0.008584120648634602,7.368712731031495e-05,6.01147837638855,2.8694009944919583,8.23346206719144
0.8,0.0,0.75,1.0,0.2335226299185051,0.02602801738886587,0.0006774576891951042,0.2306570153680539,0.026212076434933743,0.0006870729510308087,0.6952842161437639,0.060477928157615164,0.003657579794237661,0.6947556076279924,0.060529685075159365,0.00366384277529797,0.6875468914917674,0.08090379846236775,0.00654542460563942,0.9713889508564864,0.09047608154051305,0.008185921330925565,0.9713551506456183,0.09058296719225019,0.008205273945352273,0.9531565670754866,0.14813194146278497,0.021943072081533954,0.6673839006631291,0.12151443205583247,0.014765757197851524,0.6670089900235835,0.12166117983977069,0.014801442680005026,0.5504551019912987,0.11365431524386316,0.012917303373551424,0.7425005577083765,0.09047608154051306,0.008185921330925569,0.7421963558105638,0.09058296719225019,0.008205273945352275,0.5784091036793786,0.14813194146278497,0.021943072081533954,0.42547332185886394,0.009797073645960545,9.598265202437467e-05,0.5884869429620635,0.026899540398589866,0.0007235852736553682,0.09457389717942934,0.0021127261715764914,4.463611876064259e-06,5.4335294485092165,2.281986349194867,5.207461697911717
0.8,0.0,1.0,0.0,0.2495024524056039,0.03628037873755396,0.0013162658813403575,0.24496892180837718,0.03867409013809259,0.0014956852480093104,0.7218626497700724,0.034254959590345246,0.001173402256536186,0.7213943779009149,0.034255670551605354,0.001173450964940122,0.6836809653601575,0.07886283797677533,0.0062193472137511184,0.9427779017129726,0.12063477538735073,0.014552749032756563,0.9427103012912366,0.12077728958966688,0.014587153680626257,0.9063131341509731,0.19750925528371327,0.03900990592272702,0.6502332418648276,0.13833915991245266,0.01913772316528315,0.6498308023472018,0.1385152081891675,0.01918646289968841,0.5737832863211804,0.20031790996532733,0.04012726505287699,0.7711116068518902,0.12063477538735076,0.01455274903275657,0.7708412051649456,0.12077728958966694,0.01458715368062627,0.625252536603892,0.19750925528371327,0.03900990592272702,0.5551937479648323,0.08306427805934528,0.0068996742895202304,0.6663731037832642,0.04668645432777382,0.002179625017699311,0.06981690727192648,0.009386595642957138,8.810817776438194e-05,3.1696781635284426,0.8758721796276553,0.7671520750456996
0.8,0.0,1.0,0.25,0.24018900120923775,0.02799469182276372,0.0007837027702515139,0.23670072867700842,0.029212363621656683,0.0008533621883638908,0.746142940713474,0.023779185991728024,0.0005654496864291943,0.7456972227400712,0.023752812800879014,0.000564196115953602,0.7267019927579399,0.06202543426353775,0.003847154495580443,0.9713889508564864,0.09047608154051305,0.008185921330925565,0.9713551506456183,0.09058296719225017,0.008205273945352271,0.9531565670754866,0.14813194146278494,0.021943072081533947,0.6107825010289623,0.10588896363897381,0.011212472620535917,0.6103305317325851,0.10602352011153757,0.01124098681684161,0.5118084470361444,0.15466173604354808,0.023920252596004134,0.7425005577083765,0.09047608154051305,0.008185921330925565,0.7421963558105638,0.09058296719225017,0.008205273945352271,0.5784091036793786,0.14813194146278494,0.021943072081533947,0.5748941712797134,0.06229820854450895,0.0038810667878551286,0.6774457686497535,0.035014840745830375,0.001226039072455863,0.06759068064391968,0.007039946732217855,4.9560849992464854e-05,4.739214992523193,2.124427536973409,4.5131923598509065
0.8,0.0,1.0,0.5,0.2322394669264236,0.0012935750328237272,1.6733363655449067e-06,0.22551363595545393,0.002414391888766178,5.829288192539912e-06,0.7201412754182599,0.028850545055835435,0.0008323539500187905,0.719625429847673,0.028903723408228527,0.0008354252268593777,0.6995024315025236,0.04029084006144005,0.0016233517928565424,1.0,0.0,0.0,1.0,0.0,0.0,1.0,0.0,0.0,0.5892288914485203,0.010268932044021142,0.00010545096532472422,0.58874833023148,0.010280945670047996,0.00010569784387047862,0.4890331197742051,0.02249171218443126,0.0005058771169872936,0.7138895085648629,6.409875621278546e-17,4.108650548026103e-33,0.7135515064561819,6.409875621278546e-17,4.108650548026103e-33,0.531565670754865,0.0,0.0,0.5945945945945946,0.0,0.0,0.6885184335162428,0.0,0.0,0.0653644540159129,0.0,0.0,5.185208749771118,2.0108577739902436,4.043548987216997
0.8,0.0,1.0,0.75,0.22091616795716168,0.003196549624507011,1.0217929501935914e-05,0.21867766601297953,0.0031766780532922092,1.009128345426838e-05,0.6790093636953517,0.05751198937216132,0.003307628921543597,0.6784531387551185,0.0575089946553974,0.0033072844662745265,0.6758859681441653,0.08486973980581557,0.007202872734706836,0.962012426474609,0.12012725512334757,0.014430557423469834,0.9619686942526027,0.12026554855202758,0.014463802168520104,0.9513578192635247,0.15382008148482862,0.023660617467999315,0.5414632359971951,0.04880189985844113,0.002381625429793317,0.5409506838711885,0.04880425559685114,0.002381855364362776,0.44534370946261304,0.029608297648515188,0.00087665128964307,0.6682489877971133,0.14432799922230552,0.020830571359513824,0.6678855440396572,0.14440845277986505,0.02085380123427451,0.486032703641005,0.14398788470534118,0.02073251094191863,0.6285086291110388,0.10724559371753062,0.011501617371825642,0.7305418461838907,0.08173234028806542,0.006680175448964121,0.04132280683392448,0.01424980721727771,0.0002030570057295799,6.853708624839783,4.316511248293444,18.632269356643825
0.8,0.0,1.0,1.0,0.18932695478276132,0.035366317636341855,0.001250776423154625,0.19023233471816764,0.03581824180201575,0.0012829464457876686,0.5518154591953514,0.03990544928780571,0.0015924448828616333,0.5510620223904646,0.03990166995211578,0.0015921432649675794,0.5495008858813426,0.0508070354247499,0.0025813548486517917,0.9427779017129726,0.12063477538735072,0.01455274903275656,0.9427103012912363,0.12077728958966685,0.01458715368062625,0.9063131341509731,0.19750925528371327,0.03900990592272702,0.48442946397993725,0.1746013567529139,0.030485633779958315,0.4838544646023582,0.17483646689009047,0.030567790154609698,0.451499780180043,0.17839638250039924,0.03182526928922875,0.7711116068518903,0.12063477538735072,0.01455274903275656,0.7708412051649456,0.1207772895896669,0.01458715368062626,0.625252536603892,0.19750925528371327,0.03900990592272702,0.5551937479648323,0.08306427805934526,0.006899674289520225,0.6482010852666525,0.0799564181687659,0.00639302880637856,0.055153155219082116,0.028687991051215177,0.000823000830554602,6.7654784440994264,3.768768432002705,14.203615494060125
0.8,0.25,0.0,0.0,0.3188363065984997,0.015202672890529604,0.00023112126301644373,0.31782626088188803,0.01682890535518356,0.0002832120554537259,0.8136157775088406,0.1286188784216232,0.016542815886436288,0.8134001923006954,0.12876764890231368,0.016581107403829527,0.6997500424415559,0.20719668501282093,0.042930466280302136,0.8098249693991978,0.1313360655699775,0.017249162119401435,0.8096028344662655,0.1314895276116475,0.017289495871534215,0.6930083759636558,0.21211723806962618,0.044993722686286465,0.48250555324655514,0.28316062050419005,0.08017993700431794,0.4820675885326356,0.28335494382606413,0.08029002419067197,0.3273864341405718,0.32456754064037296,0.10534408843734015,0.45295351647826293,0.2978207474302024,0.08869719759988443,0.4524777146327922,0.29803163064445504,0.08882285286459288,0.2802640956500113,0.34470814297950225,0.11882370383637696,0.17554945054945054,0.08890286095894619,0.007903718686685718,0.24599449749150343,0.12396405925387184,0.015367087986697447,0.3352624514676087,0.09962924190417585,0.00992598584240079,2.629996657371521,0.62476226254886,0.39032788470517077
0.8,0.25,0.0,0.25,0.30953167770656853,0.016428322179779534,0.0002698897696426361,0.3075115862733453,0.018166863367080906,0.0003300349245981862,0.8929985139992089,0.1381395836846921,0.019082544580580053,0.8928746256140933,0.13829952498096804,0.019126758609961398,0.8273503845237198,0.22289337984712262,0.049681458779673685,0.8872395223265774,0.14565427028766992,0.021215166453033604,0.8871067325736292,0.1458258379136877,0.021265175003229116,0.8161116693744876,0.23761193237230355,0.05645943040570015,0.7663429364631674,0.21492186317076892,0.04619140726879471,0.7660992012815913,0.21510197727550587,0.04626886062783224,0.6498940599560281,0.2820977381987973,0.07957913389687717,0.751464815790385,0.2271417856078635,0.05159339076912862,0.7511996143230322,0.22733784178913316,0.051682494309340944,0.6224051348568442,0.3023412319986794,0.0914102205664793,0.23177655677655676,0.13580136328083506,0.01844201026893334,0.32439625253996507,0.18935822832828625,0.035856538635627384,0.30541834115651245,0.16296896663154306,0.026558884084952997,2.9627682685852053,0.9857756563098425,0.9717536445731008
0.8,0.25,0.0,0.5,0.30308500923622966,0.013235258627267966,0.00017517207093067114,0.30039155399193185,0.014654834185219002,0.0002147641649962635,0.9468057433561544,0.11214333962273071,0.012576128621739124,0.9467442295632933,0.1122730220847021,0.012605231488032007,0.9143411462118763,0.1805847198198755,0.03261084103242294,0.9461453395142371,0.11353559316672043,0.012890330915719055,0.9460825612735491,0.11366794131876878,0.012920400883647064,0.9132839362960563,0.18281351401914586,0.03342078090802844,0.6398916831648258,0.19415075911675436,0.03769451726561198,0.6395283881199205,0.19426219092839608,0.03773779882430062,0.4728817046883476,0.1989796459258392,0.03959289949277234,0.617373828154825,0.20347292001107578,0.04140122917783365,0.6169786260635914,0.20359350816240135,0.04145031656587378,0.4321840014117426,0.2095149551959978,0.043896516450780965,0.1474358974358974,0.0,0.0,0.20679361996727258,0.0,0.0,0.40104340334038885,0.03299075957122329,0.0010883902170862611,2.809249258041382,1.1471209267212283,1.3158864205217695
0.8,0.25,0.0,0.75,0.3001695178921427,0.022022866111818185,0.0004850066317790699,0.29960817948768165,0.022501332370381065,0.0005063099584423588,0.852830263484198,0.11698982647345023,0.013686619498287995,0.8526369474314173,0.1171051173604543,0.013713608512005775,0.7996513577660009,0.20152876118126747,0.040613841583256344,0.8906069601278419,0.14130942242205746,0.019968352865255473,0.8904789925559419,0.1414747695014723,0.02001511040549472,0.8230824715195713,0.22862105468367563,0.052267586644676206,0.5993789085422422,0.23470707442760744,0.05508741078636646,0.5989992028135322,0.2348588821166251,0.0551586945090708,0.4579441601390063,0.27738223852810806,0.07694090625086424,0.5977270370933196,0.2678241043631742,0.07172975087793644,0.5973370352216779,0.26801094468934766,0.07182986647327658,0.42933659966469495,0.3083426316008212,0.09507517846251974,0.17554945054945054,0.08890286095894617,0.007903718686685716,0.24788972364510573,0.11482705809555559,0.013185253270880097,0.34021551897314756,0.09623562852993489,0.009261296198551618,3.870688772201538,1.2294651189083254,1.5115844786122627
0.8,0.25,0.0,1.0,0.27502701060863777,0.025847291292344796,0.0006680824671513231,0.27716028767941253,0.0243738776876327,0.0005940859135316792,0.8142832655171486,0.09511029457626681,0.009045968134384247,0.8140089287196334,0.09517807830229387,0.009058866589317583,0.7791287009941747,0.1541854958758807,0.023773167138491227,0.9192180092713557,0.1300713624395519,0.01691855932688127,0.9191238419103236,0.13022298629576412,0.016958026159786768,0.8699259044440847,0.20943919151340165,0.04386477494178733,0.5753881745423268,0.2435052730812813,0.05929481801838938,0.5749827967915075,0.24364636524577835,0.05936355129747923,0.4274608793516467,0.2326700620229583,0.05413535776176727,0.569115987949806,0.2331075144561124,0.05433911329590666,0.5686921858672962,0.23324566553895346,0.05440354049270934,0.3824931667401814,0.24002953535273536,0.05761417784165003,0.1447713932653691,0.004290259308546489,1.8406324934569797e-05,0.22677850264057153,0.018340771139885168,0.0003363838860056447,0.34649746992022884,0.0042162802127925485,1.777701883278598e-05,4.357456040382385,2.0690257848214615,4.280867698256064
0.8,0.25,0.25,0.0,0.302567335386813,0.012194392077964623,0.00014870319815112637,0.2998617154967772,0.013978524793982932,0.0001953991554159956,0.8917969287342732,0.1436641017038984,0.020639374118388065,0.8916629801657441,0.14382299430709544,0.020685053691458805,0.8575186840111216,0.2101559678197383,0.04416553081025088,0.9175342903707234,0.13286145811186323,0.01765216705161039,0.9174377119191673,0.13301709800837555,0.017693548362569787,0.8664405033715429,0.21526033712027012,0.046337012737132345,0.6701214044353089,0.21774131343750702,0.04741127957749068,0.669792889382341,0.21788921204184297,0.047475708724215214,0.5216875410956139,0.24975543588037544,0.06237777775179633,0.6459848772983386,0.23605852666128238,0.05572362800949536,0.6456234754179733,0.2362264983753997,0.05580295853470271,0.47902743433625616,0.27601607602675143,0.07618487422520544,0.21657509157509153,0.08330956961909053,0.006940484390118091,0.2977559581659074,0.11522236659843105,0.01327619376454324,0.3056915148387035,0.11138897355196226,0.012407503428959748,3.7484652280807493,1.883117387632193,3.5461310956026946
0.8,0.25,0.25,0.25,0.30450604761550937,0.012463490741079443,0.000155338601452973,0.3021869738879413,0.014364985065517815,0.00020635279593254988,0.8599895588084534,0.15654156798640897,0.0245052625076435,0.8598204218674717,0.1567147181265423,0.024559502877481612,0.8133199282851817,0.22557961510573524,0.05088616275125165,0.8906069601278419,0.14130942242205746,0.019968352865255473,0.8904789925559419,0.14147476950147228,0.02001511040549471,0.8230824715195713,0.22862105468367563,0.052267586644676206,0.6257841034054327,0.24692700589209768,0.06097294623883604,0.6254310247458508,0.24709108215884493,0.06105400288242905,0.4772484020202456,0.2786076288487764,0.07762221085273754,0.5977270370933196,0.2678241043631742,0.07172975087793643,0.5973370352216779,0.26801094468934766,0.07182986647327656,0.42933659966469495,0.3083426316008212,0.09507517846251973,0.22554945054945047,0.08293606415957325,0.00687839073828085,0.30874563261712035,0.11432683036439735,0.013070624141169688,0.287599708897252,0.11410401465782209,0.013019726161032478,2.9898185253143312,1.6539762403870522,2.7356374037648874
0.8,0.25,0.25,0.5,0.3106538460633109,0.016647196334272536,0.00027712914579181697,0.30872152174544876,0.01862484290357153,0.0003468847731827187,0.8491289005993796,0.13975889840038433,0.01953254968208895,0.8489478515793053,0.13991338520608704,0.019575755359826894,0.775500720602485,0.22407143059233492,0.050208006007695566,0.8586284731830638,0.14910320016404188,0.022231764299158338,0.8584618832192474,0.14927894387733243,0.02228420308513176,0.7692682364499742,0.24343452433867394,0.05926036763999644,0.794860036633498,0.22220253999395523,0.04937396877976527,0.7946492144670575,0.22239210125249526,0.0494582466995001,0.6959380737555321,0.29456699987847246,0.08676971741740398,0.7800758649338988,0.23956266395901205,0.057390269963138535,0.7798444636774139,0.23977337140766214,0.05749126963619669,0.6692485677813578,0.3223309181158951,0.10389722077343586,0.2842490842490842,0.12717930782722286,0.01617457633941151,0.39444154569672757,0.1790365545551265,0.03205408786697078,0.2337784791604176,0.1498364961141582,0.022450975567768143,4.733212280273437,3.28761614127946,10.808419892401247
0.8,0.25,0.25,0.75,0.2959362512841517,0.01806418841407466,0.00032631490305918913,0.2950751368335379,0.01880449570752499,0.00035360905881432576,0.8224334044265991,0.131572429032247,0.017311304081445676,0.8221982262840827,0.1316973762008935,0.017344198898199673,0.785376165656907,0.2050967829014709,0.04206469035653308,0.8872395223265774,0.14565427028766992,0.021215166453033604,0.8871067325736292,0.1458258379136877,0.021265175003229112,0.8161116693744876,0.2376119323723035,0.05645943040570013,0.7313336701375853,0.17866146948585518,0.031919920678845165,0.7310603079567629,0.17880637047809295,0.03197171812354903,0.6324005592458061,0.2543993439966948,0.06471902622594863,0.751464815790385,0.2271417856078635,0.051593390769128625,0.7511996143230321,0.22733784178913322,0.051682494309340965,0.6224051348568442,0.3023412319986794,0.09141022056647928,0.2586996336996336,0.12044996802264554,0.014508194796656335,0.3568089140050234,0.1533883582951301,0.023527988460475203,0.24558594448572152,0.127155897517009,0.016168622273356095,3.805303955078125,1.7124562581371863,2.9325064360332136
0.8,0.25,0.25,1.0,0.2874696555489495,0.030416578555299018,0.0009251682510106761,0.2881208339746846,0.029060986870342625,0.0008445409578782265,0.6543522341617102,0.08197147888187292,0.006719323350081339,0.6539293274921316,0.08201659351280417,0.006726721611444551,0.5829614488221797,0.12301136956635879,0.015131797042591303,0.7828976391563163,0.11454336504218389,0.013120182475186993,0.78264411510304,0.11467718810921207,0.013150857472635611,0.6496503441116841,0.1849700141639615,0.03421390613981612,0.37401905714869393,0.19507348835615415,0.03805366585943861,0.37349998350914215,0.19519762261615686,0.038102111874999595,0.2613653718766803,0.23804288037325153,0.05666441289639414,0.404695676273244,0.28983220297166545,0.0840027058794087,0.4041912744364969,0.2900424150365423,0.08412460252022987,0.2305732609784501,0.34024366246603444,0.11576574984830078,0.24726598702502317,0.06110645818665774,0.0037339992321177504,0.34377765905491686,0.06469467533040729,0.00418540101610681,0.21261728283654885,0.05701273883262629,0.0032504523891972534,5.726053023338318,2.7646126082499114,7.643082873694379
0.8,0.25,0.5,0.0,0.2981412205835266,0.02114787232057398,0.0004472325036872991,0.2942768181939569,0.023894994409589,0.0005709707578342895,0.7867424753691739,0.13396394468201991,0.017946338474767294,0.7864646405750384,0.1340841418721945,0.01797855710160278,0.7234564895286985,0.19633287749008835,0.038546598783538034,0.860312192083696,0.1473721766009762,0.02171855843610932,0.8601480132104037,0.14754545296341864,0.02176966069018038,0.772753637522516,0.23987655507430802,0.05754076167431753,0.7329886444740619,0.243939754879115,0.059506604010482717,0.7327311894200784,0.2441271783918437,0.059598079229563075,0.6245619770786646,0.2990569051081478,0.08943503249286373,0.7032069755853662,0.2809112756468402,0.07891114478553504,0.7029131741267369,0.28113708371918084,0.07903805984212568,0.572714300185283,0.3551519041945738,0.12613287505303172,0.41126373626373625,0.07249993567519449,0.005256240672907339,0.5317986516478274,0.08577674555590942,0.007357650078163227,0.12937688714050374,0.06868517874841991,0.004717653779702394,4.321935725212097,2.3098285981109155,5.335308152651037
0.8,0.25,0.5,0.25,0.294089747463508,0.018277670257060858,0.0003340732300258471,0.2886695524231618,0.02122457190311055,0.0004504824524703098,0.8360412866847311,0.1145656565684435,0.013125289664958543,0.835806405435183,0.11466626052669913,0.01314835130317684,0.7987272944650199,0.17713329377421957,0.031376203763303974,0.9158505714700912,0.1355709223167501,0.018379474977814295,0.9157515819280111,0.13573044135803944,0.018422752711248182,0.8629551022990013,0.22086705261551115,0.048782254931062974,0.7464342279901333,0.18306635515214242,0.033513290388690345,0.746166203064385,0.18321292500780142,0.033566975889914266,0.6191344721821243,0.2322961486377287,0.05396150067192176,0.7228537666468713,0.20970793486662379,0.043977417946024125,0.7225547649686502,0.2098816923230964,0.044050324772406904,0.5755617019323308,0.27211575132502314,0.07404698211918183,0.38571428571428573,0.0603513125926704,0.0036422809316582175,0.4989113699677925,0.07725833038929963,0.0059688496145421785,0.15568366362125413,0.062261105749788596,0.0038764452891863585,4.668853068351746,1.360271985217537,1.850339873767659
0.8,0.25,0.5,0.5,0.2939695457299947,0.018348455124925132,0.00033666580547139134,0.2885430808803055,0.02126877917116492,0.00045236096743177874,0.8360412866847311,0.11456565656844354,0.01312528966495855,0.835806405435183,0.11466626052669916,0.013148351303176846,0.7987272944650199,0.17713329377421957,0.031376203763303974,0.9158505714700912,0.13557092231675014,0.018379474977814298,0.9157515819280109,0.13573044135803944,0.018422752711248186,0.8629551022990013,0.22086705261551115,0.048782254931062974,0.7464342279901333,0.18306635515214242,0.033513290388690345,0.7461662030643851,0.18321292500780142,0.03356697588991427,0.6191344721821243,0.23229614863772874,0.053961500671921764,0.7228537666468713,0.20970793486662376,0.04397741794602411,0.7225547649686503,0.20988169232309645,0.04405032477240692,0.5755617019323308,0.2721157513250232,0.07404698211918186,0.38571428571428573,0.060351312592670396,0.0036422809316582166,0.4989113699677925,0.07725833038929965,0.005968849614542181,0.15568366362125413,0.0622611057497886,0.00387644528918636,5.3872827053070065,2.6421735486757876,6.981081061322005
0.8,0.25,0.5,0.75,0.2741458438230929,0.005111810530363251,2.613060689833262e-05,0.27012726454166247,0.007228901361804715,5.225701489870206e-05,0.7931319451495972,0.11248556106865908,0.01265300144893103,0.7928119177308433,0.11256821482364732,0.012671602988582812,0.7934854944568233,0.1566921462846096,0.02455242870727749,0.9461453395142371,0.11353559316672045,0.01289033091571906,0.9460825612735491,0.1136679413187688,0.012920400883647067,0.9132839362960563,0.18281351401914586,0.03342078090802844,0.6479447725718754,0.16708342588525602,0.027916871205553837,0.647588944422007,0.16716745209088793,0.027944957038559308,0.49189559921406756,0.15613656008639792,0.024378625395613345,0.617373828154825,0.20347292001107584,0.04140122917783366,0.6169786260635914,0.20359350816240138,0.0414503165658738,0.4321840014117426,0.2095149551959978,0.043896516450780965,0.3884615384615385,0.0756784397305253,0.00572722624004675,0.50191868962126,0.06895913838005714,0.00475536276611987,0.14561592194663703,0.04855725555440799,0.002357807066976086,6.378205943107605,4.241814236994626,17.992988021170305
0.8,0.25,0.5,1.0,0.25343691453830147,0.024102583799003024,0.000580934545787963,0.2534835863485366,0.023809675935702202,0.0005669006681631566,0.6814815458870723,0.10975646025158094,0.012046480566956867,0.681020670801175,0.10980780020424567,0.012057752985695537,0.6621448547428802,0.15200701862108562,0.023106133710071072,0.8872395223265774,0.14565427028766992,0.0212151664530336,0.8871067325736292,0.14582583791368772,0.021265175003229123,0.8161116693744876,0.23761193237230352,0.056459430405700145,0.6523159395875546,0.15962499246406617,0.025480138219153178,0.651972846856572,0.15975406027188652,0.025521359773353552,0.5744998921150397,0.19077359720141848,0.03639456538916906,0.751464815790385,0.2271417856078635,0.05159339076912862,0.7511996143230321,0.22733784178913316,0.05168249430934094,0.6224051348568442,0.3023412319986794,0.0914102205664793,0.3808155699721965,0.04694912342367461,0.002204220190251432,0.5228830544897616,0.03252122455054974,0.001057630046267279,0.12416985902654236,0.03095095625632832,0.0009579616931811493,8.084986472129822,2.952023107942892,8.71444042982881
0.8,0.25,0.75,0.0,0.2870678202049015,0.021981327543570666,0.00048317876057773845,0.2770674890646356,0.02725292840982976,0.0007427221069113061,0.8272203823309331,0.050193203634375426,0.002519357691081878,0.8269392941859737,0.05020867252200007,0.0025209107964214448,0.7821221904267281,0.11323913513022343,0.012823101725041003,0.9427779017129726,0.12063477538735072,0.01455274903275656,0.9427103012912366,0.12077728958966691,0.014587153680626262,0.9063131341509731,0.1975092552837133,0.039009905922727024,0.789138811035314,0.11113360454326161,0.01235067805877806,0.7888930762893163,0.11126311812619427,0.01237948145516346,0.66403072041299,0.1770713578901443,0.03135426578505957,0.7711116068518903,0.12063477538735073,0.014552749032756563,0.7708412051649456,0.12077728958966691,0.014587153680626262,0.625252536603892,0.1975092552837133,0.039009905922727024,0.4285714285714285,0.0,0.0,0.5988023952095808,0.0,0.0,0.10998145707377797,0.020091454803578657,0.00040366655612424383,4.180043792724609,1.3654989945173006,1.864587504027759
0.8,0.25,0.75,0.25,0.27989519825722753,0.01825150091025288,0.0003331172854769617,0.26989486711696153,0.020814988707075613,0.0004332637548756853,0.8077721924569884,0.10206644823795964,0.010417559855912095,0.8074701122301523,0.10214203335359376,0.01043299497760666,0.7716203294503171,0.137623367655783,0.018940191324918823,0.9444616206136048,0.1171524215434765,0.013724689873500418,0.9443964312823928,0.11728996636195685,0.013756936209188969,0.9097985352235147,0.1903387538471473,0.036228841216084925,0.7271378127922523,0.14744308087479668,0.02173946209785184,0.7268449459596991,0.14754919245416082,0.021770764193874984,0.5919170740744198,0.17180836056241172,0.02951811275914367,0.6942427175033576,0.1858557276325512,0.034542351493825056,0.6939099156142685,0.185996669393284,0.03459476102539459,0.5287182690078174,0.22761262142408425,0.0518075054315435,0.46520146520146516,0.11583434652631427,0.013417595835178256,0.6245249999121565,0.08134201821229753,0.006616523926849742,0.10363899874575888,0.03665000789008632,0.0013432230783433894,5.209116840362549,2.485201577336353,6.176226879995097
0.8,0.25,0.75,0.5,0.264315545725367,0.012888202748358866,0.000166105770082805,0.25804502860213313,0.006420148477191254,4.121830646918118e-05,0.6846169441495127,0.17556120856796514,0.03082173795384456,0.6842090326590654,0.17570283935785444,0.030871487758412006,0.6460786312764847,0.20003426367532,0.040013706644127456,0.865363348785593,0.14191949145840058,0.020141142055811034,0.8652064031838727,0.14208492664846095,0.020188126380698532,0.7832098407401411,0.22851689252393229,0.05221997016879442,0.5406719136238993,0.20675381089476214,0.042747138319507064,0.5402693392836037,0.20685480450220994,0.042788910145647494,0.42110740664707985,0.1676433659256046,0.02810429813886617,0.4726003075397681,0.2543411500138448,0.06468942059036509,0.4721193054747056,0.2544918852030017,0.0647661196341778,0.28311149739705904,0.26189369399499723,0.06858830695434526,0.6117216117216117,0.19305724421052378,0.03727109954216182,0.7274154187224597,0.1355700303538292,0.018379233130138166,0.0639738447294136,0.058542008973212815,0.0034271668146197295,4.771534061431884,2.107804098016436,4.442838115614881
0.8,0.25,0.75,0.75,0.2790026737670674,0.02684681639610585,0.0007207515506062178,0.2723918008793897,0.03140933344580534,0.000986546227509786,0.7599475235881641,0.060638559387233844,0.0036770348845590853,0.7595744190693294,0.06064175951539783,0.0036774229971233436,0.7237934486311304,0.12169957820864635,0.014810787336162432,0.914166852569459,0.13820449741413263,0.01910048310549299,0.9140654519368546,0.13836776794406264,0.01914563920582197,0.8594697012264595,0.2262752781979932,0.05120050152357922,0.7844001588905656,0.08044220171998569,0.006470947817558867,0.784160798678918,0.08055374781868249,0.006488906287635895,0.6852872624077762,0.17860494325643558,0.03189972575563457,0.799722655995404,0.13820449741413265,0.019100483105492998,0.7994860545193274,0.13836776794406266,0.019145639205821977,0.6720959695284054,0.2262752781979932,0.05120050152357922,0.4285714285714285,0.0,0.0,0.5914914357331847,0.011771763127619862,0.00013857440713279057,0.09299153686023601,0.013112460882333834,0.00017193663039073498,6.750710797309876,3.4727577522537016,12.060046405838182
0.8,0.25,0.75,1.0,0.21548615478127592,0.024001219304466012,0.0005760585281010719,0.21311165420748387,0.023465576971304806,0.0005506333025962304,0.6518315036420544,0.08188988198511374,0.006705952771535855,0.6512312768809082,0.08195429394495084,0.0067165062960154055,0.6487622471362606,0.09276138653249986,0.008604674831431848,0.9730726697571186,0.08515169487504032,0.007250811140091968,0.9730412806367745,0.08525095598907657,0.007267725497051472,0.9566419681480282,0.1371101355143594,0.018799189260766,0.5380393346059817,0.16585414208687568,0.027507596447373547,0.5375321003573538,0.16600129352638854,0.02755642945243421,0.4406633585211125,0.11465065662617001,0.01314477306481194,0.6656316683598439,0.15260469000830684,0.023288191412531425,0.6652650662598867,0.152695131121801,0.023315803068304,0.48187483608330384,0.15713621639699835,0.024691790503564293,0.46041308089500854,0.10069214580570574,0.010138908226957502,0.6207855553884615,0.07523764013184515,0.005660702492609037,0.08573106587561688,0.025850761713107243,0.0006682618811478513,9.401074814796448,4.939373963752088,24.397415153792014
0.8,0.25,1.0,0.0,0.2458090498398048,0.04082485681904729,0.0016666689342957118,0.242118067806613,0.04228790358494117,0.00178826678960928,0.6907082047782012,0.11200775821043187,0.012545737899326568,0.6902268720495959,0.11207485429848689,0.012560772966027065,0.653357855091224,0.12826204314126,0.01645115171077044,0.9158505714700912,0.13557092231675014,0.018379474977814298,0.9157515819280111,0.13573044135803944,0.018422752711248182,0.8629551022990013,0.22086705261551118,0.04878225493106298,0.6020200359952027,0.21924110956193282,0.048066664121947426,0.601597828558301,0.21941781076175595,0.048144175679481746,0.5347344529520497,0.24742229606431027,0.061217792589735205,0.7228537666468713,0.2097079348666238,0.04397741794602413,0.7225547649686503,0.20988169232309642,0.04405032477240691,0.5755617019323308,0.27211575132502314,0.07404698211918184,0.5891077824812765,0.14618726894093773,0.021370717600410052,0.6932086098292303,0.10344899032048833,0.01070169359832849,0.06337340241969455,0.02381281077565627,0.0005670499570372113,4.213637447357177,2.890227596906616,8.353415561920592
0.8,0.25,1.0,0.25,0.2618782821368454,0.050175323595031435,0.0025175630978661184,0.26068885182913815,0.05098007174404457,0.0025989677150279316,0.6395183230964562,0.12441025756129474,0.015477912186467697,0.6390568562478804,0.12449375714698653,0.015498695568572859,0.5691603279997655,0.13697444959318392,0.01876199984135568,0.7826533261322818,0.15497682503943636,0.024017816299304065,0.7823992717244529,0.1551570840916903,0.024073720743835854,0.6719838749770236,0.22680910781195993,0.051442371386457256,0.6369618698363024,0.2720121254660629,0.07399059640056516,0.6366339062674318,0.27222937534531105,0.07410883280089825,0.6065185873615041,0.3137429845778022,0.09843466037178704,0.6887948233983996,0.32840232140142006,0.10784808470184161,0.6885125388443644,0.328663203868162,0.108019501576885,0.5781826335536377,0.41063089602458097,0.1686177327699502,0.6175350048844024,0.23452755545903756,0.055003174269591934,0.7247342921881839,0.16732171079413952,0.027996554903077668,0.054938845971244266,0.03851569290981553,0.0014834586003232143,5.998746490478515,5.182342368701144,26.856672426434976
0.8,0.25,1.0,0.5,0.22803899942491657,0.012269668968221481,0.0001505447765897372,0.22219858581057822,0.010327989561582594,0.00010666736838415902,0.6889868304263886,0.10993414042770402,0.012085515231578149,0.688457923996354,0.11000103589184712,0.012100227897279438,0.6691793212335899,0.1136718121308034,0.012921280873100665,0.9730726697571186,0.08515169487504033,0.0072508111400919695,0.9730412806367745,0.08525095598907657,0.007267725497051472,0.9566419681480282,0.13711013551435938,0.018799189260765996,0.5410156855788955,0.14999452626554144,0.0224983579096242,0.5405153564425793,0.1500544012767062,0.022516323342510768,0.4499842864050745,0.11934066050812112,0.01424219325051462,0.665631668359844,0.15260469000830684,0.02328819141253143,0.6652650662598868,0.15269513112180103,0.023315803068304008,0.48187483608330384,0.15713621639699835,0.024691790503564296,0.6285086291110388,0.10724559371753062,0.011501617371825642,0.7153539395622088,0.08486132126847203,0.0072014438474308235,0.05892094916368097,0.020376151447399585,0.0004151875478073642,8.102457928657532,4.831129265696789,23.339809981871994
0.8,0.25,1.0,0.75,0.22946619176953936,0.02749918338488035,0.0007562050868352796,0.22680014967607492,0.02837562753597077,0.0008051762380601427,0.6885843635780973,0.020377731200333104,0.0004152519288730293,0.6880358143496579,0.0203487085490599,0.0004140699396145834,0.6772968465221894,0.059564724923519434,0.0035479564552145376,0.9713889508564864,0.09047608154051302,0.008185921330925562,0.9713551506456183,0.09058296719225015,0.008205273945352266,0.9531565670754866,0.14813194146278497,0.021943072081533954,0.5808444470717706,0.09699997261212598,0.009408994686753191,0.5803606443136899,0.09713194342626678,0.009434614433763491,0.4991935796470431,0.14124294263673248,0.019949568844683303,0.7425005577083765,0.09047608154051306,0.008185921330925569,0.7421963558105638,0.09058296719225017,0.008205273945352271,0.5784091036793786,0.14813194146278497,0.021943072081533954,0.5748941712797134,0.06229820854450897,0.003881066787855131,0.6941584370426088,0.05238638608062061,0.0027443334465878403,0.0497673564994905,0.013471976478005271,0.0001814941502239273,7.681669473648071,4.7130054734785025,22.21242059303832
0.8,0.25,1.0,1.0,0.1927885213233188,0.04744929553601582,0.0022514356468641707,0.19353245843588823,0.04761218244066381,0.0022669199167630553,0.5580081191826114,0.03494947421122296,0.0012214657476409384,0.5572580919293169,0.03503314151071483,0.0012273210041097704,0.5392496194812739,0.051189478031764074,0.0026203626611644567,0.9427779017129726,0.12063477538735072,0.01455274903275656,0.9427103012912363,0.1207772895896669,0.01458715368062626,0.9063131341509731,0.1975092552837133,0.039009905922727024,0.47202859546114107,0.1670504532330422,0.027905853925364828,0.47143918123976186,0.16728024335366942,0.027982679816462866,0.4409450225636644,0.17875743488923446,0.031954220528178895,0.7711116068518903,0.12063477538735075,0.014552749032756567,0.7708412051649456,0.1207772895896669,0.01458715368062626,0.625252536603892,0.1975092552837133,0.039009905922727024,0.5551937479648323,0.08306427805934527,0.006899674289520227,0.6482010852666527,0.0799564181687659,0.00639302880637856,0.055153155219082116,0.028687991051215177,0.000823000830554602,10.048839783668518,5.377801213703181,28.920745894107412
0.8,0.5,0.0,0.0,0.311251134693879,0.01567561034968161,0.0002457247598350452,0.30956772516619285,0.017404246740556427,0.00030290780460616906,0.8599222553249273,0.14916120273189726,0.022249064400426153,0.8597604638838259,0.14933340769696501,0.02230046665438797,0.7830204935633872,0.2288723197212321,0.05238253873457789,0.8636796298849605,0.14378194363144375,0.02067324731443567,0.8635202731927164,0.14395006890572776,0.020721622337963767,0.7797244396675994,0.23242324096078798,0.054020562938716515,0.5631055167513925,0.25524597619843764,0.0651505083654934,0.5627114023524624,0.25541104835752176,0.06523480362308831,0.4150077356861033,0.296706926632468,0.08803500031168474,0.5494691968883008,0.2873338130104918,0.08256072009914829,0.5490505950253827,0.28753344995168173,0.08267548484111625,0.37964576499313374,0.3293606202075264,0.10847841814348644,0.18658841158841158,0.12381112084392183,0.015329193644628215,0.25772895365123005,0.1610716678220007,0.025944082174960935,0.3478985260683311,0.11438621243832492,0.013084205595985597,2.829591155052185,1.0576515371498239,1.118626774035385
0.8,0.5,0.0,0.25,0.30632028013143775,0.01002829629131096,0.00010056672650632115,0.30463687060375155,0.011802706801106731,0.00013930388783289107,0.8315538430630923,0.17755783967426675,0.03152678642979261,0.8313600237861969,0.17776214313074545,0.03159937953043564,0.7716910056981736,0.2406588107653918,0.05791666319901266,0.8569447542824313,0.15079346923418843,0.022738670363682132,0.856775753228091,0.15097161198708364,0.022792427625978533,0.7657828353774325,0.2468865691046416,0.06095297800426098,0.8085235985313396,0.08067826669326662,0.006508982716629855,0.8083233472120378,0.08079441396448137,0.00652773732786398,0.7498178599026717,0.1924265160128071,0.03702796406482711,0.8569447542824313,0.15079346923418846,0.022738670363682142,0.856775753228091,0.15097161198708364,0.022792427625978537,0.7657828353774325,0.2468865691046416,0.06095297800426098,0.3431984681984682,0.20635186807320305,0.042581093457300594,0.46147028838706,0.2684527797033345,0.07206689493044702,0.22921236476575918,0.19762119798830577,0.03905413789433315,3.157552719116211,0.9449358762315355,0.8929038101894599
0.8,0.5,0.0,0.5,0.30936304363876366,0.016209815125287737,0.00026275810639600706,0.3073429522055403,0.01794843300944112,0.0003221462474943957,0.8936114867123089,0.1373469800636646,0.018864192932608683,0.8934884591265867,0.13750580799387355,0.018907847232048018,0.8286822924237525,0.22117020945107957,0.048916261548634404,0.8922906790284741,0.1390521354513428,0.019335496373578582,0.8921651225470981,0.13921422817180215,0.01938060132547059,0.8265678725921128,0.22389991371602322,0.05013117136204265,0.5477978919258791,0.2377851465050287,0.05654177589841796,0.5473817401316858,0.2379216220448468,0.056606698236450925,0.3784973713174233,0.24369930085898583,0.05938934923915849,0.520858147744787,0.2492024152506361,0.062101843766750466,0.5204057456710008,0.24935010497052265,0.06217547484881067,0.33280233206862025,0.25660236685613685,0.06584477467617145,0.1474358974358974,0.0,0.0,0.20679361996727258,0.0,0.0,0.38539451204277897,0.040405263588168705,0.0016325853256293917,4.948739361763001,2.6486413202284136,7.015300843221313
0.8,0.5,0.0,0.75,0.29895064954748274,0.021268828028873987,0.00045236304572181577,0.2983747179572574,0.021740048480458473,0.00047262970793268477,0.8494019083783447,0.1257990428783516,0.015825399189109347,0.8492055398368334,0.12592478904784354,0.015857052496743896,0.7975114178517849,0.20473817432123495,0.04191772002439239,0.8906069601278419,0.14130942242205743,0.019968352865255466,0.8904789925559419,0.1414747695014723,0.020015110405494717,0.8230824715195713,0.22862105468367566,0.05226758664467621,0.5957372760024682,0.22689988580321266,0.05148355817751094,0.5953564740226321,0.2270419965096406,0.05154806817908365,0.4535243793041556,0.26607274622836985,0.07079470628550649,0.5977270370933198,0.2678241043631742,0.07172975087793643,0.5973370352216779,0.26801094468934766,0.07182986647327658,0.42933659966469495,0.30834263160082126,0.09507517846251977,0.18658841158841158,0.12381112084392182,0.015329193644628212,0.2598135713984444,0.1506582673641363,0.022697913525163572,0.3362608233030825,0.10595779304397414,0.011227053906749654,4.028356599807739,1.6976245562791896,2.8819291340821156
0.8,0.5,0.0,1.0,0.2676318861787404,0.038689080674870854,0.0014968449634666652,0.27003738815315337,0.0370005910675162,0.0013690437393455595,0.793120006451497,0.08888186423125469,0.007899985789223192,0.7928058634862944,0.08895368970813057,0.007912758912690374,0.7567518809083096,0.1453167281576895,0.021116951482455834,0.9192180092713557,0.1300713624395519,0.016918559326881268,0.9191238419103236,0.13022298629576412,0.016958026159786768,0.8699259044440847,0.20943919151340165,0.04386477494178733,0.527736719781245,0.21891731581945278,0.04792479116559403,0.5272714697359111,0.21905852402182072,0.0479866369466186,0.39049867670127336,0.2137567476659206,0.04569194717271205,0.569115987949806,0.23310751445611244,0.05433911329590667,0.5686921858672962,0.23324566553895346,0.054403540492709346,0.38249316674018147,0.24002953535273533,0.057614177841650016,0.1447713932653691,0.004290259308546487,1.8406324934569783e-05,0.22677850264057153,0.018340771139885175,0.00033638388600564493,0.34649746992022884,0.004216280212792577,1.7777018832786218e-05,4.7704521179199215,1.9109350359598876,3.6516727116590166
0.8,0.5,0.25,0.0,0.3075632490722881,0.010491265452041397,0.00011006665078519739,0.30601716604603635,0.012486220218569186,0.00015590569534660594,0.7898648737736812,0.1638463198416475,0.02684561652565145,0.7896177950165207,0.16402786503865202,0.026905140509138246,0.7214864675594972,0.22936975817066355,0.05261048596326867,0.8300174240395499,0.14638739193041353,0.021429268516188503,0.8298170338648656,0.14656001145249728,0.02147983695695613,0.7224248035254608,0.2391339930540028,0.057185066633951856,0.7641913416857223,0.18359381222178023,0.0337066878861263,0.7639665304410931,0.18374511707560084,0.033762268049126264,0.7053933791567512,0.2734896678755244,0.07479659843466466,0.8086869140774124,0.24772576678265398,0.061368055528053876,0.8084893130317956,0.2479448542579058,0.06147665075297415,0.7160920007058713,0.33392811013757373,0.11150798274005155,0.36499333999333994,0.18531976340045694,0.03434341470680134,0.4890055804893719,0.24165951343837777,0.05839932043527349,0.1887127818027345,0.16405192238820224,0.026913033239264732,3.6467602252960205,1.2910194750536133,1.6667312849677074
0.8,0.5,0.25,0.25,0.3072861223679448,0.010254076204941218,0.00010514607881674169,0.30573993771807384,0.012248564491129776,0.00015002733209336524,0.7896759569513679,0.16400911479257882,0.026898989735045297,0.7894288007169358,0.16419072661389778,0.02695859470599972,0.7220102408632534,0.22892007824663313,0.05240440222444463,0.8333848618408146,0.14356412871856317,0.020610659054720176,0.8331892938471782,0.14373272510696986,0.020659096266675763,0.7293956056705442,0.23333344237256548,0.05444449532943134,0.6449035076486466,0.25477143700773297,0.06490848511498526,0.6445854958727777,0.25495518602967276,0.06500214688342504,0.5435002356004336,0.331096971420482,0.10962520448381546,0.6549491353803472,0.3178895172142552,0.10105374515471224,0.6546267339304416,0.31813886245502326,0.10121233580417621,0.5230234655137219,0.3941680669248037,0.15536846498323653,0.30976523476523476,0.16293773485158553,0.026548705438565592,0.41573250908432235,0.2127817551503075,0.04527607532484542,0.21855803106009802,0.14534004322964794,0.021123728165995934,4.293439674377441,1.9589202603978983,3.8373685865973695
0.8,0.5,0.25,0.5,0.30935783090506785,0.009658141543952494,9.327969808302106e-05,0.30819819241766455,0.011522909256117918,0.000132777437724728,0.7579630454367046,0.15338401765185178,0.02352665687102358,0.7576807395684559,0.15355388655162028,0.023578796075107867,0.6775495984854354,0.2142261985552539,0.04589286414743507,0.8047738126973009,0.13491913024404908,0.01820317170581068,0.8045444444927965,0.1350777475461775,0.01824599788214886,0.6825521727460307,0.21958732274723328,0.04821859231129759,0.6602101236373081,0.2649789055075639,0.07021382036398648,0.6599141485204452,0.2651768396413454,0.07031875628217182,0.580007668303224,0.35338869886675456,0.12488357248673772,0.6835601845238608,0.3361355408900676,0.1129871018494583,0.6832715832848233,0.33640523056948535,0.1131684791545086,0.5698668984382353,0.4221383077654569,0.17820075088308363,0.34635364635364635,0.1697705158377104,0.028822028047802286,0.46335871923806,0.2221432375832641,0.04934761800397452,0.18554360048996474,0.1441352343389612,0.020774965777947258,5.964767956733704,3.988246808665108,15.906112606827419
0.8,0.5,0.25,0.75,0.28992140433964736,0.013102144907187514,0.00017166620116893972,0.288928309669158,0.013775751695176123,0.00018977133476714782,0.8385708212185887,0.13761389017297376,0.018937582768539282,0.8383493881257286,0.1377465269878365,0.018974105697210766,0.8206360036052283,0.19906317431661022,0.039626147369005146,0.9158505714700912,0.1355709223167501,0.018379474977814295,0.9157515819280111,0.13573044135803944,0.018422752711248182,0.8629551022990013,0.22086705261551115,0.04878225493106297,0.69159070069433,0.151106839560017,0.02283327696181672,0.6912738315369803,0.15121541030513935,0.022866100313751647,0.5781188281666879,0.208925031614742,0.043649668835220944,0.7228537666468713,0.20970793486662379,0.043977417946024125,0.7225547649686503,0.20988169232309642,0.04405032477240691,0.5755617019323308,0.2721157513250231,0.07404698211918181,0.2552281052281052,0.15213594692624277,0.023145346347144557,0.3462136118214297,0.18315906845739796,0.033547244358181794,0.26673728335899227,0.127909931305882,0.01636095052667545,7.350166511535645,5.964166001804574,35.57127609708156
0.8,0.5,0.25,1.0,0.25966093172055027,0.03359871023037598,0.0011288733291447716,0.2612584175676633,0.032334186650845746,0.0010454996263717315,0.6910979621192845,0.13832479138721007,0.019133747912315188,0.690680069026224,0.13842700626982066,0.01916203606482497,0.661309869463308,0.1740287688635009,0.030286012392145827,0.8619959109843283,0.14559894496367448,0.02119905277453511,0.8618341432015602,0.14576968286006656,0.021248800441124385,0.7762390385950576,0.2362078747781797,0.05579416010722422,0.5171121172421358,0.210830303985791,0.04444941707874104,0.5166619469952746,0.2109804474466613,0.04451274920479341,0.4273898010115775,0.2414662213336522,0.058305936045152315,0.6263380862368335,0.2954679252150251,0.08730129483087164,0.6259818845760597,0.2956903756360114,0.08743279824376554,0.4761800325892084,0.3572953132117025,0.1276599408430486,0.26063484708063017,0.13058926976305474,0.017053557377247883,0.3629741901418071,0.1367854820663061,0.01871026810411175,0.22420732702696342,0.09723173023541365,0.009454009364572252,6.836785459518433,3.2475630336958226,10.546665657827615
0.8,0.5,0.5,0.0,0.2911807103739318,0.013011137056138152,0.00016928968749361137,0.28653214184963083,0.015599202545397864,0.0002433351200523472,0.7900063203354913,0.1477078858200112,0.021817619533417466,0.7897262133331274,0.14784196763732588,0.021857247394876114,0.7527610243452324,0.20113144653767906,0.040453858786339246,0.8889232412272097,0.14350926645484308,0.02059490955840715,0.8887928625647856,0.14367777013656016,0.02064330163141422,0.8195970704470295,0.23318877830182003,0.054377006325895365,0.6833209680620882,0.19529406606255229,0.038139772239244536,0.683014545162006,0.19542596228449896,0.038191306734822406,0.5681144653484993,0.24553208049997194,0.0602860025546447,0.6745959264418524,0.26120285835354573,0.06822693321206247,0.6742683247723551,0.26140429662393333,0.06833220629345332,0.5258708672607696,0.3218648687870253,0.103596993759289,0.42574092574092576,0.0944989456110094,0.008930050721592512,0.5405144187537447,0.11852988693212331,0.014049334096141937,0.13558790244001884,0.07580486378726307,0.005746377373805508,4.455558943748474,1.7787346867559004,3.163897085868611
0.8,0.5,0.5,0.25,0.29141348837436476,0.012876695215058045,0.00016580927966149876,0.28599329333401846,0.01581085981961797,0.00024998328823561003,0.8222657290292135,0.13097361199994434,0.01715408704031196,0.8220154077280307,0.13109128962994204,0.017184926216841347,0.7939504891324349,0.18421347999742882,0.033934606212763105,0.9158505714700912,0.1355709223167501,0.018379474977814295,0.9157515819280111,0.13573044135803944,0.018422752711248182,0.8629551022990013,0.22086705261551115,0.048782254931062974,0.7234465725219146,0.15135655238370094,0.022908805949480002,0.7231605347275691,0.15146722826137915,0.02294232123718474,0.6056084085313386,0.20815044092877916,0.04332660605884518,0.7228537666468713,0.20970793486662379,0.043977417946024125,0.7225547649686503,0.2098816923230964,0.044050324772406904,0.5755617019323308,0.27211575132502314,0.07404698211918183,0.40779220779220776,0.08894558094433262,0.007911316369524826,0.5223802822872459,0.11673232181515093,0.013626434956355963,0.14965803022747923,0.07183474764004236,0.00516023096850857,3.862688660621643,1.3883417370893674,1.9274927789443224
0.8,0.5,0.5,0.5,0.2880591116813317,0.009745189368686605,9.496871583156243e-05,0.2826201072129567,0.011861434157069957,0.00014069362026250586,0.8139335017850853,0.14420584976695403,0.020795327107009313,0.813674282651945,0.14433759789376485,0.02083334216574215,0.7892307671606437,0.1917951878394255,0.03678539407836052,0.9175342903707234,0.13286145811186326,0.017652167051610393,0.9174377119191673,0.13301709800837552,0.01769354836256978,0.8664405033715429,0.21526033712027012,0.04633701273713234,0.6681347748524424,0.18340614020374524,0.03363781226443585,0.6678064034091575,0.18351802645889584,0.03367886603536799,0.5319560490945127,0.2099801536092043,0.04409166490974503,0.6459848772983386,0.23605852666128238,0.05572362800949536,0.6456234754179733,0.23622649837539966,0.055802958534702705,0.47902743433625616,0.27601607602675143,0.07618487422520542,0.4071012321012321,0.08783325624107499,0.007714680901910338,0.5140268173804822,0.10357267235487679,0.010727298458730657,0.15083736783019636,0.0699377817185661,0.004891293311713798,6.588403940200806,5.631845889669439,31.717688124986555
0.8,0.5,0.5,0.75,0.2776289835184114,0.01094047475595736,0.00011969398788574025,0.27410509196505045,0.013082362624406258,0.0001711482118364618,0.7703871357981391,0.12110315579215547,0.01466597434281908,0.7700508700437314,0.12118932792890232,0.014686853203859021,0.7586494774155668,0.1745764309636109,0.0304769302479924,0.9175342903707234,0.13286145811186323,0.017652167051610386,0.9174377119191673,0.13301709800837552,0.01769354836256978,0.8664405033715429,0.21526033712027012,0.046337012737132345,0.6350892865830854,0.16689935724376248,0.027855395448381053,0.6347252784869737,0.16699592406515007,0.027887638654373367,0.5125256441979597,0.1961969428757583,0.038493240393793565,0.6459848772983386,0.23605852666128238,0.05572362800949536,0.6456234754179733,0.23622649837539964,0.05580295853470269,0.47902743433625616,0.27601607602675143,0.07618487422520544,0.4071012321012321,0.08783325624107498,0.007714680901910336,0.5176538997662244,0.09371749631395443,0.008782969115356063,0.1361328089488256,0.06003959612298978,0.003604753102611729,6.432921814918518,2.6053284732279893,6.787736453412485
0.8,0.5,0.5,1.0,0.24272989838661035,0.02442483376061612,0.0005965725042337329,0.24292234514286082,0.02391287611901178,0.0005718256442832038,0.6836351949464625,0.11404466261059912,0.013006185069965386,0.6831542742138101,0.11410835958667723,0.013020717727562432,0.6767062738785967,0.1470657351782635,0.021628330463523127,0.9158505714700912,0.1355709223167501,0.018379474977814295,0.9157515819280111,0.13573044135803944,0.018422752711248186,0.8629551022990013,0.22086705261551115,0.048782254931062974,0.6123937879648188,0.16512422805991847,0.02726601069238397,0.6119981839648017,0.16526395749776768,0.027312175647823966,0.520915072541485,0.16743265808063082,0.028033694991945426,0.7228537666468713,0.20970793486662379,0.043977417946024125,0.7225547649686503,0.20988169232309642,0.04405032477240691,0.5755617019323308,0.27211575132502314,0.07404698211918183,0.39679487179487183,0.07121830452187115,0.0050720468989699724,0.5439242792835435,0.04989807756647038,0.0024898181448294943,0.12082991266014934,0.041274873381742655,0.0017036151726788882,7.056655645370483,2.8847137930569153,8.321573667852816
0.8,0.5,0.75,0.0,0.27884804558155124,0.014393111059702415,0.00020716164597692796,0.26889413766543985,0.016624204595047348,0.0002763641784179934,0.8008844136292295,0.10978150850670275,0.012051979610007247,0.8005746133765761,0.10986312868906434,0.01206990704534991,0.7692319267840247,0.14171047584167856,0.020081858963274964,0.9444616206136048,0.11715242154347649,0.013724689873500416,0.9443964312823928,0.11728996636195684,0.013756936209188967,0.9097985352235147,0.19033875384714727,0.03622884121608492,0.7156439850581431,0.12685086003327248,0.016091140691180884,0.715342111791291,0.126931346018513,0.016111566602071477,0.585154042249027,0.15440996386820577,0.02384243694178061,0.6942427175033576,0.1858557276325512,0.034542351493825056,0.6939099156142685,0.185996669393284,0.03459476102539459,0.5287182690078174,0.22761262142408428,0.051807505431543506,0.4762404262404262,0.11720755144712947,0.0137376101162315,0.6362594560718833,0.08557301711308679,0.007322741257836645,0.10062618204887142,0.0405802267121902,0.001646754800012755,5.38550295829773,5.240168399738504,27.459364857618
0.8,0.5,0.75,0.25,0.2817029710836906,0.01963892559802411,0.0003856873986447267,0.2729149624663322,0.02296075770610261,0.0005271963944383503,0.7796799217258228,0.12189646062282278,0.014858747112371383,0.7793560185211178,0.12198711390749208,0.014880855959479446,0.7392457057892022,0.15738142052130621,0.024768911525304225,0.9158505714700912,0.1355709223167501,0.018379474977814295,0.9157515819280111,0.13573044135803944,0.018422752711248186,0.8629551022990013,0.22086705261551115,0.048782254931062974,0.7261240929301536,0.15031168650577054,0.02259360310020904,0.7258405976494353,0.1504196352519427,0.02262606666932749,0.6183012798924634,0.19360324040733212,0.03748221469621924,0.7228537666468713,0.20970793486662379,0.043977417946024125,0.7225547649686503,0.2098816923230964,0.044050324772406904,0.5755617019323308,0.27211575132502314,0.07404698211918183,0.48727938727938724,0.11741732143615337,0.013786827373240962,0.6479939122316098,0.0878803973035834,0.007722964230235666,0.092848258450561,0.043878169731451484,0.0019252937789820655,6.094047880172729,4.721787718009909,22.295279253949225
0.8,0.5,0.75,0.5,0.27212014844582477,0.009662477176829016,9.336346519274163e-05,0.2621198173055587,0.004552507933989782,2.0725328489039916e-05,0.7859116529982908,0.13739735409082418,0.018878032911159318,0.785585866532176,0.13750722609243207,0.018908237227635235,0.760377669191308,0.1590901932199418,0.025309689578758416,0.9461453395142371,0.11353559316672045,0.01289033091571906,0.9460825612735491,0.1136679413187688,0.012920400883647066,0.9132839362960563,0.18281351401914586,0.03342078090802844,0.6607531015347249,0.15986150208855066,0.025555699850007683,0.6604097701927986,0.1599380884854056,0.025580192148365433,0.5177175372563027,0.1314758730942987,0.017285905205908135,0.6173738281548249,0.20347292001107578,0.04140122917783364,0.6169786260635914,0.20359350816240135,0.041450316565873786,0.4321840014117426,0.20951495519599778,0.04389651645078096,0.5018315018315017,0.15444579536841904,0.023853503706983567,0.6502476046147324,0.10845602428306336,0.011762709203288431,0.09729654041773979,0.04683360717857025,0.0021933867613566265,6.620941114425659,3.6817762738623854,13.555476530775989
0.8,0.5,0.75,0.75,0.2614076134304612,0.0036932181522313923,1.3639860319971458e-05,0.2529421839842022,0.0009338781702201963,8.72128436813822e-07,0.768388870828259,0.08963587192076909,0.008034589534996521,0.7679986188155713,0.08969123327280501,0.008044517325996725,0.7645941887114731,0.10884161399419084,0.011846496936860441,0.9730726697571186,0.0851516948750403,0.007250811140091966,0.9730412806367745,0.08525095598907657,0.007267725497051472,0.9566419681480282,0.1371101355143594,0.018799189260766,0.6889015503504701,0.12523576300823186,0.015683996336254016,0.6885666303930357,0.12529779278557399,0.015699536876936634,0.5404109889154514,0.09949411652874704,0.009899079223835896,0.6656316683598439,0.15260469000830687,0.023288191412531432,0.6652650662598867,0.15269513112180103,0.023315803068304008,0.48187483608330384,0.15713621639699835,0.024691790503564293,0.46520146520146516,0.11583434652631426,0.013417595835178252,0.6267846315921928,0.08086049527956986,0.006538419696857339,0.09238629452358718,0.029542538929446294,0.0008727616063978498,7.891413450241089,4.642296788993645,21.550919477100706
0.8,0.5,0.75,1.0,0.23437004319839416,0.01584919523755244,0.000251196989678055,0.2313158479615865,0.015769355786675005,0.0002486725819267405,0.7014320059442846,0.06963147885056897,0.004848542846917235,0.7009189880340381,0.06966826122846052,0.004853666622597016,0.6948894318671399,0.09090828524173913,0.008264316325593405,0.9730726697571186,0.0851516948750403,0.007250811140091965,0.9730412806367745,0.08525095598907659,0.007267725497051474,0.9566419681480282,0.1371101355143594,0.018799189260766,0.6626352620113691,0.13066391078667863,0.01707305758206911,0.6622685794866197,0.1307599636732452,0.0170981680998284,0.5207006677873666,0.09630089353609364,0.009273862095850042,0.665631668359844,0.15260469000830687,0.023288191412531436,0.6652650662598868,0.15269513112180103,0.023315803068304008,0.48187483608330384,0.15713621639699835,0.02469179050356429,0.46041308089500854,0.10069214580570568,0.010138908226957493,0.6207855553884615,0.07523764013184514,0.005660702492609035,0.08573106587561688,0.025850761713107243,0.0006682618811478513,8.22029206752777,4.247242819829596,18.03907157059406
0.8,0.5,1.0,0.0,0.2393535883098858,0.02343909983852341,0.0005493914012402681,0.23446279720436425,0.02510439831099226,0.000630230814556951,0.7248081673492879,0.04171878652280679,0.0017404571489355253,0.7243265391796869,0.04173289449062324,0.0017416344825654918,0.7010666108966903,0.07110069182659583,0.00505530837822055,0.9713889508564864,0.09047608154051305,0.008185921330925565,0.9713551506456183,0.09058296719225017,0.008205273945352271,0.9531565670754866,0.14813194146278494,0.021943072081533947,0.6084254395848891,0.0780389819925794,0.006090082710438133,0.6079740217568361,0.0781512676886787,0.006107620641347514,0.5182991405430994,0.13089642175729232,0.01713387322886295,0.7425005577083765,0.09047608154051308,0.008185921330925572,0.7421963558105638,0.0905829671922502,0.008205273945352276,0.5784091036793786,0.14813194146278494,0.021943072081533947,0.5851351351351352,0.02991343732591711,0.0008948137326515711,0.6888874798615477,0.001167027013324721,1.3619520498296186e-06,0.06435832741135959,0.0031816516848799646,1.0122907443899519e-05,4.841477417945862,1.0517962926367417,1.1062754412043945
0.8,0.5,1.0,0.25,0.23182548338100273,0.0017132376678347225,2.935183306487759e-06,0.226993178233366,0.0019175695793943928,3.677073091818788e-06,0.7424888115243113,0.023556371395990938,0.00055490263334586,0.7420141577283639,0.023599791338899268,0.0005569501512395848,0.7307115820150563,0.03289733315287167,0.0010822345285710295,1.0,0.0,0.0,1.0,0.0,0.0,1.0,0.0,0.0,0.5812746108905543,0.008384547903722424,7.03006435498161e-05,0.5807847439588082,0.008394356988297883,7.04652292469855e-05,0.47161111443060655,0.018364406097798595,0.00033725141132486225,0.7138895085648629,6.409875621278546e-17,4.108650548026103e-33,0.7135515064561819,9.064933036736789e-17,8.217301096052206e-33,0.531565670754865,0.0,0.0,0.5945945945945946,0.0,0.0,0.6885184335162428,0.0,0.0,0.0653644540159129,0.0,0.0,7.757195854187012,2.2328384663160428,4.985567616660577
0.8,0.5,1.0,0.5,0.23169452299628057,0.00246949106320119,6.098386111230542e-06,0.22723567435257105,0.0015682836111300322,2.459513484939054e-06,0.718826625520789,0.07460795483456653,0.00556634692459672,0.7183432667859716,0.07464057358190782,0.005571215224636195,0.7004246953545767,0.09594235887375102,0.009204936226259631,0.962012426474609,0.12012725512334756,0.014430557423469832,0.9619686942526027,0.12026554855202756,0.0144638021685201,0.9513578192635247,0.15382008148482862,0.023660617467999315,0.5672490675332048,0.04649105629947822,0.0021614183158412538,0.5667660984714288,0.04647292151582551,0.0021597324342160773,0.46295034769389637,0.03542588693735385,0.0012549934652981783,0.6682489877971133,0.14432799922230552,0.020830571359513824,0.6678855440396572,0.14440845277986508,0.02085380123427452,0.486032703641005,0.14398788470534118,0.02073251094191863,0.6285086291110388,0.10724559371753062,0.011501617371825642,0.7153539395622088,0.08486132126847203,0.007201443847430822,0.05892094916368097,0.020376151447399588,0.00041518754780736427,11.076125717163086,5.614722643419583,31.52511036252859
0.8,0.5,1.0,0.75,0.2354940081317177,0.0318176649112825,0.001012363800406658,0.2332593344389144,0.03294240637168478,0.001085202137557218,0.6780927144807227,0.03945005462505382,0.0015563068099197304,0.6775551304401197,0.039408439714036875,0.0015530251206948788,0.6625560692860798,0.08291411990687483,0.006874751279931618,0.9427779017129726,0.12063477538735073,0.014552749032756563,0.9427103012912366,0.1207772895896669,0.01458715368062626,0.9063131341509731,0.1975092552837133,0.039009905922727024,0.5877702236634885,0.10300299416924076,0.010609616807828645,0.5873061176730366,0.10315946986074687,0.010641876221950342,0.5252213441335725,0.16369346555902645,0.026795550666724177,0.7711116068518902,0.12063477538735076,0.01455274903275657,0.7708412051649456,0.12077728958966692,0.014587153680626266,0.625252536603892,0.1975092552837133,0.039009905922727024,0.5756756756756757,0.039884583101222816,0.0015907799691583487,0.7030452032868665,0.026017054797551568,0.0006768871403388011,0.046913281542516026,0.003500580394989659,1.225406310178596e-05,9.677146530151367,5.5953682775777525,31.30814616172342
0.8,0.5,1.0,1.0,0.1721635535145744,0.018745254152660068,0.0003513845532478195,0.17306052108690176,0.020632494780906587,0.0004256998408841376,0.5667757064973866,0.04986499543956114,0.002486517770187453,0.5659812207066091,0.049956442366541176,0.00249564613392155,0.5761262021003815,0.05207973941931876,0.002712299257984144,1.0,0.0,0.0,1.0,0.0,0.0,1.0,0.0,0.0,0.41061185526496635,0.14234603027489645,0.020262392335021737,0.40992674695733883,0.1425114941525979,0.02030952596560594,0.360686119952789,0.09075204836478096,0.008235934282403542,0.7138895085648629,6.409875621278546e-17,4.108650548026103e-33,0.7135515064561819,9.064933036736789e-17,8.217301096052206e-33,0.531565670754865,0.0,0.0,0.5945945945945946,0.0,0.0,0.686127744510978,0.0,0.0,0.0415452462366269,0.0,0.0,11.60438950061798,5.254147293344765,27.60606378016212
0.8,0.75,0.0,0.0,0.2980911378061787,0.015869380413339115,0.0002518372347032711,0.29372814580341833,0.018169248587472726,0.00033012159423337963,0.8975882839043999,0.08620346087030963,0.007431036666019002,0.8974367406442072,0.08628569363673112,0.007445220926371823,0.8745550161525794,0.15961558810803078,0.025477135967072535,0.9461453395142371,0.11353559316672043,0.012890330915719055,0.9460825612735491,0.11366794131876877,0.012920400883647062,0.9132839362960563,0.18281351401914583,0.033420780908028434,0.5774094205209284,0.16121971523082604,0.025991796579108644,0.5769736478566033,0.16129294798300883,0.026015415069049593,0.4388157929661599,0.1810253339904488,0.03277017154635353,0.617373828154825,0.2034729200110758,0.041401229177833655,0.6169786260635914,0.20359350816240132,0.04145031656587377,0.4321840014117426,0.2095149551959978,0.043896516450780965,0.1474358974358974,0.0,0.0,0.20679361996727258,0.0,0.0,0.38244158762736236,0.02318674185991118,0.0005376249980781573,3.029850125312805,1.2249211387215364,1.5004317960868656
0.8,0.75,0.0,0.25,0.2900911003973441,0.0020393306429470374,4.158869471262778e-06,0.2852065293682572,0.0004356253271941056,1.8976942569297157e-07,0.9026055494664229,0.11343920450354696,0.012868453118397547,0.9024565406591684,0.11355453900927223,0.012894633329608328,0.904674647325106,0.1441767453726534,0.020786933906250936,0.9713889508564864,0.09047608154051302,0.008185921330925562,0.9713551506456183,0.09058296719225015,0.008205273945352266,0.9531565670754866,0.14813194146278497,0.021943072081533954,0.6604528798579947,0.020776903438466866,0.00043167971649137635,0.6600703614364447,0.02083545901242945,0.00043411635225862766,0.5498615148364681,0.07961940454207363,0.006339249579634375,0.7425005577083765,0.09047608154051306,0.008185921330925569,0.7421963558105638,0.09058296719225017,0.008205273945352271,0.5784091036793786,0.14813194146278497,0.021943072081533954,0.20412087912087912,0.17925365124947135,0.032131871486267095,0.27022919303548043,0.20060089557357244,0.04024071930491931,0.3554864669689575,0.12001968867508359,0.014404725669663986,5.40818338394165,5.103221589909351,26.042870595716927
0.8,0.75,0.0,0.5,0.2888146379962166,0.003698427871681135,1.367836872202785e-05,0.2844516459934562,0.0014219964283350489,2.022073842197636e-06,0.866732923247539,0.15125227267139593,0.022877249988262308,0.8665474424671942,0.1514060520123629,0.02292379258597034,0.8590819572243333,0.1922356604968712,0.03695454916666833,0.9427779017129726,0.12063477538735072,0.01455274903275656,0.9427103012912366,0.12077728958966688,0.014587153680626257,0.9063131341509731,0.1975092552837133,0.039009905922727024,0.6670231136170887,0.027702537917955853,0.0007674306070957818,0.6666591120938805,0.02778061201657263,0.0007717624040153395,0.575039381266399,0.1061592060560982,0.011269777030461116,0.7711116068518903,0.12063477538735075,0.014552749032756567,0.7708412051649456,0.12077728958966692,0.014587153680626266,0.625252536603892,0.1975092552837133,0.039009905922727024,0.2608058608058608,0.23900486833262846,0.05712332708669707,0.33366476610368817,0.2674678607647632,0.07153905654207876,0.31753290894119945,0.1600262515667781,0.02560840119051375,5.033426237106323,2.274875598706866,5.175058989591923
0.8,0.75,0.0,0.75,0.28114462098612913,0.016618167243094,0.00027616348251944243,0.2793601517651054,0.017181105837103396,0.00029519039778574843,0.7717166241305269,0.1516846168438915,0.023008222987078174,0.7714085329037521,0.15181657458488867,0.023048272318689066,0.7458430147175432,0.20984832244001053,0.04403631843088662,0.8872395223265774,0.14565427028766992,0.0212151664530336,0.8871067325736292,0.1458258379136877,0.021265175003229116,0.8161116693744876,0.23761193237230355,0.05645943040570015,0.6228664717436514,0.12397206200217795,0.015369072157071851,0.6224943417971456,0.12404961897732415,0.0153883079684193,0.5427147312662266,0.18408093005547455,0.03388578881008851,0.751464815790385,0.2271417856078635,0.05159339076912862,0.7511996143230322,0.22733784178913316,0.05168249430934094,0.6224051348568442,0.3023412319986794,0.0914102205664793,0.34476356976356975,0.3177277380165467,0.10095091550511133,0.4120164601114116,0.3170341969543408,0.10051068203848375,0.2527519407093906,0.16919009687741593,0.02862528888138939,6.358425903320312,3.1167157705150026,9.713917194176926
0.8,0.75,0.0,1.0,0.2602946847358166,0.03071843638774758,0.0009436223341080945,0.2617097928775899,0.029669593321132903,0.0008802847678414142,0.7757636635224537,0.06315508440537003,0.003988564686249413,0.7753968174315402,0.0631938483184789,0.003993462465298919,0.7625012749766389,0.1141742555921628,0.013035760640024516,0.9461453395142371,0.11353559316672043,0.012890330915719055,0.9460825612735491,0.1136679413187688,0.012920400883647067,0.9132839362960563,0.18281351401914586,0.03342078090802844,0.540251402494657,0.18573273210333394,0.03449664777456882,0.5397761087221742,0.1858370250601216,0.03453539988319626,0.4199363750952811,0.18408267160527064,0.033886429985333914,0.617373828154825,0.20347292001107584,0.04140122917783366,0.6169786260635914,0.20359350816240138,0.04145031656587379,0.4321840014117426,0.2095149551959978,0.043896516450780965,0.1456595613222119,0.0037448453395053684,1.402386661681508e-05,0.23057540298919604,0.016009137533787673,0.00025629248457572924,0.331726835544413,0.011005045056570665,0.0001211110166971504,29.363761019706725,35.785988441668984,1280.636968747266
0.8,0.75,0.25,0.0,0.3009975428189246,0.014497469791067485,0.0002101766303429143,0.2991971864797151,0.016282393086810613,0.0002651163246334181,0.72267093127648,0.13926536660122082,0.019394842334572435,0.7223369006081388,0.13939813076898785,0.01943183886188784,0.6534402991505178,0.19783352298430515,0.03913810281638159,0.8081412504985653,0.13256494677476544,0.017573465113396396,0.8079167044751092,0.13272018583914447,0.017614647729177042,0.6895229748911141,0.21469903313562275,0.046095674829371235,0.4844194385921504,0.20777405209172192,0.04317005672261358,0.483977935439803,0.20790180901480843,0.04322316219162988,0.374232671442196,0.2803895764855537,0.07861831460174817,0.5298224058267955,0.3315487251171422,0.1099245571268023,0.5294090041834691,0.3317983023346974,0.11009011343218728,0.376798363246086,0.39915490895330963,0.1593246413415249,0.32619047619047614,0.20860538753912114,0.04351620771034692,0.4150861266015111,0.23008925908511418,0.052941067146336805,0.2026548889463176,0.12260938294646244,0.015033060786512275,3.761579728126526,1.303819208993766,1.6999445297411295
0.8,0.75,0.25,0.25,0.2901994880678808,0.009083991555526518,8.25189025808771e-05,0.2866089847022094,0.009895239240010236,9.791575961703835e-05,0.7914198793901566,0.16615466726780914,0.027607373454876363,0.791148767056115,0.16631494654219378,0.027660661443332773,0.7660457645356051,0.22322985486039332,0.04983156810099227,0.8872395223265774,0.14565427028766992,0.021215166453033604,0.8871067325736292,0.14582583791368772,0.021265175003229123,0.8161116693744876,0.23761193237230352,0.056459430405700145,0.6371200815891418,0.12629574558034853,0.01595061535169613,0.6367591222173601,0.1263836023765062,0.015972814949662826,0.560205544045772,0.19407524664829456,0.03766520136159637,0.751464815790385,0.2271417856078635,0.05159339076912862,0.7511996143230321,0.22733784178913316,0.051682494309340944,0.6224051348568442,0.3023412319986794,0.09141022056647928,0.34441391941391936,0.2567339989187403,0.06591234620080777,0.43125387833464746,0.2848807245104572,0.08115702719760302,0.23205652035841823,0.15814641358893666,0.025010288131043012,3.524592399597168,0.7929442723311988,0.6287606190228544
0.8,0.75,0.25,0.5,0.29157213219968775,0.012611829209268914,0.00015905823600376856,0.2891559053203695,0.013486208029660069,0.0001818778070192677,0.7318520492280138,0.16399324231611065,0.026893783525350583,0.7315241195669531,0.16415135148567372,0.0269456661945732,0.6823653806960509,0.2214027457345515,0.04901917581879846,0.8317011429401824,0.1449934953186416,0.021023113684716946,0.831503163856022,0.1451641331006673,0.021072625538868253,0.7259102045980025,0.23628008545452744,0.055828278782398794,0.6071467247938662,0.17070267463816674,0.029139403128623818,0.6067887696788261,0.17082118608399188,0.029179877615141785,0.5451500204336149,0.25215414072479353,0.06358171068465898,0.7318180247288798,0.2962705903897871,0.08777626272991301,0.7315580234811186,0.29651394432761463,0.08792051918071976,0.6195577331097966,0.37919983927532663,0.14379251810643356,0.4075091575091575,0.26628116325041645,0.07090565790199493,0.5023700023238484,0.2946270784652716,0.08680511536498131,0.18294639334015078,0.1575423690526008,0.024819598046705867,5.965899062156677,2.8555430231705556,8.154125957178037
0.8,0.75,0.25,0.75,0.2833874004607785,0.016483815847988522,0.0002717161849103975,0.28060408296572115,0.017950937407507306,0.00032223615380824516,0.8230740849207836,0.08480761583664177,0.007192331703895412,0.8227964562334587,0.08486580055988106,0.0072022041046695085,0.8260822659947473,0.14761627218407117,0.021790563813521784,0.9461453395142371,0.11353559316672046,0.012890330915719063,0.9460825612735491,0.11366794131876873,0.01292040088364705,0.9132839362960563,0.18281351401914586,0.03342078090802844,0.5738205566504804,0.15187524762067178,0.02306609083984037,0.5733804298401465,0.15193932292193846,0.023085557849977095,0.4407028949560762,0.16784917852694903,0.028173346732171603,0.617373828154825,0.20347292001107584,0.04140122917783366,0.6169786260635914,0.20359350816240138,0.0414503165658738,0.4321840014117426,0.2095149551959978,0.043896516450780965,0.19102564102564096,0.03783921986526269,0.0014318065600116903,0.26966231866208046,0.042369195251511574,0.001795148706260711,0.293104181967688,0.05406979766207179,0.0029235430192173836,6.316688704490661,2.9725843414335698,8.83625766693605
0.8,0.75,0.25,1.0,0.25253036550601404,0.029968641008646983,0.0008981194439051577,0.2530113952579862,0.029943006363782738,0.0008965836301015336,0.6529550234851162,0.16551504926637356,0.027395231533650064,0.6524910967262648,0.1656320367522806,0.02743397159870883,0.6370531359504904,0.19593915340060883,0.03839215183534732,0.860312192083696,0.14737217660097626,0.021718558436109335,0.8601480132104037,0.14754545296341864,0.021769660690180385,0.772753637522516,0.23987655507430797,0.05754076167431751,0.5521810373960677,0.15374293221975727,0.023636889207528877,0.5517684465499284,0.15381498540628266,0.02365904973553495,0.4662406594782448,0.18044268391405768,0.032559562178108535,0.7032069755853662,0.2809112756468402,0.07891114478553506,0.7029131741267369,0.2811370837191808,0.07903805984212567,0.5727143001852831,0.3551519041945738,0.12613287505303172,0.3618396663577386,0.2715360004485504,0.07373179953959516,0.4580338065126841,0.2654860587613478,0.0704828473966338,0.1862394492624872,0.12483621331740058,0.01558408015542754,6.066757345199585,2.7277091065872083,7.440396970158785
0.8,0.75,0.5,0.0,0.2811127664463568,0.001875913201105053,3.5190503380802076e-06,0.27479698326933716,0.007151724203985381,5.114715908987033e-05,0.7367611422957906,0.13511761279581122,0.01825676928763877,0.7363959516858056,0.1352137885510509,0.0182827686143283,0.7147092880496582,0.18887062586980527,0.03567211331645196,0.8889232412272097,0.14350926645484302,0.020594909558407135,0.8887928625647856,0.1436777701365602,0.020643301631414226,0.8195970704470295,0.23318877830182003,0.05437700632589537,0.6036841016804672,0.14558017968760883,0.021193588717876473,0.6032981952314378,0.1456597871264825,0.0212167735857322,0.5125642417173886,0.19486894070294933,0.03797390405068958,0.6745959264418524,0.26120285835354573,0.06822693321206248,0.674268324772355,0.2614042966239334,0.06833220629345334,0.5258708672607696,0.3218648687870253,0.10359699375928902,0.46080586080586083,0.15237146193169376,0.0232170624112016,0.5655148975222455,0.16304836200905987,0.02658476835383744,0.11269568553942748,0.06924677501054413,0.004795115849360919,4.768215465545654,3.3836925023725177,11.44937495061199
0.8,0.75,0.5,0.25,0.28069239127186185,0.002053196538498247,4.215616025701184e-06,0.2732806411892589,0.007082943621183305,5.016809034086126e-05,0.762921530385043,0.1263990441327392,0.015976718357670148,0.7625748681728415,0.12648916279789554,0.015999508305312524,0.7510070804275099,0.17711681126284237,0.031370364831917324,0.914166852569459,0.13820449741413263,0.01910048310549299,0.9140654519368546,0.1383677679440626,0.01914563920582196,0.8594697012264595,0.2262752781979932,0.05120050152357922,0.6748169101482244,0.030892905709174703,0.0009543716231559589,0.6744720883961476,0.03098189340017438,0.0009598777186597689,0.604058349129187,0.11897003755836576,0.014153869836638957,0.799722655995404,0.13820449741413263,0.019100483105492994,0.7994860545193274,0.13836776794406266,0.019145639205821973,0.6720959695284054,0.2262752781979932,0.05120050152357922,0.4610805860805861,0.1747281384232243,0.03052992235684543,0.5682344653467604,0.18832916297918634,0.03546787362844093,0.11991590689577984,0.07315485894362726,0.005351633387062002,8.178640341758728,3.9827271880836896,15.862115854701013
0.8,0.75,0.5,0.5,0.2805571673412844,0.0016125059825535673,2.6001755437710456e-06,0.2731674380909455,0.0065866921085357836,4.3384512932647565e-05,0.762921530385043,0.1263990441327392,0.01597671835767015,0.7625748681728415,0.12648916279789554,0.015999508305312524,0.7510070804275099,0.17711681126284237,0.031370364831917324,0.914166852569459,0.13820449741413263,0.019100483105492994,0.9140654519368546,0.13836776794406264,0.01914563920582197,0.8594697012264595,0.2262752781979932,0.05120050152357922,0.6748169101482244,0.03089290570917471,0.0009543716231559593,0.6744720883961476,0.0309818934001744,0.00095987771865977,0.604058349129187,0.11897003755836576,0.014153869836638957,0.799722655995404,0.13820449741413263,0.019100483105492994,0.7994860545193274,0.13836776794406266,0.019145639205821977,0.6720959695284054,0.2262752781979932,0.05120050152357922,0.4610805860805861,0.1747281384232243,0.03052992235684543,0.5682344653467604,0.18832916297918637,0.03546787362844094,0.11991590689577984,0.07315485894362726,0.005351633387062002,6.560534191131592,3.9722001565761773,15.778374083903806
0.8,0.75,0.5,0.75,0.2665663118883067,0.002206954412327794,4.870647778093118e-06,0.2596358442414082,0.004639515302584193,2.15251022429129e-05,0.7646828618786088,0.07114220924950097,0.005061213936899783,0.7642826615898735,0.07117569544866317,0.005065979622600851,0.7878893687408846,0.10771905771473445,0.01160339539495029,0.9713889508564864,0.09047608154051305,0.008185921330925565,0.9713551506456183,0.09058296719225016,0.008205273945352268,0.9531565670754866,0.14813194146278497,0.021943072081533954,0.650078796606328,0.023444139279027002,0.0005496276665344167,0.6496856083494101,0.02348816623763432,0.0005516939532067448,0.5437700708059182,0.06538958934705606,0.004275798394976629,0.7425005577083765,0.09047608154051306,0.008185921330925569,0.7421963558105638,0.09058296719225017,0.008205273945352271,0.5784091036793786,0.14813194146278497,0.021943072081533954,0.39782717282717284,0.14313439592353877,0.020487455296396354,0.5087141229888952,0.12758661648242858,0.01627834470543432,0.12980272973114798,0.04305676699964377,0.0018538851844616126,7.2019154787063595,4.905389005989931,24.062841300086884
0.8,0.75,0.5,1.0,0.23960972257606022,0.018148919766839494,0.00032938328870317735,0.23771843916017402,0.017788451196055412,0.00031642899595444516,0.691694097631568,0.06516283741400905,0.004246195379844577,0.691162545233628,0.06519598005436786,0.004250515815249532,0.7132212115434242,0.08963062884519625,0.008033649627185325,0.9730726697571186,0.08515169487504033,0.0072508111400919695,0.9730412806367745,0.08525095598907657,0.007267725497051472,0.9566419681480282,0.13711013551435938,0.018799189260765996,0.5883337072597525,0.1337150989905682,0.01787972769805745,0.5878849487117472,0.1337981809359514,0.017901953221769584,0.470199297474634,0.11491885952890571,0.013206344275424364,0.6656316683598439,0.15260469000830684,0.023288191412531425,0.6652650662598867,0.15269513112180103,0.023315803068304008,0.48187483608330384,0.15713621639699835,0.024691790503564296,0.36730769230769234,0.046623324476841484,0.0021737343852728463,0.5231847904955794,0.032411748913416444,0.0010505214676263521,0.11839189576459193,0.020111346098582353,0.00040446624189696364,8.142611742019653,4.5549006566813635,20.747119992236314
0.8,0.75,0.75,0.0,0.26971888848935166,0.004502802474038807,2.027523012021e-05,0.25533836477177274,0.0009827942879863944,9.658846124986839e-07,0.7651277558579955,0.0799789844378429,0.006396637951708718,0.7647284575149614,0.08002152085703869,0.0064034438002734785,0.7583970035127461,0.10405635397543596,0.010827724802661228,0.9730726697571186,0.08515169487504035,0.007250811140091971,0.9730412806367745,0.08525095598907659,0.007267725497051474,0.9566419681480282,0.13711013551435938,0.018799189260765996,0.6312483039670997,0.08828316288974278,0.0077939168498168555,0.6308428454964814,0.08830630457642702,0.007798003427944695,0.5148975336520377,0.08293389287474363,0.006878030587359454,0.6656316683598439,0.15260469000830687,0.023288191412531432,0.6652650662598867,0.15269513112180097,0.023315803068303994,0.48187483608330384,0.15713621639699835,0.024691790503564293,0.5583333333333333,0.08311114363263046,0.00690746219592373,0.654953921188824,0.07065038510382776,0.004991476915319168,0.0769895908146998,0.024087269999507,0.00058019657602915,5.808541774749756,4.277280815419804,18.2951311739583
0.8,0.75,0.75,0.25,0.26822299128813293,0.005913525569059885,3.496978465592504e-05,0.25540637391275367,0.00101499082452329,1.0302063738664682e-06,0.739836180280921,0.10663864591712388,0.011371800803037721,0.7394234307410702,0.10669536114271826,0.011383900089375074,0.7254914951552366,0.13874180530058128,0.019249288538064405,0.9461453395142371,0.11353559316672043,0.012890330915719055,0.9460825612735491,0.11366794131876878,0.012920400883647064,0.9132839362960563,0.18281351401914583,0.033420780908028434,0.6033307165895757,0.11771088385299035,0.013855852177452185,0.6029179400750754,0.117741739435236,0.013863117205235009,0.48867153398117774,0.11057852383299152,0.012227609933083474,0.617373828154825,0.20347292001107578,0.04140122917783365,0.6169786260635914,0.20359350816240138,0.04145031656587379,0.4321840014117426,0.2095149551959978,0.04389651645078097,0.5846153846153845,0.11081485817684064,0.012279932792753304,0.6772955346384368,0.09420051347177037,0.00887373673834519,0.0693725272333113,0.032116359999342675,0.001031460579607378,7.713224101066589,4.173130649853345,17.415019420745402
0.8,0.75,0.75,0.5,0.2733429578136284,0.004505527208089585,2.029977542283553e-05,0.2605603170722436,0.011226881569311706,0.00012604286977135087,0.7482858478473495,0.08882518259634617,0.007889913063274238,0.7478817188173624,0.08886372419143326,0.007896761477171122,0.7319100967798348,0.12521020494925642,0.015677595423434793,0.9427779017129726,0.12063477538735073,0.014552749032756563,0.9427103012912363,0.12077728958966688,0.014587153680626257,0.9063131341509731,0.19750925528371327,0.03900990592272702,0.6712497098136669,0.025474926129457107,0.0006489718613012964,0.6708880242049835,0.025551779633946586,0.0006528934424617675,0.5881912891994873,0.09922754194853214,0.009846105081147707,0.7711116068518903,0.12063477538735073,0.014552749032756563,0.7708412051649456,0.1207772895896669,0.01458715368062626,0.625252536603892,0.19750925528371327,0.03900990592272702,0.5684981684981685,0.07683678319578846,0.005903891251876601,0.6743197163212391,0.08792693761497443,0.007731146358347606,0.07046621246069765,0.029810669091462672,0.000888675991680688,7.630951142311096,3.5052001260806835,12.28642792387604
0.8,0.75,0.75,0.75,0.2580334272045664,0.005554212993422624,3.084928197630471e-05,0.24785011730348572,0.009044098225437064,8.179571271135383e-05,0.6957367189710901,0.08408308784881692,0.007069965662191864,0.6952433445130655,0.08409962564831713,0.00707274703418708,0.6975774539928249,0.12112282056944909,0.014670737662698961,0.9444616206136048,0.11715242154347649,0.013724689873500416,0.9443964312823928,0.11728996636195685,0.013756936209188969,0.9097985352235147,0.1903387538471473,0.036228841216084925,0.6092291220443861,0.10062032734357851,0.010124450274728893,0.6088136553206955,0.10066634045309088,0.0101337121002176,0.519513850286357,0.1121022936380285,0.012566924238906764,0.6942427175033576,0.1858557276325512,0.034542351493825056,0.6939099156142685,0.185996669393284,0.03459476102539459,0.5287182690078174,0.22761262142408425,0.0518075054315435,0.5856476856476857,0.11301733466341832,0.012772917934423096,0.6923218955654462,0.09095673134189732,0.008273126976402085,0.05966395921495491,0.02740855616014174,0.0007512289507836437,8.146708011627197,4.112790968508658,16.915049550646383
0.8,0.75,0.75,1.0,0.22654688502074868,0.014920147672277577,0.00022261080656257003,0.22118804874819414,0.013743844598955845,0.00018889326436024773,0.6396053880548178,0.08032668535505218,0.006452376380129555,0.638985629523531,0.08036026766482049,0.006457772619161594,0.6523598172196027,0.09300218347859325,0.008649406131785924,0.9713889508564864,0.09047608154051305,0.008185921330925565,0.9713551506456183,0.09058296719225019,0.008205273945352273,0.9531565670754866,0.14813194146278497,0.02194307208153395,0.6186902302843147,0.07932680454687496,0.006292741919618103,0.6182650307241151,0.07940841121632682,0.006305695771901257,0.5133821195234308,0.061582177061085056,0.0037923645315828306,0.7425005577083765,0.09047608154051305,0.008185921330925567,0.7421963558105638,0.09058296719225019,0.008205273945352273,0.5784091036793786,0.14813194146278497,0.02194307208153395,0.554147358665431,0.06987392945429205,0.004882366017383382,0.7250281009279866,0.04075350165990233,0.0016608478975436622,0.06204881063508507,0.01774880484334945,0.0003150200733673049,9.798680305480957,4.570713495464143,20.89142185761805
0.8,0.75,1.0,0.0,0.23194365077272217,0.014690736069220276,0.0002158177262554896,0.22394802913447104,0.017487536318918213,0.0003058139265054836,0.659528106002656,0.042622492549031964,0.0018166768710922853,0.6589312999695184,0.04262435878675698,0.0018168359619821872,0.6531334043345597,0.06950939240316781,0.004831555632257562,0.9713889508564864,0.09047608154051302,0.008185921330925562,0.9713551506456183,0.09058296719225015,0.008205273945352266,0.9531565670754866,0.14813194146278497,0.021943072081533954,0.5286396002229866,0.055659551768881696,0.0030979857031128216,0.5281006769070199,0.05576420890317465,0.003109646994596903,0.47653435229210217,0.09396074801142572,0.008828622166866643,0.7425005577083765,0.09047608154051306,0.008185921330925569,0.7421963558105638,0.09058296719225017,0.008205273945352271,0.5784091036793786,0.14813194146278497,0.021943072081533954,0.6176164115923152,0.01582340172948687,0.00025038004229272805,0.7511853027022273,0.018703242011940943,0.0003498112617572327,0.0392925952610824,0.005875023854335348,3.451590528900937e-05,5.598316049575805,2.264371224216972,5.127377041061867
0.8,0.75,1.0,0.25,0.23123407734208462,0.016281577007100298,0.0002650897498381371,0.22387703356007355,0.018786130746494673,0.0003529187084243925,0.6648592504840107,0.04330245068423757,0.0018751022352608267,0.6642722745236257,0.04330253096204689,0.00187510918771903,0.6602799364126561,0.07079436346097333,0.005011841897844395,0.9713889508564864,0.09047608154051302,0.008185921330925562,0.9713551506456183,0.09058296719225015,0.008205273945352266,0.9531565670754866,0.14813194146278497,0.021943072081533954,0.5263226579777845,0.056338774598151196,0.0031740575232212863,0.5257810228450392,0.0564443338362188,0.0031859628222145144,0.47161315088817996,0.09531819351078927,0.009085558014160269,0.7425005577083765,0.09047608154051308,0.00818592133092557,0.7421963558105638,0.09058296719225019,0.008205273945352275,0.5784091036793786,0.14813194146278497,0.021943072081533954,0.6176164115923152,0.01582340172948687,0.00025038004229272805,0.7511853027022273,0.018703242011940936,0.0003498112617572325,0.0392925952610824,0.005875023854335347,3.451590528900936e-05,9.65792760848999,5.62994026141406,31.69622734709101
0.8,0.75,1.0,0.5,0.23110909197416074,0.014998862037513414,0.00022496586242036102,0.2243824952405511,0.01751144573797195,0.000306650731833936,0.647185215962738,0.06215218947056068,0.0038628946559844737,0.646600592841038,0.06213971264559802,0.003861343887677494,0.6342455129897983,0.09629341905515998,0.009272422553332648,0.9334013773310954,0.14213101238333384,0.020201224681111397,0.933323844898221,0.14229611712792556,0.020248184949684306,0.9045143863390113,0.20134599058811303,0.0405402079259085,0.5199146982007331,0.06279759012587285,0.003943537325617123,0.5193888991379157,0.06287391449958989,0.00395312912450174,0.46664507015700984,0.09917786522501376,0.009836248950590994,0.6968600369406269,0.17865699534346297,0.03191832198515415,0.696530393394039,0.17879024609783678,0.03196595209972504,0.5328761365655185,0.2177507895197109,0.04741540633645744,0.6497286443069574,0.1010210931370857,0.010205261258611743,0.7723455702734657,0.06744823778458377,0.0045492647802457525,0.03527049171745831,0.013404612460941306,0.00017968363522802294,11.667450261116027,5.13295722566331,26.34724988048918
0.8,0.75,1.0,0.75,0.2185918174332318,0.016310873174843286,0.0002660445837258223,0.213994468972092,0.017915256235887713,0.00032095640599751356,0.6313987916207943,0.02865957548299576,0.0008213712668655317,0.630751837987092,0.028610855094343166,0.0008185810292295024,0.6487053230591692,0.06225400704024169,0.003875561392566462,0.9713889508564864,0.09047608154051305,0.008185921330925567,0.9713551506456183,0.09058296719225017,0.008205273945352271,0.9531565670754866,0.14813194146278497,0.02194307208153395,0.46805066608809476,0.06851717287224418,0.004694602978404993,0.46744308295596637,0.06863896458056636,0.004711307458692243,0.4302576201226187,0.09118443073522342,0.008314600408506758,0.7425005577083766,0.09047608154051305,0.008185921330925567,0.7421963558105638,0.0905829671922502,0.008205273945352276,0.5784091036793786,0.14813194146278497,0.02194307208153395,0.7150834105653383,0.011210113114127927,0.00012566663603154292,0.7996614026872669,0.01625922425346674,0.000264362373324521,0.02505055379796628,0.003560223927007923,1.2675194410439719e-05,12.45801043510437,4.935014445254303,24.354367574868636
0.8,0.75,1.0,1.0,0.17246798414944084,0.024357363435358912,0.0005932811535221594,0.17208159041719412,0.025215443317852384,0.0006358185817158264,0.5049047529472264,0.05708923654918892,0.0032591809297692477,0.5040385691548362,0.05712727614885195,0.0032635256801871885,0.5313482120175286,0.06450722298441113,0.00416118181716054,0.9713889508564864,0.09047608154051305,0.008185921330925565,0.9713551506456183,0.09058296719225016,0.008205273945352268,0.9531565670754866,0.14813194146278497,0.021943072081533954,0.38418322323292176,0.13521248771360103,0.018282416833700712,0.3834862278082595,0.135394305883467,0.018331618065665824,0.35427568031653445,0.11074096518395603,0.012263561369874162,0.7425005577083765,0.09047608154051308,0.00818592133092557,0.7421963558105638,0.0905829671922502,0.008205273945352276,0.5784091036793786,0.14813194146278497,0.021943072081533954,0.7156858202038925,0.01311509965639806,0.00017200583899725254,0.8102700296427848,0.0030431778563088496,9.260931465128525e-06,0.024024282923076682,0.0033795347884872816,1.1421255386595775e-05,9.248762392997742,5.007608411652558,25.07614200445345
0.8,1.0,0.0,0.0,0.26730342752660874,0.03448892664294761,0.0011894860609826213,0.26636021409363514,0.03514371667022269,0.001235080821396888,0.7798969452103693,0.08615895834525569,0.0074233661031395054,0.7795592383844097,0.08623062054341725,0.007435719919302812,0.744132710021843,0.1394500958398077,0.019446329229731548,0.9192180092713557,0.13007136243955186,0.01691855932688126,0.9191238419103236,0.13022298629576412,0.016958026159786768,0.8699259044440847,0.20943919151340162,0.04386477494178732,0.48021435077339414,0.15285018624388752,0.023363179434791104,0.4796943020396779,0.15289269844081965,0.02337617723651542,0.3528368296176284,0.17136786020544933,0.029366943511394423,0.569115987949806,0.23310751445611244,0.05433911329590667,0.5686921858672962,0.2332456655389534,0.05440354049270932,0.38249316674018147,0.24002953535273533,0.057614177841650016,0.14518833301139653,0.005150498978749944,2.6527639730104213e-05,0.22677850264057153,0.018340771139885175,0.00033638388600564493,0.3440441405037625,0.006003868695571951,3.604643931366883e-05,4.022340846061707,2.164957597956047,4.687041400947617
0.8,1.0,0.0,0.25,0.26246991505716455,0.02945194864697323,0.0008674172791039484,0.261701375900632,0.029920551435392417,0.0008952393981979632,0.7553217433705142,0.13978693602539752,0.019540387483368577,0.7549824268789099,0.13990292378983288,0.019572828084943785,0.7162241952503838,0.18528100318176557,0.03432905014004142,0.8889232412272097,0.14350926645484308,0.020594909558407145,0.8887928625647854,0.14367777013656016,0.020643301631414222,0.8195970704470295,0.23318877830182,0.05437700632589536,0.5192123384793244,0.1349317005198411,0.01820656380517609,0.5187407829882991,0.1349946785522151,0.018223563237415884,0.42396418924431317,0.18223794964735396,0.03321067029167152,0.6745959264418524,0.2612028583535458,0.0682269332120625,0.6742683247723551,0.26140429662393333,0.06833220629345332,0.5258708672607696,0.3218648687870253,0.10359699375928903,0.2483136951902646,0.21632722158170983,0.04679746679726218,0.3362270983680696,0.2272648528770552,0.05164931335322954,0.27941679041785367,0.13503163766989137,0.01823354317181283,4.589371657371521,3.036997528565952,9.2233539885157
0.8,1.0,0.0,0.5,0.24379722215539248,0.008992604728516857,8.086693980334373e-05,0.24263260450332674,0.008615300166791653,7.422339696392028e-05,0.8072735322112653,0.1346163945186556,0.01812157367320233,0.8069591909856839,0.13474786477721387,0.018156987062018317,0.8058863451295156,0.14337190686132945,0.020555503677053725,0.9713889508564864,0.09047608154051302,0.008185921330925562,0.9713551506456183,0.09058296719225012,0.008205273945352263,0.9531565670754866,0.14813194146278497,0.021943072081533954,0.578105751879243,0.009922875144578432,9.846345113489243e-05,0.577631316826875,0.00998434278953162,9.968710093887206e-05,0.47689348165808987,0.05579385848620104,0.003112954644778228,0.7425005577083765,0.09047608154051308,0.00818592133092557,0.7421963558105638,0.09058296719225019,0.008205273945352275,0.5784091036793786,0.14813194146278497,0.021943072081533954,0.19941665056982805,0.16136961797629562,0.026040153605815592,0.2909950513758818,0.16704999802776338,0.027905701841075745,0.30862316820358715,0.10021958536627276,0.010043965290987633,6.638454437255859,4.658972254864392,21.706022471596196
0.8,1.0,0.0,0.75,0.2348365118273946,0.012642402655586672,0.00015983034490598492,0.23454321381526427,0.012566712715701062,0.00015792226847896273,0.6435977952525904,0.1711733630544845,0.02930032021938236,0.6431262321143983,0.17129597148982556,0.029342309848643135,0.6217730902421602,0.2034657349055527,0.04139830528065664,0.8460075077385125,0.16286731303205834,0.02652576165428248,0.8458259922265873,0.16305925199222113,0.026588319660262674,0.7625130743875019,0.2503648336878373,0.06268254994753844,0.5754959690213036,0.0004588486453225587,2.1054207931434727e-07,0.5750879557568782,0.00036864405689555777,1.3589844068441525e-07,0.5272406666618243,0.0682332563106291,0.004655777266752006,0.8390988111506337,0.13375768459350054,0.01789111818781437,0.838915124647191,0.1339210913478291,0.017934858707793586,0.7572096191421798,0.2380783986016162,0.056681323880710045,0.4534003421727972,0.3047535763317389,0.09287474228698499,0.543976049594027,0.30865495264383225,0.09526787979156634,0.15533407789452763,0.15093539031608114,0.02278149204986776,6.666019153594971,2.879103982511838,8.289239742115525
0.8,1.0,0.0,1.0,0.2172302371941916,0.034050528888326666,0.0011594385175747687,0.21917418736235064,0.03262866561588946,0.0010646298198735272,0.7103148578208455,0.0405158004610297,0.0016415300869979743,0.7098061591130783,0.0405370555350065,0.0016432528714482014,0.6901910852397284,0.07154552251000926,0.005118761791230242,0.9730726697571186,0.0851516948750403,0.007250811140091965,0.9730412806367745,0.0852509559890766,0.007267725497051476,0.9566419681480282,0.1371101355143594,0.018799189260766,0.49348041002945414,0.13885262393352185,0.01928005117322405,0.4929182820045523,0.13894543406220275,0.019305833646733935,0.39505638209087607,0.13195121471080237,0.017411123063656272,0.6656316683598439,0.15260469000830687,0.023288191412531432,0.6652650662598868,0.15269513112180105,0.023315803068304018,0.48187483608330384,0.15713621639699835,0.024691790503564293,0.1985938836612489,0.021387303465103705,0.0004574167495084369,0.2720931400021561,0.027434129389138348,0.0007526314553399845,0.2563303275986576,0.038395202720624716,0.0014741915919578674,12.538309836387635,19.29132641999536,372.155275042811
0.8,1.0,0.25,0.0,0.2567589663225417,0.024641419296359383,0.0006071995449389926,0.25544220456655425,0.025424055715943073,0.0006463826090473777,0.7293831689492756,0.10898679062013464,0.011878120529677069,0.7289721239280331,0.1090644806645174,0.01189506094262089,0.7108608553169675,0.1503354054845407,0.02260073414220127,0.9175342903707234,0.13286145811186326,0.017652167051610393,0.9174377119191673,0.13301709800837552,0.01769354836256978,0.8664405033715429,0.21526033712027012,0.04633701273713234,0.5159827747362316,0.13266327026653477,0.01759954327781165,0.5154927457859484,0.13271068520669987,0.01761212596803179,0.4103527934336057,0.15841215638436973,0.025094411290346015,0.6459848772983386,0.23605852666128238,0.05572362800949536,0.6456234754179733,0.23622649837539964,0.05580295853470269,0.47902743433625616,0.27601607602675143,0.07618487422520542,0.23690554375120718,0.1511340513559855,0.022841501479273663,0.3375293925810694,0.15298690538953558,0.023404993220666706,0.25105119604805204,0.08904506082232043,0.007929022856850744,4.709883284568787,1.4976291274681304,2.2428930034409538
0.8,1.0,0.25,0.25,0.26642653975917563,0.03335397843510226,0.0011124878774492664,0.26560726426959375,0.03391962810242764,0.0011505411706069992,0.7211436389811354,0.14858155360266428,0.0220764780709814,0.720774962474258,0.14869959309988715,0.022111568988072,0.6857853108911242,0.18956433303515663,0.03593463635906378,0.8636796298849605,0.14378194363144375,0.02067324731443567,0.8635202731927164,0.14395006890572776,0.020721622337963767,0.7797244396675994,0.23242324096078798,0.054020562938716515,0.45746851816553047,0.15885825110248342,0.02523594394333967,0.4569656255781466,0.15891553263995964,0.025254146514242078,0.34556752820220954,0.1918397308172294,0.03680248232002704,0.5494691968883008,0.2873338130104919,0.08256072009914832,0.5490505950253827,0.2875334499516817,0.08267548484111624,0.37964576499313374,0.3293606202075264,0.10847841814348642,0.2511686304809735,0.1475057838633968,0.021757956273155132,0.35020862603952363,0.14959882543027045,0.02237980857011653,0.23223104372584844,0.08701010300272555,0.007570758024544908,5.701426553726196,2.9533149586564127,8.722069245023729
0.8,1.0,0.25,0.5,0.2460087302261466,0.002120709453294359,4.497408585292061e-06,0.24430950579704375,0.0022171514196895597,4.91576041783143e-06,0.8416277987435684,0.03604150132908944,0.0012989898180547556,0.8413375194006638,0.03610756155455894,0.0013037560014162626,0.8516183330160381,0.03579721733445714,0.001281440768890359,1.0,0.0,0.0,1.0,0.0,0.0,1.0,0.0,0.0,0.5747929759692264,0.0,0.0,0.5742990519822169,0.0,0.0,0.4586563316206932,0.0,0.0,0.7138895085648629,6.409875621278546e-17,4.108650548026103e-33,0.7135515064561819,9.064933036736789e-17,8.217301096052206e-33,0.531565670754865,0.0,0.0,0.1741935483870967,0.0,0.0,0.2757859900717043,0.0,0.0,0.29725780620250675,5.851389114294502e-17,3.4238754566884194e-33,6.777235698699951,5.426618664216786,29.44819012682597
0.8,1.0,0.25,0.75,0.2562786652771215,0.033385779991736565,0.0011146103056566376,0.2559485061853789,0.03361910301351464,0.001130244087433309,0.6940317424060394,0.09152837464681705,0.008377443365488103,0.6935814901875943,0.09156384329555088,0.008383937399052199,0.6658437494172784,0.14191877179066636,0.02014093778657124,0.8869612112798689,0.14674117740504614,0.02153297314621922,0.8868290722221073,0.14691282029071528,0.021583376765772003,0.8219925511895942,0.2301858657030261,0.05298553276945157,0.48582286830414667,0.14477271694023383,0.020959139570257065,0.4853256023429281,0.14481820644785448,0.020972312918773398,0.3758937878079359,0.1726193841069522,0.02979745176946351,0.5917783893827205,0.25839094668682994,0.06676588132971618,0.591383492361378,0.2585672907068387,0.06685704382347485,0.42647886091961074,0.3025439303891892,0.09153282981533857,0.26361847733105215,0.17008779136626134,0.02892985677185285,0.3598017483153731,0.1691539056729971,0.0286130438044292,0.21619713337820295,0.07601408383549352,0.005778140941349438,5.457460880279541,2.979440240050585,8.877064144032689
0.8,1.0,0.25,1.0,0.21904197238949852,0.030975352306134303,0.0009594724504891396,0.21918558140495356,0.030249979419098273,0.000915061254855869,0.7094487352700802,0.04256638823080987,0.0018118974070160288,0.7089405842172648,0.04257549324292405,0.001812672624878271,0.7085458394003552,0.07777340832877128,0.006048703043073788,0.9730726697571186,0.08515169487504033,0.0072508111400919695,0.9730412806367745,0.08525095598907657,0.007267725497051472,0.9566419681480282,0.13711013551435938,0.018799189260765996,0.5263841345276539,0.10527180687638828,0.01108215332301959,0.5258575016718076,0.10533289044859993,0.011095017810256756,0.41907303521925654,0.10900456069286835,0.011881994251845218,0.6656316683598439,0.15260469000830684,0.02328819141253143,0.6652650662598867,0.15269513112180103,0.023315803068304004,0.48187483608330384,0.15713621639699835,0.024691790503564296,0.24151518391787846,0.0014032776186589941,1.969188075029257e-06,0.3248125130478071,0.001543788294215906,2.3832822973580567e-06,0.20584200861406368,0.002866895550803082,8.219090099214506e-06,6.66846182346344,2.7404163719519006,7.509881891662017
0.8,1.0,0.5,0.0,0.2508534653928916,0.020319675510230117,0.0004128892128410456,0.24783846686018757,0.022932918068154114,0.0005259187311206694,0.6759815803348955,0.11192118206108469,0.012526350993950464,0.6755134939945904,0.11197157944614775,0.012537634603664976,0.656021406404587,0.1524880907868117,0.02325261783180692,0.8922906790284741,0.13905213545134276,0.01933549637357858,0.8921651225470981,0.13921422817180215,0.019380601325470592,0.8265678725921128,0.22389991371602322,0.05013117136204264,0.47173209212667633,0.13310094204740994,0.01771586077390798,0.47122662746771693,0.13311630221324236,0.01771994991492727,0.3569746714555905,0.13016386475890018,0.01694263168897326,0.5208581477447871,0.24920241525063613,0.06210184376675048,0.520405745671001,0.24935010497052268,0.06217547484881068,0.33280233206862025,0.25660236685613685,0.06584477467617145,0.4117056210160325,0.0734148668549007,0.005389742675322798,0.5539332753503445,0.05292816433938492,0.0028013905803369378,0.10294496889178908,0.03584991330817996,0.0012852162842040184,4.6441858291625975,1.6435874437508704,2.7013796852555205
0.8,1.0,0.5,0.25,0.23656513270237803,0.006680941259306672,4.463497611030622e-05,0.23180421071442683,0.008473637580553233,7.180253384656404e-05,0.7198832685649584,0.08270923320772652,0.006840817257810093,0.7194027703580546,0.0827802098342023,0.006852563140194563,0.7252151559443775,0.10473953732071274,0.010970370678156979,0.9713889508564864,0.09047608154051305,0.008185921330925565,0.9713551506456183,0.09058296719225019,0.008205273945352273,0.9531565670754866,0.14813194146278497,0.021943072081533954,0.5777068554654737,0.010063033057687786,0.0001012646343201172,0.577232303937326,0.010124541628058283,0.00010250634317828508,0.47553852667888463,0.056269941137453774,0.0031663062756125127,0.7425005577083765,0.09047608154051305,0.008185921330925565,0.7421963558105638,0.09058296719225017,0.008205273945352271,0.5784091036793786,0.14813194146278497,0.021943072081533954,0.3852231021827313,0.09608388563733553,0.009232113079168573,0.5382845340476733,0.08016133062247426,0.006425838927165628,0.11998209588761062,0.033937868835714945,0.0011517789411101917,5.482103729248047,1.9967726561508532,3.9871010403517335
0.8,1.0,0.5,0.5,0.2368126925589063,0.00641672916400929,4.117441316424736e-05,0.23240189746697829,0.007995586145300621,6.392939780692326e-05,0.7419058121882853,0.08000209292071336,0.006400334871694456,0.7414656638456562,0.08005535757252412,0.006408860276064694,0.7456465354156717,0.10520907070008743,0.011068948557575996,0.9713889508564864,0.09047608154051305,0.008185921330925565,0.9713551506456183,0.09058296719225016,0.008205273945352268,0.9531565670754866,0.14813194146278497,0.021943072081533954,0.5777068554654737,0.010063033057687791,0.00010126463432011729,0.577232303937326,0.010124541628058285,0.0001025063431782851,0.47553852667888463,0.056269941137453774,0.0031663062756125122,0.7425005577083766,0.09047608154051306,0.008185921330925569,0.7421963558105638,0.09058296719225017,0.008205273945352271,0.5784091036793786,0.14813194146278497,0.021943072081533954,0.3852231021827313,0.09608388563733551,0.00923211307916857,0.5382845340476733,0.08016133062247424,0.006425838927165626,0.11998209588761062,0.033937868835714945,0.0011517789411101915,7.425921034812927,4.107715634870941,16.873327736963184
0.8,1.0,0.5,0.75,0.23154371911864327,0.017679589250335994,0.000312567876060596,0.22819752645605834,0.019290805407700486,0.0003721351732777663,0.6799734672125843,0.07500398689879441,0.005625598050714523,0.6794510492164775,0.07501448784935874,0.005627173387301589,0.6856610946716678,0.11822307686973578,0.013976695904547455,0.9408158717656319,0.12540184418219352,0.015725622524295144,0.9407465109485582,0.12554888832833,0.015762523360479477,0.9087086148935379,0.19276103746552584,0.03715681756478585,0.5514956724165602,0.072833203326433,0.005304675506789532,0.5510179883917715,0.07284198950558218,0.005305955435131345,0.4469155013222451,0.09117751270852324,0.008313338823712917,0.6882940697927584,0.17565404544685276,0.030854343681845014,0.6879563727539686,0.1757828398373447,0.030899606781281577,0.5258605302627332,0.22112503953895027,0.04889628311110232,0.43823781009409746,0.11181012103115177,0.012501503165000809,0.5756200338434001,0.09493819152671813,0.009013260210363815,0.08641933459797271,0.028642142656485337,0.000820372335954457,9.96573166847229,5.2568868874610475,27.634859747559904
0.8,1.0,0.5,1.0,0.20983822529556756,0.01794179486504432,0.0003219080029793308,0.20716580858181094,0.018936621899383426,0.00035859564896020796,0.6415988828379701,0.04868476869835328,0.002370206703212159,0.6409755616097739,0.04867262730084277,0.002369024648366745,0.6557460354458732,0.07286560466187808,0.005309396342741108,0.9730726697571186,0.08515169487504033,0.0072508111400919695,0.9730412806367745,0.08525095598907657,0.007267725497051472,0.9566419681480282,0.13711013551435938,0.018799189260765996,0.5429589581886424,0.09588154343903092,0.009193270372250774,0.5424563808399108,0.09590077255744221,0.009196958177114262,0.43273660551914767,0.08394951663575304,0.0070475213433765765,0.6656316683598439,0.15260469000830684,0.023288191412531425,0.6652650662598867,0.152695131121801,0.023315803068304,0.48187483608330384,0.15713621639699835,0.024691790503564293,0.4916648845166808,0.001876672477965625,3.521899589553639e-06,0.5946230541554283,0.0015930131831974196,2.5376910018407756e-06,0.06451784284144746,0.0011671174341271252,1.3621631050434843e-06,10.750815510749817,4.052947692865191,16.426385001101274
0.8,1.0,0.75,0.0,0.22533850453884705,0.001136528242872316,1.2916964468464342e-06,0.21606231237517587,0.0018789129526495792,3.53031388363436e-06,0.6953478531322349,0.05124899044540263,0.0026264590216729705,0.6947885719696496,0.051343073468458005,0.0026361111931874764,0.6948134512387598,0.043904044329738746,0.0019275651085076649,1.0,0.0,0.0,1.0,0.0,0.0,1.0,0.0,0.0,0.5759312710674542,0.0,0.0,0.5754376822165806,0.0,0.0,0.4625089160283308,0.0,0.0,0.7138895085648629,7.401486830834377e-17,5.4782007307014706e-33,0.7135515064561819,7.401486830834377e-17,5.4782007307014706e-33,0.531565670754865,0.0,0.0,0.535483870967742,0.0,0.0,0.7121407121407122,0.0,0.0,0.0653279353029879,0.0,0.0,6.68491370677948,4.2512273372365526,18.072933872867388
0.8,1.0,0.75,0.25,0.23049775453626403,0.01214124406931786,0.0001474098075507461,0.22401576173634924,0.015436059360933395,0.00023827192859425948,0.6393768346387179,0.1043343616905408,0.01088565902937259,0.638820297087107,0.10437164134629824,0.010893439517320311,0.621011171761152,0.12663557009472112,0.016036567613215025,0.9158505714700912,0.13557092231675014,0.018379474977814298,0.9157515819280111,0.1357304413580394,0.018422752711248176,0.8629551022990013,0.22086705261551115,0.048782254931062974,0.5638283003796062,0.060972384270815506,0.00371763164366799,0.5633769198140115,0.06099202658862262,0.0037200273073872483,0.4812088277071469,0.09538065284925343,0.009097468937949795,0.7228537666468713,0.20970793486662376,0.04397741794602412,0.7225547649686503,0.20988169232309642,0.04405032477240691,0.5755617019323308,0.2721157513250232,0.07404698211918186,0.5808267336295152,0.07649109957883798,0.005850888314779708,0.7352755979268523,0.041654133719629796,0.0017350668559327998,0.051637764351984125,0.022249234303833153,0.0004950284271068659,10.798883628845214,5.367102945844896,28.805794031296955
0.8,1.0,0.75,0.5,0.23410519431995586,0.013479595429909223,0.0001816994929540296,0.2275879393728899,0.018013550853046352,0.000324488014335287,0.6481477242117485,0.08912111785343273,0.007942573647445446,0.6476010609088824,0.08914404857287818,0.007946661395963664,0.6249513209934182,0.12017231618597767,0.01444138557750259,0.9150994358960824,0.1368291944145172,0.01872222844412575,0.9149995769563262,0.1369901779426379,0.018766308852755594,0.8627972376295634,0.22113063784753828,0.04889875899485913,0.5638283003796062,0.0609723842708155,0.003717631643667989,0.5633769198140115,0.06099202658862265,0.0037200273073872523,0.4812088277071469,0.09538065284925343,0.009097468937949797,0.7216802824830123,0.20801072703466522,0.04326846256149001,0.7213803110389394,0.20818264705231818,0.04334001453371008,0.5751503044042667,0.2714049483813951,0.07366064600590774,0.5808267336295152,0.076491099578838,0.005850888314779711,0.7352755979268523,0.041654133719629775,0.0017350668559327983,0.051637764351984125,0.022249234303833156,0.000495028427106866,10.04217267036438,5.348593579942464,28.607453283401746
0.8,1.0,0.75,0.75,0.2172237769741514,0.01025724603687886,0.00010521109626106709,0.21022177771382117,0.012703602910507558,0.0001613815269078561,0.6451765537046841,0.05182375845894115,0.002685701940810675,0.6445595600556996,0.051834423619058344,0.002686807471919994,0.6480494853886776,0.07719444283564342,0.005958982004705419,0.9677432020085133,0.10200495167704257,0.010405010166635791,0.9677052303117837,0.10212502872532964,0.010429521492149403,0.9520666467455097,0.1515785721736342,0.022976063542197632,0.5749771436133433,2.934711790590485e-05,8.61253329383081e-10,0.5745004142999732,8.355967254522397e-05,6.982218875865057e-09,0.47252216471791686,0.04197054058077626,0.0017615262766425871,0.7365519099977773,0.07166480577707332,0.005135844387065642,0.7362428129502638,0.07175621160626858,0.005148953904083594,0.5755513649342943,0.13909497807060744,0.019347412924462768,0.6078229255774166,0.04732596036325558,0.002239746524304438,0.7533040335321066,0.029334627852891416,0.0008605203912676328,0.03915024613371016,0.009488959477583209,9.004035196721621e-05,12.222922730445863,5.503222734412676,30.28546046455652
0.8,1.0,0.75,1.0,0.1954316238232031,0.0022111571210467374,4.889215813955696e-06,0.19033989203050242,0.0037686621714794954,1.4202814562740546e-05,0.6015299334630075,0.025004909481369724,0.0006252454981714935,0.6007998501424632,0.025050723882192236,0.0006275387670218364,0.6074229865769645,0.036383399691703684,0.001323751773126264,1.0,0.0,0.0,1.0,0.0,0.0,1.0,0.0,0.0,0.5720864479020343,0.0,0.0,0.571589611656052,0.0,0.0,0.455230456566186,0.0,0.0,0.7138895085648629,7.401486830834377e-17,5.4782007307014706e-33,0.7135515064561819,8.275113844157577e-17,6.847750913376839e-33,0.531565670754865,0.0,0.0,0.7207792207792207,0.0,0.0,0.8130389610389612,0.0,0.0,0.02391920576060404,5.13951983825445e-17,2.641466416781105e-33,10.831060886383057,5.802188217421136,33.66538811038066
0.8,1.0,1.0,0.0,0.18683902699206104,0.011279437892791686,0.00012722571917734494,0.1847228752323132,0.012179915766669847,0.00014835034808317272,0.5911035898726483,0.06183340757490016,0.0038233702923237203,0.5903884469429508,0.06189939381536395,0.0038315349547095165,0.5915732494448334,0.07691487235462573,0.005915897589328368,0.9542416609591647,0.14470057331524383,0.020938255917760256,0.9541896866043535,0.14486493065636535,0.020985848134073545,0.9450809462938159,0.17366929665265338,0.030161024599827318,0.4322936431197588,0.009524369326038562,9.071361105878424e-05,0.431656071555485,0.009590831812671967,9.198405485896067e-05,0.3733541860537185,0.016212639953073742,0.00026284969424800295,0.672510280155651,0.13085260959345557,0.0171224054374173,0.6721512617676595,0.13091906890401944,0.017139802602695393,0.4933150508735883,0.12095908073815399,0.014631099213019257,0.6441657226088363,0.09977969484989403,0.00995598750433797,0.7291194529747383,0.07895266440028455,0.006233523215903959,0.0338466670079735,0.01153438670134989,0.0001330420765762772,7.903427577018737,3.330891188160636,11.094836107366172
0.8,1.0,1.0,0.25,0.18587176105778422,0.009563171134937773,9.145424215610701e-05,0.18402865273822988,0.010397945829669276,0.0001081172774767367,0.5772065098342497,0.07960226794386063,0.006336521061806181,0.5764718053953272,0.07966423180893092,0.006346389829707083,0.585939122640986,0.08620575476469833,0.0074314321545513075,0.9713889508564864,0.09047608154051305,0.008185921330925565,0.9713551506456183,0.09058296719225016,0.008205273945352268,0.9531565670754866,0.14813194146278497,0.021943072081533954,0.44345493442638934,0.04796343368775064,0.0023004909711192532,0.4428250688152011,0.04807257375326499,0.002310972347263102,0.3898527031324027,0.07375146720480959,0.005439278914862105,0.7425005577083765,0.09047608154051308,0.00818592133092557,0.7421963558105638,0.09058296719225019,0.008205273945352275,0.5784091036793786,0.14813194146278497,0.021943072081533954,0.6172196148244052,0.01456862017469818,0.00021224469379462285,0.7083038514501112,0.013127952715989249,0.00017234314251324948,0.036510797363577915,0.003109666794045624,9.67002756998999e-06,8.732281947135926,5.179420090781704,26.82639247679316
0.8,1.0,1.0,0.5,0.1830970088081662,0.001954506493607569,3.820095633554153e-06,0.18012558944508011,0.003037916910093429,9.228939152631606e-06,0.581928218540466,0.06550224079644533,0.004290543549355507,0.5811616216788894,0.06562234890813251,0.00430629267622068,0.588362560972383,0.06594577182148481,0.004348844821131339,1.0,0.0,0.0,1.0,0.0,0.0,1.0,0.0,0.0,0.4324377003822015,0.007301879966556374,5.331745104599731e-05,0.4317780721332511,0.007310366305940826,5.344145552703492e-05,0.3751493481639779,0.01508242806869159,0.00022747963644725595,0.7138895085648629,8.275113844157577e-17,6.847750913376839e-33,0.7135515064561819,7.401486830834377e-17,5.4782007307014706e-33,0.531565670754865,0.0,0.0,0.6126126126126126,0.0,0.0,0.7041524282903593,0.0,0.0,0.0374941603469157,0.0,0.0,9.654464411735535,4.780436575468729,22.852573852079182
0.8,1.0,1.0,0.75,0.17325765790771178,0.0019622488237486654,3.85042044630302e-06,0.17173746064997836,0.0012985208931252214,1.6861565098827224e-06,0.5452140364026431,0.05221949490730038,0.0027268756483735702,0.5443812396851728,0.05231506344688742,0.0027368658634518562,0.5579634833928602,0.06337647778045086,0.004016577935855982,1.0,0.0,0.0,1.0,0.0,0.0,1.0,0.0,0.0,0.42680737521164713,0.008514342772810705,7.24940328529139e-05,0.4261423258318541,0.00852451843126926,7.266741448504931e-05,0.36903721817100743,0.00788044180145083,6.21013629860536e-05,0.7138895085648629,3.700743415417188e-17,1.3695501826753676e-33,0.713551506456182,3.700743415417188e-17,1.3695501826753676e-33,0.531565670754865,0.0,0.0,0.7414240046498112,0.01333162101816604,0.0001777321189720065,0.8161865871371106,0.0021589209828417203,4.660939810154259e-06,0.01678613045490034,0.003872097689538417,1.4993140517328747e-05,7.536763477325439,3.4684718115368565,12.030296707425764
0.8,1.0,1.0,1.0,0.15205966438807333,0.014406431778366641,0.0002075452765847322,0.15206280188182908,0.013042680474366384,0.0001701115139564181,0.4815168094708799,0.07100775422803365,0.00504210116050883,0.4806604368699442,0.07095258773479499,0.00503426970626378,0.48238272764628576,0.0987877129240999,0.009759012224774372,0.9427779017129726,0.12063477538735072,0.014552749032756558,0.9427103012912363,0.12077728958966687,0.014587153680626254,0.9063131341509731,0.19750925528371327,0.03900990592272702,0.41040099870511754,0.06655325812527309,0.004429336167089228,0.4097604561681532,0.06667555718491014,0.004445629925918222,0.355957630826473,0.06953246942039977,0.004834764303698828,0.7711116068518902,0.12063477538735075,0.014552749032756567,0.7708412051649456,0.12077728958966692,0.014587153680626266,0.625252536603892,0.19750925528371327,0.03900990592272702,0.9916595380667237,0.001239843679136365,1.5372123486943974e-06,0.9964285714285716,0.0008282155776631226,6.859410430838598e-07,5.174183828251188e-06,1.6697662682874437e-06,2.7881193907105752e-12,10.741398024559022,4.372836808302746,19.121701752047343
1.0,0.0,0.0,0.0,0.30947546635063355,0.016356025499880137,0.00026751957015272925,0.3074553749174103,0.018094540258207482,0.00032741238715589135,0.893202838236909,0.137876225188145,0.019009853472132066,0.8930792367849243,0.13803579675437536,0.019053881185615223,0.8277943538237306,0.22232145882801035,0.049426831055414705,0.8889232412272097,0.14350926645484308,0.020594909558407145,0.8887928625647856,0.14367777013656016,0.02064330163141422,0.8195970704470295,0.23318877830182003,0.054377006325895365,0.6934945882840713,0.24786004293563166,0.06143460088405317,0.6931933808982895,0.24804534338875123,0.06152649237684352,0.5594284970764932,0.3017215810866701,0.09103591249344004,0.6745959264418524,0.2612028583535458,0.0682269332120625,0.6742683247723551,0.26140429662393333,0.06833220629345332,0.5258708672607696,0.3218648687870253,0.10359699375928903,0.06666666666666667,0.14054567378526128,0.019753086419753083,0.10010010010010009,0.21102954021811005,0.04453346684466692,,,,1.8283353328704834,0.43479270257716207,0.1890446942143525
1.0,0.0,0.0,0.25,0.2905795674849993,0.005108944881481218,2.610131780201313e-05,0.2857064688001673,0.008471675666246866,7.176928859407928e-05,0.8224608011750465,0.14654673402188317,0.02147594525248057,0.8222165817775375,0.14668494912747418,0.02151647430052969,0.8003313203751194,0.19558416655691022,0.038253166207761195,0.9192180092713557,0.1300713624395519,0.016918559326881268,0.9191238419103236,0.13022298629576412,0.016958026159786768,0.8699259044440847,0.20943919151340165,0.04386477494178733,0.6064973205140757,0.20342863676651315,0.04138321025668194,0.6061206599193334,0.20353626902234695,0.041427012807537196,0.44722165355152105,0.1972738611877801,0.03891697630793553,0.569115987949806,0.2331075144561124,0.054339113295906655,0.5686921858672962,0.23324566553895346,0.054403540492709346,0.3824931667401814,0.24002953535273533,0.057614177841650016,0.1857142857142857,0.04025382429497066,0.00162037037037037,0.25571943134270003,0.050104899111618965,0.002510500914985515,0.3766705489140586,0.11150474650987008,0.012433308494230383,2.6794290781021117,0.7168093420976052,0.5138156329184015
1.0,0.0,0.0,0.5,0.28758846688935547,0.0219008795600319,0.0004796485255030231,0.2795351564380365,0.025952256920638357,0.0006735196392748215,0.8030771315844515,0.1025832822512975,0.010523329797449367,0.8027835255530199,0.10265791651961353,0.01053864782414794,0.7546906260491268,0.152558404402452,0.023274066753822084,0.9158505714700912,0.1355709223167501,0.018379474977814295,0.9157515819280111,0.13573044135803944,0.018422752711248182,0.8629551022990013,0.22086705261551115,0.04878225493106297,0.7507964266675976,0.17638916081831796,0.03111313605419044,0.7505320329868627,0.1765308634436209,0.03116314574815033,0.6286699012909553,0.2221327023180024,0.04934293743909827,0.7228537666468713,0.20970793486662376,0.04397741794602412,0.7225547649686503,0.20988169232309645,0.04405032477240692,0.5755617019323308,0.27211575132502314,0.07404698211918184,0.34523809523809523,0.05234486491378141,0.0027399848828420243,0.4570844817927357,0.058632470420401976,0.003437766587599313,0.21389093829098624,0.07923882070705772,0.006278790707045239,3.4660112619400025,0.6325085921195596,0.4000671191050673
1.0,0.0,0.0,0.75,0.2760856309732545,0.031115622273749206,0.0009681819494826378,0.26595037617876205,0.033913736599507464,0.001150141530140772,0.7365372523480731,0.13201285804333154,0.017427394688768805,0.7361606884923932,0.13210679684528387,0.017452205772721104,0.6705573217332532,0.15095021080957793,0.022785966143456016,0.8865623764196755,0.1465626261724303,0.02148060339055955,0.8864293043189196,0.14673456804007864,0.021531033457908466,0.8188946744711962,0.23404512265000907,0.054777119436257786,0.7161283179806197,0.21745710714103936,0.047287593446149474,0.7158487841831961,0.2176137113487724,0.04735572736698682,0.6151661605854681,0.23572446896329866,0.05556602526802915,0.6749124206269548,0.26060729774099406,0.06791616363586311,0.6745852238392003,0.26080803613156245,0.06802083171080239,0.5263553965638138,0.32104584752144,0.10307043621075969,0.41428571428571426,0.17066260388210303,0.029125724363819605,0.563008423270432,0.13177827183925656,0.017365512928941,0.13726473054611255,0.06999442736148537,0.004899219861662251,3.0128450632095336,1.3055457604191436,1.7044497325484
1.0,0.0,0.0,1.0,0.2312541873459672,0.0537252767496114,0.002886405361822336,0.22882672166747103,0.05438844642633305,0.002958103104670101,0.6175950813998898,0.1515445733460574,0.02296575771063857,0.6170550243622228,0.15164759975333517,0.022996994510947742,0.5581197366801274,0.1416790500234969,0.020072953215560536,0.8388020297527075,0.1826047271108521,0.03334448636322876,0.8386151968257686,0.1828141909741728,0.03342102842154133,0.7601216715451953,0.2567232426123329,0.06590682329739075,0.5434788130496757,0.29763127465718764,0.08858437565406227,0.5430406096213286,0.29785134763231874,0.08871542528638839,0.491136750660812,0.300301986406623,0.09018128303976358,0.6384682651637135,0.2795073853626093,0.07812437847224217,0.638124340844343,0.27971567400757485,0.0782408582855119,0.4969379869195508,0.334068795860292,0.11160196036754542,0.6104413794172829,0.26868851489105866,0.07219351803436266,0.69721353142762,0.2086066730993378,0.04351674406157399,0.08124984419256191,0.056068046802231035,0.00314362587221717,5.036962366104126,2.5997095958656673,6.758489982836032
1.0,0.0,0.25,0.0,0.3126144835519006,0.016663841376350737,0.00027768360941617885,0.31093107402421455,0.018438189164005345,0.00033996681964764417,0.8666057099149862,0.1406119072246339,0.01977170845334905,0.866451351566571,0.14077461847920977,0.019817493207967073,0.7849649269296688,0.22667266647754156,0.05138049772803879,0.8619959109843283,0.1455989449636745,0.02119905277453512,0.8618341432015602,0.14576968286006656,0.021248800441124382,0.7762390385950576,0.2362078747781797,0.05579416010722422,0.647447692664598,0.2805336552011265,0.07869913170050453,0.6471200569041722,0.28073840780922577,0.07881405361925914,0.512236330391031,0.33538781123314737,0.11248498392376129,0.6263380862368335,0.295467925215025,0.08730129483087162,0.6259818845760597,0.2956903756360114,0.08743279824376554,0.4761800325892084,0.3572953132117025,0.1276599408430486,0.06666666666666667,0.14054567378526128,0.019753086419753083,0.10010010010010009,0.21102954021811005,0.04453346684466692,,,,3.0582292556762694,0.9297735439276661,0.8644788429878116
1.0,0.0,0.25,0.25,0.29674868057080345,0.012388406529335486,0.0001534726163360821,0.29396388868080486,0.014977777079092704,0.00022433380623099476,0.743635739249921,0.15080658015514609,0.022742624618090505,0.7433190874985381,0.15094864898603746,0.022785494630709953,0.683898323010949,0.20532641031915633,0.042158934774550544,0.8367522996420792,0.14059463147343498,0.019766850399150993,0.8365615538294909,0.1407589576544844,0.019813084159976936,0.7363664078156276,0.2271474006438402,0.05159594161925326,0.548986012211258,0.2624967602275472,0.06890454912995841,0.5485957690901405,0.26266780900550235,0.06899437788775105,0.40856847901509064,0.29045841304800724,0.08436608971036677,0.5012113566832819,0.2970126860474666,0.08821653567313098,0.5007641548290874,0.29722014339243846,0.08833981363822169,0.3299549303215725,0.34116651838670436,0.11639459326810549,0.2196428571428571,0.05753626152939147,0.0033104213907785333,0.3040547472680436,0.08614480576215247,0.007420927559798977,0.29758083377236944,0.13113457342933316,0.01719627634849317,2.4864145278930665,0.615742252676501,0.379138521731132
1.0,0.0,0.25,0.5,0.2977245826588356,0.02687216872340871,0.0007221134518993452,0.2919940496169919,0.03164812118646813,0.0010016035746333726,0.7776475251241928,0.10114166763498528,0.010229636931985827,0.7773435620905866,0.10121279751431222,0.010244030380673166,0.6985129731828792,0.16010147780032535,0.025632483193848074,0.8586284731830638,0.14910320016404188,0.022231764299158338,0.8584618832192474,0.14927894387733243,0.02228420308513176,0.7692682364499742,0.2434345243386739,0.059260367639996425,0.8036572015055423,0.2043483988666708,0.041758268119371986,0.8034543495464888,0.20452396511743737,0.04183005230735874,0.7130774914015476,0.26738850972703365,0.07149661513404396,0.7800758649338988,0.23956266395901205,0.057390269963138535,0.7798444636774139,0.23977337140766214,0.0574912696361967,0.6692485677813578,0.3223309181158951,0.10389722077343587,0.3464285714285714,0.05195231063191474,0.002699042579994961,0.47226675918580996,0.05801617328571429,0.0033658763627180286,0.18474552967453794,0.08313070108750467,0.00691071346330005,3.760691785812378,1.3734512305212876,1.8863682826204393
1.0,0.0,0.25,0.75,0.2671368515635325,0.01214511928818508,0.00014750392252424525,0.2518409760538143,0.0068380805915741845,4.6759346176863546e-05,0.7831885639682812,0.11043883666140812,0.012196736643125181,0.7828267780444806,0.11052109781611902,0.012214913062480149,0.7468716059693128,0.11275499656853473,0.012713689251170278,0.9730726697571186,0.08515169487504033,0.0072508111400919695,0.9730412806367745,0.08525095598907657,0.007267725497051472,0.9566419681480282,0.13711013551435938,0.018799189260765996,0.697314126831019,0.13704451284212615,0.018781198500135682,0.6969880691950967,0.13711427878371873,0.018800325446379343,0.5596949244142086,0.10208306119968566,0.010420951383898766,0.665631668359844,0.15260469000830684,0.02328819141253143,0.6652650662598868,0.15269513112180103,0.02331580306830401,0.48187483608330384,0.15713621639699835,0.024691790503564293,0.3738095238095238,0.12799695291157728,0.01638321995464853,0.5317544618854662,0.09883370387944239,0.009768101022529306,0.16781375969944026,0.0535633557235946,0.0028690330763723342,4.522613263130188,1.7231669623507764,2.9693043801372023
1.0,0.0,0.25,1.0,0.22660862930080694,0.03580854169179303,0.0012822516580928798,0.22356739138287116,0.036754737005619376,0.0013509106923522462,0.6674757599588961,0.08306432556492137,0.00689968218155525,0.6669503203308262,0.08308643900786865,0.0069033563470082765,0.6157031671236218,0.10145359057668996,0.010292831040902633,0.8711465279074817,0.21557525330577418,0.046472689837848705,0.8709998191675844,0.2158193433584019,0.046577988967651765,0.8342057692718182,0.26915878549747935,0.0724464518104781,0.58207480736625,0.14728849506566188,0.021693900778707507,0.5816279268329935,0.14742646910457874,0.021734563792643307,0.5002594600355461,0.17556224601062423,0.030822102224294948,0.6702452351520988,0.18969348643932632,0.035983618797506875,0.6699083879545398,0.18981951555380108,0.03603144848507973,0.5205433429969408,0.20699922616365443,0.042848679632351755,0.5775984245863763,0.22232407673361312,0.0494279950954535,0.6675983946768005,0.1748066107587101,0.030557351164947177,0.09246874947068626,0.048734807441481766,0.0023750814563583064,6.774215745925903,4.701680023378883,22.10579504224006
1.0,0.0,0.5,0.0,0.29888297861561847,0.004376600254666557,1.9154629789147373e-05,0.29618952337132065,0.005796175812617534,3.3595654050772525e-05,0.9269975379219091,0.15390270331122416,0.02368604208650269,0.9269138638682353,0.1540791037050032,0.023740370198537128,0.905827234093902,0.19853362254741336,0.039415599281798795,0.9427779017129726,0.12063477538735073,0.014552749032756563,0.9427103012912366,0.12077728958966688,0.014587153680626257,0.9063131341509731,0.19750925528371327,0.03900990592272702,0.7522346921248032,0.04268909922340076,0.001822359192505355,0.751960342876995,0.04276518161650941,0.0018288607586930347,0.6318170434204013,0.13608546812993924,0.018519254636144712,0.7711116068518903,0.12063477538735075,0.014552749032756567,0.7708412051649456,0.12077728958966694,0.01458715368062627,0.625252536603892,0.19750925528371327,0.03900990592272702,0.10060606060606062,0.21209619862139434,0.04498479746964596,0.1392453906420387,0.2935550587391587,0.08617457251135091,,,,2.232617473602295,0.5660675403938322,0.3204324602875229
1.0,0.0,0.5,0.25,0.29356095730190324,0.007068836716127862,4.996845251927734e-05,0.2900800631469601,0.010541314091066446,0.00011111930276651599,0.7642740169652801,0.15744663417934718,0.024789442614405174,0.7639751852618668,0.15759488645220388,0.024836148235883034,0.7205751054400535,0.21214167977256193,0.04500409229672421,0.8636796298849605,0.14378194363144375,0.020673247314435667,0.8635202731927164,0.1439500689057277,0.020721622337963753,0.7797244396675994,0.23242324096078798,0.054020562938716515,0.5744228973171115,0.22816908291032847,0.052061130396140354,0.5740419368841844,0.2283057768429464,0.052123527739861245,0.43841015471083394,0.257606863073222,0.06636129590242575,0.5494691968883008,0.2873338130104919,0.0825607200991483,0.5490505950253827,0.2875334499516817,0.08267548484111623,0.37964576499313374,0.3293606202075264,0.10847841814348642,0.22827922077922075,0.10504381571811339,0.011034203220620965,0.3132546929696375,0.1440963032677801,0.02076374461544006,0.31437153902748005,0.14676987067009914,0.021541394936517626,3.2041317224502563,0.7107890168489261,0.505221026473063
1.0,0.0,0.5,0.5,0.2870984925618167,0.013756721020417115,0.0001892473732335861,0.2790590749253785,0.019304678019787965,0.0003726705934476846,0.7918897615764094,0.10827271605378838,0.011722981041664284,0.7915831931965784,0.10834986668653805,0.011739693610990568,0.7524488628142101,0.15410039795109237,0.023746932648685035,0.914166852569459,0.13820449741413263,0.01910048310549299,0.9140654519368546,0.13836776794406266,0.019145639205821977,0.8594697012264595,0.2262752781979932,0.05120050152357922,0.7649567569698714,0.047114092218331,0.002219737685557398,0.7647023630270147,0.04719993698550749,0.0022278340514358783,0.6715797540724026,0.15073882531551488,0.02272219345750131,0.799722655995404,0.13820449741413263,0.01910048310549299,0.7994860545193274,0.1383677679440627,0.01914563920582198,0.6720959695284054,0.2262752781979932,0.05120050152357922,0.38007575757575757,0.08484669718277583,0.007198962022825661,0.5060804654376483,0.1312135424417455,0.017216993720111744,0.1998279550380331,0.10079078406162446,0.010158782151757013,4.911811709403992,2.5622715240112073,6.565235362758716
1.0,0.0,0.5,0.75,0.26728250371178547,0.019638328421647016,0.00038566394319646896,0.2552410553762587,0.019476931817951973,0.00037935087304115,0.7354501654849949,0.13894847731099255,0.019306679347043415,0.7350602749953399,0.13904414443744031,0.019333274102339763,0.6882705178324915,0.15388859192298793,0.02368169872403991,0.9151734255631894,0.13670393164079328,0.01868796492605068,0.9150741536733016,0.13686392150982946,0.01873173301104876,0.8657381073957098,0.2163567489646724,0.04681024282256228,0.6735166149787074,0.17015648251370313,0.028953228541436157,0.6731936823048196,0.17025195079302172,0.028985726748829488,0.5633659093525145,0.16771350623475592,0.028127820173555515,0.6463013714834411,0.23544209727265944,0.05543298116814843,0.6459403744848184,0.23560932967970338,0.05551175623211915,0.47951196363930026,0.2751522387512103,0.07570875448980303,0.4312554112554112,0.17015487297411333,0.028952680796836647,0.5825810685414012,0.1359324457391883,0.018477629804637376,0.13777716463657,0.07635521579534585,0.005830118979153831,8.677651119232177,5.302313752274683,28.114531127561236
1.0,0.0,0.5,1.0,0.22656502782773505,0.028012238401599658,0.0007846855002680547,0.22278623214785895,0.029339538050739147,0.0008608084930307702,0.6977587368946525,0.028738579898205777,0.0008259059745655572,0.697225013214809,0.028726652561353747,0.0008252205673807317,0.6607730381614763,0.0531297751445446,0.002822773006909869,0.9713889508564864,0.09047608154051305,0.008185921330925565,0.9713551506456183,0.09058296719225017,0.008205273945352271,0.9531565670754866,0.14813194146278494,0.021943072081533947,0.5817033370790774,0.08744746519377392,0.0076470591688163015,0.5812179397866242,0.08757172593678252,0.007668807183546947,0.48989672748924934,0.14095414003471116,0.01986806959292496,0.7425005577083765,0.09047608154051308,0.008185921330925572,0.7421963558105638,0.0905829671922502,0.008205273945352276,0.5784091036793786,0.14813194146278494,0.021943072081533947,0.495945945945946,0.001424449396472247,2.0290560831101484e-06,0.6080108205577505,0.03031457107801935,0.0009189732196442871,0.10918333280033081,0.019046949985247277,0.0003627863037405112,4.279810166358947,2.275826936022462,5.179388242725388
1.0,0.0,0.75,0.0,0.29228391688669164,0.01956913894363285,0.0003829511989952078,0.2880995847545087,0.02126037656233554,0.0004520036115723064,0.8059180746232618,0.14778961912314972,0.021841771520565666,0.8056598590989406,0.14792831625965366,0.02188278675141611,0.7628216597770888,0.20441745200721406,0.04178649468512166,0.8889232412272097,0.14350926645484308,0.02059490955840715,0.8887928625647854,0.1436777701365602,0.020643301631414226,0.8195970704470295,0.23318877830182003,0.05437700632589537,0.5637415122490699,0.15665337697354428,0.024540280517215376,0.5633140196255929,0.15674483590946733,0.024568943584285838,0.4663376361607606,0.21932369395522613,0.0481028827301657,0.6745959264418524,0.26120285835354573,0.06822693321206248,0.6742683247723551,0.2614042966239334,0.06833220629345335,0.5258708672607696,0.3218648687870253,0.10359699375928903,0.13333333333333333,0.28109134757052257,0.07901234567901233,0.1610509090909091,0.3395251279786603,0.11527731252892565,,,,2.9126468658447267,0.8305407581122101,0.6897979508856047
1.0,0.0,0.75,0.25,0.2768123351420689,0.0017172439810036928,2.9489268902934115e-06,0.266388518668068,0.0022019371484169287,4.848527205578476e-06,0.7986527835681481,0.08520943573094988,0.00726064793758688,0.7983146166476783,0.08526729223673792,0.007270511125385265,0.8088327340160136,0.1145646541847014,0.013125059988460218,0.9713889508564864,0.09047608154051302,0.008185921330925562,0.9713551506456183,0.09058296719225015,0.008205273945352266,0.9531565670754866,0.14813194146278497,0.021943072081533954,0.6277239889347843,0.021664793743174645,0.0004693632879342992,0.627303468465292,0.021728811618392033,0.00047214125434756865,0.5272665135309895,0.07531113123278906,0.005671766487562376,0.7425005577083766,0.09047608154051305,0.008185921330925565,0.7421963558105638,0.09058296719225016,0.00820527394535227,0.5784091036793786,0.14813194146278497,0.021943072081533954,0.2113095238095238,0.15999619113947156,0.02559878117913832,0.2826666539165708,0.1836186683205593,0.03371581535581556,0.3542445760737647,0.11667818685405211,0.0136137992875491,3.185268425941467,0.8912101930399686,0.7942556081783381
1.0,0.0,0.75,0.5,0.2703012425182632,0.002474290117931518,6.122111587693566e-06,0.25828581122778566,0.010076400353551618,0.00010153384408505517,0.7078931918918588,0.10306525355875322,0.010622446491130092,0.7074491846465041,0.10310356035370048,0.010630344157609158,0.6872133088400789,0.14233601626555542,0.02025954152634846,0.9158505714700912,0.1355709223167501,0.018379474977814295,0.9157515819280109,0.13573044135803947,0.01842275271124819,0.8629551022990013,0.2208670526155112,0.048782254931062995,0.6107059881308247,0.09279048611713403,0.008610074313854042,0.6103018769562737,0.09284372113295242,0.008619956553813434,0.5325480594421375,0.1393310619443113,0.01941314482252951,0.7228537666468713,0.20970793486662379,0.043977417946024125,0.7225547649686503,0.20988169232309645,0.04405032477240692,0.5755617019323308,0.27211575132502314,0.07404698211918184,0.4119047619047619,0.14397709148423585,0.02072940287226002,0.5180352907835447,0.1607153360661585,0.025829419246858266,0.1496547948875963,0.0783290457263481,0.006135439404400333,5.487066841125488,1.7972205476844514,3.2300016970191994
1.0,0.0,0.75,0.75,0.2600672444316562,0.0101688787206825,0.00010340609443594937,0.2410616370612686,0.011123782725486591,0.0001237385421238339,0.6875370532764451,0.09451369260082376,0.008932838089043008,0.6870284383287845,0.09453943214371942,0.008937704230056928,0.6624079507735203,0.11045991812839626,0.012201393512932004,0.9444616206136048,0.11715242154347649,0.013724689873500416,0.9443964312823928,0.11728996636195685,0.013756936209188969,0.9097985352235147,0.19033875384714727,0.03622884121608492,0.6034131498386697,0.10572902575450646,0.011178626886997091,0.6029874919589417,0.10577432161254033,0.011188207112593117,0.5260881612485557,0.11188958422359979,0.01251927905773003,0.6942427175033576,0.18585572763255118,0.03454235149382505,0.6939099156142685,0.18599666939328402,0.0345947610253946,0.5287182690078174,0.22761262142408428,0.05180750543154351,0.5357142857142857,0.08943990213956068,0.007999496094734193,0.6400054837248335,0.08916446593069981,0.007950301984706927,0.08988974823394243,0.03751704374669124,0.001407528571491144,4.199967169761658,2.060110128614771,4.244053742021169
1.0,0.0,0.75,1.0,0.20423510844560452,0.009987697989988041,9.975411113921118e-05,0.19695410339588432,0.007432757516732375,5.524588430254162e-05,0.5988203374466186,0.08520884410686584,0.0072605471140281645,0.5981238600232466,0.08521737521378003,0.007262001038326172,0.5907390118634248,0.09028519359818463,0.008151416183061679,0.9730726697571186,0.0851516948750403,0.007250811140091965,0.9730412806367745,0.08525095598907659,0.007267725497051474,0.9566419681480282,0.1371101355143594,0.018799189260766,0.4075565140749788,0.10819299438092353,0.01170572403311055,0.40689645160747945,0.10820001451660274,0.011707243141393044,0.35394864968381745,0.08497345256124604,0.007220487640178331,0.6656316683598439,0.15260469000830684,0.02328819141253143,0.6652650662598867,0.15269513112180103,0.023315803068304008,0.48187483608330384,0.15713621639699835,0.02469179050356429,0.5528635778635779,0.15292481734984148,0.02338599976148238,0.7005892597275568,0.10309823342286199,0.010629245734914937,0.05835839101968142,0.020498730132546692,0.00042019793704697775,6.001139497756958,4.388197130630854,19.25627405727686
1.0,0.0,1.0,0.0,0.244051581427716,0.029666167056225753,0.0008800814678078942,0.24327830611626394,0.029952986490196752,0.0008971813996819092,0.8017312750630466,0.06666933734520296,0.0044448005420484734,0.8013853184574209,0.06677137081405127,0.004458415960387538,0.7775859069424779,0.09721995296955491,0.009451719255402467,0.9730726697571186,0.08515169487504033,0.0072508111400919695,0.9730412806367745,0.08525095598907657,0.007267725497051472,0.9566419681480282,0.13711013551435938,0.018799189260765996,0.5223682724987379,0.08814032206715135,0.007768716374101168,0.521839573820657,0.08815649302890119,0.007771567263154704,0.4010742449547777,0.1074225277562363,0.011539599469539358,0.6656316683598439,0.15260469000830684,0.023288191412531425,0.6652650662598867,0.15269513112180103,0.023315803068304004,0.48187483608330384,0.15713621639699835,0.024691790503564296,0.0,0.0,0.0,0.0,0.0,0.0,,,,3.6033063650131227,1.6192062351831775,2.6218288320560794
1.0,0.0,1.0,0.25,0.23635440459321008,0.023314411594140896,0.0005435617879810115,0.23344720706692726,0.02498868711123037,0.0006244344835429708,0.667076756620665,0.09675544282857636,0.009361615716953908,0.666559974953023,0.09681024638626064,0.009372223805368491,0.6477486264821962,0.13180215927629468,0.017371809189893755,0.9102426970035238,0.1450381753576856,0.021036072311086753,0.9101372722443054,0.1452086124494938,0.021085541129507283,0.8613908373977927,0.2234839761829151,0.04994508761052577,0.5325164060338221,0.07888691093492262,0.0062231447168544125,0.5320333046802393,0.07891968224152285,0.0062283162451029364,0.4395474514849397,0.12113386441999612,0.014673413109321999,0.7137927543709498,0.1968802035079626,0.03876181453333677,0.7134862859589132,0.1970398407567465,0.03882469884544401,0.5714687550346527,0.2650678863440852,0.07026098437092086,0.2694348823866896,0.2088654258585881,0.04362476611908937,0.3676735717393897,0.20079435054608596,0.04031837121122445,0.2630977415186426,0.12994883889413475,0.01688670072993379,3.9646247386932374,1.2437304117359764,1.5468653370769414
1.0,0.0,1.0,0.5,0.22003230701753526,0.00917867646823346,8.424810170850266e-05,0.21332864445917274,0.01163133006376248,0.0001352878390521849,0.6735971043049203,0.07158092692614136,0.005123829099605588,0.6730313075295362,0.07163784839912293,0.00513198132325572,0.6608535289555286,0.08577623693875565,0.00735756282337355,0.9685850136232025,0.09934290961384049,0.00986901369054368,0.9685479958037654,0.09945997023727478,0.009892285679599586,0.9523744346248822,0.15060526143862366,0.022681944772996183,0.5535387924014532,0.010610786521298684,0.00011258879060057383,0.5530359481242167,0.010676410757888834,0.00011398574667116442,0.4517912503841767,0.05358669217289207,0.0028715335780322916,0.7379700515704158,0.07614936319118404,0.005798725514422854,0.7376621163056952,0.07624444290015131,0.005813215073154434,0.5763626302305395,0.1416604241933934,0.02006767578265216,0.360907917383821,0.10602157244181852,0.011240573823035773,0.5197364051085179,0.07978402053645096,0.006365489932960829,0.15244343554597792,0.043943575868033526,0.0019310378600696186,7.341423749923706,5.810244582394085,33.75894210723982
1.0,0.0,1.0,0.75,0.2186417242853306,0.01872168899801827,0.0003505016389385183,0.21096138106303589,0.02401071077943102,0.0005765142321334849,0.6332326488891484,0.07120603163111466,0.005070298940651302,0.6326581881000019,0.07117417938155246,0.005065763810637408,0.5912282656657722,0.09414949398558618,0.008864127217741928,0.9057550408696077,0.1517488010208601,0.02302769861126859,0.9056439874112963,0.15192761407678887,0.023081999919065697,0.8571233038746466,0.2300533368670356,0.05292453780365776,0.5619386625854471,0.01504270991887985,0.00022628312170356623,0.5614776700672279,0.015142712903497533,0.00022930175407775066,0.49149109874351593,0.07784667613235258,0.006060104984855393,0.7861311375815218,0.11632007364876162,0.013530359533653329,0.7858833360047216,0.11646531030322722,0.013564168504027004,0.6659565491818883,0.2163898722819263,0.046824576826188374,0.5446285140562248,0.08144297841435118,0.006632958733000472,0.689776908767499,0.03935361045579438,0.0015487066559064088,0.07770068257902546,0.034726070105200416,0.001205899944951294,6.723696994781494,3.7031578389752546,13.713377980363877
1.0,0.0,1.0,1.0,0.16164951427763855,0.005274430327056173,2.7819615274969885e-05,0.1612619760668966,0.005652092771359615,3.194615269605562e-05,0.532142084886471,0.07988687888263019,0.006381913417608025,0.5313289082591823,0.0799207951082593,0.006387333490736362,0.5237697249046956,0.080820641648726,0.006531976116511785,0.9730726697571186,0.08515169487504033,0.0072508111400919695,0.9730412806367745,0.08525095598907657,0.007267725497051472,0.9566419681480282,0.13711013551435938,0.018799189260765996,0.35117408609483314,0.08838222855562716,0.007811418324459117,0.3504552707277788,0.0883686050266694,0.007809010354359501,0.2985481766584833,0.0655077105378266,0.004291260139907678,0.665631668359844,0.15260469000830684,0.02328819141253143,0.6652650662598868,0.15269513112180103,0.023315803068304008,0.48187483608330384,0.15713621639699835,0.024691790503564296,0.5528635778635779,0.1529248173498415,0.023385999761482385,0.6422004911041227,0.12361395549204268,0.01528040999238871,0.06083796108411406,0.02136996224605531,0.0004566752863978294,6.6438411474227905,1.900201641609357,3.6107662787748955
1.0,0.25,0.0,0.0,0.3094754663506336,0.01635602549988013,0.00026751957015272904,0.3074553749174103,0.018094540258207486,0.0003274123871558914,0.893202838236909,0.137876225188145,0.01900985347213207,0.8930792367849243,0.13803579675437533,0.019053881185615216,0.8277943538237306,0.22232145882801035,0.049426831055414705,0.8889232412272097,0.14350926645484305,0.02059490955840714,0.8887928625647854,0.1436777701365602,0.020643301631414226,0.8195970704470295,0.23318877830182003,0.05437700632589537,0.6934945882840713,0.24786004293563163,0.061434600884053156,0.6931933808982895,0.2480453433887512,0.0615264923768435,0.5594284970764932,0.3017215810866701,0.09103591249344002,0.6745959264418524,0.2612028583535458,0.0682269332120625,0.6742683247723551,0.26140429662393333,0.06833220629345332,0.5258708672607696,0.3218648687870253,0.10359699375928903,0.06666666666666667,0.14054567378526128,0.019753086419753083,0.10010010010010009,0.21102954021811005,0.04453346684466692,,,,2.5520060777664186,0.6478164783798529,0.41966618966047436
1.0,0.25,0.0,0.25,0.29669790624830317,0.01720320460044782,0.000295950248524869,0.29182455234332416,0.020200820296360125,0.0004080731406458352,0.8468390144934863,0.11230570079259898,0.012612570430516766,0.8466216098596983,0.11240727816987336,0.01263539618555929,0.8104039407752628,0.17988869170249924,0.032359941402436816,0.9158505714700912,0.1355709223167501,0.018379474977814295,0.9157515819280111,0.13573044135803944,0.018422752711248186,0.8629551022990013,0.2208670526155112,0.048782254931062995,0.7441570767382059,0.18821560979083063,0.03542511576893422,0.7438869430537987,0.18836608649532693,0.035481782541564984,0.6149527197341688,0.2395811579623077,0.05739913125056024,0.7228537666468713,0.2097079348666238,0.04397741794602413,0.7225547649686503,0.20988169232309645,0.04405032477240692,0.5755617019323308,0.27211575132502314,0.07404698211918184,0.20357142857142857,0.07316022652559168,0.005352418745275887,0.2901538657771344,0.11548383498222144,0.01333651614220095,0.35699317211606985,0.14567063620616352,0.02121993425270844,3.231476640701294,0.8908184192021197,0.7935574559897633
1.0,0.25,0.0,0.5,0.27946794357577925,0.018057644446220766,0.00032607852294612764,0.27372351771905473,0.01935443221633205,0.000374594046416592,0.7239116288335145,0.15221207537036238,0.023168515888552874,0.7235494140696301,0.15233461127169823,0.02320583379129941,0.670921382056844,0.18882153689966488,0.035653572797151506,0.8636796298849605,0.14378194363144375,0.02067324731443567,0.8635202731927164,0.1439500689057277,0.020721622337963756,0.7797244396675994,0.23242324096078798,0.054020562938716515,0.6110846173067543,0.2321200875727441,0.05387973505477839,0.6107347723831513,0.23226566948042648,0.05394734121919072,0.48536689143563294,0.24645178535282258,0.06073848250359373,0.5494691968883008,0.2873338130104919,0.08256072009914832,0.5490505950253828,0.28753344995168173,0.08267548484111625,0.37964576499313374,0.32936062020752643,0.10847841814348645,0.39464285714285713,0.08557316793125562,0.007322767069790875,0.501432615689796,0.08603006357630417,0.007401171838942939,0.17029774650130866,0.09816636805613435,0.009636635817332434,3.8573959827423097,1.8095382874432673,3.274428813723113
1.0,0.25,0.0,0.75,0.26435352675368196,0.014375434755182999,0.0002066531244005233,0.25077785814903897,0.007454359936402692,5.556748206144555e-05,0.753762635580762,0.13627871069972972,0.018571886989980628,0.7533810048516824,0.13637633254766518,0.018598504079151357,0.7136096874496821,0.1454018418962188,0.021141695626813006,0.943784474706703,0.11864330083256809,0.014076232832447251,0.9437190030276833,0.11878147310970168,0.014109038354110783,0.9125815403202233,0.1843017307800605,0.033967127968525905,0.6642585993750098,0.16286332511765908,0.026524462668380322,0.6639182664359724,0.1629418090148462,0.02655003312503062,0.5335614451465772,0.12399923456447556,0.015375810172575832,0.6176903223399274,0.20280706366233692,0.041130705071339174,0.6172955251304366,0.20292680094890775,0.041179286543357625,0.43266853071478684,0.2084966055563147,0.043470834528505475,0.41428571428571426,0.17066260388210305,0.029125724363819612,0.563008423270432,0.13177827183925653,0.01736551292894099,0.15087553937860274,0.07141780763145947,0.0051005032468841496,3.8532690525054933,1.3254227134818641,1.7567453694136275
1.0,0.25,0.0,1.0,0.21520571017058215,0.013938046955231077,0.0001942691529262263,0.20934938761687114,0.011800009139567696,0.00013924021569388116,0.6534800890969257,0.10798957635744766,0.011661748601861019,0.6528855652216039,0.10804548967281719,0.011673827838638844,0.6171607855083983,0.1073352916091032,0.01152086482481122,0.9730726697571186,0.08515169487504035,0.007250811140091971,0.9730412806367745,0.08525095598907657,0.007267725497051472,0.9566419681480282,0.1371101355143594,0.018799189260766,0.5184090679363896,0.14800540639220033,0.021905600321320374,0.5178803322189818,0.1480602852298529,0.0219218480623454,0.4333102966368275,0.11801187505874257,0.013926802654880265,0.6656316683598439,0.15260469000830684,0.02328819141253143,0.6652650662598867,0.15269513112180103,0.023315803068304008,0.48187483608330384,0.15713621639699835,0.024691790503564293,0.5447554697554697,0.15577371614278598,0.024265450640933266,0.6379832579259811,0.12509574018837133,0.0156489442132765,0.10368765474881059,0.036425809915047354,0.001326839627967162,5.33092622756958,3.727878099985867,13.897075128354238
1.0,0.25,0.25,0.0,0.30953167770656853,0.016428322179779555,0.0002698897696426369,0.30751158627334524,0.018166863367080947,0.00033003492459818766,0.8929985139992089,0.13813958368469212,0.019082544580580056,0.8928746256140933,0.13829952498096804,0.0191267586099614,0.8273503845237198,0.22289337984712254,0.04968145877967365,0.8872395223265774,0.14565427028766992,0.021215166453033604,0.8871067325736292,0.14582583791368772,0.021265175003229123,0.8161116693744876,0.23761193237230355,0.05645943040570015,0.7663429364631674,0.2149218631707689,0.046191407268794706,0.7660992012815913,0.2151019772755059,0.04626886062783225,0.6498940599560281,0.2820977381987973,0.07957913389687717,0.7514648157903852,0.22714178560786347,0.05159339076912861,0.7511996143230322,0.22733784178913316,0.05168249430934094,0.6224051348568443,0.3023412319986794,0.09141022056647927,0.1,0.16101529717988264,0.025925925925925925,0.15015015015015015,0.24176471048030423,0.05845017523362533,,,,2.756384825706482,0.8509211118819856,0.7240667386464748
1.0,0.25,0.25,0.25,0.2956674096456435,0.01744095980547483,0.0003041870789361887,0.29009795347572,0.020376318438422095,0.00041519435310398016,0.877177070688268,0.07652269022910779,0.00585572211989999,0.8769882792997248,0.07658680377855258,0.005865538513014516,0.8508937099633437,0.14948490844463547,0.02234573785270105,0.9427779017129726,0.12063477538735072,0.01455274903275656,0.9427103012912366,0.1207772895896669,0.01458715368062626,0.9063131341509731,0.1975092552837133,0.039009905922727024,0.7862708055431669,0.11264517615943781,0.012688935711990776,0.7860229538526072,0.11277580547011976,0.012718382299434292,0.6557922889434202,0.18141339252198577,0.032910818986336084,0.7711116068518903,0.12063477538735075,0.014552749032756567,0.7708412051649456,0.12077728958966691,0.014587153680626262,0.625252536603892,0.1975092552837133,0.039009905922727024,0.1952380952380952,0.07278258106736746,0.0052973041068279155,0.27978116620775895,0.1163293033335288,0.013532506814064153,0.38007684769696815,0.1388128748447289,0.019269014222658372,3.5830396890640257,1.3949972283450498,1.9460172670903713
1.0,0.25,0.25,0.5,0.2876398687726805,0.02187734069049615,0.00047861803568803856,0.2796004511362423,0.025917429339840474,0.0006717131435856239,0.8030771315844515,0.10258328225129751,0.010523329797449372,0.8027835255530199,0.10265791651961352,0.010538647824147939,0.7546906260491268,0.152558404402452,0.02327406675382208,0.9158505714700912,0.13557092231675014,0.018379474977814298,0.9157515819280109,0.13573044135803944,0.018422752711248186,0.8629551022990013,0.22086705261551115,0.048782254931062974,0.7507964266675976,0.1763891608183179,0.031113136054190416,0.7505320329868627,0.17653086344362082,0.031163145748150305,0.6286699012909553,0.2221327023180024,0.04934293743909827,0.7228537666468713,0.2097079348666238,0.04397741794602414,0.7225547649686503,0.2098816923230964,0.044050324772406904,0.5755617019323308,0.27211575132502314,0.07404698211918184,0.34523809523809523,0.05234486491378141,0.0027399848828420243,0.4570844817927357,0.05863247042040197,0.0034377665875993117,0.21389093829098624,0.07923882070705772,0.006278790707045239,5.345528578758239,2.8165555371416655,7.932985093803375
1.0,0.25,0.25,0.75,0.2639636025109608,0.014165496859983725,0.00020066130129020875,0.25029494058833834,0.007192979175950127,5.173894942565218e-05,0.753762635580762,0.13627871069972972,0.018571886989980628,0.7533810048516824,0.1363763325476652,0.018598504079151368,0.7136096874496822,0.1454018418962188,0.021141695626813006,0.943784474706703,0.11864330083256809,0.014076232832447251,0.9437190030276833,0.11878147310970168,0.014109038354110783,0.9125815403202233,0.18430173078006049,0.0339671279685259,0.6642585993750098,0.16286332511765905,0.02652446266838032,0.6639182664359724,0.16294180901484623,0.026550033125030622,0.5335614451465772,0.12399923456447558,0.015375810172575836,0.6176903223399274,0.20280706366233692,0.041130705071339174,0.6172955251304366,0.20292680094890772,0.04117928654335761,0.43266853071478684,0.2084966055563147,0.043470834528505475,0.41428571428571426,0.17066260388210305,0.02912572436381962,0.563008423270432,0.13177827183925653,0.017365512928940993,0.1508755393786027,0.07141780763145947,0.0051005032468841496,8.562654161453247,6.768777012752527,45.81634224836703
1.0,0.25,0.25,1.0,0.21712033299146927,0.003603459170389435,1.2984917992663716e-05,0.2120105848002521,0.0016674077139470713,2.780248484530198e-06,0.6747722055705846,0.06231745082008757,0.0038834646767140334,0.6742055822475459,0.06233070140207495,0.003885116337274628,0.635869389527971,0.07856906121643448,0.006173097380431828,0.9498787885254977,0.15849718734639373,0.025121358396717832,0.9498223342609832,0.15867571140588949,0.025177981390165124,0.9405246010981658,0.1880777252768731,0.035373230745322955,0.5524963125185345,0.03188813663093665,0.0010168532577932838,0.5519919694942074,0.031863826393775115,0.0010153034324526398,0.45866758756131176,0.03375499750231797,0.0011393998563814921,0.677761847286724,0.11424569617398883,0.013052079094279365,0.6774075225281699,0.11429731292503748,0.013063875741883939,0.5026327904136462,0.09149380114736118,0.008371115648392869,0.5447554697554697,0.155773716142786,0.02426545064093327,0.6379832579259811,0.12509574018837133,0.0156489442132765,0.10368765474881059,0.03642580991504735,0.0013268396279671618,8.419870519638062,6.174458175484716,38.123933760810054
1.0,0.25,0.5,0.0,0.30412301112719103,0.013094471776952171,0.00017146519111739696,0.30176623778843054,0.014574848937098839,0.00021242622153925118,0.9103045123171091,0.14691744795573175,0.021584736513825146,0.910201161497411,0.14708656659071012,0.021634458071443406,0.8672547632588273,0.21405392072512328,0.04581908097779736,0.9175342903707234,0.13286145811186323,0.017652167051610386,0.9174377119191673,0.13301709800837555,0.017693548362569787,0.8664405033715429,0.21526033712027012,0.04633701273713234,0.6500162920253412,0.20196936541578442,0.04079162456645466,0.6496710415043403,0.2020976186651736,0.04084344747013392,0.5051572073689123,0.23828457732644084,0.05677953979164057,0.6459848772983386,0.23605852666128235,0.055723628009495346,0.6456234754179733,0.2362264983753997,0.05580295853470271,0.47902743433625616,0.27601607602675143,0.07618487422520542,0.05030303030303031,0.15907214896604577,0.025303948576675853,0.06962269532101935,0.22016629405436902,0.04847319703763489,,,,2.8598259687423706,0.5970927162162645,0.3565197117585165
1.0,0.25,0.5,0.25,0.29739063085491774,0.0092954775663576,8.64059031866574e-05,0.2946060941850662,0.012690130370936768,0.00016103940883137178,0.7414039453098897,0.1484047831684876,0.02202397966728582,0.7410843429149876,0.14854390173983484,0.022065290744093705,0.6837553065752596,0.20493089246751647,0.041996670687532794,0.8317011429401824,0.14499349531864164,0.021023113684716953,0.831503163856022,0.1451641331006673,0.021072625538868253,0.7259102045980025,0.23628008545452744,0.055828278782398794,0.6887682717510237,0.2042891298901515,0.04173404859127519,0.6884858217727798,0.2044370458968365,0.04179450573502524,0.6161735042350299,0.28330051408208645,0.08025918127917446,0.7318180247288798,0.29627059038978715,0.08777626272991303,0.7315580234811186,0.29651394432761463,0.08792051918071975,0.6195577331097966,0.37919983927532663,0.14379251810643356,0.3143073593073593,0.16556354576469864,0.027411287686179467,0.43399698000357245,0.22919572223898205,0.05253067909264861,0.24289288727223574,0.18544292637297757,0.03438907894177358,4.5576550483703615,1.4817246402537199,2.1955079095350154
1.0,0.25,0.5,0.5,0.2803374813967124,0.009888064913570476,9.777382773498353e-05,0.2711158358332154,0.012693169476441175,0.00016111655135765796,0.806092156335158,0.11348391696539525,0.012878599409808724,0.8057929356075387,0.11357165463055865,0.012898520735522894,0.7789664657232744,0.14641180725242064,0.021436417302919977,0.9444616206136048,0.1171524215434765,0.01372468987350042,0.9443964312823928,0.11728996636195682,0.013756936209188962,0.9097985352235147,0.1903387538471473,0.036228841216084925,0.7076891955495179,0.12660288727941454,0.016028291067484143,0.707381031702285,0.12667839727134925,0.016047416335237787,0.5754682127221511,0.15307437292292334,0.023431763645746208,0.6942427175033576,0.1858557276325512,0.034542351493825056,0.6939099156142685,0.18599666939328405,0.034594761025394605,0.5287182690078174,0.22761262142408428,0.051807505431543506,0.3616125541125541,0.0721976042925143,0.00521249406557848,0.46906598836716784,0.09659739099504325,0.009331055947049261,0.22217067227342277,0.08493491034041473,0.007213938994534288,7.240305471420288,3.274170079451029,10.720189709172358
1.0,0.25,0.5,0.75,0.28137338286624114,0.017715779752310184,0.0003138488522323635,0.26937843118970406,0.02599350936601502,0.0006756625291611105,0.7631749802799154,0.08845763443702986,0.007824753090195211,0.7628144283355732,0.08849753287113978,0.007831813324278465,0.7065103577898448,0.12239981778610216,0.014981715394071012,0.914166852569459,0.13820449741413263,0.01910048310549299,0.9140654519368546,0.13836776794406264,0.019145639205821966,0.8594697012264595,0.2262752781979932,0.05120050152357922,0.768425453783043,0.044720464011760636,0.0019999199014271783,0.7681736588704234,0.044804515277682776,0.0020074445892681093,0.6813898154233575,0.1439692398421854,0.020727142020736705,0.799722655995404,0.13820449741413265,0.019100483105492998,0.7994860545193274,0.13836776794406266,0.019145639205821973,0.6720959695284054,0.2262752781979932,0.05120050152357922,0.3842424242424242,0.08197142401884934,0.006719314355677991,0.5592184363134083,0.09454485884704635,0.008938730334407919,0.1454568557941796,0.06327116104985606,0.004003239820596823,9.235432672500611,6.456862100921393,41.69106819031502
1.0,0.25,0.5,1.0,0.2166538224724671,0.0034117086296931503,1.1639755773922713e-05,0.21225223795259787,0.0015361181862050166,2.35965908198979e-06,0.680317979423269,0.06289546667217111,0.003955839727910186,0.6797616249930318,0.06290723539251515,0.003957320264729311,0.6439365912060258,0.07905384801009047,0.006249510885202484,0.9498787885254977,0.15849718734639373,0.025121358396717832,0.9498223342609832,0.15867571140588949,0.025177981390165124,0.9405246010981658,0.1880777252768731,0.035373230745322955,0.5492848621564039,0.03006424355531827,0.0009038587405534962,0.5487767403042293,0.030036671303997252,0.0009022016230243719,0.45172588466183417,0.02944473117514835,0.000866992193976753,0.677761847286724,0.11424569617398886,0.013052079094279372,0.6774075225281699,0.11429731292503746,0.013063875741883937,0.5026327904136462,0.09149380114736118,0.008371115648392869,0.5447554697554697,0.155773716142786,0.02426545064093327,0.6379832579259811,0.12509574018837133,0.0156489442132765,0.10368765474881059,0.03642580991504735,0.0013268396279671618,7.856752729415893,4.485591096745524,20.12052748720271
1.0,0.25,0.75,0.0,0.29256770594365006,0.01946957523931375,0.000379064359999299,0.28842026088242567,0.021109489361532043,0.0004456105411046345,0.8059180746232618,0.14778961912314967,0.021841771520565646,0.8056598590989406,0.1479283162596537,0.021882786751416125,0.7628216597770888,0.20441745200721406,0.04178649468512166,0.8889232412272097,0.14350926645484308,0.02059490955840715,0.8887928625647854,0.14367777013656016,0.020643301631414222,0.8195970704470295,0.23318877830182003,0.05437700632589537,0.5637415122490699,0.15665337697354426,0.02454028051721537,0.5633140196255929,0.15674483590946736,0.024568943584285845,0.4663376361607606,0.21932369395522616,0.048102882730165705,0.6745959264418524,0.2612028583535458,0.0682269332120625,0.6742683247723551,0.26140429662393333,0.06833220629345332,0.5258708672607696,0.3218648687870253,0.10359699375928903,0.13333333333333333,0.28109134757052257,0.07901234567901233,0.1610509090909091,0.3395251279786603,0.11527731252892565,,,,3.9647217988967896,1.2136416090520141,1.472925955222362
1.0,0.25,0.75,0.25,0.2826821129353085,0.010595447010764262,0.00011226349735791332,0.2768501507704251,0.015021533931369317,0.00022564648165127973,0.7081272583075825,0.1251158810255583,0.015653983684801656,0.7077346168283352,0.12519456044317243,0.015673677964559155,0.6743653423312569,0.180335051838102,0.032520730921450934,0.8619959109843283,0.14559894496367448,0.02119905277453511,0.8618341432015602,0.14576968286006653,0.021248800441124375,0.7762390385950576,0.2362078747781797,0.05579416010722422,0.5418234700427593,0.1611281577674681,0.025962283225538094,0.5413956328471767,0.16121310659697521,0.025989665738647694,0.4484500722194505,0.21967009983572522,0.04825495276183748,0.6263380862368335,0.295467925215025,0.08730129483087161,0.6259818845760597,0.2956903756360114,0.08743279824376554,0.4761800325892084,0.3572953132117025,0.1276599408430486,0.2869047619047619,0.20373419341668048,0.04150762156714537,0.37185007390669444,0.23327910273628794,0.054419139773447575,0.26453070212268875,0.15090871765099473,0.02277344106306765,3.69431357383728,1.6535425175437821,2.734202857325029
1.0,0.25,0.75,0.5,0.2699638867063133,0.001623567065362013,2.635970015728219e-06,0.2596083575637116,0.01024563029355001,0.00010497294011210966,0.6852494915212307,0.11182665016782124,0.012505199687756275,0.6847960154464495,0.11186951285922946,0.012514787907361305,0.6577222703075044,0.1521949499473709,0.023163302789482736,0.8872395223265774,0.1456542702876699,0.021215166453033597,0.8871067325736292,0.14582583791368772,0.021265175003229123,0.8161116693744876,0.23761193237230355,0.05645943040570015,0.6172128332817539,0.09607414223270028,0.009230240805749123,0.6168288111582666,0.09613968901232553,0.009242839803386667,0.5552614284107007,0.1538172467628278,0.023659745401696658,0.7514648157903852,0.22714178560786344,0.0515933907691286,0.7511996143230322,0.22733784178913313,0.05168249430934093,0.6224051348568443,0.3023412319986794,0.0914102205664793,0.4458333333333333,0.16083549221348986,0.025868055555555557,0.5561018339754864,0.18004223835512348,0.032415207591923095,0.1321054294917353,0.08569049603970365,0.007342861111530467,7.809048151969909,4.414475779646276,19.487596409083597
1.0,0.25,0.75,0.75,0.26132320353868843,0.007458134261915754,5.5623766668761644e-05,0.24237552373218046,0.010635923427458577,0.00011312286715476221,0.6930349514878612,0.08101593254578317,0.006563581326262889,0.6925325049961059,0.08102506455784327,0.006565061086602668,0.6648022929259937,0.10488406630401756,0.011000667364465552,0.9421007558060707,0.12207275856730866,0.01490175838423243,0.942032873036527,0.12221586448574884,0.014936717531998924,0.9090961392476815,0.19175439495339724,0.03676974798394346,0.6136949025235918,0.07395666787868187,0.0054695887237176544,0.6132770312686028,0.07398232115807808,0.005473383843937007,0.5322361803722611,0.09688683891467399,0.009387059554877987,0.6945592116884601,0.1849804420160543,0.034217763928454825,0.6942268146811136,0.1851203782373062,0.03426955443872331,0.5292027983108615,0.2264462011053614,0.051277881995049776,0.5357142857142857,0.0894399021395607,0.007999496094734194,0.6400054837248335,0.08916446593069983,0.00795030198470693,0.08988974823394243,0.03751704374669124,0.0014075285714911438,7.1371461868286135,2.6946392584424164,7.261080733139096
1.0,0.25,0.75,1.0,0.21352092664156658,0.02053315176536504,0.00042161032141951356,0.20577695544991798,0.02313574054550269,0.0005352624905888171,0.6137178573635997,0.025886980287890483,0.0006701357484256304,0.6130338449716175,0.025854021121478138,0.0006684304081498377,0.5988294621480185,0.04620619377840524,0.0021350123434875352,0.9713889508564864,0.09047608154051305,0.008185921330925565,0.9713551506456183,0.09058296719225017,0.008205273945352271,0.9531565670754866,0.14813194146278494,0.021943072081533947,0.47020858661275255,0.07700980672262202,0.005930510331455599,0.46959715585168205,0.07714080996504892,0.005950704562063792,0.42466944478042307,0.1130655734290524,0.012783823894840438,0.7425005577083766,0.09047608154051305,0.008185921330925565,0.7421963558105638,0.09058296719225017,0.008205273945352271,0.5784091036793786,0.14813194146278494,0.021943072081533947,0.5203191142950179,0.050010187244820696,0.002501018828262027,0.6814290259781881,0.042508254273629094,0.001806951681391506,0.06065523884208317,0.013235459574959247,0.00017517739016038042,8.70718936920166,5.829410536349716,33.98202720130509
1.0,0.25,1.0,0.0,0.2436146849895044,0.03133703404728202,0.0009820097028805125,0.2431038765523458,0.03151375374746054,0.0009931166752555833,0.7082264754520172,0.1579848274271561,0.024959205697188302,0.7078161428491266,0.1581160456115357,0.025000683879829233,0.6691187160681871,0.1822143088621938,0.03320205435412696,0.88163164786001,0.15334671341537787,0.02351521451529803,0.8814924228899235,0.15352714189680744,0.023570583299002443,0.8145474044732792,0.2397069639295603,0.057459428556327526,0.5324173516833046,0.09302125388140693,0.008652953673669165,0.5319509061688248,0.09307539512625335,0.008663029177908186,0.45185147066790377,0.14851688393444412,0.022057264813597145,0.7424038035144636,0.21668845725252103,0.04695388750647764,0.7421311353132949,0.21687352170320331,0.0470341244159498,0.6183121879591662,0.29673268161264166,0.08805028433702937,0.19879518072289157,0.32009065102024864,0.1024580248705666,0.2240417124933806,0.360741429178115,0.13013437872546899,,,,4.471202111244201,3.1610840754226857,9.992452531890894
1.0,0.25,1.0,0.25,0.23988345412980427,0.030597519705090625,0.0009362082121034091,0.23682458419564373,0.03224090508197459,0.0010394759605048946,0.7117049698291822,0.07463516660943431,0.005570408094818018,0.7112303760994774,0.07469023510028845,0.00557863121933636,0.6984370943737559,0.10835810731030628,0.011741479419871852,0.9461453395142371,0.11353559316672045,0.012890330915719058,0.9460825612735491,0.11366794131876877,0.012920400883647062,0.9132839362960563,0.18281351401914583,0.033420780908028434,0.5018816838837957,0.10023390598066599,0.01004683590814099,0.5013561592439885,0.10023765323324366,0.010047587125708003,0.37804339619690663,0.11421025728788957,0.013043982869765932,0.617373828154825,0.20347292001107578,0.04140122917783365,0.6169786260635914,0.20359350816240135,0.041450316565873786,0.4321840014117426,0.2095149551959978,0.043896516450780965,0.17738095238095236,0.035136418446315314,0.0012345679012345672,0.27764234823058354,0.026713857091139572,0.0007136301606858281,0.3128611860429728,0.051532669751921736,0.002655616051760629,4.745926141738892,2.8941936128599006,8.376356668719044
1.0,0.25,1.0,0.5,0.22216091040541622,0.01651670485380523,0.0002728015392277133,0.21579292742045603,0.018771216643602345,0.0003523585742810537,0.6880962096391218,0.06108865318713336,0.0037318235482178583,0.6875552114357809,0.061123043590624614,0.0037360264577813965,0.6739668583279903,0.07798576468238798,0.0060817794930967915,0.9730726697571186,0.0851516948750403,0.007250811140091966,0.9730412806367745,0.08525095598907657,0.007267725497051472,0.9566419681480282,0.1371101355143594,0.018799189260766,0.5309741689761311,0.060744818046709156,0.003689932919527803,0.5304539344866084,0.060734186489937586,0.003688641408594517,0.4154575520651284,0.0613105503327318,0.003758983582102439,0.665631668359844,0.15260469000830687,0.023288191412531436,0.6652650662598868,0.152695131121801,0.023315803068303997,0.48187483608330384,0.15713621639699835,0.024691790503564293,0.34404761904761905,0.05270462766947298,0.002777777777777777,0.5048278364954364,0.032638987066215944,0.0010653034767086117,0.15655951879753877,0.030927377754229456,0.0009565026947528071,5.0545958280563354,4.049587722312478,16.39916072070396
1.0,0.25,1.0,0.75,0.2085223677223264,0.0016849723855608433,2.8391319401025993e-06,0.19814486410969606,0.004299229241407523,1.848337207017351e-05,0.6413086725439477,0.08197665340175142,0.006720171702950882,0.6406885828874744,0.08201244366492375,0.00672604091589229,0.6157962938835772,0.07933986537094918,0.0062948142370803425,0.9713889508564864,0.09047608154051305,0.008185921330925565,0.9713551506456183,0.09058296719225016,0.008205273945352268,0.9531565670754866,0.14813194146278497,0.021943072081533954,0.5557103889649291,0.009847765265790006,9.697848073010012e-05,0.5552079912774003,0.009913232586751697,9.827218031903574e-05,0.459259512678587,0.05096261228245968,0.0025971878506523102,0.7425005577083765,0.09047608154051306,0.008185921330925569,0.7421963558105638,0.09058296719225019,0.008205273945352275,0.5784091036793786,0.14813194146278497,0.021943072081533954,0.510907917383821,0.05331694477234554,0.0028426965998573444,0.6734829660407076,0.02576298554049762,0.0006637314239598895,0.09207864157356963,0.022733549263632007,0.0005168142621219834,8.35550353527069,4.425180717771841,19.582224384939707
1.0,0.25,1.0,1.0,0.16059284511468308,0.0011397095902186468,1.2989379500363557e-06,0.15973416491071196,0.002086960867858208,4.3554056639714855e-06,0.5568315007218316,0.052934540318156635,0.00280206555869455,0.5560175194276892,0.05303176682613993,0.0028123682927020752,0.5447513284873626,0.05518909279208898,0.0030458359632138075,0.9945929823119194,0.017098491243152443,0.0002923584027921608,0.9945830490622205,0.01712990293676833,0.00029343357462310415,0.9956594707169095,0.013725958785223268,0.00018840194457364783,0.38375998975371733,0.009775631080841016,9.55629630287049e-05,0.38304226686044357,0.009787016570433151,9.578569334993308e-05,0.3286048553700513,0.019693235393748888,0.00038782352027360396,0.7138143938533199,0.00023753357426211868,5.642219890173745e-08,0.7134763390230241,0.00023770029464733938,5.6501430075431965e-08,0.531345320307782,0.0006968092962187564,4.855431952968786e-07,0.5045045045045045,0.0,0.0,0.6031103261103692,0.0,0.0,0.0675957365050483,0.0,0.0,8.210822296142577,2.9535539142423,8.72348072433601
1.0,0.5,0.0,0.0,0.30314122059216453,0.013354419821725744,0.00017834052877490145,0.3004477653478668,0.01477393222685404,0.0002182690734436764,0.9466014191184545,0.11257512307897823,0.012673158336247096,0.9465396183924621,0.11270541215019315,0.012702509927944907,0.9138971769118653,0.18152370557981076,0.03295085568742582,0.9444616206136048,0.1171524215434765,0.01372468987350042,0.9443964312823928,0.11728996636195681,0.01375693620918896,0.9097985352235147,0.1903387538471473,0.036228841216084925,0.7127400313439219,0.1764336749048708,0.03112884164043764,0.7124342085032224,0.17656327482898562,0.031174590018335908,0.5633472675678826,0.21338936083083274,0.045535019315791334,0.6942427175033576,0.18585572763255118,0.03454235149382505,0.6939099156142685,0.18599666939328405,0.034594761025394605,0.5287182690078174,0.22761262142408428,0.05180750543154351,0.03333333333333333,0.10540925533894598,0.01111111111111111,0.050050050050050046,0.15827215516358253,0.025050075100125142,,,,2.329539442062378,0.6105035252449752,0.37271455433654205
1.0,0.5,0.0,0.25,0.3050000073417383,0.02070092936877336,0.00042852847673094336,0.3015191131867953,0.02404504197274339,0.0005781640434709913,0.8105411154223624,0.11442597285715402,0.013093303264306147,0.8102932990618058,0.11452806200147146,0.01311667698581289,0.739497022799245,0.19275061553593695,0.03715279978948258,0.8586284731830638,0.1491032001640419,0.022231764299158345,0.8584618832192474,0.14927894387733245,0.022284203085131772,0.7692682364499742,0.243434524338674,0.05926036763999645,0.7975893753524141,0.2162639640423135,0.046770102143295064,0.7973812045906469,0.21644846932477885,0.04684993987303973,0.7010046474983137,0.2857693980747065,0.08166414887598009,0.7800758649338988,0.23956266395901205,0.057390269963138535,0.7798444636774139,0.23977337140766214,0.05749126963619669,0.6692485677813578,0.32233091811589504,0.10389722077343584,0.23809523809523808,0.0858005885334907,0.007361740992693374,0.3453336993503198,0.13722554395521486,0.018830849913804605,0.29114844415628455,0.16576127596892498,0.027476800610846105,3.3910067319869994,1.1382558974891728,1.2956264881688824
1.0,0.5,0.0,0.5,0.28774267253933056,0.0218297833635763,0.0004765394417006726,0.27973104053265396,0.02584708357932219,0.0006680717295564669,0.8030771315844515,0.10258328225129748,0.010523329797449365,0.8027835255530201,0.10265791651961352,0.010538647824147937,0.7546906260491268,0.152558404402452,0.023274066753822084,0.9158505714700912,0.1355709223167501,0.018379474977814295,0.9157515819280111,0.1357304413580394,0.018422752711248176,0.8629551022990013,0.22086705261551115,0.048782254931062974,0.7507964266675976,0.17638916081831793,0.031113136054190423,0.7505320329868627,0.17653086344362087,0.031163145748150316,0.6286699012909553,0.22213270231800242,0.04934293743909828,0.7228537666468713,0.20970793486662379,0.043977417946024125,0.7225547649686503,0.20988169232309642,0.04405032477240691,0.5755617019323308,0.27211575132502314,0.07404698211918183,0.34523809523809523,0.05234486491378141,0.0027399848828420243,0.4570844817927357,0.05863247042040197,0.0034377665875993117,0.21389093829098624,0.0792388207070577,0.006278790707045238,5.3943519115448,3.682953539501554,13.564146774127025
1.0,0.5,0.0,0.75,0.27964888008745625,0.0273800625644327,0.000749667826032249,0.26774692172889886,0.03237283209204392,0.0010480002576596684,0.7714610789470087,0.0940807978775772,0.008851196529281536,0.771110528352513,0.09413647393665452,0.008861675725226434,0.7062135824053571,0.12696111927370654,0.01611912580723234,0.9139791070280389,0.1385077390024238,0.01918439376356355,0.9138779793054838,0.13867056626367338,0.01922952594788783,0.8624272158987856,0.22165942706494912,0.0491329016067615,0.7594655981215511,0.16338449439031796,0.02669449300717984,0.7592081262519813,0.1635178731069719,0.02673809482542777,0.6474476589768049,0.20289345111073392,0.04116575250362378,0.7230908693156939,0.20909086264478616,0.04371898884154083,0.722792171608957,0.20926393290898884,0.043791393616537784,0.5759241571821343,0.27131645936212295,0.07361262112079853,0.3738095238095238,0.12799695291157728,0.01638321995464853,0.5317544618854662,0.09883370387944239,0.009768101022529306,0.15420295086695007,0.05639208454635013,0.003180067199482701,5.559838485717774,3.1633975908289265,10.007084317662256
1.0,0.5,0.0,1.0,0.21757587058567243,0.002417849300000478,5.845995237512803e-06,0.212818579706949,0.0015251397607958584,2.3260512899604484e-06,0.7000551333369798,0.023383035683586777,0.0005467663577798926,0.6994997371445039,0.02342633313732115,0.000548793084260751,0.6683670495357033,0.03401430886211433,0.0011569732073673095,1.0,0.0,0.0,1.0,0.0,0.0,1.0,0.0,0.0,0.5570894352808681,0.013540663649206372,0.00018334957206093884,0.556568274251666,0.013556596586385203,0.00018378131100599095,0.45203061539595274,0.029268789336725665,0.000856662029237626,0.7138895085648629,5.233641528945917e-17,2.7391003653507353e-33,0.713551506456182,5.233641528945917e-17,2.7391003653507353e-33,0.531565670754865,0.0,0.0,0.4954954954954955,0.0,0.0,0.5984245114679897,0.0,0.0,0.1152065072436,0.0,0.0,5.265755438804627,3.616882320582312,13.081837720940891
1.0,0.5,0.25,0.0,0.30000220339089756,0.010104199885571874,0.00010209485532759066,0.2969720662410626,0.011168881554035169,0.00012474391516806706,0.9731985474403773,0.08475363468935766,0.00718317859305709,0.9731675036108156,0.0848518038980668,0.007199828624755984,0.9567266038059271,0.13684249406413182,0.018725868181691953,0.9713889508564864,0.09047608154051305,0.008185921330925565,0.9713551506456183,0.09058296719225019,0.008205273945352273,0.9531565670754866,0.14813194146278497,0.021943072081533954,0.7587869269633952,0.08475363468935766,0.00718317859305709,0.7585075324973397,0.0848518038980668,0.007199828624755984,0.6105394342533448,0.13684249406413182,0.018725868181691953,0.7425005577083765,0.09047608154051306,0.008185921330925569,0.7421963558105638,0.09058296719225022,0.008205273945352278,0.5784091036793786,0.14813194146278497,0.021943072081533954,0.03333333333333333,0.10540925533894598,0.01111111111111111,0.050050050050050046,0.15827215516358253,0.025050075100125146,,,,3.0019744873046874,1.1210023371958562,1.2566462399985718
1.0,0.5,0.25,0.25,0.29260221739010495,0.013131667739814074,0.0001724406976288737,0.2870330164403285,0.015662546290316045,0.0002453153562962929,0.8649879640290482,0.1061803000379111,0.011274256116140823,0.8647857652586446,0.10627778372850212,0.01129496731424227,0.8458573997632719,0.16054185236732654,0.025773686361532475,0.9444616206136048,0.11715242154347649,0.013724689873500416,0.9443964312823928,0.11728996636195685,0.013756936209188969,0.9097985352235147,0.19033875384714727,0.03622884121608492,0.7174409274311018,0.16544922827186448,0.027373447135755517,0.7171398122853746,0.16556873857912816,0.02741300719468368,0.5719267558520963,0.1977266898471532,0.03909584387791232,0.6942427175033576,0.18585572763255118,0.03454235149382505,0.6939099156142685,0.185996669393284,0.03459476102539459,0.5287182690078174,0.22761262142408428,0.05180750543154351,0.18630952380952379,0.057918158651125214,0.0033545131015369103,0.26256394899054175,0.08973296065973804,0.008052004228762096,0.3899155360959625,0.12032689186915436,0.014478560906891166,3.714607524871826,1.9030986663369618,3.6217845338135226
1.0,0.5,0.25,0.5,0.2906757716613139,0.026656729288778776,0.0007105812163752363,0.2860996809167674,0.029445930234073735,0.0008670628073499377,0.7291087910336113,0.13368091656059455,0.017870587452480644,0.7287608150120656,0.13378863621719458,0.01789939918085683,0.6520297526657319,0.1729227589436281,0.029902280560676113,0.8333848618408146,0.14356412871856322,0.02061065905472019,0.8331892938471782,0.1437327251069698,0.02065909626667575,0.7293956056705442,0.23333344237256545,0.05444449532943132,0.7017058661253226,0.26368589368855605,0.06953025053033247,0.7014357897174102,0.26388110323224134,0.06963323664306481,0.6034742198129007,0.31065184058431294,0.09650456605842138,0.6549491353803472,0.3178895172142552,0.10105374515471224,0.6546267339304416,0.31813886245502326,0.1012123358041762,0.5230234655137219,0.3941680669248038,0.1553684649832366,0.37916666666666665,0.07931794235124846,0.0062913359788359735,0.4993018022183378,0.07556505078065424,0.005710076899482854,0.16054096991749428,0.08986490845239997,0.008075701771158227,5.947775363922119,2.758965868613406,7.611892664173727
1.0,0.5,0.25,0.75,0.28808681987993257,0.028077396653407687,0.0007883402028327891,0.27613836486238535,0.03632460833992201,0.0013194771710487317,0.7922743157181835,0.04160325300373148,0.0017308306604924923,0.7919461433656669,0.04159101534183785,0.0017298125571649915,0.7179493180667732,0.10398134190191702,0.010812119463723364,0.914166852569459,0.13820449741413263,0.01910048310549299,0.9140654519368546,0.13836776794406264,0.019145639205821966,0.8594697012264595,0.2262752781979932,0.05120050152357922,0.8184559848803653,0.12527727233878752,0.015694394964646738,0.8182431878847174,0.12542411621661573,0.015731208928719126,0.7143834959638818,0.1970941126150917,0.038846089227530446,0.799722655995404,0.13820449741413263,0.01910048310549299,0.7994860545193274,0.13836776794406266,0.019145639205821973,0.6720959695284054,0.2262752781979932,0.05120050152357922,0.3333333333333333,0.0,0.0,0.5005005005005004,0.0,0.0,0.16433576677154252,0.032873226435329674,0.0010806490162684577,9.082047986984254,4.3041071284745085,18.52533817338508
1.0,0.5,0.25,1.0,0.22879638638371355,0.03495517017812448,0.0012218639221816432,0.22436865681961238,0.03646424627698498,0.0013296412565486132,0.7014042939336329,0.024458590608117056,0.0005982226545354718,0.7008705018882844,0.02452411171166492,0.0006014320552462205,0.656496882104922,0.046264308557558184,0.0021403862463089513,0.9713889508564864,0.09047608154051305,0.008185921330925565,0.9713551506456183,0.09058296719225019,0.008205273945352273,0.9531565670754866,0.14813194146278497,0.02194307208153395,0.6008954039773087,0.13692235382638482,0.018747730977357716,0.600426223917845,0.13708483780442127,0.018792252755864488,0.5078106244032611,0.17392478409095485,0.030249830521085264,0.7425005577083765,0.09047608154051305,0.008185921330925567,0.7421963558105638,0.0905829671922502,0.008205273945352276,0.5784091036793786,0.14813194146278497,0.02194307208153395,0.47907847606642784,0.051915173787090776,0.0026951852693438373,0.5884809017608177,0.031444454838423584,0.0009887537400856605,0.11550645446026506,0.0009485163824896343,8.996833278512222e-07,6.384692883491516,3.603211555462168,12.983133513416098
1.0,0.5,0.5,0.0,0.30402780725839446,0.009891130347291376,9.78344595471084e-05,0.3023443977307083,0.011313517845353876,0.00012799568603714059,0.8273979475218953,0.1843191631826132,0.0339735539163388,0.8271998425181171,0.18453057931760855,0.034051534703292224,0.7688250412937422,0.24401009754139538,0.05954092770216129,0.8586284731830638,0.14910320016404188,0.022231764299158338,0.8584618832192474,0.14927894387733243,0.022284203085131765,0.7692682364499742,0.24343452433867394,0.05926036763999644,0.7264370142263605,0.16757316390395455,0.02808076526078162,0.7261723256517172,0.16770400089099124,0.028124631914845592,0.6491758820960686,0.25216860837736166,0.0635890070509752,0.7800758649338987,0.23956266395901205,0.057390269963138535,0.7798444636774139,0.23977337140766214,0.05749126963619669,0.6692485677813578,0.3223309181158951,0.10389722077343587,0.20121212121212123,0.25976373150320453,0.06747719620446894,0.2784907812840774,0.35953005266184135,0.1292618587670264,,,,3.848837471008301,1.9388403691412102,3.759101977011624
1.0,0.5,0.5,0.25,0.29451787643132066,0.008249001151780509,6.804602000207616e-05,0.2910367270562304,0.011696036438311493,0.0001367972683663102,0.7667633451450773,0.15491453505584724,0.023998513171569324,0.7664671276262494,0.1550601386885408,0.024043646610109506,0.7217984288811492,0.2108681469834731,0.04446537541224361,0.8619959109843283,0.14559894496367448,0.02119905277453511,0.8618341432015602,0.14576968286006656,0.021248800441124382,0.7762390385950576,0.23620787477817967,0.055794160107224204,0.6265759317300692,0.22093488952793666,0.04881222541072158,0.6262352354466524,0.22107812583678724,0.048875537723506335,0.5112777942886497,0.2731181805640402,0.07459354055461165,0.6263380862368335,0.295467925215025,0.08730129483087162,0.6259818845760597,0.2956903756360114,0.08743279824376554,0.4761800325892084,0.3572953132117025,0.1276599408430486,0.25417748917748917,0.13656099196553223,0.01864890452661016,0.350044555457824,0.18849677254849667,0.03553103326119969,0.29823988030269805,0.16644200892403624,0.027702942334668957,4.572037959098816,1.9440096813925352,3.779173641347906
1.0,0.5,0.5,0.5,0.2814030313382724,0.008980983436913094,8.065806349410732e-05,0.27106862192212045,0.012612665850913177,0.00015907933986679143,0.8367189249955134,0.07088113100213507,0.005024134732141834,0.8364443000124077,0.07093163794706209,0.005031297261853099,0.81625248919841,0.10088239117624266,0.010177256849436444,0.9713889508564864,0.09047608154051305,0.008185921330925565,0.9713551506456183,0.09058296719225019,0.008205273945352273,0.9531565670754866,0.14813194146278497,0.02194307208153395,0.7454496695301416,0.030843413412804544,0.0009513161509531712,0.7451597324769177,0.030899612004747692,0.0009547860220439476,0.6091679509888265,0.09868172531101037,0.009738082910357704,0.7425005577083765,0.09047608154051305,0.008185921330925567,0.7421963558105638,0.09058296719225019,0.008205273945352273,0.5784091036793786,0.14813194146278497,0.02194307208153395,0.34494588744588744,0.055545201758152384,0.0030852694383538544,0.45175289750263536,0.08589942720608565,0.007378711594333608,0.2415593043060567,0.06598305675947753,0.004353763779324434,4.072402381896973,2.01566316760988,4.062898005259096
1.0,0.5,0.5,0.75,0.27419748899411944,0.011619634594157045,0.00013501590810173115,0.25880862016642175,0.017028042803484397,0.0002899542417172968,0.7997999204714497,0.05790911508634597,0.0033534656100836623,0.7994558880482581,0.057935234742691535,0.003356491424690772,0.7571886970242261,0.08012949000765933,0.006420735168887575,0.9713889508564864,0.09047608154051305,0.008185921330925565,0.9713551506456183,0.09058296719225016,0.008205273945352268,0.9531565670754866,0.14813194146278497,0.021943072081533954,0.749909422575648,0.02927641592106309,0.0008571085291830764,0.7496228271327291,0.02933144039082668,0.0008603333954006188,0.6217808870114828,0.09424999133172383,0.008883060866030017,0.7425005577083765,0.09047608154051306,0.008185921330925569,0.7421963558105638,0.09058296719225019,0.008205273945352275,0.5784091036793786,0.14813194146278497,0.021943072081533954,0.3503030303030303,0.05366289362709978,0.0028797061524334262,0.5200731457714698,0.0618941388907865,0.0038308844290319702,0.17165360527824508,0.04142069783124386,0.0017156742088272098,6.710908722877503,2.006555454520374,4.026264792065465
1.0,0.5,0.5,1.0,0.21233906029023672,0.013046903653211206,0.0001702216949361759,0.20894211601344673,0.011667036854899669,0.00013611974897358715,0.6503802567412684,0.12065255655677584,0.014557039403685992,0.6498155813065898,0.12070360978408724,0.014569361414909202,0.6169319322128854,0.12628884157509937,0.015948871506380545,0.9229514582826163,0.17138550358778368,0.02937299084003821,0.9228636148977577,0.17157986472315695,0.029439649978416842,0.897166569246194,0.22009519537764452,0.048441895028323516,0.5009701437255341,0.14370326059088365,0.02065062710445141,0.500443110701611,0.1437497587862393,0.020663993151101987,0.4121804572042759,0.10769585425022048,0.011598397022684732,0.6295040070817051,0.18018310947553928,0.03246595294027417,0.6291210823318746,0.18028120716868198,0.03250131365819723,0.45294195574208496,0.1728236660412582,0.029868019543940347,0.5940154440154439,0.2076982881903813,0.04313857891721468,0.6775420043839725,0.16679432025116173,0.0278203452680471,0.09216880225402117,0.048567746553396476,0.0023588260052749555,9.261207103729248,4.32493066615103,18.705025267013593
1.0,0.5,0.75,0.0,0.29171069360464724,0.02003979055648831,0.000401593205547918,0.287507917936985,0.02162988112623855,0.0004678517575352107,0.8048468208006756,0.14974095061331455,0.02242235229057911,0.8045873916933587,0.1498819278986925,0.022464592310628858,0.7626130300200921,0.204733480237993,0.041915797930360675,0.8889232412272097,0.14350926645484308,0.020594909558407145,0.8887928625647856,0.14367777013656016,0.020643301631414222,0.8195970704470295,0.23318877830182003,0.054377006325895365,0.5637415122490699,0.1566533769735443,0.024540280517215383,0.5633140196255929,0.15674483590946736,0.024568943584285845,0.46633763616076057,0.21932369395522616,0.048102882730165705,0.6745959264418524,0.26120285835354573,0.06822693321206247,0.6742683247723551,0.2614042966239334,0.06833220629345334,0.5258708672607696,0.3218648687870253,0.10359699375928903,0.13333333333333333,0.28109134757052257,0.07901234567901233,0.1610509090909091,0.3395251279786603,0.11527731252892565,,,,4.341682767868042,1.681119119998344,2.8261614956240066
1.0,0.5,0.75,0.25,0.2830277766086199,0.010293431200290876,0.00010595472587512166,0.2772632619347256,0.014560358420241913,0.00021200403732590957,0.7081272583075825,0.1251158810255583,0.01565398368480166,0.7077346168283352,0.12519456044317245,0.015673677964559162,0.6743653423312569,0.18033505183810203,0.03252073092145094,0.8619959109843283,0.14559894496367448,0.021199052774535113,0.8618341432015602,0.14576968286006656,0.021248800441124385,0.7762390385950576,0.2362078747781797,0.05579416010722422,0.5418234700427593,0.16112815776746814,0.0259622832255381,0.5413956328471767,0.1612131065969752,0.025989665738647687,0.4484500722194505,0.21967009983572525,0.04825495276183749,0.6263380862368335,0.295467925215025,0.08730129483087162,0.6259818845760597,0.2956903756360114,0.08743279824376554,0.4761800325892084,0.3572953132117025,0.1276599408430486,0.2869047619047619,0.20373419341668048,0.041507621567145374,0.37185007390669444,0.2332791027362879,0.05441913977344757,0.26453070212268875,0.15090871765099473,0.02277344106306765,4.723647856712342,2.080890261602126,4.3301042808305645
1.0,0.5,0.75,0.5,0.26965487672802646,0.0024424442094381493,5.9655337162179465e-06,0.2558561017179719,0.009105551943575985,8.29110761971604e-05,0.7294656384399005,0.08945059198366895,0.00800140840622882,0.7290298864409769,0.08948331500272744,0.008007263663877344,0.7164957176156566,0.12462338626075559,0.015530988403097483,0.9444616206136048,0.11715242154347649,0.013724689873500416,0.9443964312823928,0.11728996636195688,0.013756936209188976,0.9097985352235147,0.1903387538471473,0.036228841216084925,0.6041991429798954,0.08885843280263722,0.007895821080140796,0.6037749427542808,0.08889547066115779,0.007902404704068765,0.5098346904735743,0.11840652928328431,0.014020106176913266,0.6942427175033576,0.18585572763255123,0.03454235149382507,0.6939099156142685,0.18599666939328405,0.034594761025394605,0.5287182690078174,0.22761262142408428,0.051807505431543506,0.37797619047619047,0.11416060447019695,0.01303264361300075,0.4799687475916031,0.12658393960989853,0.016023493767162438,0.1672041602834573,0.06514305178219776,0.004243617195498099,5.510383534431457,2.5489665273837465,6.4972303577227555
1.0,0.5,0.75,0.75,0.2605487934585275,0.010275416306896018,0.00010558418028002462,0.2416694048920275,0.010961259522061966,0.00012014921030999413,0.6875370532764451,0.09451369260082376,0.008932838089043008,0.6870284383287845,0.09453943214371942,0.008937704230056928,0.6624079507735203,0.11045991812839627,0.012201393512932006,0.9444616206136048,0.11715242154347649,0.013724689873500416,0.9443964312823928,0.11728996636195682,0.013756936209188964,0.9097985352235147,0.1903387538471473,0.036228841216084925,0.6034131498386697,0.10572902575450643,0.011178626886997086,0.6029874919589417,0.10577432161254033,0.011188207112593117,0.5260881612485558,0.11188958422359979,0.01251927905773003,0.6942427175033576,0.18585572763255118,0.03454235149382505,0.6939099156142685,0.185996669393284,0.03459476102539459,0.5287182690078174,0.22761262142408425,0.0518075054315435,0.5357142857142857,0.08943990213956068,0.007999496094734193,0.6400054837248335,0.08916446593069981,0.007950301984706927,0.0898897482339424,0.03751704374669122,0.0014075285714911432,8.688901376724242,5.775021021882308,33.35086780318258
1.0,0.5,0.75,1.0,0.22147268173131848,0.02659527825391215,0.0007073088254030127,0.21339753168541659,0.03068874994433407,0.0009417993731458645,0.6016699748637897,0.03190160918455505,0.0010177126685640872,0.600995729730316,0.03185631452395093,0.0010148247750488867,0.5783692273566604,0.057790616335973995,0.0033397553364917444,0.9427779017129726,0.12063477538735072,0.01455274903275656,0.9427103012912363,0.12077728958966685,0.01458715368062625,0.9063131341509731,0.19750925528371327,0.03900990592272702,0.49864703023877466,0.10031853957867969,0.010063809383199123,0.4980820112223098,0.10049043205280596,0.010098326934159612,0.46851927480284805,0.14592718056437778,0.02129474202746852,0.7711116068518903,0.12063477538735076,0.01455274903275657,0.7708412051649456,0.12077728958966694,0.01458715368062627,0.625252536603892,0.19750925528371327,0.03900990592272702,0.5361337240855313,0.06668024965976094,0.004446255694688048,0.6948713162644136,0.05667767236483878,0.00321235854469601,0.05646981902848765,0.017647279433278994,0.0003114264713962318,13.138734364509583,4.874873368364622,23.76439035759064
1.0,0.5,1.0,0.0,0.23681394722281895,0.002615631995506708,6.841530735918405e-06,0.23604380035677242,0.0027187441562819843,7.391569787317439e-06,0.8400812900140684,0.04177934630135106,0.0017455137773682164,0.8397876693343734,0.04185605577492864,0.001751929405033937,0.8326112250287258,0.04357132029921697,0.0018984599526169566,1.0,0.0,0.0,1.0,0.0,0.0,1.0,0.0,0.0,0.5502406896420378,0.0,0.0,0.5497171046710654,0.0,0.0,0.4350442309270141,0.0,0.0,0.7138895085648629,3.700743415417188e-17,1.3695501826753676e-33,0.713551506456182,1.0467283057891834e-16,1.0956401461402941e-32,0.531565670754865,0.0,0.0,0.0,0.0,0.0,0.0,0.0,0.0,,,,3.8161844968795777,1.9105800721238706,3.6503162119968544
1.0,0.5,1.0,0.25,0.22370966200651168,0.00541567909569868,2.9329580067587676e-05,0.2199323285782179,0.004664137049171435,2.1754174413453615e-05,0.6843752214189027,0.1087575868655696,0.011828212700821917,0.6838366705411413,0.10885349053163856,0.011849082400921526,0.688346779343786,0.11660495185776656,0.013596714797752058,0.9713889508564864,0.09047608154051302,0.008185921330925562,0.9713551506456183,0.09058296719225015,0.008205273945352266,0.9531565670754866,0.14813194146278497,0.021943072081533954,0.5528578821471426,0.01085003399749713,0.00011772323774684356,0.5523549022589229,0.010915705882929788,0.00011915263492262797,0.44942643517407543,0.05441760354059537,0.0029612755751014176,0.7425005577083766,0.09047608154051305,0.008185921330925565,0.7421963558105638,0.09058296719225019,0.008205273945352273,0.5784091036793786,0.14813194146278497,0.021943072081533954,0.210907917383821,0.15872620011129152,0.02519400660176976,0.31315433871665943,0.1523695598189393,0.02321648275941732,0.30631253244240814,0.09800766561312964,0.009605502518935034,6.496051621437073,3.9623166360043114,15.699953123956524
1.0,0.5,1.0,0.5,0.22527940683761488,0.017848882834518805,0.00031858261844038005,0.2195651254358087,0.020767732635848087,0.0004312987188340697,0.6694311089369988,0.07764926442874963,0.006029408266325883,0.6688892924547571,0.07767237993681221,0.006032998605048508,0.6486127222541389,0.10282882594391196,0.010573767445003341,0.9416576833803212,0.1234503900452179,0.015239998802316437,0.9415892764405399,0.12359521093702709,0.015275776166568222,0.9090164027729104,0.19207382570650886,0.036892354521534346,0.5343295942934431,0.06281524583543295,0.003945755109365876,0.5338301120096538,0.0628229351620858,0.003946721182379636,0.4324031520191941,0.08579401275178043,0.007360612624052663,0.6897122113653968,0.17795871939264446,0.031669305807869974,0.6893756761093999,0.17809032467481228,0.03171616374278005,0.5266717955589783,0.22294871426153276,0.049706129190870585,0.37757458405048766,0.1130336770890112,0.012776612156262857,0.5300577590735198,0.08277748047108324,0.0068521112731405685,0.1426633399699991,0.050848080759058036,0.002585527316879688,7.215478515625,3.327054798238842,11.069293630484102
1.0,0.5,1.0,0.75,0.21603178105794602,0.01482448190938611,0.00021976526388171606,0.20748828858454912,0.019721992160343472,0.0003889569747726493,0.5995435371205113,0.08930135775200236,0.007974732496351113,0.5989145547618027,0.08931981624757288,0.007978029574500183,0.5666792860102381,0.09799962768547875,0.009603927026492452,0.9106857694292734,0.14397487023065356,0.020728763257933533,0.9105808688402923,0.14414397990836575,0.02077748694382335,0.8614705738725638,0.22322840309877287,0.049830919950028224,0.5445745138009068,0.04899248341345092,0.0024002634310172637,0.5441004538513294,0.04900604749360889,0.0024015926909458497,0.46412509675936225,0.08178446966334617,0.00668869947811479,0.718639754694013,0.2026102130503422,0.04105089843230506,0.7183374245306269,0.20277615674101634,0.04111816974265722,0.5739997577865359,0.2675458444665183,0.0715807788913024,0.5521729776247848,0.09581672277073655,0.009180844362524185,0.6964003493713878,0.05316765320081023,0.002826799346881627,0.07649987765040361,0.03680493944680654,0.001354603567683096,10.403344774246216,4.899610422864047,24.006182295838002
1.0,0.5,1.0,1.0,0.1598284765359031,0.0015713336252943433,2.469089361980664e-06,0.1591717039870282,0.00260684208492216,6.795625655721313e-06,0.5379488603917274,0.06670977681108727,0.004450194322185076,0.5371001967678666,0.06683230472213941,0.004466556954472897,0.5309273559812949,0.06342232058812801,0.004022390748783286,0.9945929823119194,0.01709849124315243,0.00029235840279216035,0.9945830490622205,0.01712990293676833,0.0002934335746231042,0.9956594707169095,0.013725958785223265,0.00018840194457364772,0.38144149527014304,0.007331723310630758,5.375416670364644e-05,0.3807210720709152,0.007340262427824874,5.387945250933751e-05,0.3239341944943946,0.014769926545311667,0.00021815073015390223,0.7138143938533199,0.00023753357426213202,5.642219890174378e-08,0.7134763390230241,0.0002377002946473246,5.650143007542493e-08,0.531345320307782,0.0006968092962187663,4.855431952968924e-07,0.5045045045045045,0.0,0.0,0.6031103261103692,0.0,0.0,0.0675957365050483,0.0,0.0,7.571522545814514,3.576453002892365,12.791016081897816
1.0,0.75,0.0,0.0,0.2897560849833531,0.02652803841885114,0.0007037368223520421,0.29041994823371825,0.026070113762784293,0.0006796508316045149,0.8596928287919188,0.08671649765157134,0.007519750964954979,0.859489760539508,0.08678861004807467,0.007532262834076768,0.8169806806838462,0.16925593543234643,0.028647571679078627,0.9192180092713557,0.13007136243955186,0.016918559326881265,0.9191238419103236,0.13022298629576412,0.01695802615978677,0.8699259044440847,0.20943919151340165,0.04386477494178733,0.5501435642529448,0.19827845617269968,0.03931434618222919,0.5497028213113022,0.19838184595911623,0.039355356806146526,0.39986098676245013,0.21232020583576997,0.04507986980614373,0.569115987949806,0.23310751445611244,0.05433911329590667,0.5686921858672962,0.2332456655389535,0.05440354049270936,0.38249316674018147,0.24002953535273533,0.057614177841650016,0.0,0.0,0.0,0.0,0.0,0.0,,,,3.4938485383987428,1.2449765318007506,1.5499665647346255
1.0,0.75,0.0,0.25,0.2843007727775758,0.023302342528477637,0.0005429991673144975,0.283230478974706,0.024382158568956952,0.0005944896564817609,0.7312749938070919,0.10512063412493275,0.011050347718827977,0.7309089192457972,0.10518014511960026,0.011062862927380172,0.6890332193756,0.16947790930748452,0.028722761743235944,0.8619959109843283,0.14559894496367448,0.021199052774535113,0.8618341432015602,0.14576968286006656,0.021248800441124385,0.7762390385950576,0.2362078747781797,0.05579416010722422,0.627861546863101,0.23251726475095655,0.054064278407266415,0.6275176332664008,0.2326766512382297,0.054138424031436774,0.5139443142716288,0.2882481090409726,0.08308697236569643,0.6263380862368335,0.295467925215025,0.08730129483087162,0.6259818845760597,0.2956903756360114,0.08743279824376554,0.4761800325892084,0.3572953132117025,0.1276599408430486,0.22101262191623633,0.06998738643283554,0.004898234259699053,0.3138096447119013,0.09614097601102767,0.009243087268352998,0.28063399269098704,0.11540698209653191,0.013318771516629236,3.7866068124771117,1.0094801960058144,1.0190502661279375
1.0,0.75,0.0,0.5,0.27208640393621936,0.024278135787262716,0.0005894278773047667,0.2696509089170905,0.026399398148462858,0.0006969282226010642,0.6653286322555462,0.10518435885686599,0.011063749348129964,0.6648863298628076,0.1052292880007705,0.011073203053149102,0.6113342975974022,0.1477141012427904,0.02181945570596534,0.8350685807414469,0.14209822175593262,0.0201919046261982,0.8348754238383347,0.1422647150223085,0.020239249140378654,0.7328810067430859,0.23029050409222152,0.05303371627504949,0.5946967334812341,0.2224866350688617,0.04950030278426485,0.594336080515002,0.22263613563391038,0.049566848890000945,0.5018522239024948,0.2720840017346951,0.07402970399996556,0.5780802460318145,0.3181202646837381,0.10120050280245158,0.5776954443797645,0.3183584467598488,0.10135210062334349,0.42648919791764717,0.38240792796496853,0.14623582337046057,0.3960269650028686,0.08438689871690949,0.007121148675057942,0.5110052258810277,0.07680430377383612,0.005898901078183698,0.13936375734185852,0.07276139347502986,0.005294220380428117,7.824271655082702,5.305875443237074,28.15231421914622
1.0,0.75,0.0,0.75,0.25336755522602217,0.022091027983704038,0.00048801351737679487,0.24356148346536707,0.025527674547362655,0.0006516621677960671,0.7294043961527621,0.02128460653884038,0.00045303447551324667,0.728929245274443,0.02125195727230083,0.0004516456879037002,0.7006286334558401,0.05445444116254322,0.0029652861623248815,0.9713889508564864,0.09047608154051305,0.008185921330925567,0.9713551506456183,0.09058296719225017,0.008205273945352271,0.9531565670754866,0.14813194146278497,0.02194307208153395,0.6914345736257257,0.08598987180488879,0.007394258053021209,0.6910782521723153,0.08610118633764358,0.007413414288749621,0.5880455604159818,0.12546957859801974,0.015742615153564656,0.7425005577083766,0.09047608154051305,0.008185921330925567,0.7421963558105638,0.0905829671922502,0.008205273945352276,0.5784091036793786,0.14813194146278497,0.02194307208153395,0.3333333333333333,0.0,0.0,0.5250838440679163,0.02659277795768019,0.0007071758395064814,0.15384852127237766,0.014678748389255638,0.000215465654275075,5.664164996147155,3.7160924901689936,13.80934339549039
1.0,0.75,0.0,1.0,0.21040148356366978,0.037432503466726295,0.001401192315786476,0.2080778599388438,0.03808797145025775,0.00145069356919565,0.6296464505007776,0.013306990113986786,0.0001770759858937421,0.6289836855808899,0.013403046986559383,0.00017964166852391857,0.6006998481162601,0.03449631153180084,0.0011899955092990555,0.9713889508564864,0.09047608154051305,0.008185921330925565,0.9713551506456183,0.09058296719225017,0.008205273945352271,0.9531565670754866,0.14813194146278494,0.021943072081533947,0.5187665503544542,0.1383054236440478,0.01912839020935954,0.518204103820999,0.13848146008791384,0.01917711478808047,0.45987554008194803,0.1708668413865023,0.029195477485400134,0.7425005577083766,0.09047608154051305,0.008185921330925565,0.7421963558105638,0.09058296719225017,0.008205273945352271,0.5784091036793786,0.14813194146278494,0.021943072081533947,0.47907847606642784,0.05191517378709077,0.0026951852693438364,0.6376985299430546,0.05985500302981122,0.0035826213876987106,0.0730081801876749,0.016688434515325604,0.00027850384657231094,6.3450727462768555,4.308787564024712,18.565650271894015
1.0,0.75,0.25,0.0,0.28180288950140364,0.018401239871440937,0.00033860562880630766,0.28256852697679097,0.017996774529059203,0.0003238838934497941,0.8635722790599913,0.10259537110298088,0.010525810171758363,0.8633674774795994,0.10268844521451806,0.010544916780575076,0.8466827217931367,0.15843433926538023,0.0251014398584576,0.9427779017129726,0.12063477538735072,0.01455274903275656,0.9427103012912366,0.12077728958966691,0.014587153680626262,0.9063131341509731,0.1975092552837133,0.039009905922727024,0.7333894165059169,0.09849782738558695,0.00970182199968088,0.7330880082131978,0.09862644277124788,0.009727175213710233,0.6241948991546781,0.16930544170200704,0.028664332589911707,0.7711116068518903,0.12063477538735075,0.014552749032756567,0.7708412051649456,0.12077728958966691,0.014587153680626262,0.625252536603892,0.1975092552837133,0.039009905922727024,0.06666666666666667,0.14054567378526128,0.019753086419753083,0.09574792183487833,0.20185434281732262,0.040745175714213204,,,,3.5736605167388915,1.5038158619048052,2.261462146516492
1.0,0.75,0.25,0.25,0.28092694040424726,0.02343939911622792,0.0005494054309298261,0.2796074718488503,0.024536288747457214,0.0006020294654985955,0.7529678094175317,0.09957021897939078,0.009914228507603831,0.7526144794848,0.09962458645681414,0.009925058226691236,0.7218230560461816,0.16410511093228466,0.026930487434097455,0.8889232412272097,0.14350926645484305,0.020594909558407138,0.8887928625647856,0.14367777013656016,0.020643301631414222,0.8195970704470295,0.23318877830182,0.05437700632589536,0.6483818591014519,0.2031944539622178,0.04128798612100385,0.6480351242456205,0.20334297077846802,0.041348363765012906,0.5422771710393011,0.26091989372963664,0.06807919094388487,0.6745959264418524,0.26120285835354573,0.06822693321206248,0.6742683247723551,0.2614042966239334,0.06833220629345334,0.5258708672607696,0.3218648687870253,0.10359699375928903,0.21248565691336774,0.07202781815953367,0.005188006588822849,0.30162130562721645,0.10130224749813145,0.01026214534817268,0.3026155727546481,0.12155417178747348,0.014775416678938613,5.201279807090759,4.532907351252715,20.547249055040904
1.0,0.75,0.25,0.5,0.26912163985566406,0.025710517884713544,0.0006610307299001751,0.2656350621229228,0.028090198201213865,0.0007890592349834786,0.7106263202800397,0.09412891748808787,0.008860253107479255,0.7102043342651381,0.0941622350831892,0.008866526515861787,0.673976355912567,0.14250572795209207,0.020307882499155674,0.8889232412272097,0.14350926645484308,0.020594909558407145,0.8887928625647856,0.1436777701365602,0.02064330163141423,0.8195970704470295,0.23318877830182003,0.054377006325895365,0.690474163520281,0.18734450096421007,0.03509796204152891,0.690173925311254,0.1874709867245652,0.0351453708634821,0.5781912903054129,0.23331794724667176,0.05443726450740071,0.6745959264418524,0.26120285835354573,0.06822693321206247,0.6742683247723551,0.26140429662393333,0.06833220629345332,0.5258708672607696,0.3218648687870253,0.10359699375928902,0.36427137119908204,0.06840300070875381,0.0046789705059617735,0.4890463436717953,0.058006798582339286,0.0033647886817720794,0.16309663200818006,0.062005615115558625,0.003844696305858792,8.747252297401428,6.084084299024242,37.0160817576333
1.0,0.75,0.25,0.75,0.2598070842311503,0.029852208958848332,0.0008911543797227447,0.25111294075313717,0.03443083136260756,0.00118548214832032,0.7231580151648798,0.028586844496125464,0.0008172076782456587,0.7226943614648784,0.028543637167961843,0.0008147392227762528,0.6845984742565782,0.07311966690405886,0.0053464856881605205,0.9427779017129726,0.12063477538735072,0.01455274903275656,0.9427103012912366,0.1207772895896669,0.01458715368062626,0.9063131341509731,0.1975092552837133,0.039009905922727024,0.7275319650965384,0.10046335092887294,0.010092884879857876,0.7272219740971009,0.10059575772082828,0.010119506471427581,0.6330612377827348,0.16320330101522704,0.026635317462266807,0.7711116068518903,0.12063477538735073,0.014552749032756563,0.7708412051649456,0.12077728958966692,0.014587153680626266,0.625252536603892,0.1975092552837133,0.039009905922727024,0.3333333333333333,0.0,0.0,0.5139879440352966,0.028056023517958373,0.0007871404556402334,0.14768824559386073,0.017159220250183915,0.0002944388395943217,9.172507381439209,5.70357985826049,32.530823199554746
1.0,0.75,0.25,1.0,0.21066905232665153,0.03738815608530408,0.0013978742154590607,0.20885886379737414,0.03803058147526371,0.0014463251273466714,0.6190358088957415,0.039155861984242514,0.0015331815277290482,0.6183890819165999,0.03915339624068333,0.0015329884371799553,0.5893248364984338,0.06054514079736865,0.0036657140741731937,0.921267739381984,0.17355278052646375,0.030120567628466894,0.9211774849066012,0.1737503523573352,0.030189184944298144,0.8936811681736524,0.22610864848056692,0.05112512091770857,0.5123202296499925,0.1388579858093104,0.019281540223018652,0.5117725153979259,0.13902779293849696,0.019328727209349587,0.457039246211821,0.17103599856350812,0.029253312804616356,0.7063728964302377,0.1534112156091976,0.02353500107469171,0.7060523718825518,0.15352492619869326,0.02356990296431421,0.5494762233381597,0.18255410107109452,0.033325999817875394,0.5283384503264021,0.1695811055652268,0.02875775136472459,0.6707683359152485,0.12806708123933874,0.016401177297163387,0.06628255451782025,0.02857521287825806,0.0008165427910377653,7.226168537139893,4.985512234753634,24.855332242878173
1.0,0.75,0.5,0.0,0.29432602919354134,0.02512965692426902,0.0006314996571314619,0.29479629666942886,0.02469141360164817,0.0006096659056476564,0.7979420447610623,0.13064639033660203,0.017068479307983782,0.7976804625908087,0.1307667707144273,0.017099948323079598,0.7347770908538583,0.19859295759205484,0.03943916280515969,0.8619959109843283,0.14559894496367448,0.021199052774535113,0.8618341432015599,0.14576968286006653,0.021248800441124375,0.7762390385950576,0.23620787477817967,0.055794160107224204,0.580486441267684,0.21966066919592248,0.04825080959160048,0.580098352845963,0.21980580167760386,0.048314590451134114,0.46655673930690317,0.28244007126063714,0.07977239385371378,0.6263380862368335,0.2954679252150251,0.08730129483087164,0.6259818845760597,0.2956903756360114,0.08743279824376553,0.4761800325892084,0.35729531321170255,0.12765994084304863,0.10060606060606062,0.21209619862139434,0.04498479746964596,0.13364571005321674,0.28174989551908525,0.07938300362501546,,,,3.9259716033935548,1.7788920820761676,3.164457039673282
1.0,0.75,0.5,0.25,0.2802699038072362,0.018284190972696908,0.0003343116395260511,0.2792169957388514,0.01939317549678952,0.0003760952558492775,0.7176729613609141,0.11458882776033257,0.013130599447487162,0.7172912296063465,0.11465657436862439,0.013146130045947897,0.6825225542924483,0.17577231094178108,0.030895905293814172,0.8636796298849605,0.1437819436314438,0.02067324731443568,0.8635202731927164,0.14395006890572773,0.020721622337963763,0.7797244396675994,0.23242324096078798,0.05402056293871651,0.5590353861292343,0.21532752051690424,0.04636594109195781,0.5586391149053832,0.21545145325666562,0.046419328710409165,0.4266627351477563,0.2438042918144955,0.05944053270716768,0.5494691968883008,0.2873338130104919,0.08256072009914832,0.5490505950253827,0.2875334499516817,0.08267548484111623,0.37964576499313374,0.3293606202075263,0.10847841814348641,0.22924737912689713,0.10435459377291122,0.010889881241509322,0.31809701862260714,0.1307078433151575,0.01708454030409976,0.28268117223043426,0.11655229226712595,0.013584436832721546,7.1556193113327025,3.312458492229716,10.972381262744763
1.0,0.75,0.5,0.5,0.25946919442457655,0.013569820890440057,0.00018414003899862338,0.25471904488961206,0.015830460379981877,0.000250603475842176,0.7372140958012602,0.08435737259283611,0.007116166310766577,0.7367916060482844,0.08438800912519004,0.007121336084113157,0.7243620827801523,0.12209148151734853,0.014906329859101055,0.9444616206136048,0.1171524215434765,0.013724689873500418,0.9443964312823928,0.11728996636195682,0.013756936209188962,0.9097985352235147,0.1903387538471473,0.036228841216084925,0.6890968039605757,0.12192406089522638,0.01486547662518287,0.6887702819491492,0.12199549291402904,0.014882900291336912,0.5581737662206818,0.1411694950530814,0.019928826333541975,0.6942427175033576,0.1858557276325512,0.034542351493825056,0.6939099156142685,0.18599666939328402,0.0345947610253946,0.5287182690078174,0.22761262142408428,0.051807505431543506,0.36437359828926097,0.07075373477527663,0.005006090984650189,0.48843392223246385,0.07859391873362234,0.006177004061907233,0.18169117785411584,0.06458690473816933,0.004171468263657359,4.588874173164368,1.8776241413581511,3.5254724162109343
1.0,0.75,0.5,0.75,0.2510734419641151,0.015924954425495526,0.0002536041734541095,0.2412571132624146,0.019378945100061006,0.0003755435131911785,0.7229891636704209,0.04154039767087467,0.0017256046386544097,0.7225070507609446,0.04152953406241385,0.0017247021994411921,0.697150528744183,0.06542796316701036,0.004280818364183664,0.9713889508564864,0.09047608154051302,0.008185921330925562,0.9713551506456183,0.09058296719225015,0.008205273945352266,0.9531565670754866,0.14813194146278497,0.021943072081533954,0.6792487637810711,0.057892137563825156,0.0033514995917088555,0.6788831084028072,0.05797638380269882,0.0033612610788378385,0.5774288589948424,0.09252991977141821,0.00856178605290509,0.7425005577083766,0.09047608154051305,0.008185921330925565,0.7421963558105638,0.09058296719225015,0.008205273945352266,0.5784091036793786,0.14813194146278497,0.021943072081533954,0.3503030303030303,0.05366289362709978,0.002879706152433426,0.5440327381770855,0.048438501078568987,0.0023462883867385285,0.14711498938309014,0.03450950597790827,0.0011909060028392868,7.759324312210083,5.053808901540612,25.540984413291127
1.0,0.75,0.5,1.0,0.20262213638299,0.005260735422465451,2.7675337185182748e-05,0.1985558569117373,0.0038635991225578446,1.4927398179829747e-05,0.6226798648303273,0.003779508191867687,1.4284682172394952e-05,0.6219802521588511,0.0037865234764497594,1.4337760037705171e-05,0.580975060232681,0.03489315227514349,0.0012175320756963512,1.0,0.0,0.0,1.0,0.0,0.0,1.0,0.0,0.0,0.5002735922997484,0.04752875891048487,0.0022589829235709954,0.499684575614958,0.04758475441126715,0.0022643088523806084,0.43133575030469873,0.04147871844969738,0.001720484084229266,0.7138895085648629,6.409875621278546e-17,4.108650548026103e-33,0.7135515064561819,9.064933036736789e-17,8.217301096052206e-33,0.531565670754865,0.0,0.0,0.4954954954954955,0.0,0.0,0.6630485907594341,0.0008390331117105505,7.039765625466891e-07,0.06724946795699363,7.833289774253703e-05,6.136042868742762e-09,9.833748459815979,4.824444601804192,23.27526571587761
1.0,0.75,0.75,0.0,0.2753208762483525,0.027872822970891442,0.0007768942603666536,0.2735389424068674,0.028812380023281875,0.0008301532426060125,0.807766119084441,0.03886693873246118,0.001510638926432891,0.8074501668709946,0.03886253682023207,0.0015102967681038936,0.7908766149625641,0.11552330990842598,0.013345635132198233,0.9461453395142371,0.11353559316672043,0.012890330915719056,0.9460825612735491,0.11366794131876878,0.012920400883647064,0.9132839362960563,0.18281351401914583,0.033420780908028434,0.5284615624528697,0.14221868436707658,0.020226154183102148,0.5279689010786834,0.14227517759000693,0.02024222615826801,0.40561276129459695,0.16539015632525064,0.02735390380929085,0.617373828154825,0.2034729200110758,0.041401229177833655,0.6169786260635914,0.20359350816240138,0.04145031656587379,0.4321840014117426,0.2095149551959978,0.043896516450780965,0.0,0.0,0.0,0.0,0.0,0.0,,,,3.8741299390792845,1.7575944817869984,3.0891383624081072
1.0,0.75,0.75,0.25,0.2626063496988936,0.018785902460975577,0.0003529101312732883,0.2582113618368371,0.02145360980637679,0.0004602573737242664,0.6957872284818847,0.07777366605176182,0.00604874313113097,0.695316525868686,0.07777804431976677,0.0060494241782076035,0.6940261439624524,0.13369662127690415,0.01787478654085994,0.9175342903707234,0.13286145811186323,0.017652167051610386,0.9174377119191673,0.13301709800837552,0.017693548362569783,0.8664405033715429,0.21526033712027012,0.046337012737132345,0.5400443992101275,0.1284483340221065,0.016498974513054643,0.5395780604529622,0.12850544061937552,0.016513648268779848,0.4396508333098675,0.16168527591940468,0.026142128449134022,0.6459848772983386,0.23605852666128235,0.055723628009495346,0.6456234754179733,0.23622649837539966,0.055802958534702705,0.47902743433625616,0.27601607602675143,0.07618487422520542,0.23742919730871534,0.1838180023592942,0.0337890579913615,0.3155175233591415,0.18670827501020262,0.03485997995728545,0.283986653617251,0.10939895513367565,0.011968131384339978,5.377314615249634,2.3240981515534105,5.40143221805398
1.0,0.75,0.75,0.5,0.24802307586910172,0.007727188099566396,5.970943592608053e-05,0.23921828824691266,0.012365971490967265,0.00015291725091541518,0.6609414173611075,0.06399046857280578,0.004094780068167245,0.6603843508867815,0.06397091833448156,0.004092278392556908,0.6643622653744589,0.10258519398848485,0.01052372202565507,0.9427779017129726,0.12063477538735073,0.014552749032756563,0.9427103012912363,0.1207772895896669,0.01458715368062626,0.9063131341509731,0.19750925528371327,0.03900990592272702,0.6164550241901237,0.03525496275625055,0.0012429123989446131,0.6160370445726395,0.03532428585761783,0.001247805171350699,0.5367905632888463,0.082366992512312,0.00678432145552326,0.7711116068518903,0.12063477538735075,0.014552749032756567,0.7708412051649456,0.12077728958966691,0.014587153680626262,0.625252536603892,0.19750925528371327,0.03900990592272702,0.4149688363844991,0.17737974603210913,0.03146357430241553,0.5289445195332647,0.1618847256621285,0.0262066644027026,0.12913748279459672,0.061222646618408295,0.0037482124589625007,6.572476434707641,3.3810501145828082,11.43149987732042
1.0,0.75,0.75,0.75,0.23974479295195267,0.008255674669838706,6.815616425421645e-05,0.22634160353467453,0.01458454983277147,0.0002127090938245943,0.6287097934520764,0.05127532774351416,0.0026291592352047934,0.6280925565837319,0.05122823397356572,0.0026243319560503926,0.6175188370459332,0.08327563574201792,0.0069348315082372524,0.9421007558060707,0.12207275856730863,0.014901758384232423,0.942032873036527,0.1222158644857488,0.014936717531998914,0.9090961392476815,0.19175439495339724,0.03676974798394346,0.5862069924940868,0.07476436136637372,0.005589709730521715,0.5857614008207955,0.07480157841958592,0.005595276134061461,0.5070668631656421,0.08615211165442946,0.00742218634251728,0.69455921168846,0.1849804420160543,0.034217763928454825,0.6942268146811136,0.1851203782373062,0.034269554438723315,0.5292027983108615,0.2264462011053614,0.051277881995049776,0.5477705627705628,0.10392294626798128,0.010799978761017723,0.6678611266042174,0.08432175015770464,0.007110157549658363,0.0726986020113107,0.03205359564982509,0.0010274329940824856,10.33542013168335,5.2132019518864885,27.17747459115309
1.0,0.75,0.75,1.0,0.1954806268732734,0.02535233195024249,0.0006427407353152862,0.18956838472351475,0.027255377217123105,0.0007428555872476732,0.5463163463394533,0.0015914839592087993,2.532821192418915e-06,0.5455092285378409,0.0016762051979343777,2.8096638655822264e-06,0.547785689646353,0.0317715507222651,0.0010094314352974637,0.9713889508564864,0.09047608154051305,0.008185921330925565,0.9713551506456183,0.09058296719225019,0.008205273945352273,0.9531565670754866,0.14813194146278497,0.021943072081533954,0.39118219494921175,0.0987779983926603,0.0097570929664604,0.39048086618976924,0.09893635085384593,0.0097884015202753,0.3809248927381703,0.11200878956214701,0.01254596893917733,0.7425005577083765,0.09047608154051305,0.008185921330925567,0.7421963558105638,0.09058296719225019,0.008205273945352273,0.5784091036793786,0.14813194146278497,0.021943072081533954,0.6701376936316695,0.027118069969345803,0.0007353897188623347,0.7622457529165099,0.02899235053176368,0.0008405563893566577,0.033957342268791456,0.006875136572887796,4.726750289585935e-05,17.430843019485472,23.377878232954675,546.525190674856
1.0,0.75,1.0,0.0,0.22720802234555162,0.03582562944804669,0.0012834757253487499,0.22738257010712443,0.035802352998455765,0.0012818084802260347,0.703284329834161,0.1104873401260275,0.012207452328124486,0.702798492171354,0.11057048717940957,0.012225832635091975,0.6793105459610166,0.12772798186434045,0.01631443735113728,0.9444616206136048,0.1171524215434765,0.01372468987350042,0.9443964312823928,0.11728996636195685,0.013756936209188969,0.9097985352235147,0.19033875384714724,0.03622884121608491,0.5244471115491727,0.08887084582608366,0.007898027237843532,0.5239372360617914,0.08889356524001077,0.00790206594108005,0.419921546062658,0.11968935618359944,0.014325541983644533,0.6942427175033576,0.1858557276325512,0.034542351493825056,0.6939099156142685,0.185996669393284,0.03459476102539459,0.5287182690078174,0.22761262142408428,0.05180750543154351,0.07530120481927711,0.23812331778376353,0.05670271447234723,0.08207269671183948,0.2595366553216248,0.06735927545553587,,,,6.324635529518128,4.795474514907535,22.996575823127657
1.0,0.75,1.0,0.25,0.21681289920282745,0.02847928569516308,0.0008110697137067204,0.21394647842231224,0.029508047511516724,0.0008707248679419284,0.6708077016184943,0.03297267524234455,0.001087197312637121,0.6702304219975062,0.0329777583181549,0.0010875325436906348,0.680141469452062,0.06715041339148631,0.004509178018647504,0.9730726697571186,0.08515169487504035,0.007250811140091971,0.9730412806367745,0.08525095598907657,0.007267725497051472,0.9566419681480282,0.1371101355143594,0.018799189260766,0.5263867425657689,0.07543280394612387,0.005690107911174361,0.5258622526367263,0.07543566567481295,0.005690539655802153,0.4076742747429888,0.08655140100053063,0.007491145015154656,0.6656316683598439,0.15260469000830684,0.023288191412531425,0.6652650662598867,0.15269513112180103,0.02331580306830401,0.48187483608330384,0.15713621639699835,0.024691790503564293,0.19674518743667674,0.016620380306102817,0.00027623704151949035,0.294384707287933,0.011926572724584836,0.00014224313695481095,0.25195849835807316,0.01295608997792893,0.00016786026751619044,8.017963027954101,4.364457953977302,19.048493232035742
1.0,0.75,1.0,0.5,0.20546790340522966,0.01552339818781507,0.00024097589129746017,0.20104131409383097,0.01793833780696714,0.00032178396327686666,0.5917933449334372,0.04997445640046852,0.0024974462925223292,0.5911127240794778,0.049961308240720356,0.002496132321124272,0.5804737021468154,0.0827845543671346,0.006853282441765063,0.9253537136497917,0.15736818915986378,0.024764746959454666,0.9252665058864504,0.15755203926773528,0.024822645077421997,0.8994219645265925,0.21203711645411968,0.04495973875417791,0.5499775269418136,0.0011632191206746368,1.3530787227030752e-06,0.5494906829176308,0.001241018197668396,1.540126166944114e-06,0.4575158423198367,0.05333997665031323,0.002845153109055961,0.741255613116114,0.057692814045502486,0.0033284607924889287,0.7409609005219157,0.057784076355214174,0.003338999480225222,0.6068526312103565,0.1587188487669204,0.025191672953896557,0.4626591472272067,0.15302941538141437,0.023418001971977465,0.5945432179583113,0.11920930284367671,0.01421085788447543,0.08377377045936249,0.036732195906179176,0.001349254216089926,8.869379591941833,4.371553554673813,19.11048048138125
1.0,0.75,1.0,0.75,0.20664054911495625,0.024995105458796626,0.0006247552968963649,0.20092379467307303,0.02946960148204474,0.0008684574115105335,0.551662797782324,0.06253573968554103,0.0039107187380177525,0.5509838299653718,0.06249313372901328,0.0039053917632723375,0.523678397707805,0.08348491893257112,0.006969731689177973,0.8828964964177157,0.14985394391961665,0.022456204508263616,0.8827592942005416,0.15002861386953684,0.02250858497961458,0.8206596776274784,0.230990033299128,0.053356395483532264,0.5083917115133129,0.06783304649361488,0.004601322196604918,0.5079096128435353,0.06780918087101019,0.004598085010397375,0.4160911608202727,0.07024049630274165,0.004933727320855464,0.5986695923780024,0.2663779113105,0.07095719163414459,0.5982808002816895,0.26656299028149694,0.07105582778781344,0.4307698939737571,0.30626985599761797,0.09380122469280165,0.6499212656095507,0.07921478579516086,0.00627498228857322,0.7724012968364378,0.03669742286666645,0.0013467008450549335,0.03639656762768616,0.01837841609323762,0.0003377661780961756,13.570818448066712,4.2406598718965824,17.983196149113937
1.0,0.75,1.0,1.0,0.14431102296606507,0.0028246172942058075,7.978462858726536e-06,0.1443508352577236,0.001996016983307117,3.9840837976504435e-06,0.4808234541000269,0.04163920808893896,0.0017338236502739593,0.47987232773439636,0.04171585575131038,0.0017402126210641351,0.4768584262785134,0.05636189468578022,0.0031766631725709807,0.990575307633328,0.02980349412508643,0.0008882482620640613,0.9905580002919823,0.029858224743980602,0.0008915135848620554,0.9914916175723543,0.02690586767511338,0.000723925715350711,0.37653587408353745,0.009540358105421188,9.101843277967575e-05,0.3758121135964734,0.009552323445038213,9.124688319862671e-05,0.32426864730996263,0.0031062816308168443,9.648985569950155e-06,0.7129929503888608,0.002835165891012528,8.03816562956086e-06,0.7126539436528376,0.002838342801614019,8.056189859474119e-06,0.5310190379026934,0.0017286048567361795,2.988074750731908e-06,0.7228390078390079,0.040239926911996474,0.0016192517178828182,0.8037443507449652,0.017877097137074142,0.0003195906020483845,0.02199892051118815,0.01029768769015085,0.00010604237176388432,10.534566569328309,4.057357888695471,16.462153036959368
1.0,1.0,0.0,0.0,0.26922215170183755,0.03179663181305301,0.0010110257946548548,0.2714555298335884,0.03040517147348119,0.0009244744523317943,0.7377251320673889,0.13582730291943576,0.018449056218368162,0.7373741381033871,0.13593328769432675,0.018477858703388608,0.6826510716013694,0.1724315688330503,0.02973264593022696,0.860312192083696,0.14737217660097626,0.02171855843610934,0.8601480132104037,0.1475454529634186,0.02176966069018037,0.772753637522516,0.239876555074308,0.057540761674317514,0.6359762396260581,0.1925788841647894,0.03708662662615538,0.6356394272090938,0.19270457600170934,0.03713505361199857,0.5420429191259195,0.2544202069939855,0.06472964172686241,0.703206975585366,0.2809112756468402,0.07891114478553504,0.7029131741267369,0.28113708371918084,0.0790380598421257,0.5727143001852831,0.3551519041945738,0.12613287505303172,0.09880239520958081,0.1590869702675487,0.025308664108907922,0.12803501175594198,0.20615595467312767,0.04250027764718867,,,,4.159154200553894,3.2786516129327694,10.74955639898665
1.0,1.0,0.0,0.25,0.25745249984384805,0.03528743251544431,0.0012452028935320367,0.25866351674988824,0.0340383117227034,0.0011586066649319276,0.664806815352952,0.09375197900140594,0.00878943356668006,0.664336599969204,0.09378646868372784,0.008795901708163863,0.6284457528090948,0.1367406453512394,0.018698004091073424,0.8619959109843283,0.14559894496367448,0.021199052774535113,0.8618341432015602,0.14576968286006656,0.021248800441124382,0.7762390385950576,0.23620787477817967,0.055794160107224204,0.5665222121879356,0.20617085884934658,0.04250642303867719,0.5661205226683397,0.20631835430232062,0.0425672633220179,0.4637942543019798,0.24629487783637738,0.06066116684843606,0.6263380862368335,0.295467925215025,0.08730129483087162,0.6259818845760597,0.2956903756360114,0.08743279824376554,0.4761800325892084,0.3572953132117025,0.1276599408430486,0.2208462592886516,0.06855717592064108,0.004700086370213728,0.31703834302265965,0.06466895643392603,0.004182073926253024,0.2673903039227746,0.08863146566640659,0.00785553670617541,4.261038160324096,2.0821331109879035,4.335278291872165
1.0,1.0,0.0,0.5,0.22393894629221006,0.035724764405502374,0.0012762587918286493,0.22398165181062138,0.03517388824775758,0.0012372024144657388,0.6292210567122817,0.08142283111470291,0.006629677426733433,0.6286382385430399,0.0814621429419449,0.006636080732693864,0.6060319179944375,0.106804879577975,0.011407282301665742,0.9175342903707234,0.13286145811186323,0.017652167051610386,0.9174377119191673,0.13301709800837558,0.017693548362569794,0.8664405033715429,0.21526033712027012,0.046337012737132345,0.5492609668340818,0.18500377713373953,0.034226397553750364,0.5488002901839395,0.1851707139104194,0.03428819329009439,0.4508136396675841,0.18156152984125737,0.03296458911829779,0.6459848772983386,0.23605852666128235,0.055723628009495346,0.6456234754179733,0.2362264983753997,0.05580295853470271,0.47902743433625616,0.27601607602675143,0.07618487422520544,0.3642630401846908,0.06996441132662708,0.004895018852281463,0.509703747971085,0.051849875172270014,0.0026884095553799826,0.1630028496879047,0.05224474213245075,0.0027295130804862746,4.777450203895569,2.1241009640852933,4.511804905628073
1.0,1.0,0.0,0.75,0.213318578102415,0.03711255376186865,0.0013773416467275908,0.21101972818215117,0.03758723164024289,0.0014127999823772763,0.5903564410585113,0.09021351739651685,0.00813847872105165,0.5897123291025663,0.09025223127493158,0.008145465250103739,0.5599421540113912,0.09954338296314227,0.009908885091746804,0.9175342903707234,0.1328614581118632,0.01765216705161038,0.9174377119191673,0.13301709800837558,0.017693548362569794,0.8664405033715429,0.21526033712027015,0.04633701273713235,0.5413974682501875,0.19626199280338896,0.0385187698191575,0.5409321302529018,0.19642637837579388,0.03858332212183055,0.4617768688047634,0.17182917616537996,0.029525265781673176,0.6459848772983386,0.23605852666128233,0.05572362800949534,0.6456234754179733,0.23622649837539964,0.05580295853470269,0.47902743433625616,0.27601607602675143,0.07618487422520542,0.4147704590818363,0.17274100888586102,0.029839456150905122,0.5549340664420048,0.13880945089068292,0.019268063656572916,0.11849458780258285,0.05454058688358749,0.002974675617606156,5.436432647705078,3.963859424935696,15.71218154065155
1.0,1.0,0.0,1.0,0.17195218268984952,0.04360747743257075,0.0019016120880321668,0.1753235392553531,0.0439766912989241,0.0019339493776008665,0.5429196657241196,0.0559824832127723,0.003134038426668332,0.5421098901819954,0.05610447241395172,0.0031477118248478698,0.52310010821991,0.062001914145306106,0.003844237357681909,0.9713889508564864,0.09047608154051305,0.008185921330925565,0.9713551506456183,0.09058296719225016,0.008205273945352268,0.9531565670754866,0.14813194146278497,0.021943072081533954,0.47686930498232594,0.16477030962412112,0.02714925493362874,0.47627095640775485,0.16498036055928916,0.027218519370273052,0.4145120747975354,0.1574191378944463,0.0247807849754307,0.7425005577083765,0.09047608154051308,0.00818592133092557,0.7421963558105638,0.09058296719225019,0.008205273945352273,0.5784091036793786,0.14813194146278497,0.021943072081533954,0.4788800776824729,0.05254256456448514,0.0027607210910130897,0.5792060622906579,0.05394235963044796,0.0029097781625005816,0.07599720123376329,0.02483242537380846,0.0006166493499457663,20.513772988319396,28.1081458987773,790.067865866951
1.0,1.0,0.25,0.0,0.2815431171047497,0.04560248742706113,0.002079586859535268,0.28345543096582043,0.04335814640726506,0.0018799288598738322,0.7334895976610938,0.10110775758164238,0.01022277864318816,0.7331339892784219,0.10118485644666701,0.010238375174132612,0.6507270286987672,0.1460309254066833,0.021325031175132302,0.8350685807414469,0.1420982217559326,0.02019190462619819,0.8348754238383347,0.1422647150223085,0.020239249140378654,0.7328810067430859,0.2302905040922215,0.053033716275049485,0.5095779716324815,0.231652675327191,0.05366296198624497,0.5091378895925656,0.23181938985252412,0.05374022951159656,0.39891345127222416,0.2923530208374869,0.08547028879280405,0.5780802460318145,0.31812026468373805,0.10120050280245155,0.5776954443797645,0.3183584467598488,0.1013521006233435,0.42648919791764717,0.3824079279649685,0.14623582337046054,0.06586826347305388,0.1388624920632821,0.019282791702025084,0.08535667450396131,0.17994766995342715,0.03238116392166755,,,,5.644374990463257,2.5942247584391893,6.730002097298869
1.0,1.0,0.25,0.25,0.2618485193542437,0.026892723196867085,0.000723218560943313,0.26310898190360454,0.0258220252629736,0.0006667769886816469,0.7003750763172157,0.09044837105262887,0.008180907826074033,0.6999383530592966,0.09046957956978467,0.0081847448275336,0.67106312031021,0.13960925142665648,0.019490743083911386,0.8906069601278419,0.14130942242205746,0.019968352865255477,0.8904789925559419,0.14147476950147225,0.020015110405494703,0.8230824715195713,0.22862105468367563,0.052267586644676206,0.6009248529862208,0.2002972409180201,0.04011898471937138,0.600552391762859,0.20040850932669507,0.040163570610548024,0.46696765686965663,0.2223004924610032,0.04941750894840454,0.5977270370933198,0.2678241043631742,0.07172975087793644,0.5973370352216779,0.2680109446893477,0.0718298664732766,0.42933659966469495,0.3083426316008212,0.09507517846251974,0.20417718779308847,0.05881964405348943,0.003459750526579195,0.30094396678086954,0.05336011267637125,0.002847301624835036,0.28762362685481163,0.08049841403433168,0.006479994662042688,5.134976029396057,3.0789322746113634,9.479823951643503
1.0,1.0,0.25,0.5,0.22124914390934744,0.043065680978968755,0.0018546528781823114,0.22147283794736414,0.04248502322237778,0.0018049771982059791,0.61934297961995,0.07244512513579776,0.005248296155941397,0.618739881440175,0.07248580776992125,0.005254192328057976,0.5932359223346888,0.09818801855960703,0.009640886988661735,0.9175342903707234,0.13286145811186323,0.01765216705161039,0.9174377119191673,0.13301709800837552,0.01769354836256978,0.8664405033715429,0.21526033712027012,0.04633701273713234,0.5153918596272032,0.18037718614479445,0.032535929281513824,0.514891952967105,0.18055036354805218,0.03259843377733381,0.4272728878507528,0.18041069395511558,0.032548018493366374,0.6459848772983386,0.23605852666128233,0.05572362800949534,0.6456234754179733,0.23622649837539966,0.055802958534702705,0.47902743433625616,0.27601607602675143,0.07618487422520542,0.3642630401846908,0.06996441132662709,0.004895018852281464,0.5097037479710851,0.05184987517227002,0.002688409555379983,0.16300284968790474,0.052244742132450735,0.0027295130804862733,7.320598220825195,4.373444545975045,19.127017196718867
1.0,1.0,0.25,0.75,0.21916280201703628,0.040945666503430816,0.0016765476054101764,0.21738351425552088,0.04172500322405282,0.0017409758940472185,0.5899667633894171,0.06680541268399462,0.004462963163878828,0.5893430893815811,0.06683158414983166,0.00446646063997603,0.5506669809125319,0.08316579791020517,0.006916549942041087,0.8848786575190433,0.1486338685468081,0.022092026879189833,0.8847431743277634,0.14880877219461755,0.02214405068206958,0.8154092733986547,0.23844098478118989,0.05685410322342363,0.5937467729416877,0.17012232073605055,0.02894160401261965,0.5933314389911091,0.17031852646886644,0.02900840045852596,0.5411770454953764,0.19453363471763896,0.03784333503645579,0.7517813099754875,0.22633726545589763,0.05122855773405347,0.7515165133898772,0.22653243291532205,0.05131694316253488,0.6228896641598884,0.30129673331075424,0.09077972150373176,0.37305389221556884,0.12982902963749082,0.016855576936612472,0.5089099799500214,0.1127462302495057,0.012711712435474554,0.1317258851529873,0.04101468032118278,0.001682204001848818,7.981004786491394,4.231881498073727,17.90882101373873
1.0,1.0,0.25,1.0,0.1509650732342231,0.02365886607932936,0.0005597419441596414,0.15324564679284425,0.026122747131916438,0.0006823979177180484,0.5010478499950044,0.07811941878555219,0.006102643591392485,0.5001780969194761,0.07816179355391797,0.006109265971565294,0.4931412255692343,0.07681897588748023,0.005901155056401268,0.9730726697571186,0.08515169487504035,0.007250811140091971,0.9730412806367745,0.08525095598907659,0.007267725497051474,0.9566419681480282,0.13711013551435938,0.018799189260765996,0.3461473419001405,0.17901655070544753,0.03204692542647607,0.34542269333972314,0.17916845606446755,0.032101335648525034,0.30005728228332296,0.12321241197007053,0.01518129846348238,0.6656316683598439,0.15260469000830687,0.023288191412531432,0.6652650662598868,0.15269513112180103,0.023315803068304008,0.48187483608330384,0.15713621639699835,0.024691790503564293,0.5453471435507363,0.1576447529676646,0.02485186813823599,0.6364377207532441,0.12704003538017528,0.016139170589396182,0.06133024955223034,0.021548548271472203,0.00046433993260796766,29.76238594055176,36.389787062755545,1324.216602472691
1.0,1.0,0.5,0.0,0.23995166613617158,0.023316801724703698,0.0005436732426691454,0.24465572068620736,0.02267168581263403,0.0005140053375867912,0.8265313914767898,0.05529713624150833,0.0030577732765119338,0.826212752141366,0.05539870990888731,0.003069017059569049,0.8181871601314377,0.05689847362061269,0.0032374363003555584,1.0,0.0,0.0,1.0,0.0,0.0,1.0,0.0,0.0,0.6579449305797358,0.14802447998632381,0.02191124667522158,0.6575465074015827,0.14819689778986805,0.021962320514540598,0.5245926062166337,0.10924691053698483,0.011934887461875968,0.7138895085648629,6.409875621278546e-17,4.108650548026103e-33,0.7135515064561819,6.409875621278546e-17,4.108650548026103e-33,0.531565670754865,0.0,0.0,0.0,0.0,0.0,0.0,0.0,0.0,,,,5.114283704757691,3.118119607130802,9.722669884373548
1.0,1.0,0.5,0.25,0.23999595005133328,0.036969588213932064,0.0013667504527077043,0.24155958563001273,0.03579682436476053,0.0012814126346015135,0.652020742731022,0.11684515682836293,0.013652790674244726,0.6515120281178748,0.11691065331280329,0.01366810085802648,0.6321915807748756,0.14402900723253131,0.020744354924388555,0.8889232412272097,0.14350926645484302,0.020594909558407135,0.8887928625647856,0.14367777013656022,0.020643301631414233,0.8195970704470295,0.23318877830182,0.05437700632589536,0.5574364746105196,0.186357950237471,0.03472928561671172,0.5570043767919081,0.18651064700957712,0.03478622144793108,0.46069602638454726,0.2026343495804231,0.04106067962988111,0.6745959264418524,0.26120285835354573,0.06822693321206248,0.6742683247723551,0.26140429662393333,0.06833220629345332,0.5258708672607696,0.3218648687870253,0.10359699375928902,0.24609335545775912,0.1365003620527086,0.018632348840520528,0.34546512849309374,0.13693399143348983,0.018750918009907063,0.26508227109204086,0.11779993583931718,0.013876824883747245,7.449755263328552,3.976716506286783,15.814274171373755
1.0,1.0,0.5,0.5,0.23337355150347636,0.024189446343461176,0.0005851293144031873,0.2330413167137968,0.023954056014117084,0.0005737967995274589,0.6482994445564816,0.09787082981340389,0.00957869932836427,0.6477566854532819,0.09790317933895985,0.009585032524676535,0.6284214829703938,0.12245026273148552,0.014994066843009829,0.9158505714700912,0.1355709223167501,0.018379474977814295,0.9157515819280109,0.13573044135803944,0.018422752711248182,0.8629551022990013,0.22086705261551115,0.048782254931062974,0.6378334325124141,0.14430798676332027,0.02082479504368262,0.6374672964286935,0.14442191431484708,0.020857689334365034,0.5331664665654801,0.14212659366552843,0.020199968626966228,0.7228537666468713,0.20970793486662379,0.043977417946024125,0.7225547649686503,0.20988169232309645,0.04405032477240692,0.5755617019323308,0.27211575132502314,0.07404698211918184,0.38102950725055906,0.08003137507544916,0.006405020996467226,0.5272298459235396,0.05030007130898604,0.0025300971736890807,0.15507767583530027,0.060509405561222356,0.0036613881613724872,9.79191517829895,5.48224536329709,30.05501422339244
1.0,1.0,0.5,0.75,0.22097009850615662,0.031451289014545164,0.0009891835806764492,0.21938761657122702,0.032177151028434145,0.0010353690483066607,0.5638527092018099,0.08971151533178574,0.008048155983125228,0.563232221048363,0.08971978934196362,0.00804964059956633,0.5287050284679448,0.10118687577930185,0.010238783829975864,0.8584407276416437,0.14930674352297182,0.02229250366143449,0.8582744105878763,0.14948218975961156,0.022344925055328514,0.7722257511223003,0.24038634473591408,0.05778559473549373,0.561052939513624,0.16582855323956094,0.0274991090695259,0.5606376967841076,0.16597276776515146,0.0275469596396249,0.504730366685925,0.16717845635087933,0.027948636267862863,0.7034440782541888,0.2804693699381163,0.07866306747348392,0.7031505807670435,0.2806946579585389,0.07878949100646113,0.5730767554350865,0.35454309683279006,0.12570080751178514,0.4642714570858283,0.16457943533970262,0.027086390536735356,0.5926382264909504,0.12594990219526872,0.015863377862997758,0.0952367703105507,0.054980125766299015,0.0030228142292780566,9.654852485656738,5.837904547889413,34.08112951026789
1.0,1.0,0.5,1.0,0.16755462363473386,0.03154106933041191,0.0009948390545058508,0.17090552791205607,0.03255893673673175,0.0010600843614265005,0.533046750343375,0.05859598866906912,0.0034334898881056767,0.5322262403971701,0.058662823503967315,0.0034413268614576203,0.518065747803022,0.0668866286024647,0.00447382108580405,0.9713889508564864,0.09047608154051302,0.008185921330925562,0.9713551506456183,0.09058296719225015,0.008205273945352266,0.9531565670754866,0.14813194146278497,0.021943072081533954,0.4688966451126567,0.15306443904307737,0.02342872249957195,0.4682923915217548,0.15326082074785916,0.023488879176307414,0.4049408146226048,0.13387774379692818,0.01792325028415594,0.7425005577083766,0.09047608154051305,0.008185921330925565,0.7421963558105638,0.09058296719225016,0.008205273945352268,0.5784091036793786,0.14813194146278497,0.021943072081533954,0.4956465447483412,0.00047765967785892553,2.2815876785229252e-07,0.596553405668929,0.0009147567979289954,8.36779999357309e-07,0.06811400067885234,9.644363161341126e-05,9.30137407878338e-09,15.743178510665894,20.239763686285265,409.64803407667176
1.0,1.0,0.75,0.0,0.24139286028416804,0.036262000450231965,0.0013149326766526235,0.24356082293155615,0.03480341943680129,0.001211278004493918,0.7543490070387964,0.02824282293409384,0.0007976570472865771,0.7539166222477165,0.028274477269705778,0.0007994460648751086,0.7390937369315886,0.07076216301038955,0.005007283713908944,0.9730726697571186,0.08515169487504035,0.007250811140091971,0.9730412806367745,0.08525095598907659,0.007267725497051474,0.9566419681480282,0.13711013551435938,0.018799189260765996,0.5542763768634767,0.13543430640614604,0.018342451351713848,0.553784755321428,0.13552925851313852,0.018368179913121126,0.43740768677783437,0.14165754892562302,0.02006686116761528,0.6656316683598439,0.15260469000830684,0.023288191412531425,0.6652650662598867,0.152695131121801,0.023315803068303997,0.48187483608330384,0.15713621639699835,0.024691790503564293,0.0,0.0,0.0,0.0,0.0,0.0,,,,7.057816743850708,5.074988770054071,25.755511016174932
1.0,1.0,0.75,0.25,0.23763570168957188,0.020708256838222715,0.00042883190127779785,0.23659763573043596,0.02110863090729003,0.00044557429878020003,0.660734904232953,0.05755169455101927,0.003312197545693821,0.6601756541112651,0.05752951534955386,0.003309645136354553,0.6635714033978725,0.09819264225402977,0.00964179499282787,0.9365508814689149,0.13566064972490088,0.01840381188378225,0.9364767664819255,0.1358191659452673,0.01844684583806806,0.906779984501167,0.19712204934214378,0.03885710233684657,0.5794553389172741,0.09657892151700721,0.009327488081388238,0.5790121997531077,0.09660308718839866,0.009332156454329355,0.4687091066918886,0.11037942014101708,0.012183616390667168,0.6807871698025478,0.16495561295490094,0.027210354245327084,0.6804433906706738,0.16507059451650224,0.0272483011740315,0.5206876903537975,0.2098619562479214,0.044042040680204474,0.22892287713729162,0.18232695051866873,0.033243116885437074,0.3272529172138368,0.17309056312296187,0.029960343042224044,0.2692756016456316,0.0942051424650252,0.008874608866855696,7.159289884567261,3.1073141211095483,9.655401047246803
1.0,1.0,0.75,0.5,0.20918024070686955,0.02330036429747974,0.0005429069763952686,0.20570403553562994,0.021251307683795614,0.0004516180782713506,0.5893992570061852,0.08185547396051134,0.00670031861729995,0.5886890797377439,0.08190783409343314,0.006708893285877368,0.5997159920249235,0.09264215220370861,0.008582568364935112,0.9713889508564864,0.09047608154051305,0.008185921330925567,0.9713551506456183,0.09058296719225017,0.008205273945352271,0.9531565670754866,0.14813194146278497,0.02194307208153395,0.5547010526878193,0.11485112525090478,0.01319078097139902,0.5542026936195955,0.11498388123004881,0.013221292942725971,0.45974123625639673,0.09464005611972037,0.008956740222343822,0.7425005577083766,0.09047608154051305,0.008185921330925567,0.7421963558105638,0.09058296719225017,0.008205273945352271,0.5784091036793786,0.14813194146278497,0.02194307208153395,0.3724442680903254,0.1300295903912393,0.016907694377313466,0.5280529462606276,0.10138723642769087,0.010279371710444487,0.13252345855184913,0.04140291507920538,0.001714201377055892,11.826365637779237,6.4954943445011555,42.1914467794465
1.0,1.0,0.75,0.75,0.19958799513606693,0.030821742509493228,0.0009499798113215018,0.19298371586284177,0.029815156251122615,0.0008889435422788559,0.5552105368971413,0.06376433499006845,0.004065890416725668,0.5544291185747134,0.06385789609780967,0.004077830894038657,0.5479662093607972,0.07288345067578719,0.005311997382409904,0.9707118049495843,0.09261740491458324,0.008577983693111869,0.9706777223909088,0.09272518342848485,0.00859795964184616,0.955939572172195,0.1393313066173287,0.019413213003692066,0.5160179875801971,0.132864747298769,0.01765304107476574,0.5154792052629549,0.13299775332355876,0.017688402389114184,0.4239100387590896,0.10007094116773281,0.01001419326619584,0.6659481625449464,0.1516038475171842,0.022983726582013635,0.6655819653267319,0.15169300828218849,0.023010768761700103,0.48235936538634805,0.15560400020628481,0.024212604880197483,0.524251497005988,0.07668996720767625,0.005881351070314459,0.7028789398453048,0.03933179665890735,0.0015469902284176353,0.08144565433567011,0.023341238201265296,0.0005448134007682064,12.414088439941406,4.613397321876687,21.28343484949899
1.0,1.0,0.75,1.0,0.1691978371760812,0.027966881367472857,0.0007821464534223004,0.1704117360010263,0.02762871892445647,0.0007633461094066191,0.4598756519519623,0.054284614067755504,0.0029468193244851586,0.45901497141632763,0.05420103246852504,0.0029377519206541056,0.4580893357794579,0.06849125166782372,0.004691051555025165,0.9158505714700912,0.13557092231675014,0.018379474977814298,0.9157515819280111,0.13573044135803944,0.018422752711248186,0.8629551022990013,0.22086705261551115,0.048782254931062974,0.40295389985649444,0.14767161797557032,0.02180690675552278,0.40233306094248655,0.14779933764112482,0.02184464420715522,0.3648774340000718,0.13821014681930152,0.01910204468381288,0.7228537666468713,0.2097079348666238,0.04397741794602414,0.7225547649686503,0.2098816923230964,0.044050324772406904,0.5755617019323308,0.27211575132502314,0.07404698211918183,0.7238837856686496,0.10139100860186812,0.010280136625304094,0.8126909285366439,0.06720377372244296,0.0045163472025373155,0.025814874613952755,0.013392481048139327,0.00017935854862477103,11.112327933311462,4.155507697861787,17.268244226988568
1.0,1.0,1.0,0.0,0.23970971148610337,0.06015315751262736,0.003618402358738958,0.23904545426448034,0.06067297692465501,0.0036812101288997193,0.7106090925972489,0.022285688557147038,0.0004966519144661545,0.7101299481337012,0.022370240115295502,0.0005004276428159761,0.6555029386905115,0.0694159398686606,0.004818572707849504,0.9192180092713557,0.1300713624395519,0.016918559326881268,0.9191238419103236,0.13022298629576412,0.016958026159786768,0.8699259044440847,0.20943919151340162,0.04386477494178732,0.4694479165121647,0.13722596699578446,0.018830966017928125,0.4689078186457144,0.1372505832975146,0.018837722615507993,0.34679185809402213,0.17452708953565974,0.03045970498178819,0.569115987949806,0.23310751445611244,0.05433911329590667,0.5686921858672962,0.23324566553895346,0.054403540492709346,0.3824931667401814,0.24002953535273533,0.057614177841650016,0.0,0.0,0.0,0.0,0.0,0.0,,,,6.741696548461914,2.850001037407307,8.122505913222726
1.0,1.0,1.0,0.25,0.1980030071447475,0.035768474252332386,0.001279383750339765,0.19494576861455332,0.036539355682490476,0.001335124513691549,0.6038484287816926,0.08633793973686062,0.0074542398380057755,0.6031925733700124,0.08635102823603712,0.007456500077420878,0.6046464254931152,0.10391460469406433,0.010798245068723657,0.9444616206136048,0.11715242154347649,0.013724689873500416,0.9443964312823928,0.11728996636195685,0.013756936209188969,0.9097985352235147,0.19033875384714727,0.03622884121608492,0.5191453056171689,0.07692427287900927,0.00591734375796428,0.5186318206014924,0.07691857627826472,0.005916467376675228,0.41318888980145535,0.08910347902265901,0.007939429973941436,0.6942427175033576,0.1858557276325512,0.034542351493825056,0.6939099156142685,0.18599666939328402,0.0345947610253946,0.5287182690078174,0.22761262142408428,0.051807505431543506,0.3162104362703165,0.23605532767186738,0.05572211772227268,0.39187716806426937,0.21191108226936145,0.04490630678857208,0.18616837423618754,0.065456788754418,0.004284591194040503,6.835289001464844,3.090745280572136,9.552706389378931
1.0,1.0,1.0,0.5,0.22529400720852405,0.04345022039181875,0.0018879216520976216,0.2234930696051602,0.04547224791049193,0.002067725330033238,0.5561073008649698,0.022701872486739005,0.0005153750144041574,0.5554531618537959,0.022655945496312686,0.0005132918663318911,0.516940589313158,0.056433513680499835,0.003184741466327162,0.8600642701703893,0.13686449005012932,0.018731888636681945,0.8598975867921214,0.13702100582648385,0.01877475603770132,0.7794617883923152,0.22474681252924003,0.050511129742053365,0.45251394345904206,0.10077162870313768,0.010154921151483042,0.452005361447255,0.1007530983067675,0.010151186818413156,0.33590600343082355,0.10222579685203126,0.010450113542032763,0.47252824695583034,0.25426524748590873,0.0646508160790704,0.4720471942829635,0.25441592937520874,0.0647274651198512,0.28290021248155256,0.2616714480759556,0.06847194673816753,0.4940387082976903,0.003127787463276035,9.783054415426735e-06,0.5966380741560597,0.0026550219719956914,7.0491416717798895e-06,0.06823729155561205,0.00041929088993350255,1.7580485038122856e-07,10.481218028068543,4.283839272201151,18.351278910052883
1.0,1.0,1.0,0.75,0.17680815444803955,0.01947156272985245,0.000379141755142579,0.17007484749936996,0.021563233053712248,0.00046497301972870845,0.5265731804991005,0.06567114678192724,0.004312699519653434,0.5257889753029701,0.06562013651036437,0.004306002315638856,0.5151289540673789,0.07462127072154023,0.005568334044097398,0.9444616206136048,0.1171524215434765,0.013724689873500418,0.9443964312823928,0.11728996636195685,0.013756936209188969,0.9097985352235147,0.1903387538471473,0.036228841216084925,0.5160107895903525,0.07710998784212769,0.005945950225013081,0.5154975837750602,0.07710224237005195,0.0059447557784902344,0.41470989074792125,0.05198496161889065,0.002702436234517534,0.6942427175033576,0.18585572763255123,0.03454235149382506,0.6939099156142685,0.18599666939328405,0.034594761025394605,0.5287182690078174,0.22761262142408428,0.051807505431543506,0.7112357103973871,0.09969582683893044,0.009939257889098002,0.8058080979143035,0.06730764070491785,0.004530318497262314,0.02958419436349762,0.01215720297773604,0.00014779758424187403,12.10443754196167,5.562041592093708,30.936306672180308
1.0,1.0,1.0,1.0,0.1266498729063664,0.027099586728403166,0.0007343876008502451,0.12780163464560232,0.025619833716419297,0.0006563758796569749,0.4098265018262815,0.04080265474335293,0.0016648566341052615,0.40888373386604276,0.04068577182348268,0.001655332028872497,0.3790680740775642,0.06407021900605447,0.004104992963483784,0.914166852569459,0.13820449741413263,0.01910048310549299,0.9140654519368546,0.13836776794406264,0.01914563920582197,0.8594697012264595,0.2262752781979932,0.05120050152357922,0.34534877185006596,0.11852450879458482,0.014048059184997614,0.3446540676065355,0.11873861566229513,0.014098858849398238,0.3007135735584,0.11648003321372354,0.01356759813747014,0.799722655995404,0.13820449741413263,0.01910048310549299,0.7994860545193274,0.13836776794406264,0.01914563920582197,0.6720959695284054,0.2262752781979932,0.05120050152357922,0.9919535928143712,0.0014204193773887373,2.0175912076614077e-06,0.9966250000000001,0.0009488401440956934,9.002976190475364e-07,4.77816398565808e-06,1.912957579327788e-06,3.6594067003076306e-12,10.631544828414917,4.457608293072223,19.870271694466258
