fair_majority,fair_minority,tau_x_mean,tau_y_mean,NMI_true_labels_mean,AMI_true_labels_mean,ARI_true_labels_mean,NMI_rows_mean,AMI_rows_mean,ARI_rows_mean,NMI_cols_mean,AMI_cols_mean,ARI_cols_mean,balance_chierichetti_mean,balance_bera_mean,KL_fairness_error_mean,time_mean,tau_x_std,tau_y_std,NMI_true_labels_std,AMI_true_labels_std,ARI_true_labels_std,NMI_rows_std,AMI_rows_std,ARI_rows_std,NMI_cols_std,AMI_cols_std,ARI_cols_std,balance_chierichetti_std,balance_bera_std,KL_fairness_error_std,time_std,tau_x_var,tau_y_var,NMI_true_labels_var,AMI_true_labels_var,ARI_true_labels_var,NMI_rows_var,AMI_rows_var,ARI_rows_var,NMI_cols_var,AMI_cols_var,ARI_cols_var,balance_chierichetti_var,balance_bera_var,KL_fairness_error_var,time_var
0.0,0.0,0.06045873501870116,0.06242941635517093,0.04939539409233022,0.04917936415879289,0.06176164354527103,0.1560429567725497,0.15111056489763347,0.2096797933548439,0.14198465247216913,0.1416659251276323,0.1822113976244542,0.28434371777120965,0.5063107765879411,0.310038735540936,0.7394380807876587,0.015070788970639465,0.016633329938049488,0.03270853246796604,0.03272579291826357,0.04335565323706236,0.10589784229037547,0.10672294267029249,0.16012810997281376,0.10400263816206941,0.10405514091278861,0.14361607865863077,0.10838203594537359,0.16377593377056576,0.18564229558123754,0.23248633167425126,0.00022712868019754813,0.00027666766482801336,0.0010698480962079884,0.00107097752212907,0.0018797126676123955,0.011214353001757235,0.011389786492206538,0.025641011603465536,0.010816548744670336,0.010827472350380295,0.02062557804928202,0.011746665715664253,0.02682255648242074,0.03446306190867157,0.05404989441534996
0.0,0.1,0.06687183804787573,0.07119725032013671,0.06482513299658062,0.06460290107209939,0.08227750513532629,0.23375659599385396,0.22908681288528382,0.33623643283123167,0.17957265075167678,0.17925486818746078,0.23198440558248273,0.20523513048668454,0.412687958449968,0.4558108854817638,1.1257529735565186,0.006298217568530493,0.007131374751056512,0.014698706540864455,0.014693472940887894,0.021100905264420367,0.060374837544543446,0.06061289084336181,0.08433625665783115,0.05485206529895289,0.05486106042415224,0.07140787795948403,0.030286028998383768,0.08080189626241369,0.2404471570584413,0.4029161236965202,3.966754454054615e-05,5.085650584000633e-05,0.00021605197397445147,0.00021589814706460476,0.0004452482029780431,0.003645121008530013,0.0036739225363892933,0.00711260418705557,0.0030087490675605915,0.003009735950862483,0.005099085034676565,0.0009172435524909425,0.006528946439601863,0.05781483533748674,0.16234140273462958
0.0,0.2,0.05975226658091052,0.06383971489424797,0.052269111501596265,0.05202808368328991,0.0641313737638045,0.17979451085783377,0.1742947669355573,0.26336387929105587,0.13243952210918428,0.1320804225334214,0.1631826362724969,0.19808758610197158,0.41290457101891376,inf,2.458543586730957,0.010828175470578566,0.014863168343668133,0.02821491921659848,0.02821606926982652,0.03584939453410179,0.09721420600429967,0.0978888345117745,0.1401463526952275,0.0759828066818206,0.076006106721741,0.10355802901287345,0.0866222518707307,0.1692367971542593,,4.068716720951636,0.00011724938402163935,0.0002209137732122185,0.0007960816663991782,0.0007961465650396485,0.0012851790884616874,0.009450601849046414,0.009582223922073576,0.019641000173775094,0.005773386911246921,0.005776928258996682,0.010724265373031137,0.007503414519156307,0.028641093511031904,,16.554455755351437
0.0,0.3,0.061304733626621796,0.0644163247934438,0.0583504655872671,0.05810561091209526,0.07079261609480056,0.19894335269972924,0.19361330323157552,0.27094369653877504,0.15562094281888575,0.15526227513215266,0.1917678282665849,0.20236183703361776,0.37695346537182084,0.5890828176779397,1.118468952178955,0.010991870253385244,0.012957830028121465,0.02280393162662049,0.022832903878446883,0.031364733386816314,0.0698736289649038,0.07080680614840229,0.11195010770031862,0.06007805717816199,0.06013196043219312,0.08799812283378869,0.07088454497673603,0.11066674664741906,0.3672564428918022,0.3224752954579714,0.0001208212116672554,0.00016790535903768634,0.0005200192976315823,0.0005213414995223947,0.00098374650042607,0.004882324024725043,0.005013603796937421,0.012532826614112938,0.0036093729543025016,0.003615852665418839,0.007743669622270561,0.005024618716558913,0.012247128813524038,0.13487729484553956,0.10399031618070592
0.0,0.4,0.07077835348857556,0.07485488234168816,0.06989868171450783,0.06953211911351206,0.09362040376232308,0.22577088956085917,0.21682217392705833,0.32304381414643857,0.22277062221824045,0.22227258805029146,0.3035108922358921,0.07441980936593452,0.14535318878136935,inf,9.621624994277955,0.016832912581895388,0.0174968714001129,0.026754697532977427,0.026668781704847325,0.041270482875778704,0.0879536316316084,0.08594235673266885,0.14430904184993443,0.09473151390594639,0.09464789980907934,0.14620825774478752,0.12148343161561984,0.23489614306166373,,7.489748076253867,0.0002833469459897321,0.0003061405087920887,0.0007158138400811083,0.0007112239176207994,0.0017032527567999434,0.007735841317188665,0.007386088680765312,0.020825099559646124,0.008974059726912514,0.008958224938269522,0.021376854632766215,0.01475822415710698,0.0551761980252456,,56.0963262457485
0.0,0.5,0.06184650340517463,0.06786849381501271,0.06027317912818596,0.059956873123949296,0.07631474818491932,0.2004044718935439,0.19181307246416485,0.2713750254344819,0.1723914309622835,0.1719290904929752,0.2195674902545588,0.09743549767245381,0.17948781150819929,inf,8.04571762084961,0.013727478063886385,0.017312537552868774,0.028553999381277475,0.028600041111060355,0.04245171284576064,0.08757848070334484,0.0884171280294433,0.14533072372691097,0.09181298773049629,0.09191046349646086,0.13459408426200845,0.11262952204019801,0.21913918999955673,,7.059396865907643,0.0001884436539944819,0.0002997239565194915,0.0008153308806659944,0.0008179623515543424,0.0018021479235389186,0.007669990282306144,0.007817588528974968,0.02112101925898772,0.008429624716000263,0.008447533300134263,0.01811556751832863,0.012685409235003449,0.048021984593661825,,49.83508411038665
0.0,0.6,0.06419346321915692,0.07624145945781932,0.07391013863758927,0.07346648970895828,0.09618423540871865,0.23222925499138597,0.22103473852810324,0.3410176444028249,0.22773667480468246,0.22712385772082574,0.30191330120432963,0.0,0.0,inf,15.22768726348877,0.008935971176814184,0.009551683456127991,0.010766413170072639,0.010768233173418214,0.02087485876376856,0.0344743578299304,0.03478839384160232,0.06724246888809671,0.04706458399973353,0.04709485546688565,0.08505330662923341,0.0,0.0,,3.3227190541261575,7.985158087285388e-05,9.123465684606915e-05,0.00011591565254871355,0.0001159548456771045,0.000435759728407285,0.0011884813477860835,0.0012102323460784345,0.004521549622166653,0.0022150750670679735,0.002217925411446849,0.0072340649685664,0.0,0.0,,11.040461912653027
0.0,0.7,0.06261113615015135,0.07860838482390663,0.08004794887338189,0.07963153640225518,0.10658114392400786,0.24678471429929566,0.23573280348415068,0.36229407743860464,0.23439917138387917,0.2338228518264372,0.3164244840204411,0.0,0.0,inf,16.05553195476532,0.010637031104162892,0.017480893426738132,0.021572584840029326,0.02161374776647044,0.03506076849264512,0.05430890557406727,0.05494396201694992,0.09679156920846727,0.0882948677342012,0.08840121488324225,0.1347749113967459,0.0,0.0,,1.0220986401281404,0.00011314643071092884,0.0003055816349969764,0.0004653764166802631,0.00046715409251260587,0.0012292574872948567,0.002949457224652955,0.003018838962120036,0.009368607869837509,0.007795983668200085,0.00781477479283317,0.018164276742000714,0.0,0.0,,1.0446856301517942
0.0,0.8,0.05017885508007005,0.06579854143778695,0.0681589593049273,0.06775853445239219,0.07866428881627428,0.19070242680853403,0.17937189044220156,0.24043690238779805,0.19223561019282956,0.1916659778505307,0.22770154075262578,0.0,0.0,inf,18.87080669403076,0.008817487496256892,0.012450530841771832,0.020292479953304396,0.020321745504843055,0.03349347227773391,0.03797983925125938,0.0383373201641073,0.07962101381881151,0.07178630461114514,0.07187033711781454,0.11120400125329152,0.0,0.0,,1.9662921721835263,7.774808574664664e-05,0.00015501571824191163,0.00041178474265526075,0.0004129733403636089,0.00112181268521933,0.001442468189551503,0.001469750117365268,0.006339505841535374,0.005153273529724118,0.005165345357428311,0.012366329894742064,0.0,0.0,,3.86630490639021
0.0,0.9,0.0475199880542094,0.06742379056511938,0.07265618827768197,0.07226443217757131,0.08078035892209613,0.1937784028196,0.1825724611298139,0.24794000380370126,0.19112800266995203,0.1905685214973734,0.22835245751304614,0.012,0.01756644518272425,inf,15.11706509590149,0.007433701678158939,0.0152838597050828,0.019008336448363094,0.019053623766084563,0.032780628730986326,0.04664556946492076,0.04687287068385513,0.11235594072407552,0.06180725056235782,0.06189645536206851,0.1050625185432368,0.03794733192202055,0.05554997716990134,,4.042162280671324,5.5259920639863024e-05,0.0002335963674846537,0.0003613168545341689,0.00036304057861950243,0.0010745696199987661,0.002175809150706748,0.002197066006145406,0.012623857415991972,0.0038201362220780808,0.0038311711863885396,0.011038132802647975,0.0014399999999999999,0.0030857999635765603,,16.339075903281998
0.0,1.0,0.0473713069147807,0.07179633487679966,0.0771725154116379,0.0767761686925276,0.09007676281467289,0.19554976325540943,0.1842575329496513,0.27559257870540776,0.20811550436785403,0.20755958115855302,0.2622328264585218,0.0,0.0,inf,18.288669776916503,0.0046607934112728264,0.009226064269746734,0.006565533095859431,0.006583451622893277,0.017566955870374726,0.029165038465251574,0.029506123446998586,0.06937255141117894,0.03879415503566989,0.03885407194851688,0.06821372537974657,0.0,0.0,,1.9685868548123455,2.1722995222564187e-05,8.512026190949734e-05,4.3106224832825524e-05,4.3341835270976114e-05,0.000308597938551693,0.000850599468679604,0.0008706113208695197,0.004812550889296665,0.0015049864649315913,0.0015096389069805265,0.004653112330183482,0.0,0.0,,3.875334204939963
0.1,0.0,0.06619055122268029,0.0718253489283676,0.07036109213823272,0.07009357270319352,0.08675098205667532,0.2198388145275516,0.21399551640739314,0.2981945028369168,0.19500370543384504,0.19463460392565832,0.2527602997552344,0.17973371579080463,0.33263332266182494,inf,2.6192187309265136,0.011486000844394639,0.013719747021794767,0.018520362767456347,0.018509635165160833,0.025625170671948416,0.06082953896668917,0.060616298074304506,0.10121287148169011,0.07105224692531886,0.07105764042416882,0.10232093572072899,0.10608572268273879,0.18106007990236245,,4.402705597844916,0.00013192821539743436,0.00018823145834204636,0.0003430038370381833,0.00034260659394735844,0.0006566493719664852,0.003700232810899956,0.003674335592232932,0.010244045353569119,0.0050484217931364836,0.005049188262650471,0.010469573886765554,0.01125418055711896,0.03278275253424987,,19.383816581294962
0.1,0.1,0.05702894125148367,0.05817014850469617,0.044573907888391204,0.04430273793577497,0.05444012536978047,0.14010001818227372,0.13407472228243394,0.19123185887988714,0.10755025617621117,0.10714076405778286,0.1324606669795247,0.288773390481175,0.5264372502402526,0.29891356103228045,2.25401771068573,0.016596016989451116,0.016924788611762293,0.030369703990266998,0.03038002745365744,0.039721713908656135,0.0959521876729381,0.09657852013691925,0.15148092020611117,0.07371270384160908,0.07373579566286428,0.10222516921009864,0.09387552449517222,0.13118217014768607,0.1805485462478097,3.9426099760786633,0.0002754277799141501,0.0002864484695528386,0.0009223189204564391,0.0009229460680849797,0.001577814555841126,0.009206822319222735,0.009327410551837318,0.022946469186490223,0.00543356270764077,0.005436967562035675,0.010449985220033297,0.008812614099243679,0.01720876176465646,0.03259777755219748,15.544173423474998
0.1,0.2,0.06504130565167514,0.06946484793265191,0.062399550411858615,0.062100032634698564,0.07893111290162208,0.2130680544359759,0.20637133656032694,0.29786778151681725,0.18783150767162707,0.1874051437528948,0.24345887029938523,0.22037512482658445,0.44244701557454913,0.46201605254381367,3.1861303567886354,0.010914745213843995,0.013261011233250651,0.024374147468169197,0.02440807992178189,0.03382141754914915,0.08256843095404008,0.08443832975436923,0.1285241895772314,0.0772601310763658,0.07735855170824017,0.11057966528568147,0.07492330031817264,0.09560678650374217,0.15359650015996,4.98810217188705,0.00011913166308313038,0.00017585441892839997,0.0005940990648000588,0.0005957543654680922,0.001143888285033894,0.0068175457902120845,0.007129831531707594,0.01651846730648412,0.005969127853937223,0.005984345522396469,0.012227862374693347,0.005613500930567089,0.009140657625572137,0.023591884861388586,24.881163277184303
0.1,0.3,0.05983798717785025,0.06383098683152406,0.05074190362042844,0.050451691638869166,0.06320693054249592,0.17285852876422142,0.16528731192175988,0.2384110448617874,0.1464203330793688,0.1459977577580464,0.1866229965483555,0.23244257109801897,0.45332711809286164,0.7369115839650533,7.887626719474793,0.01027056373592452,0.013010825039477003,0.02180553495334451,0.02177970091077246,0.031175339782902604,0.07789106799255091,0.07726491120589256,0.12521452850491438,0.06968722836128573,0.06964552952895864,0.1028591173412517,0.09839760580666214,0.1330123488271224,0.5483468227536274,8.295571880462912,0.0001054844794536878,0.00016928156820788175,0.00047548135460152917,0.0004743553717627028,0.0009719018105794297,0.006067018473020189,0.005969866503654461,0.015678678148708013,0.004856309796677985,0.00485049978336905,0.010579998020221384,0.00968208882848327,0.01769228494050809,0.30068423802399813,68.81651282392697
0.1,0.4,0.07463039616547153,0.08286190314165925,0.08209818246757752,0.08163323783186606,0.11136034064143503,0.25381200953535615,0.24311187512277477,0.38522421301355136,0.2538279785643866,0.2532022979684614,0.3553768618307249,0.13162830428239167,0.2966636664928875,1.9916063423042143,11.069672536849975,0.010151009665838904,0.00960869368886557,0.013201114023297888,0.013146968085335081,0.02225201371333497,0.03461315415402593,0.034554844555168905,0.07297827854111598,0.059150132904422184,0.059068103905687834,0.09610387838529974,0.031486412630884246,0.06120695619878727,0.5748093966825035,6.711974444543407,0.00010304299723595486,9.232699440644504e-05,0.00017426941145611216,0.00017284276983681917,0.0004951521142984474,0.0011980704404903628,0.0011940372822318863,0.005325829138824709,0.0034987382226108078,0.0034890408990131344,0.009235955440696482,0.0009913941803623072,0.0037462914871202635,0.3304058425145037,45.05060094420378
0.1,0.5,0.06574452277431385,0.07399953372402074,0.0713685464849196,0.07095554231214,0.09260440217965527,0.22516970223684019,0.2148411655180491,0.3262675977356445,0.21446463604712088,0.21388943871178573,0.283031746005955,0.1337874249919993,0.2949866794172269,2.045828357891921,16.10340759754181,0.011795524023859319,0.013938349175481904,0.01971455900288671,0.01969618618780942,0.03306739906375703,0.06342596998225501,0.06388034483949212,0.10575360196995133,0.07147735710378053,0.07146783621195621,0.11375345208369782,0.04325100326963947,0.07532090376452201,0.8364565719644391,7.762503535108511,0.00013913438699744232,0.00019427757773765708,0.00038866383667830154,0.00038793975034485446,0.0010934528808417593,0.004022853668189915,0.004080698456812427,0.011183824329618893,0.0051090125785413654,0.005107651612819,0.012939847860958134,0.001870649283830364,0.005673238543904386,0.699659596782501,60.25646113257213
0.1,0.6,0.06607619382060184,0.07882426651969049,0.07972943146841464,0.07926690329254718,0.1056278448373605,0.23135082049044317,0.2200814920333977,0.33397098048145923,0.23658208649327506,0.23594480865425366,0.3212731881173282,0.09599578439613235,0.20675754264485807,2.846816704380868,18.61718919277191,0.013796690868582602,0.016973203262738698,0.027386873802899316,0.02739400927603129,0.04260093821086531,0.0624914075133735,0.0629756388832859,0.11954597516900671,0.10024832239071622,0.10030858428293928,0.15083480646720956,0.042154019403061065,0.059250337373993,0.2769686896262647,2.468276185134921,0.00019034867892323056,0.00028808962899824357,0.0007500408566959328,0.0007504317442152883,0.0018148399364459641,0.003905176013002514,0.003965931092758031,0.01429124017910877,0.010049726142152977,0.010061812080847533,0.022751138842000567,0.0017769613518336484,0.003510602478931992,0.07671165503329014,6.0923873261042
0.1,0.7,0.05836913963046153,0.07257293511079858,0.07257768416582737,0.07211668460653094,0.08907742417754508,0.21674561070601714,0.20541706571728682,0.3266880684516834,0.21344952044765994,0.21280206481858407,0.2696739956834424,0.10319944416788485,0.21785295139319313,3.072709257489953,16.18066041469574,0.00866606239109341,0.01465240564985018,0.021600577648028835,0.021627691032753193,0.035276333478702446,0.039816691724888366,0.04014878682152093,0.07617986724578517,0.06842379523315338,0.06848931087626157,0.11116222909006707,0.042729656079889274,0.056056014875967154,0.5041858940917284,4.568285618334733,7.510063736632361e-05,0.00021469299132776144,0.00046658495472852294,0.0004677570194082329,0.0012444197037006228,0.0015853689399147938,0.001611925083239933,0.005803372173585453,0.004681815754108503,0.004690785704305201,0.012357041176272551,0.001825823508705618,0.003142276803774651,0.25420341580107564,20.869233490683953
0.1,0.8,0.05427393535953919,0.07236889262197063,0.07065052244821082,0.07019590525731693,0.08776473862298842,0.20709636257748976,0.1958916801100854,0.3104240354009981,0.21639535147097902,0.21576548382926677,0.2793051692520547,0.09912821352622395,0.21212273001990792,3.0201948656147004,18.385946774482726,0.006467599826125215,0.012495118777609754,0.017520117158974165,0.017512928741653826,0.028795118646865268,0.04740257886744359,0.04774122814182818,0.10641573436180395,0.06439484996980309,0.06443479396758008,0.10550853925938149,0.030162185179193435,0.026304297553817732,0.329333873375808,2.836709443446644,4.1829847510894914e-05,0.00015612799326657586,0.00030695450526418093,0.0003067026731102447,0.0008291588578870478,0.00224700448328421,0.0022792248644900866,0.01132430851976202,0.00414669670263345,0.004151842673644494,0.011132051856648444,0.0009097574147839561,0.0006919160697997815,0.10846080015271273,8.046920466539369
0.1,0.9,0.05378676045577883,0.07620773563393154,0.07585917035331466,0.07546722652951177,0.09579178909341646,0.21660308442084159,0.20543249557525475,0.3349692405363089,0.22252642716488355,0.22198394645366268,0.2898166916042104,0.08445142806629381,0.19711435423141954,3.4093184897539337,18.150810146331786,0.004858341597064709,0.009374639687135172,0.011467542694493836,0.011495256325903515,0.01854703135301147,0.022684139664963337,0.022967721030653847,0.032354192951292764,0.03705408650396038,0.037122397070216966,0.059413947139265746,0.011499212219163892,0.019227356742897175,0.32872060480442244,1.621784475926779,2.3603483073769267e-05,8.788386926360984e-05,0.00013150453545003897,0.0001321409179982248,0.0003439923720095905,0.000514570192339563,0.0005275162093419391,0.0010467938015294822,0.001373005326642979,0.001378072364238853,0.003530017114667464,0.00013223188166136817,0.0003696912473186334,0.10805723602298528,2.630184886357097
0.1,1.0,0.04792361473666974,0.0720299397255054,0.07306514712043768,0.07268120954979695,0.08679107262244885,0.21833825708057572,0.20732653847673066,0.32475150424786514,0.21037783286273348,0.2098440382082692,0.2627245894046388,0.09871989338525758,0.2089852819790151,3.4210145179776106,18.436897969245912,0.006549985415755052,0.008934627948638127,0.01260222829342114,0.012607130372825133,0.019634102776658682,0.034665806989807105,0.03504549406516733,0.07017183763694206,0.04098715588501113,0.04104136607894409,0.06734062196499,0.01887470896219242,0.003852425380367241,0.41313689449115076,4.323530709979717,4.2902308946603885e-05,7.982757658058554e-05,0.0001588161579595043,0.00015893973623741,0.0003854979918443962,0.0012017181742545592,0.001228186654271679,0.004924086797345358,0.0016799469475422026,0.0016843937296259026,0.004534759366631693,0.00035625463840746683,1.4841181311297684e-05,0.17068209358979222,18.692917800137714
0.2,0.0,0.060006109938007424,0.062127493567992555,0.05233941931173445,0.05208845630711885,0.06308425835789935,0.1701450391313705,0.16433204269023455,0.22458496736457012,0.1391981721312965,0.1388239486326502,0.17252891175480412,0.1987637961545778,0.4008521788667537,inf,2.0951884031295775,0.010014378177366669,0.011929052650881133,0.020954693859242327,0.020975647785850177,0.02910258659415868,0.07807729092107983,0.07958206780353899,0.12463196196218239,0.06913114175422533,0.06919351230016234,0.09667944382588671,0.08316896023597523,0.15541148241909605,,3.489635659467001,0.00010028777027931776,0.00014230229714749419,0.0004390991947345681,0.00043997780003604135,0.0008469605464705046,0.006096063357574935,0.006333305515887078,0.015533125942542877,0.004779114760242797,0.004787742144432716,0.009346914858482784,0.006917075946733227,0.024152728867701003,,12.17755703582369
0.2,0.1,0.06395649404675373,0.06860556533467994,0.06032608750239636,0.060029271046957246,0.07690469478663527,0.20422513696393058,0.1975084278614983,0.29742685538457625,0.17968483772018945,0.1792655804684748,0.23438246066297558,0.25006807204241105,0.46379178221151396,0.5308994265788304,3.6327536582946776,0.01569636200060563,0.01793366399326084,0.030136718281355935,0.030114181782016275,0.04127486008567274,0.10971165227972822,0.11028301584630107,0.16816238651443516,0.09956381096542447,0.09956846489368737,0.13890305491095564,0.12106539555343529,0.17715729704638655,0.35169218256312973,5.250359264307445,0.00024637578005405635,0.00032161630422318033,0.0009082217887698131,0.0009068639444003209,0.001703614075091861,0.012036646645947995,0.012162343584155494,0.028278588238230287,0.009912952453958778,0.009913879201285454,0.01929405866359596,0.014656830000509748,0.03138470789678164,0.12368739127601779,27.56627240429901
0.2,0.2,0.0656828624772428,0.06980805403581389,0.06116410672639786,0.060840022954881376,0.07793567690622365,0.20153608426052486,0.1941538254322636,0.28921708054553535,0.16626909022915365,0.16579703816252306,0.21931407398224465,0.22341025712717397,0.43583885740906425,0.4247162817113944,4.775325679779053,0.014021969067509497,0.015485406348025208,0.023422495344509194,0.023419420570120215,0.03396352901278229,0.07782839993812066,0.07835241933517435,0.13199242562069333,0.07496166233052555,0.07498847123281364,0.11234324619107178,0.06134420957368631,0.06466690283571577,0.12142819529314612,6.068756517662686,0.00019661561653019314,0.0002397978097634594,0.0005486132881635549,0.0005484692598401698,0.0011535213030021043,0.006057259836928059,0.006139101615675004,0.01742200042123426,0.005619250819355733,0.005623270817834519,0.012621004964747762,0.0037631120482203473,0.004181808322363904,0.014744806612150434,36.82980567067332
0.2,0.3,0.07149457767238285,0.07701891153249571,0.07436430589197293,0.07395116952816769,0.09954131520248212,0.22975924974870726,0.220383456774118,0.3479183107922037,0.20823800251074637,0.20765262989514438,0.2825254127228573,0.168198424396425,0.3635291268981197,0.6403201726528711,11.786056923866273,0.011104160568881279,0.012100780935100926,0.01941317401488873,0.019411889654930504,0.03204902870842748,0.05199498023441097,0.052765530267702206,0.08794803140156009,0.06391057387784613,0.06391372028747193,0.10089431553622892,0.024964931012261566,0.04660111282686657,0.16911008774626643,7.624816948603218,0.0001233023819394978,0.00014642889923930204,0.00037687132533235104,0.00037682145997519796,0.0010271402411536088,0.002703477969576788,0.0027842011844317976,0.007734856227409799,0.004084561453395627,0.004084963640985201,0.010179662907524124,0.0006232477804469792,0.002171663716702348,0.02859822177754993,58.13783349970689
0.2,0.4,0.06588782242667224,0.07172236369164839,0.06694012656308004,0.06644056184494965,0.08841880457670784,0.2116108446002686,0.20073975942236824,0.29853642275121584,0.20850658756102852,0.20780039825966226,0.28492840305150646,0.1505889151143929,0.3254227829818186,0.9819040573548786,15.116261291503907,0.015198508773039795,0.017622763739022967,0.02950158008190656,0.02951846870991642,0.04415493144868232,0.08257068711423292,0.08294027932936608,0.14058212411971782,0.10144740945764497,0.10153722076705138,0.15572459788666898,0.05794990838284224,0.103385837935301,0.27137517230579783,5.597969649482885,0.0002309946689241676,0.0003105618018014228,0.0008703432273291459,0.0008713399949783147,0.0019496579712378352,0.00681791837051655,0.006879089935233271,0.019763333622011745,0.010291576885667073,0.01030980720109693,0.02425015038696475,0.003358191881579809,0.010688631485584323,0.07364448414400147,31.337264196531535
0.2,0.5,0.05875984119824725,0.06652226526234965,0.05819495547114957,0.05772847317734529,0.07254911457121355,0.17609668284057084,0.16481836713652567,0.23778145182434812,0.16547384477775634,0.16478815015594248,0.21707735292461305,0.15997789028050285,0.34906115213938177,1.1322967390348018,17.91346971988678,0.012811602027702798,0.0156983206419905,0.024231685386578498,0.024231967934457085,0.03557960051225933,0.07973976668101038,0.08092180475081691,0.13461820679929937,0.09043627664461701,0.09049139214485927,0.1412521311715945,0.055722058127340816,0.10427878636339587,0.24317516119099178,1.8832662728057448,0.00016413714651623848,0.0002464372709787451,0.000587174576674122,0.0005871882699765563,0.0012659079726119644,0.006358430390341973,0.006548338484129333,0.018122061601858933,0.0081787201333417,0.008188692052314699,0.019952164560517335,0.0031049477619467486,0.010874065285422757,0.05913415902026484,3.5466918542876416
0.2,0.6,0.06601657999614374,0.07743450044600365,0.07111674774062064,0.0706356143490577,0.09600465447682938,0.20810972448900417,0.19668557087224417,0.31752394206577766,0.23051092761060482,0.22984785272611638,0.3204083819967544,0.10363223993369453,0.2387193965872038,1.5989347000152438,18.18828728199005,0.011292348591203445,0.01204440165777623,0.01990257626882494,0.01987943173008225,0.03371317338450797,0.049677797043427376,0.050110386226356295,0.0860429760085785,0.06336225459338521,0.0633730442560421,0.10666157881794229,0.03460508532283181,0.07123167868300101,0.25798790071813127,0.9175898813598954,0.00012751713670525444,0.0001450676112938428,0.0003961125421363937,0.00039519180591100094,0.0011365780596538967,0.0024678835190879616,0.002511050807754599,0.0074033937204128165,0.004014775307156965,0.00401614273827827,0.011376692395936115,0.0011975119302004697,0.0050739520479983,0.06655775691694836,0.8419711903740669
0.2,0.7,0.05629899574116883,0.07249935578056828,0.07305340829190528,0.07262141459658628,0.0913662973588054,0.20492667358615435,0.1937495622635206,0.2899075831310601,0.22338134547112226,0.22278536855683656,0.2903942153345093,0.10759840963488229,0.24616307484616642,1.794191657160465,16.246320247650146,0.00940603879543658,0.012809992361846025,0.016837068082388853,0.016840578742610322,0.029344331707769667,0.04515456514884708,0.045495432126283354,0.1041286199096888,0.055742411308956324,0.05577048521772484,0.1003663694357914,0.04228720792913875,0.08396843527428138,0.2456132674287371,0.8729924652877532,8.847356582125803e-05,0.0001640959043105535,0.0002834868616109974,0.0002836050923860587,0.0008610898033756164,0.0020389347537814757,0.002069834344357256,0.01084276948429644,0.003107216418536862,0.0031103470214204646,0.010073408113721762,0.0017882079544422151,0.007050698122411183,0.060325877137020326,0.7621158444491889
0.2,0.8,0.05297687876438227,0.06558805490470702,0.06550088056923416,0.06504965629786263,0.07458585576351705,0.16996412165531308,0.15834934307050222,0.2454729026301999,0.18034138503720892,0.1796862716984726,0.22097976514343518,0.11425879997620667,0.259883488834605,2.0219399096139727,17.790016102790833,0.00918818294269832,0.014597045932248913,0.023494155538162097,0.023557941402593326,0.035015736123855536,0.04882626921111556,0.04919900183064266,0.09842892115925701,0.07088001754205578,0.07102326884656598,0.10979190765139622,0.042813012361519215,0.08673411017821428,0.37536913180437675,4.386051568610016,8.442270578849236e-05,0.00021307374994818454,0.0005519753444513528,0.0005549766031280208,0.0012261017762954813,0.002384004565076331,0.0024205417811315796,0.009688252520575232,0.005023976886762135,0.0050443047176515895,0.012054262985732716,0.001832954027467597,0.0075228058684066144,0.14090198511157156,19.237448362506385
0.2,0.9,0.053072308551616286,0.07769656229572343,0.08346696027318001,0.08306090492028323,0.10175409678212197,0.20785078245043107,0.1966984780809064,0.31083261562806713,0.21158587624307795,0.21101529549054585,0.26940878916426886,0.09211532691827597,0.21570832250401345,2.14425319122999,18.761824107170106,0.005328288091109277,0.006718019107684935,0.007964842436842322,0.00795496670534575,0.01781092392474092,0.01651653244206978,0.01661884331074828,0.05035675263459982,0.024780597754916416,0.024752635213744618,0.0551588048485486,0.017447795214528973,0.03641977642880561,0.08629158224181187,1.0455292134015215,2.839065398185694e-05,4.513178073121989e-05,6.343871504372434e-05,6.328149528315942e-05,0.0003172290110529084,0.0002727958439099436,0.0002761859529872028,0.002535802535902276,0.0006140780250909685,0.00061269295002471,0.0030424937523202684,0.0003044255578481401,0.0013264001151241849,0.007446237165795382,1.0931313360760044
0.2,1.0,0.0462661366219702,0.0649698289044259,0.06436720883835799,0.0639474023897684,0.07018857236926698,0.17104187842607066,0.15966463257912658,0.24621136118802395,0.17385146456164863,0.1732512759970303,0.20657588664420817,0.1233311675056185,0.25964056306085403,1.9645970171679974,17.64315483570099,0.007374486714813374,0.012523560958501342,0.019793315509632314,0.01979115024730215,0.026060827180245633,0.0439440668142664,0.04426346442801371,0.09947092668538203,0.05482597517960854,0.05484817730345841,0.0798451587879874,0.05127872229757965,0.0608381827031683,0.1836953150352322,1.3605645857417776,5.438305430695895e-05,0.00015683957908129903,0.0003917753388638511,0.000391689628111288,0.0006791667133186295,0.0019310810081767094,0.001959254283170035,0.009894465255648648,0.0030058875543950516,0.00300832255351161,0.006375249381878921,0.0026295073604722923,0.003701284474624086,0.0337439687658932,1.8511359919746952
0.3,0.0,0.05917276797426522,0.06309307769013196,0.052657700913224206,0.052411024033896705,0.06340219054227701,0.1822025359278046,0.17557699381922237,0.2573456427376004,0.13933579917836075,0.13897174906928964,0.1698591924518512,0.15863159769242655,0.3232950307830645,inf,11.827212476730347,0.009629662866864508,0.012651566993157828,0.020652651225811076,0.02064626200568516,0.0302008892038433,0.06071617812075415,0.060806459814026124,0.10247773934349495,0.06156326530941396,0.061566251821679706,0.08983266259035544,0.1164967079427968,0.23079169805909658,,16.167452319154858,9.273040692946917e-05,0.0001600621473823606,0.00042653200265499577,0.0004262681348073986,0.0009120937087028189,0.003686454285591145,0.003697425555114774,0.010501687060953294,0.0037900356355572923,0.0037904033633704795,0.008069907268072645,0.013571482961509295,0.0532648078930012,,261.3865144921458
0.3,0.1,0.06345258826200198,0.06849332110875124,0.05981891187634717,0.05952007838670864,0.07489580182018882,0.20244228721084107,0.19508583441234267,0.27897802176586184,0.17657147980454543,0.17614242617808232,0.22391177464428474,0.21818064201589085,0.43828422165662567,0.7899002266283642,12.108367371559144,0.014951038183179582,0.01819378858969511,0.03237210722507087,0.032363767390620725,0.04374979252432786,0.10464207159504786,0.1049213748165212,0.16376984858594693,0.09973873489979129,0.09976176299414853,0.13902355555003332,0.08533894002994309,0.13650989970669902,0.6137306906078885,13.967680773408965,0.00022353354275489383,0.00033101394324651996,0.0010479533261914854,0.0010474134397142054,0.001914044345921734,0.010949963147703122,0.01100849489338893,0.02682056330586398,0.009947815239410846,0.009952409355700662,0.0193275489977732,0.007282734685434222,0.018634952717933025,0.37666536059403577,195.09610618785848
0.3,0.2,0.06772969670543143,0.07382690184830065,0.06527602618160899,0.06486926819901502,0.08427386157462458,0.21663398912482879,0.20646293091876117,0.3118516077075004,0.2085624733171129,0.20799269508262036,0.27586313290001785,0.20245287683299065,0.3588637221800702,0.661814771817453,24.41050672531128,0.009958582230846825,0.009731753131065448,0.01374998533161189,0.013711085478753151,0.023525922853942113,0.045727053935598685,0.04596554201541565,0.08863509433879424,0.051628269772799364,0.051621198162567536,0.08695908258902477,0.039444983520221036,0.06386656237640943,0.1430233947339406,13.244115385864964,9.917336004853811e-05,9.470701900400215e-05,0.00018906209661954213,0.00018799386500567553,0.0005534690461296358,0.002090963461629151,0.0021128310527709416,0.007856179948446956,0.0026654782397329485,0.002664748099739066,0.00756188204472483,0.0015559067249105094,0.004078937789779797,0.02045569144122059,175.40659235410507
0.3,0.3,0.06725404969746139,0.0743174834923066,0.06971753413048634,0.06927948098654726,0.09422322615312062,0.20738428492200311,0.1965516910012179,0.2952733062065863,0.2047759883262236,0.20415737489608005,0.28553739853407895,0.18578298917686673,0.3582029189137872,0.5340392595110917,26.296194386482238,0.015471290151389528,0.01685862378524911,0.027860747570238112,0.027818003948902992,0.044764283849441686,0.07332876105845369,0.07388710425879352,0.12444892633244134,0.08256886912511943,0.08254085938418779,0.13523451265169906,0.03495532550901356,0.08704053302456868,0.17276583470480195,11.16631594891477,0.00023936081894848258,0.000284213195932567,0.000776221255172529,0.0007738413437011825,0.0020038411085533856,0.005377107198367794,0.0054593041757498234,0.015487535265297413,0.006817618148601101,0.006812993467880262,0.018288373412142553,0.0012218747814410945,0.007576054389201031,0.029848033641246947,124.68661187098837
0.3,0.4,0.06381112371233942,0.07194615848195662,0.06261039430268228,0.06209724901850751,0.08032144881000208,0.18687042171503745,0.17523774811101184,0.28594421033146783,0.19107801170844424,0.19033776931711405,0.2564772903338914,0.15678751369615368,0.34462940369472683,0.633854610875864,27.108337140083314,0.008996906811645337,0.01215646514136422,0.018400844947151242,0.01842855833068001,0.02470678672044764,0.046922448170865105,0.047374756335631076,0.08024105652969188,0.06647669480974851,0.06654274295490048,0.0980310469767831,0.0440463111863053,0.0828863921062278,0.1897049533300269,3.664200296023756,8.094433217743026e-05,0.00014777964473320344,0.0003385910947691014,0.00033961176214727555,0.0006104253100496878,0.002201716142347522,0.002244367537860417,0.006438627153001207,0.004419150952828445,0.004427936639961958,0.009610086171364253,0.0019400775291208436,0.006870153996387341,0.035987969317947684,13.42636380938058
0.3,0.5,0.05720058457020345,0.06476792465639199,0.054179159482266405,0.05364547978543012,0.06757055501854958,0.15660674867749041,0.1448509809497699,0.2190533516601601,0.16374771088806367,0.1629670563845799,0.21931844884299564,0.17735459018834598,0.37726392061162667,0.6675776811225927,29.76426270008087,0.011198338151564388,0.01328339948745279,0.0219936024709955,0.021967713860963058,0.032520814657702735,0.0567359208332125,0.057299691406096726,0.09595167264070047,0.0692360356868108,0.069232134907156,0.10955429403911472,0.05635331929005143,0.09736615173595549,0.14317468823450774,9.486394425261736,0.0001254027773567825,0.00017644870194326103,0.00048371854965217935,0.00048258045227714844,0.0010576033860006532,0.0032189647127925563,0.003283254635233915,0.009206723482548146,0.004793628637625339,0.004793088503802649,0.012002143342408808,0.003175696595006483,0.009480167503869109,0.020498991351048487,89.99167919163695
0.3,0.6,0.06707099582087508,0.07659703287659872,0.0759360522176963,0.07543458127527905,0.10466923664214625,0.2052424758359074,0.19396914202372148,0.3032177183450685,0.2378224509189454,0.23713591850688376,0.3374647116888254,0.12050594652913742,0.27291443444592045,0.9959306867948963,18.111129021644594,0.01324598717510399,0.01663091446516618,0.02552991949130583,0.025531976855531005,0.04045534117501144,0.07002044760654404,0.07067889149457021,0.11880511453571764,0.09187465227096155,0.0919276474426429,0.1442380695320392,0.042412215982528506,0.08208631500460724,0.19912534687672154,2.956770588840149,0.00017545617624301936,0.00027658731594767364,0.0006517767892325573,0.0006518818421513709,0.001636634629586576,0.004902863083020779,0.0049955057029012285,0.014114655239844988,0.0084409517299101,0.00845069236433885,0.020804620702329375,0.0017987960645486465,0.006738163111035607,0.03965090376877468,8.742492315030123
0.3,0.7,0.05319724453286952,0.06663906230389488,0.061794757648091815,0.061306137128171144,0.07603197465525802,0.16949399823608768,0.15801517257259512,0.244816389496892,0.17541985758262632,0.17471346067464927,0.22226271870258776,0.12063043884699134,0.27415705136536084,1.1589470933251742,18.55499804019928,0.010203989605269378,0.012967155593049787,0.024480731229133634,0.024472139508166173,0.0330367479761522,0.04918977449877935,0.04968125127361358,0.08882920704304412,0.07421200958893183,0.07424508988926862,0.11323119130569556,0.03342874350012322,0.06729368680396278,0.14304339062145421,3.923616081024484,0.00010412140386444554,0.00016814712417436236,0.0005993062015130788,0.0005988856121071477,0.0010914267168397962,0.002419633915240763,0.002468226728111931,0.007890628023895998,0.00550742236722771,0.0055123333726655776,0.012821302684507027,0.0011174808919970302,0.004528440283669833,0.020461411600481934,15.394763151273931
0.3,0.8,0.052679199234198545,0.07471177168234541,0.07496419816791292,0.07455447691297654,0.09335657395419258,0.2132377525927681,0.20228763910934705,0.31407260990477137,0.2291648441665008,0.22860542241960546,0.298503417099827,0.09764691996599628,0.2261704646265647,1.445332906636576,18.260613322257996,0.007013881931180606,0.011420122097346056,0.01483629575219996,0.014866851354034219,0.030241129738577333,0.04116205216670933,0.041550013529954306,0.07408771466512142,0.05898430951035102,0.0590428251890267,0.09781736926215838,0.03405558308476355,0.06774317706903296,0.08686002462742032,2.271666751846571,4.919453974454179e-05,0.00013041918871829167,0.00022011567164674655,0.0002210232691829491,0.0009145259278654663,0.0016943145385749005,0.0017264036243393858,0.005488989464300446,0.0034791487684128855,0.0034860552063019656,0.009568237729369447,0.0011597827392432333,0.004589138039406354,0.007544663878276064,5.160469831445151
0.3,0.9,0.04804016377666624,0.06721923743061495,0.0647961259151983,0.06438875165463552,0.07531269736026429,0.1788635076024641,0.16763685543620063,0.2524354694038839,0.1782870770970344,0.17770438618157075,0.21269600954290419,0.112824285259162,0.25675462744483973,1.4420615895947666,19.5558438539505,0.0067239146716245235,0.011132360747214964,0.017438859823682464,0.01744264059829179,0.02454135890895457,0.05012629705382757,0.05059894223840131,0.09061657966196159,0.05734012395069197,0.05737405874614511,0.08437050273621327,0.04490743957286976,0.08708347375069984,0.2557933159824688,0.8167712408085964,4.521102851128752e-05,0.00012392945580613253,0.00030411383195004635,0.00030424571104117697,0.0006022782970981239,0.0025126456563285622,0.0025602529556450716,0.00821136450963263,0.003287889814680719,0.0032917826170061103,0.00711838173196137,0.002016678128990949,0.007583531400488829,0.06543022050130713,0.6671152598120142
0.3,1.0,0.04707448173835316,0.06914299045471994,0.07150056069623581,0.07107107641208814,0.08388102503996075,0.1918474346061776,0.18071275791918096,0.2953376901100594,0.19259209638818237,0.19198413030095515,0.24237691084669102,0.10902930804363142,0.2512677287405686,1.53608147550481,18.613658094406127,0.003651544090057892,0.008289518716403413,0.013031834568847243,0.013031717414641382,0.0207112574479614,0.03095499814570648,0.031197215311775984,0.059632337028855585,0.04300714308449724,0.04302295791232949,0.06515313801119708,0.021710528652320253,0.043415270516336264,0.19410416665480573,0.8927317391046744,1.333377424163672e-05,6.871612054960248e-05,0.000169828712229802,0.00016982565877506745,0.00042895618507573667,0.0009582119102006916,0.00097326624320931,0.003556015619523021,0.0018496143562904187,0.0018509749075260745,0.004244931392706094,0.0004713470543632186,0.0018848857140066572,0.0376764275127566,0.7969699580048565
0.4,0.0,0.05830062035627039,0.06390535105880513,0.054776754157037234,0.054458710036184646,0.06436663052519087,0.18189629351731287,0.1731803558577715,0.22831342515271688,0.16687148928025122,0.16641086459528084,0.204306422495727,0.08532994482689851,0.1760940769994188,inf,10.11474826335907,0.009735209373212796,0.012627867876681274,0.021688136181320136,0.02169714822139152,0.02872377494745288,0.0665213243011121,0.0671906147297928,0.11439826093909254,0.05681259550291883,0.05686465042379785,0.07530389874805653,0.11382923228397297,0.23177106658205152,,7.954532422054066,9.477430154029028e-05,0.0001594630471109188,0.0004703752510194876,0.0004707662409410331,0.0008250552472319218,0.004425086586773727,0.00451457870776745,0.013086962105888706,0.0032276710077782734,0.0032335884678207326,0.00567067716665755,0.012957094122358676,0.05371782730458176,,63.274586053509324
0.4,0.1,0.06280886747358576,0.06978498212629367,0.06286382125901371,0.06251419774817171,0.08014852996941604,0.1886755016316497,0.17906066501620158,0.2586767510396652,0.18593363857046669,0.1854383177533369,0.24200318951654745,0.1544092644063959,0.31999759089825147,1.7483255539418068,12.914407181739808,0.01618166718841485,0.01857517749276753,0.03360857715868267,0.03358123176560026,0.046086296529602805,0.09943580254174836,0.0995624081506435,0.1475979536774889,0.10626820653389737,0.10626685621950406,0.15665040811158792,0.08740030313932981,0.14026331388550906,1.0315562437146504,7.756513088617826,0.0002618463529966218,0.00034503721888781745,0.0011295364586311268,0.00112769912689496,0.0021239467278144795,0.009887478827121569,0.009912673116755324,0.02178515592978216,0.011292931719931069,0.011292644730776747,0.024539350361527053,0.007638812988846743,0.019673797222144834,1.0641082839466791,60.16349529389965
0.4,0.2,0.05818067643483467,0.06583736061899474,0.05868402129723136,0.05824965410240892,0.07153869937949442,0.16418598596224843,0.1526791709406871,0.211273007963685,0.15537396114330687,0.1547272948323258,0.1966778625430531,0.21608069453457524,0.37197057251024734,0.9067332987866316,16.06107680797577,0.012172795867556398,0.01552199857115351,0.028212058362662593,0.028248387794062357,0.03904274041811159,0.07257845451891412,0.0734211627054886,0.11425590080464773,0.07779474138836516,0.07788658217243445,0.10629712476140744,0.042000518421456495,0.11387312226091106,0.28144533674827743,0.735329216988854,0.00014817695923319813,0.0002409324396428916,0.0007959202370582803,0.0007979714129637311,0.0015243355793560446,0.005267632060354086,0.00539066713302583,0.013054410868681502,0.006052021787682615,0.006066319682503383,0.011299078732542218,0.0017640435476711067,0.0129670879734484,0.07921147757735128,0.5407090573574411
0.4,0.3,0.06265879641620205,0.07175502050290118,0.0656671105780997,0.06521248886414761,0.08672115141452949,0.1787041731072993,0.16714723969055081,0.24735335245476686,0.17371895028714412,0.17304940816511588,0.2424582801454945,0.2012539280762951,0.337339787516486,0.6904474484179052,14.602953934669495,0.010220920513539894,0.013013413526429908,0.01967651628592622,0.01968902247612166,0.029506081349954062,0.058807163354725335,0.05946340092118723,0.09779598094134136,0.06630770254649287,0.06635932701846645,0.10401690931981282,0.0650219145364617,0.11640932515590659,0.20954988871191488,2.944949433834766,0.00010446721614410062,0.00016934893160986888,0.00038716529315031985,0.0003876576060652239,0.0008706088366301069,0.0034582824618293504,0.0035358960491138508,0.009564053888279201,0.004396711416994177,0.004403560282343771,0.010819517424446163,0.004227849369986929,0.013551130983253588,0.04391115585917591,8.67272716784371
0.4,0.4,0.06219889197837429,0.06951769712258903,0.061544081765930125,0.061043014615310545,0.08159385179936729,0.16741609077552638,0.15584566798578176,0.22297874791668848,0.17845899647570906,0.1777240051921453,0.2485793380214046,0.20264133462098818,0.3728405867378206,0.5402156708256072,15.441897320747376,0.014477916738254012,0.018633136519073293,0.02877209720851961,0.028798767044151945,0.04571592513350525,0.08422973038827253,0.08508224327598453,0.13366960238661504,0.0991743262326051,0.09927828768538148,0.1547253267798251,0.06290125890147674,0.11530821826514966,0.23496533713982692,1.0026324039623549,0.00020961007307981568,0.0003471937765384228,0.0008278335777765019,0.0008293689832633321,0.0020899458108122573,0.00709464748128108,0.0072389881208738144,0.017867562602195766,0.009835546983691183,0.00985617840574137,0.023939926747123655,0.003956568371390607,0.013295985199483391,0.055208709657232534,1.0052717374753308
0.4,0.5,0.06343127257929952,0.07505421925489818,0.0654804419283838,0.06497152526693636,0.08827836519793317,0.1832472064311334,0.1718448220130761,0.25967567806249714,0.207735336510034,0.20701868057865144,0.29495166025798947,0.18961219874566695,0.3794559924848019,0.5583620910686312,14.640060114860535,0.016283298352047382,0.01979733338960898,0.02947087030448315,0.029454238478757788,0.04656137246331044,0.07732923879322635,0.0781300807109525,0.12605003822594207,0.0998483116396021,0.09989151929721432,0.16026645114054192,0.11517162865865027,0.18555760610512728,0.24656443805684444,3.2337692091326895,0.00026514580522178904,0.0003919344093393267,0.0008685321965036667,0.0008675521643635359,0.002167961405667124,0.0059798111723398245,0.006104309511899951,0.015888612136761456,0.0099696853372791,0.00997831562750574,0.025685335361183708,0.013264504047886032,0.03443162518346557,0.06079402211428748,10.45726329793466
0.4,0.6,0.046244304537100524,0.05527139596955194,0.04146100189558477,0.040968029959890316,0.04466390052259945,0.12933369253831753,0.11759790889012108,0.16340294848895606,0.12280008612615627,0.12205754387679857,0.1397792878968894,0.2028766262022838,0.42223793654792285,0.5742386476163341,16.478888940811157,0.007385253626253866,0.012867935469077522,0.022156526312914482,0.02217476928368784,0.028550714350535952,0.06142215621925441,0.062034920367504395,0.1003813063798365,0.07097341573877748,0.07104278556083851,0.09574560192349758,0.08375749013108913,0.1454548933005236,0.28619951648263375,4.832662941002068,5.454197112409588e-05,0.00016558376323634337,0.0004909116582548717,0.0004917203927847858,0.0008151432899258996,0.003772681274622493,0.0038483313450026115,0.010076406670522604,0.005037225741629347,0.005047077380243285,0.009167220287692865,0.007015317153059492,0.021157125985066708,0.08191016323489334,23.35463110133476
0.4,0.7,0.06189615073405913,0.07968378921543062,0.07858570009187912,0.07811309468710925,0.10540359830993215,0.2004848974828124,0.18941304119135421,0.2970641428420362,0.22501488837713043,0.22435452089671065,0.31416578205749124,0.09444581028167634,0.22040814761704777,0.9891727886318264,16.965275955200195,0.005627868530570206,0.007122757408967621,0.011684034095287052,0.011700517423040315,0.020236034566009257,0.025074182074552673,0.025361212263752254,0.02747552174184244,0.04273095232122246,0.042790401630840476,0.06877422911951579,0.02183139341820671,0.04580940791444521,0.21168853491042106,2.2464393944755305,3.167290419738245e-05,5.073367310700313e-05,0.0001365166527398303,0.00013690210796686998,0.0004094970949567214,0.0006287146067078187,0.0006431910874870977,0.0007549042949864566,0.0018259342862785874,0.0018310184717286355,0.0047298945909836545,0.00047660973858051924,0.0020985018534720352,0.04481203581252056,5.046489953051588
0.4,0.8,0.05292910550996133,0.07133508979386236,0.067628155578802,0.06714949950972351,0.08416133947356834,0.1735180922750002,0.16226818449827923,0.24757044155872912,0.1990634918651214,0.1983864759476378,0.26754828270798714,0.10295673577995408,0.2389288873302932,1.008812785245636,19.858931875228883,0.005674993173745308,0.009199495444032015,0.014455415677365618,0.014475804218803448,0.023752435240596528,0.03537764200274636,0.035734638410542176,0.06053151975002946,0.0530020217559132,0.05307621878068677,0.08604901490258249,0.014818876817170543,0.031149548945435375,0.16466288277908586,2.0215834152516887,3.220554752205584e-05,8.463071642476579e-05,0.00020895904240542766,0.00020954890778112771,0.0005641781798587318,0.0012515775536744832,0.001276964382332196,0.003664064883248207,0.0028092143102142965,0.0028170850000553264,0.007404432965704862,0.00021959911012247457,0.0009702943995040742,0.027113864965118972,4.086799504820682
0.4,0.9,0.051145050710266815,0.07105537605035822,0.06687186106617457,0.06642930847951989,0.08252767886286713,0.1726538029392897,0.16139305662794773,0.2568036824491361,0.18957752929653246,0.18895005749462948,0.24712154740646178,0.10665746432725291,0.24624671054322014,1.0612382899393689,18.886145520210267,0.004755253798444697,0.01099092174923898,0.014694635319180246,0.014712498378699474,0.025338792965433572,0.020253701422367907,0.020427383768129727,0.03267198201637306,0.03872991022302875,0.038750227401191606,0.07148027578086637,0.022413690632343827,0.045623696321777346,0.1600128633480706,1.1589192732132758,2.261243868762272e-05,0.00012080036089789446,0.00021593230716369954,0.00021645760854323466,0.000642054428945106,0.0004102124213064278,0.0004172780076104498,0.0010674584088782044,0.0015000059458838665,0.0015015801236440609,0.005109429825708712,0.0005023735277624174,0.00208152166606176,0.025604116436848318,1.3430938818251876
0.4,1.0,0.04502503962781585,0.06589199666225813,0.06072160492076575,0.06030384472368411,0.07245667633031312,0.16639360996848646,0.1550645951117812,0.24477119128472663,0.17855642756454249,0.1779622904584765,0.22485331776993367,0.10779603712757915,0.24930916626843427,1.0916425890814205,17.79205675125122,0.0046083040611036834,0.007327579172192142,0.010766204157888579,0.010784556575575163,0.017269588352137946,0.02521766472961906,0.02546637942634823,0.042071822125969306,0.04520545909327399,0.04525808540337753,0.06917593753591535,0.00945261062025863,0.019529180664232915,0.09730097389595024,1.3509337425645727,2.12364663195847e-05,5.369341652474409e-05,0.00011591115196933732,0.00011630666053178147,0.0002982386818522986,0.0006359306144154731,0.0006485364810867323,0.0017700382169992003,0.002043533531833668,0.002048294294379414,0.004785310333972862,8.935184753822624e-05,0.0003813888974162488,0.009467479521100391,1.825021976799523
0.5,0.0,0.060915509632342615,0.07054684424541377,0.0666510207697896,0.06635173692387218,0.08346929253980868,0.2086220619693337,0.19919733368694342,0.26994539670977274,0.18916925016735267,0.18874327792144419,0.24022659558209675,0.08297033228819593,0.16560449776225514,inf,12.69347059726715,0.01347574111057808,0.01808403471517868,0.03464120674458184,0.034626187865267326,0.04812604821877047,0.07565374602663433,0.07368815601416114,0.10438522365045033,0.08865263711605832,0.08865525550491862,0.1309134700927455,0.13704063322646817,0.27081630777311316,,7.347344756678615,0.00018159559847932415,0.00032703231157978763,0.0012000132047208626,0.001198972886080786,0.0023161165171554205,0.00572348928786249,0.005429944336767353,0.010896274916554535,0.007859290067631522,0.007859754328642405,0.01713833665172417,0.018780135155111375,0.07334147255586154,,53.98347497349274
0.5,0.1,0.06602790109304693,0.07746357965075376,0.07484444816612487,0.07444684190714453,0.09521025041556468,0.2085232121745056,0.19727539892128254,0.27654483476786684,0.21310933270753846,0.21254274938728296,0.28781687302330683,0.0952380952380952,0.21854139457518248,2.7115795823745015,17.977513241767884,0.014037743266111763,0.015837038762229725,0.023579518778666403,0.02361468304208049,0.03744758285240205,0.051137655915939426,0.05158764246205397,0.08001299582867395,0.0834961952264991,0.08359022575774959,0.13340825475601378,0.0,0.011083241146507215,0.36544872248466254,4.954956028160033,0.00019705823600526615,0.00025081179675636686,0.0005559937058334816,0.0005576532551779239,0.001402321461487516,0.0026150598525770145,0.0026612848547927135,0.006402079501479394,0.006971614617301652,0.006987325842231543,0.017797762437045474,0.0,0.00012283823431163057,0.13355276876567188,24.551589240999448
0.5,0.2,0.06265157035710507,0.07399134427414197,0.07267839732154137,0.0722775573318817,0.09375371465590843,0.18350163598266644,0.17240822362852976,0.23492405230655944,0.19938832404708448,0.19881443897105583,0.26790796293764385,0.18312334950403364,0.296280086133773,1.290042729709052,17.622864842414856,0.014668433312476121,0.01849042531063794,0.025474955966485135,0.025472291912079285,0.042431077792840936,0.06274238415983006,0.06309514754481586,0.10548986414347201,0.08351900118286043,0.08355819652506438,0.1338997844576614,0.04193357468906042,0.10496956364656776,0.3101544978341701,1.243017298756468,0.0002151629358425592,0.00034189582816828015,0.0006489733814943567,0.0006488376552541798,0.0018003963626621192,0.003936606770059695,0.003980997643702084,0.011128111437008183,0.0069754235585826425,0.006981972206521281,0.017929152277808183,0.0017584246862030087,0.011018609292150839,0.09619581252676622,1.5450920050078263
0.5,0.3,0.06507666449000213,0.07642793266951778,0.0727341312538495,0.07226853195661972,0.0968230152996836,0.19910695215172663,0.18793822599596238,0.2677337184618354,0.21948409440933986,0.21883374524382,0.30636992043454975,0.1748026113534021,0.2681407366255939,0.9096352741877274,17.660620856285096,0.013410197087321486,0.015472298536809821,0.022642675918941767,0.0226100768959572,0.03591813188144897,0.05223371577986866,0.052711182906982894,0.09054894496463163,0.07387783456386092,0.07385910329128065,0.12361272770514997,0.04797246997912333,0.0763253470825968,0.17014063882641484,1.5197687000778908,0.00017983338592080566,0.00023939202201216732,0.0005126907727702254,0.0005112155772410976,0.0012901121978531607,0.0027283610641721007,0.0027784688034534055,0.008199111434207887,0.005457934439845204,0.005455167138992065,0.015280106450707551,0.002301357875897889,0.0058255586072788685,0.028947836980260544,2.3096969017364417
0.5,0.4,0.05777507201782643,0.06813935486964061,0.06124282053053133,0.06076165297919493,0.0840461020820781,0.1467357295415303,0.13504995640013265,0.1896551610167153,0.17196812840467873,0.17126083243888232,0.24458201372859478,0.24877345417704885,0.40920242636000415,0.5340430958581913,16.624120831489563,0.015244169179117103,0.022039321651383986,0.03748101101432107,0.03749608162311428,0.056978037172777114,0.08714542054496018,0.08811868758686675,0.12436910013747711,0.12280227528014241,0.12290241850422602,0.18829465427613296,0.13455158668379075,0.2148896733403418,0.3371407869657788,0.7329530154409952,0.00023238469396154383,0.0004857316988531629,0.0014048261866556572,0.0014059561370872488,0.003246496720062371,0.007594324321957966,0.007764903102031823,0.01546767306900581,0.015080398813979875,0.01510500447418792,0.03545487682896844,0.018104129479125652,0.046177571708318814,0.11366391023590466,0.5372201228440479
0.5,0.5,0.0597191820756822,0.06940558562463117,0.06431698118903978,0.06379998212577831,0.0844435445375575,0.16624709055340003,0.15489655667844904,0.21944117364742083,0.1834325041644866,0.18268463690716452,0.25894974570354456,0.18404500344168837,0.35580979342674085,0.5822120117060636,15.628032231330872,0.012401378743208492,0.015337893870698928,0.021505064465301295,0.021481209527075017,0.03981342191155189,0.053708622843493266,0.0542347075468591,0.08722996930049565,0.07735687024372845,0.07736572964129117,0.13689193736399444,0.06063588144117876,0.08594710287945578,0.20353070659176578,0.6890208442689633,0.00015379419473250346,0.00023525098838882375,0.00046246779765676447,0.0004614423627460984,0.0015851085643072405,0.002884616167744607,0.0029414035026933353,0.007609067544165414,0.005984085373905041,0.005985456122929358,0.018739402515267775,0.0036767101181486867,0.0073869044933717555,0.041424748525743446,0.4747497238371149
0.5,0.6,0.04910452385540047,0.061162558076542604,0.04883885135314718,0.04836359489932722,0.05934537254076042,0.1301152286085546,0.11847412469140739,0.16844590023380476,0.1337636476333555,0.13305293373334653,0.17602857702930813,0.18805978663521764,0.3837900537737493,0.4820895313125465,15.88935227394104,0.012205817749761419,0.01581867163349082,0.026100092169563757,0.02609539306943339,0.03839209869976733,0.05645889202676201,0.05706825593624799,0.08300502974876481,0.07739377113975134,0.0774273346637076,0.11822017207452903,0.08092373726910382,0.11078490394409317,0.18571259505316015,0.3512835101878921,0.0001489819869403909,0.00025023037224820713,0.0006812148112597233,0.0006809695394482322,0.001473953242572676,0.0031876064888895716,0.0032567858356051037,0.006889834963593332,0.005989795811232207,0.005994992153125777,0.013976009085331254,0.006548651253598942,0.012273294941901951,0.03448916796137905,0.12340010452992692
0.5,0.7,0.05646758811127506,0.07142548245081341,0.06576747270154171,0.06526151041826025,0.08460066106242607,0.16841109015211247,0.15723962814690368,0.22436851403472674,0.1956684135840473,0.19495135922630355,0.2723352161399895,0.12463976404774972,0.2815486637179735,0.6935482867018217,14.505417418479919,0.007114875712493106,0.010688940263708657,0.01888657378144482,0.018895073046653874,0.030507524849588376,0.0442624166383516,0.04476097017254249,0.06573960640524455,0.06285373936967409,0.06291093274502979,0.10620623247975655,0.04056353539437296,0.0792024038607456,0.18738809462524617,3.1619745593764845,5.0621456404224285e-05,0.00011425344396113208,0.0003567026692019588,0.0003570237854383857,0.0009307090724482523,0.0019591615266670243,0.0020035444507872386,0.004321695850316471,0.003950592552750919,0.0039577854588496615,0.011279763817544095,0.0016454004036905482,0.006273020777320651,0.03511429800728021,9.998083114144114
0.5,0.8,0.05050519516723741,0.06829781409867257,0.06357600033275725,0.06311071479476817,0.07775294724912754,0.15864473454242983,0.1474162159438123,0.20857459491149988,0.18639739440754632,0.18573602896608513,0.24262088973563783,0.13019145176396113,0.2909075717875151,0.7564697314852225,16.5173335313797,0.00900289525777433,0.016708750084236848,0.022068290349779692,0.02208293932473589,0.03795965923763403,0.0511701645031811,0.05170765233590331,0.07488742091572125,0.0813253741747002,0.08139069457816271,0.1334698679587109,0.0535728214998299,0.10335915259427501,0.19436491627963445,0.9490335923672975,8.105212302245551e-05,0.0002791823293774849,0.00048700943896217954,0.00048765620921996687,0.0014409357294372946,0.0026183857352826147,0.002673681310090647,0.005608125811408403,0.006613816484654995,0.006624445163915766,0.017814205652915728,0.002870047203452637,0.010683114425006628,0.03777772068038931,0.9006647594415776
0.5,0.9,0.04742139716410166,0.0623856715681866,0.05932780999371292,0.05886448385235858,0.06849668517296643,0.1497107757097916,0.138331094076959,0.2183194701519354,0.1545888834502508,0.15390966436359563,0.19118451336591485,0.13386893475872644,0.3003490445463361,0.7098211141494647,13.82613832950592,0.0039257835535736535,0.00926483752616703,0.015334830917128396,0.015362599856400488,0.026958966874097483,0.031244385189736535,0.03163638781820513,0.033516610499158765,0.052615364561756695,0.05269452264148208,0.07998093050312867,0.03897507830617038,0.07513712487727797,0.15341496214707134,4.184574316586791,1.541177650950938e-05,8.583721438627281e-05,0.00023515703925691694,0.00023600947434787632,0.0007267858949186854,0.0009762116058846278,0.0010008610341838782,0.0011233631793523195,0.002768376587966562,0.0027767127164136677,0.0063969492441462985,0.0015190567289721127,0.005645587534823665,0.02353615061058733,17.51066221103781
0.5,1.0,0.04183119578849432,0.05933099433068466,0.05432871852283579,0.05390684299364708,0.05912275696189506,0.1280966594260192,0.11656399102753978,0.17276681204451608,0.1554850539150084,0.15487407334133174,0.183076808541825,0.15540124482514503,0.33772117347109304,0.7078800965701022,13.84979796409607,0.005395722783613951,0.011927613240324347,0.019059040665567635,0.019089443747183906,0.026202848572723467,0.038372173384724345,0.03867359663665252,0.07427284428539993,0.057943599340944923,0.058008125869088954,0.08543555242700601,0.07275057555905168,0.12520742677393779,0.14643765671345427,3.548954827871919,2.9113824357610688e-05,0.0001422679576107607,0.0003632470310917608,0.00036440686257689875,0.0006865892733250763,0.0014724236902673472,0.0014956470768145008,0.005516455398243265,0.0033574607045839533,0.003364942666844067,0.0072992336185076934,0.005292646244173287,0.015676899719350993,0.021443987303727475,12.595080370275404
0.6,0.0,0.06085132838872548,0.07739712058543238,0.07451821621310692,0.07418391529912895,0.09525966427422353,0.20686405375974443,0.1957990696517182,0.2517487874635903,0.22844320308200888,0.2279805868617247,0.30132060812504957,0.0,0.0,inf,14.865967512130737,0.010678777208444169,0.013519713548704765,0.019763001836092985,0.01980250956901052,0.033015218893715545,0.04145805299037805,0.04192481004027505,0.053038708127176086,0.08054088194660905,0.08061558751787759,0.12076558385879159,0.0,0.0,,0.48858568746579834,0.00011403628266758663,0.0001827826544390312,0.00039057624157341466,0.0003921393852307532,0.0010900046785999517,0.0017187701577529948,0.0017576896969131474,0.0028131045597997745,0.006486833664737616,0.006498872950852581,0.014584326244754824,0.0,0.0,,0.23871597399642674
0.6,0.1,0.062026023288815325,0.07664490456616888,0.07609088249527199,0.07574052255829242,0.09733944409460923,0.19853982893597874,0.18740019899075805,0.2411376631617636,0.21915007478367393,0.2186565961734277,0.29198944621661094,0.08,0.1898989898989898,3.018370739858458,14.760644102096558,0.005424833587382745,0.008667085796814978,0.012307348139785177,0.012335191571336385,0.020621718569376182,0.027969486660776272,0.028271602289671523,0.04337968375819775,0.04284458617845987,0.042914649260286625,0.0649595651169749,0.0,0.0,0.39858459185073336,0.9126231154871798,2.9428819450795943e-05,7.511837620935191e-05,0.00015147081823387365,0.00015215695110156821,0.0004252552767545544,0.0007822921840673417,0.0007992834960253601,0.0018817969629612455,0.0018356585648034742,0.0018416671211334194,0.004219745100186503,0.0,0.0,0.15886967686081568,0.8328809509215264
0.6,0.2,0.05811322257403166,0.07196610638658459,0.06696701970731567,0.0665501477813924,0.0834040964499485,0.1718602144944023,0.1605003829822192,0.20952912895451842,0.18783250172518823,0.18722565941679908,0.24489182550880195,0.1935626779723164,0.3095762715477762,1.4963212825417056,13.891461300849915,0.008245814373788999,0.012540983578282573,0.021245457241198654,0.02130893374106448,0.03030413680454794,0.03910633957953047,0.03957511629469722,0.06035061383995981,0.05706431117258097,0.05718647129839445,0.08033535458316884,0.010010971022328143,0.04697660468815613,0.20877886900779521,2.846916809476839,6.799345468698526e-05,0.0001572762691107532,0.0004513694533876003,0.00045407065718107615,0.0009183407074687571,0.0015293057953095512,0.0015661898297388095,0.0036421965908599485,0.003256335609601149,0.003270292499562092,0.006453769196003468,0.0001002195408098938,0.0022068013880272926,0.043588616144174114,8.104935320081786
0.6,0.3,0.060813115544762195,0.07479632260985863,0.07182881222290045,0.07138861751910044,0.0940442855748003,0.18656898262945337,0.17544594022048857,0.2325638301494292,0.20578959807466193,0.2051654386146819,0.28571883285731275,0.21145611942344647,0.3146824903882254,0.9806078768085292,14.606297779083253,0.010112363454800691,0.012514919874072892,0.016141274226639763,0.01613166171760736,0.029721964259154004,0.047440643568116315,0.04793642035637089,0.06948245143431976,0.06402818100883154,0.06402929150959255,0.10855661120585566,0.048998370917846895,0.10283968002802989,0.14349449269626421,0.9686089588879925,0.00010225989464198857,0.00015662321945446463,0.00026054073365958504,0.0002602305097713189,0.000883395159422428,0.002250614662157056,0.0022979003965826893,0.004827811057322604,0.004099607963299695,0.004099750171220381,0.011784537836499307,0.0024008403526029043,0.010575999788267568,0.020590669434158226,0.9382033152380806
0.6,0.4,0.05898835025051635,0.07373530918724015,0.06679828294818077,0.06630867217083343,0.08874829344997656,0.1660866937113618,0.1548428189590148,0.20092074089097517,0.20221506036626416,0.20151952421913086,0.29435803233933133,0.22069239666497556,0.3190995819551583,0.6886103257667437,14.958866596221924,0.011502881689519975,0.015465893172121065,0.021230550401837477,0.021227262519383765,0.03648715033452862,0.05426602230456662,0.054809834845629915,0.07427330661893983,0.08045795308907287,0.08051236362181484,0.1295196632733608,0.06140330213515683,0.08785236848387502,0.1737156791035256,0.48675949975460975,0.00013231628716309392,0.000239193851611461,0.0004507362703649615,0.00045059667406683484,0.0013313121395344923,0.002944801176759722,0.003004117995805227,0.005516524076111052,0.006473482215283452,0.006482240695971333,0.01677534317444477,0.0037703655131013556,0.007718038648226557,0.030177137166399075,0.23693481060135793
0.6,0.5,0.05957289002477058,0.07344216259441225,0.06723397923468268,0.06673131084040473,0.09064061954326835,0.15658514589903025,0.14523246721223554,0.19419573800708434,0.18303589915858648,0.18230207483628208,0.26564508154181216,0.20630958697085028,0.37152517831328497,0.5835397297787883,15.042947578430176,0.010053244969016727,0.013559581810123752,0.01981891623961534,0.019832319772837156,0.031206090427777333,0.04715529771363419,0.04773409783085,0.06648911835158904,0.06476889780480963,0.0648487560680061,0.10529256949814632,0.07000617833361354,0.11606973732453625,0.181451377138548,0.3098233526591872,0.00010106773440706012,0.00018386225886543895,0.0003927894409128887,0.0003933209075720677,0.000973820079786616,0.0022236221024614744,0.002278544095725159,0.004420802859171614,0.004195010122849873,0.004205361163567758,0.011086525191521972,0.004900865004877702,0.013472183922586842,0.032924602265475576,0.09599050985297906
0.6,0.6,0.05848975079461712,0.07819087797847135,0.07710065715422057,0.07663145085939461,0.10513103996636093,0.1844665857756394,0.17355334028897876,0.22728615574557334,0.23510413489746912,0.234460418148851,0.34204235011881756,0.12888497145761948,0.2861220813170018,0.6798791687878583,15.089984965324401,0.004873489433990625,0.005317104091363685,0.010650339998579169,0.010643714172812055,0.020378520192548558,0.019397101706841356,0.019624655603276208,0.022908206570218668,0.046079060129469336,0.04609105126962511,0.07670702007114535,0.030008134326728674,0.05721880459484543,0.11123723320879667,0.1875429003240038,2.375089926321826e-05,2.827159591839644e-05,0.00011342974208533532,0.00011328865139252021,0.00041528408523810924,0.0003762475546255478,0.0003851271075472003,0.0005247859282638097,0.0021232797824152507,0.00212438500713921,0.005883966928195097,0.0009004881257709918,0.0032739915992631044,0.012373722051948217,0.03517233946193923
0.6,0.7,0.05240100136053821,0.06760036430973883,0.06590472931895806,0.06540659680020706,0.07985854028515352,0.14972606107129993,0.13847080706168816,0.18993040417189289,0.1764094800919114,0.17569090994840292,0.2364238084644868,0.14226469067137124,0.31769224824979375,0.5655705576033587,14.693879413604737,0.006728488697038455,0.008377235219005316,0.01063397373473175,0.01060193425081521,0.01894993344749884,0.02835412323545539,0.028684889363959628,0.03762597560792568,0.04309628641654852,0.04309434996087231,0.07097174073008591,0.03224181850865293,0.06295688706829572,0.0988962694575667,0.8107380853722838,4.5272560146174246e-05,7.017806991454305e-05,0.00011308139739096475,0.00011240100985860864,0.00035909997766463516,0.0008039563044513913,0.0008228228778226042,0.0014157140404482181,0.0018572899028971848,0.001857122998550135,0.0050369879822585355,0.0010395348607449147,0.003963569629330141,0.00978047211262364,0.6572962430731164
0.6,0.8,0.043102228130809224,0.05339398674833471,0.0432345332496131,0.04275090463979958,0.04565396617812244,0.1049997356807458,0.09330742491605024,0.12771807526816387,0.10953482737858437,0.10880335042641849,0.1273990016538726,0.19698332956492734,0.41630527706669734,0.4530696340085381,14.946694684028625,0.007898657835411526,0.013940522432097278,0.021250923352886395,0.02125377884645918,0.02920547507246359,0.04003338566120658,0.04045056209923144,0.061715821364364626,0.0607436197652323,0.06078542875962662,0.09369473222786827,0.06460167748173919,0.11504619758274197,0.14082956681548772,0.6586777889762667,6.238879560090791e-05,0.00019433816567980742,0.0004516017433502524,0.0004517231152541958,0.0008529597742082921,0.0016026719674989004,0.001636247974143779,0.003808842606678165,0.00368978734218312,0.003694868349491643,0.008778702847251936,0.004173376733454648,0.013235627578247304,0.01983296688943792,0.4338564296906633
0.6,0.9,0.04191877663249599,0.05260625133189234,0.04138705671015559,0.04091366181308784,0.03927328257792756,0.10208077685431682,0.09038728866431803,0.11998639957711496,0.10747614542948428,0.10676256321848224,0.11734448774813791,0.19717757346818937,0.4154269550073525,0.4438914797361816,14.717801594734192,0.005097228012304556,0.00891520399881169,0.010808928725607929,0.010811082497312432,0.015726695903172896,0.025436479140139384,0.02567081469626562,0.05526762574056163,0.02995334469123948,0.029973490591031826,0.049992187044532316,0.07237721156195066,0.12527150038030935,0.11664816805200895,0.8818341137830139,2.5981733409422258e-05,7.948086234042795e-05,0.00011683294019527223,0.00011687950476369523,0.00024732896403087515,0.000647014471046746,0.0006589907271700071,0.00305451045499879,0.0008972028581922043,0.0008984101382106734,0.0024992187654955048,0.0052384607534833654,0.015692948807533844,0.01360679510988972,0.7776314042314735
0.6,1.0,0.03933731193168684,0.05401407674118484,0.047401052608548114,0.04697023608439449,0.04966642583466247,0.11793934077213883,0.1064157619405651,0.1558764776226545,0.13249434019191392,0.13185980689358306,0.14895185606952555,0.16754605908895098,0.3641253735645192,0.47805397409163647,14.786766290664673,0.006397639399660645,0.009061445910872797,0.014866576051641807,0.014867088944075901,0.01974978328140678,0.03544864215489053,0.03578409464780009,0.060149934062468,0.05574661511120521,0.05578098490383819,0.07385878308349896,0.052570568231967756,0.0928940187078013,0.08616082415555254,1.2755170652296066,4.092978988809022e-05,8.210980199567332e-05,0.00022101508349924967,0.0002210303336710639,0.0003900539396625347,0.001256606230625482,0.0012805014297627146,0.0036180145677192476,0.003107685096356853,0.0031115182768422242,0.005455119838575351,0.0027636646442319775,0.008629298711685338,0.0074236876191640455,1.6269437836919487
0.7,0.0,0.04933822593577394,0.06613447860972829,0.06338578629656078,0.06300138917408324,0.07717010088396024,0.167417844981687,0.15624083481366066,0.1608732487607975,0.16961865546993332,0.16905862418897838,0.22277469212558065,0.0,0.0,inf,15.160753464698791,0.01063485483365737,0.014337873604099983,0.01952169014411149,0.019535518573020636,0.03604384230796243,0.042829315368490495,0.04322833391323407,0.059615680582007655,0.06322726913034533,0.0632674532513521,0.10902372176152265,0.0,0.0,,0.13020621437307775,0.00011310013733296553,0.00020557461948714705,0.0003810963860826997,0.00038163648591683425,0.0012991585683212628,0.0018343502549336159,0.001868688852914063,0.0035540293712559646,0.00399768756168112,0.004002770640912023,0.011886171906733908,0.0,0.0,,0.01695365826136788
0.7,0.1,0.05423463027132038,0.07075481346998873,0.06771487675425854,0.06731135384368424,0.08572039348555907,0.16768966964863524,0.15645255820446774,0.16620968972449654,0.19097542659286057,0.1903925932138968,0.2601374953720931,0.06645161290322574,0.15974173553719004,2.854626880041301,15.123167276382446,0.008735090193158464,0.015928435586894305,0.020763043525942434,0.020826532071502944,0.03531283522926635,0.04365642214944686,0.04409538030638321,0.06207902664949378,0.06520208439600136,0.06531125954594322,0.11184316399116508,0.0006800597118641673,0.0015354034093792936,0.4617845757033388,0.42989751774437396,7.630180068261317e-05,0.000253715060245841,0.00043110397646018,0.0004337444381253407,0.0012469963319293148,0.0019058831948907144,0.0019444025643645677,0.003853805549748559,0.004251311809583284,0.004265560623477559,0.012508893331554645,4.6248121170077423e-07,2.3574636295335587e-06,0.21324499435751262,0.1848118757627743
0.7,0.2,0.05789963934499985,0.07517785273442823,0.06864080501589095,0.06822248904469555,0.0924901136756126,0.17368409405571425,0.1625597164198663,0.185301554692288,0.2023216948814135,0.20172913384907948,0.2872789827303175,0.1666666666666666,0.2946087505845251,1.6810177974055187,15.121196675300599,0.0058428869000234545,0.009326004408410384,0.008798804213718519,0.008791212537476086,0.02161493812374112,0.025409356147383,0.025661234858530568,0.03634875618604229,0.04088087857718644,0.040885041869474004,0.07254720008474973,0.0,0.03852856413171499,0.12398178746516672,0.12749713786644676,3.413932732646569e-05,8.697435822568991e-05,7.741895559135076e-05,7.728541787907672e-05,0.00046720555009315733,0.0006456353798245502,0.0006584989744646643,0.0013212320762723475,0.001671246233242661,0.0016715866486686425,0.005263096240136712,0.0,0.0014844502540516749,0.01537148362305777,0.016255520164135735
0.7,0.3,0.0580395289697143,0.07561118598868548,0.07329320052262585,0.07286880331210732,0.0976823727126758,0.17462298630592762,0.16355941735905652,0.19412850259604414,0.19803598666027963,0.19742736179387327,0.2819287600296184,0.2193438452802931,0.31512994354192764,1.0669082622717991,15.05839283466339,0.007679471416881441,0.009467280050966198,0.013265507441481325,0.01322714540369983,0.024952430327246776,0.025063830084763036,0.025303993415703364,0.02880927179561122,0.035679633631930587,0.035658803096020826,0.0683503774237586,0.026978782709424803,0.06310509844912006,0.09276257140201362,0.10038649013419346,5.897428124269905e-05,8.962939156342255e-05,0.00017597368767999642,0.00017495737553061753,0.0006226237792361047,0.0006281955785178726,0.0006402920827819592,0.0008299741413934001,0.0012730362561087921,0.0012715502382407845,0.00467177409397025,0.0007278547164823587,0.003982253450273135,0.008604894653113676,0.01007744740146252
0.7,0.4,0.04923809095184521,0.06354934823652797,0.052742669793373644,0.05231986819640786,0.06710493164044604,0.11976208896760063,0.10818502957771167,0.11961696210188963,0.1531039509260786,0.15248143620274987,0.20232322360349167,0.25208296200022484,0.43192880643565906,0.6231354812113974,15.239016437530518,0.0127201226658662,0.019530873118080282,0.02788070020729829,0.027905199161027665,0.04340026416798782,0.06208668895361354,0.06276512568978242,0.07926532373345731,0.08963833358859227,0.08972204020776081,0.13935075015660486,0.07361325304712843,0.1657199393499498,0.24947041873288975,0.07361550074883588,0.00016180152063468303,0.00038145500475455103,0.000777333444049243,0.000778700140216619,0.0018835829298511275,0.003854756945222758,0.003939461002854184,0.006282991546569789,0.00803503084853975,0.008050044499043047,0.01941863156920851,0.005418911024180563,0.02746309829815104,0.06223548982276334,0.005419241950501856
0.7,0.5,0.05250439037577844,0.06636533163312731,0.05878890382493331,0.05829913990039931,0.07611125960500667,0.12913786460366167,0.11770213801025034,0.13590204453264393,0.17076414319354094,0.17005822537657797,0.24440185043591284,0.24276800694061468,0.4040584473527112,0.5951292137756943,15.130943179130554,0.012667509056950276,0.016774345677766467,0.021209539745279164,0.02116184590416103,0.03793602243027605,0.03630958592321737,0.03668256028234173,0.05121781598533352,0.08360275450319851,0.08357716663897947,0.14492032242141442,0.05733389860875915,0.1031900521076819,0.14964880654769522,0.24297025774857037,0.00016046578570791728,0.0002813786729172025,0.0004498445762065766,0.0004478237220714569,0.0014391417978304075,0.001318386029915505,0.0013456102288676348,0.0026232646743074863,0.00698942056052208,0.006985142783399743,0.02100189985072671,0.0032871759296794743,0.010648186853986105,0.02239476530114951,0.05903454615040672
0.7,0.6,0.04570187437930975,0.06154500165791606,0.05326856531690165,0.052797880104124464,0.06527910926532768,0.11842524091089308,0.10693282783043756,0.12328215883184852,0.1368742073028385,0.13617069084109504,0.18447999085822642,0.2343941807134867,0.43148767518979536,0.44761787909673306,15.226093363761901,0.0073328611651788745,0.013575835074005909,0.021016433148702808,0.02103015881272166,0.03384413828187632,0.046944296438441835,0.047458399513104994,0.05735096093885831,0.06313676026034848,0.0631870815403685,0.10052708780128786,0.09378498875562326,0.12124054098625749,0.17690060258285922,0.12206007581915033,5.377085286778848e-05,0.000184303297956609,0.0004416904622938942,0.00044226757968829453,0.0011454256960427658,0.002203766968100303,0.002252299684345484,0.0032891327206104513,0.0039862504961727194,0.003992607273589178,0.010105695381807837,0.008795624115892381,0.014699268778640383,0.0312938231941787,0.014898662108976727
0.7,0.7,0.05078107241964597,0.06700098163977523,0.05951637775765265,0.05903196213629325,0.07310524038507112,0.12836371792689247,0.11704163260134623,0.13367937746059183,0.1651190397173196,0.16441644700791697,0.22377645409253252,0.16748912440610456,0.36683528359613493,0.4644052898601919,14.91720678806305,0.006201666723730908,0.009575996609077094,0.014081420520122553,0.014066231541390459,0.023071658849345106,0.026598477313119016,0.02690709079518912,0.030685220015255435,0.05220317821059352,0.052217142852785156,0.08292753596419808,0.02567277682998823,0.04783765912994982,0.06794524813479662,0.6456616842213551,3.8460670152231255e-05,9.169971105705601e-05,0.00019828640386452854,0.00019785886977600778,0.0005323014420605644,0.0007074789953765069,0.0007239915350605511,0.0009415827273846327,0.0027251718152869857,0.002726630007708172,0.006876976221093365,0.0006590914701623805,0.002288441631033271,0.0046165567440990835,0.4168790104715568
0.7,0.8,0.04129330452407456,0.05417185340271653,0.04275082038605809,0.0422881841089411,0.04609151478461839,0.09333300967334811,0.08164271618397338,0.09432663201117429,0.11370284546156388,0.11300868197278127,0.1375500211561495,0.20187628969574356,0.4230210714191679,0.3382274569551661,14.436740136146545,0.007366207135009875,0.011654104224411276,0.01984815218607516,0.019837036602898102,0.02884938579846746,0.03336459878517771,0.03373668727118401,0.03753038183997576,0.058933761934676025,0.05895645575102101,0.09362813009187182,0.07858534840054507,0.1291027979142173,0.12946790239548503,1.7665566126169854,5.42610075558704e-05,0.00013581814527344074,0.0003939491452016001,0.000393508021184719,0.000832287060948816,0.001113196452095882,0.001138164068033669,0.0014085295610543822,0.0034731882957730687,0.003475863674722098,0.008766226744500474,0.006175656983235052,0.016667532429279232,0.016761937750686837,3.120722265580798
0.7,0.9,0.03682755824234283,0.044843977384275556,0.03120183829518844,0.03074202021859986,0.026956826627768833,0.0780637029251808,0.06623142416870918,0.07896721724680018,0.07854521382901783,0.07784057543300099,0.07456744019260371,0.22869348802801204,0.472750652730744,0.2733724786290027,13.35514256954193,0.005153452838868968,0.004582628531876268,0.012014968881639691,0.012009765420415713,0.010797479332301714,0.02549976415355212,0.0257845132047921,0.034892443401006154,0.03165964199192479,0.03167068419305147,0.039880884223971375,0.06002666724568518,0.10047621175260851,0.07106029274693793,3.5407426591543807,2.655807616244663e-05,2.100048426116644e-05,0.0001443594772267701,0.000144234465453413,0.00011658555993148266,0.0006502379718867817,0.0006648411212080981,0.0012174826064924177,0.0010023329310568472,0.001003032237256,0.0015904849264858087,0.003603200780624214,0.010095469128155026,0.005049565205280519,12.536858578355634
0.7,1.0,0.034690591978683925,0.04671784317086436,0.03642593966079619,0.03598905809862944,0.034800682809344216,0.08155742929880977,0.06979141864596772,0.07574039879739816,0.09653078674129617,0.09586982275750079,0.09634485791680199,0.22110537431440216,0.46065680138483156,0.255422268592122,14.76603889465332,0.0030451088253973346,0.006821047874953861,0.011752310114376812,0.011769913774468956,0.01704068842553241,0.0264066893007909,0.026695513233492563,0.034495802639563096,0.04673463556164284,0.046784056455023815,0.062452798668531845,0.05366623855651223,0.0895471055778877,0.051266940248505054,1.240813737422191,9.272687758512734e-06,4.652669411241259e-05,0.00013811679302448351,0.00013853087025843407,0.0002903850620160743,0.0006973132398285046,0.0007126504267995766,0.0011899603997476882,0.0021841261610795713,0.002188747938386855,0.003900352061532173,0.00288006516080448,0.008018684117377366,0.0026282991624437878,1.539618730975626
0.8,0.0,0.047356209288736614,0.06671602958997075,0.06207042707907381,0.06170120353998136,0.07443492430412324,0.16593025850062704,0.15489294684122618,0.14003932493736623,0.174319600622346,0.17378761391415753,0.22683463658205455,0.0,0.0,inf,15.145718359947205,0.007745775411354453,0.011232577368884868,0.015540882666347287,0.015536268125134393,0.025997575012552367,0.040516700941951526,0.04094127910780814,0.04603413906500008,0.06062118170770485,0.06064284231060685,0.09689575351578973,0.0,0.0,,0.14014846180263799,5.999703672314324e-05,0.0001261707943479845,0.00024151903404917357,0.00024137562725606694,0.0006758739065332873,0.0016416030552195355,0.0016761883349834473,0.0021191419594557667,0.0036749276716385687,0.003677554323509128,0.009388787049392678,0.0,0.0,,0.019641591345645477
0.8,0.1,0.05061587012795673,0.07318410965581884,0.06939199672491984,0.06900824870771285,0.09039487901073272,0.16293500916275855,0.15179406980599866,0.1525980957942294,0.19698481677508348,0.19643856998304923,0.27627771254584355,0.0588235294117647,0.1424242424242424,2.8642928070265743,15.189432716369629,0.009528749405703236,0.013438577236505402,0.01977557488098612,0.01976096628783242,0.03443234733583493,0.036419035921279284,0.03680383746965664,0.042663148773755086,0.07418880414291944,0.0742178869850051,0.12251622391385872,0.0,0.0,0.27647554741616015,0.16681291124647807,9.079706523668978e-05,0.0001805953581415212,0.00039107336187348926,0.0003904957886288493,0.001185586543055579,0.0013263461774354309,0.0013545224524929018,0.0018201442632915599,0.00550397866015646,0.005508294748518989,0.015010225122110766,0.0,0.0,0.07643872831906541,0.02782654735852537
0.8,0.2,0.04667261784694019,0.06518373148954892,0.06021055309533437,0.05983759508111243,0.07609856707080839,0.14092716800232524,0.12964258347440316,0.12551981219879899,0.1732796516173966,0.17274261123185036,0.2336023581140941,0.1470588235294117,0.3152542105759777,1.575103015661657,15.267753219604492,0.011796488753863169,0.018327340855885173,0.026383560499506485,0.026390156092565318,0.04403380353366625,0.06027772470253925,0.0608987595342664,0.07601964830114821,0.10544281794851232,0.10550238542646051,0.1674123808150909,0.0,0.02209931323583434,0.2909516531386165,0.13902601843461823,0.00013915714692002023,0.00033589142284779785,0.0006960922646311188,0.0006964403385899624,0.0019389758536415185,0.0036334040953151098,0.0037086589128124026,0.0057789869278302665,0.01111818785692311,0.011130753330673426,0.02802690525017702,0.0,0.0004883796454955229,0.08465286446409381,0.019328233801782807
0.8,0.3,0.04740638090430022,0.06577597042837274,0.060472681536754405,0.0600506724094471,0.068055399592589,0.1383805963084645,0.12711097928660578,0.12672781416789122,0.1697319775192075,0.16911858477142053,0.21968299627516039,0.23398692810457514,0.3754205593248182,1.0694990300943883,15.19097421169281,0.004189264146421908,0.009364238858808003,0.013594989500719972,0.013624812550168132,0.02311253469882068,0.028504065175799388,0.028815132945994713,0.034061310295461944,0.04274531632361202,0.042805391523240297,0.0783398346265707,0.004133696287801798,0.060592489073254034,0.09071468310185003,0.1052893818050302,1.754993408849608e-05,8.768896940480981e-05,0.0001848237395246863,0.00018563551702721902,0.0005341892602041899,0.0008124817315462193,0.00083031188669535,0.0011601728590437416,0.001827162067605652,0.0018323015434578921,0.006137129689318444,1.7087444999786363e-05,0.0036714497320924095,0.008229153730269076,0.011085853920885423
0.8,0.4,0.04678338737665697,0.06369259813499632,0.05744195232717657,0.057012328243839526,0.06899950722244563,0.12910253536324454,0.11774426137902776,0.11840475393870405,0.17119202022499008,0.1705731089378666,0.2328113015650831,0.26610601586769334,0.3842969089736974,0.7398776389237035,15.309597778320313,0.007353044574155023,0.01301269089640375,0.018075036535601045,0.018076648600518417,0.027722511121368386,0.03886782597552531,0.03930907756870502,0.04581652714317221,0.0628179835267306,0.06285235471296148,0.10007593081747038,0.029285685353368267,0.08815518408039838,0.09363630764446014,0.1285610011927312,5.4067264509510624e-05,0.00016933012436534905,0.0003267069457633127,0.0003267652246266244,0.0007685376228743939,0.0015107078960637198,0.001545203579302468,0.002099154159461036,0.003946099054364597,0.003950418492963931,0.010015191928983116,0.0008576513666164887,0.007771336480248924,0.008767758109287985,0.016527931027677436
0.8,0.5,0.04842216108985689,0.06725174331709714,0.061394908270823945,0.06093229538460082,0.07442049072110206,0.13955317914007354,0.12838095966849722,0.12340196515699091,0.17220891355707654,0.1715385930361227,0.2343340934457412,0.23264155973834616,0.3883436513406267,0.6633243115254428,15.288959789276124,0.00500556690827761,0.01091764058545693,0.01020651640069718,0.01022666441554597,0.02779522672264124,0.028484030832305034,0.028784086274668854,0.0351751055751869,0.0545995493326573,0.05466042459356925,0.09442680396623042,0.03326985989855249,0.07232328463858347,0.06432934814451498,0.1573161841048109,2.505570007324387e-05,0.00011919487595321634,0.00010417297703770053,0.00010458466506819423,0.0007725746285630298,0.0008113400124557038,0.00082852362266758,0.0012372880522255449,0.0029811107873292785,0.00298776201674927,0.008916421307276908,0.0011068835776693112,0.005230657500913564,0.004138265032698213,0.024748381781298758
0.8,0.6,0.04335656598338912,0.058159964437391076,0.04442179862745767,0.0439605283708963,0.055900370983196356,0.10612675875087059,0.09461019389319753,0.09117964824693134,0.13768569819720491,0.13700796888128272,0.18826172736377417,0.24760748195762816,0.44961202470893846,0.43982066422655414,14.079207825660706,0.010002358394811792,0.01642247211136981,0.02278395230726955,0.022790329736106542,0.035065179675356356,0.05311703202166731,0.053717944153166136,0.056443424015012796,0.07772337705149242,0.07776649749358609,0.1344964397518391,0.06039539380292249,0.10374572843719194,0.18999599016282775,3.3805625330585376,0.00010004717345826191,0.0002696975902487192,0.0005191084827399334,0.0005193991294804621,0.0012295668256650247,0.00282141909079083,0.0028856175240426756,0.003185860114538523,0.006040923340288459,0.006047628132419932,0.018089292305920084,0.0036476035926100883,0.010763176168963579,0.036098476277953345,11.428203039919156
0.8,0.7,0.043653142101627664,0.05983782286399738,0.04963874703654833,0.049186493878438944,0.057471467696010116,0.09950545650023186,0.0879496880454016,0.08457789400797995,0.13185889273482382,0.13118794432693276,0.17783016745020858,0.23677786388267624,0.4388968502783568,0.3755429657751671,15.19033694267273,0.007186444233690801,0.01119908857754882,0.011980742041937716,0.011970470494017614,0.0243172747623747,0.02252721347047904,0.02278649324425633,0.02352792457276011,0.04872625165073807,0.048721671911593455,0.09054997478084369,0.0782431676439298,0.059170590930311705,0.08530987228205636,0.5504028663843897,5.1644980723947774e-05,0.00012541958496778448,0.0001435381798754539,0.0001432921638481463,0.0005913298518688255,0.0005074753467445322,0.0005192242743705393,0.0005535632347014889,0.002374247599931055,0.0023738013138609546,0.008199297932811427,0.006121993282956103,0.003501158831042286,0.007277774308780769,0.3029433153241524
0.8,0.8,0.036468600897603384,0.04860301769387601,0.03652048967909225,0.03607181945092287,0.03779307266540929,0.07249066727167026,0.0606555918698396,0.05913978158399778,0.08912441471518365,0.0884389244388077,0.10057947068720993,0.2588496880557867,0.5092882014924119,0.23280241477727767,15.415224647521972,0.006118755081466307,0.01078550171995188,0.01728913490187875,0.017297736391281935,0.025166100592338175,0.029966948425280183,0.03032138704810147,0.030306240441967915,0.05016452019585401,0.0502017032330316,0.08109298871819327,0.101657413159989,0.13750441716699127,0.10817934167528426,0.12545200334342593,3.743916374696975e-05,0.00011632704735108498,0.0002989141856553619,0.0002992116842622794,0.0006333326190236838,0.0008980179979234024,0.0009193865125207755,0.0009184682097263716,0.002516479086480245,0.002520211007497375,0.006576072819249021,0.010334229650380703,0.018907464740433963,0.011702769965297892,0.01573820514287895
0.8,0.9,0.03839355164675557,0.04985022016503865,0.03742683926853058,0.03696665886724746,0.03665106361303899,0.07921355280288453,0.06746395878205122,0.07013992123270016,0.11041941085089904,0.1097331005348694,0.12466390298874885,0.25455744084936005,0.5149747019696066,0.197004715522648,14.64712097644806,0.004916907705211923,0.009262870943568025,0.014606586537509257,0.014613623579306881,0.019200654503842837,0.026154142148180085,0.02645885492292912,0.02983269811554251,0.05611749328736789,0.056157469761918606,0.07420508863473134,0.0673329403519085,0.10777722381494453,0.07554354670551526,2.498736409283297,2.4175981381572376e-05,8.580077811719679e-05,0.00021335237027774668,0.00021355799411767405,0.0003686651333759402,0.00068403915150721,0.0007000710038326105,0.0008899898768530936,0.00314917305285778,0.0031536614100608025,0.005506395179288335,0.004533724856433667,0.011615929973256648,0.005706827448848366,6.243683643077985
0.8,1.0,0.03288239112167645,0.04136924288534038,0.0220401138698152,0.02157977347818481,0.01988698016564665,0.05779755406839797,0.04582806544856998,0.04559971837510541,0.060925700736055646,0.060214648803579685,0.05738293976883996,0.2793042561166638,0.555062041569508,0.13290412282503117,14.342377781867981,0.004897415986822921,0.00690559004824213,0.011987348741945505,0.01198405440111416,0.014886356779820382,0.02015704747156107,0.020375804301492606,0.023548041806699473,0.03263798156502809,0.03266593446566326,0.04695106779238747,0.06668529230514803,0.09910523144687085,0.040581117095236305,2.4645947425974697,2.3984683347988725e-05,4.7687173914380746e-05,0.0001436965298610225,0.00014361755988886367,0.00022160361817610426,0.0004063065627707665,0.00041517340093272454,0.0005545102729300663,0.0010652378406391136,0.001067063274515007,0.0022044027668453635,0.004446928209823035,0.009821846900137838,0.0016468270646972805,6.074227245239088
0.9,0.0,0.04119338447993909,0.057151464059876034,0.050950796512981976,0.05056425564255031,0.058285000930156185,0.13803209198085364,0.126836550237392,0.09853631345381149,0.1531057766218387,0.1525427756790015,0.19367126868089168,0.0,0.0,inf,15.459415864944457,0.007305259993760574,0.01560828008052357,0.022153759351676416,0.022178431128582053,0.037698522138347186,0.04544642689712581,0.04590895484388643,0.04942172078770456,0.08086974377291739,0.08094737460197869,0.13570249580849522,0.0,0.0,,0.13686248124791475,5.3366823576438746e-05,0.00024361840707206884,0.0004907890534119903,0.0004918828073252573,0.001421178571415453,0.0020653777177158,0.002107632134858003,0.002442506485617829,0.006539915457897311,0.006552477454953064,0.018415167368654665,0.0,0.0,,0.018731338773335816
0.9,0.1,0.04182722084471508,0.06243481215898703,0.054609074104094324,0.05425523490882896,0.06585400837288416,0.13250998744301568,0.12119087576056345,0.09313104480299439,0.14532000926611993,0.14479568500085496,0.18673993423972296,0.0526315789473684,0.1281818181818181,2.8651730884851077,15.400411367416382,0.004156313568264195,0.010077587524833589,0.011906654964933401,0.011944394760556214,0.02322350557876435,0.02650030545735076,0.02677267950025861,0.027234580225000256,0.0436083129985786,0.04369377001106953,0.07936960694792375,0.0,0.0,0.5078026740571913,0.17631061117460062,1.7274942477737046e-05,0.00010155777032068157,0.0001417684324539732,0.00014266856619600274,0.0005393312113668989,0.0007022661893328944,0.0007167763676235676,0.0007417223600319749,0.001901684962581999,0.0019091455377802389,0.006299534507067906,0.0,0.0,0.257863555779634,0.031085431612761203
0.9,0.2,0.04376036100073285,0.06422712840114772,0.061916306296463275,0.06152460653552174,0.07067004997328898,0.13599577396967258,0.12478383814540361,0.10519470604973735,0.17632357763419587,0.17575811017885326,0.22693760838743143,0.131578947368421,0.2980972515856236,1.5614701563368463,15.402264380455017,0.005709740524733448,0.010773954628011919,0.015116531225011458,0.01515926600421101,0.027685842432814453,0.031743754783556614,0.032095406960570776,0.040498602293923075,0.06897561839091468,0.06906658794233092,0.11289595544948781,0.0,0.0,0.2990538174281853,0.21561927009627366,3.2601136859783396e-05,0.00011607809832645944,0.00022850951627674643,0.00022980334578642762,0.0007665058712146293,0.0010076659677585734,0.0010301151479646551,0.001640136787761351,0.004757635932409088,0.004770193569995731,0.012745496756852739,0.0,0.0,0.0894331857183704,0.04649166963684981
0.9,0.3,0.043822011768727895,0.062093385429927414,0.0530875119726845,0.052667681952692946,0.06178450914499715,0.12769773157082773,0.11641476382727374,0.09625892078454423,0.15974012024978507,0.15913144741550983,0.20810251909545655,0.2094736842105262,0.3951228203986133,1.0277485860622437,15.36658444404602,0.0071362879868013766,0.015043640767916505,0.018294615560583257,0.018313864276808898,0.032698713879868245,0.0374656298258284,0.037884384708339845,0.041030874567159606,0.062323925838753604,0.06238575416616565,0.10899197225663027,0.003328713326492995,0.05319783085040843,0.16033554431786903,0.1442673300562601,5.0926606230565646e-05,0.00022631112755411948,0.0003346929585095351,0.00033539762474937704,0.001069205889397488,0.0014036734182460025,0.0014352266047294936,0.0016835326677459852,0.0038842717319544588,0.0038919823228812547,0.011879250016390062,1.108033240997206e-05,0.0028300092071886673,0.025707486771707342,0.02081306252156189
0.9,0.4,0.04013306398533263,0.05760471046091041,0.04776492615126464,0.04736409229984053,0.05463293616022689,0.11007189327074214,0.09863779587372182,0.07708987374051608,0.13505972589837292,0.1344659207056809,0.17085211759898639,0.2858395476339014,0.46105616030363333,0.7046487552247713,15.408777022361756,0.0057926299590883345,0.013163359443689661,0.019265042345256323,0.019298939861674,0.028994282112091183,0.029595175124680715,0.029927157849499043,0.030145317736583698,0.056056861181449105,0.05613010880734567,0.09590949928200314,0.006389847138004895,0.08603671231521877,0.12049406076581334,0.2384541759820164,3.3554561842927716e-05,0.00017327403184377377,0.00037114185656451925,0.00037244907978450974,0.0008406683951955307,0.0008758743906605202,0.0008956347769488322,0.0009087401814395876,0.0031423716855162554,0.003150589114724464,0.00919863205252456,4.0830146447069356e-05,0.007402315866011718,0.014518818679835519,0.05686039404326245
0.9,0.5,0.043316448835208,0.06020260747474322,0.048605796654276515,0.04815720678628219,0.0582647026876606,0.12200259236094808,0.11070798575425693,0.09344342503451729,0.1544515453299258,0.15380205770003644,0.2128889657265399,0.2674944986717024,0.4042766264973944,0.6532003876500942,15.441399955749512,0.006066480704136446,0.013301288120182457,0.019881629433776603,0.019893578847209686,0.033541127746540694,0.03432969077728184,0.03471227892849754,0.03744118628366676,0.06695861769531766,0.06700282279994323,0.11436633614744207,0.025804263248644092,0.0500909860318845,0.09473104355560505,0.09894356270209713,3.680218813365983e-05,0.000176924265656107,0.0003952791889420122,0.00039575447935014866,0.001125007250509762,0.0011785276688637896,0.0012049423084098147,0.0014018424303282359,0.004483456483667708,0.004489378263160592,0.013079658843789716,0.0006658600018053242,0.002509106881646448,0.00897397061313394,0.009789828600183827
0.9,0.6,0.04136163213661474,0.05949875154724192,0.05147677932529898,0.05105096713423311,0.061334425895283574,0.10067885480925456,0.08916174859890433,0.07340772495514318,0.1364189270184283,0.1357849821582828,0.1829149973387036,0.28371204840643827,0.44137195933013357,0.498274288860563,15.334489583969116,0.007005633207866152,0.01567161215335792,0.019758459461241953,0.019789576617913775,0.03516057211966966,0.025634556561010647,0.025920636234809023,0.0247570602721213,0.07039783732846745,0.07047334653402626,0.11789871705777656,0.06596557021017248,0.07976771766906533,0.11174193081451321,0.4529996579079561,4.907889664315699e-05,0.0002455994274852757,0.0003903967202815416,0.00039162734271627964,0.0012362658317824913,0.0006571304900796541,0.0006718793828172945,0.0006129120333174466,0.004955855500525366,0.004966492571704952,0.013900107483869655,0.004351456453153195,0.006362888782131717,0.012486259102155456,0.20520869006472525
0.9,0.7,0.04062729961330745,0.05460244378946487,0.048496617697637426,0.04804166545716869,0.05416372771349526,0.08396482329097646,0.07230300756269656,0.05723077318482996,0.11958594484214483,0.1189020319736259,0.15737727709850222,0.2987563695487879,0.5241340477972152,0.32637246305861,15.287175393104553,0.00448864016515704,0.013254948506759404,0.020671950268718754,0.02070642543074324,0.033300714979591195,0.024464965495575707,0.0247307217138221,0.02383875095339309,0.05567198830678074,0.05575830550607014,0.09543640823633837,0.060066966666563616,0.07821322977868116,0.08625266910650234,0.29571617456249055,2.0147890532261023e-05,0.00017569365991684335,0.0004273295279123813,0.0004287560541189304,0.0011089376181519692,0.0005985345366997099,0.0006116085964865119,0.0005682860470179,0.0030993702820303315,0.0031089886329082514,0.009108108017053033,0.0036080404845220643,0.006117309312412776,0.007439522927995783,0.08744805589787337
0.9,0.8,0.03711493412600819,0.046604544237130216,0.03529379363458601,0.0348256722407694,0.03256037187571819,0.06888825238713187,0.05708756857148646,0.04345990214026429,0.08174954680638244,0.08103018755306898,0.08978600955403099,0.32227728962305713,0.5917629622649653,0.19709730979000528,15.351791620254517,0.004659236617629505,0.008439799991255123,0.011454329554439948,0.011462276020718549,0.015414635011127836,0.023238208029301658,0.023518327165982334,0.018353201411669472,0.03729027354790839,0.03733737245845053,0.056892872834433166,0.03816482675855086,0.04620945756658384,0.03989688350129981,0.5678295597806953,2.1708485859059625e-05,7.123022389238997e-05,0.00013120166554171647,0.00013138377157513945,0.00023761097252628807,0.0005400143124131001,0.0005531117126861826,0.0003368400020573063,0.001390564501277836,0.00139407938210106,0.0032367989793549833,0.0014565540015101996,0.002135313968597912,0.0015917613131162887,0.32243040896073816
0.9,0.9,0.03313323322271517,0.04426273517129266,0.02851570902995985,0.02806357976712599,0.02796360805840479,0.05694388471931704,0.0450113307066076,0.03444900245751651,0.07556107357927735,0.07486746255056308,0.08493106725783901,0.3158868524933925,0.6128379975782827,0.12744586169857688,15.603729557991027,0.003382026066507247,0.005196072453834652,0.007399995298923269,0.007391288602842313,0.008269988414043151,0.01694624104901922,0.017154110872641015,0.012599794634338012,0.019431842055684417,0.019446985855986483,0.03272734597802104,0.04028049361729977,0.0560988384941051,0.03330803987551702,0.1460685165638019,1.143810031453448e-05,2.6999168945499257e-05,5.475993042408649e-05,5.463114721050667e-05,6.839270836840796e-05,0.00028717508569146404,0.00029426351983086066,0.00015875482482749295,0.0003775964856770656,0.0003781852588829384,0.00107107917476509,0.0016225181660533272,0.0031470796803876886,0.0011094255203490315,0.021336011531149668
0.9,1.0,0.03042284847817493,0.03793423056359397,0.01820795945089236,0.01775314632599969,0.014214867142634549,0.03577413434319604,0.023591169703231808,0.01808220276548969,0.03960810893144455,0.03889376145076416,0.028827196578582452,0.4037376202927218,0.7332179425386949,0.04650492369256022,14.333063316345214,0.003679550719571677,0.0037279309980764396,0.006785720720891159,0.006782818268601654,0.005929173252029667,0.011050826104891021,0.011178888115523544,0.00968507304739732,0.016293358309894177,0.016297001232334542,0.018289136381346185,0.06988397011782466,0.0921281932568502,0.01924532199621423,2.544571137542617,1.3539093497900449e-05,1.3897469526419198e-05,4.604600570193163e-05,4.600662366487634e-05,3.515509545258406e-05,0.00012212075760054084,0.00012496753949939354,9.3800639933422e-05,0.00026547352501459767,0.0002655922491667136,0.0003344925095754806,0.004883769279429009,0.00848760399277154,0.0003703824187379672,6.474842274014929
1.0,0.0,0.037894716694459304,0.05947406018282675,0.052891505942449436,0.05254599095324858,0.061088616152824585,0.12233719059059074,0.11101360645274565,0.07004707764950605,0.1445555776581969,0.1440458779742487,0.1808015184598164,0.0,0.0,inf,14.909605574607848,0.0060244605786201,0.01590130067714671,0.024743868760412985,0.0247799269794031,0.0379946801113201,0.04750166668764872,0.04801668587820628,0.04170650716036105,0.0779971634682005,0.07809608983544171,0.12215794031212392,0.0,0.0,,0.5627475267938392,3.6294125263347636e-05,0.0002528513632250264,0.0006122590412325416,0.0006140447811045498,0.0014435957167615433,0.002256408338104476,0.0023056021227263346,0.0017394327395172475,0.0060835575090851905,0.006098999247585381,0.014922562381300429,0.0,0.0,,0.31668477891258273
1.0,0.1,0.04167521577253743,0.0638223243930596,0.06127232774829788,0.060892163961790244,0.07097035050343839,0.14026376249589148,0.1291442677166162,0.0981817100003337,0.163425357082674,0.16287347090951126,0.2225709586203095,0.0465116279069767,0.1139393939393939,2.5238213659822772,14.253001284599303,0.0070993153378538934,0.012296611382641561,0.01378176818776925,0.013804008411628849,0.02479367471400065,0.036345282285330946,0.03673371326269117,0.044215506723464304,0.05171482715595021,0.05177464877551926,0.09401934704419264,0.0,0.0,0.7425028791114616,2.2420780113635512,5.040027826628755e-05,0.00015120665149571,0.00018993713438140853,0.00019055064822832,0.0006147263058236751,0.0013209795444003916,0.0013493656900656129,0.001955011034812717,0.002674423347769805,0.002680614255828378,0.008839637618616336,0.0,0.0,0.5513105254888098,5.026913809039937
1.0,0.2,0.04020111038559315,0.06424938948676864,0.06026844623432347,0.05989255802057462,0.07324000894331753,0.13228381520463792,0.12108102917315215,0.09264634179274088,0.15654789454164372,0.1559972748845318,0.2146678943668776,0.1162790697674418,0.2670454545454545,1.5620294900394762,15.116148138046265,0.004766200791984498,0.01189307973827365,0.013220097436393699,0.01326249164756051,0.026166535743670612,0.022670388894596643,0.022911950216158872,0.03141954793085572,0.046219498313011254,0.04627936274974565,0.08342544584513811,0.0,0.0,0.3610533953946452,0.12551608326879052,2.271666998951365e-05,0.0001414453456609352,0.00017477097622774324,0.00017589368470161227,0.0006846875928247918,0.0005139465326322507,0.0005249574627077426,0.00098718799217934,0.00213624202430645,0.0021417794165225455,0.0069598050144600715,0.0,0.0,0.13035955432600202,0.01575428715913796
1.0,0.3,0.0383099666845837,0.05984649470718297,0.054058441928351006,0.05367021898697588,0.06218273551801969,0.11887672925677617,0.10756352584813098,0.08022814712458473,0.1355082808201028,0.1349317023161499,0.17656756944601612,0.1860465116279069,0.39128849558713974,0.9790128074040598,15.081830883026123,0.005035908393367414,0.011085001925406632,0.020160739660641983,0.020175675032639867,0.031774165570202656,0.035592905932179314,0.03598897135643284,0.03765508780043248,0.05482575541670838,0.0548639993210217,0.09013617436484532,0.0,0.016806308674733195,0.18358061647968482,0.11489366691468841,2.5360373346388365e-05,0.00012287726768626874,0.0004064554236641826,0.00040705786302268766,0.0010095975976826517,0.0012668549526969656,0.0012952060592941435,0.0014179056372582788,0.0030058634570127286,0.00301005842149707,0.008124529929129798,0.0,0.0002824520112704122,0.033701842747061124,0.013200554697103366
1.0,0.4,0.03639146018578497,0.05435131869450473,0.04509970067301981,0.0446980101437355,0.05109101714173936,0.10987861395406895,0.09848689928931034,0.0757487494588138,0.11864205236759559,0.11803932464793102,0.15347606756796725,0.2558139534883721,0.45755986426827794,0.7109630386380156,15.063365292549133,0.003867170312099234,0.014765427111675708,0.018296295211840268,0.018327660805637244,0.033279016803993776,0.03313124088578733,0.033492888320985126,0.03757827661646501,0.06802565766030519,0.06810121941970682,0.1186227535782415,0.0,0.060014179098507967,0.12887432519453884,0.1110009275104996,1.4955006222781688e-05,0.00021801783779020804,0.00033475441847880916,0.0003359031506064916,0.0011074929594405002,0.001097679122632066,0.0011217735680819818,0.001412126873463561,0.004627490100117038,0.004637776086451052,0.014071357666484204,0.0,0.0036017016928677906,0.01660859169434775,0.012321205908191187
1.0,0.5,0.03790150238773421,0.055826553399112376,0.04829342458550742,0.04789953236238538,0.05352236653804169,0.1062522418116778,0.0948200416998634,0.0692848462987793,0.12154302664694525,0.12095327775344152,0.15384931117153203,0.3015450780503345,0.46780021993437665,0.5927379459397696,15.126192641258239,0.005770889451810851,0.01228078424445703,0.01750700124590806,0.01755165025017924,0.030086102596927837,0.02951402881192675,0.02983847575155154,0.031150640125984754,0.05578719094045644,0.0558549637403999,0.09375121030403882,0.0024681682916255303,0.07333216621753433,0.11441281275101754,0.12342630002335214,3.3303165065021746e-05,0.00015081766165890405,0.0003064950926242264,0.00030806042650461697,0.0009051735694728678,0.0008710778967112423,0.0008903346351759292,0.0009703623802586115,0.003112210673026945,0.003119776974441388,0.008789289433472116,6.091854715785689e-06,0.005377606602156082,0.013090291721599404,0.015234051537454536
1.0,0.6,0.03790255533819477,0.056926007349140176,0.045971800485564866,0.04557824155648553,0.055725927238956766,0.09687352072831441,0.08534077436105583,0.06514250326702134,0.13064569000785703,0.1300644056341806,0.18008580027115204,0.35781815567549147,0.48860120695127307,0.465692919348726,15.12546124458313,0.007036173853267309,0.016980963926030528,0.02350564763900904,0.02351182613321614,0.037243320522402555,0.03809778065394791,0.03853619585497319,0.03430168571122914,0.08352317268083911,0.08357168280571534,0.13928194575628103,0.01701359660337703,0.09672836054542695,0.09375585893415787,0.09657637311619559,4.9507742493402535e-05,0.00028835313585715016,0.0005525154709292513,0.0005528059681185854,0.0013870649235344112,0.0014514408907563277,0.001485038390972853,0.0011766056426319416,0.006976120374673269,0.006984226166979097,0.019399460413655614,0.00028946246938244246,0.00935637573380611,0.008790161084481711,0.009326995844278626
1.0,0.7,0.035539197916712666,0.04618435449096163,0.0382133495977482,0.03776209728529067,0.03622630177803217,0.07360441534685566,0.06184543928174456,0.0447248078726969,0.09089407898276723,0.09020602685229577,0.10308110145286231,0.4366077031779786,0.5637826811804196,0.264688397916848,14.314374637603759,0.0035270757071390667,0.00816921544595385,0.015708585078985145,0.01571789727674115,0.01921054237349806,0.01667088331930369,0.016854140241002534,0.01442613319258483,0.03765874514651176,0.03770344803168618,0.06578485415719809,0.008533700561799187,0.0724466069982006,0.06346360768599468,2.666649711140356,1.2440263043890546e-05,6.673608100241096e-05,0.0002467596451837147,0.00024705229480218683,0.0003690449382839644,0.00027791835064583793,0.0002840620432633809,0.00020811331889019778,0.0014181810860099233,0.0014215499934780605,0.0043276470364838225,7.282404527845176e-05,0.005248510865551729,0.004027629500521844,7.111020681924943
1.0,0.8,0.030245888815960947,0.03853163410843709,0.022578520722230842,0.02212700170825685,0.0188990049673331,0.0440116071513985,0.03193107459206333,0.01994450785817932,0.04692194722377488,0.04621420189933395,0.03795739550874276,0.5116279069767442,0.6933383535958295,0.10670729229694316,13.947366642951966,0.002947186785360114,0.003374907868091634,0.007826913249879627,0.00782430694113506,0.00898112158152104,0.012955739695414878,0.013109225567489773,0.011235188382131585,0.017366130223509847,0.017363888969431057,0.02481314665750414,0.0,0.057605597764193744,0.03615715143108835,3.4469388209117104,8.685909947801281e-06,1.139000311810682e-05,6.126057102114127e-05,6.121977910909427e-05,8.066054486206297e-05,0.0001678511910553488,0.00017185179497932753,0.00012622945798198456,0.00030158247893990217,0.00030150464014272953,0.0006156922470468088,0.0,0.003318404893770083,0.0013073395996106543,11.881387235108214
1.0,0.9,0.0290668046817756,0.03687570900935958,0.01761966617221043,0.01716779120004768,0.01538231333419704,0.03192638904725101,0.0197075620044415,0.01069618893950484,0.0372279787039746,0.0365165726745484,0.02940253529451083,0.5581395348837209,0.7642588754185627,0.05207619466377809,14.646060061454772,0.002366308366134943,0.0028779899316118476,0.0073996741469507165,0.007403835158797616,0.006888933666637294,0.008935536314390839,0.009046124636636876,0.0046269370758443085,0.009971050154414213,0.009979262080183827,0.013767266839129357,0.0,0.06568334155360293,0.02048312454348082,1.0155806079250436,5.599415283640223e-06,8.282826046459168e-06,5.475517748105082e-05,5.481677505864772e-05,4.745740706332875e-05,7.984380922579743e-05,8.183237094156865e-05,2.1408546703822677e-05,9.94218411818437e-05,9.958567166499485e-05,0.00018953763621979084,0.0,0.004314301357647262,0.00041955839106374643,1.0314039711934009
1.0,1.0,0.026518731169894623,0.03535570060146117,0.012013888602595479,0.01157618892226769,0.00959094119230253,0.024657189331312612,0.012358105212412289,0.0064137517345205204,0.02493285843242429,0.024239130776558652,0.01336541817866466,0.627906976744186,0.9552051530857769,0.00129118847741618,11.530272436141967,0.002570447598888932,0.0012045608064314905,0.003678408266521976,0.0036783406243421296,0.003760007690572578,0.008246260033324912,0.008350258174970603,0.0035740239153612256,0.006609811272081601,0.006633343931850983,0.00743590431160478,0.0,0.01543844941773966,0.0005139461643397701,3.5580140491261596,6.607200858633877e-06,1.4509667363908826e-06,1.353068737521721e-05,1.3530189748685649e-05,1.4137657833164932e-05,6.80008045372118e-05,6.97268115886634e-05,1.2773646947573984e-05,4.3689605052537e-05,4.400125171822426e-05,5.5292672931342565e-05,0.0,0.00023834572042410608,2.64140659839562e-07,12.659463973779129
