fair_majority,fair_minority,tau_x_mean,tau_y_mean,NMI_true_labels_mean,AMI_true_labels_mean,ARI_true_labels_mean,NMI_rows_mean,AMI_rows_mean,ARI_rows_mean,NMI_cols_mean,AMI_cols_mean,ARI_cols_mean,balance_chierichetti_mean,balance_bera_mean,KL_fairness_error_mean,time_mean,tau_x_std,tau_y_std,NMI_true_labels_std,AMI_true_labels_std,ARI_true_labels_std,NMI_rows_std,AMI_rows_std,ARI_rows_std,NMI_cols_std,AMI_cols_std,ARI_cols_std,balance_chierichetti_std,balance_bera_std,KL_fairness_error_std,time_std,tau_x_var,tau_y_var,NMI_true_labels_var,AMI_true_labels_var,ARI_true_labels_var,NMI_rows_var,AMI_rows_var,ARI_rows_var,NMI_cols_var,AMI_cols_var,ARI_cols_var,balance_chierichetti_var,balance_bera_var,KL_fairness_error_var,time_var
0.0,0.0,0.11859781169273058,0.11757347320914784,0.11919066112806438,0.11734504426261645,0.10616429980309464,0.8740608503002051,0.874042839550128,0.9157196562984081,0.8725508031761825,0.8725210241914029,0.9227064260886882,0.2912073216203125,0.7966016911301026,0.01775075215504925,5.780662631988525,0.004056808266016509,0.00729478477931201,0.006679559525703253,0.006457213131902318,0.005037725738235361,0.12182096997780444,0.12184338129847978,0.11213359151817352,0.09817374035771294,0.09820626146228922,0.0759016468838718,0.01769167654071723,0.038681821450282594,0.006721387084692039,1.5778989449103895,1.645769330721987e-05,5.321388497648218e-05,4.461651545741307e-05,4.169560143081174e-05,2.5378680613679006e-05,0.014840348726333129,0.014845809566246732,0.012573942346764597,0.009638083295823635,0.009644469790399512,0.0057610599996839665,0.0003129954188213644,0.0014962833107115424,4.5177044342264945e-05,2.4897650803493203
0.0,0.1,0.1138151939327664,0.11199585264943898,0.11891088730925,0.1168286838195921,0.09874389027100401,0.77901849123451,0.7789813586385042,0.8080576472817436,0.7827697769271968,0.7827112408703583,0.8262888059753806,0.2756602720917538,0.7611197950456251,0.025250143171780298,5.969288539886475,0.010173536533252226,0.01274784576606467,0.009189759307583485,0.008739007078313293,0.013788847531129344,0.22394409171998148,0.22398809286250745,0.2458005824634481,0.18927306977140587,0.18933571115185766,0.19906990134133343,0.04054354774568772,0.09090330817259808,0.018148922657301104,1.637970673612724,0.00010350084559341771,0.00016250757167537294,8.445167613131731e-05,7.637024471480985e-05,0.0001901323162367318,0.05015095621628748,0.05017066574418326,0.06041792633937035,0.035824294940691476,0.03584801151737968,0.03962882562004823,0.0016437792638068595,0.008263411436722337,0.00032938339362069733,2.682947927615321
0.0,0.2,0.11853267919502689,0.11756572977095683,0.12086833335858553,0.1190223666323568,0.10740066464504043,0.8415112494699681,0.841489339529098,0.8961508541494105,0.8484120142904992,0.8483781578116449,0.9095325336391393,0.2936198993922425,0.802120666286358,0.016381378574344668,5.48695228099823,0.0040959588664626675,0.007153119810625847,0.006835194751733582,0.007046915351916277,0.0061088401148265935,0.10533606105310153,0.10535688073941354,0.10452512415761891,0.07083895581216033,0.07086387615271923,0.05584852780656399,0.006528118670884192,0.013814250227230556,0.0016559101598188199,1.46037062852584,1.6776879035754143e-05,5.1167123025167954e-05,4.6719887294126307e-05,4.9659015977073316e-05,3.731792754851459e-05,0.011095685758182735,0.011100072319139008,0.01092550158016565,0.005018157660557205,0.00502168894338793,0.003119058058160551,4.261633338114679e-05,0.00019083350934053948,2.7420384573911897e-06,2.132682372660957
0.0,0.3,0.11980255708145635,0.1198025570814564,0.1207885758026642,0.11907876578665995,0.10743195261599141,0.8759895148608067,0.8759746869997193,0.9318673047373895,0.8780280244452605,0.8780042454829976,0.9322308480474047,0.29471337706375894,0.8044493096095163,0.0162946727755509,6.2013760805130005,9.033578479934263e-05,9.033578479942089e-05,0.006302802558596354,0.00631506788171554,0.005441859274914506,0.04536240746980825,0.04536783069594975,0.0292869997386667,0.04848045883376657,0.04848991075583542,0.03136921137826304,0.005327693820738204,0.011207022034694036,0.0017892935671829089,1.5381359702067432,8.160554015313143e-09,8.160554015327284e-09,3.972532009264874e-05,3.988008235067519e-05,2.9613832367973035e-05,0.002057748011456915,0.00205824006205636,0.0008577283536926632,0.0023503548887325344,0.002351271445108883,0.0009840274224941473,2.838432144753204e-05,0.00012559734288611766,3.201571469562139e-06,2.365862262843839
0.0,0.4,0.11240234360011121,0.10953470296159544,0.12279231413099016,0.12058314049618024,0.10622203041314655,0.7452903429635568,0.7452467561780138,0.7807390675271406,0.7788267000635289,0.778764545886033,0.8279189340515767,0.2705911468571844,0.7500922306653607,0.025804344798454358,7.526824402809143,0.010588336222709915,0.013541782121541444,0.0120106402472783,0.011559697869660794,0.01775753865852805,0.20082162034623013,0.20086259010378635,0.22146651454226074,0.1626953681046787,0.1627512018915653,0.1657743151694731,0.04024878388776477,0.09031875084303871,0.015513378189569587,1.9127536869582809,0.00011211286396515087,0.00018337986302729948,0.00014425547914954134,0.0001336266148378403,0.0003153301792091182,0.040329323198485395,0.04034578010320169,0.04904741706349739,0.026469782802716904,0.026487953717149047,0.0274811235699078,0.001619964604443993,0.008157476753846907,0.00024066490285261336,3.658626666972497
0.0,0.5,0.11601273046331576,0.11273923509418378,0.1181590993530564,0.11604435029651394,0.10649507279060111,0.7886952121184517,0.7886610556149902,0.8376507590563799,0.8071922586362023,0.807141151620263,0.8725999644999776,0.2852556815797492,0.7834546639753991,0.019701357986647898,7.874804568290711,0.0061229457718969425,0.011390675237884668,0.008582008154088185,0.008261938021176859,0.007496111961283832,0.14812672068484017,0.14815846764196453,0.15692318076427877,0.10532029725610152,0.10536186149233616,0.08983996955382574,0.02493366566695648,0.054360323965380854,0.008981935870708658,2.6228802003079323,3.749046492559065e-05,0.00012974748237495892,7.365086395683611e-05,6.825961986576778e-05,5.619169453610254e-05,0.021941525380844658,0.021950931534015047,0.024624884661178514,0.011092365014113587,0.011101121857130228,0.008071220129432337,0.0006216876835915643,0.00295504482162116,8.067517198552289e-05,6.879500545167379
0.0,0.6,0.11847173069822328,0.11742839401670371,0.12087477782844942,0.11903405702018408,0.10795778196090322,0.8467436470088217,0.8467223896694145,0.8992926146541789,0.8440352410940587,0.8440006873470228,0.9041122828796151,0.2912022891227916,0.796580098859572,0.01766728786092027,9.190186691284179,0.004231801431368661,0.00753025142243438,0.007014583026066963,0.006981431415742818,0.005401985806372716,0.10618998015904046,0.10621084098747574,0.10640988452141263,0.06826709835868378,0.06829156584906833,0.06075999966428531,0.017897955879846904,0.03911205101918253,0.0066015574196539965,4.711044220996637,1.790814335453385e-05,5.6704686485075e-05,4.920437502958676e-05,4.874038461272078e-05,2.9181450652252278e-05,0.011276311886177408,0.011280742743266858,0.011323063523860371,0.004660396718314205,0.004663737966117635,0.003691777559203951,0.00032033682467694636,0.0015297525349271374,4.358056036498874e-05,22.193937652185813
0.0,0.7,0.1135552187666607,0.10992808623712746,0.11735473440991892,0.11511692371873346,0.09986086665528278,0.7461313235710431,0.7460882407623082,0.7842187012806521,0.7761916541372483,0.7761297594029617,0.833413452568356,0.281878374347285,0.7762060425084243,0.02045239390373129,11.338916754722595,0.008563527441134793,0.012809851528589985,0.008493599960036563,0.008336878410282076,0.010170947002790233,0.1898580124531008,0.18989714674693006,0.21020504784150085,0.13734877786084465,0.137398411805229,0.14606352651356264,0.02495578213321108,0.05438543765641862,0.008546527429408125,3.4319531377772297,7.333400223506862e-05,0.00016409229618451917,7.214124028113312e-05,6.95035416278274e-05,0.00010344816293356761,0.036046064892641776,0.03606092634262509,0.044186162138047665,0.018864686779867648,0.018878323566599287,0.021334553777578213,0.0006227910618802974,0.002957775829080197,7.304313110162544e-05,11.778302339898971
0.0,0.8,0.11758665565519658,0.11705831172412551,0.11703498764110806,0.11519778080687888,0.10153994314806931,0.850124289147357,0.8501025366025111,0.8935879926695142,0.8423203446782968,0.8422839060860182,0.8900197304148302,0.29710841659207227,0.8093780521259809,0.015246931200628523,11.441710233688354,0.007369668771369903,0.00904033457967375,0.005863177100773619,0.005712008279120834,0.01243329876742251,0.15645425310667488,0.15648475518645938,0.16842432376609046,0.13599338237438574,0.13603692250532354,0.14345535023563113,0.010162578208494177,0.02170944575694489,0.002672001615733255,3.506123591691136,5.4312017799704776e-05,8.172764931244498e-05,3.437684571503614e-05,3.2627038580744954e-05,0.0001545869182399901,0.024477933315167483,0.024487478605766125,0.028366752836064865,0.01849420004962589,0.0185060442847194,0.020579437511227594,0.0001032779958437607,0.0004713000350737325,7.139592634481126e-06,12.292902640213152
0.0,0.9,0.11712735227349128,0.1167110151239196,0.11319775254278211,0.11134907334998453,0.09823310186073679,0.801367185522631,0.8013387761614874,0.8573460695321431,0.8254701341600255,0.8254294547084438,0.879849169444934,0.323736917600348,0.8618472849734891,0.00837307650171051,11.263553166389466,0.008441957808474747,0.00975835404582243,0.008031798822115629,0.008353386556640818,0.017958547307455046,0.180702531017201,0.180738725702122,0.19775517483512545,0.1552405819968248,0.15529162317923953,0.16013717084302723,0.011046444314399412,0.014499482737980183,0.0017491156692760266,3.579886808496769,7.126665164006774e-05,9.522547368361896e-05,6.450979231893801e-05,6.977906696466753e-05,0.00032250942139410083,0.03265340471602249,0.032666486968426896,0.039107109174071036,0.024099638298712884,0.024115488229642924,0.02564391348560889,0.00012202393199112709,0.00021023499966898532,3.0594056245069225e-06,12.815589561649183
0.0,1.0,0.11414286122575337,0.11414286122575332,0.11156511034956447,0.109837028215405,0.10156144294466585,0.7825972770676374,0.7825712384812131,0.8596943763778718,0.8245959236560149,0.8245617101744485,0.8952242399307824,0.356806006621903,0.9241281321405058,0.0023071405418205,11.536082339286803,0.004608963876416107,0.004608963876416154,0.002376507044124258,0.0023808838656172128,0.003750147242450679,0.019230773627597453,0.019233072860804324,0.013214315694398003,0.02182548154539685,0.021829745983305414,0.0166359089904965,0.0015851911138872836,0.0035204507359475933,0.00021686735754471162,3.2588855422260967,2.1242548014108584e-05,2.1242548014109018e-05,5.647785730772218e-06,5.668607981556361e-06,1.4063604340060433e-05,0.00036982265431589775,0.0003699110916690078,0.00017461813927121338,0.0004763516446884585,0.0004765378096956389,0.0002767534679400822,2.512830867547207e-06,1.239357338423395e-05,4.7031450768425786e-08,10.62033497733028
0.1,0.0,0.11857425821664853,0.11751672352273686,0.11461160247378062,0.11275579356786262,0.10337806422417398,0.8781085796806218,0.8780910796611738,0.9211009513408411,0.8721816453370727,0.8721520182520281,0.923805385604607,0.29581856398505224,0.8063029354085606,0.01613569447046238,5.971407151222229,0.004134936491042167,0.0074785455875173625,0.0050288471379698,0.004779555307371639,0.004301315612832557,0.10481330299156522,0.10483496586850938,0.10806913815690479,0.08467810501267278,0.08470827516114425,0.06770633037867882,0.018462847651217935,0.04024356590355336,0.006684707648134044,2.5802926056439217,1.7097699784952105e-05,5.592864410457541e-05,2.5289303537067048e-05,2.28441489362244e-05,1.8501316001197117e-05,0.010985828484001654,0.010990370068651526,0.011678938621976174,0.00717038146853724,0.007175491880776129,0.004584147173346806,0.00034087674339208367,0.0016195445966336423,4.468531634102178e-05,6.657909930740699
0.1,0.1,0.11727656520975589,0.1151591941821231,0.11915373514900429,0.11717808188990911,0.10657729683604875,0.8231646321176838,0.8231375078887264,0.8726869440371786,0.8359510811630997,0.8359098849353573,0.8944058393503255,0.28701036083334497,0.7871538667641368,0.01947044608636066,8.363600182533265,0.00544059401337971,0.009905404230800273,0.008105605691200023,0.00773897595669199,0.006616280387079812,0.133421246996028,0.13344955930521976,0.14035963884874986,0.10404341245180937,0.10408212785865785,0.09004722518742597,0.02552668563896489,0.05596070571993641,0.00978113167581432,3.563972511519462,2.960006321842314e-05,9.811703297555593e-05,6.57008436212142e-05,5.9891748858256695e-05,4.377516616045699e-05,0.01780122914997511,0.017808784878757367,0.019700828217751487,0.010825031674617321,0.010833089339586,0.008108502763955002,0.0006516116797105362,0.0031316005846733237,9.567053685961823e-05,12.701900062866343
0.1,0.2,0.11635939931330223,0.11477741710095879,0.12006119305829774,0.11809581789969444,0.10297509890942627,0.8390468060050935,0.839020908934797,0.8714876281296314,0.8376511483394324,0.8376098983506186,0.8846977467912833,0.28206261895420515,0.776036055262109,0.021739363941327382,9.228725719451905,0.007796723248578785,0.01080864670747228,0.005820479635271288,0.005540413427926736,0.012139220926698216,0.18269282647243593,0.18272844215430206,0.1941282708144566,0.1367098568879988,0.13675597854820387,0.1365290130344241,0.031061407703486078,0.0696747871089144,0.013430689263962675,2.709743789604564,6.0788893414928926e-05,0.00011682684364695137,3.3877983184607785e-05,3.069618095235089e-05,0.00014736068470718786,0.03337666884448759,0.03338968357213811,0.03768578552941101,0.01868958497033711,0.018702197668676798,0.018640171400153945,0.0009648110485221842,0.004854575958672543,0.00018038341410512226,7.342711405300504
0.1,0.3,0.1184701278064598,0.11745377065294915,0.12121727481125247,0.11937780603101497,0.10899817052084089,0.8428167235338059,0.8427949776296053,0.8980220408567711,0.8359382686366406,0.8359018710064705,0.8976726456180598,0.2913032633630936,0.7967791653962827,0.01772234007206398,9.986879205703735,0.0040680808354687905,0.007281313379692189,0.007660486092382294,0.007524347503656093,0.006107560063234714,0.10000814050553589,0.10002865306787073,0.1027478004776914,0.07188837145803888,0.07191440323742164,0.06443726764674552,0.018158824170165785,0.03973535098861929,0.006969052999139572,4.277429342323449,1.654928168390845e-05,5.3017524533284494e-05,5.868304717158255e-05,5.661580535577568e-05,3.7302289926019624e-05,0.010001628167375008,0.010005731434572444,0.01055711050300348,0.00516793795088898,0.005171681392994481,0.004152161461778318,0.00032974289524299714,0.0015788981181887683,4.856769970481627e-05,18.296401778569614
0.1,0.4,0.11709535719878539,0.11688551325403244,0.12087453095595717,0.1190438286021849,0.10960259683213738,0.8461067537106024,0.8460847011095536,0.8926682121894245,0.854263942441956,0.8542297528711897,0.9037507584847144,0.28784153530257633,0.7883405233710886,0.01897047852305492,10.74825735092163,0.008752770376852874,0.00941628512884233,0.01229219746938156,0.011999501328456369,0.015635107592155535,0.1427391915378851,0.14276722450123852,0.15286027118500567,0.1329944125996976,0.1330370446057581,0.12409470374954633,0.03162164567640254,0.07170902184311093,0.011713010748015389,2.575643136038897,7.66109892699132e-05,8.866642562765725e-05,0.0001510981186262704,0.00014398803213162617,0.00024445658941827964,0.020374476800889052,0.020382480391787042,0.023366262506753478,0.017687513782738605,0.017698855237434474,0.015399495498687667,0.0009999284752839474,0.00514218381369576,0.000137194620783124,6.633937564224285
0.1,0.5,0.11274238132318597,0.11127140766777202,0.11422111553512695,0.11224116641491569,0.09802548303126601,0.715630429422048,0.7155889044108432,0.7537808842271493,0.717623328206457,0.7175574400306821,0.7681131239459956,0.29008277592624376,0.7938578997596171,0.018209614697102788,10.601209545135498,0.012320011396231838,0.013959143775671968,0.009079881676614427,0.009221120357969887,0.019097881898704105,0.32077476685352474,0.32082101935408136,0.3408430444420927,0.2929742929001712,0.2930401059056188,0.30843303888231377,0.023436984286814812,0.05106088374313261,0.008834355974263013,4.152569912989141,0.00015178268080328234,0.00019485769494988146,8.244425126131842e-05,8.50290606561667e-05,0.0003647290930168499,0.10289645104993315,0.10292612645939186,0.11617398094455436,0.0858339363003553,0.08587250366917629,0.09513093947417889,0.0005492922324604044,0.0026072138486297044,7.804584547999658e-05,17.24383688226264
0.1,0.6,0.1185068753184674,0.1174322035038639,0.11815613557251259,0.11630982773571821,0.10516649737228374,0.8433654679255058,0.8433438146841364,0.8986111427110121,0.8530160295332656,0.8529832604717555,0.9108081081771442,0.292567043003328,0.7994933811181568,0.01718753878465237,13.38168249130249,0.004144672086286567,0.0075428477549043735,0.007049684248675678,0.0069968378468436105,0.005390424914475321,0.0964909413749909,0.0965112237760615,0.10165063155259993,0.06948143947432253,0.06950626420184537,0.06188050478259341,0.01751731989213175,0.038097775755056185,0.00631039570049992,5.1537935517445295,1.717830670284304e-05,5.689455225366594e-05,4.969804800602596e-05,4.8955739855023134e-05,2.9056680758596278e-05,0.00931050176743193,0.00931441631475302,0.010332850895042425,0.004827670431423945,0.004831120763296732,0.0038291968721485656,0.00030685649620327475,0.0014514405174825469,3.9821093896887875e-05,26.561587974003494
0.1,0.7,0.1185285116152606,0.11752725980114487,0.1169259561721587,0.1150718609264029,0.10598751611868315,0.8506467818595634,0.85062593009603,0.9010036989937097,0.8391759399980676,0.8391396528076799,0.9026755291638281,0.29608747301363686,0.8072158749894257,0.01563409857853488,14.793155026435851,0.004250772861006222,0.007416052557353195,0.00825805664352666,0.008358441617246888,0.006932549967508714,0.11156673231972453,0.11158852205941115,0.11277312287629356,0.08046481871272704,0.08049404099731602,0.06283324383677619,0.010687465311825068,0.022769739618465016,0.002877766712478033,4.600802024412139,1.8069069915867024e-05,5.4997835533424866e-05,6.819549952769481e-05,6.986354626892477e-05,4.806024905200507e-05,0.012447135760501065,0.01245199825540369,0.012717777243271606,0.006474587050472028,0.006479290636077593,0.003948016531051772,0.0001142219147914641,0.0005184610422926954,8.281541251446627e-06,21.167379267834836
0.1,0.8,0.11474513144986602,0.11203294354102551,0.11713982466459247,0.11503503135031719,0.09928427768337297,0.7676350554214263,0.7675971873211961,0.8102780615621406,0.7859555742130082,0.7858984389253718,0.8457941986644434,0.2901591910897109,0.7943982975707972,0.01757143204261691,14.770348405838012,0.008498001203696327,0.012553949746039213,0.00869087501819636,0.008644417931077359,0.012969510755694542,0.1890366035144734,0.18907535945253134,0.20781312398109505,0.14819614774436865,0.1482490910313969,0.14853650353083447,0.01741798977792383,0.037587955423090416,0.005816222613971119,1.4492129694155855,7.221602445802423e-05,0.00015760165422607804,7.553130858190958e-05,7.472596136713178e-05,0.0001682082092420764,0.03573483746828822,0.03574949155210393,0.04318629449878198,0.021962098206270743,0.021977792991635405,0.0220630928811656,0.00030338636790385907,0.001412854392888232,3.382844549526904e-05,2.100218230722339
0.1,0.9,0.11719541432983024,0.11685045261140796,0.11914665726533022,0.11731555262181714,0.10286809004717563,0.8112750373971354,0.8112485387234815,0.8674925460070726,0.8231674459405017,0.8231267633730834,0.8764562071973787,0.31724154306382496,0.8510925736794632,0.009665598354255369,17.51477997303009,0.007897474934711043,0.00898798810735111,0.007797515330820001,0.007595974720256894,0.009616210528797452,0.14675341741340078,0.1467830586990905,0.16094929391927862,0.1434452376691103,0.1434925662604454,0.15937424261912977,0.007698720001428345,0.015912677960042844,0.0018135733774397303,10.22346139938879,6.237011034438919e-05,8.078393021788498e-05,6.080124533437296e-05,5.76988319507818e-05,9.247150493415496e-05,0.021536565522511847,0.021545266321060644,0.025904675213114334,0.020576536209947538,0.020590116572008314,0.02540014921042124,5.927028966039287e-05,0.00025321331986003333,3.28904839535815e-06,104.51916298479263
0.1,1.0,0.11163367127163462,0.11163367127163455,0.11366417995087257,0.11194021679408332,0.1010136114719841,0.7014443139926357,0.701408568385407,0.7715906161761446,0.7411247164225427,0.7410742068727129,0.8068935786028671,0.35772299468116525,0.9260806320436853,0.00221382453500494,14.985576558113099,0.01012950341832005,0.010129503418320033,0.006075766679589205,0.006087705629674795,0.009612293463607,0.24642391586962525,0.24645338634349315,0.27062240470309606,0.25502685687594584,0.2550766687191941,0.2756049857246739,0.004115118977370349,0.008884226417494466,0.0004664665267117536,3.337060537013664,0.00010260683950175758,0.00010260683950175724,3.691494074480643e-05,3.706015983357419e-05,9.239618563050183e-05,0.060724746312520145,0.06073927164017509,0.07323648592728632,0.06503869772802418,0.06506410692488149,0.0759581081562977,1.6934204197913587e-05,7.892947903730656e-05,2.1759102054252712e-07,11.135973027693922
0.2,0.0,0.11854536557903157,0.11751050717697117,0.11696104228684287,0.11511242080628695,0.1058965755015437,0.8664227090474623,0.8664038004203316,0.9129308690054723,0.8634124134327934,0.8633816747151869,0.9169079801532843,0.2939006485857435,0.8023252590001417,0.016699717390037738,6.572474098205566,0.004261451679808645,0.007533527960659015,0.006535996154203507,0.006429105019166213,0.005948611306505702,0.10631178923405214,0.10633327354794428,0.10785670365751078,0.07536676965266802,0.07539242905373605,0.06479407883476788,0.017259500651126077,0.037564153854512575,0.006057358439054511,2.2608171120347915,1.8159970419343915e-05,5.6754043534031176e-05,4.2719245727763037e-05,4.133339134746819e-05,3.538597647588748e-05,0.011302196530145525,0.011306765063421946,0.0116330685238641,0.00568014996787832,0.0056840183586226245,0.004198272652046115,0.00029789036272622144,0.0014110656548054921,3.669159125918491e-05,5.111294014069335
0.2,0.1,0.11734147618568402,0.11530073610575438,0.1201843899367645,0.11820167349642055,0.10717955436438782,0.8181790965210514,0.8181515521644271,0.8691867670784126,0.8317067327316214,0.8316652198127858,0.8931856448578788,0.28892036300817947,0.7917480301773359,0.01829138126934671,9.583338356018066,0.005220968228863739,0.009516660181253345,0.008332845683330703,0.008543755773685973,0.006406185798579075,0.13156782802387035,0.13159474152937325,0.133340477291823,0.09168854927368247,0.0917223491955872,0.07708008144218119,0.01760988792809572,0.0385555932619731,0.006794778714213343,2.1715741255168814,2.7258509246804572e-05,9.056682100545297e-05,6.943631718220313e-05,7.299576272039241e-05,4.103921648591622e-05,0.017310093370918725,0.01731717599818255,0.01777968288441116,0.0084067900679125,0.008412989341957234,0.005941338955133286,0.0003101081528400913,0.0014865337717827058,4.616901777512674e-05,4.715734182614409
0.2,0.2,0.11707082465287803,0.11505077361730912,0.11620849264102609,0.11422937365077727,0.10430808413051593,0.8341078615778246,0.8340819504427204,0.8780896277353859,0.8430547683438789,0.8430150074479503,0.8980416667600476,0.28928273850161,0.7917812873626773,0.01885293485837047,9.798021388053893,0.006002896248684531,0.01024486663256236,0.007718752763379918,0.0072642317154855965,0.005594970662264312,0.14390669189361888,0.14393666785008036,0.15179740771275074,0.10883727880510576,0.10887739486932245,0.09538351799384032,0.02808821795656072,0.06178971322289006,0.0109656332762267,3.2886224370185038,3.6034763372470814e-05,0.00010495729231898963,5.957914422218512e-05,5.276906241626681e-05,3.1303696711598355e-05,0.020709135971764953,0.020717764351784355,0.02304245298831108,0.011845553257700321,0.011854287113530364,0.00909801550488126,0.0007889479879752601,0.0038179686601669946,0.0001202451131486903,10.815037533261524
0.2,0.3,0.11753990873065498,0.11706575751814148,0.11967561671136162,0.11784359749042783,0.10404013903313998,0.8327799348454505,0.832756115023497,0.8808040438019162,0.8209009349684813,0.820860277935377,0.8759173159431848,0.2888021707874938,0.790907247248906,0.01896100016945445,9.83448543548584,0.0072266958654910235,0.008726052949195148,0.007207248084367811,0.00713354736073343,0.013244699981930824,0.1512953674059903,0.15132517964126369,0.17083996900081386,0.12739737506173174,0.12743966735727277,0.13912161941145784,0.02611061639067822,0.05832435281049223,0.010779745873765706,2.5416237947328013,5.222513313230505e-05,7.614400007215734e-05,5.194442494962347e-05,5.088749794782688e-05,0.00017542207761135837,0.022890288198513593,0.022899309993460723,0.029186295008199043,0.016230091172619546,0.016240868816132334,0.019354824987666525,0.0006817642883011541,0.003401730130762773,0.00011620292110296876,6.459851513951966
0.2,0.4,0.11375004428056404,0.11002486087515348,0.12123333943161016,0.11900722467586047,0.10422321384755118,0.7405928818671763,0.7405490983035663,0.7822057575961412,0.7647105013897851,0.7646457099657225,0.8258191905849644,0.27275036755362053,0.7552916178098245,0.02534726249441362,10.620063710212708,0.00834503947387566,0.012703032827212047,0.009348413075891947,0.009005386734348118,0.013026422171274815,0.1834450632653184,0.18348330973204152,0.20379955212322576,0.13576020802152067,0.13580980544386123,0.13971655352793258,0.036529161725961504,0.08107280727156178,0.014668314191436459,2.828408609393681,6.963968382054296e-05,0.00016136704300922686,8.739282703750752e-05,8.109699023517306e-05,0.00016968767458428008,0.03365209123641667,0.03366612495022428,0.041534257445627415,0.018430834082046564,0.018444303254699437,0.01952071532972365,0.001334379656401451,0.006572800078891802,0.00021515944121869619,7.999895261692296
0.2,0.5,0.11855013916232202,0.11748692266861893,0.11909414232661848,0.11724698274411538,0.10739077562398017,0.8567130434890249,0.8566929747535147,0.9059810454664982,0.8484954373544669,0.8484612087939064,0.9081522373474596,0.2926414828525014,0.7996490305764716,0.01715856544242706,12.883883786201476,0.004131507374397987,0.0074922034417990455,0.006892593068306891,0.0068382814794963566,0.004739606047323598,0.11041925955643321,0.11044057485080606,0.10811823830071088,0.0765464919486606,0.07657481581481261,0.061965863470871956,0.017552137383197896,0.03817242850040161,0.006260337741695246,3.711012478395603,1.7069353184704947e-05,5.6133112413305463e-05,4.75078392052722e-05,4.676209359282288e-05,2.246386548382642e-05,0.012192412880990967,0.012197120573376498,0.011689553453249305,0.005859365429646362,0.005863702417072476,0.0038397682356907433,0.0003080775267186531,0.001457134297618273,3.919182864009394e-05,13.771613614807876
0.2,0.6,0.11747682671005448,0.11687462689124797,0.1145569249226571,0.11270955656762713,0.09969047983714037,0.8450967078591469,0.8450738641013361,0.8881669041343366,0.8283050290157645,0.8282652829654064,0.8831213455512514,0.2984948663742547,0.8123987099575742,0.01480175756047806,14.4190509557724,0.007516288507352872,0.009420470590575025,0.008769108235551172,0.009063282138505576,0.020153242531244838,0.1806052036076136,0.1806401341408481,0.1905623203212239,0.14075727387709974,0.14080404064732044,0.14148646357577982,0.005355832674294921,0.011227630005933067,0.0017790139684530487,2.8685547639980338,5.649459292576486e-05,8.874526614788897e-05,7.689725924681137e-05,8.21430831221542e-05,0.00040615318452317585,0.03261823957014756,0.03263085806242359,0.036313997926208735,0.019812610149312862,0.01982577786261227,0.020018419375180466,2.8684943635045078e-05,0.00012605967555012857,3.164890699951065e-06,8.228606434055816
0.2,0.7,0.11759816506930727,0.11713215450782817,0.12152488253011177,0.11969722989949769,0.1063985363164484,0.8639627926886637,0.8639428656677147,0.9002476648948896,0.8471941255377002,0.8471590634727459,0.8938213308382308,0.28943305743549796,0.792757739929345,0.018099193154397918,14.553263926506043,0.007110339205335596,0.008583515632418657,0.0067694451649758305,0.006508839180956015,0.009752465328306596,0.15733586100474067,0.15736561050295608,0.16977126578442342,0.12409301148085049,0.12413258927570349,0.13020236990388845,0.01899290982408428,0.041836979714823884,0.0065857916262159555,2.254179631926392,5.0556923614932435e-05,7.367674061197546e-05,4.582538784161465e-05,4.236498748354817e-05,9.511057997982228e-05,0.024754573158103078,0.02476393536896808,0.02882228268604534,0.015399075498386492,0.015408899720290498,0.016952657128588997,0.00036073062358579706,0.001750332871658585,4.3372651343936195e-05,5.081325812991803
0.2,0.8,0.11848072015352853,0.11768536857826775,0.11853970446662063,0.1166883560061974,0.1058259051919733,0.8455669956944213,0.8455455451840616,0.8988622920326108,0.8702340321586011,0.8702045050387625,0.9245983408871019,0.29268770971974106,0.7999105243699318,0.01736236454761576,17.47424340248108,0.0043073735786921,0.006822081802128405,0.005300010334002213,0.005472747366985871,0.004979397193605461,0.10367138902269576,0.10369263336652754,0.10940634160702613,0.07681012757064092,0.07683586194161107,0.05911493478873431,0.01416366816353019,0.03070087330277684,0.005999474483774925,5.692502552401778,1.8553467146414792e-05,4.654080011493154e-05,2.8090109540530252e-05,2.995096374285079e-05,2.479439641168594e-05,0.010747756901895123,0.010752162214485099,0.011969747583833297,0.005899795697418131,0.0059037496803103166,0.0034945755150763095,0.00020060949584659867,0.0009425436215531555,3.599369408146641e-05,32.40458530910075
0.2,0.9,0.11245009993008101,0.11093666847208612,0.12386970637299835,0.12179458824790819,0.11261923777014834,0.7498013282126785,0.7497604386899176,0.7903429885810228,0.7853408998994273,0.7852839308520074,0.8384752405683464,0.31678644103333614,0.8499390517944446,0.01040285567485075,15.95694034099579,0.012213530412085939,0.014280427184430606,0.01208386213864806,0.011615949742466367,0.013660080407011761,0.20900681016531716,0.20904927940868828,0.22946728366948033,0.15158804220234706,0.15164134977692595,0.15185208894030233,0.014733986419721266,0.030776881633164183,0.006898917560902543,3.58607556464145,0.0001491703251269481,0.00020393060056982467,0.00014601972418585207,0.00013493028841950444,0.00018659779672602659,0.04368384669548093,0.043701601221291825,0.05265523427464975,0.02297893453874055,0.022995098962167997,0.02305905691553349,0.0002170903558165307,0.0009472164430617988,4.7595063512129496e-05,12.859937955318497
0.2,1.0,0.11447750379170654,0.11307731782782864,0.11368346930758025,0.11170396172214483,0.09766772039742624,0.7243536630847618,0.7243131661268806,0.7872374284908008,0.7825871721666119,0.7825339738026431,0.8486579112699492,0.35028403987517953,0.8937074961940557,0.00738581771761067,17.331770014762878,0.009138832113242677,0.011746185903414271,0.006558386238687494,0.006331655564114526,0.016217966477631456,0.15630891749864873,0.15634341218000805,0.17750396423060177,0.1339522853032142,0.1340005159063189,0.14023188557353858,0.018987601659013285,0.07867358145779223,0.015045798437384662,10.23231075516764,8.351825239403561e-05,0.00013797288327756815,4.301243005580549e-05,4.0089862182582444e-05,0.00026302243666957763,0.024432477689599375,0.02444326253208789,0.03150765731757875,0.017943214737953697,0.017956138263159623,0.019664981731510017,0.00036052901676136406,0.00618953241939587,0.00022637605061840677,104.70018339031938
0.3,0.0,0.11862194187056765,0.11747492547038732,0.1164155499936809,0.11456329505004803,0.10436705900100111,0.8492662057378718,0.849245302580762,0.9033547460231294,0.8600586280291374,0.8600264378228267,0.9173606895440637,0.29436302288007915,0.8031733010971832,0.01668790167650469,10.498785948753357,0.0037092873256931564,0.0073361169164773065,0.007694472872299977,0.007486201929818463,0.0067586457133765165,0.09357348811674261,0.09359336496405458,0.09799070857022499,0.08393816736585208,0.08396882872202299,0.06831620195379742,0.019520184064766962,0.042634173046134136,0.007286787279336205,3.2406190187113895,1.3758812464547889e-05,5.38186114122245e-05,5.9204912782560254e-05,5.6043219334017676e-05,4.567929187894276e-05,0.00875599767833417,0.00875971796529472,0.009602178966094764,0.007045615940737795,0.007050764196948434,0.004667103449392035,0.000381037585922382,0.0018176727113277103,5.3097268854295926e-05,10.50161162443397
0.3,0.1,0.11858225469891766,0.11762683200854132,0.11698090327274088,0.11512627410358271,0.10548936669557156,0.8727936973174499,0.8727755600049634,0.9162771062454583,0.8701040486508406,0.8700740680263715,0.9239494267613277,0.2952304723232698,0.8055009541501187,0.01592231313695028,13.83667197227478,0.0041102516785755825,0.007130919541037126,0.006940041962394567,0.007067522087056623,0.005541245520475932,0.11223286090232798,0.11225470152876374,0.10999154769988752,0.08019742954269937,0.08022638746285592,0.06147627996372268,0.007365953375703686,0.01556316124564955,0.0019596464054381893,3.1186104868101463,1.6894168861233394e-05,5.0850013500745134e-05,4.8164182439797436e-05,4.9949868451033206e-05,3.070540191819458e-05,0.0125962150663213,0.012601118015311833,0.01209814056541663,0.006431627705256231,0.006436273245340285,0.0037793329981780106,5.425726913304052e-05,0.00024221198795808805,3.840214034346816e-06,9.725731368442219
0.3,0.2,0.11493492497923119,0.11257070387469312,0.12175441160963227,0.11966053087547786,0.103532562451175,0.764876962795792,0.7648392432623834,0.812100419360035,0.7939924568408261,0.7939380890164408,0.8516074668488841,0.2799778900849814,0.771471284659258,0.022254965483642038,14.359686827659607,0.008285387426156048,0.011713452897894282,0.009180365016382846,0.009066126639531533,0.010548556575882261,0.16814189302342533,0.1681772201465809,0.19011359207695167,0.1356385143795513,0.1356866737251793,0.13995779151834806,0.03179056971657172,0.0713198971882762,0.013764574878813838,3.3306628035113635,6.864764480150473e-05,0.00013720497879118795,8.4279101834026e-05,8.219465224402332e-05,0.00011127204583458888,0.028271696189501008,0.028283577376231536,0.03614317789240158,0.01839780658309174,0.018410873426603268,0.019588183406693382,0.0010106403229042072,0.005086527734946287,0.00018946352159447297,11.093314710694175
0.3,0.3,0.11368911419004173,0.10999774391753789,0.11963257037368598,0.11740541549314894,0.10107697800316891,0.7446711809701596,0.7446281163659714,0.7858037786833958,0.7837062367888172,0.7836457137088069,0.8380514179552543,0.27481350515097985,0.7599513198611081,0.024322091433763578,15.028863191604614,0.00828521467484108,0.012623731046525023,0.010129286848069356,0.009749839893568665,0.011881667554861067,0.180217914428095,0.18025545194081175,0.20098609036123832,0.14630776980859753,0.14635890151310071,0.14658999453833654,0.03510808150362613,0.07780841819598967,0.013981324013090095,4.089742532350393,6.864478220820198e-05,0.00015935858553499973,0.00010260245205047082,9.505937795022302e-05,0.0001411740238842382,0.03247849668081218,0.03249202795438629,0.04039540851869586,0.021405963506365564,0.02142092805212151,0.02148862649874954,0.0012325773868652554,0.006054149942162018,0.0001954774211590097,16.725993980915806
0.3,0.4,0.11746785452439745,0.11713090252349272,0.11975659441330219,0.1179262105210224,0.10263755036549009,0.8541451566387506,0.8541238226525067,0.891863914845284,0.8557288481706792,0.8556950181758575,0.8965867140520934,0.28771694437223727,0.7883221618139193,0.01985030980556568,14.534820747375488,0.007657613874094389,0.008722948301938113,0.007458714003934864,0.007277079957695513,0.012086013876018884,0.1682302083745285,0.1682618834929812,0.18174119914800774,0.14612757784690833,0.14617276838884352,0.1531566889728391,0.02912373032393232,0.06570836693462172,0.013447808916732132,2.949465314213015,5.863905024472287e-05,7.608982707828502e-05,5.563241459249404e-05,5.295589271069372e-05,0.000146071731411321,0.028301403009737283,0.028312061436605584,0.033029863467755806,0.021353269007404255,0.02136647821845849,0.023456971377122975,0.0008481916679811349,0.004317589485214889,0.00018084356466094021,8.69934563974568
0.3,0.5,0.11983856070165318,0.11983856070165318,0.1149026922064472,0.11318121785282813,0.10407866155703635,0.8849272840281612,0.8849135235309932,0.9386616944300383,0.8707643850525473,0.8707391804198071,0.9271165159307502,0.30089955527299,0.8174371832986518,0.014277166694680609,13.477883338928223,0.00010517390503776899,0.00010517390503766125,0.006283725852621434,0.006296098200677345,0.004879204791965687,0.027167223796891772,0.02717047153329141,0.018449220313355042,0.030990032625285005,0.030996082831264808,0.022219175790890163,0.00486737613783314,0.01021103530683868,0.0015879951695206317,1.1875498630030767,1.1061550300893649e-08,1.1061550300870985e-08,3.9485210590902964e-05,3.964085255257251e-05,2.380663940194093e-05,0.0007380580488304026,0.0007382345233413989,0.0003403737301707123,0.0009603821221162291,0.0009607571508826291,0.0004936917728264794,2.3691350467147457e-05,0.00010426524203750609,2.5217286584208597e-06,1.4102746771186263
0.3,0.6,0.1171352751094334,0.11518210736268544,0.11460988144015856,0.11261418150840434,0.10242803903912212,0.8147417955681477,0.8147134369981532,0.8658230050504692,0.8321662522939276,0.8321238404068574,0.8947853982218625,0.2948760451923016,0.8047038214886317,0.01572219029186342,15.050363230705262,0.005757581173882595,0.00986859637550986,0.007065778950636398,0.007450690934641194,0.005281671037864144,0.14040016067094613,0.1404298226564914,0.14810693431406022,0.10262711360317264,0.10266704995238786,0.0850479929282916,0.009400367330844935,0.019884105247506858,0.0022449374990026255,2.398665956083116,3.3149740973847286e-05,9.738919442272633e-05,4.99252321792564e-05,5.551279540354446e-05,2.7896048952212908e-05,0.019712205116427486,0.019720535091333626,0.02193566399190935,0.010532324446518504,0.010540523145926104,0.007233161101130737,8.836690595481671e-05,0.0003953776414939298,5.039744374428163e-06,5.753598368872129
0.3,0.7,0.1186077704778292,0.1175753999790887,0.11697590546897585,0.11512903918967228,0.10537959537534644,0.8827502413758255,0.8827332035883868,0.9230308098763953,0.8745899872408739,0.8745610732152617,0.9221388703559384,0.29337687490003195,0.8009627291365774,0.01733303021788716,15.060297679901122,0.004076779073220729,0.0073407211466259515,0.007179400801131934,0.006869494307960812,0.0056548016383565205,0.11433283936016805,0.11435559156212702,0.11207300050932038,0.08696258877397683,0.08699211606654235,0.07536119201107026,0.02149192089140635,0.047298173529078065,0.008896841328288434,1.4816311392474688,1.662012761185047e-05,5.388618695252143e-05,5.154379586329386e-05,4.7189952047105985e-05,3.1976781569159584e-05,0.013071998156157994,0.013077201321524018,0.012560357443162126,0.007562491846271801,0.007567628257734775,0.005679309261329401,0.00046190266360246864,0.002237117219186781,7.915378562074109e-05,2.195230832787752
0.3,0.8,0.11742672775849898,0.1170539924099421,0.12190703633338743,0.12008153897449089,0.10645190171344612,0.8438457054615809,0.8438231555525117,0.8891648666602758,0.8196867413394479,0.819645879765354,0.8731604256748046,0.29431463457586915,0.8034846115575192,0.01632849484182971,15.919915199279785,0.00768845231549663,0.008867077259943991,0.008538237337811491,0.008332055144913822,0.01170091924068195,0.15711346449872213,0.1571441801403531,0.17069569427375783,0.12873027089996053,0.12877258863834978,0.1456720812297859,0.010543773921084952,0.022539793711946036,0.003165452217403811,1.9901871514775316,5.911229900766548e-05,7.862505913381583e-05,7.290149683679825e-05,6.942314293788488e-05,0.00013691151107696108,0.02468464072679122,0.02469429335198375,0.0291370200436002,0.01657148264597723,0.016582379584621654,0.021220355249817344,0.00011117116849895116,0.0005080423005770821,1.0020087740666706e-05,3.960844897906251
0.3,0.9,0.11490447365228369,0.11207025911322047,0.11931462342003867,0.11721464232556182,0.1053215363334192,0.753081461609015,0.7530414520791386,0.8012286419818038,0.7976058051728139,0.7975521128469074,0.8606652350539447,0.30646018522502916,0.8280777167379265,0.01517703411805046,18.496463704109193,0.007763589972914136,0.012323394960954547,0.008268657782776918,0.007739884821642725,0.0050143733070600015,0.1848442952090939,0.18488316529129786,0.20076429690259032,0.11916179866583734,0.119207810493911,0.10899292331086462,0.02204005148355045,0.04670477290625422,0.010101812405876938,5.1183640321308905,6.027332926753292e-05,0.0001518660633636799,6.83707015286773e-05,5.990581705229544e-05,2.5143939662555858e-05,0.03416741347134665,0.03418178480812936,0.04030630291079143,0.014199534261277553,0.0142105020827522,0.011879457331848016,0.0004857638693975545,0.0021813358122247787,0.0001020466138835292,26.19765036541119
0.3,1.0,0.11339870297331707,0.11314041262885495,0.1133602287123264,0.11151293146271184,0.09764345573325668,0.739636208145871,0.7396011799528719,0.8157817389563993,0.7807070568823267,0.7806589546410987,0.8493420667021869,0.3499612520217074,0.8946026415876942,0.00934457232680293,15.653926014900208,0.007977388749675324,0.008680413798030804,0.006819792370267719,0.006995429818810706,0.017146260165267574,0.10403205209969398,0.10405654660026899,0.11591744720042181,0.0965759807532538,0.09661135779197098,0.11636220536545855,0.022428533946670295,0.09508997676282588,0.022363876241836177,5.950594645147365,6.363873126344643e-05,7.534958370504357e-05,4.650956797356179e-05,4.893603834990599e-05,0.0002939942376550416,0.010822667864073442,0.01082776489037395,0.01343685456546258,0.00932692005845285,0.009333754454408231,0.01354016283751315,0.0005030391349969417,0.009042103680754764,0.0005001429605601646,35.40957663085649
0.4,0.0,0.11482603095418498,0.11230712709828894,0.11741083582805338,0.11530253020612984,0.09985120456518455,0.7755886529090631,0.7755519728630852,0.8150808235068894,0.8090359071749242,0.8089843325426551,0.8631767366585393,0.2851725979578993,0.7830995766266026,0.0197489924586075,12.440618872642517,0.008269760844266652,0.012063719564047127,0.00871673691640582,0.008869497397362104,0.011316350900566432,0.1899921898361401,0.19003029128865825,0.20649302697285293,0.14652566188814167,0.14657637857594183,0.14323870438150788,0.026808955306903477,0.060005750358827215,0.011365711419176411,2.290641954380599,6.83889444213659e-05,0.0001455333297199734,7.598150246983205e-05,7.866798408181312e-05,0.0001280597977047507,0.0360970321987319,0.03611151160725231,0.04263937018841137,0.021469769591758014,0.021484634756437818,0.020517326432893005,0.0007187200846475481,0.003600690076125892,0.00012917939606399707,5.247040563168569
0.4,0.1,0.11710142745414276,0.11679657545445701,0.1140929608728292,0.1122464818505915,0.09876635747243137,0.8342734353720586,0.8342489731851461,0.877560945953148,0.841228852211654,0.8411913978269236,0.888736236050318,0.2989050437966462,0.8132530869182384,0.014926603948515721,13.294174814224244,0.00858394761230488,0.009547894858248496,0.008259268224997488,0.008565400083814512,0.017004357358603953,0.19520035931603824,0.1952380301366779,0.21069194141351663,0.15986648620022437,0.15991756860611273,0.16271906058581143,0.005673853975551792,0.011906343753797335,0.0018889373183736708,1.339114379279293,7.368415661079467e-05,9.116229622416808e-05,6.821551161245316e-05,7.336607859580963e-05,0.00028914816917910836,0.03810318027711044,0.03811788841165035,0.04439109417659673,0.02555729341000653,0.025573628748890766,0.026477492677928968,3.219261893588487e-05,0.00014176102158358883,3.5680841927447144e-06,1.793227320792566
0.4,0.2,0.11849188893619829,0.11743172180582333,0.11836859664344235,0.11652239217954408,0.10477043256799404,0.8459594201297174,0.8459380979217697,0.9003523311468028,0.8614199226646791,0.8613887286323202,0.91650072786032,0.2920648421515773,0.7984505852030173,0.017352873934357298,15.728029584884643,0.00414188748951656,0.007494105650737672,0.006521715372676386,0.006480622970805998,0.003809082705686628,0.09627060686355726,0.09629080051193464,0.10156724435512818,0.07181550642378595,0.0718413809191705,0.06320321792513625,0.01712903278464297,0.037272622155320206,0.006126130883988497,2.2727559751814534,1.7155231975813786e-05,5.6161619504418305e-05,4.25327714022035e-05,4.199847408973837e-05,1.4509111058760962e-05,0.009268029745877598,0.009271918263229194,0.010315905125894318,0.005157466962904841,0.005161184012373355,0.0039946467560922645,0.0002934037641373738,0.0013892483623332667,3.7529479607757676e-05,5.165419722722999
0.4,0.3,0.11982834671428946,0.11982834671428946,0.11696183132069038,0.11524449452470868,0.10496495613382303,0.8789030090988994,0.878888528798327,0.9337065769098493,0.8795011257354375,0.8794776303076197,0.9332578312477056,0.2984924901152112,0.8123841656237223,0.015073340482151148,14.297169089317322,0.00020143864151849644,0.00020143864151851793,0.0077066196746352995,0.007721679392956969,0.006396357943535588,0.047977293483415645,0.047983028936924,0.03228561139694495,0.04401829431100366,0.04402687989709699,0.030135669204395886,0.005932233556967646,0.012462559996552762,0.001934497276046704,2.881848255450647,4.0577526296817314e-08,4.0577526296825976e-08,5.9391986809475884e-05,5.96243326476163e-05,4.091339494183082e-05,0.0023018206899937973,0.002302371065961686,0.0010423607032745415,0.0019376102340501373,0.0019383661534734034,0.0009081585583967746,3.519139497441301e-05,0.0001553154016676772,3.742279711032118e-06,8.305049367443937
0.4,0.4,0.11985316779183659,0.1198531677918366,0.11668686158698469,0.1149690125110199,0.10506529836145824,0.8792864824366902,0.8792720481945707,0.9348339321857004,0.8738540474194151,0.8738294518374655,0.9303492920175949,0.29977793292326294,0.8150959000879036,0.01458619229529591,14.359340906143188,0.00011355020389330966,0.00011355020389335352,0.006739355689994381,0.006752539357178864,0.005653989025556142,0.03077072960424633,0.030774408025228833,0.02047497333564588,0.032716867932926455,0.0327232509154412,0.0228393949858751,0.004638696384496834,0.009740038844239959,0.0015032479731515544,1.3740834606866477,1.2893648804212197e-08,1.2893648804222155e-08,4.5418915116259644e-05,4.559678777024955e-05,3.1967591901109297e-05,0.0009468378003776416,0.0009470641893032689,0.00041922453309540977,0.0010703934473405513,0.0010708111504749232,0.0005216379633208167,2.1517504147543998e-05,9.486835668730328e-05,2.2597544687842563e-06,1.8881053569325938
0.4,0.5,0.11983521815500123,0.1198352181550012,0.1132192837805814,0.1114944958483923,0.10303363652563816,0.8948809686802361,0.8948683983927314,0.9451859383604049,0.8762956891520768,0.8762715616580549,0.9305740700289216,0.30223018471514884,0.8202215448622642,0.013838151718484671,14.649452686309814,0.00010011901679379787,0.00010011901679388934,0.005317725444957011,0.005328128874246676,0.004625830640957497,0.021983692572619576,0.021986320494987003,0.014480166474170351,0.03418056953932805,0.034187242228050495,0.024326354162017706,0.004235591674646554,0.008891954718802343,0.0013800038081942254,1.3163539276122145,1.002381752375678e-08,1.0023817523775096e-08,2.8278203907943244e-05,2.8388957300581145e-05,2.1398309118821253e-05,0.00048328273912744916,0.00048339828890828554,0.00020967522111968703,0.0011683113340328405,0.0011687675311593988,0.0005917715068159162,1.7940236834335205e-05,7.906685872123125e-05,1.9044105106305643e-06,1.732787662740103
0.4,0.6,0.11382518763841351,0.11029566404373214,0.12470104367046173,0.12248383614552194,0.10665500910628516,0.7336632700671315,0.7336188889028132,0.7809289548639157,0.7615680577825501,0.7615024039633161,0.8217761605903545,0.2710708962977523,0.7519396714395435,0.026311144937111952,15.692564034461975,0.008253524680273691,0.012237506375311149,0.008376256220327376,0.007989112287960788,0.012881948530659612,0.16797726282592365,0.16801334125917292,0.19142263839959903,0.14221438201732134,0.14226551161270623,0.15076505966371123,0.0336335479742386,0.07461635573853118,0.014255297700165034,2.0695370539551163,6.812066964788694e-05,0.00014975656228578103,7.016166826857307e-05,6.382591514964607e-05,0.00016594459794656337,0.028216360826489435,0.02822848284107129,0.036642626491863645,0.020224930452568613,0.020239475794425053,0.022730103215402406,0.0011312155493354093,0.0055676005436990335,0.0002032135125203305,4.2829836176932226
0.4,0.7,0.1197632316065631,0.11976323160656317,0.11942055621070609,0.11770801079174295,0.1064684688870613,0.8650417584914951,0.8650256214364915,0.9246263273671964,0.864846774021094,0.8648204218709917,0.9235246441998397,0.2969434376698673,0.8091254801184998,0.015554791876605079,13.874661731719971,0.00019194616202912164,0.00019194616202905835,0.007403491919688769,0.007418091086985055,0.0050887150693316036,0.04566778864112339,0.045673247725116745,0.03126183262665241,0.037072562523703584,0.03707979340610989,0.025780288303117054,0.006363231455676093,0.013372974311518245,0.002069110059323624,0.9302887829862783,3.684332911770982e-08,3.6843329117685524e-08,5.481169260489689e-05,5.502807537480712e-05,2.5895021056842547e-05,0.0020855469193703183,0.0020860455577598816,0.0009773021791768287,0.0013743748920739115,0.0013749110790397905,0.0006646232649918341,4.049071455850569e-05,0.00017883644193652688,4.281216437594211e-06,0.8654372197500908
0.4,0.8,0.11971348873753185,0.11971348873753185,0.12053390129585576,0.11882360897236059,0.10662302648290926,0.8544909985578822,0.8544736003707694,0.9177589225401201,0.8645135969003519,0.8644871842616707,0.9238370020860318,0.2954577415573455,0.8060111526326862,0.01601972255533106,13.588420343399047,0.00015111941296102693,0.00015111941296111993,0.006750244614455865,0.006763497923165345,0.0050736152082918136,0.039174282162132514,0.03917896533577834,0.026643687197491012,0.038063265999611344,0.0380706865976124,0.025829743852804687,0.005741884278003247,0.012072576503602146,0.0019219180108491804,1.2828569428128542,2.2837076973685392e-08,2.2837076973713506e-08,4.556580235499042e-05,4.574490415666193e-05,2.574157128180998e-05,0.0015346243829183737,0.0015349913247821208,0.0007098860674777465,0.0014488122185571687,0.0014493771780136244,0.0006671756675015014,3.296923506198087e-05,0.00014574710343532663,3.6937688404264707e-06,1.6457219357231427
0.4,0.9,0.1121240946892886,0.10888201337567605,0.11508675299566924,0.11284508756098219,0.09378205528711123,0.6961705043619846,0.6961196758439894,0.7449608051056857,0.7477631448927669,0.7476933303318681,0.8099899190052635,0.30633958319776555,0.8216902010655008,0.01722659164655259,15.904052257537842,0.010163210559439891,0.014013119198464728,0.010523742370140672,0.010911906972005047,0.023601982858129436,0.206372424478573,0.2064159486352265,0.22402479342639936,0.16750507845571871,0.1675641649389392,0.17001300908436673,0.023581078733487616,0.06315235247566496,0.015490831816736945,3.677812800774079,0.00010329084887551052,0.00019636750967038077,0.00011074915347309402,0.00011906971376569234,0.0005570535948354357,0.04258957758516432,0.042607543850980464,0.0501871080697409,0.028057951308456484,0.02807774937168402,0.028904423257920968,0.0005560672742349419,0.003988219623210627,0.00023996587037442967,13.526306997537676
0.4,1.0,0.10759059238591658,0.10659710900146327,0.11428871388772163,0.11232089200378062,0.09725787091321582,0.7009297592585838,0.7008859723841938,0.772230913931031,0.7577987052467103,0.7577400951050501,0.8232918527097579,0.34641705986601884,0.888880306448022,0.007831133203949282,17.9838547706604,0.0093750354253417,0.0114066227227973,0.006454072976103101,0.006023323089795157,0.009447276188301715,0.15433218062040427,0.15436744218231663,0.17192355342001636,0.14473674132739764,0.14478865237331173,0.16158277832104334,0.024804591515659002,0.07924998838347211,0.013296344762712966,12.526012372362718,8.789128922641181e-05,0.00013011104194023568,4.165505798086434e-05,3.628042104405948e-05,8.925102737805259e-05,0.02381842197504909,0.023829307205910866,0.029557708220565224,0.020948724290074015,0.020963753856079705,0.026108994249947434,0.0006152677602587026,0.006280560658780465,0.00017679278404892452,156.90098595258388
0.5,0.0,0.11519871195673814,0.11298263644820353,0.12288666441209994,0.12079291216886234,0.10524780495134871,0.7947537540161688,0.7947196337245043,0.8334880324807681,0.8023104572387858,0.8022575925706235,0.8548439218742733,0.27851999718244164,0.7681332671670886,0.023516108912538507,13.669401597976684,0.00822928642134136,0.011265915739641755,0.008514818921011798,0.008223662280092317,0.011048528753756982,0.18642956866524327,0.18646703165430584,0.1989462423339844,0.14310567592901113,0.14315549082418888,0.15086681098158272,0.033546409461598,0.07553376576941755,0.015586549366409371,2.83808384697565,6.77211550044733e-05,0.00012692085745270783,7.250214125762051e-05,6.762862129701316e-05,0.00012206998762259483,0.034755984072708655,0.0347699538939679,0.039579607338812446,0.020479234483099157,0.02049349455311443,0.02276079465575261,0.0011253615877651918,0.005705349771309234,0.00024294052115151637,8.054719922464106
0.5,0.1,0.11721667318373774,0.11684073095464564,0.11839579246479552,0.11655848597511934,0.10253941109969548,0.8340094845504741,0.8339851646312564,0.8782332329329655,0.8318352435235254,0.8317961308906107,0.8832682985849132,0.29433001064595055,0.8036007503954925,0.016243562320973938,14.909195280075073,0.008314781242895228,0.009503520400497322,0.008169805258041483,0.008465459235647106,0.01773945936665163,0.18618171099120331,0.18621773694035226,0.20231579583264606,0.15162346394819762,0.15167234301193877,0.1575127365054405,0.0074363042294074404,0.01577082707649411,0.0020511181827925287,1.760180132697175,6.913558711720233e-05,9.03169000026688e-05,6.674571795432227e-05,7.166400007040287e-05,0.00031468841862108423,0.034663629507611954,0.03467704555118624,0.040931681243396925,0.02298967481965038,0.02300449963473121,0.02481026216143233,5.529862059230298e-05,0.00024871898667667974,4.2070857997821246e-06,3.0982340995418447
0.5,0.2,0.11985242292636644,0.1198524229263664,0.11555609892169508,0.11383614370780545,0.10277250273505298,0.8887897971841175,0.8887764992914959,0.9408152910591119,0.8981967728226999,0.8981769272902955,0.9466105053549159,0.298893010331306,0.8132404164696057,0.0148798310933309,14.773873257637025,0.0001585064081667558,0.00015850640816672133,0.005642272907560627,0.005653348119151922,0.0037831755053387424,0.03382815747899569,0.03383220187491564,0.022100262612275795,0.028348729005067567,0.028354253488710807,0.017576968711783075,0.004853006976293302,0.010191614284197332,0.0015835747675307843,1.6561860590383832,2.512428142992619e-08,2.512428142991526e-08,3.183524356339265e-05,3.196034495631857e-05,1.431241690419505e-05,0.0011443442384237318,0.0011446178837050452,0.0004884216075315553,0.0008036504362027593,0.000803963690902069,0.0003089498290950012,2.3551676711951458e-05,0.00010386900171785511,2.5077090443601774e-06,2.742952262153091
0.5,0.3,0.11746049810271597,0.11705050367721974,0.1189889118848662,0.11715638732492281,0.10242941605844162,0.8254771296163256,0.825452431204843,0.8754896520322971,0.8272687005263704,0.827229477150269,0.880783714550908,0.2890821867277356,0.7913028065465944,0.01905777370358771,14.911401629447937,0.0073015332412070255,0.008597781389133188,0.008806196809414052,0.008680650956398412,0.013313847631999292,0.1502406565731477,0.15027026349977965,0.17128415823199833,0.12510033639101184,0.12514145387564918,0.1389839865042722,0.028414802347971092,0.06369609930341573,0.01205255567876603,1.5578815675849522,5.331238767245117e-05,7.392184481532502e-05,7.754910224613422e-05,7.535370102682065e-05,0.00017725853876809314,0.022572254887530507,0.022581152092293208,0.02933826286124424,0.015650094165144318,0.01566038347811123,0.01931654850461972,0.0008074009924742635,0.004057193066470598,0.00014526409838975528,2.4269949786209484
0.5,0.4,0.11021276476610231,0.11021276476610234,0.10871266902405774,0.10697923062317935,0.09265921518361685,0.6205412068184863,0.6204958257473332,0.6581735077791995,0.6290345827514614,0.628962217819872,0.6657292840263556,0.2868269485157389,0.7870017343326674,0.01917367947600702,13.987837409973144,0.015586069907448812,0.01558606990744878,0.01063812874794254,0.010659072729482825,0.01657141693029268,0.4274967117755086,0.42754784051969713,0.453260232421186,0.42649201838794226,0.4265752364594704,0.44869804676873626,0.0224031056360694,0.048482852619405346,0.007868065816415604,1.942170708141958,0.0002429255751598814,0.00024292557515988045,0.00011316978325780151,0.00011361583145240446,0.0002746118590775909,0.18275343857887227,0.18279715593305637,0.20544483829450755,0.18189544174862088,0.18196643236045304,0.20132993717407902,0.0005018991421408847,0.0023505869981149796,6.190645969144775e-05,3.7720270595646346
0.5,0.5,0.11989392391519826,0.11989392391519822,0.11651295787413134,0.11479471975779579,0.1045490355912024,0.8951313409117484,0.8951188014469414,0.9444912377832629,0.8832769056744606,0.8832541454230005,0.9359357617027945,0.2994949195261493,0.8145022218277063,0.014671242652836938,14.712806367874146,0.00012634716642713522,0.00012634716642719615,0.005439846055358326,0.0054505613586694635,0.0038175274688570866,0.03807563780402847,0.038080189864154124,0.02324615218385483,0.026501295921119623,0.026506468759537556,0.018463568207861967,0.004749981038150299,0.009963400338320747,0.0015254045444045479,1.2111249386207241,1.5963606464166204e-08,1.59636064641816e-08,2.9591925105997546e-05,2.970861912462071e-05,1.4573515975478395e-05,0.0014497541941835622,0.0014501008600900265,0.0005403835913549386,0.0007023186854987515,0.0007025928861003404,0.00034090335096637113,2.2562319862787395e-05,9.926934630164998e-05,2.3268590240900465e-06,1.466823616949053
0.5,0.6,0.11985427470376306,0.11985427470376302,0.11740131352600758,0.11568480179230747,0.10617314187294583,0.8806672803482589,0.8806530106258501,0.9358487416390184,0.8732827200562315,0.8732580113328214,0.9297243447354451,0.2990790800052704,0.8136197704662603,0.014883991478952219,13.652374601364135,7.617266742922513e-05,7.617266742917745e-05,0.006890106035111049,0.0069035331318590505,0.006346763837085317,0.028735402812843466,0.028738838077555947,0.01938403121249579,0.033030845960647,0.03303728924546218,0.022810448382802776,0.005542449476879346,0.011626805961564946,0.0018252907324642475,0.8288806782492794,5.802275263283335e-09,5.802275263276071e-09,4.747356117507369e-05,4.765876970267563e-05,4.0281411203733935e-05,0.0008257233748163722,0.0008259208140479796,0.00037574066604701106,0.0010910367848759902,0.0010914624806883312,0.0005203165554245098,3.071874620376014e-05,0.00013518261686788218,3.3316862580198694e-06,0.6870431787749853
0.5,0.7,0.11360918497033308,0.11248132699701499,0.12460930899134937,0.12253791375106401,0.10643567299528309,0.791476117894238,0.79144130105386,0.8279700597625821,0.8017249680943213,0.8016718769457111,0.8491297294316558,0.28092414411796746,0.7731835878242701,0.02288700941401903,15.86870367527008,0.01059258886420303,0.01191184884775326,0.023973055909389186,0.0236854705777365,0.02125716079257445,0.19396163990378534,0.19400061678619582,0.20762591643218095,0.15549458904446933,0.15554744709191032,0.15925501740321968,0.03494848746275925,0.07826278604906581,0.01744683986955344,4.000717991422347,0.00011220293884603804,0.00014189214297172063,0.0005747074096346998,0.0005610015164888215,0.00045186688496136443,0.0376211177541657,0.0376362393134244,0.043108521174302986,0.0241785672221084,0.024195008296810636,0.025362160568099805,0.0012213967759346406,0.0061250636801618505,0.0003043922214338394,16.005744446890457
0.5,0.8,0.11849301587983962,0.1177262958045899,0.11849297879966861,0.11664718429810313,0.10632311459993622,0.8568250992959792,0.8568049340425574,0.9065688609110621,0.8600592871157204,0.8600275303233176,0.9151308661813902,0.29337580967457216,0.8011979132900808,0.018224659475653448,14.55187406539917,0.004325256731233178,0.006749254694914696,0.008482454049975672,0.008226330718714021,0.007048146665324555,0.10963460752520361,0.10965663978979454,0.10965634441880409,0.07969839291857032,0.07972614897701567,0.06785782030080466,0.017598558369284804,0.03837275066386721,0.010551186621654577,2.0917430359131166,1.8707845791077914e-05,4.555243893682807e-05,7.195202670994868e-05,6.767251709365794e-05,4.967637141592565e-05,0.012019747167205433,0.01202457864998875,0.012024513871295387,0.006351833833802821,0.006356258830705297,0.004604683775976296,0.0003097092566771242,0.0014724679935113215,0.00011132753912498252,4.375388928291023
0.5,0.9,0.11804184999358085,0.11742823650818798,0.11780674033513383,0.11596076843685144,0.10493523348379297,0.813050277756029,0.8130244310050443,0.8741727073542046,0.8505155959726667,0.8504817623796587,0.9092089525969079,0.3143705607792744,0.8390342935225934,0.01342934242306137,14.695291352272033,0.00495921075728285,0.006895444364692949,0.008239984224166674,0.007927924535584911,0.004848193969252659,0.11293075405889616,0.11295497054772317,0.12247029173923622,0.07540945003150365,0.07543846735064218,0.06882612216214305,0.01745755085167409,0.05541235002707106,0.013914576449217326,2.093768405275686,2.4593771335149936e-05,4.754715298657575e-05,6.789734001451567e-05,6.285198744192923e-05,2.350498476349785e-05,0.01275335521231089,0.01275882537143701,0.014998972358693633,0.005686585154053846,0.005690962356213906,0.00473703509187824,0.00030476608173878684,0.0030705285355226417,0.00019361543776111345,4.38386613493069
0.5,1.0,0.11586490804303543,0.11500595866862655,0.11088659463350847,0.10902209475219915,0.09786872048143289,0.7479198113757625,0.7478852509486159,0.8158245486959566,0.8122787390334555,0.8122357280173776,0.8806393741938331,0.35626134219102035,0.9188752088955809,0.00258149658112115,16.618625164031982,0.008567654835655763,0.01116222056721749,0.009244117598413168,0.009644779335882127,0.012484902407573021,0.14662318469200147,0.14665445457657184,0.16254841433403974,0.11579955704195348,0.11584163396780407,0.10177547091793726,0.0029556816035297656,0.007312986392714929,0.0003101071008862053,2.392493649158254,7.340470938293556e-05,0.00012459516799121317,8.545371017329202e-05,9.302176843785887e-05,0.00015587278812662263,0.02149835828922477,0.021507529047151773,0.026421987002510652,0.013409537411112636,0.013419284160330697,0.010358246480567893,8.736053741444286e-06,5.347976998003371e-05,9.616641402004711e-08,5.724025861262577
0.6,0.0,0.11367927369368647,0.11187888618845335,0.11846275533656125,0.11637440788907998,0.0966337764512303,0.7548621114493242,0.7548222664300368,0.7986576545649575,0.779908188727063,0.7798496031407796,0.8278414083855928,0.2812864198556985,0.7741938303168668,0.023454703203580802,16.409442162513734,0.010219292625637371,0.012796447403417455,0.008999085174334051,0.00891788410550538,0.014913105139825317,0.19639439546485563,0.1964348018518438,0.21893445247030124,0.17439891158034743,0.17445776103486269,0.19012137734370085,0.03283381849864167,0.07334179558243893,0.01706022530163747,2.3826345163549303,0.00010443394176840636,0.0001637490661484293,8.098353397491892e-05,7.952865691922548e-05,0.0002224007049114843,0.03857075857000611,0.03858663137857314,0.0479322944784706,0.030414980360409842,0.030435510385297255,0.036146138123065885,0.001078059637201744,0.00537901897925626,0.0002910512873426313,5.6769472385258934
0.6,0.1,0.1155666026223671,0.11538767760609274,0.12798493421149754,0.12604580367210455,0.11351818670270682,0.8165141236380865,0.8164858756260326,0.8642969845487345,0.8285693680996944,0.8285266367392147,0.8807988779498924,0.2814930006066408,0.7746045814422049,0.022161607937437218,15.639853262901307,0.009641485043837257,0.009350298194407018,0.023566013120692286,0.02323319056990586,0.01925594689782922,0.14981570299001798,0.14984634954941445,0.15615117980818402,0.11976686746504828,0.11980879762951398,0.11983752717228656,0.03307520269812607,0.07427948383675335,0.014755146200998813,2.1290583342659795,9.295823385053751e-05,8.742807632433114e-05,0.000555356974404641,0.0005397811440575626,0.00037079149093201876,0.02244474486239328,0.022453928473285298,0.024383190955487816,0.014344102542390439,0.014354147989429834,0.01436103291876852,0.001093969033522126,0.005517441719054503,0.0002177143394128497,4.532889390707427
0.6,0.2,0.11706482773133361,0.11504057337766949,0.11679493941198679,0.11480983996310382,0.10521115129808438,0.8250795602682242,0.8250526057109566,0.8715943283011723,0.836033432289174,0.835992042748537,0.895501950991731,0.29281594328955773,0.800022918520057,0.01675863806636437,14.801927137374879,0.005888082720547947,0.01015492768488728,0.006816591799844241,0.006816404312848539,0.004768064637037319,0.14178863398310815,0.1418179707463152,0.149643186679584,0.10546208641414366,0.10550163803185762,0.08757166016703143,0.0174614566152054,0.03796982223347902,0.00591699727412128,1.5092307196770878,3.4669518124015313e-05,0.00010312255628529014,4.646592376570374e-05,4.6463367756220156e-05,2.2734440382965828e-05,0.02010401672679581,0.020112336826602708,0.02239308331962083,0.011122251670824304,0.011130595627405107,0.007668795664410037,0.00030490246712470043,0.0014417074004419977,3.501085674195866e-05,2.27777736521702
0.6,0.3,0.11981684509478432,0.1198168450947843,0.11807047122310037,0.11635541373837463,0.10518078860890996,0.8784021976519318,0.8783876575458823,0.9339303437260098,0.8919094376859592,0.8918883661882802,0.9420599452595834,0.2978097339492104,0.810959793923122,0.0152774549793409,14.144304084777833,8.81939035499621e-05,8.819390354996315e-05,0.005282602202029414,0.005293004539300549,0.0034941455475672335,0.038042428780310104,0.03804697684586323,0.02551449698736445,0.03782319612275724,0.03783056956729503,0.024144262078976055,0.00547681092864469,0.011511954754538712,0.0018251462733649441,1.142697297882178,7.778164623380018e-09,7.778164623380204e-09,2.7905886024886013e-05,2.801589705305622e-05,1.2209053107583922e-05,0.0014472263875049667,0.0014475724471096527,0.0006509895565182298,0.0014305941649405583,0.001431151993785949,0.0005829453913382811,2.9995457948121915e-05,0.00013252510227054645,3.3311589191779435e-06,1.3057571145872315
0.6,0.4,0.11842708066654253,0.1174445818664682,0.12224632904341548,0.120408865118074,0.10844360740072974,0.8401901367312188,0.8401680901406842,0.8941680010700421,0.8464827598751266,0.8464488064685375,0.90635964056451,0.28931859004461324,0.7926468873223796,0.01817148108922486,15.861290669441223,0.004436059400155823,0.007542464090698372,0.0062123920592146555,0.006174736322440652,0.005055208487005109,0.10471731769048176,0.10473808724918358,0.1079736088721154,0.06512497513021685,0.06514866727593838,0.05939297600324015,0.01662894365758496,0.036366763688863664,0.005802778271308801,2.678223558996792,1.9678623001710845e-05,5.6888764559474414e-05,3.859381509739331e-05,3.812736865166791e-05,2.555513284708848e-05,0.010965716624289284,0.010970066920617593,0.011658300212868558,0.004241262385711364,0.004244348847830925,0.0035275255985214604,0.00027652176716713505,0.0013225415012016524,3.367223566597355e-05,7.172881431965442
0.6,0.5,0.11842119982785979,0.11741613686271171,0.11853618416313241,0.11669088292636307,0.10549297126834671,0.8482276008011557,0.8482065329900685,0.9009093536971309,0.8649039683746297,0.8648737007355501,0.918512304925138,0.29257458681520204,0.7995775482100856,0.01695575851446352,14.518675708770752,0.0043132776629484825,0.007491387587789997,0.006564733635281812,0.006445948825335192,0.005150556181951642,0.09868601561740334,0.0987066547870306,0.1064491245910077,0.07045008062059772,0.07047424235679392,0.06193015491490243,0.01618490731224561,0.03518027180833663,0.005363193934913833,2.115499315991301,1.860436419769032e-05,5.612088799049402e-05,4.309572770220036e-05,4.155025625884014e-05,2.6528228983440273e-05,0.009738929678438375,0.009743003699246031,0.011331416126191879,0.004963213859448718,0.004966618835764125,0.003835344087783814,0.0002619512247059814,0.0012376515245084451,2.876384918349652e-05,4.475337355959662
0.6,0.6,0.11852696187844898,0.11753734555606324,0.11665721844338547,0.1148066327,0.1052512761552626,0.8712999789897824,0.8712816077061849,0.9145594532899434,0.8635399957944825,0.8635090856728306,0.9173862515915582,0.2947075849248897,0.8039658547295664,0.01645811195774067,15.340452170372009,0.004424561376186182,0.007553620197495274,0.005884927909891903,0.005753302970129638,0.004949543929111468,0.11280011545704546,0.11282248922049617,0.11544681724852023,0.07324116754621658,0.07326783245942761,0.06300762549380297,0.018393792120095814,0.04010323472327186,0.006520126058371561,1.636622353224516,1.9576743371638554e-05,5.705717808800854e-05,3.463237650462468e-05,3.310049506610252e-05,2.4497985106204193e-05,0.012723866047122787,0.012728914073908975,0.013327967612813229,0.005364268623532969,0.005368175273302755,0.00396996087036733,0.0003383315885572989,0.0016082694352698376,4.251204381705587e-05,2.6785327270741526
0.6,0.7,0.11538055985264024,0.11423041628832156,0.1171305679262971,0.11527904158136151,0.10205442228391064,0.7587770768205754,0.758745217478148,0.8065050689379429,0.7763537964143743,0.7763058620452081,0.8265311524081973,0.2890174351967171,0.791909041104292,0.018181845941761303,15.010352373123169,0.01050017430241162,0.01201238398932283,0.00824018292208542,0.008189967342876593,0.012121960074986969,0.2850996790068619,0.285136042670272,0.3033724172245807,0.28158787154398857,0.2816444613627372,0.2958524438047749,0.01853635726765394,0.04014385435871454,0.006163257127864601,0.7548563702849493,0.00011025366038102533,0.00014429736910693948,6.790061458942822e-05,6.707556507738509e-05,0.0001469419160595781,0.0812818269698157,0.08130256282966315,0.09203482353268505,0.0792917294006738,0.07932360261630636,0.08752866850525748,0.000343596540754107,0.001611529042773684,3.7985738424173814e-05,0.5698081397597686
0.6,0.8,0.11697034706601175,0.11539657085571833,0.11840389865716364,0.11642729200040673,0.10523235595291691,0.8453183784201386,0.8452936052061931,0.8811927780294019,0.8646663418105065,0.8646309913114726,0.9111377074472211,0.2896725089675324,0.793042310719258,0.01843002824228131,14.773758506774902,0.006216480905535533,0.009537436549897197,0.008313262609141392,0.00782084867141139,0.005415866335058975,0.16256986599415563,0.16260227076887301,0.16753447942492375,0.1095240139871785,0.1095639736659223,0.09618132361786845,0.022634795704606584,0.04931305366970556,0.008543089884203018,2.37084080929541,3.8644634848887874e-05,9.096269594331495e-05,6.911033520854834e-05,6.11656739411173e-05,2.933160815922513e-05,0.026428961329357722,0.026439498459193893,0.028067801796180198,0.01199550963986367,0.012004264325466916,0.009250847012885139,0.0005123339765892767,0.002431777262231261,7.298438476957195e-05,5.620886143020516
0.6,0.9,0.11123324985465446,0.10847957494243685,0.12154138888258925,0.11932990606012359,0.10327279467472603,0.6874941399562919,0.6874419661654596,0.7347503844206908,0.7541458961903407,0.7540778612107812,0.8094801451714785,0.3141987039397358,0.8371018464374356,0.013341379652768381,14.986672687530518,0.011107733434189632,0.014473253650793947,0.009193964798383752,0.008979525748505399,0.021172488100840447,0.20482052242587992,0.20486405281055345,0.22794325288287995,0.15762144138929424,0.15767780036663798,0.16307145159833822,0.023945552729974718,0.05559749383021474,0.009027012039388558,2.730845173870955,0.0001233817420450142,0.0002094750712402203,8.45289887139196e-05,8.063188266807145e-05,0.0004482742523802303,0.04195144640681038,0.04196928013396523,0.051958126534828564,0.024844518785638717,0.024862288728461343,0.026592298326389166,0.0005733894955439997,0.0030910813202007664,8.148694635926598e-05,7.457515363654287
0.6,1.0,0.10649792637538011,0.10367346330254837,0.10460446981445752,0.10232957973627348,0.08964195491921614,0.6142433024024068,0.6141800153069265,0.6648915571379972,0.7051497170305627,0.7050677496004488,0.7806514690546617,0.3566200567528094,0.9100530887303613,0.00327792556301573,21.61182200908661,0.013408844849433816,0.016919207663477098,0.010201510085586712,0.010841262083067023,0.018829859735277923,0.23239386256023326,0.2324438354503563,0.2628367296684903,0.17998285710738493,0.18004889266947566,0.17672170646322244,0.004537262615693379,0.028420806779174915,0.0022779050410309883,11.475648752534811,0.0001797971201961878,0.0002862595879598622,0.0001040708080263274,0.00011753296355374673,0.00035456361765024075,0.05400690735566458,0.05403013663887231,0.06908314646282705,0.03239382885253734,0.03241760375150436,0.031230561535273357,2.058675204376873e-05,0.0008077422579791948,5.1888513759543875e-06,131.69051429155377
0.7,0.0,0.11310755802897927,0.11212659209454874,0.12479495330566885,0.12272248231290768,0.10877175815476972,0.7689932507201676,0.7689556004621112,0.8082206338326596,0.7835210561536365,0.7834641809932739,0.8354161859959474,0.2767209583985074,0.7637574816786593,0.023842575219316563,20.174998211860657,0.011445547065627823,0.012444883046703518,0.015501051673700562,0.015110251388816873,0.02067387110565962,0.18893315101039648,0.1889717904287168,0.21274079005790403,0.14643143270594955,0.1464828862442248,0.15765046967672444,0.03787588209717631,0.08480303971945763,0.015609336487567802,14.635267869494005,0.00013100054763150168,0.00015487511404612864,0.000240282602990735,0.0002283196970332422,0.00042740894649342774,0.035695735550717284,0.03571033757783487,0.0452586437544612,0.02144216448431703,0.02145723596243851,0.02485367058929181,0.001434582444639201,0.007191555545659908,0.0002436513855821155,214.19106561184356
0.7,0.1,0.11734447960969403,0.11702695441469317,0.11889879658077093,0.11706656629421137,0.10285799669630866,0.828483346509889,0.8284589070992421,0.8779011767924276,0.8227911428408401,0.8227507508192679,0.8759084240213106,0.28966819379243564,0.792500231004164,0.019154105996533687,15.038462066650391,0.007768972205078517,0.008773004050552797,0.008848262104250071,0.008702502686284209,0.012798032498290918,0.154344675441339,0.15437527678449353,0.17455703949018572,0.1355024259618933,0.13554633788914433,0.1489903317677025,0.028934812123297984,0.06497247653313298,0.013203143517712955,2.592254538542963,6.035692912328256e-05,7.696560007101578e-05,7.829174226550789e-05,7.573355300478387e-05,0.0001637896358273105,0.023822278837092273,0.02383172608228899,0.030470160035578255,0.018360907441558376,0.018372809715158082,0.022198118960250056,0.000837223352610552,0.004221422706848515,0.0001743229987493256,6.71978359259659
0.7,0.2,0.11677855633882597,0.1148515028042282,0.11543407628010713,0.11344906738075904,0.10317464832542145,0.8178535956132643,0.8178254797858926,0.8629317832858918,0.8279432531724581,0.8278999890619086,0.8885584668304405,0.29306995998587815,0.8002596315589156,0.01711577684391635,15.18013641834259,0.00645283425368379,0.010474605613670921,0.008709503432883469,0.008532451444025034,0.006167208478667685,0.15198914743284828,0.1520205709029388,0.16659318253639688,0.10881563894898837,0.10885689983043786,0.09410656564282892,0.022310534851202147,0.04906425281027873,0.008099315366577178,2.772689225245084,4.163906990551484e-05,0.00010971736276194638,7.585545004740892e-05,7.280272764464488e-05,3.8034460419350576e-05,0.02310070093736409,0.023110253977655443,0.027753288467605254,0.011840843279876594,0.011849824640693984,0.008856045697088068,0.0004977599653467056,0.002407300903830944,6.55989094072732e-05,7.687805539790186
0.7,0.3,0.11518744674302887,0.11474898403451353,0.12140325063797493,0.1194498005432165,0.1093141009076278,0.8100190819724489,0.8099900473222361,0.8567113045654391,0.8313920366674917,0.8313497970081624,0.8813275009826658,0.28420935194502234,0.7804820926228082,0.020389086677839847,13.94554934501648,0.010087179981321867,0.010520971171826293,0.016519221576434772,0.016118560905320645,0.01778311835666055,0.1504432846123569,0.15047421870461733,0.16587697972131488,0.12241109489009182,0.1224541567370031,0.125231620770697,0.03282888393286737,0.07307623192023315,0.012189904266686214,1.5117388731333963,0.00010175119997558062,0.00011069083439839991,0.0002728846814913481,0.0002598080056585311,0.00031623929848699744,0.022633181884954626,0.022642490494765008,0.02751517240146551,0.014984476152191062,0.014995020502170522,0.015682958840855667,0.0010777356202776773,0.005340135671659702,0.0001485937660309748,2.285354420542631
0.7,0.4,0.11650680030174243,0.11493468373785505,0.12112088893920621,0.11915805691422843,0.10690401454217188,0.8121607649761104,0.8121318754178523,0.8579471900877838,0.8331515132779798,0.8331099096474255,0.8882049176064422,0.28510232679342706,0.7829690062565366,0.01974360517709346,16.66910481452942,0.0070092996256250215,0.010332085771339206,0.010404547572770064,0.010006871458687942,0.006998169143412852,0.15461781300469302,0.15464964855087035,0.16978957308941028,0.10957102768144113,0.10961054087588323,0.1030082036095637,0.026778276649069368,0.05900824847363273,0.009596366451875818,8.743797195972228,4.913028124178707e-05,0.00010675199638631008,0.00010825461019403545,0.00010013747639070334,4.897437135981577e-05,0.02390666809835422,0.023916513796907714,0.028828499129884198,0.012005810107167138,0.012014470671103668,0.010610690010869332,0.0007170761002940938,0.0034819733879259793,9.20902490786877e-05,76.4539894042918
0.7,0.5,0.11419066661992003,0.11204620043439935,0.12251447234719978,0.12043271347790466,0.10493153146278011,0.7809303514050597,0.7808942157026346,0.8180165102303782,0.7884522792735928,0.7883964256705578,0.8402093027605497,0.2797681160557557,0.7715245846224594,0.02240581354329836,16.067280316352843,0.009523522459219204,0.012651170603692986,0.005998868305836203,0.005599986461398084,0.010236091559400758,0.1955253786970615,0.19556448112737096,0.20885116660070102,0.15353154484440326,0.15358450101213741,0.16151473701726607,0.026556783569113986,0.058260505993675354,0.010826701696748892,3.7380502321139524,9.06974800312526e-05,0.00016005211764374557,3.598642095076612e-05,3.135984836784184e-05,0.00010477757041243543,0.038230173714629306,0.038245466278617836,0.04361880979047377,0.023571935262309014,0.023588198951147235,0.02608701027375662,0.0007052627535367626,0.003394286558639082,0.00011721746963038533,13.973019537807172
0.7,0.6,0.11850262840067645,0.1175848439539334,0.11617241711401216,0.11431539375995643,0.10477280371531819,0.8597435676710882,0.859723810365564,0.905652070336755,0.8573000539049497,0.8572676049351277,0.914829420747869,0.2982396234838295,0.8118658480012633,0.015493672430286421,14.244638466835022,0.004347304776276486,0.007247373814882376,0.007911759252042475,0.008138381784250838,0.006889849463958555,0.11791300022144967,0.11793542103789774,0.11887248585216366,0.07714217664556083,0.07717006500738453,0.06193806454223173,0.005201793103063247,0.010930895126257459,0.0022173069556529154,1.8100248895491005,1.889905881783635e-05,5.2524427212642724e-05,6.25959344622797e-05,6.623325806622585e-05,4.747002563600998e-05,0.01390347562122359,0.013908763535386214,0.01413066789267285,0.005950915417614911,0.005955218933243955,0.003836323839237664,2.705865148707636e-05,0.00011948446826123905,4.9164501355868e-06,3.276190100787233
0.7,0.7,0.11696852882052948,0.11509483229264257,0.11608171734129429,0.11409371794432381,0.10379109244468417,0.8411612124344423,0.8411361172892047,0.8777318058153929,0.8477242874909889,0.8476856294211587,0.9031904508262618,0.2930389866322775,0.8006003649442477,0.01659888634775726,15.194188141822815,0.006262942110434299,0.010197150795882085,0.008085204262169328,0.008060225283056884,0.006397655684732528,0.1576081530058809,0.15763948468374125,0.16577797610963552,0.09651133473733195,0.09654892679215345,0.08306080507897888,0.015376190927456346,0.033231725336649094,0.005016749771842299,3.5825060590866515,3.922444387865123e-05,0.00010398188435395861,6.537052796100107e-05,6.496723161362943e-05,4.0929998260390434e-05,0.024840329893925164,0.02485020713135549,0.027482337363006887,0.009314437732781337,0.009321695264716606,0.006899097340368123,0.00023642724743759086,0.0011043475688504853,2.516777827327976e-05,12.83434966339257
0.7,0.8,0.1167673238349713,0.11494019059377895,0.11744765631710072,0.11546593438546422,0.10428546098774831,0.8124031850413085,0.8123744017238905,0.8575993979059373,0.8341263868710959,0.8340849509997593,0.8931963043646819,0.29233901946525875,0.7989769208697226,0.01657216702169407,14.472371363639832,0.006395888112108413,0.010233343017917607,0.008974626553127201,0.008845241618608522,0.006348364005989265,0.15452339679100885,0.15455481202656426,0.16900728502078619,0.09922193548004195,0.09925953891707032,0.08717959815872514,0.018234529120824773,0.039269844038317715,0.005084099925323562,1.0853639708622358,4.090738474260972e-05,0.00010472130932236303,8.054392176809584e-05,7.823829929156432e-05,4.030172555254007e-05,0.023877480155831562,0.023887189920566616,0.028563462390097254,0.009844992480405608,0.009852456066029398,0.007600282335116791,0.0003324980522582067,0.0015421206507937972,2.584807205067504e-05,1.1780149492458403
0.7,0.9,0.1153396747917593,0.11411988633514673,0.1129982362431621,0.11101837120177147,0.09799359681169777,0.7673636907157741,0.7673277004251401,0.8163801521711178,0.80079097643299,0.8007408591815459,0.8563442227549224,0.320794765188594,0.8550493188186886,0.00931473217430992,15.181674599647522,0.00955159387040147,0.01191018202886094,0.007881737748099889,0.008046712090523994,0.015863425616276985,0.20913808716667173,0.20918036342106797,0.23034448546193337,0.1667787826071856,0.16683500319850336,0.17119046546494524,0.018416675313552292,0.030446451526228935,0.0037991845020563415,2.15616925411605,9.123294546509095e-05,0.0001418524359606021,6.212178992982271e-05,6.474957546778501e-05,0.0002516482722831528,0.04373873950373438,0.04375642444097007,0.05305858198272283,0.027815162327934875,0.027833918292244623,0.029306175466104607,0.0003391739296048064,0.0009269864105390083,1.4433802880665093e-05,4.649065852395365
0.7,1.0,0.10580434096404641,0.10316666814830752,0.11407240614273069,0.11184399977411985,0.09150382475215525,0.6251354112594554,0.6250746043701367,0.6762786449190252,0.723157855302081,0.7230825282899294,0.7883267292123287,0.3464573020062837,0.887050641128129,0.00624041149970217,20.493183636665343,0.009377523856545262,0.012265010925085877,0.011045378103135975,0.010854836654904583,0.019536323171281258,0.20230618135333786,0.2023509831767822,0.23560380383815527,0.16463015287749455,0.16468942395915437,0.17074455191657784,0.017756188278943638,0.05758878826706558,0.006742969851475171,7.526773261871499,8.793795368007553e-05,0.00015043049299247595,0.0001220003774412357,0.00011782747880466011,0.00038166792305274093,0.04092779101376962,0.04094592039261039,0.055509152383007944,0.027103087236467226,0.027122606363998093,0.02915370200919294,0.0003152822221972954,0.00331646853406891,4.54676424179031e-05,56.65231573562372
0.8,0.0,0.10962589636506355,0.10933149855793127,0.12878201137973525,0.12660068474285,0.11253795297630038,0.7243973405176269,0.7243507758818705,0.7585495722326109,0.7506390655886197,0.7505697908392044,0.8007594017360038,0.2761575975591352,0.7604077965449808,0.02480045295985403,17.59295825958252,0.013794712335279473,0.013505868074433327,0.028067173168499295,0.027801514546580353,0.02982566296965635,0.20641780741735877,0.20646000810232618,0.23325152668728247,0.17205388480841255,0.17211365140330329,0.18246526165170612,0.0392522538702303,0.08621996735158372,0.015696241926194846,9.432334818413581,0.00019029408841311166,0.0001824084724439974,0.0007877662096705267,0.000772924211083719,0.0008895701715795301,0.042608311218989815,0.04262573494561259,0.054406274701948046,0.02960253927766649,0.029623108999377805,0.033293571709625575,0.0015407394338930094,0.007433882770108162,0.0002463720106056369,88.96894012665716
0.8,0.1,0.11981902218993586,0.11981902218993593,0.1187345931381307,0.11702062866655613,0.1068911322589978,0.8878290461836851,0.8878156335512586,0.9396511921208426,0.8748436741432052,0.8748192677245227,0.9293799902919246,0.2979652867916992,0.8112817151552981,0.015212025273697449,15.402907514572144,0.0001131055005490462,0.00011310550054902555,0.00659474598345385,0.0066076519024930065,0.005761484850628994,0.04299481779866731,0.04299995800792792,0.026984087117426787,0.04326620973833805,0.043274649148149096,0.02865666779955671,0.005748638703617704,0.01208283520042033,0.001895930130541005,2.290904515250857,1.2792854254450291e-08,1.2792854254445619e-08,4.3490674586280694e-05,4.3661063664519444e-05,3.31947076840274e-05,0.0018485543575405996,0.0018489963886835642,0.0007281409575608783,0.0018719649051218582,0.0018726952588954012,0.0008212046093741504,3.304684694473144e-05,0.0001459949064805166,3.5945510598932325e-06,5.248243497996764
0.8,0.2,0.11985124808320222,0.11985124808320229,0.12011257356777745,0.118401293124481,0.10848919592086108,0.8935644951672972,0.8935517683933302,0.9419921600104327,0.869890337868183,0.8698649670906178,0.9263954239991685,0.2961066155785238,0.807380398033344,0.015850280031492088,16.6071914434433,0.00016246528895546593,0.00016246528895547363,0.007490423637720882,0.007504970555379369,0.006594338204146643,0.059910104990718714,0.05991726795452741,0.037212632233028016,0.04617397459689863,0.04618297781186213,0.03061447718074454,0.005536644751504872,0.011633628371340462,0.0018162331420109113,1.9795537204644935,2.6394970115383036e-08,2.639497011538554e-08,5.610644627252773e-05,5.632458303711131e-05,4.348529635066797e-05,0.0035892206799989393,0.003590078999134638,0.0013847799977105956,0.00213203593007504,0.00213286743957095,0.0009372462130503281,3.065443510436644e-05,0.0001353413090824577,3.298702826138827e-06,3.9186329322048183
0.8,0.3,0.11358456187345758,0.11208691276494835,0.12640027750495403,0.1243342511583114,0.1120856951048399,0.7787628940898381,0.7787265456328194,0.8141030992916232,0.7965163983664086,0.7964619152265418,0.8504876402903996,0.27543767855253054,0.7601019437632067,0.02496299256021431,14.91125385761261,0.010392686671734565,0.012492630158581514,0.026170782178426624,0.025836890902212285,0.022891104034257842,0.19017309742389174,0.1902117694891468,0.21381586109014825,0.14505083797796026,0.14510265018394072,0.14308962876064169,0.04406834235447421,0.10083551496960842,0.019970791643617522,1.7604064264109593,0.00010800793625684927,0.00015606580827910035,0.0006849098398306527,0.0006675449314928199,0.0005240026439072156,0.03616580698379702,0.03618051725219232,0.045717222453721576,0.021039745598108478,0.021054779090403073,0.020474641858858257,0.0019420187978711459,0.010167801079186125,0.0003988325188727835,3.099030786149004
0.8,0.4,0.1156517393329672,0.1145704866400962,0.11589132150037025,0.11391409905007968,0.09871525366646593,0.8093957947489402,0.8093658610540875,0.8503125083154064,0.822646928446501,0.822602146365556,0.8743054908714119,0.3031892665672382,0.8203152972814923,0.01449057487584588,16.75435345172882,0.009413189910252036,0.011223677681413325,0.007210740335655147,0.007619250311064549,0.019267028194643772,0.18837712552377417,0.1884144474048901,0.2013971141830714,0.14116612546708165,0.14121444165889765,0.14418650432482705,0.01753701236346963,0.03245589687551451,0.00436753149531886,3.988509039321621,8.860814428647074e-05,0.00012597094069625558,5.199477618824411e-05,5.8052975302657225e-05,0.00037121837545319803,0.03548594142059977,0.0355000039908901,0.0405607976012691,0.01992787497938784,0.01994151853303421,0.020789748029413368,0.0003075468026364867,0.0010533852419940327,1.9075331362602196e-05,15.908204356750282
0.8,0.5,0.11714514456122246,0.11682718928759286,0.11486473591063584,0.11301977016784055,0.09942152872144593,0.8290520629843119,0.8290269745491082,0.8745531296401683,0.8347749220315995,0.8347362466977517,0.885914344848084,0.2999688411784222,0.8154687144898137,0.01455391968849087,16.496832633018492,0.008545767970577742,0.009551140162585717,0.008973167731781102,0.009267793663912957,0.017585709070042164,0.1928652264913172,0.19290266574485349,0.20914382709351473,0.1533243734518396,0.15337444698451863,0.1590633476392811,0.00631437732149245,0.01321877104115229,0.002047085168465731,0.8645962235005479,7.303015020695244e-05,9.122427840535792e-05,8.05177391426776e-05,8.589199939686516e-05,0.0003092571634961633,0.03719699558954709,0.03721143845147067,0.04374114041132198,0.02350836349439918,0.023523720987806914,0.02530114856221479,3.987136095817817e-05,0.0001747359078384064,4.190557686952371e-06,0.7475266296914094
0.8,0.6,0.11442333992300716,0.11444532009946225,0.1255182003367741,0.12358713375776298,0.10765837547128765,0.817542607193183,0.817513579903127,0.8536855438031052,0.823960633166168,0.8239157132430958,0.8650489966578835,0.2829888879463477,0.7776294722304119,0.02115465858733125,17.565063333511354,0.011787338757913811,0.01155868082943841,0.027321814839398186,0.02701334397147515,0.026313199201620514,0.1941844491721438,0.19422271591963067,0.21158889038525627,0.1639435949561657,0.16399758367361042,0.17404385300375477,0.03497357996968946,0.07809294791559222,0.013613641331420089,3.5650606871783137,0.00013894135499381712,0.00013360310251682702,0.0007464815661183589,0.0007297207525212328,0.0006923844522241624,0.037707600300288906,0.03772246337919755,0.044769858534464,0.02687750232715132,0.026895207450782853,0.030291262768392595,0.0012231512958962639,0.006098508514147401,0.00018533123030054933,12.70965770326431
0.8,0.7,0.11250678716180587,0.1103126523145886,0.11769855831763447,0.11545530240369625,0.10135846098048026,0.7430712370269318,0.7430276088327313,0.7734405593412149,0.7741428152255991,0.7740797122358847,0.8325138176486073,0.2883475814129171,0.7901768322014687,0.01998885182841714,18.27753174304962,0.009681937541168298,0.012396802049209324,0.00920265732577947,0.008935922014140183,0.01192520953222046,0.19901081850254068,0.19905136043025382,0.22512417896981615,0.14223288735779846,0.14228410373009623,0.14735302835865297,0.022625281079939098,0.04946548924971806,0.008942631134895851,5.193880742953095,9.373991455108402e-05,0.00015368070104728048,8.468890185572255e-05,7.985070224279514e-05,0.0001422106223873617,0.039605305881051184,0.03962144408913481,0.05068089595683381,0.020230194246136188,0.02024476617427678,0.021712914966465987,0.0005119033439462501,0.002446834626713973,7.997065161480866e-05,26.976397172018995
0.8,0.8,0.1164285768732715,0.11477374979135306,0.11749284434719046,0.11551352770389174,0.10491211278384564,0.8172521296845771,0.8172236256596168,0.8568764467796355,0.8208561634511835,0.8208111482211903,0.8817161873030661,0.29548876136810454,0.8059137567759583,0.01542016989868275,16.806168341636656,0.00735050883032246,0.010828861272324995,0.006717255891596638,0.006688463924010438,0.005733109000078735,0.17103303870890635,0.1710672512017064,0.18828954285428068,0.11755283971305483,0.11759628589156307,0.10370910499698896,0.011908567322828762,0.025490746783450285,0.0029726302564439117,2.4903619643005315,5.4029980064648456e-05,0.00011726423645526008,4.512152671318974e-05,4.4735549662789105e-05,3.286853880678379e-05,0.029252300330002257,0.029264004433707722,0.035452951948274,0.01381867012460316,0.013828886455490234,0.010755578459276481,0.000141813975682345,0.000649778171577981,8.836530641525796e-06,6.2019027132348015
0.8,0.9,0.10699473229924653,0.10593271565608642,0.12632063893738713,0.12399842546403575,0.1113621061811629,0.6601904349555102,0.6601318170606394,0.69191185302699,0.7279608654578331,0.7278828785681933,0.7902578752188972,0.31263830315399765,0.8415152030018807,0.009828737716223421,27.093640446662903,0.014868435484355607,0.014556533608407755,0.02278432141218136,0.02239798974809678,0.02076652320784332,0.21478991874113462,0.21483454841925703,0.24461965783078227,0.15087514698057106,0.15093044628561514,0.149138113887502,0.013326555420140896,0.02757708412443886,0.0029729233694459232,16.054360882693796,0.00022107037375244495,0.00021189267069270448,0.000519125302213586,0.0005016699447558484,0.0004312484861418953,0.04613470919282321,0.0461538831945061,0.059838776997248995,0.02276330997640892,0.022779999615974957,0.02224217701392152,0.00017759707936608671,0.0007604955688063778,8.838273360597702e-06,257.74250335176873
0.8,1.0,0.10280834983660041,0.10330600066540363,0.11476804674655687,0.1125340343512244,0.09758057562279301,0.6126982204170621,0.6126316046285549,0.6583600604023795,0.7115392859115202,0.7114608892734028,0.7866707816011955,0.3454869790750228,0.8959049653819482,0.00499475949733351,33.742832612991336,0.017499638511536818,0.012477749466793274,0.014311089739233864,0.014128507536770432,0.011121804837358027,0.20491075921637328,0.20496314464348336,0.2520167279021663,0.14299032874847264,0.1430470917312658,0.1397346869660238,0.018293618485947398,0.0413296510987361,0.003968619561753103,23.64924640797993,0.0003062373480344626,0.00015569423175605982,0.00020480728952440477,0.0001996147252165789,0.00012369454284028042,0.041988419242630505,0.042009890662145485,0.06351243114251451,0.02044623411559628,0.020462470452773177,0.019525782741492668,0.00033465647730939634,0.0017081400599432577,1.574994122592939e-05,559.2868556653516
0.9,0.0,0.10908030246277536,0.10869756237995105,0.12417180222676938,0.12210495591412962,0.10551548670946254,0.6767575407452779,0.6767082170953427,0.7017412064797232,0.7172226500616428,0.717152811167968,0.7611470563070029,0.2758689763064811,0.7622576685389004,0.02479039699858224,21.01733410358429,0.014598066883602118,0.014469131939951783,0.025649399776148225,0.025272595017321667,0.02572866337770351,0.3160225574645557,0.3160685521928442,0.34156123635226937,0.2922501665020515,0.29231455734677625,0.30220977690370915,0.03508840146034006,0.07738597625968266,0.016354688692592035,11.776305954394681,0.00021310355673812085,0.00020935577909573282,0.0006578917088766726,0.000638704058909552,0.0006619641192031817,0.09987025682643841,0.09989932968528067,0.11666407817849084,0.08541015982047681,0.08544780043684173,0.09133074925618964,0.0012311959170419945,0.005988589321664167,0.0002674758422315978,138.68138193151162
0.9,0.1,0.10778327784677807,0.10787028164207517,0.1239817565506838,0.12177614420676201,0.10553540487405147,0.703824730420261,0.7037706811871456,0.7280307710139279,0.7540965380213047,0.7540280995009002,0.8117474441032936,0.2622223444481461,0.7209260329242718,0.05692184039616358,28.92086489200592,0.01950082078114366,0.01578668948692174,0.012590376516765488,0.012436702985610538,0.007854840683537916,0.23487102905394075,0.23492513890734248,0.27280740666560954,0.1609460202964704,0.16100364018624452,0.1608267760783737,0.08211813698917322,0.2112295582392264,0.11964593612922032,23.020231656582393,0.0003802820111382843,0.0002492195649564853,0.00015851758083391986,0.00015467158115229406,6.16985221637624e-05,0.05516440028885708,0.055189820890634164,0.07442388113161527,0.025903621449271864,0.025922172153221696,0.025865251903763358,0.006743388422572619,0.044617926273938735,0.014315150032237468,529.9310655227182
0.9,0.2,0.10405150602236637,0.10464779173130986,0.12480164416180779,0.12247663846318624,0.10754486049481793,0.6574910359786705,0.6574273808479145,0.6799162206881617,0.6971095556315369,0.6970227885967262,0.7552107583784186,0.2710348939903023,0.7437880895940133,0.04524653183198968,26.617147636413574,0.02042871524862205,0.016341442954779743,0.027604699599806347,0.027419756178132026,0.027265122219268908,0.2495260183587957,0.24958199555102742,0.2836780053893369,0.1883727177784923,0.18843813292969,0.1985856249029042,0.06733611477383897,0.16692427331602197,0.0818443020285296,19.433394499735574,0.0004173324067092831,0.00026704275784432044,0.0007620194399955486,0.0007518430288682094,0.000743386889631671,0.06226323383799405,0.062291172503233065,0.08047321074167267,0.03548428080325551,0.03550892994202752,0.03943625041807697,0.004534152352835615,0.027863713022082008,0.006698489774537176,377.6568217823529
0.9,0.3,0.1051315589802859,0.10383969832972202,0.1361398009519816,0.13373034236509232,0.11203874922789367,0.6402694781670216,0.6402058032942863,0.6552282592964295,0.6974714256742358,0.6973823230413929,0.7435755836213668,0.2628260365275564,0.726890053884625,0.031049358267566662,23.93158624172211,0.013525538008291824,0.013736011997702424,0.030324666509767523,0.030076502813113293,0.030133493332355814,0.21366299685724502,0.21370636138955043,0.2474129122947569,0.17468498720086398,0.17474468000694632,0.1876903423474855,0.040386087105618806,0.08717934407205857,0.015930689902958754,14.292916251450846,0.00018294017841374678,0.00018867802560102492,0.0009195853989286159,0.0009045960214672118,0.0009080274204111323,0.04565187622601909,0.04567040889836113,0.061213149170173065,0.030514844753366015,0.03053570319073006,0.0352276646105163,0.0016310360317026299,0.0076002380328343755,0.00025378688078423205,204.2874549709877
0.9,0.4,0.11065919252023845,0.1085895762592183,0.12372076729742891,0.12151564652032124,0.10635393365835921,0.719573351164742,0.7195264242585886,0.7503513836169968,0.7562297689148456,0.7561626169309764,0.8091158448936545,0.27571932700109314,0.7616858190604358,0.023364400770751147,23.601137781143187,0.012276385504665829,0.014389734979609955,0.01621423207990029,0.016007482065688184,0.02162399901877402,0.19953337674795454,0.19957436647228186,0.23412971146176342,0.15391361887845012,0.15396775679555114,0.16077981511320696,0.03715472669547119,0.08249596379205577,0.013743026702924509,15.24528875189302,0.0001507096410591693,0.00020706447278341032,0.00026290132194086764,0.0002562394820833289,0.00046759733356393975,0.03981356843644116,0.03982992775281266,0.05481672178916859,0.023689402076260795,0.023706070132653984,0.02585014894783701,0.0013804737158151594,0.006805584041980176,0.0001888707829572961,232.4188291285958
0.9,0.5,0.10631029644877898,0.1073753464298934,0.1220919843682307,0.1198909853181414,0.10295076549305329,0.6718359956765888,0.6717764261514156,0.7001439404215333,0.7213201272926855,0.7212425075224822,0.778246707464638,0.2790032837165841,0.7681920694443344,0.02593011721427278,23.088038897514345,0.02073403280245708,0.016455962134920336,0.018250810360997783,0.018108367648864143,0.02210184637442246,0.2607798260596432,0.2608387774586431,0.3010423986155398,0.20205174730393877,0.20212082369831066,0.20446267462281198,0.041833906071724096,0.09408882992775085,0.022544954758920373,14.442626621442756,0.0004299001162533662,0.0002707986897859319,0.000333092078833104,0.0003279129789064295,0.0004884916131585712,0.06800611767969779,0.06803686782611952,0.09062652576419755,0.040824908588574724,0.04085282737248359,0.04180498531391388,0.0017500756972178343,0.008852707917173222,0.0005082749850817663,208.58946372640696
0.9,0.6,0.10780597137084058,0.10600695574571553,0.12072827885160257,0.11839470584072723,0.09655026821106175,0.6631809072891288,0.6631225496429982,0.6875955703508921,0.7161730891611672,0.7160908650188801,0.769114175716342,0.28649972572765703,0.7805599820153482,0.0203640305757611,29.79406006336212,0.013458705806646837,0.01454485407710989,0.023855555470207866,0.02377254547845815,0.02788155208118847,0.2333993403997619,0.2334466992084763,0.26624653762331313,0.19574088004263812,0.195807522543109,0.19746255731722837,0.03695291682277805,0.07882683391296576,0.012118599460866294,16.816434225713337,0.00018113676198986932,0.0002115527801244202,0.0005690875267921644,0.0005651339185253611,0.0007773809464560251,0.05447525209904393,0.05449736137133281,0.0708872187964023,0.03831449211986645,0.03834058588447014,0.0389914615422597,0.0013655180617111531,0.006213669744742289,0.00014686045289290882,282.792460067743
0.9,0.7,0.11610802606185706,0.11453054396705646,0.11912714306054802,0.11715027553802848,0.1060342221930827,0.7966487809077469,0.7966177815262243,0.8394126336770931,0.8086939529970539,0.8086468955028341,0.8733236020587005,0.29469144645469014,0.800194671815379,0.01718174131843187,22.40134494304657,0.007725175418298289,0.010995121159146642,0.008683638933262794,0.008847663671789288,0.006585585487715636,0.16363395533597103,0.16366734150928694,0.19156354472216686,0.10495164542991436,0.1049916797120076,0.09677990693013362,0.018259024083227406,0.03883024400417175,0.0061877210579391355,11.454288361664954,5.967833524348015e-05,0.0001208926893043142,7.540558512327739e-05,7.82811524490999e-05,4.3369936216010794e-05,0.026776071338894564,0.026786998676717563,0.036696591666521616,0.011014847878446464,0.011023252808748787,0.009366350385405326,0.0003333919604718784,0.0015077878494235166,3.828789189086342e-05,131.20072187217323
0.9,0.8,0.10387939192148514,0.10236873144940854,0.1286035392158707,0.12616733945599246,0.11190436813249807,0.632918432180638,0.6328535577853598,0.6541500466418506,0.7022998387487819,0.7022112818848244,0.7496896006147977,0.30879471337819936,0.8271811263088746,0.01335184843496386,17.94793519973755,0.014712524071668242,0.01505529999693516,0.02292693557596377,0.022699898399217256,0.025711956581287373,0.2124832909148834,0.21252686034136548,0.24311137574753927,0.17740680565949593,0.17746748697695464,0.18315207258365848,0.023293449426024668,0.039317417591956796,0.0049239295601701955,4.552280670198629,0.00021645836455941748,0.00022666205799771582,0.0005256443749043931,0.0005152853873347861,0.0006611047112380071,0.04514914891801898,0.045167666366558265,0.05910314101786123,0.031473174694306154,0.03149470893391556,0.033544681691689705,0.0005425847861627689,0.001545859326100314,2.4245082313517855e-05,20.72325930026408
0.9,0.9,0.0948974309268226,0.09887799036705945,0.1262987262248031,0.12384864209214183,0.10822725681799136,0.5642063952199828,0.564121603432308,0.5819707544070148,0.669290382746524,0.6691921575179197,0.7267038380509317,0.338328321334547,0.8927877891848365,0.00550594894038112,26.596013450622557,0.026685309579556893,0.018647025449730507,0.033988101714943514,0.03394917975128068,0.030694515075022057,0.2509335497545122,0.2509969128419517,0.296109891678061,0.1952279741922069,0.19529556487988212,0.19810553252064683,0.022381740866231202,0.04404223263025323,0.004115412255754934,18.805113716006662,0.0007121057473567909,0.0003477115581228972,0.0011551910581853462,0.0011525468057847661,0.0009421532556907564,0.06296764639240027,0.06299945025619029,0.08768106794959302,0.038113961907193,0.03814035766175225,0.03924580201528906,0.0005009423242031239,0.0019397182550573424,1.6936618034817915e-05,353.63230187194193
0.9,1.0,0.09467133117761636,0.10150481084003246,0.10529300187602879,0.10302494230670325,0.09014271015823863,0.5830692479064737,0.5829888682597608,0.6190187706314414,0.6947870623549404,0.6947013419002663,0.7688811309139526,0.3557881972231636,0.9235869075578005,0.00241709006757146,31.904614448547363,0.03155770486358605,0.020200971425717737,0.015813870857024372,0.01626200349368359,0.014675919432137143,0.25117042737058115,0.2512415589247366,0.3087616321843427,0.19958151789345802,0.19965459186636245,0.18827943354125648,0.005574444176193367,0.00836612862415744,0.0005732096551897896,23.28869533029186,0.0009958887362572027,0.00040807924654266453,0.0002500785114826448,0.00026445275762857737,0.0002153826111785806,0.06308658358552038,0.06312232093093188,0.09533374550913933,0.0398327822846567,0.03986195605332376,0.03544914509461641,3.107442787349614e-05,6.999210815594644e-05,3.2856930880279746e-07,542.3633301871578
1.0,0.0,0.10519735247564259,0.10475648375487841,0.11991552705807103,0.1179608029106207,0.10186511651350974,0.6554962799821717,0.6554469498168048,0.7119211765977146,0.7684396290030807,0.768383158837407,0.8276738330546058,0.312975258774605,0.8394890774117147,0.011995332833697251,16.315230703353883,0.010698123802905685,0.011395294708424082,0.008540846177714787,0.008084710026458011,0.0067710818331645556,0.14900349809033245,0.14903824598150653,0.18733923272245345,0.1517076545638844,0.1517604632642179,0.17121545902789384,0.044749538043340316,0.09680268968346036,0.015298681425360245,12.204787079590202,0.00011444985290229721,0.00012985274149183786,7.29460534313853e-05,6.53625362119107e-05,4.584754919141108e-05,0.02220204244315571,0.02221239876524405,0.035095988117037576,0.023015212453274876,0.023031238210170033,0.029314733410132396,0.0020025211550923623,0.009370760729952323,0.0002340496533546626,148.95682765813194
1.0,0.1,0.09990416577686576,0.09867134402856906,0.13366492938554697,0.13138509726039116,0.11138928758637615,0.550779470749226,0.5507052853816796,0.5817932397965665,0.6721850652479143,0.6720936352741912,0.7246063071167694,0.2749210486759969,0.7535675307916199,0.029199049661863978,33.51998729705811,0.014546661040423703,0.015656449531647645,0.02922489167746484,0.028971581042305693,0.03052270126382972,0.1863075299867745,0.18635136564035504,0.23359284412525638,0.1766560062177174,0.1767191410058997,0.19936983999236121,0.07305818204965087,0.16581853483852696,0.03501683508104965,20.549058238825186,0.00021160534742498084,0.00024512441193702973,0.0008540942935595536,0.0008393525080908867,0.0009316352924409924,0.03471049572977288,0.034726831476025295,0.05456561682652633,0.031207344532794206,0.031229654797863056,0.03974833309857972,0.005337497964399929,0.02749578649599578,0.0012261787390934293,422.26379450262925
1.0,0.2,0.1082164116614129,0.10693172953563075,0.11338663029685511,0.11140799333515532,0.09659391165560857,0.6532911930948977,0.6532416654866007,0.7100180296283768,0.7663961375796382,0.7663390754488513,0.8323740194252947,0.32606897411074576,0.8638304855971393,0.008065487660982031,16.41707944869995,0.00936939979385751,0.011135364401649493,0.00982788814051435,0.009939756142842728,0.011365855525657801,0.14464488820298502,0.1446787785212618,0.18507095129395965,0.14013960591997096,0.14019032106651208,0.1493645241722642,0.03329456667519696,0.07153741249885226,0.009636055491551044,3.5805169765107614,8.778565249713716e-05,0.00012399634035752276,9.658738530246261e-05,9.879875217917974e-05,0.00012918267183012597,0.020922143683254037,0.020931948954404325,0.03425125701285118,0.019639109147404757,0.019653326120731743,0.0223097610812069,0.001108528170089136,0.005117601387030943,9.285356543625104e-05,12.820101819081765
1.0,0.3,0.10172865842030707,0.09987541793430385,0.11777262086989897,0.11554770727274347,0.10138837222311772,0.5798871677256232,0.5798206396266476,0.623248263462332,0.69894996320665,0.6988679454783953,0.7631026980067231,0.3049695894790739,0.8228053714093706,0.015413415377302581,33.90403337478638,0.01226275217357666,0.01294121184312285,0.0159781790374358,0.015927589785273796,0.009127821192923585,0.18303453194489616,0.18307732240752275,0.2247913465756907,0.18233304769080477,0.1823975531653611,0.20261292959118032,0.04585678019261285,0.09932115676391744,0.016611270453015838,32.02101589680651,0.0001503750908705591,0.0001674749639685831,0.0002553022053523528,0.0002536881163679582,8.331711972998493e-05,0.03350163988428721,0.033517305979908034,0.05053114949531229,0.03324534028021729,0.03326886740071073,0.0410519992375206,0.00210284428963361,0.009864692180922662,0.00027593430606323696,1025.3454590635354
1.0,0.4,0.09453619293779211,0.09129398792112815,0.12314495311945521,0.12042538576353781,0.09998668100489325,0.46273965858241023,0.46264371645434466,0.4690940227604818,0.6131991471959057,0.6130810810663927,0.6764919884004521,0.2712005217887571,0.7458531999022724,0.02895997479985472,31.721320700645446,0.011071775830920944,0.012252674965113133,0.025569430843859653,0.02557950340979144,0.02786469342532137,0.15036604309634444,0.15040082341958252,0.18598623649040313,0.13710964339278248,0.13715794681278434,0.15042777319127718,0.054116089381152074,0.12007674389216418,0.027701000693575194,16.814086426830382,0.00012258422005016515,0.00015012804380071013,0.0006537957936789214,0.0006543109946915319,0.000776441139687148,0.02260994691645171,0.022620407685288446,0.03459088016386416,0.01879905431129598,0.018812302373898578,0.022628514947286328,0.0029285511299088404,0.014418424423744386,0.0007673454394254534,282.71350236892164
1.0,0.5,0.10357312948457546,0.10298641204554726,0.12541958241394238,0.12320917288244763,0.11299401286149427,0.6195669422962513,0.6195073831153171,0.6602524542592139,0.7382039592114149,0.7381338501617908,0.8080208138043476,0.30273670549653253,0.8176339343127973,0.01851145370607422,23.330300402641296,0.0163370019849906,0.015146015170785492,0.022344310400183854,0.022231545824158826,0.018338422666479937,0.13370226769293142,0.1337362045799964,0.17813527997845077,0.10973432481353634,0.10977945597892363,0.11361515533354212,0.041566434427660975,0.08957787806136325,0.01937292374848638,15.601560635049713,0.0002668976338575868,0.0002294017755536643,0.0004992682072597643,0.0004942416297316738,0.0003362977458944651,0.017876296386232296,0.017885372415462654,0.03173217797300105,0.012041622042282698,0.012051528955028434,0.012908403521464905,0.0017277684710290397,0.008024196237976462,0.00037531017456466764,243.40869424913282
1.0,0.6,0.1035380181290155,0.1013644212655878,0.11542050617688857,0.1133077622211461,0.09888644381862534,0.6242059085884548,0.6241496851896647,0.6758898899683781,0.7491960193058225,0.7491313143269732,0.8220547867350547,0.3155015545437192,0.8434193956110221,0.01150595355400718,20.084924006462096,0.00886203295359943,0.011685271681653795,0.01134369592022504,0.011618435199143764,0.007653169003528532,0.13799482717955408,0.138029268768343,0.1800071196882946,0.12218111850635895,0.12222982921478501,0.11939444231251728,0.03500600123802217,0.07405913107628032,0.012059030226779123,9.421569574464689,7.853562807068223e-05,0.0001365455742740601,0.0001286794371305302,0.0001349880364767028,5.85709957965699e-05,0.019042572328314997,0.019052079036723474,0.032402563138476025,0.01492822571946493,0.014940131149875512,0.014255032855117018,0.0012254201226764101,0.0054847548957736685,0.00014542021001037256,88.76597324647874
1.0,0.7,0.10355388793853844,0.10328198247518153,0.11952160529253994,0.1175619861277053,0.10361422490096686,0.5871889659454197,0.5871318460317798,0.6396203033664113,0.6980282136337129,0.6979590034789921,0.7586765345388375,0.321879049302872,0.8559055198146137,0.00960497263992379,19.572415399551392,0.012221138883550937,0.012890072411296966,0.024595144989070956,0.024436319457580194,0.02181981259065039,0.24468537109537536,0.2447209422371569,0.27706483312954533,0.2659711057468678,0.26602859164737075,0.2847822090221283,0.024753026427611582,0.05224596596249196,0.008568512388229733,12.523867279945259,0.00014935623561104064,0.00016615396676847917,0.0006049211570334222,0.0005971337086329125,0.00047610422149110533,0.05987093082808156,0.05988833956944189,0.07676492175710281,0.07074062909221153,0.07077121157388355,0.08110090657552319,0.0006127123173260374,0.0027296409593538687,7.34194045472464e-05,156.84725164568346
1.0,0.8,0.10246687138635427,0.09939088259128279,0.11806588860104568,0.11569581269580068,0.10322526526795406,0.5553065190161081,0.555233436682126,0.5902622902082854,0.6936902354776256,0.6936031380871094,0.7741109185244808,0.32400619954943294,0.8550879508509688,0.009242147581516981,22.213025045394897,0.013643810606166958,0.016062713251940815,0.01255830239890644,0.012601378944221846,0.010943924422257263,0.18039625927011518,0.1804387907571008,0.2196697416588978,0.1340344389113703,0.13408909841992206,0.12583611678592105,0.010836616306039316,0.033091030403425106,0.005515093843653167,10.994521305227432,0.00018615356785695397,0.0002580107570140751,0.00015771095914237921,0.0001587947512958777,0.00011976948176007897,0.03254281035865062,0.0325581572098848,0.0482547954004869,0.017965230814285853,0.017979886315067542,0.015834728287759964,0.00011743225296431717,0.001095016293160405,3.041626010430106e-05,120.87949873109989
1.0,0.9,0.10358872416519335,0.10549251150549124,0.11187929422681453,0.10991830286827393,0.09657273780827538,0.6380171871460097,0.6379600885882388,0.713439976587421,0.7706092997517564,0.7705507140281457,0.8365962450081685,0.35497943229289947,0.9133933167333013,0.0034008821105811896,19.04416928291321,0.021276765048350424,0.015770202107784768,0.004494176207179726,0.004963307116466202,0.01425974562710376,0.16248056556388138,0.16254327355595058,0.2044348878935923,0.15968236136802347,0.15975642367206516,0.17684819180733352,0.00016723813965606308,0.03988015035565382,0.00425731024855169,9.928192070666473,0.00045270073092270626,0.0002486992745203791,2.019761978118035e-05,2.4634417532364045e-05,0.00020334034534970482,0.026399934185958755,0.026420315778284586,0.041793623388065644,0.02549845653206803,0.025522114904488385,0.031275282945523425,2.7968595355620857e-08,0.0015904263923895558,1.8124690552423252e-05,98.56899779204464
1.0,1.0,0.09520502157395086,0.09219805987168053,0.10984382891665087,0.1073330281739822,0.08997860125737998,0.4406081822206936,0.4405140301520899,0.4836294138090995,0.6240151399267632,0.6239055314033921,0.7001749496959365,0.3940821940177824,0.9987613173541566,6.31534068133916e-07,22.036473083496094,0.014669748999205607,0.01686227570139481,0.011498136991391171,0.011472575893619481,0.012310781791718748,0.17766547781995745,0.17771019352204956,0.22730187826406759,0.15002023182186935,0.15008068402468883,0.15648545313906348,0.0002677879613320965,0.0006796297388646472,5.715081762505308e-07,5.171224587579599,0.00021520153569969393,0.00028433634182984985,0.00013220715427279803,0.00013161999763485884,0.00015155534832331384,0.03156502200899379,0.0315809128816443,0.051666143862373,0.022506069955887425,0.022524211717318488,0.024487697044138036,7.171039223440042e-08,4.6189658194922854e-07,3.2662159552120774e-13,26.741563735187796
