fair_majority;fair_minority;run;num_iter;row_clus;col_clus;tau_x;tau_y;NMI_true_labels;AMI_true_labels;ARI_true_labels;NMI_rows;AMI_rows;ARI_rows;NMI_cols;AMI_cols;ARI_cols;balance_chierichetti;balance_bera;KL_fairness_error;time
0.0;0.0;0;149;2;2;0.11980613965153944;0.11980613965153948;0.11512421909051719;0.11340341216506143;0.10256621636698138;0.8932104350321177;0.8931976653756688;0.9444915375644534;0.912396340727344;0.91237926262532;0.9562251486111709;0.3000416146483562;0.8156786883329874;0.014482687674288057;5.390248537063599
0.0;0.0;1;153;2;2;0.12005916166196533;0.12005916166196509;0.11859661929250039;0.11688221707527167;0.10772031465188311;0.9854762609676955;0.9854745242371985;0.9947081218349314;0.9215255643180846;0.9215102579338639;0.9572811182240492;0.2966804979253112;0.8086319485078994;0.01563350144740392;5.332695007324219
0.0;0.0;2;193;2;2;0.12008251163393913;0.12008251163393906;0.11632563976208603;0.11460721737605566;0.10324242327805465;0.9903466701014237;0.9903455157391033;0.9966909309551778;0.9827751835325776;0.9827718258424484;0.9935327486655264;0.29523809523809524;0.8055966681581936;0.016169848573026287;7.442161560058594
0.0;0.0;3;156;2;2;0.12008675152982512;0.12008675152982518;0.11610715348534559;0.11438829687309232;0.10321145865247773;0.9838596962719229;0.9838577662185048;0.9940476238775315;0.9755855730145927;0.9755808137633469;0.9903069882274728;0.2954828014919188;0.806112085092396;0.016062814892554324;5.809513807296753
0.0;0.0;4;133;2;2;0.11974027401664841;0.11974027401664863;0.12400434582934075;0.12230099863349296;0.10846474294524194;0.8375540213821027;0.8375345981249382;0.9068938517228071;0.8593253917729584;0.8592979755355581;0.9217031870600487;0.29116549149730403;0.7969899910095962;0.01748550420654532;4.276509046554565
0.0;0.0;5;230;2;2;0.1198032136450208;0.11980321364502064;0.12431212670363169;0.12260935013547927;0.10844416686927424;0.8420990237762211;0.8420801443643273;0.9100504945143615;0.8590278667346046;0.8590003913547574;0.9217031786358663;0.2915282392026578;0.7977587916440106;0.017319015784667616;7.421911954879761
0.0;0.0;6;135;2;2;0.11965986014810649;0.11965986014810642;0.12592609162445134;0.12422646057054758;0.10970301596737467;0.8032151124551673;0.803191582672297;0.8818381384902555;0.8397417283429002;0.8397104944456789;0.9082778142711412;0.29175300455864067;0.7982349384347862;0.017312388492045076;4.509169101715088
0.0;0.0;7;152;2;2;0.1197701263893645;0.11977012638936467;0.11174134670450125;0.11001321186854415;0.10430865877676777;0.9014858251502513;0.9014740440283293;0.9496482981642733;0.8481946614426221;0.8481650343334382;0.9082774929465348;0.30420307948397834;0.8243530720465959;0.013224375014676541;5.993417978286743
0.0;0.0;8;258;3;3;0.10706004906805255;0.09681666423222551;0.13027013105833418;0.12725216044374493;0.11615510114796383;0.582675526641084;0.5825961080339475;0.6175251955361079;0.632767128676991;0.6326462267015978;0.7251092897731288;0.2426470588235294;0.6901160234193497;0.03636890177573682;8.332721471786499
0.0;0.0;9;113;2;2;0.1199100291828443;0.11991002918284421;0.10949893772993609;0.10776711748487497;0.09782689937492739;0.9206859312240635;0.9206764467069652;0.961302370324182;0.8941685931991485;0.89414795937802;0.9446472944719438;0.30333333333333334;0.8225447046552103;0.013448483689548943;3.2982778549194336
0.0;0.1;0;121;2;2;0.11989316167432583;0.1198931616743261;0.11155836777755107;0.109830459863788;0.1007721867775384;0.9280331454880231;0.928024538297261;0.9652028343481442;0.9355341990564893;0.9355216284990491;0.967873465749484;0.298636926889715;0.8127381308653335;0.015146308720005386;4.0239880084991455
0.0;0.1;1;150;2;2;0.11986711767772106;0.1198671176777211;0.10864171255421703;0.10690817979719004;0.09833557529889438;0.9067540460859649;0.906742894879281;0.9528784093594329;0.8980327707829033;0.8980128890146655;0.9467471037408296;0.30353430353430355;0.8229627742423776;0.013445066699479258;4.7815587520599365
0.0;0.1;2;206;2;2;0.11988569857121856;0.11988569857121839;0.1096401993242283;0.1079085608126069;0.09956670563639772;0.8904125360632621;0.890399429853115;0.9425613400250831;0.8819816196597;0.8819586065766799;0.9362713036575727;0.3033195020746888;0.8225159273460783;0.013566125051662582;6.261533260345459
0.0;0.1;3;163;3;3;0.09760511265738057;0.09249895950118917;0.13176508705725817;0.12887496386807049;0.07339540153238933;0.4349661500610106;0.4348616004321931;0.41843656585125183;0.47382842417567145;0.47366751038575555;0.5077300076403684;0.21208530805687204;0.6184039759607438;0.05248079858465214;4.882038593292236
0.0;0.1;4;272;2;2;0.11992186559852867;0.1199218655985286;0.11189891918762573;0.11017180932455516;0.10060159206574136;0.9254941222690691;0.9254852117575473;0.9639018008602804;0.9327153892196808;0.932702271661213;0.9678734823411166;0.3023641642472003;0.8205267728362026;0.013865653565562436;9.547048568725586
0.0;0.1;5;140;2;2;0.12009881505765008;0.12009881505765002;0.12031973846029283;0.11860867376086777;0.10964392165873545;0.9793280168411538;0.9793255449113356;0.992067446556938;0.9200145853289069;0.919998983898508;0.9562250878538033;0.2961426793861468;0.8075009947337624;0.015820893904594374;4.491043567657471
0.0;0.1;6;202;2;2;0.11974251739429588;0.11974251739429573;0.12644808703362154;0.12474895656823598;0.11471360101569371;0.8630110055369061;0.8629946253594695;0.9246416306165037;0.8348066705285765;0.8347744496843025;0.9031402375619043;0.2925818483215914;0.7999893440813032;0.017030315157687208;6.3909571170806885
0.0;0.1;7;180;2;2;0.11979493905321563;0.11979493905321546;0.11166973410723946;0.10994152972657772;0.10456211390623353;0.9057251139095679;0.9057138395504833;0.9522319468753785;0.8500867632579454;0.8500575084608012;0.9103365559123283;0.30395010395010397;0.8238273366690152;0.013321532412457086;5.7877397537231445
0.0;0.1;8;207;3;3;0.1063781748550277;0.09612887382958694;0.12761970869773945;0.12462385083196177;0.11002357472573691;0.5688419955683847;0.5687603906781472;0.5984982657340453;0.6596875992904403;0.6595776886911741;0.725795997477823;0.24074074074074073;0.6857462249897383;0.036730376961392815;5.980460166931152
0.0;0.1;9;262;3;3;0.09496453678830058;0.09212657813665888;0.12954731889272686;0.1266698536420676;0.07582423009267962;0.38761878052175724;0.3875055106662088;0.3701562325903781;0.44100974797165476;0.4408408718314339;0.44089481781857554;0.20324714371617558;0.5969864687316961;0.06109436066031028;7.546517610549927
0.0;0.2;0;104;2;2;0.1198566606461491;0.11985666064614933;0.1092734914281044;0.10754110247922712;0.09925456144593127;0.9036845398087394;0.9036730212031278;0.9509396797407867;0.9009972807199076;0.9009779745414729;0.9477978702855324;0.303156146179402;0.8221760029476908;0.013592191430443448;4.032944917678833
0.0;0.2;1;137;2;2;0.1197368599672218;0.11973685996722147;0.12785842895308144;0.12616225782381854;0.11477019311630213;0.8394437948556868;0.8394245981078298;0.9081558564948307;0.8145140493945657;0.8144778823549073;0.8898512733385335;0.29057700290577004;0.7957418401172458;0.017659785523882233;4.275924444198608
0.0;0.2;2;107;2;2;0.11978177416152452;0.11978177416152441;0.12863245601593268;0.12693771864247266;0.11632496676837473;0.8366908988139439;0.8366713724985461;0.9062631843930833;0.8039951185625774;0.8039568963274446;0.8817223078845643;0.29182233291822335;0.7983817713872272;0.017232678907175565;3.97074818611145
0.0;0.2;3;108;2;2;0.11985680704691741;0.11985680704691741;0.12374660170174048;0.12204272546925414;0.10876744401005313;0.8405127830535597;0.8404937147718756;0.908787193248142;0.844074079480827;0.8440436896172768;0.9113672337986852;0.29657477025898077;0.808409692772647;0.015463799907769644;4.651942014694214
0.0;0.2;4;203;3;3;0.10687938155034357;0.09720988730964289;0.11239807407397226;0.10930887963711755;0.09729990775793564;0.5780434972221942;0.5779634487626232;0.6119584624366444;0.683854819857158;0.6837501444668704;0.7702242504154329;0.2803030303030303;0.773766450500483;0.01846912263526089;6.390797138214111
0.0;0.2;5;162;2;2;0.11989500480753906;0.11989500480753905;0.11435230713705216;0.1126299787907285;0.10263359376921187;0.9110117922423141;0.9110011502159795;0.9554664472725561;0.9232995176924516;0.9232845646821901;0.9625700448115013;0.3019102990033223;0.8195807354441212;0.013968415564825268;6.947170257568359
0.0;0.2;6;164;2;2;0.1196929647924722;0.11969296479247217;0.12649938406876435;0.1248009077694379;0.10949482153926562;0.8158325333029579;0.8158105126988915;0.8911929117677688;0.8460599331649377;0.8460299324884306;0.9123982224244183;0.2915802571547076;0.7978690021056682;0.017343329185194788;5.052725076675415
0.0;0.2;7;164;2;2;0.12006150168414231;0.1200615016841426;0.1185966192925004;0.1168822170752717;0.10772031465188311;0.9856660162650834;0.9856643022535498;0.9947081220980566;0.9215255643180846;0.9215102579338639;0.9572811182240492;0.2969269102990033;0.8091498043827043;0.015528326396106386;5.705494165420532
0.0;0.2;8;140;2;2;0.11985483869938027;0.1198548386993804;0.12268377841404718;0.12097782819686852;0.10862257974200712;0.8574407839403753;0.8574237379799771;0.9208240606414552;0.8697523207470237;0.8697269352757604;0.9289730047981568;0.29282455412691827;0.800502651328067;0.016920592884289258;5.290019273757935
0.0;0.2;9;211;2;2;0.11971099859457879;0.11971099859457887;0.12464219250066053;0.12294005043937158;0.10911826364944013;0.8467858551948255;0.8467675367985786;0.9132126234007815;0.8760474589674584;0.8760233004282318;0.9331400104105203;0.29052369077306733;0.795628711877726;0.017635543308499875;8.551757335662842
0.0;0.3;0;155;2;2;0.11980017485498039;0.11980017485498028;0.11425592675041787;0.1125334412032693;0.10202079837144921;0.9003777429031853;0.9003658299984167;0.9490029430726408;0.9176452417850787;0.9176291871809859;0.9593949778420037;0.30183180682764366;0.8194170593312965;0.013922290465680665;8.576759815216064
0.0;0.3;1;120;2;2;0.11974581374382245;0.11974581374382247;0.12602976789825523;0.12433033128634513;0.11000463436503394;0.8218755872498555;0.8218542896723544;0.8955753638163433;0.838231709047023;0.8382001805091608;0.9072491696437137;0.2903359601824969;0.7952302735212207;0.017771755163096918;6.172010183334351
0.0;0.3;2;93;2;2;0.11968492716098739;0.11968492716098718;0.12502224161599917;0.12332089309036748;0.1079371098008412;0.827385944086463;0.8273653067655297;0.89934031947331;0.8490327087313743;0.8490032874055192;0.914461915204965;0.2904702455264253;0.7955152917885074;0.017611496943973237;4.093242406845093
0.0;0.3;3;97;2;2;0.11992384115944729;0.1199238411594474;0.1210121776982047;0.11930237241835177;0.11135276608504735;0.9377622368873693;0.9377547945737185;0.9710683756419709;0.903262814112895;0.9032439427074161;0.9456968340079082;0.2950683796104434;0.8052390871854885;0.016199155964100438;3.9256973266601562
0.0;0.3;4;169;2;2;0.11973472676602796;0.11973472676602809;0.1274292794043244;0.12573226204961008;0.1146514953434271;0.8403690148347815;0.8403499288438334;0.9087871857474156;0.8159690221786009;0.8159331382055892;0.890870006874497;0.29069767441860467;0.7959978703103338;0.01760394745903015;6.839769124984741
0.0;0.3;5;197;2;2;0.11980000581595103;0.11980000581595142;0.11076935511660821;0.10903998317755677;0.10010576817140346;0.8911703553018958;0.8911573412598494;0.9432045316297298;0.9011681459568114;0.9011488761882119;0.9488492575389313;0.30333333333333334;0.8225447046552103;0.013448483689548943;7.563368082046509
0.0;0.3;6;159;2;2;0.11998126115099847;0.11998126115099854;0.1168857616418963;0.11516851416450737;0.10305826660942936;0.9512163815524556;0.9512105483055444;0.9782614768728953;0.9606543103753978;0.9606466415763744;0.9828006129059582;0.2946058091286307;0.8042640020404795;0.016311910786531297;7.276700019836426
0.0;0.3;7;193;2;2;0.11980778180953387;0.11980778180953393;0.1139829927188367;0.11225996646464999;0.10199441760894923;0.8892255146305494;0.8892122688946817;0.9419184201738547;0.9089033082151315;0.908885549155644;0.9541148433274343;0.30054189245518964;0.8167244302411067;0.01428072978443317;5.903493404388428
0.0;0.3;8;196;2;2;0.11981485061870611;0.11981485061870598;0.12488138127835174;0.12317973270436379;0.108004846722552;0.8592142384822967;0.8591974037751098;0.9220956966690027;0.8732024578342237;0.8731777458618606;0.9310553499006281;0.2894302229562345;0.7933063117094765;0.018248750383704028;6.89085578918457
0.0;0.3;9;132;2;2;0.11973218773410925;0.11973218773410915;0.127616873903748;0.12592016130757833;0.11518942308178169;0.8412981326792138;0.8412791579081546;0.9094187342767329;0.8122105262160685;0.8121739060392147;0.8878155132280084;0.29081844619858743;0.7962540653120429;0.017548207115410684;4.771864652633667
0.0;0.4;0;176;2;2;0.11995396670136425;0.11995396670136434;0.11073900334825292;0.10900966854828448;0.09945334858649266;0.934370753196558;0.934362904720342;0.9691112200392225;0.9305025045108754;0.9304889561576647;0.9668116331516164;0.3020357291233901;0.8198422481229484;0.01391861603794934;7.0633299350738525
0.0;0.4;1;181;2;2;0.12014392182017752;0.12014392182017748;0.11800004409423723;0.11628500089224396;0.10351929978593365;0.897297152214333;0.8972848712383505;0.9470681698228336;0.8991440850448026;0.8991244285038372;0.9477979449860366;0.29842061512884455;0.8122847409474133;0.015026581861675922;8.216030836105347
0.0;0.4;2;121;2;2;0.1197833103893337;0.11978331038933365;0.11148459134811273;0.10975663274374059;0.10035127474715433;0.9056169035142497;0.9056056173954509;0.9522319619484128;0.911327175057603;0.9113098866243852;0.9551696920745363;0.30220925385577324;0.8202039515137529;0.013773608115005068;4.780695915222168
0.0;0.4;3;169;2;2;0.11977221482916461;0.11977221482916461;0.1271911379711833;0.1254936218185634;0.11503972126499626;0.8402520491952816;0.8402329486745579;0.908787177897817;0.814809867111063;0.8147737551629044;0.8898512531914283;0.29182233291822335;0.7983817713872272;0.017232678907175558;8.231002807617188
0.0;0.4;4;231;2;2;0.11992150007230115;0.11992150007230094;0.11080174598075732;0.10907247036739556;0.10052072129077687;0.9016661249373852;0.901654364722575;0.9496482897145854;0.909444388453356;0.9094267332239349;0.9541148323674672;0.30452845866223516;0.8250289773510788;0.013172942441186337;9.301852464675903
0.0;0.4;5;278;3;3;0.10744350112466301;0.09703261711555848;0.1316935147369082;0.12869329991008582;0.11159829377129067;0.5970635693427152;0.5969865814978351;0.6337691320949461;0.6818054466912562;0.6817015248169861;0.7504848338336207;0.24573202276254527;0.6971592643208031;0.03510914485639388;9.817654132843018
0.0;0.4;6;315;3;3;0.10675249952339205;0.09596166796270413;0.12321755165290355;0.12020009058376037;0.10876914939085974;0.5838045925751485;0.5837255984074302;0.6155812649865258;0.6851334168654487;0.6850313238702846;0.7510509863628602;0.2458929517753047;0.6975257220325553;0.034177050834910204;10.12726092338562
0.0;0.4;7;127;2;2;0.11999684375427301;0.11999684375427352;0.11614409865611876;0.11442542444750105;0.10279256225494234;0.893520096963239;0.8935073655223388;0.9444915531691602;0.9074151184034183;0.9073970732654725;0.9530605914686002;0.29937369519832985;0.8142812661232459;0.014593747762962954;6.317187309265137
0.0;0.4;8;146;3;3;0.0979314998071022;0.09264857403570227;0.13014028298830835;0.12724983287273386;0.07428932661501703;0.4422190961241763;0.4421158721872326;0.4262156007762298;0.5072673044616305;0.5071170839377287;0.5267723104382938;0.22038892162639953;0.6382434686250739;0.04686246374763411;5.017312526702881
0.0;0.4;9;195;3;3;0.09232417797934082;0.09013241293537542;0.14851117053311955;0.14564536277749382;0.14588660642400245;0.45709309157248174;0.4569914374140252;0.4604863048216738;0.5414176940358357;0.5412746932971326;0.5840752626413079;0.19550748752079866;0.5779708962295075;0.05417661341965063;6.395917177200317
0.0;0.5;0;140;2;2;0.11991055682450835;0.11991055682450823;0.1090778932398041;0.10734518522980054;0.09860806816231554;0.9131131111353249;0.913102720591822;0.9567617845372319;0.8983375231692888;0.8983177001285265;0.9467470989852274;0.30324459234608986;0.8223600595932575;0.013520139277138743;8.500831365585327
0.0;0.5;1;126;2;2;0.11968514884708044;0.1196851488470804;0.12608114482799854;0.12438182916738906;0.11000692491534186;0.8175741440693693;0.8175523320284375;0.8924439471019584;0.8427934870618444;0.8427628485893894;0.9103368511151408;0.29128630705394193;0.7972460931917973;0.017429910226762296;7.771745204925537
0.0;0.5;2;161;2;2;0.11986303089502574;0.11986303089502576;0.1092734914281044;0.10754110247922712;0.09925456144593127;0.900587143408589;0.9005752542659178;0.9490029265418286;0.8975397782476177;0.8975197978335644;0.9456968855400304;0.30357142857142855;0.8230399897400547;0.0134679963077153;6.208437442779541
0.0;0.5;3;139;2;2;0.11985242371150441;0.11985242371150458;0.10906721851076387;0.1073344897400357;0.0987442809978578;0.8854307291971074;0.8854170270513235;0.9393487711661724;0.8784728473998714;0.8784491509705218;0.9341831432140835;0.30427563304275634;0.8245038156850374;0.01326999526983965;6.282036304473877
0.0;0.5;4;209;2;2;0.11985107428781842;0.11985107428781838;0.1141800331373144;0.11245739006517878;0.10213067108082247;0.8892694677989499;0.8892562275265447;0.9419184229229688;0.9054479513130663;0.905429518640876;0.9520068685851486;0.30079265748852735;0.81724830736121;0.01418033127436099;8.687861680984497
0.0;0.5;5;148;3;3;0.10699939857767489;0.09634698682859481;0.1202652409105292;0.11722266498809834;0.10517340949139745;0.5892769982911452;0.5891990436292198;0.6196354118204057;0.7112673231929368;0.7111728590302544;0.7774266648556263;0.2678002125398512;0.7465432499017823;0.02341139611139565;4.265342950820923
0.0;0.5;6;213;3;3;0.10761422988924353;0.09628213282950736;0.13194404919337024;0.12892647632785434;0.12069564038698857;0.5608464521578558;0.5607630216525143;0.5991781726181961;0.6258232825272978;0.6256996701332451;0.7210346178441517;0.2391644908616188;0.6821228778902106;0.0375367497400467;9.163130044937134
0.0;0.5;7;120;2;2;0.11973575535653352;0.11973575535653339;0.12720379653564576;0.12550629284030618;0.11520844373283494;0.8394437948556868;0.8394245981078298;0.9081558564948307;0.8080028896254873;0.807965449630649;0.8847662941813921;0.29164935604486913;0.7980153882318666;0.017263715149883285;6.706338405609131
0.0;0.5;8;386;3;3;0.10682074719055291;0.09607030230804987;0.12282839163979435;0.11978654240067213;0.11056661378628807;0.5856851663609214;0.5856064917458094;0.6178303504848284;0.6541507405666671;0.6540370127848023;0.7434646647666472;0.2468220338983051;0.699639521489759;0.03361181409687983;14.105092287063599
0.0;0.5;9;149;2;2;0.11979493905321563;0.11979493905321546;0.11166973410723946;0.10994152972657772;0.10456211390623353;0.9057251139095679;0.9057138395504833;0.9522319468753785;0.8500867632579453;0.8500575084608011;0.9103365559123283;0.30395010395010397;0.8238273366690152;0.013321532412457086;7.057229995727539
0.0;0.6;0;111;2;2;0.11975061605679449;0.11975061605679453;0.11152450986237065;0.10979597082637763;0.1039027272652358;0.9035373609822767;0.9035258254063108;0.9509396878330271;0.8494537326208458;0.8494243520109941;0.9093067273192306;0.3044564764681383;0.8248794788614404;0.013127605023897836;3.6046195030212402
0.0;0.6;1;147;2;2;0.11962389752037843;0.11962389752037844;0.12371818330901253;0.12201425899168891;0.10881180592992132;0.848985754827089;0.8489677003796523;0.9144790197156337;0.8667784722565233;0.8667525077464723;0.9268930018922662;0.29365079365079366;0.8022486511324026;0.016415220341662033;5.974398374557495
0.0;0.6;2;162;2;2;0.11965595748883724;0.11965595748883713;0.12937368516338627;0.12768035176832648;0.11594988117329337;0.8074174868374454;0.8073944600599774;0.884950918516235;0.7921615431504276;0.792121010970039;0.8726218091822954;0.291044776119403;0.7967340533117768;0.017541196140963604;7.478425025939941
0.0;0.6;3;431;3;3;0.10643346616511715;0.09600009934992203;0.12371689302903476;0.12070313088626847;0.10711123170657168;0.5806637960630167;0.5805843328455611;0.6100597341047599;0.6785704336281968;0.6784663376279643;0.7454026844736207;0.24244031830238727;0.6896427663062733;0.03583416764756781;21.371818780899048
0.0;0.6;4;149;2;2;0.11988199383428984;0.11988199383428988;0.10926748952222312;0.10753512613662793;0.09890779465051107;0.8933547955924576;0.8933420416270246;0.9444915169439345;0.8852541776957082;0.8852318027476088;0.9383618006632102;0.30423940149625933;0.8244285399420681;0.01324710708886822;7.291898965835571
0.0;0.6;5;207;2;2;0.11984880323307892;0.11984880323307881;0.11421945397675286;0.11249690729649524;0.10170738064084972;0.8861772220701191;0.8861636115095268;0.9399908766165892;0.9019322697274691;0.9019131522464823;0.9499012281575072;0.30179241350562735;0.8193349068154936;0.013899470558251047;8.811158895492554
0.0;0.6;6;151;2;2;0.11970546562301644;0.11970546562301665;0.1265055648678229;0.12480706059588795;0.10998028131236015;0.8167017975338422;0.8166798810287088;0.8918183197991368;0.8426641784166414;0.8426335140969171;0.9103368462915811;0.2906301824212272;0.7958546776320897;0.01768422434731593;8.965036392211914
0.0;0.6;7;229;2;2;0.11986953671550164;0.11986953671550155;0.12550128487031373;0.12380078273169245;0.11051241894024266;0.8538354544362441;0.8538179779090874;0.9182834055635339;0.8602956006173257;0.8602683707549441;0.9227399662861032;0.2938487115544472;0.802666557897129;0.016509445888028294;10.43500304222107
0.0;0.6;8;148;2;2;0.12005916166196533;0.12005916166196509;0.1185966192925004;0.1168822170752717;0.10772031465188311;0.9854762609676955;0.9854745242371985;0.9947081218349314;0.9215255643180846;0.9215102579338639;0.9572811182240492;0.2966804979253112;0.8086319485078994;0.01563350144740392;8.132852792739868
0.0;0.6;9;200;2;2;0.11988840868325365;0.1198884086832534;0.12632409439107736;0.12462476389320443;0.1149739833381637;0.8912865407780309;0.891273541691098;0.9432045456140082;0.8417164385093648;0.8416855673349429;0.9082776463062869;0.2932393197843219;0.8013794081891478;0.01678094012524431;9.836655139923096
0.0;0.7;0;165;2;2;0.11988344315821539;0.11988344315821543;0.1092200663830123;0.10748761076533953;0.0989630919505634;0.9057251139095679;0.9057138395504833;0.9522319468753785;0.8918963312894509;0.8918752515330973;0.9425497863032666;0.30395010395010397;0.8238273366690152;0.013321532412457086;12.364516496658325
0.0;0.7;1;221;2;2;0.11986402500825956;0.11986402500825981;0.12566727395927482;0.12396710244920663;0.10987577443711383;0.866722393483068;0.8667064563140452;0.9271910555909529;0.8742887355510685;0.8742642333900632;0.9320973790823848;0.29132231404958675;0.7973224107665301;0.01755969894960243;12.781393766403198
0.0;0.7;2;234;3;3;0.10676847781179709;0.09653593046154842;0.10905585054844333;0.10595185680773149;0.09356477513238878;0.5629584053153288;0.562875939086979;0.5892623639460112;0.6803948363279747;0.6802888037100934;0.7678311246385046;0.2767808591625884;0.7661513402838764;0.01962992347373613;12.148391008377075
0.0;0.7;3;168;3;3;0.10698077122668714;0.09568675496244201;0.11814022118859997;0.11507910838894396;0.09991732394994098;0.5804916676548005;0.5804123083806353;0.6070229962038511;0.6965085980211584;0.6964086225746514;0.7717433993270799;0.26021505376344084;0.7297643273814397;0.026487519035499896;9.14119839668274
0.0;0.7;4;206;2;2;0.11980426066239454;0.11980426066239455;0.10912019913524852;0.10738751204561586;0.09873073298978892;0.9046457869016529;0.9046343835699927;0.9515857063543526;0.9009972807199075;0.9009779745414727;0.9477978702855324;0.3013698630136986;0.8184533891780358;0.014145156561972787;9.390639305114746
0.0;0.7;5;125;2;2;0.11979493905321563;0.11979493905321546;0.11166973410723946;0.10994152972657772;0.10456211390623353;0.9057251139095679;0.9057138395504833;0.9522319468753785;0.8500867632579454;0.8500575084608012;0.9103365559123283;0.30395010395010397;0.8238273366690152;0.013321532412457086;6.107803583145142
0.0;0.7;6;284;3;3;0.09686459192077491;0.09251844082248072;0.13302446384425548;0.13015371121486158;0.07453569416241954;0.41808658076480293;0.41797892639488815;0.40356168497687867;0.4818833724240528;0.48172638431152337;0.4858282974883877;0.24062877871825877;0.6854891601280687;0.03497819636594403;16.187355279922485
0.0;0.7;7;151;2;2;0.11977223611086216;0.11977223611086212;0.12345663077144758;0.12175222517875033;0.10807501377315482;0.8393342522405007;0.8393150418410633;0.9081558485030795;0.8609430708250146;0.8609159701300978;0.9227399878989446;0.291701244813278;0.7981253043871028;0.017287955118902097;7.48148775100708
0.0;0.7;8;169;2;2;0.11979554192850501;0.11979554192850499;0.11155218553193723;0.10982373523376215;0.10440909615597156;0.9067540460859649;0.906742894879281;0.9528784093594329;0.8519877350215559;0.8519588504482116;0.9113669434186814;0.3040765391014975;0.824090120508463;0.013272905247539962;11.173739433288574
0.0;0.7;9;354;3;3;0.10602390078589605;0.09562529020335142;0.12264071862973093;0.11962484537654586;0.10597505009525279;0.5708698754451755;0.5707887780552309;0.5980650541212054;0.6729298179343546;0.6728239949296054;0.7418431813284485;0.24478888295029397;0.6950096991126964;0.034519519459202036;16.612642526626587
0.0;0.8;0;346;2;2;0.11982451740245709;0.11982451740245724;0.11177798566220153;0.11004993976622142;0.10428411922625705;0.9077889338828097;0.9077779065376165;0.9535250911219203;0.8494537326208458;0.8494243520109941;0.9093067273192306;0.30420307948397834;0.8243530720465959;0.013224375014676541;16.90498995780945
0.0;0.8;1;151;2;2;0.12008544412054932;0.12008544412054935;0.11588848401225069;0.11416921151869146;0.10280275744362057;0.9887302129999915;0.9887288653729973;0.9960297754250633;0.9827751835325776;0.9827718258424484;0.9935327486655264;0.29560530679933666;0.8063700409596255;0.016009445048539135;11.887252807617188
0.0;0.8;2;188;2;2;0.11981357887679213;0.11981357887679205;0.10925257581492664;0.10752014618692193;0.09866845560666977;0.9099169992762858;0.9099062264223665;0.954819110043063;0.9044982653517796;0.9044796418882691;0.9499011855742906;0.3014950166112957;0.8187145421420365;0.014095039465848405;8.819939136505127
0.0;0.8;3;366;2;2;0.12000081219641186;0.12000081219641162;0.12295755247877546;0.12125211181758876;0.10987810421338984;0.8676972143354567;0.8676813941237039;0.9278289682606499;0.8649346547650987;0.8649083294166927;0.9258538617348322;0.29597343295973433;0.8071449000636867;0.015849922474163225;18.13461685180664
0.0;0.8;4;210;3;3;0.09661381838701158;0.09133037907630152;0.12463449951648292;0.12173273832186594;0.06889342593057173;0.4166207591314583;0.41651269226135085;0.41774381968695945;0.47612721186926454;0.4759681691475556;0.4896300208454916;0.26954976303317535;0.7503849265520001;0.022298444252266153;10.094305753707886
0.0;0.8;5;180;2;2;0.11993777144782465;0.1199377714478246;0.1142995399747046;0.11257721363392673;0.10099690348061142;0.878345369675648;0.8783308230732839;0.9348604283368112;0.8901734093981889;0.8901520016944248;0.9425498411926599;0.30175292153589317;0.8192525435846774;0.013876811457793396;9.910151243209839
0.0;0.8;6;180;2;2;0.1199541841496892;0.11995418414968907;0.12423659012298313;0.12253361257347156;0.10998211369409268;0.862089352739419;0.8620728624859991;0.9240048218122364;0.857194652260211;0.8571668173100259;0.9206669457141159;0.29700499168053246;0.8093138577751788;0.015452263955239624;7.381257057189941
0.0;0.8;7;177;2;2;0.11996723420780527;0.11996723420780521;0.12197557742285753;0.12026770494148831;0.11429271819335207;0.87850595122742;0.8784914244895264;0.9348604373060685;0.8397240623131763;0.8396927985944106;0.9062209107895131;0.2997912317327766;0.815155005049701;0.014464465917839002;9.292040348052979
0.0;0.8;8;174;2;2;0.11986902090844463;0.11986902090844442;0.11107114465548072;0.10934168810534377;0.10358003532067932;0.8911703553018958;0.8911573412598494;0.9432045316297298;0.8406770328867466;0.8406459377743748;0.9031400844706373;0.30387661525635684;0.8236745737550115;0.01327625395423946;9.720510244369507
0.0;0.8;9;225;2;2;0.11980017485498039;0.11980017485498028;0.11425592675041787;0.1125334412032693;0.10202079837144921;0.9003777429031851;0.9003658299984165;0.9490029430726408;0.9176452417850787;0.9176291871809859;0.9593949778420037;0.30183180682764366;0.8194170593312965;0.013922290465680665;12.27203893661499
0.0;0.9;0;380;3;3;0.09310486201438917;0.08894149051867253;0.09558662452665305;0.09258764126437562;0.04796787122194955;0.29114306796244005;0.29101180235983576;0.29625497589431443;0.388972265639076;0.38878663898426413;0.42663559882625796;0.3550624133148405;0.9027584512468869;0.0034580695057628806;20.012927532196045
0.0;0.9;1;169;2;2;0.11977630462785965;0.11977630462785963;0.11127988751367339;0.10955087256215597;0.10412714387644648;0.8706930787091283;0.8706776091272215;0.9284669888570183;0.8494537326208458;0.8494243520109941;0.9093067273192306;0.32014987510407994;0.8570871297612083;0.008947922610754874;8.029306173324585
0.0;0.9;2;242;2;2;0.11975406064282512;0.11975406064282529;0.12099614847724678;0.11928688589799977;0.10755598232156546;0.8258320560892456;0.82581122245302;0.8980843086743292;0.8453202021132277;0.8452900533875736;0.9123981935829018;0.3217573221757322;0.8603429213272527;0.008474771363530031;13.39411997795105
0.0;0.9;3;122;2;2;0.11966858780718395;0.11966858780718413;0.12535614610494258;0.12365542744406278;0.10858998385176591;0.8129561715687869;0.812933793568326;0.8880689703707916;0.8502688919176358;0.8502397106484847;0.9154946292057795;0.3196176226101413;0.8560073349520602;0.009108706819043154;7.007297039031982
0.0;0.9;4;224;2;2;0.11986537561471557;0.1198653756147155;0.10971796759925001;0.10798649245810349;0.09983117865078946;0.876151486115419;0.8761366686455034;0.9316609038820511;0.8967979556217786;0.8967778320241301;0.9456968957062198;0.31948483589530535;0.8557378112319871;0.009149143540503127;9.087555408477783
0.0;0.9;5;205;2;2;0.11994678769249217;0.11994678769249191;0.11747921032039575;0.11576304945556799;0.10621171797334925;0.8610763547793415;0.8610597347045066;0.9220955831427653;0.9104270058130242;0.9104095455329342;0.9551697160469607;0.32014987510407994;0.8570871297612083;0.008947922610754874;10.727234363555908
0.0;0.9;6;195;2;2;0.12000014256098415;0.12000014256098407;0.11537369739746302;0.11365350965663294;0.1025812449169156;0.8627114340687712;0.8626950081963595;0.9227317167730317;0.8806494263474738;0.8806261639375018;0.9362713766820364;0.31921959319219595;0.8551992726471968;0.009230306315321686;10.804479360580444
0.0;0.9;7;168;2;2;0.11995432380230446;0.11995432380230431;0.11351092807988777;0.11178694261601838;0.10207089140033598;0.8834818398091417;0.8834679003720253;0.9367826077218641;0.8955600120616483;0.895539650508769;0.9456969190767558;0.3202832153269471;0.8573575042500918;0.008907966853407709;11.034477233886719
0.0;0.9;8;218;2;2;0.1196774445322308;0.11967744453223064;0.10851622206899314;0.10678239756211468;0.09829021112045301;0.8525968138325059;0.852579182131421;0.9170142900001844;0.8885585730747897;0.8885368424697576;0.9404546282117748;0.32202680067001677;0.8608879596049386;0.008397248578984114;11.709226369857788
0.0;0.9;9;162;2;2;0.11952563343992821;0.11952563343992834;0.1141606933393161;0.11243751458281441;0.10510479327379767;0.877029552291529;0.8770148400566556;0.9323003500050809;0.8486932763907554;0.8486637575800288;0.9113670097914214;0.3196176226101413;0.8560073349520602;0.009108706819043154;10.828908205032349
0.0;1.0;0;277;2;2;0.11095969277858882;0.11095969277858876;0.11110766620679283;0.10937906814087667;0.09838300748233127;0.77061295217147;0.7705854840058615;0.852233857235017;0.8279136134576731;0.8278800666608455;0.9000649335261469;0.3586728265434691;0.9282647844777506;0.0020554592031482542;12.428641557693481
0.0;1.0;1;127;2;2;0.11077246409396684;0.11077246409396686;0.11146692911949385;0.10973836422961442;0.10296690756380023;0.7733691997490278;0.773342060231639;0.8540692651452734;0.794324603215889;0.7942844687538816;0.8716133610198218;0.35822147651006714;0.9272719879168118;0.0021134033422622704;6.5541462898254395
0.0;1.0;2;205;2;2;0.11944351858552839;0.11944351858552835;0.11287551700949221;0.1111496238658721;0.10513370406530984;0.7986818261914013;0.7986577073283441;0.8700588470293623;0.820392917840979;0.8203578666366461;0.8898510292025272;0.3546511627906977;0.9193296154293018;0.0026070824032291898;11.274498701095581
0.0;1.0;3;233;2;2;0.11945003649591585;0.11945003649591575;0.11195340821922381;0.11022575571308649;0.10422370804979879;0.8004017231520035;0.8003778126187595;0.8719133983708318;0.82283187489903;0.8227973014505948;0.8918891074226107;0.35538909696213067;0.9209842763641997;0.0024997953342297367;12.089811086654663
0.0;1.0;4;160;2;2;0.10944965561545131;0.10944965561545164;0.11679948231214561;0.11508129144718918;0.10759444180936618;0.7586462794525888;0.7586173717091791;0.8418702606069802;0.7970490188242345;0.7970094159909801;0.8736304495936851;0.3567251461988304;0.9239626660470159;0.0023125764683940564;10.197131633758545
0.0;1.0;5;254;2;2;0.11113030061856433;0.11113030061856417;0.10881661764887549;0.10708352398921249;0.09698630284265769;0.7642572414262084;0.7642290121900994;0.8473490260692325;0.8167968331491734;0.8167611170917063;0.8918893782149779;0.3586728265434691;0.9282647844777506;0.0020554592031482542;13.110402584075928
0.0;1.0;6;341;2;2;0.11952373304950036;0.11952373304950052;0.10962443715310394;0.1078928719587226;0.0990721996030097;0.8060169275032247;0.8059936909396732;0.8762482953635415;0.8698541685391171;0.8698287945785929;0.9289729451904924;0.35583333333333333;0.9219770729251384;0.002436547966861262;18.5091552734375
0.0;1.0;7;197;2;2;0.11114100662268887;0.11114100662268868;0.10897241034773529;0.10723965992386993;0.09705884833668912;0.7653790196771368;0.7653509233187945;0.8479588387170752;0.8194814817822688;0.8194462912121373;0.8939297836188772;0.35822147651006714;0.9272719879168118;0.0021134033422622704;11.683471918106079
0.0;1.0;8;122;2;2;0.11011265290403362;0.11011265290403338;0.11081459473322533;0.1090852031020535;0.0998313547793058;0.7785737273209871;0.7785472068345495;0.8571326346992062;0.8436300691740934;0.8435995760138215;0.9103367179847014;0.3568742164646887;0.9242935982339956;0.0022922409349041342;7.4826819896698
0.0;1.0;9;192;2;2;0.1194455514932956;0.11944555149329564;0.11322004074555683;0.11149491978355298;0.10436395491439023;0.8100338740323252;0.8100111156352315;0.8781093405421974;0.83368465567769;0.8336522033552788;0.9000646935339826;0.35479850436227667;0.9196605476162812;0.0025854372197661145;12.030882358551025
0.1;0.0;0;88;2;2;0.11993957850437424;0.11993957850437437;0.11480443479396552;0.11308306344557756;0.10159881565417911;0.9425076695335706;0.9425007946728037;0.9736809772957464;0.9577419520278333;0.9577337146412398;0.9817305982591209;0.2982966348151226;0.8120248098303101;0.015078265478174396;4.0144054889678955
0.1;0.0;1;82;2;2;0.11981438497172753;0.11981438497172772;0.11094767054417433;0.1092180954812676;0.10310472179051537;0.9120181463752981;0.9120076249820784;0.9561140086361262;0.8558295380695614;0.8558014053710596;0.9144616359762228;0.3055439766569404;0.8271363310607879;0.012788610305002862;4.177156209945679
0.1;0.0;2;213;2;2;0.11978719585625078;0.11978719585625061;0.11391425297842944;0.11219111278438464;0.10150881499939679;0.8861602459816516;0.8861466331666504;0.9399908736327883;0.9053471062752376;0.905328654487977;0.9520068721997553;0.30154102457309456;0.8188105324751317;0.013998935521442477;6.780545949935913
0.1;0.0;3;185;2;2;0.11980547544687915;0.11980547544687936;0.10864168806055241;0.10690809529114348;0.09837179557241467;0.8994569792725617;0.8994449553055633;0.9483577856076143;0.8937508155909162;0.8937300970732532;0.9435982366780108;0.30449251247920134;0.8249543234496841;0.013150196286458991;8.575530529022217
0.1;0.0;4;91;2;2;0.11984339716197913;0.11984339716197902;0.11339519673413662;0.11167026174617657;0.10545778682421973;0.9090089768403788;0.9089980948951935;0.9541719845384662;0.8469407796224092;0.8469109070074096;0.9072488410231329;0.30303030303030304;0.8219140800413679;0.013641427445975948;4.422689437866211
0.1;0.0;5;355;3;3;0.1068099003324732;0.09623455339335618;0.12375219848447173;0.12071008281311672;0.1107260917385536;0.5835796008497514;0.5835005657013006;0.6148191479460657;0.6507250018605109;0.6506099012150278;0.7423350072766638;0.24405705229793978;0.6933394952909475;0.034941411691630425;10.604585647583008
0.1;0.0;6;74;2;2;0.120078565408155;0.12007856540815497;0.11555454800824062;0.113834644421228;0.10263077850363081;0.9056441492254756;0.9056328665489102;0.9522319643007188;0.9104270058130242;0.9104095455329342;0.9551697160469607;0.3030050083472454;0.8218614269933191;0.013501203583627254;2.790205240249634
0.1;0.0;7;176;2;2;0.11979358430515456;0.11979358430515476;0.11474329343665277;0.11302175565997034;0.10158640857669898;0.9035178951498619;0.9035063580363548;0.9509396979659156;0.9322957255287784;0.9322825269553676;0.967873487318603;0.2995008319467554;0.8145473725377961;0.014662833130545956;5.700382232666016
0.1;0.0;8;134;2;2;0.12004715750445506;0.120047157504455;0.12194266054725623;0.12023476665603541;0.11033690578076706;0.9355075937689298;0.9354998820997565;0.9697633937441826;0.8716086236340954;0.8715835809852353;0.9279325705860486;0.2950207468879668;0.8051387109613822;0.01617498340033493;3.965427875518799
0.1;0.0;9;224;2;2;0.11982334267503703;0.11982334267503701;0.10842008114992674;0.10668605737972636;0.09845852280136407;0.9036845398087394;0.9036730212031278;0.9509396797407867;0.8971499049483604;0.8971298492507773;0.9456968906815519;0.30369754881595346;0.8233022714448794;0.013419077861431102;8.683142900466919
0.1;0.1;0;163;2;2;0.11973213225586007;0.11973213225585998;0.12810956470253426;0.1264138347877487;0.11535170646443835;0.838583381784715;0.8385640822977705;0.9075247504534474;0.8092932690705259;0.8092560813895551;0.8857821250513029;0.29069767441860467;0.7959978703103338;0.017603947459030142;8.475868225097656
0.1;0.1;1;170;2;2;0.11991167697655153;0.11991167697655135;0.10875180092572256;0.10701845871575885;0.09902252773029027;0.9131131111353249;0.913102720591822;0.9567617845372319;0.8983375231692888;0.8983177001285265;0.9467470989852274;0.30324459234608986;0.8223600595932575;0.013520139277138743;8.67388105392456
0.1;0.1;2;127;2;2;0.11994761425715253;0.1199476142571524;0.11379693480976862;0.1120736311068309;0.10124150434267662;0.883283387772301;0.8832694317322695;0.9380653186534974;0.8968010516963016;0.8967809358709633;0.9467471449942103;0.30351170568561875;0.8229157713512322;0.013306349043616356;7.023500442504883
0.1;0.1;3;116;2;2;0.1197344946388605;0.11973449463886056;0.12442598622873713;0.12272345214926432;0.10845862004585236;0.8411736192685658;0.8411546290745737;0.9094187265680982;0.8638426484562004;0.8638161123211073;0.9248153295971251;0.29087136929460583;0.7963663167691081;0.017572498619519802;5.753757953643799
0.1;0.1;4;115;2;2;0.1199054676090118;0.11990546760901179;0.11229577879448269;0.11056875777509141;0.1041266994964493;0.9133037590696176;0.9132933907529548;0.9567617773432989;0.8539188021143191;0.853890293650985;0.912397913649549;0.30194939858979675;0.8196622606439942;0.013991722203758668;6.242294788360596
0.1;0.1;5;154;2;2;0.1200323648739991;0.12003236487399914;0.11547665543127254;0.11375663526283386;0.1026236889442573;0.8962558717967081;0.8962434659954784;0.9464236787169104;0.8968495231641437;0.8968294173038099;0.9467471484892854;0.30129005409904286;0.8182868289046327;0.014098787692311807;10.004063606262207
0.1;0.1;6;131;2;2;0.1197921559084852;0.11979215590848506;0.11480846131494682;0.11308706970364239;0.10278303916469217;0.8911843516521752;0.891171339721224;0.9432045373863657;0.9175452351670981;0.9175291615347189;0.959394980856486;0.298960498960499;0.8134160567426046;0.014844130848803566;4.562695026397705
0.1;0.1;7;118;2;2;0.11979780925896005;0.1197978092589601;0.11377273529226085;0.11204927984649905;0.10173692111977446;0.9045776170491813;0.9045662067484609;0.9515857214924239;0.9232995176924516;0.9232845646821901;0.9625700448115013;0.30070803831736775;0.8170715507193183;0.014253375655993723;4.680488586425781
0.1;0.1;8;267;3;3;0.10683116702802167;0.09598000374081005;0.13058574271545084;0.1275765666052024;0.1183165306382778;0.5668558558820485;0.5667737322566642;0.5992397882265754;0.6307419144784508;0.6306209256609471;0.7213737971607659;0.2366211962224554;0.6762570960645841;0.03921905305550568;12.63292121887207
0.1;0.1;9;351;3;3;0.10708076929065673;0.09675822230154102;0.12951369127486703;0.1265131329462195;0.11211173041377921;0.5833153657662007;0.583236079716047;0.6178833569939366;0.6688813266222181;0.6687736568107714;0.7374828099078015;0.2422490803993694;0.6892048565423027;0.03629445700792857;15.586530923843384
0.1;0.2;0;248;2;2;0.1200555017384456;0.12005550173844565;0.11675584774337801;0.11503833970837264;0.10264839072405282;0.9721377303662515;0.9721343984890175;0.9887715358334633;0.9717186175652;0.9717131052251801;0.9881593985486867;0.2944582299421009;0.8039527627650646;0.016468577100097317;8.826053142547607
0.1;0.2;1;146;2;2;0.12005916166196533;0.12005916166196509;0.1185966192925004;0.1168822170752717;0.10772031465188311;0.9854762609676955;0.9854745242371985;0.9947081218349314;0.9215255643180846;0.9215102579338639;0.9572811182240492;0.2966804979253112;0.8086319485078994;0.015633501447403914;8.032403945922852
0.1;0.2;2;147;2;2;0.1199861894250051;0.11998618942500529;0.11710409606278696;0.11538653105102241;0.10823174560511366;0.9613640206815464;0.9613594007533187;0.983509488560876;0.8931086038712225;0.8930877466612983;0.9373161547370976;0.29705027004570006;0.809408981129784;0.015475885183376989;11.409204959869385
0.1;0.2;3;107;2;2;0.11977092025301493;0.11977092025301489;0.12496000742682388;0.12325844474874514;0.11063153010358749;0.8585603831078303;0.8585434718964541;0.9214597868678412;0.8617861958578472;0.8617592562018792;0.9237773456915807;0.2909921129099211;0.7966223831089052;0.017516782620825275;4.745884895324707
0.1;0.2;4;146;2;2;0.11965744772723827;0.1196574477272383;0.11041950383589096;0.10868939308547697;0.10007216456263694;0.8921813105144087;0.8921684174740627;0.9438479235643848;0.8934144393242592;0.893393655967194;0.9435982418968671;0.30183180682764366;0.8194170593312965;0.013922290465680665;6.268453359603882
0.1;0.2;5;134;2;2;0.11983563572536447;0.11983563572536444;0.11509265802864473;0.11337116341921048;0.10702032515174455;0.9077251094816872;0.9077140748958106;0.9535250960991289;0.860351080295876;0.8603238305901468;0.9175615602833644;0.3019966722129784;0.8197608227070742;0.01389554366954078;7.425602436065674
0.1;0.2;6;222;3;3;0.0973068403115402;0.09256032040155937;0.13125399627120304;0.12836384987343932;0.07014634297241269;0.43191385349834494;0.43180873057878805;0.4178620205251721;0.5100306001020746;0.5098809150638384;0.5355190991466305;0.20650887573964496;0.6049271505238257;0.056037493306382274;9.207740783691406
0.1;0.2;7;171;2;2;0.11985618181540504;0.11985618181540529;0.1234167756599229;0.12171183033960341;0.11309692726151568;0.8973583419256697;0.8973460686635792;0.9470681749854071;0.8609685628925763;0.8609414482361482;0.9217030494929214;0.29299627020306673;0.8008657034403085;0.016890222419169862;11.786053657531738
0.1;0.2;8;254;2;2;0.11988889275103548;0.11988889275103522;0.12090400716325425;0.1191946035008234;0.10640315227235675;0.9004803520741669;0.9004684522168254;0.9490029531179079;0.9146432308461362;0.9146265948656717;0.957281202059633;0.292046396023198;0.7988562146987517;0.017226265026016527;11.218874216079712
0.1;0.2;9;227;3;3;0.10717722172400838;0.09610391951055508;0.12210841909857269;0.11906180619497914;0.10378009578895958;0.5832706974333338;0.5831915501429145;0.6151211799072015;0.6889645883210487;0.6888621727609655;0.7647802978320011;0.24606505771248688;0.6979175264081796;0.03432707817478077;13.36698579788208
0.1;0.3;0;201;2;2;0.11985264135533016;0.11985264135532998;0.12288990547148601;0.1211843253880083;0.10879598499318953;0.8448313562035762;0.8448128036142969;0.9119471103088005;0.8423851203877218;0.842354399583652;0.910336830663244;0.2975792988313856;0.8105199028622805;0.015168782302280137;12.078364133834839
0.1;0.3;1;177;2;2;0.11984483483205151;0.11984483483205179;0.11418287621063407;0.11245945579751036;0.10582869890240115;0.915473639237123;0.9154635304242688;0.9580579896973437;0.8654093135308056;0.8653830447233711;0.9185959835602403;0.3003314001657001;0.8162845315479338;0.014525759995044851;8.828261375427246
0.1;0.3;2;166;2;2;0.1198835322763596;0.11988353227635945;0.12437058379751804;0.12266741241711873;0.11464086944106384;0.9101370063701995;0.9101262615983978;0.9548191325081047;0.8589290315973401;0.8589015158028523;0.9196311708650482;0.29265255292652553;0.8001388996934511;0.016951104032424273;8.282895565032959
0.1;0.3;3;171;2;2;0.11977630596583085;0.11977630596583085;0.11520145380422363;0.11348012021665084;0.10655824329650924;0.9066545638510687;0.9066434015332913;0.952878419362246;0.8597256284461111;0.8596982546239355;0.9165276552633402;0.30129005409904286;0.8182868289046327;0.014098787692311807;8.651407241821289
0.1;0.3;4;253;2;2;0.11980000581595103;0.11980000581595142;0.11076935511660821;0.10903998317755677;0.10010576817140346;0.8911703553018958;0.8911573412598494;0.9432045316297298;0.9011681459568114;0.9011488761882119;0.9488492575389313;0.30333333333333334;0.8225447046552103;0.013448483689548943;8.646060466766357
0.1;0.3;5;168;2;2;0.11948983885607581;0.11948983885607585;0.12934312058658773;0.12764975298538314;0.11637311078378479;0.8289150744788467;0.8288946191600263;0.9005970401607009;0.8136833210471707;0.8136469873892258;0.8888330813248116;0.2918918918918919;0.7985290769272202;0.01715340662388752;8.229522705078125
0.1;0.3;6;107;2;2;0.11976745387863923;0.11976745387863912;0.12450122646243851;0.12279886485006848;0.10837459727861111;0.8402520491952816;0.8402329486745579;0.908787177897817;0.8580781186342826;0.8580504601270488;0.9206669767839663;0.29182233291822335;0.7983817713872272;0.017232678907175565;5.833589792251587
0.1;0.3;7;211;2;2;0.11961241977735064;0.11961241977735054;0.129833821329048;0.1281413700580904;0.11752532059039254;0.8032151124551673;0.803191582672297;0.8818381384902555;0.7882776279468177;0.7882363375286866;0.8695987963305108;0.2906832298136646;0.7959672255415057;0.01770886054333702;9.68978476524353
0.1;0.3;8;414;3;3;0.10689713807949675;0.09673356654439033;0.12972167984571367;0.1267263220696357;0.11145499470335957;0.5819053511253265;0.5818258474321688;0.6158589138952745;0.6594116825589139;0.6593012354863385;0.728517023496903;0.24145186743819042;0.6873778897362914;0.037039993265089374;21.35007667541504
0.1;0.3;9;139;2;2;0.11977710722751274;0.11977710722751275;0.11135872548826713;0.10963045335012755;0.10032411704769405;0.905612727119573;0.905601439926899;0.9522319546174381;0.9123146962604309;0.912297598611382;0.9551696803536033;0.3019966722129784;0.8197608227070742;0.01389554366954078;8.278829336166382
0.1;0.4;0;233;2;2;0.11994424779643857;0.11994424779643839;0.11577630115105;0.11405678201745029;0.10282016345849357;0.9439406943144886;0.943933990166984;0.9743346685647011;0.958017880739779;0.9580096966779627;0.9817305956251374;0.2969396195202647;0.8091765085203186;0.015653231178670478;13.435549020767212
0.1;0.4;1;195;2;2;0.11969585854772054;0.1196958585477203;0.12757540937868064;0.1258786526085987;0.11444226142731563;0.835830763226564;0.8358111342100271;0.9056327363938088;0.8105894820922522;0.810552547845562;0.8867985384004125;0.29140722291407223;0.7975023600169956;0.017374414114931375;14.632269620895386
0.1;0.4;2;113;2;2;0.11992911444135605;0.11992911444135597;0.1166487686490405;0.11493112542466057;0.10141967660565383;0.8835486995528229;0.883534776066602;0.938065329787231;0.9100367053398186;0.9100191724644936;0.9541148782808082;0.2985386221294363;0.8125321026003812;0.014854166470926557;6.877253293991089
0.1;0.4;3;122;2;2;0.11989172157586353;0.11989172157586356;0.10954100066055228;0.10780916921993049;0.098510236166977;0.8882744011401819;0.8882610397222196;0.9412756618924271;0.8819816196597;0.8819586065766799;0.9362713036575727;0.3043659043659044;0.8246913478923206;0.013198603189746326;9.500730752944946
0.1;0.4;4;146;2;2;0.11995855995707028;0.11995855995707025;0.11506743935687538;0.11334662343792822;0.1021583481097805;0.8917879103764894;0.8917749723715079;0.9432045606029748;0.9070381099205702;0.9070199899967887;0.9530605828325033;0.3001255755546254;0.8158542498955381;0.01429074348639682;9.737123966217041
0.1;0.4;5;214;3;3;0.09218736568172328;0.09008892623419414;0.1499842573252463;0.14712092376618366;0.15022740293423906;0.46026178241863885;0.4601607354329227;0.4654069123664215;0.5081016396269787;0.5079479875720124;0.5651601717283046;0.19883527454242927;0.586177029880995;0.0520135298786027;9.341173648834229
0.1;0.4;6;112;2;2;0.11992237439661187;0.11992237439661163;0.11723671817101655;0.11551993510324012;0.10571277781296015;0.8983151370272385;0.8983029772662726;0.9477128695445363;0.9168178491925115;0.9168016310010096;0.9583377709886677;0.29941860465116277;0.8143752708060892;0.014737318376543511;8.343633651733398
0.1;0.4;7;295;2;2;0.12000802618204574;0.12000802618204552;0.11743716134679917;0.11572092762715819;0.10396413267424212;0.9599367636417222;0.9599319728496506;0.9828527171887992;0.9619841874401031;0.9619767771948584;0.9838712012224993;0.2942880794701987;0.8035938333580025;0.016498138086170316;13.921936511993408
0.1;0.4;8;194;2;2;0.11984092244025273;0.11984092244025302;0.1089234572564608;0.10719041249679623;0.09876759769110986;0.8934200574601876;0.8934073110590321;0.9444915137858357;0.8903884154352715;0.8903670412518977;0.9415019132175051;0.30398671096345514;0.8239034262223597;0.013344406198188427;11.841775894165039
0.1;0.4;9;168;2;2;0.11957538096877195;0.11957538096877211;0.13055479626385036;0.128863734319903;0.1180033714406023;0.80575132794769;0.8057281019503171;0.8837051517675101;0.7976835349725746;0.7976440781306322;0.8766606288937336;0.29050973891421467;0.7955991045178854;0.017740234250373084;9.85112714767456
0.1;0.5;0;207;2;2;0.11979179211637539;0.11979179211637554;0.11313423358471958;0.11140949409579777;0.1011966592648515;0.904610913739923;0.9045995076051706;0.9515857238534067;0.923798322310963;0.9237834656049136;0.9625700387706989;0.30041666666666667;0.8164627434643553;0.014331074027078575;14.222673177719116
0.1;0.5;1;110;2;2;0.11990278473690609;0.11990278473690594;0.11153225803770789;0.10980438103255406;0.10134470857050047;0.8932579765106142;0.8932452114359957;0.9444915231008993;0.8993367087974057;0.8993170822727475;0.9477978938751884;0.30311850311850314;0.8220976600847721;0.013569206915229969;5.308746576309204
0.1;0.5;2;105;2;2;0.11985827463229824;0.1198582746322983;0.12507786913470764;0.1233760594678077;0.11454762952449253;0.8744566623800737;0.8744416507935279;0.9323004651029635;0.8219778389197946;0.8219431150846183;0.8939296284098696;0.2979608822305452;0.8113206379068173;0.01513481547610103;7.185394048690796
0.1;0.5;3;237;2;2;0.11986408720395918;0.11986408720395919;0.12628595040505874;0.12458659861463524;0.115305691137325;0.8638919486202464;0.8638756731250089;0.9252786514703006;0.8266474537271168;0.8266136462506075;0.8980174463620462;0.2919768403639371;0.7987089514051167;0.01730633864162296;10.996483564376831
0.1;0.5;4;263;2;2;0.11979730280907777;0.11979730280907748;0.1153794769461766;0.11365847253607556;0.106469692840048;0.9141495959106044;0.9141393301120074;0.9574097908857502;0.861725548491617;0.8616985642512447;0.9175615389957933;0.3005828476269775;0.8168100041281788;0.014303693455947314;13.826807737350464
0.1;0.5;5;124;3;3;0.09376187241517368;0.08969058245304568;0.09642562223830652;0.09343132657355145;0.05007974278657328;0.30504480160637365;0.3049159846310185;0.3050953543109796;0.39445539577875377;0.39427165239979445;0.42787497967482957;0.3071625344352617;0.8304883154390597;0.01119140923229231;7.370614528656006
0.1;0.5;6;151;2;2;0.11979980421139201;0.11979980421139183;0.11152450986237064;0.1097959708263776;0.1039027272652358;0.9015334877600831;0.9015217121232956;0.9496482953958573;0.8494537326208458;0.8494243520109941;0.9093067273192306;0.3034081463009144;0.8227003498883463;0.013494011138750678;13.343284130096436
0.1;0.5;7;194;2;2;0.11990064197157382;0.11990064197157378;0.10971164564922571;0.10798019372107993;0.09884785387058201;0.9185000760638353;0.9184903299898541;0.9600039630206259;0.9014502034106746;0.9014309879800826;0.9488492530811259;0.30308076602830974;0.8220191169845041;0.013546381245426384;10.405485153198242
0.1;0.5;8;303;3;3;0.10686696978851934;0.09622852319650844;0.12410294426903377;0.12106676942253483;0.10560543168895303;0.5787845599985607;0.5787046785488282;0.6093887971238058;0.6845580316348153;0.6844543924204414;0.7571473869554892;0.24088748019017434;0.6860830686015811;0.036748786920336146;17.656903982162476
0.1;0.5;9;112;2;2;0.08788028334658463;0.0878802833465844;0.10903664522396295;0.10730239785874314;0.08295469336409873;0.002074271630166216;0.001954965743724887;0.0026062780069040755;0.0128300463725844;0.01263714203137663;0.018076346015684728;0.25223309230114843;0.7118881496934388;0.03247042991824303;5.69570255279541
0.1;0.6;0;110;2;2;0.11978113395785867;0.11978113395785861;0.12427493209964913;0.1225720903767431;0.1088851996977116;0.8367445690699292;0.8367250494532799;0.9062631884713034;0.8485671654299562;0.8485376515861967;0.9144619019522248;0.29206481096800996;0.7988952001791161;0.01712241970276035;7.7587668895721436
0.1;0.6;1;538;3;3;0.10671241627090865;0.0959656981248739;0.12195145744789945;0.11893046952075469;0.10661751804783513;0.5836380781342289;0.5835590528019162;0.6154494971382853;0.6815221657540323;0.6814189538812897;0.7480482522443161;0.2457627118644068;0.6972291549738678;0.03425713899933563;26.54449224472046
0.1;0.6;2;229;2;2;0.11975651817254725;0.11975651817254726;0.12399520320614948;0.12229182458523166;0.10834965910552591;0.8412325069455586;0.8412135240633379;0.9094187304657226;0.8653059223880438;0.8652796711613101;0.9258538744192144;0.29057700290577004;0.7957418401172458;0.017659785523882233;16.15006446838379
0.1;0.6;3;190;2;2;0.11981877838262368;0.11981877838262363;0.11366177138190818;0.11193813039486908;0.1009406468040743;0.8851939939615978;0.8851802659413079;0.9393488036432406;0.9036803519346859;0.9036615749526442;0.9509537570272035;0.30137557315548147;0.8184653053941732;0.014025944371032363;11.98047685623169
0.1;0.6;4;154;2;2;0.11987996130039721;0.11987996130039716;0.11051370709117996;0.10878389282966351;0.10058387737848021;0.8822269246802656;0.8822128405499835;0.9374238785742598;0.8856579105731568;0.8856356185129399;0.939407951983754;0.3065054211843203;0.8291284551454654;0.01250124662847666;9.153381586074829
0.1;0.6;5;222;2;2;0.11993333534013352;0.11993333534013335;0.1129650652074655;0.11124009835319136;0.10032544412922488;0.9087786447438444;0.9087677362384635;0.9541719970273945;0.9192974399188538;0.9192817080829261;0.9604527566749048;0.30266444629475436;0.8211523188294408;0.013671075404362638;12.791069269180298
0.1;0.6;6;233;2;2;0.1197701263893645;0.11977012638936467;0.11174134670450125;0.11001321186854415;0.10430865877676777;0.9014858251502513;0.9014740440283293;0.9496482981642733;0.8481946614426221;0.8481650343334382;0.9082774929465348;0.30420307948397834;0.8243530720465959;0.013224375014676541;12.584968328475952
0.1;0.6;7;210;2;2;0.1197854099322812;0.11978540993228133;0.12465264293703932;0.12295054269814205;0.10848771135290804;0.838522409418147;0.8385031023687726;0.9075247465185393;0.8531151546259297;0.8530865274772975;0.9175618136046164;0.29206481096800996;0.7988952001791161;0.017122419702760343;11.380934953689575
0.1;0.6;8;180;2;2;0.11973408903512373;0.11973408903512354;0.128157931170814;0.12646229532342934;0.11545356730380843;0.8394437948556868;0.8394245981078298;0.9081558564948307;0.8092932690705259;0.8092560813895551;0.8857821250513029;0.29057700290577004;0.7957418401172458;0.017659785523882233;13.389095544815063
0.1;0.6;9;210;2;2;0.11989698440343582;0.11989698440343596;0.10964729847852005;0.10791572140661354;0.09771269112650147;0.9163879322955484;0.9163779332881438;0.9587064306122719;0.9155262541948505;0.9155097833399573;0.9572811558673701;0.29987557030277895;0.8153314241993008;0.014631196975355108;12.083574771881104
0.1;0.7;0;185;2;2;0.11985682205894839;0.11985682205894849;0.10895424366676613;0.10722127105713981;0.0991022083159582;0.8873593318862979;0.8873458606542068;0.940633143500936;0.8819816196597;0.8819586065766799;0.9362713036575727;0.30398671096345514;0.8239034262223597;0.013344406198188427;18.85311460494995
0.1;0.7;1;138;2;2;0.120099492647368;0.12009949264736788;0.11696608215664249;0.11524890519607345;0.104842690447624;0.9024647936570117;0.9024531305193715;0.9502938937207468;0.8967962314013812;0.8967761135513138;0.9467471376602806;0.3009991673605329;0.8176795787009948;0.014175947189543528;11.737479448318481
0.1;0.7;2;258;2;2;0.11987613437513711;0.11987613437513712;0.12709519020918994;0.12539737294228445;0.11638692529171134;0.8574042836866586;0.8573872330969811;0.9208240569317581;0.8115261069660881;0.8114893483037208;0.886798482982792;0.2963424771404821;0.8079212497591631;0.015691278552746137;23.517971992492676
0.1;0.7;3;168;2;2;0.11984290422810145;0.11984290422810151;0.11198107664052594;0.11025342586032312;0.10435388604839507;0.9035373609822767;0.9035258254063108;0.9509396878330271;0.8431685987079129;0.8431379914913137;0.9051933102234692;0.3039134054954205;0.8237510527617669;0.013298815235500819;11.820814371109009
0.1;0.7;4;183;2;2;0.11991124465746823;0.11991124465746787;0.10758866365373473;0.10585301043343219;0.09779883997350047;0.8852530147061279;0.8852392920831715;0.9393487815182417;0.8726164069305344;0.8725915667594626;0.9300137893470969;0.30449251247920134;0.8249543234496841;0.013150196286458991;14.922462940216064
0.1;0.7;5;136;2;2;0.11974581374382245;0.11974581374382247;0.12602976789825523;0.12433033128634513;0.11000463436503394;0.8218755872498555;0.8218542896723544;0.8955753638163433;0.838231709047023;0.8382001805091608;0.9072491696437137;0.2903359601824969;0.7952302735212207;0.017771755163096918;9.84947943687439
0.1;0.7;6;193;2;2;0.1198323120892984;0.11983231208929833;0.1089586334803509;0.10722569352825173;0.09915699424742813;0.8883971350208129;0.888383787776987;0.9412756552103035;0.8882591663315319;0.8882373781244206;0.9404546336574424;0.3038605230386052;0.8236411201331453;0.013393201570912061;16.861766576766968
0.1;0.7;7;191;2;2;0.12006269575257335;0.12006269575257306;0.1188203258102922;0.11710634460566922;0.10813638640954505;0.9889968737213104;0.988995558002966;0.9960297756224726;0.9242986811591541;0.9242839153563904;0.9583377266112266;0.295850622406639;0.8068864482865289;0.015902998924571914;16.258123874664307
0.1;0.7;8;246;3;3;0.10643697682000952;0.09642445867885342;0.11293013780899167;0.10983902953768439;0.10278011115694378;0.5671216877099201;0.567040002621162;0.5926563748025568;0.6402227601557146;0.6401033515495018;0.7410496656437519;0.26975476839237056;0.7508343859948718;0.022158015436403708;16.169392108917236
0.1;0.7;9;129;2;2;0.11962071977987929;0.11962071977987908;0.12993544039683821;0.12824322481682587;0.11731248493069196;0.8040577499753625;0.8040343211267882;0.8824602569807115;0.7946581196216367;0.794618075854834;0.8746400722109353;0.29133858267716534;0.7973568910645221;0.017454371227926604;7.9409449100494385
0.1;0.8;0;174;2;2;0.11973414080367877;0.11973414080367871;0.12458367366139371;0.12288146603191764;0.10780379197910504;0.8402520491952816;0.8402329486745579;0.908787177897817;0.85950636225682;0.8594789818310716;0.9217031910194139;0.29128630705394193;0.7972460931917973;0.017429910226762296;14.172043561935425
0.1;0.8;1;193;2;2;0.11983661986893518;0.11983661986893518;0.12731469769490217;0.12561742185220115;0.1154745215336217;0.8564196441452412;0.856402475128609;0.9201885526064525;0.8175920533058063;0.8175564838820365;0.8918893130760445;0.2925113777410012;0.7998402672003081;0.017109964403799763;14.222373008728027
0.1;0.8;2;181;2;2;0.11957259832407698;0.11957259832407723;0.11449205617273345;0.11277003961250366;0.10048104855609935;0.8604288257298678;0.8604121379186168;0.9227318725204783;0.8885992653793031;0.8885775487410154;0.9415019574012679;0.3001672240802676;0.8159413282056975;0.014313190623105904;14.163569450378418
0.1;0.8;3;305;3;3;0.10595751590379765;0.09463213920641353;0.10648176474560417;0.10337325002246975;0.10028909812137816;0.5264291935319708;0.5263403610912746;0.5504212432439831;0.6094420741006437;0.609312860513439;0.7146124315735259;0.2887882219705549;0.7919409391611246;0.015966113470260553;18.69992470741272
0.1;0.8;4;181;2;2;0.11990064197157382;0.11990064197157378;0.10971164564922571;0.10798019372107993;0.09884785387058201;0.9185000760638353;0.9184903299898541;0.9600039630206259;0.9014502034106746;0.9014309879800826;0.9488492530811259;0.30308076602830974;0.8220191169845041;0.013546381245426384;13.627673864364624
0.1;0.8;5;198;3;3;0.09713799631219767;0.09200945703162636;0.13304347187922017;0.13016705550638158;0.06604066365974821;0.42479303180248895;0.42468645784267034;0.4251163252171763;0.48969218765702277;0.4895370219672811;0.5069820498082049;0.263768115942029;0.7376490355967598;0.026779012855995172;14.393884897232056
0.1;0.8;6;214;3;3;0.10565178776228906;0.09498382465183954;0.11894592376837433;0.11591557196661056;0.0973852473530208;0.5485640176149923;0.5484792050661756;0.5691096715893155;0.6486818065190764;0.648568026549454;0.7274866161286403;0.2542372881355932;0.7163980832793004;0.029567119397838473;14.455023288726807
0.1;0.8;7;182;2;2;0.1199684611554519;0.11996846115545151;0.11061174015667015;0.10888210585670563;0.09927740258135759;0.9119951374762439;0.9119846140523439;0.9561140177003135;0.8906561294090495;0.8906348114591218;0.9425498113372934;0.30329578639966626;0.8224665831041358;0.013425955683874329;14.814552068710327
0.1;0.8;8;193;2;2;0.1197809486120185;0.11978094861201863;0.11048719040945933;0.10875719918961936;0.0997378362281386;0.9077571530558686;0.9077461230434316;0.9535251055202709;0.9091532071687319;0.9091354924298963;0.9530605349046324;0.30083333333333334;0.8173332648611245;0.014203154688011727;15.213834285736084
0.1;0.8;9;180;2;2;0.11991060378464119;0.11991060378464115;0.11572608250834207;0.11400600974368309;0.10750531295067853;0.8812114255984731;0.8811972204044272;0.9367826863049723;0.8447824529229534;0.8447521739003198;0.9093068283142841;0.3036234902124115;0.8231482641232192;0.013373517831095076;13.94060492515564
0.1;0.9;0;171;2;2;0.11987532981348997;0.11987532981349014;0.11902951552667944;0.11731605015343283;0.10768248028107646;0.888308477504341;0.8882951145198167;0.9393487026452441;0.8782695620565795;0.8782458220019351;0.9331399053828969;0.31948483589530535;0.8557378112319871;0.009149143540503127;12.010800123214722
0.1;0.9;1;177;2;2;0.11967878751329011;0.11967878751329034;0.12200830980133343;0.12030106064604809;0.10777613831776965;0.8168029825000032;0.8167810665778695;0.8911927418158354;0.8515486770706899;0.8515197443153645;0.9165279255924286;0.32055022926219257;0.8578987653007547;0.00882834317194918;13.431336164474487
0.1;0.9;2;169;2;2;0.11920347948613147;0.11920347948613137;0.12446402944563516;0.12276158270174634;0.10830161562507234;0.8123029805376684;0.8122805235524647;0.8874448669426446;0.8488580143815476;0.8488285584395412;0.9144619109714512;0.31921959319219595;0.8551992726471968;0.009230306315321686;13.999175071716309
0.1;0.9;3;1000;3;3;0.09472705077858232;0.09127743359435876;0.13238360133482624;0.12951582195661027;0.07979675042149838;0.40410424046935023;0.4039937501216312;0.41365011603183877;0.42041435216822304;0.4202392883322158;0.42505106189327074;0.2954414310444316;0.8060249615229735;0.014784111709551899;46.0543098449707
0.1;0.9;4;161;2;2;0.11990324852168704;0.11990324852168692;0.12459623863729317;0.1228935200561854;0.1143049569943777;0.8528162629742546;0.8527986520737791;0.9157460720327496;0.8390613607296169;0.8390299704186032;0.9062209311712829;0.31855840927920465;0.8538558870476881;0.009434904587191276;14.609536409378052
0.1;0.9;5;176;2;2;0.11988591865487433;0.11988591865487414;0.1224888197033693;0.12078250489647646;0.1075699367796922;0.8173970452224747;0.81737520162908;0.8918181672198962;0.8339526564962907;0.8339202943248581;0.9041667418500251;0.32121971595655807;0.8592549125743886;0.008630959566756288;17.01358437538147
0.1;0.9;6;202;2;2;0.1197555750959683;0.11975557509596843;0.10783771380853897;0.10610259383814281;0.09805390312198979;0.8614496935020821;0.8614331172865038;0.9220955717454279;0.8752693364098135;0.8752450153318135;0.9320973074850584;0.3196176226101413;0.8560073349520602;0.009108706819043154;12.186444997787476
0.1;0.9;7;159;2;2;0.11959386695967461;0.119593866959675;0.11853934920189109;0.11682490406616877;0.10709839605347679;0.9097025055385546;0.909691701496426;0.9515856328859634;0.8920310184282103;0.8920099613187438;0.9415018903073796;0.3188225538971808;0.8543927345088937;0.009352774951109637;14.23598337173462
0.1;0.9;8;215;2;2;0.1195206087086596;0.11952060870865987;0.11084541795472916;0.10911623809873801;0.0990008497735289;0.8759217888927037;0.8759069443065616;0.9316609089463673;0.8973264645315482;0.8973064470465608;0.9467471173200744;0.31975051975051977;0.856277028504345;0.009068366440564031;13.239295244216919
0.1;0.9;9;248;2;2;0.11981027776594509;0.11981027776594516;0.10927357723900676;0.10754124980462285;0.09909587310327456;0.8739443968299218;0.8739293156706814;0.93038267980476;0.894943017132498;0.8949225322011971;0.9446472799999184;0.31975051975051977;0.856277028504345;0.009068366440564031;18.367334127426147
0.1;1.0;0;229;2;2;0.1194293668416708;0.11942936684167094;0.12159623856853426;0.11988749270051968;0.112543323176028;0.7870553963773605;0.78702988847736;0.8626605902197889;0.8340519404095794;0.8340195636666736;0.9010892906656927;0.35583333333333333;0.9219770729251384;0.002436547966861262;15.436247110366821
0.1;1.0;1;187;2;2;0.11098888028901092;0.11098888028901076;0.11077008434554739;0.10904092859318082;0.09786536961642699;0.766741325944577;0.7667133936889955;0.8491791850409449;0.8265412827831464;0.8265074734383022;0.8990409898905178;0.35852225020990763;0.9279338522907711;0.0020746814358079783;14.147730350494385
0.1;1.0;2;182;2;2;0.10932424274257782;0.10932424274257795;0.1178291753330028;0.11611372132296426;0.10196564760514559;0.75065861529017;0.7506287480999505;0.8351982006211308;0.827897590816514;0.8278640445720837;0.9000649614821484;0.35598165902459356;0.9223080051121181;0.0024156526198202515;13.345183849334717
0.1;1.0;3;224;2;2;0.1194384966421602;0.11943849664216026;0.10818566480146703;0.1064512566840748;0.09658571177135561;0.7979764792103738;0.7979522799586883;0.8706768653418184;0.8517891454594431;0.8517602475159077;0.9165278366803967;0.35598165902459356;0.9223080051121181;0.0024156526198202515;15.843865394592285
0.1;1.0;4;191;2;2;0.11061845346131612;0.11061845346131623;0.11175282901021305;0.11002483711300758;0.10303229524953028;0.7752269405011214;0.7752000225148133;0.8552939671932965;0.7982365147923008;0.7981971446660553;0.8746398758273873;0.35792120704107294;0.9266101235428527;0.0021524955452306045;11.70566987991333
0.1;1.0;5;257;2;2;0.11113030061856433;0.11113030061856417;0.10881661764887549;0.10708352398921249;0.09698630284265769;0.7642572414262084;0.7642290121900994;0.8473490260692325;0.8167968331491734;0.8167611170917063;0.8918893782149779;0.3586728265434691;0.9282647844777506;0.0020554592031482542;14.841359853744507
0.1;1.0;6;348;2;2;0.11958639759491241;0.11958639759491219;0.1185999795293589;0.11688574224706715;0.10809059262879625;0.7965811721017871;0.7965568025050673;0.8688236156594965;0.8218841519559986;0.8218494188476806;0.8949507677262868;0.3549459684123026;0.919991479803261;0.002563885983850215;18.230030059814453
0.1;1.0;7;145;2;2;0.08581311601879255;0.08581311601879246;0.10399231037579504;0.10224875416110708;0.07849025028494268;0.0014638678947493167;0.001344409849760675;0.0020121054526077175;0.016576818734988664;0.01638479097344495;0.02322145810639432;0.3687392055267703;0.9497753766314241;0.001001884788883644;11.236546039581299
0.1;1.0;8;403;2;2;0.11959059153246673;0.11959059153246646;0.12192722686633523;0.12021952052985901;0.10971564061087706;0.7924423342227475;0.7924174683170313;0.8657393302976268;0.811754124983839;0.811717419799403;0.8878155443693045;0.35479850436227667;0.9196605476162812;0.0025854372197661145;22.40981650352478
0.1;1.0;9;199;2;2;0.1104168669748744;0.11041686697487454;0.11317167302959688;0.11144639059984097;0.1048609809340814;0.7820397669572624;0.7820136582523037;0.8589732758655022;0.8057187611404435;0.8056808481558714;0.8796956830655642;0.35583333333333333;0.9219770729251384;0.002436547966861262;12.659316539764404
0.2;0.0;0;119;2;2;0.11990630190745917;0.11990630190745935;0.12482233444556826;0.12312012292257397;0.11498827390865499;0.8763622325534597;0.8763474485871668;0.93358000489403;0.8398161816895422;0.839784941782301;0.9072490166602953;0.2950207468879668;0.8051387109613822;0.01617498340033493;4.665321588516235
0.2;0.0;1;116;2;2;0.11994524628206132;0.11994524628206153;0.10965151266556103;0.10792001096698177;0.09955104430699863;0.8973477780554593;0.8973355020723924;0.9470681560306593;0.8939752471299717;0.8939545762833979;0.9446472990577282;0.3014950166112957;0.8187145421420365;0.014095039465848398;5.442819118499756
0.2;0.0;2;130;2;2;0.1198605070537348;0.11986050705373483;0.11098270123388763;0.1092531773634203;0.1041292815141141;0.901533487760083;0.9015217121232953;0.9496482953958573;0.8420121054311507;0.841981275690499;0.9051933351128366;0.30449251247920134;0.8249543234496841;0.013150196286458991;4.39590311050415
0.2;0.0;3;120;2;2;0.11992946919982263;0.11992946919982259;0.11767640748320872;0.11596057366403041;0.10513780718015969;0.9014577570923528;0.9014459738245889;0.9496483137636896;0.9285597635797399;0.9285458367012343;0.9657503641374094;0.29597343295973433;0.8071449000636867;0.015849922474163232;7.159333229064941
0.2;0.0;4;141;2;2;0.11972667840801741;0.11972667840801746;0.11606800309285761;0.11434907969803963;0.10317603664874937;0.8862418639666119;0.8862282615713217;0.9399908824120479;0.9283689487567598;0.9283549854803345;0.9657503691490366;0.2990420658059142;0.8135868966719202;0.014769621654098217;6.7906575202941895
0.2;0.0;5;90;2;2;0.11995842215136823;0.11995842215136843;0.11156523468713686;0.10983746536711796;0.10079697335811968;0.8932263031184434;0.8932135344848658;0.9444915260997653;0.8955600120616483;0.895539650508769;0.9456969190767558;0.3044564764681383;0.8248794788614404;0.013127605023897836;3.933795213699341
0.2;0.0;6;140;2;2;0.11978514176305337;0.11978514176305335;0.12751179864968706;0.12581483110318212;0.11627757923030424;0.8510089916036228;0.8509911767230943;0.9163802061077494;0.8125888827686565;0.8125523335683154;0.8878154912601071;0.29187396351575456;0.7984911113932056;0.017257038411232113;7.769383668899536
0.2;0.0;7;359;3;3;0.10641990061570145;0.0960713165950972;0.12286324883909451;0.11984535596442145;0.10745168811884828;0.5805062977588491;0.5804267809158004;0.6112140766397065;0.6821926042316354;0.6820896067990053;0.7492313545608261;0.2464;0.698679722469055;0.03346042117430389;11.610806941986084
0.2;0.0;8;130;2;2;0.11986508560471919;0.11986508560471905;0.10964885596113534;0.10791724640743301;0.09932068433994343;0.8893683434218439;0.8893551124569772;0.9419183896281251;0.8867517075196754;0.8867296249816212;0.9394079259066215;0.30398671096345514;0.8239034262223597;0.013344406198188427;6.016767263412476
0.2;0.0;9;160;2;2;0.12005690280437845;0.12005690280437845;0.11882032581029217;0.1171063446056692;0.10813638640954505;0.987174035143898;0.9871725014438132;0.9953688390830927;0.9242986811591541;0.9242839153563904;0.9583377266112266;0.2962655601659751;0.8077594777666477;0.01576793981185185;7.939953327178955
0.2;0.1;0;144;2;2;0.12002869163766776;0.12002869163766794;0.11125730669784316;0.10952896972480444;0.10005322615950682;0.915222529849383;0.9152123922658352;0.9580580054185015;0.9003910825922795;0.9003716638042749;0.9488492742694536;0.3031693077564637;0.8222033937975425;0.013474786436288938;7.604897737503052
0.2;0.1;1;168;2;2;0.11942376530347676;0.11942376530347681;0.12851559896004416;0.12682097381146015;0.11284476052118791;0.7978582629630838;0.7978340955378646;0.8774895132023329;0.8337617986227188;0.833729397806685;0.9041667309203856;0.2884455527847049;0.7912116121482097;0.01836001030715506;7.701427459716797
0.2;0.1;2;254;2;2;0.12006850765371883;0.12006850765371888;0.11182969101265074;0.11010248722225505;0.10025179542714463;0.9251520298426673;0.925143079234872;0.9639018107839583;0.9071149346738566;0.9070968272447016;0.9530605664188598;0.30308076602830974;0.8220191169845041;0.013546381245426384;12.688075304031372
0.2;0.1;3;125;2;2;0.1200741619972589;0.12007416199725897;0.12086774375036818;0.11915774497517485;0.11017106443595139;0.9722538880227466;0.9722505702591441;0.988771538109637;0.9120178938898218;0.9120007326772374;0.9520068019730131;0.29705027004570006;0.809408981129784;0.015475885183376982;7.787655591964722
0.2;0.1;4;340;3;3;0.10680092291711366;0.09663675010493301;0.12641386434351942;0.12339230597124831;0.1071552678293693;0.5857829179766894;0.5857041802234358;0.6172715796519905;0.6762458920124272;0.676139956138328;0.7470251736608087;0.24145186743819042;0.6873778897362914;0.037074701126694844;11.665086269378662
0.2;0.1;5;179;2;2;0.11968215246393424;0.11968215246393442;0.11900835985579625;0.11729515437598373;0.10613082399168781;0.894915166371637;0.8949026023513608;0.945135390189972;0.9320914616752957;0.9320782240405575;0.967873492019561;0.29375;0.8024581428809684;0.016461964839047168;8.691027164459229
0.2;0.1;6;105;2;2;0.11972845148869858;0.1197284514886985;0.12376664123056452;0.1220628250694951;0.1079262082133793;0.8420990237762211;0.8420801443643273;0.9100504945143615;0.8669381885258544;0.8669122556903155;0.9268930058251635;0.2915282392026578;0.7977587916440106;0.017319015784667616;7.607481956481934
0.2;0.1;7;226;3;3;0.10812002429882037;0.0978767963117039;0.10473932803023393;0.10160383884891469;0.09706391988608433;0.5943987790558398;0.5943214474602972;0.6324980034980532;0.6850468329522378;0.6849412214634829;0.7715754857501338;0.2857142857142857;0.7853845653728626;0.017209739642768646;11.599716186523438
0.2;0.1;8;150;2;2;0.11979768858110086;0.11979768858110099;0.127314361479042;0.12561706052137592;0.11532736457523252;0.8331570642674988;0.8331371154234886;0.9037427000903026;0.8039951185625774;0.8039568963274446;0.8817223078845643;0.29343308395677475;0.8017888059735169;0.016647998942847263;8.225435018539429
0.2;0.1;9;179;2;2;0.11969039551505072;0.11969039551505077;0.1281310040075829;0.1264353744434936;0.1148711126043344;0.8209513030847465;0.8209298945236467;0.8949486353250163;0.7994641238091461;0.7994250229348315;0.8786836098568439;0.2915802571547076;0.7978690021056682;0.017343329185194788;12.262580871582031
0.2;0.2;0;114;2;2;0.11988893245182197;0.11988893245182193;0.114099592351164;0.1123762152439398;0.10616935775029612;0.9047019914652886;0.9046905946454371;0.9515857036693114;0.857819929321992;0.8577921877595068;0.9165276870562873;0.3043659043659044;0.8246913478923206;0.013198603189746326;5.425389766693115
0.2;0.2;1;420;3;3;0.10671031935215516;0.0960303782923738;0.12177855799137483;0.11875477273525153;0.10645282167948955;0.5817338604835093;0.5816544579238758;0.6148657740423501;0.6802073308830942;0.680103555632421;0.7489727936334519;0.2468220338983051;0.699639521489759;0.03366995394377614;15.560808658599854
0.2;0.2;2;98;2;2;0.11985489782008682;0.11985489782008699;0.1129046320918959;0.11117877809918729;0.10453993090742983;0.9112390810266766;0.9112284655856844;0.9554664397353565;0.8526489072184557;0.852620150178885;0.9113669316890057;0.3033195020746888;0.8225159273460783;0.013566125051662582;6.256115674972534
0.2;0.2;3;288;3;3;0.10472349213560982;0.09520292283970132;0.1361432780384964;0.13317641909489236;0.1185966910496473;0.5431515301801169;0.5430655548573669;0.5674410879928412;0.6084967490745004;0.6083702672898842;0.6945188210600152;0.22680965147453083;0.6534001399419772;0.04447832459315858;11.601165533065796
0.2;0.2;4;132;2;2;0.12011007516721181;0.12011007516721181;0.11473927188056295;0.11301781781601866;0.1028298599773046;0.8973928979711596;0.897380627160121;0.9470681531203831;0.8902185456909819;0.8901971473353438;0.9425498449632113;0.30070510161758607;0.8170654159850014;0.014373577158101614;6.67538046836853
0.2;0.2;5;191;2;2;0.11995056351303438;0.11995056351303451;0.1124807608747868;0.11075478253214598;0.1014138200683621;0.897518519239387;0.8975062629927268;0.9470681471479891;0.9005344073920885;0.900515015948615;0.9488492702519279;0.30398671096345514;0.8239034262223597;0.013344406198188427;9.908648014068604
0.2;0.2;6;174;2;2;0.11979268329257875;0.11979268329257894;0.11439324515988095;0.11267104609665796;0.1012573719108389;0.9025173046369741;0.9025056481592477;0.9502938986162365;0.9359482450972519;0.9359357589254262;0.9699989432684121;0.30041666666666667;0.8164627434643553;0.014331074027078575;9.18456244468689
0.2;0.2;7;196;2;2;0.11989622687323463;0.11989622687323483;0.11481082763538422;0.11308944062575522;0.10283835916053799;0.8841889803726211;0.8841751320645008;0.9387069470228402;0.9002027740195687;0.9001833196687362;0.9488492819742957;0.30070803831736775;0.8170715507193183;0.014253375655993723;12.013824939727783
0.2;0.2;8;176;2;2;0.11987350214811268;0.11987350214811278;0.10916578286350613;0.10743330357754496;0.09877731081503636;0.8923692179464019;0.8923563459923355;0.9438479053625614;0.8892922047585446;0.8892706198367007;0.941501934113538;0.30357142857142855;0.8230399897400547;0.0134679963077153;13.188561201095581
0.2;0.2;9;150;2;2;0.11990755377493473;0.11990755377493467;0.11156897752320881;0.10984116068637945;0.1002053179862169;0.9262652324561099;0.9262564150459075;0.9645522206439893;0.9151785899823107;0.9151620519039841;0.9572811595903322;0.3021223470661673;0.8200228108255488;0.013845912458283892;8.165757179260254
0.2;0.3;0;180;2;2;0.11983681321630044;0.11983681321630055;0.11235392465087954;0.11062703411366805;0.1042329221166727;0.9068119241622948;0.9068007796721952;0.9528784067460847;0.8519877350215559;0.8519588504482116;0.9113669434186814;0.30328209389281263;0.8224380928434344;0.013543052688602737;12.929641962051392
0.2;0.3;1;155;2;2;0.11992591056091459;0.11992591056091444;0.12042590322155973;0.11871494244375928;0.11015274615046615;0.9487323707966446;0.9487262405269103;0.9769516670034494;0.9097025289065955;0.9096849133554286;0.9488491851132548;0.294068851099129;0.8031312358404225;0.016503517263452408;9.951064825057983
0.2;0.3;2;251;2;2;0.11980255343788689;0.119802553437887;0.12319085820587976;0.12148585532128263;0.10862915500641801;0.8601570959358186;0.8601403741083582;0.9227318512419268;0.88055712792267;0.8805338469638573;0.936271372773689;0.2900826446280992;0.7946924542001514;0.017990268483765906;13.310238599777222
0.2;0.3;3;135;2;2;0.11978113395785867;0.11978113395785861;0.12427493209964913;0.1225720903767431;0.1088851996977116;0.8367445690699292;0.8367250494532799;0.9062631884713034;0.8485671654299562;0.8485376515861967;0.9144619019522248;0.29206481096800996;0.7988952001791161;0.017122419702760343;6.0841405391693115
0.2;0.3;4;157;2;2;0.11973408903512373;0.11973408903512354;0.128157931170814;0.12646229532342934;0.11545356730380843;0.8394437948556868;0.8394245981078298;0.9081558564948307;0.8092932690705259;0.8092560813895551;0.8857821250513029;0.29057700290577004;0.7957418401172458;0.017659785523882233;7.856993675231934
0.2;0.3;5;117;2;2;0.11989846720787208;0.11989846720787228;0.1083344409056936;0.10660022558168117;0.09899788550242151;0.8649158813666822;0.864899726471228;0.925915875351439;0.8586958913017768;0.8586683360754565;0.9206668509679933;0.30490848585690516;0.8258179754167636;0.013028091549817322;6.730802297592163
0.2;0.3;6;235;2;2;0.11986695877642951;0.11986695877642947;0.11668103349430745;0.11496266188770923;0.10691723762979545;0.9195915428599576;0.9195819277175057;0.960653061057141;0.8729372579407332;0.8729124654017488;0.9258536559121745;0.29991680532445925;0.8154176711527209;0.014533419467282434;10.707293033599854
0.2;0.3;7;240;3;3;0.09697304590274118;0.0922315337776049;0.12493862778336716;0.1220384654943255;0.07010625386806198;0.4154610389866196;0.41535289789622276;0.39933889350328816;0.4717495119100706;0.47158919754106216;0.4853495819801005;0.21623258631132647;0.6283467650754502;0.04918719041401809;8.318194389343262
0.2;0.3;8;228;2;2;0.11980000581595103;0.11980000581595142;0.11076935511660821;0.10903998317755677;0.10010576817140346;0.8911703553018958;0.8911573412598494;0.9432045316297298;0.9011681459568114;0.9011488761882119;0.9488492575389313;0.30333333333333334;0.8225447046552103;0.013448483689548943;10.251062870025635
0.2;0.3;9;169;2;2;0.11978010939547235;0.11978010939547282;0.12762916046485795;0.1259324211841235;0.11692065488464079;0.8447707751189762;0.8447522150215909;0.9119471065199698;0.8043507162241171;0.8043125604040411;0.8817222847234949;0.29355509355509357;0.8020465330085453;0.016593772911414437;12.205422163009644
0.2;0.4;0;353;3;3;0.09723492864381052;0.09264424850429727;0.13231870352097688;0.1294386437553238;0.07564620135277021;0.4292460779205122;0.42914048414397316;0.41115825784780285;0.5011739611968744;0.5010221735781081;0.5160482969344804;0.20878459687123946;0.6104420103682057;0.052881583216920026;12.241377592086792
0.2;0.4;1;192;3;3;0.10751767466222698;0.09743090934762622;0.13014591118211238;0.1271381856542679;0.1131427472243325;0.5755617722257119;0.5754807943046253;0.6156562182344587;0.6680749416009228;0.6679663913186349;0.7377241457925315;0.2394805194805195;0.6828500758030192;0.03820734772182312;8.472909927368164
0.2;0.4;2;181;2;2;0.11985504660443842;0.11985504660443835;0.10903003190993191;0.10729719442611385;0.09908249320024824;0.8883304527708781;0.8883170978062933;0.9412756585794416;0.8837663266354628;0.8837436611493414;0.9373162579256006;0.30411300373909433;0.8241658994387415;0.013295708064643794;12.738934755325317
0.2;0.4;3;157;2;2;0.11961454406948745;0.11961454406948717;0.1297063393729684;0.12801366566186337;0.11723224060945585;0.8023751995787102;0.8023515691839167;0.8812162392678538;0.7854861921261013;0.7854443589412627;0.867586384941721;0.2905629139072848;0.7957119441991254;0.017764945169098177;8.642162799835205
0.2;0.4;4;165;2;2;0.1198493980475961;0.11984939804759605;0.11452212667303482;0.11279958771473649;0.10602713155093538;0.9197744042099708;0.9197648099206802;0.9606530485284833;0.8722312775182686;0.8722063484384645;0.9258536650864646;0.3027408637873754;0.8213114653189914;0.013716992431229369;9.619286298751831
0.2;0.4;5;154;2;2;0.11986570809761353;0.1198657080976136;0.10957262279281552;0.1078408769565562;0.09933977557375406;0.8873593318862979;0.8873458606542068;0.940633143500936;0.8849665407487217;0.8849441105166158;0.9383618063002754;0.30398671096345514;0.8239034262223597;0.013344406198188427;10.236584186553955
0.2;0.4;6;216;2;2;0.11978719585625078;0.11978719585625061;0.11391425297842944;0.11219111278438464;0.10150881499939679;0.8861602459816516;0.8861466331666504;0.9399908736327883;0.9053471062752376;0.905328654487977;0.9520068721997553;0.30154102457309456;0.8188105324751317;0.013998935521442483;17.03042769432068
0.2;0.4;7;203;3;3;0.10732663548177748;0.09627425690321322;0.13080784542349655;0.12778920259595444;0.11908669970774208;0.5690634456954323;0.5689815932724034;0.6041252730742951;0.6429416639383426;0.6428239216993807;0.7341266372778217;0.23606044815007818;0.6749605550221672;0.03999045402880813;10.448771476745605
0.2;0.4;8;159;3;3;0.10649266631974272;0.09497065629831625;0.1168427211610902;0.11379195144263012;0.0961960001634056;0.5687132412263716;0.568631920409852;0.5918478943184639;0.6757061401787319;0.6756002785329318;0.7511504246300978;0.24322860238353197;0.6914464114753242;0.03481998863674352;6.9537458419799805
0.2;0.4;9;250;2;2;0.11995664502269682;0.11995664502269657;0.12547283930124584;0.12377182576677435;0.11497003409347148;0.8793446471762267;0.8793302201730616;0.9355009689768888;0.8274108636791879;0.8273772009945072;0.8980174147608966;0.29700499168053246;0.8093138577751788;0.015452263955239631;9.816436529159546
0.2;0.5;0;153;2;2;0.12012151726531457;0.12012151726531417;0.12038510445732392;0.11867418099114062;0.1096898856928598;0.9749189419591939;0.9749159427726473;0.9900892427629822;0.9174457582556572;0.9174296561080952;0.9551696448531265;0.2960199004975124;0.8072426770770978;0.01587394577997106;9.656954765319824
0.2;0.5;1;179;2;2;0.11979494257914525;0.11979494257914522;0.1115144286219417;0.10978595613827079;0.10420432813109909;0.9078409424843834;0.9078299211578095;0.9535250885666566;0.8526419660209187;0.8526132113156467;0.9123979364590004;0.30449251247920134;0.8249543234496841;0.013150196286458991;12.940354347229004
0.2;0.5;2;170;2;2;0.11970547579026598;0.11970547579026601;0.12615658001563407;0.12445741777441312;0.1092709448737497;0.8175328425819469;0.8175110252810919;0.8924439423196574;0.8472922670414713;0.847262505654449;0.9134297710004933;0.2899751449875725;0.794464155723994;0.017940444700310414;12.745160341262817
0.2;0.5;3;380;3;3;0.10680111173405725;0.09616894679702681;0.12282570581634368;0.11978106533177499;0.11081399915715465;0.5820642606380323;0.5819849331766258;0.6143520799496062;0.6514577094408439;0.651342899396907;0.7425410717797787;0.24577167019027485;0.6972495558093827;0.03404431668084522;21.432897329330444
0.2;0.5;4;141;2;2;0.119924922113732;0.11992492211373201;0.11652821840518533;0.11480962950543888;0.10663906954007811;0.9426047160688424;0.9425978530369346;0.9736809798878727;0.8975932980320446;0.897573318784063;0.9415018384448315;0.29771309771309773;0.8108007272128688;0.015238576634440712;12.844065189361572
0.2;0.5;5;153;2;2;0.1195561004204377;0.11955610042043774;0.1284296673669757;0.12673486743048756;0.1121869125029192;0.8033660832680012;0.803342572923345;0.8818381595057361;0.8438859217508456;0.8438554938309832;0.9113672234995255;0.29004149377593363;0.7946050660599354;0.017859579664939965;12.362987279891968
0.2;0.5;6;213;2;2;0.11986844387200708;0.1198684438720069;0.10979653951622742;0.10806530901933138;0.0994640223907377;0.8953409332945648;0.8953284170885165;0.9457793979341635;0.9025201237694204;0.902501118546559;0.9499012124178964;0.30395010395010397;0.8238273366690152;0.013321532412457086;14.563232660293579
0.2;0.5;7;195;2;2;0.11973472676602796;0.11973472676602809;0.1274292794043244;0.12573226204961008;0.1146514953434271;0.8403690148347815;0.8403499288438334;0.9087871857474156;0.8159690221786009;0.8159331382055892;0.890870006874497;0.29069767441860467;0.7959978703103338;0.017603947459030142;13.393762826919556
0.2;0.5;8;142;2;2;0.11998042237397397;0.1199804223739742;0.11298381304439387;0.11125828157184392;0.10448997647424522;0.9109113892460942;0.9109007357802795;0.9554664544265059;0.8559455330352972;0.8559174264280356;0.9154943861711521;0.3042934556065027;0.8245408428411166;0.013153434864377339;12.046170711517334
0.2;0.5;9;111;2;2;0.12001372870825903;0.12001372870825845;0.11489208661783497;0.1131708576288429;0.10249712213353111;0.8921813105144087;0.8921684174740627;0.9438479235643848;0.9002027740195687;0.9001833196687362;0.9488492819742957;0.3034597749062109;0.8228077506112882;0.013399679941440111;6.853252410888672
0.2;0.6;0;211;2;2;0.11984683087509482;0.11984683087509442;0.10786231398125687;0.10612721770489046;0.09860278638495931;0.8773741233193523;0.8773594584576475;0.9342200798037152;0.8629455553142841;0.8629188302795503;0.9237772630252176;0.30612244897959184;0.8283352837916911;0.012643034178428887;15.193334579467773
0.2;0.6;1;333;3;3;0.09608707907194373;0.09006508088387832;0.09737553949827175;0.09436815054120236;0.04428608789544415;0.3434661748319008;0.34334446057075546;0.35021353945238376;0.43744626142917725;0.4372739463918799;0.4849637200533991;0.2954248366013072;0.8059900131021204;0.013421845320603018;18.305989265441895
0.2;0.6;2;186;2;2;0.11989021032072797;0.11989021032072822;0.11482163460651248;0.11309964580343682;0.10578902044978516;0.9262904601052177;0.926281645558064;0.9645522187797528;0.8662452091947885;0.8662191109002638;0.9217029521931609;0.3024126455906822;0.8206277884437304;0.013769800583549714;14.653740167617798
0.2;0.6;3;159;2;2;0.11989668554279122;0.11989668554279134;0.12506092795445325;0.12335958510402723;0.10948691526484623;0.8686620723041195;0.8686463675923949;0.9284670965869142;0.8696347479384394;0.8696093389739882;0.9289730006714756;0.29127016963177493;0.7972118882093011;0.017534770700716143;10.176402807235718
0.2;0.6;4;270;2;2;0.11965341274392809;0.11965341274392817;0.127879422475111;0.12618316994767462;0.11635556306530975;0.8307306581911531;0.8307104202237015;0.9018546543114992;0.8043507162241171;0.8043125604040411;0.8817222847234949;0.2910602910602911;0.7967669503782664;0.017437019247840115;17.719006776809692
0.2;0.6;5;167;2;2;0.11976242935095492;0.1197624293509548;0.11221977981611153;0.11049257578665293;0.10478073022998198;0.9025086881571059;0.9024970294623351;0.9502938833594158;0.8450407152554555;0.8450104726059426;0.9062207842609024;0.30432972522897583;0.8246161914439936;0.01317594163348984;14.857578992843628
0.2;0.6;6;165;2;2;0.12002186196770878;0.12002186196770884;0.11683000725317166;0.11511205168438601;0.1069923190304647;0.9735156543456251;0.97351248738079;0.9894302804819718;0.9056974142419598;0.9056790173588082;0.9467470329796734;0.2966804979253112;0.8086319485078994;0.015633501447403914;14.27813720703125
0.2;0.6;7;154;2;2;0.11996433588740295;0.11996433588740289;0.11800926647081156;0.11629374963539886;0.1073282141842033;0.9389303946131838;0.9389230918013951;0.9717211949077932;0.8945444355300954;0.8945238673545417;0.94254975218278;0.29846409298464094;0.8123758827570003;0.015050179878628403;14.485550880432129
0.2;0.6;8;154;2;2;0.11983319095633939;0.11983319095633964;0.11694588425969932;0.11522867722245257;0.1054155385337247;0.8922063408914277;0.8921934512734143;0.9438479292021155;0.905248903739877;0.9052304338519502;0.9520068791191438;0.295850622406639;0.8068864482865289;0.015902998924571914;9.108517169952393
0.2;0.6;9;264;2;2;0.11981223038365352;0.11981223038365339;0.1085644729111719;0.1068307422461498;0.09786762333268473;0.8972825118323843;0.8972702286928625;0.9470681644578052;0.8918963312894509;0.8918752515330973;0.9425497863032666;0.30333333333333334;0.8225447046552103;0.013448483689548943;15.412251710891724
0.2;0.7;0;205;3;3;0.09736971504576777;0.09270960943097584;0.13579533942110714;0.13292444284649388;0.08150482469713995;0.4409652107303617;0.44086175454390286;0.4254949377087588;0.5206427670794128;0.5204966914593607;0.5335430442248922;0.23634204275534443;0.6756117947083559;0.036559297026657576;14.83176565170288
0.2;0.7;1;152;2;2;0.11997067261534941;0.11997067261534976;0.12371822066453701;0.12201383512450663;0.11316716141345112;0.9251370393268363;0.925128087233024;0.9639018145118081;0.8739901527898982;0.8739655766889115;0.9300137616365726;0.2933388498138188;0.8015897171535886;0.016829901052965834;13.837098360061646
0.2;0.7;2;172;2;2;0.1195884752078091;0.11958847520780908;0.11773860156102245;0.1160229540227132;0.10443294231549455;0.8685893248194557;0.8685736139724679;0.9278290055260368;0.9052511236355337;0.905232654678454;0.9520068824239256;0.29406850459482037;0.8031305045517201;0.01627741451902661;14.186733961105347
0.2;0.7;3;156;2;2;0.11952789686045566;0.11952789686045572;0.1230391001471941;0.12133332487392859;0.11272939422780401;0.857131937494325;0.8571148566417142;0.9201885947327454;0.8514107864410991;0.8513818036036294;0.9144617270892955;0.2922050854522718;0.7991921327318372;0.016964987209650846;12.883849143981934
0.2;0.7;4;178;2;2;0.11978296922823158;0.11978296922823178;0.11092806717172943;0.10919838528099775;0.10377494559104479;0.9014858251502513;0.9014740440283293;0.9496482981642733;0.8475532145074256;0.8475234637684016;0.9082775051837539;0.30420307948397834;0.8243530720465959;0.013224375014676541;13.532530069351196
0.2;0.7;5;245;2;2;0.12008561680647571;0.12008561680647582;0.11682808540627798;0.11511066727616652;0.10308766247537889;0.9707055962573794;0.9707020932693226;0.9881130133956239;0.9754103008349282;0.9754055076794216;0.9903069895832425;0.29560530679933666;0.8063700409596255;0.016009445048539135;15.207749605178833
0.2;0.7;6;129;2;2;0.11982443314437104;0.11982443314437155;0.12176118903885941;0.12005291389384899;0.11156825894923829;0.911775239134652;0.9117646909171204;0.9554664792098141;0.8853583007663595;0.8853359390295471;0.9362712520946581;0.29428928720300124;0.8035963813815087;0.01627045891924525;10.517351150512695
0.2;0.7;7;226;2;2;0.11971786482750353;0.11971786482750349;0.1273692324980182;0.12567205055952899;0.11570376561439;0.8209935560369811;0.8209721528435419;0.8949486399959504;0.7971757588951224;0.797136207578307;0.8766606651220915;0.29128630705394193;0.7972460931917973;0.017429910226762296;14.754899740219116
0.2;0.7;8;324;2;2;0.12000143244196264;0.12000143244196264;0.11724883998624089;0.11553162134569969;0.10806970360139072;0.9679252559772005;0.9679214204550776;0.9867966229409034;0.8986287995339736;0.8986090213742315;0.941501831395546;0.296972210700954;0.8092449854913218;0.015552196746484503;18.92682909965515
0.2;0.7;9;190;2;2;0.12011257451514666;0.12011257451514654;0.12082214940613153;0.11911210377109333;0.10994670427915225;0.9749189419591939;0.9749159427726473;0.9900892427629822;0.9165200508932496;0.9165037688671936;0.9551696496283297;0.2960199004975124;0.8072426770770978;0.01587394577997106;16.853832483291626
0.2;0.8;0;228;2;2;0.11991992178070462;0.1199199217807048;0.11606949437739088;0.11435059216146952;0.1034495784539356;0.8963121183909004;0.8962997199290198;0.9464236867087482;0.913927756616191;0.9139109787302769;0.9572811860647115;0.29825291181364394;0.8119331304631661;0.015054768017294842;16.639713764190674
0.2;0.8;1;182;2;2;0.11961241977735064;0.11961241977735054;0.129833821329048;0.1281413700580904;0.11752532059039254;0.8032151124551673;0.803191582672297;0.8818381384902555;0.7882776279468177;0.7882363375286866;0.8695987963305108;0.2906832298136646;0.7959672255415057;0.01770886054333702;14.605810642242432
0.2;0.8;2;414;3;3;0.10622491836496654;0.09827140261235795;0.11342138414535242;0.11032517235830284;0.10145949000997702;0.5689413928567876;0.5688600055259805;0.5952107316701766;0.6944049729229091;0.6943031016859668;0.7806542030269632;0.25390835579514826;0.7156588935115143;0.034018369582195174;24.677176475524902
0.2;0.8;3;593;2;2;0.11994269815428384;0.11994269815428389;0.11842772144482816;0.11671343983952959;0.10429169413817665;0.9342743598140841;0.934266500489577;0.9691112280877506;0.9558222768052251;0.9558136657821871;0.9806611745367217;0.2925113777410012;0.7998402672003081;0.017109964403799763;30.40138339996338
0.2;0.8;4;157;2;2;0.11983788806319429;0.1198378880631944;0.11507726103698443;0.113356362792786;0.102456165485853;0.8962558717967081;0.8962434659954784;0.9464236787169104;0.912396340727344;0.91237926262532;0.9562251486111709;0.3002079002079002;0.816026368051305;0.014455228660147396;13.900516510009766
0.2;0.8;5;203;2;2;0.1198121316183265;0.11981213161832659;0.11439760131235945;0.1126753712669269;0.10253776143987056;0.886204419976452;0.8861908128881482;0.9399908795430091;0.907236096520388;0.9072180121698796;0.9530605628331086;0.30041666666666667;0.8164627434643553;0.014331074027078575;14.588165521621704
0.2;0.8;6;163;2;2;0.11978113395785867;0.11978113395785861;0.12427493209964913;0.1225720903767431;0.1088851996977116;0.8367445690699292;0.8367250494532799;0.9062631884713034;0.8485671654299562;0.8485376515861967;0.9144619019522248;0.29206481096800996;0.7988952001791161;0.01712241970276035;12.833884477615356
0.2;0.8;7;155;2;2;0.11994752768667785;0.11994752768667814;0.12228993294305125;0.12058313593418309;0.10984376265944022;0.8649355112958859;0.8649193614881829;0.9259159132504668;0.8725190359885334;0.8724941867180919;0.9310553208222305;0.29820907955018744;0.8118412157944702;0.015031442650451754;13.38428521156311
0.2;0.8;8;166;2;2;0.11989128641778043;0.11989128641778049;0.11676538631656984;0.1150478373407377;0.10534691148245123;0.8725265172071063;0.8725112748274187;0.9310217994369824;0.8934547845176082;0.8934340158772223;0.9446473240710835;0.2990420658059142;0.8135868966719202;0.014769621654098217;15.514667510986328
0.2;0.8;9;282;2;2;0.1198372757141424;0.11983727571414249;0.11483950966097324;0.11311818793320501;0.10246316796192488;0.8962600840811914;0.8962476785712334;0.9464236759505044;0.9157342641110384;0.9157178376837974;0.9583377906222932;0.30158069883527455;0.8188933028216568;0.014021896234995099;18.19683051109314
0.2;0.9;0;158;2;2;0.11979153823441331;0.11979153823441346;0.1233128633746537;0.12160812896211663;0.10894861419157535;0.8165916709070405;0.8165697307222247;0.8911927570059288;0.8381331069131167;0.8381015584533223;0.9072491643546672;0.3210855949895616;0.8589833402252817;0.008670245082687468;14.525723695755005
0.2;0.9;1;381;3;3;0.10310421862997347;0.09360273082147495;0.1258851065292222;0.12289381214754615;0.10479945245115224;0.4990196374665411;0.498925607088716;0.5248078190874665;0.6513245956351763;0.6512126825459366;0.7200163943608329;0.27645788336933047;0.7654509469623838;0.02947806361205417;24.46907925605774
0.2;0.9;2;164;2;2;0.11950167631359528;0.11950167631359553;0.11857893299793726;0.11686455144088179;0.10712392124071798;0.9065181242650635;0.9065069390702183;0.9496482184337721;0.8838291854366774;0.8838065282734983;0.9362712724592767;0.3186904268545379;0.8541242264213674;0.00939379132973623;14.734719276428223
0.2;0.9;3;155;2;2;0.1198306819640533;0.11983068196405323;0.11184434384881296;0.11011635556762293;0.1048471540652883;0.8787950893136334;0.8787805886627466;0.9335799000374297;0.8476219559050125;0.8475922146398092;0.9072488283492891;0.3198835274542429;0.8565468920494141;0.009028122329693189;14.744081020355225
0.2;0.9;4;202;3;3;0.0900758223259449;0.08827525873364395;0.145952114873331;0.14307777995281853;0.14161472205698306;0.414545652355439;0.414437059450491;0.4141361701293067;0.5397355751344864;0.5395920545582055;0.5845610248254042;0.32181018227529856;0.8604498519348909;0.0063453096948015535;15.20060420036316
0.2;0.9;5;178;2;2;0.11977444705295054;0.11977444705295079;0.11116356480857521;0.10943430587996983;0.103975534463108;0.8715707107511766;0.8715553463479071;0.9291053382692676;0.8481946614426221;0.8481650343334382;0.9082774929465348;0.3202832153269471;0.8573575042500918;0.008907966853407709;13.664771556854248
0.2;0.9;6;312;3;3;0.0929618099688865;0.08912954678973681;0.14424728074094428;0.14137662859754857;0.13420062670579017;0.4416384968794436;0.4415347772144001;0.4451070526045747;0.5360447200273019;0.5359008637207316;0.5783308573797284;0.33225178455548343;0.8814057664973578;0.004425737401473295;20.412863969802856
0.2;0.9;7;160;2;2;0.12000931712404642;0.12000931712404622;0.12104624201744976;0.11933653271059425;0.11122081943166601;0.9133971781265585;0.9133868160170139;0.9535250175302116;0.8950487005011869;0.895028227609486;0.9415018588373978;0.3186904268545379;0.8541242264213674;0.00939379132973623;13.903935432434082
0.2;0.9;8;161;2;2;0.11985503778851801;0.11985503778851812;0.11967574204058323;0.1179639500145195;0.10653828794201567;0.8405717745879775;0.8405527019098842;0.9081556997333031;0.8590278667346049;0.8590003913547575;0.9217031786358663;0.3204166666666667;0.8576280493760781;0.00886810706510896;13.525239706039429
0.2;0.9;9;169;2;2;0.1195964498984286;0.11959644989842866;0.11699087249847415;0.11527383720546412;0.1029232451531872;0.9153649474739116;0.915354820415574;0.9541719129789668;0.9544486312640892;0.9544397530308896;0.9795923335344665;0.31829470198675497;0.8533197138062139;0.009517422049809286;14.38838529586792
0.2;1.0;0;146;2;2;0.11940902137416319;0.11940902137416276;0.11120022509009134;0.10947103748520381;0.10461969107660718;0.7986745708757332;0.7986504556904432;0.8712950437375854;0.8267608543843195;0.826727044143317;0.8939294736569068;0.3561301084236864;0.9226389372990975;0.002394850725498405;10.232842206954956
0.2;1.0;1;181;2;2;0.11939629307940795;0.11939629307940794;0.10835521225402278;0.10662109873940413;0.09819011595753203;0.7990106514881837;0.7989865756669805;0.87129502940011;0.859644575556067;0.8596172078252512;0.9217030869806433;0.35583333333333333;0.9219770729251384;0.002436547966861262;14.41110610961914
0.2;1.0;2;1000;3;3;0.09315048410743958;0.08799498657616363;0.11015003298662561;0.10719598460700958;0.05377461533701106;0.3517883640226546;0.35166823516606727;0.36852106899909914;0.4476834063554254;0.4475152869532637;0.48029585545867093;0.3583123425692695;0.8856390903059858;0.0043879828089567335;45.50629234313965
0.2;1.0;3;183;2;2;0.11953134404617967;0.11953134404617961;0.11302197404401541;0.11129650060327016;0.10512194097199877;0.815689932077116;0.8156678546194793;0.883081962191524;0.8332233383393861;0.8331907975960986;0.9000647060067221;0.35598165902459356;0.9223080051121181;0.0024156526198202515;15.044670343399048
0.2;1.0;4;181;2;2;0.11930403286757604;0.11930403286757633;0.10717725079007996;0.10544098949421109;0.09608951821464765;0.7804928905440106;0.7804665989646158;0.8583595303075148;0.8336649236988873;0.8336324971150343;0.9041666789530087;0.3565762004175365;0.9236317338600365;0.0023330051546310016;14.650867462158203
0.2;1.0;5;201;2;2;0.11970231333169619;0.11970231333169594;0.11288384213805247;0.11115886461764204;0.09915655817193289;0.808543277403081;0.8085203417400318;0.877488777471306;0.8638426484562004;0.8638161123211073;0.9248153295971251;0.35524126455906824;0.92065334417722;0.0025210651035091416;15.178494453430176
0.2;1.0;6;134;2;2;0.11958324846616145;0.11958324846616145;0.12146118350264609;0.11975247341299775;0.10939385638373063;0.7965811721017871;0.7965568025050673;0.8688236156594965;0.8179558867463432;0.8179203856048829;0.8918892923711528;0.3549459684123026;0.919991479803261;0.002563885983850215;9.030782699584961
0.2;1.0;7;229;2;2;0.11113356803394822;0.11113356803394833;0.10918205542881856;0.10744970284413227;0.09745388260707105;0.7644761369070754;0.764447932914278;0.8473490103049421;0.8181084629422323;0.8180730041942668;0.8929092938539809;0.35837180025178345;0.9276029201037915;0.0020939961301659413;15.573632955551147
0.2;1.0;8;226;3;3;0.10402366915080681;0.09517730704330363;0.12830941386696737;0.12528024484949538;0.1109285079430857;0.5275194028348705;0.527430499898779;0.554246863040387;0.6477252673630033;0.6476089688107136;0.7426221957433161;0.29635416666666664;0.6723099663636681;0.050168762050192425;16.99606466293335
0.2;1.0;9;194;2;2;0.11954106345968683;0.11954106345968703;0.11509350297448333;0.11337272056808263;0.10194851731064601;0.8007602325931057;0.8007363641030638;0.8719133837960428;0.8772623578242547;0.8772384334624949;0.9341832000779647;0.3550935550935551;0.9203224119902405;0.0025424286326216523;16.692946910858154
0.3;0.0;0;131;2;2;0.11987179904517843;0.11987179904517836;0.11347066768098621;0.11174660392134907;0.1021867550613968;0.8853019929432895;0.8852882759231444;0.9393487781255472;0.8989239705306474;0.8989042648129479;0.9477979025247236;0.30369754881595346;0.8233022714448794;0.013419077861431102;5.647263765335083
0.3;0.0;1;241;2;2;0.11970462823652948;0.1197046282365296;0.12511413760467188;0.12341293473546185;0.10936611974553358;0.8166634843093843;0.8166415628965763;0.8918183149372965;0.8412622233235906;0.8412312860957584;0.9093070414277458;0.29092416079569;0.7964782799399271;0.017596986116998538;15.741515398025513
0.3;0.0;2;184;2;2;0.11986690671327409;0.11986690671327399;0.10847983198649068;0.10674600739268895;0.09735155662823161;0.9004277251669361;0.9004158176160173;0.9490029350266717;0.8877537802951241;0.8877318950567986;0.9404546441643747;0.30378693300041615;0.8234881255186255;0.01334746882852441;10.897405624389648
0.3;0.0;3;136;2;2;0.1198351154230027;0.11983511542300275;0.11362905327048002;0.11190534865730356;0.10116832295655062;0.886204419976452;0.8861908128881482;0.9399908795430091;0.9036803519346859;0.9036615749526442;0.9509537570272035;0.30150125104253545;0.8187275499649498;0.013976136850680186;7.818392753601074
0.3;0.0;4;194;2;2;0.11969397859276372;0.11969397859276358;0.11377655272220291;0.11205312500672233;0.10198393657265128;0.879393899122738;0.8793794782304893;0.9355009719680792;0.9123963407273441;0.9123792626253202;0.9562251486111709;0.30267558528428096;0.8211755179668763;0.013554383206815117;9.873522758483887
0.3;0.0;5;133;2;2;0.11986891638883215;0.11986891638883208;0.10991752238586777;0.10818653800863977;0.09961916363019012;0.8943453320170304;0.8943326966300377;0.9451353478009875;0.9007112012649819;0.9006918436765924;0.9488492661243323;0.3038237738985869;0.8235647203678774;0.013370256590098828;6.718079566955566
0.3;0.0;6;199;3;3;0.10806716713126983;0.09659700312946709;0.1283941566704747;0.12535986055570736;0.11671472346124935;0.595114367059267;0.5950371637721701;0.6297995186077913;0.6399863107007324;0.6398670471445046;0.7334286611623111;0.24069218668065023;0.6856347505400032;0.03688082787002085;9.337462663650513
0.3;0.0;7;149;2;2;0.11982574486134535;0.11982574486134526;0.11485150480659306;0.11313016753706125;0.10231991201397975;0.8972825118323844;0.8972702286928627;0.9470681644578052;0.9123963407273441;0.9123792626253202;0.9562251486111709;0.3011647254575707;0.8180252282560059;0.014148859182839507;11.991548776626587
0.3;0.0;8;176;2;2;0.11969284440588183;0.11969284440588178;0.12763740850845173;0.12594078419586105;0.11448358776437678;0.838583381784715;0.8385640822977705;0.9075247504534474;0.8118916199345766;0.8118549402604718;0.8878155342302798;0.2912339011217283;0.7971350101250628;0.01740564392118895;13.263704299926758
0.3;0.0;9;231;2;2;0.11979231790759938;0.11979231790759938;0.10888466430059043;0.10715158048968554;0.09847651217585165;0.8993449431665209;0.8993329068604043;0.948357799310659;0.8915841408523464;0.8915630009779093;0.9425497915573234;0.3041301627033792;0.8242015568476251;0.013179376336449708;13.69896388053894
0.3;0.1;0;149;2;2;0.1198603528310379;0.11986035283103794;0.11898321917721814;0.11726999192517909;0.10545034659284608;0.9077571530558686;0.9077461230434316;0.9535251055202709;0.9377558244226673;0.937743691455488;0.9710625491020414;0.2938251139660174;0.802616737931492;0.016611919512142158;10.677489757537842
0.3;0.1;1;140;2;2;0.11985682205894839;0.11985682205894849;0.10895424366676615;0.10722127105713984;0.0991022083159582;0.8873593318862979;0.8873458606542068;0.940633143500936;0.8819816196596998;0.8819586065766798;0.9362713036575727;0.30398671096345514;0.8239034262223597;0.013344406198188427;8.949099063873291
0.3;0.1;2;176;2;2;0.11983915143816819;0.1198391514381683;0.1084093180382972;0.10667530975120079;0.0980364399379459;0.9036227507856648;0.9036112250044066;0.9509396824851121;0.8983375231692888;0.8983177001285265;0.9467470989852274;0.30395010395010397;0.8238273366690152;0.013321532412457086;12.544349193572998
0.3;0.1;3;173;2;2;0.12006859406346934;0.12006859406346891;0.1207736496123054;0.11906343922394926;0.11048541783227192;0.9736066569576088;0.9736035009267929;0.9894302810075242;0.912972020963843;0.9129550451264179;0.9520067967059992;0.2969269102990033;0.8091498043827043;0.015528326396106393;11.41153335571289
0.3;0.1;4;172;2;2;0.11976439511833328;0.11976439511833324;0.12453782510473507;0.12283551524328894;0.10860163416865186;0.8411736192685658;0.8411546290745737;0.9094187265680982;0.8654746741617891;0.865448456365159;0.9258538783282371;0.2903359601824969;0.7952302735212207;0.017771755163096918;12.212425708770752
0.3;0.1;5;182;2;2;0.12006173695106216;0.12006173695106213;0.1185966192925004;0.1168822170752717;0.10772031465188311;0.9823518407909185;0.9823497304461757;0.9933873455455563;0.9174457582556572;0.9174296561080952;0.9551696448531265;0.2966804979253112;0.8086319485078994;0.015633501447403914;14.184422731399536
0.3;0.1;6;256;2;2;0.11993349799637489;0.11993349799637501;0.10886678683700542;0.1071336801044827;0.09821061058470856;0.9131131111353249;0.913102720591822;0.9567617845372319;0.8964823577112863;0.8964621732894377;0.9456969006140341;0.3027027027027027;0.8212319936678896;0.013693953931806307;17.702481269836426
0.3;0.1;7;295;3;3;0.10688859923884789;0.09733437233508463;0.11237309978015922;0.10927351413110237;0.1064643156276215;0.5821503725128936;0.582071143536816;0.6134509618096154;0.6635117831876771;0.6633996349038331;0.7606096496796177;0.2803234501347709;0.7738104770410521;0.01876772836524994;17.206430673599243
0.3;0.1;8;186;2;2;0.1197368599672218;0.11973685996722147;0.12785842895308142;0.1261622578238185;0.11477019311630213;0.8394437948556868;0.8394245981078298;0.9081558564948307;0.814514049394566;0.8144778823549074;0.8898512733385335;0.29057700290577004;0.7957418401172458;0.017659785523882233;17.05757975578308
0.3;0.1;9;303;2;2;0.11981253732571336;0.11981253732571334;0.12045584226534063;0.11874554470039436;0.10605218612752675;0.8973583419256697;0.8973460686635792;0.9470681749854071;0.9125648755819307;0.9125478339551704;0.9562251723488874;0.29299627020306673;0.8008657034403085;0.016890222419169862;16.420908212661743
0.3;0.2;0;228;2;2;0.11981730764593228;0.11981730764593253;0.11424514424588986;0.11252265717757438;0.10192237649248029;0.8993434620475333;0.8993314253600958;0.9483577966688113;0.9175452351670981;0.9175291615347189;0.959394980856486;0.30062370062370064;0.8168953591562048;0.01432682209127678;16.84009075164795
0.3;0.2;1;199;2;2;0.11984012254315425;0.11984012254315446;0.12330654179280623;0.12160177187742045;0.10986300467116758;0.8473266978462513;0.8473084423924994;0.9138456807738761;0.8572588141845086;0.85723099242039;0.920666950664808;0.29216742644011606;0.7991124225931387;0.017171036826705108;11.389329433441162
0.3;0.2;2;208;2;2;0.12006602283186935;0.12006602283186947;0.11164749868595149;0.10991992051885821;0.1000706941835075;0.9045493186294924;0.9045379045649009;0.9515857166315764;0.8936815531090295;0.8936608262962613;0.9446473078719607;0.3045473508552357;0.8250682114646158;0.013056997494564508;15.540299654006958
0.3;0.2;3;168;2;2;0.11974587491251443;0.11974587491251422;0.12593888361758004;0.12423921628584109;0.1107858454440994;0.8493388656633594;0.8493208518823204;0.9151125181114071;0.8602297789074761;0.8602025355499756;0.9227399614647753;0.29313929313929316;0.801168017249327;0.016732735106631987;12.630749464035034
0.3;0.2;4;177;3;3;0.10797049019167897;0.09656102251641689;0.1262642225510007;0.12322838132320274;0.10981725108298311;0.5853465770324072;0.5852675345776339;0.6222799076374343;0.6818555582523222;0.6817505606301785;0.7575448837865565;0.24073107049608355;0.6857240239335032;0.037290059495978425;11.9769766330719
0.3;0.2;5;161;2;2;0.11978759520273795;0.119787595202738;0.11064155820433394;0.10891190310862597;0.09913036101181573;0.9056371907127362;0.9056259062468955;0.9522319520824277;0.9175348420272832;0.9175187625310781;0.958337763726911;0.3001245330012453;0.8158520700640512;0.014529349009774005;15.225634813308716
0.3;0.2;6;162;2;2;0.11957814009354004;0.11957814009354019;0.13044438905714448;0.12875309928025971;0.11785956654622483;0.8090891793723165;0.8090663524764026;0.8861975625654872;0.7991264502392245;0.7990872740215306;0.8776717873790131;0.29050973891421467;0.7955991045178854;0.017740234250373084;9.784838676452637
0.3;0.2;7;165;2;2;0.11977801646817446;0.1197780164681745;0.12481988318952623;0.12311809395472954;0.10887928042632258;0.837662088787942;0.837642679012117;0.9068938598243701;0.849993952931705;0.8499647168477562;0.9154946201136002;0.29164935604486913;0.7980153882318666;0.017263715149883285;15.50287652015686
0.3;0.2;8;330;3;3;0.10562972209904124;0.09786532711554133;0.11229847965437549;0.10923514444781766;0.09714213808736248;0.5715790552139824;0.5714979697587301;0.60262909129098;0.6539879994003553;0.6538752610809099;0.7365178524294792;0.2808069792802617;0.7748525884425752;0.018213144339345316;21.469938039779663
0.3;0.2;9;274;3;3;0.09713595780366947;0.09266760941704996;0.13793751509771485;0.13507512078044942;0.07985510656578686;0.4388971926518993;0.4387933663522386;0.4218701080139798;0.5087103841892578;0.5085607992516094;0.5230585601952513;0.2054794520547945;0.6024256609394116;0.056225561071888336;13.23613429069519
0.3;0.3;0;407;3;3;0.10718902025983008;0.09696864140001384;0.12806140164653143;0.12505330981277926;0.10926216751721048;0.5896930793803503;0.5896149194126264;0.624458499230365;0.6710805410433037;0.6709734239394923;0.7405522565758301;0.2458071278825996;0.6973303008916393;0.03477474881699434;21.763313055038452
0.3;0.3;1;230;3;3;0.10646613407155293;0.09488668907531679;0.11578151042695668;0.11273039737460619;0.09477775932567038;0.5670076833918;0.5669260550197226;0.590003240172019;0.668698154726584;0.6685902215726166;0.7446340327631719;0.24538545059717698;0.6963697497682662;0.033459178965638284;18.56795024871826
0.3;0.3;2;253;2;2;0.11978719585625078;0.11978719585625061;0.11391425297842944;0.11219111278438464;0.10150881499939679;0.8861602459816516;0.8861466331666504;0.9399908736327883;0.9053471062752376;0.905328654487977;0.9520068721997553;0.30154102457309456;0.8188105324751317;0.013998935521442477;16.510131359100342
0.3;0.3;3;157;2;2;0.11975395815023109;0.11975395815023063;0.11609456844981217;0.1143757327076787;0.10279297266777584;0.8953077606408082;0.8952952421827416;0.945779420331545;0.939701068271035;0.9396893146359574;0.9721267332223525;0.29891756869275604;0.8133261316409356;0.014820819587037605;13.667720317840576
0.3;0.3;4;117;2;2;0.11981231020337055;0.11981231020337064;0.10839692621786184;0.10666285741389415;0.09797599345371949;0.8983592579867047;0.8983471030739744;0.9477128639948671;0.8971499049483604;0.8971298492507773;0.9456968906815519;0.30324459234608986;0.8223600595932575;0.013520139277138743;8.853161573410034
0.3;0.3;5;337;3;3;0.1074165127643332;0.09698990699623884;0.13290631806752928;0.12990888313961474;0.11338875682023164;0.5925741045072143;0.5924962386964514;0.631484323587428;0.6776084481327553;0.6775030642051784;0.747952821884923;0.2443064182194617;0.6939088256455741;0.03568082148569851;17.69119668006897
0.3;0.3;6;287;3;3;0.09742004766198924;0.09273277456109827;0.13161801341227106;0.1287339892144984;0.07478290350572718;0.4308411655180015;0.4307358723426713;0.41133954425104285;0.5014150749025631;0.5012632097091158;0.5197794911983715;0.2091346153846154;0.6112883843806673;0.05308274209085297;17.533508777618408
0.3;0.3;7;179;2;2;0.1197900489324576;0.11979004893245758;0.10819620712585082;0.1064617479455755;0.0983246485553348;0.9026053854851089;0.9025937379292659;0.9502938778935743;0.8971499049483607;0.8971298492507774;0.9456968906815519;0.30490848585690516;0.8258179754167636;0.013028091549817322;12.63784122467041
0.3;0.3;8;142;2;2;0.11988167768770404;0.11988167768770397;0.11035184558654738;0.1086216387330007;0.09960346476382127;0.8913248506539486;0.891311853922348;0.9432045162877465;0.887991191342407;0.8879693516475223;0.9404546389749757;0.3047817047817048;0.8255548084392567;0.013076278174584996;9.669897317886353
0.3;0.3;9;145;2;2;0.11937423631269828;0.11937423631269833;0.13100465982507015;0.12931448580545746;0.11835229842280183;0.7928382761560084;0.7928135079132612;0.8737706274525818;0.7909209732975656;0.7908801983886543;0.87161355137006;0.29010806317539484;0.7947464303595881;0.01777915886843104;13.393911361694336
0.3;0.4;0;267;2;2;0.11985790510057659;0.11985790510057637;0.10939812709119454;0.10766602990459648;0.09859365196337937;0.8953409332945647;0.8953284170885164;0.9457793979341635;0.8934144393242592;0.893393655967194;0.9435982418968671;0.30395010395010397;0.8238273366690152;0.013321532412457086;18.732933044433594
0.3;0.4;1;144;2;2;0.1201255974907428;0.12012559749074271;0.12027495431750908;0.11856384436019277;0.10942067871341139;0.9749185591101902;0.9749155598269781;0.9900892422559799;0.9204774966899452;0.9204619865287055;0.9572811227743442;0.29631164525486947;0.8078564063577959;0.015791996856297875;12.834780931472778
0.3;0.4;2;257;2;2;0.11981272902345305;0.11981272902345272;0.11409901376556056;0.11237620305724244;0.10246497800653438;0.8912416173242786;0.891228612661648;0.9432045429257688;0.9177868562917797;0.9177708288150195;0.9593949747401445;0.30054189245518964;0.8167244302411067;0.014280729784433163;16.940629482269287
0.3;0.4;3;175;2;2;0.11988956136517491;0.11988956136517472;0.11347345368994997;0.11174874116507628;0.10468236941825032;0.9188065006192192;0.9187967903032849;0.9600039520253988;0.8650573042094541;0.8650309701607563;0.9196310652834063;0.3018242122719735;0.8194012217074834;0.014041691211164532;15.09279203414917
0.3;0.4;4;225;2;2;0.11995350972714422;0.11995350972714394;0.11455491900283639;0.1128331148291779;0.10059592464836196;0.9401547254431997;0.9401475688526789;0.9723742335391228;0.9623026257728015;0.9622952779770058;0.9838712033396201;0.2980928689883914;0.8115974964113373;0.015205740495847088;12.384386539459229
0.3;0.4;5;298;3;3;0.09567859484859759;0.09230907483955109;0.1312576662650104;0.1283833500059071;0.07220597414723628;0.40462521652254235;0.40451509108956685;0.38435037105084596;0.47036930008014854;0.4702090462846948;0.4717225736597501;0.20581257413997628;0.6032356118198352;0.057894967098296266;17.778740406036377
0.3;0.4;6;184;2;2;0.11957538096877195;0.11957538096877211;0.1305547962638504;0.12886373431990303;0.1180033714406023;0.80575132794769;0.8057281019503171;0.8837051517675101;0.7976835349725745;0.7976440781306321;0.8766606288937336;0.29050973891421467;0.7955991045178854;0.017740234250373084;14.766383171081543
0.3;0.4;7;230;2;2;0.11993047591154882;0.11993047591154897;0.12403438792047886;0.12233100888714182;0.11006855989183796;0.8706056066511619;0.870590134582543;0.9297440110716297;0.8678879102974877;0.8678621593043228;0.927932694649198;0.29365408544172544;0.8022556028464061;0.016641915267909244;16.024601697921753
0.3;0.4;8;141;2;2;0.11975822265442072;0.11975822265442042;0.1236555381488939;0.1219514990541991;0.10778405264051305;0.8421617170410379;0.842142845391297;0.9100504983417966;0.8684109784675993;0.8683853324013345;0.9279327159725088;0.29069767441860467;0.7959978703103338;0.01760394745903015;10.46130108833313
0.3;0.4;9;183;2;2;0.12009656815354426;0.1200965681535444;0.11626308766773841;0.1145445796267873;0.10255594278477458;0.9978453624336219;0.997845104778238;0.9993377475406237;0.9938980356007415;0.9938968461889104;0.9978419193113628;0.29577464788732394;0.8067265372579947;0.015980343219848953;10.331659078598022
0.3;0.5;0;321;2;2;0.11978719585625078;0.11978719585625061;0.11391425297842944;0.11219111278438464;0.10150881499939679;0.8861602459816516;0.8861466331666504;0.9399908736327883;0.9053471062752376;0.905328654487977;0.9520068721997553;0.30154102457309456;0.8188105324751317;0.013998935521442477;15.938408613204956
0.3;0.5;1;218;2;2;0.11997477750384056;0.11997477750384082;0.10872141157344746;0.10698803381678618;0.09788907795288936;0.9056371907127362;0.9056259062468955;0.9522319520824277;0.8913049386435248;0.8912837450695198;0.9425497966877544;0.3039134054954205;0.8237510527617669;0.013298815235500819;14.445922374725342
0.3;0.5;2;157;2;2;0.11999316531203334;0.1199931653120329;0.1138557997713542;0.11213252616662447;0.10296566030589183;0.8873593318862979;0.8873458606542068;0.940633143500936;0.8952912994339447;0.895270886749293;0.9456969276069964;0.3034454130344541;0.8227778750936406;0.013517012010507999;12.757232666015625
0.3;0.5;3;183;2;2;0.11965892601186358;0.11965892601186381;0.12439528980939092;0.12269271587599695;0.10863098751169431;0.8150042065212503;0.8149820870394283;0.8905677279254641;0.8474550814730385;0.8474253524057149;0.913429775378234;0.29116549149730403;0.7969899910095962;0.01748550420654532;13.297796249389648
0.3;0.5;4;174;2;2;0.11975132034469067;0.11975132034469073;0.11168124992363734;0.10995298036450189;0.10425846752025568;0.9004277251669361;0.9004158176160173;0.9490029350266717;0.8469407796224092;0.8469109070074096;0.9072488410231329;0.30432972522897583;0.8246161914439936;0.01317594163348984;12.580417156219482
0.3;0.5;5;152;2;2;0.11980430993163772;0.11980430993163768;0.11251284408928017;0.11078622786861607;0.10453295422521602;0.9078409424843834;0.9078299211578095;0.9535250885666566;0.8494537326208458;0.8494243520109941;0.9093067273192306;0.3034081463009144;0.8227003498883463;0.013494011138750678;12.157551050186157
0.3;0.5;6;171;2;2;0.11979472205509166;0.11979472205509183;0.11142615815912933;0.10969744530018129;0.10393192667279556;0.9014858251502513;0.9014740440283293;0.9496482981642733;0.8475532145074256;0.8475234637684016;0.9082775051837539;0.30420307948397834;0.8243530720465959;0.013224375014676541;12.91120171546936
0.3;0.5;7;170;2;2;0.1199411834483154;0.11994118344831535;0.11757050961308321;0.11585456944681514;0.10395354315473064;0.8914870739951688;0.8914740994726069;0.9432045533528778;0.9158214349080731;0.9158050272160428;0.9583378019183434;0.29991645781119464;0.8154169443186758;0.014413944519183194;12.730448484420776
0.3;0.5;8;162;2;2;0.11986177445691626;0.11986177445691609;0.12686760403695307;0.12516944647991404;0.11476783425652802;0.86963150632488;0.8696159176572646;0.9291054441904267;0.8247099364055108;0.8246757543333777;0.8969946540647016;0.29299627020306673;0.8008657034403085;0.016890222419169862;13.199923515319824
0.3;0.5;9;176;2;2;0.11981823209589232;0.1198182320958922;0.10808180210976738;0.10634712042446123;0.09834734897096585;0.8842387920580571;0.884224948270723;0.9387069278578616;0.8837663266354628;0.8837436611493414;0.9373162579256006;0.3040765391014975;0.824090120508463;0.013272905247539962;14.759931564331055
0.3;0.6;0;287;3;3;0.10562187173977115;0.09620053706752485;0.1064686583534134;0.10336845590919089;0.09646225487627859;0.5448647680646671;0.544778996516149;0.5751356251505725;0.6333584429743784;0.6332377635520116;0.7298321505199695;0.28157463094587204;0.7765054309947138;0.018031873233180916;17.346479654312134
0.3;0.6;1;201;2;2;0.11986304112856602;0.11986304112856597;0.10917988142382833;0.10744738360850038;0.09832004924312385;0.9077889338828096;0.9077779065376164;0.9535250911219203;0.899888163124673;0.8998686427849236;0.9477978847763237;0.30311850311850314;0.8220976600847721;0.013569206915229969;15.674458503723145
0.3;0.6;2;241;2;2;0.11982657849764561;0.11982657849764546;0.11460099720961442;0.11287918271282527;0.10214016822121302;0.8972825118323843;0.8972702286928625;0.9470681644578052;0.9105860515609691;0.9105686208068307;0.9551697063518787;0.30170620058260506;0.819155097355807;0.013972044876242762;16.4172101020813
0.3;0.6;3;150;2;2;0.11976271761436841;0.1197627176143685;0.12391517766009656;0.12221165032479098;0.10892404351865978;0.8411736192685658;0.8411546290745737;0.9094187265680982;0.8638426484562004;0.8638161123211073;0.9248153295971251;0.2919435215946844;0.798638403264883;0.017177500463775655;10.27459979057312
0.3;0.6;4;225;3;3;0.10682999186821587;0.09671964907298254;0.10616287404144335;0.10304850287848062;0.09379254724833182;0.5605257296712568;0.5604424684155322;0.5984191256639154;0.6513994753755744;0.6512838019855138;0.7429021231728173;0.2792892837312604;0.7715789773096677;0.018461104928354448;14.019571542739868
0.3;0.6;5;166;2;2;0.11979965267680531;0.1197996526768052;0.11121009454825281;0.10948099596063915;0.10324628494899674;0.8963920341168866;0.8963796434978117;0.94642366437258;0.8377024099080562;0.8376707383680487;0.9021143844422098;0.3043659043659044;0.8246913478923206;0.013198603189746326;11.750020980834961
0.3;0.6;6;250;2;2;0.11994856543328283;0.11994856543328283;0.11148867973800225;0.1097607508628194;0.10105374493227416;0.899586019317328;0.8995740103328145;0.9483577797807319;0.9007112012649819;0.9006918436765924;0.9488492661243323;0.30452845866223516;0.8250289773510788;0.013172942441186337;15.113049030303955
0.3;0.6;7;142;2;2;0.12009430540195863;0.12009430540195865;0.11521730658626159;0.11349680678868096;0.10292388215837794;0.8993434620475333;0.8993314253600958;0.9483577966688113;0.8953084014106455;0.8952879959127894;0.9456969537819646;0.30062370062370064;0.8168953591562048;0.01432682209127678;16.284297466278076
0.3;0.6;8;244;2;2;0.1197981107685799;0.11979811076857996;0.12353135358225698;0.12182702082352122;0.10886354737454622;0.8611714967654629;0.8611548968904518;0.9233682323447863;0.8695403370908376;0.8695149091251968;0.9289729963919539;0.2896152254861398;0.7936995126482249;0.018110018435106158;17.74917697906494
0.3;0.6;9;190;2;2;0.11980791596514068;0.1198079159651408;0.12432379125841625;0.12262106521459501;0.10855386786941947;0.8392893807145836;0.8392701646636255;0.9081558443754711;0.8593253917729584;0.8592979755355581;0.9217031870600487;0.29199502281211115;0.7987474488286449;0.017201786344535376;15.874768257141113
0.3;0.7;0;202;2;2;0.1197701263893645;0.11977012638936467;0.11174134670450125;0.11001321186854415;0.10430865877676777;0.9014858251502513;0.9014740440283293;0.9496482981642733;0.8481946614426221;0.8481650343334382;0.9082774929465348;0.30420307948397834;0.8243530720465959;0.013224375014676541;13.265630722045898
0.3;0.7;1;176;2;2;0.12008535448795504;0.12008535448795514;0.11578768759409533;0.11406823737321069;0.10254517139645102;0.9870323573656817;0.9870308066982709;0.9953688388506058;0.9826434283598783;0.9826400450789576;0.9935327491178164;0.2960199004975124;0.8072426770770978;0.015873945779971053;15.767329216003418
0.3;0.7;2;158;2;2;0.11982630105945939;0.11982630105945896;0.1126054935210557;0.11087909240402354;0.10461201608902537;0.9067540460859649;0.906742894879281;0.9528784093594329;0.8519877350215559;0.8519588504482116;0.9113669434186814;0.3040765391014975;0.824090120508463;0.013272905247539962;13.453043937683105
0.3;0.7;3;169;2;2;0.1198295575151456;0.11982955751514537;0.10881792620612424;0.10708465122079416;0.0987691470765727;0.8883971350208129;0.888383787776987;0.9412756552103035;0.8874021199258795;0.8873801626020817;0.9394079145630618;0.3033195020746888;0.8225159273460783;0.013566125051662582;13.433690071105957
0.3;0.7;4;236;2;2;0.11978500709301937;0.1197850070930195;0.11349661568402236;0.11177264357846538;0.10126598558624227;0.8871654365184514;0.8871519440146505;0.9406331689323948;0.9089033082151314;0.9088855491556439;0.9541148433274343;0.3016666666666667;0.8190726357185616;0.013949154679182958;17.3264000415802
0.3;0.7;5;235;3;3;0.10700953427493808;0.09668582928753332;0.13336347487614886;0.1303837181266054;0.11518057564766226;0.5730320547461233;0.5729508299686399;0.6088598032929282;0.6538044081177619;0.6536923508915057;0.7201380820057653;0.23317683881064163;0.6682745572113;0.04240611236634734;16.625874280929565
0.3;0.7;6;152;2;2;0.12001794556373148;0.12001794556373191;0.12029692030333007;0.11858579698780465;0.11000491446226068;0.9721390033518349;0.9721356717964004;0.9887715375566987;0.9144537470879261;0.9144370606395772;0.9530604969258918;0.2968036529680365;0.8088907935618391;0.015580865122717641;14.047446250915527
0.3;0.7;7;196;2;2;0.11978805541191762;0.11978805541191738;0.11475303160435993;0.11303160429660232;0.10044549780415313;0.8943608453951288;0.8943482140066037;0.9451353758679586;0.9247693538482561;0.9247546900588997;0.9636295842154832;0.29820907955018744;0.8118412157944702;0.015031442650451761;16.375001430511475
0.3;0.7;8;177;2;2;0.11999996160331095;0.11999996160331075;0.11494410823146886;0.11322297076118587;0.10293895346100501;0.8942321092007189;0.8942194609592278;0.9451353567719291;0.9053471062752376;0.905328654487977;0.9520068721997553;0.3029546400332917;0.8217565749477795;0.013595475213356481;15.628098964691162
0.3;0.7;9;148;2;2;0.11996586137945038;0.11996586137945045;0.12395244996465234;0.12224846527948717;0.11372503345332462;0.9229036009232874;0.9228943817554783;0.9626016547574282;0.8683940041144902;0.8683683344563234;0.9258537248389592;0.2933388498138188;0.8015897171535886;0.01682990105296584;14.680461883544922
0.3;0.8;0;276;2;2;0.11985107428781842;0.11985107428781838;0.1141800331373144;0.11245739006517878;0.10213067108082247;0.8892694677989499;0.8892562275265447;0.9419184229229688;0.9054479513130663;0.905429518640876;0.9520068685851486;0.30079265748852735;0.81724830736121;0.01418033127436099;19.69523859024048
0.3;0.8;1;177;2;2;0.11988295387377249;0.11988295387377249;0.12515109067478314;0.12344949209550418;0.11498682554634823;0.8724484144552311;0.8724331617402661;0.9310217858498339;0.8313261837252688;0.8312932867348005;0.9010893792080512;0.2926829268292683;0.800203142078011;0.017079640247491083;15.136267900466919
0.3;0.8;2;272;2;2;0.11982680179716311;0.11982680179716329;0.10871138933871421;0.10697794440777819;0.09841535764162405;0.9067540460859649;0.906742894879281;0.9528784093594329;0.9021278397607246;0.9021087551050765;0.9488492438353047;0.30353430353430355;0.8229627742423776;0.013445066699479258;18.365262746810913
0.3;0.8;3;178;2;2;0.11983333897027164;0.1198333389702716;0.1271488728581137;0.12545123759636423;0.11555130390929103;0.8583510416656558;0.8583341044148634;0.9214597727489995;0.8164630764181084;0.8164272848408907;0.8908699762288391;0.29270315091210614;0.8002459153911432;0.016975405027971922;14.415689706802368
0.3;0.8;4;182;2;2;0.11975132034469067;0.11975132034469073;0.11168124992363732;0.10995298036450188;0.10425846752025568;0.9004277251669364;0.9004158176160175;0.9490029350266717;0.8469407796224091;0.8469109070074095;0.9072488410231329;0.30432972522897583;0.8246161914439936;0.01317594163348984;14.602697849273682
0.3;0.8;5;180;2;2;0.1199706995379617;0.11997069953796206;0.12453245012705093;0.12282964827956659;0.1140842674810705;0.9131208218497103;0.9131104332858608;0.9567617978087918;0.8582026657706954;0.8581750105859395;0.9196311878134268;0.29341069208454207;0.8017415012104903;0.016750757553696247;14.350537776947021
0.3;0.8;6;188;2;2;0.1197368599672218;0.11973685996722147;0.12785842895308142;0.1261622578238185;0.11477019311630213;0.8394437948556868;0.8394245981078298;0.9081558564948307;0.814514049394566;0.8144778823549074;0.8898512733385335;0.29057700290577004;0.7957418401172458;0.017659785523882233;14.973438739776611
0.3;0.8;7;224;3;3;0.0955464588007632;0.09181910531519426;0.13680659407952905;0.13395176506051917;0.07816189010238916;0.40883810164335416;0.40872863770748113;0.40743941488817054;0.4695063389147329;0.4693459328664888;0.4647733561311865;0.2676470588235294;0.7462064490027547;0.024094799667171353;17.414929628372192
0.3;0.8;8;130;2;2;0.1198390777121524;0.11983907771215237;0.12424553275246411;0.12254207563146721;0.11406988872539765;0.8763182697854043;0.8763034795773901;0.9335799915567462;0.833824993512187;0.8337925791102269;0.9021144906029688;0.29995845450768593;0.815504778809981;0.01455673778422506;13.719419002532959
0.3;0.8;9;255;2;2;0.12002869229317474;0.12002869229317495;0.11875472148918603;0.11704059842021088;0.1080901520109606;0.9734853713089147;0.9734822006695839;0.9894302799463126;0.91851353496272;0.9184976404069248;0.9551696399814534;0.2975103734439834;0.8103752159179858;0.015366483006529659;16.525670051574707
0.3;0.9;0;189;2;2;0.11954388422170263;0.11954388422170249;0.1137017487637782;0.11197770805947324;0.10459800317809476;0.8719782472469902;0.8719629308596902;0.9291053279652403;0.8451956542933133;0.8451654545120831;0.90930681787326;0.31975051975051977;0.856277028504345;0.009068366440564031;14.9449303150177
0.3;0.9;1;433;3;3;0.10401579801566038;0.09471847186074232;0.1271534953423898;0.12416530408224799;0.10518493190731416;0.49609180584087204;0.4959971837028376;0.521412521005971;0.6392236134431535;0.6391077314729451;0.7106403692722864;0.2755651237890204;0.7609727467922185;0.03057120001707564;27.70822763442993
0.3;0.9;2;171;2;2;0.12001299739207547;0.12001299739207566;0.11969588353544049;0.11798357675092871;0.10989198165129671;0.9143597765261753;0.9143495303682272;0.95481904880411;0.8943412539593302;0.8943206439702761;0.9415018653831568;0.31948483589530535;0.8557378112319871;0.009149143540503127;14.7615966796875
0.3;0.9;3;205;3;3;0.10422365175990408;0.0946434413209022;0.13432524019406625;0.13134258695061174;0.11647119784325045;0.4762413593786481;0.47614299706722524;0.49929647519192094;0.6043656750183553;0.6042371222433479;0.693880779921314;0.2711864406779661;0.7539691827579482;0.0319992227242694;17.102094411849976
0.3;0.9;4;243;2;2;0.11981436077456066;0.11981436077456058;0.10961910495015943;0.10788751840276987;0.10000079643209883;0.8574180673798265;0.857401011813101;0.9201884688116292;0.8908417021235431;0.8908204196624934;0.9425498065777393;0.3216227519866165;0.8600706609091111;0.008513675478441583;16.850629806518555
0.3;0.9;5;166;2;2;0.11964766297043629;0.11964766297043627;0.11194296627054771;0.11021607458575758;0.10004888064735876;0.8483308542352754;0.8483127084763787;0.9132124491295308;0.8741394504017612;0.874114917944817;0.9320973706076071;0.3196176226101413;0.8560073349520602;0.009108706819043154;15.971464395523071
0.3;0.9;6;184;2;2;0.11952587043660584;0.11952587043660604;0.11385711348895132;0.11213324834701592;0.10430663612409125;0.8834818398091417;0.8834679003720253;0.9367826077218641;0.850206535119089;0.8501773073513148;0.9113669774633321;0.3202832153269471;0.8573575042500918;0.008907966853407709;15.865660905838013
0.3;0.9;7;454;3;3;0.10276754191984858;0.0933029331231358;0.12816297698710538;0.12518542468828392;0.10489488594835396;0.4885448724282666;0.48844902957557534;0.5123068231773483;0.6369630738972814;0.6368469620435133;0.7063179950310909;0.27705627705627706;0.7667483214487608;0.026474572594748003;27.963483095169067
0.3;0.9;8;193;2;2;0.11960826408803393;0.1196082640880338;0.11329848441180804;0.11157422863092702;0.10080775312210628;0.8505364381448712;0.8505185577676242;0.9151123780532534;0.8741394504017612;0.874114917944817;0.9320973706076071;0.32055022926219257;0.8578987653007547;0.00882834317194918;14.481977462768555
0.3;0.9;9;246;2;2;0.11988470494400957;0.11988470494400992;0.12138922025614046;0.11968075275760269;0.10701029648022735;0.8438313551000832;0.8438126707887016;0.9100503199571706;0.8666416430705514;0.8666156513234663;0.9268929978020526;0.31948483589530535;0.8557378112319871;0.009149143540503127;19.31457233428955
0.3;1.0;0;169;2;2;0.11908885604655843;0.11908885604655836;0.12471224594354066;0.12300996750528274;0.11090037153901469;0.7558225899668398;0.7557933391527936;0.8388341561946084;0.7836061071605501;0.7835639142593742;0.8665811026238517;0.35538909696213067;0.9209842763641997;0.0024997953342297367;11.326715230941772
0.3;1.0;1;163;2;2;0.11950377533304474;0.11950377533304458;0.11035641502042025;0.10862654956139627;0.09653447346280097;0.7789936078495757;0.7789671390766257;0.8577460035652406;0.8343662471055049;0.8343339674999324;0.9041667566978333;0.3573221757322176;0.9252863947949342;0.0022317926609237947;14.541001796722412
0.3;1.0;2;163;2;2;0.1103632667019669;0.11036326670196699;0.11321335891480572;0.1114880701520685;0.10524036296591505;0.7772064853347522;0.7771798001244462;0.85590658524878;0.8025777216281211;0.8025391906614822;0.8766603953331137;0.3565762004175365;0.9236317338600365;0.0023330051546310016;14.966384172439575
0.3;1.0;3;176;2;2;0.11908885604655843;0.11908885604655836;0.12471224594354066;0.12300996750528274;0.11090037153901469;0.7558225899668398;0.7557933391527936;0.8388341561946084;0.7836061071605501;0.7835639142593742;0.8665811026238517;0.35538909696213067;0.9209842763641997;0.0024997953342297367;14.861215591430664
0.3;1.0;4;176;2;2;0.11062689226308356;0.11062689226308342;0.11233266912634783;0.11060577152839242;0.1034123239737584;0.7754365793399454;0.7754096887840631;0.8559066923060581;0.7958658707445143;0.795826036032619;0.8726216057995869;0.3586728265434691;0.9282647844777506;0.0020554592031482542;10.526023149490356
0.3;1.0;5;226;3;3;0.09415806488489538;0.0915751614402746;0.10570164725599934;0.10273366205616825;0.051957007815649256;0.4465567291112349;0.4464519972349493;0.48738972727596125;0.5113664244739627;0.5112177525069898;0.5208310877494334;0.28621730382293764;0.624074709901186;0.07299165008444511;16.858804941177368
0.3;1.0;6;171;2;2;0.11112319765159483;0.11112319765159494;0.10967220298386617;0.10794092848158007;0.09608815843566601;0.7590822765664295;0.7590534261597893;0.8430862890570304;0.815417287807362;0.8153813111162297;0.8908701219423307;0.35822147651006714;0.9272719879168118;0.0021134033422622704;14.109785556793213
0.3;1.0;7;590;2;2;0.11958458033151563;0.1195845803315154;0.11723240047078277;0.1155152726162187;0.10813223236108171;0.8046048945820128;0.8045814901743601;0.875628390213465;0.8283360171884051;0.8283025306270588;0.8980173811846536;0.35627868168544014;0.9229698694860772;0.0023741422233314845;31.790945053100586
0.3;1.0;8;201;2;2;0.11113148424791018;0.11113148424791018;0.10893768786799671;0.10720483993467984;0.09714130655859306;0.7635769483222952;0.763548637138878;0.8467394012457095;0.815383748418989;0.815347757425964;0.8908700618252887;0.35852225020990763;0.9279338522907711;0.0020746814358079783;13.60947847366333
0.3;1.0;9;205;2;2;0.11931805622604293;0.11931805622604313;0.10673141359596432;0.10499428528604916;0.09612794868107344;0.7792593804187856;0.77923294253002;0.8577459882625323;0.8365450371353068;0.8365131720219622;0.9062210512419251;0.35702341137123744;0.9246245304209751;0.0022719984950204317;13.948906183242798
0.4;0.0;0;173;2;2;0.11993126675006813;0.11993126675006809;0.11997800389413922;0.1182662744873446;0.10907430490498886;0.9567955578332072;0.9567903919484181;0.9808837311733288;0.9044689608610413;0.9044503272030902;0.9477978382709651;0.2948024948024948;0.8046786948690168;0.016180656351948097;12.126557350158691
0.4;0.0;1;145;2;2;0.11985001297890287;0.11985001297890291;0.1094855697635479;0.10775358059511277;0.0996535314044772;0.9026053854851089;0.9025937379292659;0.9502938778935743;0.899478269883989;0.899458667118533;0.9467470840308584;0.30328209389281263;0.8224380928434344;0.013543052688602737;8.548644065856934
0.4;0.0;2;139;2;2;0.1196559710901342;0.11965597109013446;0.11658625338556738;0.11486830933796272;0.10351426974767802;0.8824403275081173;0.8824262711937019;0.937423909389458;0.919379168949399;0.919363452594993;0.9604527537815011;0.2992487479131887;0.8140196916721945;0.014644585481609823;10.735967874526978
0.4;0.0;3;186;2;2;0.119391569560628;0.11939156956062784;0.12703717396180575;0.1253397240090211;0.11096956107572128;0.796040406645949;0.7960160209211743;0.8762489958857788;0.8355827065093903;0.8355506630325478;0.9051936435766991;0.2904029912754466;0.795372553245441;0.017691405839812616;13.302686929702759
0.4;0.0;4;372;3;3;0.09791087769992142;0.0925251852318828;0.13070041860171866;0.12781082294425505;0.07357418587562915;0.42941867357902447;0.42931310339960366;0.4138962961010018;0.5017847756605487;0.501632790472242;0.5251742959840308;0.21296847114812612;0.6205269910817468;0.05159638273187958;16.294461011886597
0.4;0.0;5;204;2;2;0.11986194658599914;0.11986194658599923;0.12627533912981143;0.12457634217456084;0.10948558723048539;0.8242992871284924;0.8242782779111921;0.8974568232659376;0.8394689299592789;0.8394376407589066;0.9082777982839136;0.29514321295143214;0.8053967682405365;0.0161214668835791;12.15289855003357
0.4;0.0;6;303;3;3;0.10662073203896487;0.0965445879188736;0.11099845771983463;0.10790490117757745;0.09636359443001713;0.5690910189624708;0.569009561673307;0.5979318371506566;0.6816745051907035;0.6815691418536212;0.7679378697073516;0.27925966249319545;0.7715150081545759;0.01893526224057278;15.688274145126343
0.4;0.0;7;304;3;3;0.10531454774793478;0.09558734577710461;0.10551658913980184;0.10242193687333788;0.0902813619600657;0.5448438322387091;0.5447582192876456;0.5700633674448904;0.6579597777915183;0.6578478052808189;0.7459465014457328;0.27887788778877887;0.7706902735045962;0.018850413180884693;10.754565477371216
0.4;0.0;8;174;2;2;0.11998484518989225;0.11998484518989184;0.1190908125492775;0.11737771940878633;0.1064022756520281;0.9499243145426156;0.949918326750526;0.9776064617375966;0.9540914163992202;0.9540824666420866;0.9795923224680289;0.29341069208454207;0.8017415012104903;0.016750757553696247;12.390713453292847
0.4;0.0;9;149;2;2;0.11973853989940446;0.11973853989940425;0.10843974013502995;0.10670569105334;0.09919337337075508;0.9004277251669364;0.9004158176160175;0.9490029350266717;0.8964705605441536;0.8964503704697124;0.9446472590363125;0.30432972522897583;0.8246161914439936;0.01317594163348984;12.411419868469238
0.4;0.1;0;179;2;2;0.11964704657987275;0.1196470465798729;0.12497600091070414;0.12327454306893051;0.10840823890834508;0.8413705237546476;0.8413515578973765;0.9094187380011289;0.8593253917729584;0.8592979755355581;0.9217031870600487;0.29321116201582675;0.801319904380428;0.01665463752946117;15.819014549255371
0.4;0.1;1;179;2;2;0.11979179211637539;0.11979179211637554;0.1131342335847196;0.11140949409579778;0.1011966592648515;0.904610913739923;0.9045995076051706;0.9515857238534067;0.923798322310963;0.9237834656049136;0.9625700387706989;0.30041666666666667;0.8164627434643553;0.014331074027078575;13.162556409835815
0.4;0.1;2;161;2;2;0.119773569027522;0.11977356902752201;0.12356793871188473;0.12186371506890889;0.10805506933767012;0.8620554030988445;0.8620389085271132;0.9240048182152367;0.8841414095428165;0.8841188287766207;0.9383618784546193;0.28978916907813146;0.7940691062399664;0.018078357743628495;13.378602504730225
0.4;0.1;3;228;3;3;0.09267332301006105;0.08962480301320301;0.09689641669769543;0.0939047318527987;0.051419106869855076;0.29232734995437243;0.2921962773840311;0.2825652372267937;0.40016140178194237;0.3999794932862433;0.43118967073853154;0.3057909604519774;0.8276483643207263;0.012615023421557355;12.048773288726807
0.4;0.1;4;179;2;2;0.1197932623380903;0.11979326233809051;0.11133364795802493;0.10960473759805525;0.1042288871587311;0.9046024756114937;0.9045910673065103;0.9515857089930997;0.846294370190952;0.846264372999922;0.907248853497385;0.30432972522897583;0.8246161914439936;0.01317594163348984;12.108426094055176
0.4;0.1;5;247;2;2;0.11973403572203015;0.11973403572203058;0.10970556898017243;0.10797408170402964;0.09917911428055039;0.8901856646874264;0.8901725334434711;0.9425613677062269;0.8915841408523464;0.8915630009779093;0.9425497915573234;0.30342237061769617;0.8227299409597567;0.013377221368457516;12.553560495376587
0.4;0.1;6;153;2;2;0.11989924044045105;0.11989924044045083;0.11217874434897095;0.11045147813351303;0.10397423825792729;0.9143451847038448;0.9143349410312904;0.9574097750641588;0.8558824765770665;0.8558543506008985;0.9134294666067105;0.3020746887966805;0.8199234659533136;0.013941850751738552;11.586806297302246
0.4;0.1;7;155;2;2;0.12008554215716344;0.12008554215716336;0.11581959582144723;0.11410018001200853;0.10276423122030295;0.9838596962719229;0.9838577662185048;0.9940476238775315;0.9755855730145926;0.9755808137633468;0.9903069882274728;0.2960199004975124;0.8072426770770978;0.015873945779971053;13.145534992218018
0.4;0.1;8;185;2;2;0.1197654125921321;0.11976541259213191;0.12224481578601633;0.12053800453511523;0.10884726562151441;0.8339035026609876;0.833883642013724;0.9043724768965533;0.8619622461480917;0.8619353420762061;0.9237773548767211;0.292046396023198;0.7988562146987517;0.017226265026016527;14.720030069351196
0.4;0.1;9;176;2;2;0.11985105055772968;0.11985105055772984;0.11107264592865657;0.1093438524367577;0.09959076380456622;0.915473639237123;0.9154635304242688;0.9580579896973437;0.9135531899248112;0.9135363346476176;0.9562251307136693;0.30194939858979675;0.8196622606439942;0.01399172220375866;14.418443441390991
0.4;0.2;0;169;2;2;0.11990964233210971;0.11990964233210984;0.1112456699134562;0.10951725762481146;0.10066510769695301;0.895541883351572;0.8955293904699068;0.9457793886796846;0.9025201237694204;0.902501118546559;0.9499012124178964;0.30427563304275634;0.8245038156850374;0.013269995269839657;13.457584381103516
0.4;0.2;1;183;2;2;0.11967650614493718;0.1196765061449371;0.11078523983216272;0.10905582828119181;0.09987113182510683;0.895235070730717;0.8952225429670989;0.9457794123213725;0.9056183188570988;0.9055999148300528;0.950953724098505;0.3014154870940883;0.8185485969241159;0.014048813165548145;15.964944839477539
0.4;0.2;2;186;2;2;0.11977286150113967;0.11977286150113951;0.12256596032040928;0.12085982285254042;0.1068016162197056;0.8438979987176963;0.8438793344000326;0.9113146844629478;0.864020218531309;0.8639937175392742;0.9248153334800068;0.29260182876142976;0.8000316087142215;0.016926993199074522;15.504071474075317
0.4;0.2;3;202;2;2;0.11985529629348869;0.11985529629348905;0.11522600758957484;0.11350550001812351;0.10063769114004467;0.904716038039052;0.9047046448321654;0.9515857284364903;0.9321737859247375;0.9321605653907274;0.9678734985525077;0.29983319432860717;0.8152427851343911;0.014487284255548863;14.604754447937012
0.4;0.2;4;264;2;2;0.11992167378497484;0.11992167378497502;0.11350314933636109;0.1117791798511195;0.1023427018385296;0.9035178951498619;0.9035063580363548;0.9509396979659156;0.9177868562917797;0.9177708288150195;0.9593949747401445;0.30112453144523116;0.8179413199233703;0.014125849459946112;16.432526350021362
0.4;0.2;5;165;2;2;0.11979554192850501;0.11979554192850499;0.11155218553193723;0.10982373523376215;0.10440909615597156;0.9067540460859649;0.906742894879281;0.9528784093594329;0.8519877350215559;0.8519588504482116;0.9113669434186814;0.3040765391014975;0.824090120508463;0.013272905247539962;16.348150730133057
0.4;0.2;6;164;2;2;0.11975098283879923;0.11975098283879936;0.12508944063144367;0.12338818973932741;0.10995269617217411;0.8447707751189762;0.8447522150215909;0.9119471065199698;0.8591659767133772;0.8591385288408154;0.9217031829321995;0.29140722291407223;0.7975023600169956;0.017374414114931375;14.66024398803711
0.4;0.2;7;151;2;2;0.11972392791917193;0.11972392791917226;0.1267940283965047;0.12509615999173754;0.10867330980268729;0.8191474374588004;0.8191258122148066;0.8936958353822707;0.834936109846519;0.8349039430061267;0.9041667696896618;0.28978916907813146;0.7940691062399664;0.018078357743628495;12.24523663520813
0.4;0.2;8;237;2;2;0.11980652055782215;0.11980652055782202;0.12556876645005186;0.12386843342003682;0.10927769765928251;0.8592142384822965;0.8591974037751096;0.9220956966690027;0.8682605254625396;0.8682348495220543;0.9279327120180049;0.2899628252788104;0.7944379897575642;0.018046845959991648;17.618850469589233
0.4;0.2;9;494;3;3;0.10670593606103494;0.0961042647572845;0.12135551843252228;0.11832981478279037;0.10507327716948557;0.5867988181622368;0.5867203826213495;0.6175073516709404;0.6777295762284542;0.6776249693843603;0.7468989272555933;0.24616199047114876;0.6981381491260472;0.03389728092752478;20.44393253326416
0.4;0.3;0;215;2;2;0.11984880323307892;0.11984880323307881;0.11421945397675286;0.11249690729649524;0.10170738064084972;0.8861772220701191;0.8861636115095268;0.9399908766165892;0.9019322697274691;0.9019131522464823;0.9499012281575072;0.30179241350562735;0.8193349068154936;0.013899470558251047;14.706429481506348
0.4;0.3;1;138;2;2;0.11972075426219417;0.1197207542621938;0.1257496499523738;0.12404967580878141;0.1094682724084899;0.8209935560369811;0.8209721528435419;0.8949486399959504;0.8426641784166414;0.8426335140969171;0.9103368462915811;0.29128630705394193;0.7972460931917973;0.017429910226762296;12.78935956954956
0.4;0.3;2;360;2;2;0.12014097487157045;0.12014097487157042;0.11725378449003127;0.11553722007868678;0.10392652679998271;0.9485660357262454;0.9485598852658685;0.9769516635984484;0.9436918692367916;0.9436808937818301;0.9742568491121508;0.29494614747307374;0.8049814931076941;0.016252843877711608;18.78992533683777
0.4;0.3;3;171;2;2;0.1198101385265452;0.11981013852654522;0.12367528613280462;0.12197126391235796;0.1091392326513997;0.8411736192685658;0.8411546290745737;0.9094187265680982;0.8604904179212118;0.8604632272909669;0.9227399754299991;0.29140722291407223;0.7975023600169956;0.017374414114931375;14.775071620941162
0.4;0.3;4;244;2;2;0.11980000581595103;0.11980000581595142;0.1107693551166082;0.10903998317755674;0.10010576817140346;0.8911703553018958;0.8911573412598494;0.9432045316297298;0.9011681459568113;0.9011488761882117;0.9488492575389313;0.30333333333333334;0.8225447046552103;0.013448483689548943;15.82913088798523
0.4;0.3;5;174;2;2;0.11999467214357695;0.11999467214357712;0.11510041465996895;0.11337956144233317;0.10331036994413526;0.8911995858458768;0.8911865748453963;0.9432045256558612;0.9020285292867835;0.9020094300072994;0.9499012243843137;0.30282861896838603;0.8214942005624196;0.013644666081877949;15.551250696182251
0.4;0.3;6;156;2;2;0.11985694557128748;0.11985694557128752;0.1089440691299506;0.10721103948211201;0.0987045415669818;0.9036845398087394;0.9036730212031278;0.9509396797407867;0.9009972807199076;0.9009779745414729;0.9477978702855324;0.303156146179402;0.8221760029476908;0.013592191430443455;15.269582748413086
0.4;0.3;7;126;2;2;0.11989797044975958;0.11989797044975935;0.11288486121622848;0.11115898625168319;0.10414763030734941;0.9133037590696176;0.9132933907529548;0.9567617773432989;0.8571580085225122;0.8571301322062201;0.9144616137041088;0.3024896265560166;0.8207881703426811;0.01381600242628199;7.82702374458313
0.4;0.3;8;210;2;2;0.11985425039297963;0.11985425039297952;0.10918113986707961;0.10744858385806899;0.09931798228943317;0.9047711776899087;0.9047597889310128;0.9515857009379761;0.8990585648727178;0.8990388809993368;0.9467470891302419;0.30411300373909433;0.8241658994387415;0.013295708064643794;15.215278387069702
0.4;0.3;9;152;2;2;0.11935895187595154;0.11935895187595152;0.13184029866510563;0.13015172393901198;0.11982185655820549;0.7879902401710451;0.7879648922974187;0.8700596470117535;0.7858219926935278;0.7857802217174611;0.8675863584426892;0.28957208142916496;0.7936078251584999;0.017979714351059668;12.21863842010498
0.4;0.4;0;250;2;2;0.11986833422687583;0.11986833422687596;0.11518635795231993;0.11346567186753587;0.10309143274146713;0.8872203848861046;0.8872068993890782;0.94063317472259;0.9054479513130663;0.905429518640876;0.9520068685851486;0.3016270337922403;0.8189899626412207;0.01392642590619595;15.327981233596802
0.4;0.4;1;180;2;2;0.11987297625674816;0.11987297625674798;0.11192394217312318;0.1101962663629467;0.10428341140043773;0.913078560367038;0.9130681658763196;0.9567617868525202;0.8494883619316228;0.8494589918479172;0.9103365674889459;0.3029546400332917;0.8217565749477795;0.013595475213356481;13.741894721984863
0.4;0.4;2;158;2;2;0.11995597576881924;0.11995597576881949;0.11595576041059424;0.11423666339054987;0.10391317184564446;0.8783894190070272;0.878374877897691;0.9348604313888503;0.8918383097699035;0.8918172268663249;0.9435982950563258;0.29983319432860717;0.8152427851343911;0.014487284255548863;13.486692905426025
0.4;0.4;3;168;2;2;0.1196429477275713;0.11964294772757125;0.126073991363479;0.12437468158967058;0.10986595548992618;0.8185550939900121;0.8185334000073922;0.893069802776627;0.8474550814730384;0.8474253524057147;0.913429775378234;0.29081844619858743;0.7962540653120429;0.017548207115410684;13.536193132400513
0.4;0.4;4;275;2;2;0.11981839962259984;0.11981839962259985;0.12457279432787961;0.12287049456270645;0.11000565946450158;0.8503554216906236;0.850337529830486;0.9157462633714454;0.852781836298874;0.8527531422660385;0.9175617995016885;0.29242928452579037;0.7996665827348087;0.01695776265905318;16.29096269607544
0.4;0.4;5;257;2;2;0.11986833422687583;0.11986833422687596;0.11518635795231993;0.11346567186753587;0.10309143274146713;0.8872203848861046;0.8872068993890782;0.94063317472259;0.9054479513130663;0.905429518640876;0.9520068685851486;0.3016270337922403;0.8189899626412207;0.01392642590619595;15.445817232131958
0.4;0.4;6;162;2;2;0.11983855847625934;0.11983855847625956;0.12696205577975597;0.12526395257489464;0.1171225309126879;0.8573754541801345;0.8573583998728506;0.9208240531463524;0.8089932364186152;0.8089559822380034;0.8847662365290478;0.29825291181364394;0.8119331304631661;0.015054768017294842;13.870198249816895
0.4;0.4;7;179;2;2;0.12006850765371883;0.12006850765371888;0.11182969101265072;0.11010248722225502;0.10025179542714463;0.9251520298426674;0.9251430792348722;0.9639018107839583;0.9071149346738566;0.9070968272447016;0.9530605664188598;0.30308076602830974;0.8220191169845041;0.013546381245426384;14.02553653717041
0.4;0.4;8;170;2;2;0.11985682205894839;0.11985682205894849;0.10895424366676613;0.10722127105713981;0.0991022083159582;0.8873593318862979;0.8873458606542068;0.940633143500936;0.8819816196597;0.8819586065766799;0.9362713036575727;0.30398671096345514;0.8239034262223597;0.013344406198188427;11.85917329788208
0.4;0.4;9;256;2;2;0.11974082189994956;0.11974082189994943;0.11022342123095856;0.10849296461496466;0.09992538527534771;0.8881587436308915;0.8881453697937326;0.9412756805911343;0.887991191342407;0.8879693516475223;0.9404546389749757;0.3031693077564637;0.8222033937975425;0.013474786436288938;16.0089590549469
0.4;0.5;0;203;2;2;0.11990607576151717;0.11990607576151699;0.11149754987355236;0.1097696902095772;0.09964258951964994;0.9185753398988782;0.918565602479369;0.9600039587372685;0.912396340727344;0.91237926262532;0.9562251486111709;0.30311850311850314;0.8220976600847721;0.013569206915229969;14.40017318725586
0.4;0.5;1;211;2;2;0.1197368599672218;0.11973685996722147;0.12785842895308142;0.1261622578238185;0.11477019311630213;0.8394437948556868;0.8394245981078298;0.9081558564948307;0.814514049394566;0.8144778823549074;0.8898512733385335;0.29057700290577004;0.7957418401172458;0.017659785523882233;14.998828411102295
0.4;0.5;2;178;2;2;0.11976535951980444;0.11976535951980437;0.11025510810901976;0.10852461563960915;0.09962966874027449;0.8994569792725617;0.8994449553055633;0.9483577856076143;0.9029685619637925;0.9029496398409889;0.9488492341492026;0.30395010395010397;0.8238273366690152;0.013321532412457086;14.178609371185303
0.4;0.5;3;177;2;2;0.11977679668110647;0.11977679668110619;0.11129795200124575;0.10956895452710332;0.10425459147978634;0.9004277251669364;0.9004158176160175;0.9490029350266717;0.8481946614426221;0.8481650343334382;0.9082774929465348;0.3048729695960017;0.8257442573693615;0.01300555674782801;13.776855945587158
0.4;0.5;4;151;2;2;0.11975132034469067;0.11975132034469073;0.11168124992363732;0.10995298036450188;0.10425846752025568;0.9004277251669364;0.9004158176160175;0.9490029350266717;0.8469407796224091;0.8469109070074095;0.9072488410231329;0.30432972522897583;0.8246161914439936;0.01317594163348984;14.02191948890686
0.4;0.5;5;273;2;2;0.11982042362288915;0.11982042362288943;0.11057829751357491;0.10884859817616252;0.1000936700267804;0.8912075658613788;0.891194556918774;0.9432045401832213;0.8906561294090495;0.8906348114591218;0.9425498113372934;0.3019182652210175;0.8195973459272218;0.0138498830784217;18.092008113861084
0.4;0.5;6;148;2;2;0.11996500625565996;0.1199650062556603;0.11138857930276419;0.10966044493832895;0.10093292119227974;0.8802363438639426;0.8802220219404058;0.9361417066703497;0.8793521806541851;0.8793286584793212;0.9352269546676348;0.3051271363067945;0.8262717209639762;0.012909613899470943;13.381907939910889
0.4;0.5;7;173;2;2;0.12000766424221393;0.12000766424221393;0.11505723118939609;0.11333635143460528;0.10268664573336604;0.9045570946269974;0.904545681684083;0.9515857190851472;0.9086942178801221;0.9086764195893435;0.9541148533987509;0.3020833333333333;0.8199414862492687;0.013823072165580867;13.946279048919678
0.4;0.5;8;188;2;2;0.11973309105071063;0.1197330910507106;0.11050281472608058;0.10877285389358331;0.09942758927100293;0.9056012016888741;0.9055899133130482;0.9522319571067724;0.9091532071687319;0.9091354924298963;0.9530605349046324;0.3027905039566847;0.8214148355554092;0.013621858109007276;14.81702184677124
0.4;0.5;9;179;2;2;0.11988958410419852;0.11988958410419848;0.1120756262134621;0.11034821147663328;0.10464002865668415;0.9088759164001696;0.9088650189462055;0.9541719896655008;0.8500867632579454;0.8500575084608012;0.9103365559123283;0.30353430353430355;0.8229627742423776;0.013445066699479258;14.880923509597778
0.4;0.6;0;278;3;3;0.10763347874802716;0.09678007760701017;0.13394639966992716;0.13093556742939055;0.120256148229858;0.58909654349267;0.5890181347218227;0.6268142703169857;0.6404996268594434;0.640380847996073;0.7330870409483656;0.24102030192608018;0.6863878951150836;0.03731236465305084;18.67106795310974
0.4;0.6;1;141;2;2;0.11951585826026864;0.11951585826026903;0.11679921387127157;0.11508169358566432;0.10386207024155862;0.8643505743159678;0.8643343558606053;0.9252786820145776;0.8968398874171943;0.8968197775093047;0.9467471338214261;0.298494983277592;0.8124406337871886;0.014831391583878473;14.233312606811523
0.4;0.6;2;266;3;3;0.09660434259017867;0.09250255896146753;0.12806221774685492;0.12517631792724057;0.07584648878624675;0.4210519404459886;0.4209448415821186;0.4025690405788715;0.4699830349642885;0.46982256768459313;0.4734885700995932;0.2143287176399759;0.623790814936701;0.05075856370260927;16.06956458091736
0.4;0.6;3;199;2;2;0.1196980922485041;0.11969809224850411;0.1266292452673592;0.12493066021701726;0.1133584047508473;0.8395085093773756;0.8394893206347167;0.9081558603589737;0.814654502106293;0.8146183611727674;0.8898512633834943;0.2918918918918919;0.7985290769272202;0.01715340662388752;14.569226741790771
0.4;0.6;4;190;2;2;0.11979242758019354;0.11979242758019365;0.125975727663844;0.12427616366636313;0.10960806562275067;0.8412981326792139;0.8412791579081547;0.9094187342767329;0.8573434034213496;0.8573155988006099;0.9206669554447859;0.2913549459684123;0.7973915711196315;0.01735022104807795;14.613946914672852
0.4;0.6;5;280;3;3;0.109027805375289;0.09934369852351523;0.13476017711708327;0.13175628467199124;0.11571905699609081;0.6142668179553408;0.6141922379985579;0.6581882490461327;0.6826884924126989;0.682583930469667;0.7501962387422878;0.23618090452261306;0.6752391690095954;0.04433137270719558;17.280845880508423
0.4;0.6;6;225;2;2;0.1197942446496198;0.11979424464961964;0.1097974819072906;0.10806614929063192;0.09916681884549301;0.889441240290018;0.8894280177894941;0.9419183862680929;0.8852541776957082;0.8852318027476088;0.9383618006632102;0.30481727574750833;0.8256286503585504;0.01309903759756275;14.484459638595581
0.4;0.6;7;181;2;2;0.11957764030490793;0.11957764030490768;0.1304259698460604;0.12873468310266264;0.11770863939013385;0.8049031442014286;0.8048798166133735;0.8830825947396526;0.7948241213103143;0.7947841083798273;0.8746400599369817;0.2903893951946976;0.7953436954955683;0.017796342296004;13.69593620300293
0.4;0.6;8;194;2;2;0.11976271042897674;0.1197627104289767;0.11429838655922848;0.11257597364752045;0.10133702372115054;0.8973583419256697;0.8973460686635792;0.9470681749854071;0.9054479513130663;0.905429518640876;0.9520068685851486;0.30054189245518964;0.8167244302411067;0.014280729784433163;13.900232076644897
0.4;0.6;9;405;3;3;0.10684527619816983;0.09618933187285802;0.12631561705569794;0.12330486791673782;0.10968737447872225;0.5753574559876414;0.5752769372557098;0.6067955560537309;0.6681453803251438;0.6680375262318341;0.7387156742782518;0.24168865435356202;0.6879207774047896;0.03619801937442048;19.407047748565674
0.4;0.7;0;157;2;2;0.11975696749172328;0.11975696749172328;0.12282153463124605;0.12111586678637565;0.10737072512426146;0.8467102334842848;0.8466919057968135;0.9132126198323771;0.876197474879462;0.876173346107166;0.933140014151224;0.2929671244277986;0.8008040885423975;0.016763287978871555;14.22984790802002
0.4;0.7;1;218;2;2;0.11987568209622107;0.11987568209622101;0.1116570022255619;0.1099294526465925;0.0985682832991109;0.9141457843945549;0.9141355176176491;0.9574097843494185;0.9195033498054509;0.919487657196078;0.9604527508029966;0.3019966722129784;0.8197608227070742;0.01389554366954078;16.03100562095642
0.4;0.7;2;157;2;2;0.1197088858125125;0.11970888581251257;0.1249174948446094;0.12321593631539324;0.10838224631985233;0.8432486644529502;0.8432299233970948;0.9106824927543506;0.8595063622568198;0.8594789818310715;0.9217031910194139;0.29291666666666666;0.8006974130058172;0.016739582325551533;13.567156553268433
0.4;0.7;3;191;2;2;0.11977073626973164;0.11977073626973178;0.11162385988933901;0.10989547867495678;0.10415556906325052;0.9025086881571059;0.9024970294623351;0.9502938833594158;0.8501250519147133;0.8500958007751138;0.9093067151217452;0.30432972522897583;0.8246161914439936;0.01317594163348984;14.361110210418701
0.4;0.7;4;166;2;2;0.11937460616001228;0.11937460616001243;0.1284618261869639;0.1267671040282039;0.11197975188466251;0.7878895862880207;0.7878642256888118;0.8700596363263349;0.8323688589396655;0.8323361870064915;0.9031404221253411;0.28962655601659754;0.7937235906808757;0.018004074541565496;13.296380519866943
0.4;0.7;5;195;2;2;0.11980115487644441;0.11980115487644426;0.11282700332246542;0.1111009983021148;0.10452132642152635;0.9088759164001696;0.9088650189462055;0.9541719896655008;0.8558824765770665;0.8558543506008985;0.9134294666067105;0.3013698630136986;0.8184533891780358;0.014145156561972787;14.393523454666138
0.4;0.7;6;199;2;2;0.11968426000712255;0.1196842600071229;0.12879843732853416;0.12710404719438168;0.11543785163144847;0.8201595758535724;0.8201380730998961;0.8943221400962709;0.7957664210452295;0.7957265956382255;0.875650089204112;0.29087136929460583;0.7963663167691081;0.017572498619519802;13.60696530342102
0.4;0.7;7;190;2;2;0.11995751941437914;0.11995751941437939;0.1115309834199193;0.10980315802400328;0.10122459132223183;0.897599186703611;0.8975869398693392;0.9470681440858714;0.8971572884408847;0.8971372386068109;0.9467471216173025;0.30427563304275634;0.8245038156850374;0.013269995269839657;13.383337259292603
0.4;0.7;8;182;2;2;0.11962327337457808;0.11962327337457808;0.12585002575836454;0.12415026743161281;0.1095796782712274;0.824669035440758;0.8246480728816002;0.8974568593490173;0.8532662384715264;0.8532376413587183;0.9175618179508008;0.28903654485049834;0.7924692199574117;0.018181446005937872;13.018725633621216
0.4;0.7;9;166;2;2;0.12007923056290669;0.12007923056290655;0.11571739450005748;0.11399779851379523;0.1034646655330415;0.904610913739923;0.9045995076051706;0.9515857238534067;0.9086942178801221;0.9086764195893435;0.9541148533987509;0.3020442219440968;0.8198599532152472;0.013800392159762032;12.858564853668213
0.4;0.8;0;140;2;2;0.11936802792446509;0.11936802792446474;0.12576556699186006;0.12406567605180226;0.10757072885435973;0.8084687351444656;0.808445835525062;0.8855741529115569;0.8432923811484224;0.8432618416823678;0.9103368644281631;0.2889165628891656;0.7922139963761049;0.018238163387484276;12.173448085784912
0.4;0.8;1;183;2;2;0.1198351154230027;0.11983511542300275;0.11362905327048003;0.11190534865730359;0.10116832295655062;0.886204419976452;0.8861908128881482;0.9399908795430091;0.9036803519346859;0.9036615749526442;0.9509537570272035;0.30150125104253545;0.8187275499649498;0.013976136850680186;12.790489912033081
0.4;0.8;2;188;2;2;0.11973079061071434;0.11973079061071444;0.12408632312489086;0.12238312857811232;0.10789300528728414;0.8420990237762211;0.8420801443643273;0.9100504945143615;0.8669381885258544;0.8669122556903155;0.9268930058251635;0.2915282392026578;0.7977587916440106;0.017319015784667616;13.346869707107544
0.4;0.8;3;158;2;2;0.1197700342520257;0.11977003425202563;0.12581514541312996;0.12411533864749535;0.1094738501022487;0.8200755517100898;0.8200540382756801;0.89432213069869;0.8401745981054729;0.8401434504628973;0.9082778284820054;0.2903893951946976;0.7953436954955683;0.017796342296004;12.740466594696045
0.4;0.8;4;252;2;2;0.11991907523872417;0.11991907523872422;0.11066593041615279;0.10893629893127749;0.09893941435863882;0.9232472715168659;0.9232380922937992;0.9626016406142092;0.921673633620839;0.9216583605873271;0.960452727570647;0.2996688741721854;0.8148990171926072;0.014757310168232625;15.714268445968628
0.4;0.8;5;275;2;2;0.11977971859373528;0.11977971859373543;0.1115186978673086;0.10979074866319215;0.10089651468007091;0.8891572543472062;0.8891439997998496;0.9419184115932848;0.9033318616895983;0.9033130128205569;0.9499011994812225;0.3035863219349458;0.8230709648629232;0.013350972773598507;15.188486099243164
0.4;0.8;6;157;2;2;0.11964304074854178;0.11964304074854167;0.12368335310953062;0.12197936106510968;0.10808136319334191;0.848781116774875;0.8487630374092765;0.9144790132553923;0.8636875202490847;0.8636609533209724;0.9248153255524562;0.29316096747289405;0.8012138253973076;0.016631074527173363;12.491249561309814
0.4;0.8;7;181;2;2;0.11979757405742975;0.11979757405742963;0.1256653670934002;0.12396522190350145;0.109497875603813;0.8403690148347815;0.8403499288438334;0.9087871857474156;0.849993952931705;0.8499647168477562;0.9154946201136002;0.2912339011217283;0.7971350101250628;0.017405643921188957;13.270639181137085
0.4;0.8;8;182;2;2;0.1196502054432408;0.11965020544324084;0.11618399309209933;0.11446471886286796;0.1066490474105711;0.8815688659077677;0.8815547057029668;0.9367827165291928;0.8617652855692767;0.8617383157461836;0.9196311158692398;0.3028906577293674;0.8216233708812246;0.013434610725379416;12.961735963821411
0.4;0.8;9;245;2;2;0.11964130508343933;0.11964130508343944;0.12832558257970536;0.12663024836294437;0.11606014238221386;0.8049387315900981;0.8049154086047501;0.8830825999940888;0.7905981952285795;0.7905573605056863;0.8716135765106153;0.291701244813278;0.7981253043871028;0.01728795511890209;15.206549882888794
0.4;0.9;0;159;2;2;0.11937314181547491;0.1193731418154751;0.11723651895627685;0.11551948523054015;0.10659983805632024;0.8693721543619988;0.8693565256059383;0.9271909370279181;0.8665903529777823;0.8665643320648975;0.9248151799440859;0.31935215946843853;0.8554684571837555;0.009189676680609216;12.838536024093628
0.4;0.9;1;160;2;2;0.11996224836668369;0.11996224836668393;0.12682390066124183;0.12512560803720618;0.11560243621781563;0.8389091326438127;0.8388898579691767;0.906262985187286;0.8166584395855342;0.8166226847338475;0.8908699655439506;0.3186904268545379;0.8541242264213674;0.00939379132973623;12.796244621276855
0.4;0.9;2;163;2;2;0.11906221843908237;0.1190622184390822;0.12348503167039186;0.1217806877810325;0.10716824949596779;0.7960205533233154;0.7959961503236449;0.8756288445047938;0.8474550814730384;0.8474253524057147;0.913429775378234;0.32014987510407994;0.8570871297612083;0.008947922610754874;12.933415412902832
0.4;0.9;3;162;2;2;0.12001026525683016;0.1200102652568302;0.11397143068706098;0.11224843946001674;0.10253639939480597;0.8694397036402726;0.8694240846671702;0.927828869058622;0.8852661223751593;0.8852437572316963;0.9394079748012266;0.32055022926219257;0.8578987653007547;0.00882834317194918;13.329895496368408
0.4;0.9;4;209;3;3;0.09802392365103298;0.09004629469033493;0.08772287173675565;0.08465091776522508;0.042043625094534756;0.35288499179016775;0.3527646716418894;0.3759352784158147;0.4485650119174968;0.4483929706711158;0.5232323660345063;0.32653061224489793;0.8699644416437864;0.005729338100790019;15.128862857818604
0.4;0.9;5;244;3;3;0.10441135426956964;0.09418101558611668;0.11673224212961628;0.11368285629111166;0.09715034536146507;0.5395904634504076;0.5395040689848611;0.5586224718336706;0.6673047567856716;0.6671962678293901;0.7475480947649278;0.27690643591130343;0.7664235657005826;0.02890160160219246;16.204225778579712
0.4;0.9;6;245;3;3;0.09514225861273916;0.09068767795801558;0.11698244930044768;0.1140532659187848;0.060126444953050376;0.4250481932158591;0.4249396216420838;0.46977371889164055;0.48564359149256275;0.48548722327164934;0.5052707972973325;0.26229508196721313;0.6804582756513389;0.05401098259449662;16.539050102233887
0.4;0.9;7;221;3;3;0.10570093591573113;0.09594267107847963;0.11334996970079847;0.11025959293215845;0.09529727296679077;0.5478992783610608;0.547814400374462;0.564734732365942;0.6926376126152645;0.6925355540515704;0.778592002751485;0.2795466810577442;0.7631832703849338;0.029081793944952167;15.438433408737183
0.4;0.9;8;453;2;2;0.11944636961248337;0.11944636961248338;0.120006550844946;0.11829533938858969;0.1081402200883928;0.8443730896020054;0.8443544686949871;0.9100502994437534;0.8773021642687883;0.8772782482809601;0.9341832043976329;0.3186904268545379;0.8541242264213674;0.00939379132973623;24.526825666427612
0.4;0.9;9;306;2;2;0.12010823095325926;0.12010823095325926;0.11455656426915736;0.11283468280515711;0.1031557212419693;0.8781674832309457;0.8781529085356804;0.9335799143274159;0.89020831543637;0.8901869127778391;0.9425498291392548;0.32068390325271057;0.8581696521859145;0.008788675100309305;19.305033206939697
0.4;1.0;0;201;2;2;0.11113030061856433;0.11113030061856417;0.10881661764887549;0.10708352398921249;0.09698630284265769;0.7642572414262084;0.7642290121900994;0.8473490260692325;0.8167968331491734;0.8167611170917063;0.8918893782149779;0.3586728265434691;0.9282647844777506;0.0020554592031482542;14.019263982772827
0.4;1.0;1;170;2;2;0.11111549931446121;0.11111549931446131;0.10875219026100566;0.10701897130872652;0.09686810508432277;0.7692421469762245;0.7692145137133392;0.8510113181008158;0.8167968331491736;0.8167611170917064;0.8918893782149779;0.35837180025178345;0.9276029201037915;0.0020939961301659413;12.973513126373291
0.4;1.0;2;1000;3;3;0.09101266887341523;0.08429539393976102;0.1271136682530148;0.12415964532986415;0.09918921861784624;0.42145224554131444;0.4213444969395354;0.43777461034509113;0.5740694130790613;0.5739353439795671;0.6425878980357548;0.3242165242165242;0.7906603894365624;0.01698443958865637;53.45771598815918
0.4;1.0;3;178;2;2;0.11113724366790063;0.11113724366790081;0.10854924567933243;0.10681565248486044;0.09703222920166808;0.7694732934962001;0.769445686956265;0.8510113025722655;0.8167425957038935;0.8167068701568878;0.891889386589978;0.3580712788259958;0.9269410557298323;0.002132903128417133;12.387092351913452
0.4;1.0;4;167;2;2;0.11116045214468061;0.11116045214468062;0.10875113577305213;0.1070179837560587;0.09595619954237355;0.7628979888717492;0.7628695958956564;0.8461299956487278;0.8208433195085544;0.8208083959075498;0.8949508634589562;0.35837180025178345;0.9276029201037915;0.0020939961301659413;12.23904275894165
0.4;1.0;5;204;3;3;0.09023947903188757;0.08702192012100843;0.1226090909926894;0.11970655350505559;0.07241603266659624;0.3963542187402372;0.3962406968408247;0.4549302100514542;0.4157710200284822;0.4155942902814293;0.4250958630547062;0.2823821339950372;0.69816804199304;0.043301811522673886;14.712024927139282
0.4;1.0;6;161;2;2;0.11044637280287521;0.110446372802875;0.11265115795020972;0.11092491365792778;0.10358298995897865;0.7877431493945591;0.787717724350338;0.8632759178860817;0.803745174508421;0.8037068792874204;0.8786833749060169;0.35598165902459356;0.9223080051121181;0.0024156526198202515;14.795336484909058
0.4;1.0;7;226;2;2;0.11020530515835324;0.11020530515835322;0.11246737360762961;0.11074136923047354;0.10068659944092605;0.7750454057692739;0.7750184636599858;0.8546814602197176;0.8498511658178114;0.8498218933573123;0.9154945571047434;0.3571727310748641;0.9249554626079547;0.00225184908988494;16.365582704544067
0.4;1.0;8;166;2;2;0.11962528180330899;0.11962528180330906;0.11613618893837357;0.11441754234815903;0.10259181820303433;0.7934757893477352;0.7934510467770051;0.866355739493427;0.8623884336091437;0.8623616143315161;0.9237773674242753;0.3546511627906977;0.9193296154293018;0.0026070824032291898;14.341135740280151
0.4;1.0;9;211;2;2;0.10983332044371907;0.1098333204437193;0.11704046977303387;0.11532276442746842;0.107269213573755;0.769356113022336;0.7693284865188886;0.8497895589234972;0.8009822639133892;0.8009434295654061;0.8766604600931924;0.35627868168544014;0.9229698694860772;0.0023741422233314845;14.547839641571045
0.5;0.0;0;183;3;3;0.109498902968907;0.10010591132607218;0.11634919263453661;0.11323186503964465;0.10136414466964778;0.6120060321460984;0.6119313095897387;0.6590060972701688;0.6981111403345238;0.6980082461085803;0.7836685576663752;0.2778649921507064;0.7684997620632494;0.020425776905728325;14.126591682434082
0.5;0.0;1;161;2;2;0.11985180587196241;0.11985180587196241;0.1216150591926867;0.11990652808983163;0.11019493374708958;0.9268357800602794;0.9268270321260664;0.964552235896826;0.8951353634911753;0.8951149097165972;0.9425497460633406;0.29355509355509357;0.8020465330085453;0.01659377291141443;9.537434577941895
0.5;0.0;2;148;2;2;0.11978114701997417;0.11978114701997437;0.11943661636787925;0.11772422491861408;0.10681848728270862;0.8872203848861046;0.8872068993890782;0.94063317472259;0.9140007906092733;0.9139840260271482;0.957281179997669;0.29246064623032314;0.7997329372402515;0.017085323360132333;11.303520441055298
0.5;0.0;3;174;2;2;0.11997211720634805;0.11997211720634791;0.12348759942623602;0.12178273822705368;0.11286777545173973;0.9285175104228197;0.9285089624927109;0.9658536982130128;0.871176929570809;0.8711518037698021;0.9279325782624683;0.29375258585022757;0.8024636029313387;0.016690808482521968;12.761178255081177
0.5;0.0;4;176;2;2;0.11978514176305337;0.11978514176305335;0.12751179864968706;0.12581483110318212;0.11627757923030424;0.8510089916036228;0.8509911767230943;0.9163802061077494;0.8125888827686565;0.8125523335683154;0.8878154912601071;0.29187396351575456;0.7984911113932056;0.017257038411232113;12.833743333816528
0.5;0.0;5;378;3;3;0.10696640567289843;0.09806907433802134;0.1359481695978374;0.13296558452701596;0.11470908992666741;0.5839147842129202;0.5838353022072227;0.6240681628580805;0.6698216289397405;0.669713987883164;0.7389058416367861;0.2343830665978317;0.6710751430601248;0.04274571333185201;20.440524101257324
0.5;0.0;6;193;2;2;0.12005916166196533;0.12005916166196509;0.1185966192925004;0.1168822170752717;0.10772031465188311;0.9854762609676955;0.9854745242371985;0.9947081218349314;0.9215255643180846;0.9215102579338639;0.9572811182240492;0.2966804979253112;0.8086319485078994;0.015633501447403914;13.532910108566284
0.5;0.0;7;133;2;2;0.11984429175230116;0.11984429175230142;0.11799888440380153;0.1162838243630979;0.10513764811078298;0.8538354544362441;0.8538179779090874;0.9182834055635339;0.8544283279655763;0.8543999558247567;0.9185962752181522;0.2992487479131887;0.8140196916721945;0.014644585481609823;12.974444150924683
0.5;0.0;8;219;2;2;0.11988631495266341;0.11988631495266341;0.11055799025835072;0.10882822962746302;0.09949196246638704;0.8953409332945648;0.8953284170885165;0.9457793979341635;0.9043520157438641;0.9043333673722881;0.9509537414071854;0.30395010395010397;0.8238273366690152;0.013321532412457086;14.730138301849365
0.5;0.0;9;211;3;3;0.09634183069730852;0.0924713985896742;0.137364714297484;0.13450907871744902;0.07789611397627709;0.42338140813133807;0.4232747354823287;0.4056158244066249;0.4819639286461549;0.48180703750172005;0.4834546890065999;0.20143027413587605;0.5925446051250615;0.06076303638103343;14.45353102684021
0.5;0.1;0;192;2;2;0.11978113395785867;0.11978113395785861;0.12427493209964913;0.1225720903767431;0.1088851996977116;0.8367445690699292;0.8367250494532799;0.9062631884713034;0.8485671654299562;0.8485376515861967;0.9144619019522248;0.29206481096800996;0.7988952001791161;0.017122419702760343;14.150401592254639
0.5;0.1;1;173;2;2;0.11980588791910192;0.11980588791910204;0.1275568208991393;0.1258599279240627;0.11576692677446189;0.8638919486202464;0.8638756731250089;0.9252786514703006;0.8224970951925374;0.8224624776241731;0.8949507368702652;0.2898431048720066;0.7941836882243511;0.018103522274157888;14.212953329086304
0.5;0.1;2;188;2;2;0.11994055196756184;0.11994055196756179;0.12082136072781072;0.11911134073741964;0.10905996939234852;0.955209328504919;0.9552039728356496;0.9802278380124743;0.9010026895044949;0.9009833817443951;0.9467470680451443;0.29443521594684385;0.803904220667988;0.016341647603403515;16.24422001838684
0.5;0.1;3;153;2;2;0.11974031933767572;0.11974031933767587;0.12700045273224217;0.12530247762682567;0.11537643643592943;0.8395798865447223;0.8395607065975446;0.9081558641352948;0.8113089173769431;0.8112721178301441;0.8867984945535083;0.29213483146067415;0.7990434273793472;0.017043487854175324;14.976058721542358
0.5;0.1;4;186;2;2;0.1197942446496198;0.11979424464961964;0.1097974819072906;0.10806614929063192;0.09916681884549301;0.889441240290018;0.8894280177894941;0.9419183862680929;0.8852541776957082;0.8852318027476088;0.9383618006632102;0.30481727574750833;0.8256286503585504;0.01309903759756275;17.012791872024536
0.5;0.1;5;250;3;3;0.09355454216515663;0.08979511987423602;0.10190116829679582;0.09892702528315196;0.05470901983771738;0.3182703712431254;0.31814413642228145;0.3072887478687592;0.41501479420772913;0.41483749892932176;0.4411221146041132;0.2774762550881954;0.7676581479387965;0.020266991978829328;17.358067750930786
0.5;0.1;6;198;2;2;0.11980510129481549;0.11980510129481542;0.11339630350422193;0.11167212623600391;0.10086956514780539;0.8842156502015002;0.8842018053063682;0.9387069500118724;0.9003910825922796;0.900371663804275;0.9488492742694536;0.30150125104253545;0.8187275499649498;0.013976136850680186;15.807495594024658
0.5;0.1;7;196;2;2;0.1200066496263733;0.12000664962637314;0.12080321624443117;0.11909304886040681;0.1109533558735431;0.9680221682211653;0.9680183444152017;0.986796624266537;0.9114995084401416;0.9114822449947346;0.9509536789797837;0.29638854296388545;0.8080181263346166;0.015715083416809397;14.712895154953003
0.5;0.1;8;191;2;2;0.1200364338581001;0.12003643385810013;0.12268171130922517;0.12097572638282197;0.10859504515208558;0.8911995858458768;0.8911865748453963;0.9432045256558612;0.8886986501684707;0.8886769563603144;0.9415019811924971;0.29743164871582434;0.810209939565683;0.01544278226856833;11.96041226387024
0.5;0.1;9;133;2;2;0.11970186706111412;0.11970186706111424;0.11572447692714968;0.11400494703312597;0.10201177383985932;0.893520096963239;0.8935073655223388;0.9444915531691602;0.9341183546269933;0.9341055132849422;0.9689359347189326;0.2972071696540225;0.8097385533415262;0.015324513662792881;12.656656503677368
0.5;0.2;0;146;2;2;0.12015688623751354;0.12015688623751342;0.11158156882782043;0.10985382059832755;0.10030792567579297;0.9173967869357939;0.9173869090120153;0.9593550904289194;0.8939752471299717;0.8939545762833979;0.9446472990577282;0.3032069970845481;0.8222818268333326;0.013497384097566359;12.586199283599854
0.5;0.2;1;249;2;2;0.1199271443708384;0.11992714437083858;0.11794327240960939;0.11622792745107009;0.10526713298570888;0.9418034379012743;0.9417964794331204;0.9730275049516162;0.9544388401279772;0.9544299578306227;0.9795923208871082;0.2937266306605733;0.8024087972812339;0.01656354947807672;15.355095624923706
0.5;0.2;2;209;2;2;0.1198351154230027;0.11983511542300275;0.11362905327048002;0.11190534865730356;0.10116832295655062;0.886204419976452;0.8861908128881482;0.9399908795430091;0.9036803519346859;0.9036615749526442;0.9509537570272035;0.30150125104253545;0.8187275499649498;0.013976136850680186;14.50098443031311
0.5;0.2;3;177;2;2;0.11997531971205665;0.11997531971205659;0.11483192789783864;0.1131106866666829;0.10064287105527238;0.8884200221722509;0.8884066808348895;0.9412756972683496;0.8903945641124673;0.8903732011101227;0.9425498521334386;0.29870671672924487;0.8128843782946878;0.014825859373882623;13.729557514190674
0.5;0.2;4;273;2;2;0.1199626131162334;0.11996261311623332;0.11415549324113526;0.11243288678818095;0.10140631873306817;0.8972825118323844;0.8972702286928627;0.9470681644578052;0.910447422738754;0.9104299669019223;0.9551697190857168;0.30170620058260506;0.819155097355807;0.013972044876242755;17.35465931892395
0.5;0.2;5;165;2;2;0.11981946530388846;0.11981946530388815;0.10821722426436169;0.106482805960083;0.09876468738141357;0.8832680226238038;0.8832540626151084;0.9380652901380925;0.8837663266354628;0.8837436611493414;0.9373162579256006;0.30395010395010397;0.8238273366690152;0.013321532412457086;13.591687440872192
0.5;0.2;6;188;2;2;0.11971431623302749;0.11971431623302743;0.12530783950269425;0.12360702691107964;0.10956511537511995;0.8209513030847465;0.8209298945236467;0.8949486353250163;0.8472922670414713;0.847262505654449;0.9134297710004933;0.291044776119403;0.7967340533117768;0.017541196140963604;13.988642692565918
0.5;0.2;7;182;2;2;0.11980017485498039;0.11980017485498028;0.11425592675041787;0.1125334412032693;0.10202079837144921;0.9003777429031851;0.9003658299984165;0.9490029430726408;0.9176452417850787;0.9176291871809859;0.9593949778420037;0.30183180682764366;0.8194170593312965;0.013922290465680665;13.713943243026733
0.5;0.2;8;212;2;2;0.11960202064304852;0.1196020206430485;0.12481689727853108;0.12311507218034663;0.10877204292635244;0.8486898182988097;0.848671727782663;0.9144790099026083;0.8742887355510685;0.8742642333900632;0.9320973790823848;0.2918401332223147;0.7984194687298406;0.01712950407221133;15.250566959381104
0.5;0.2;9;259;2;2;0.11973117336907535;0.11973117336907543;0.11082178577406268;0.1090924206617113;0.09980981188980219;0.9035039061124743;0.9034923671340899;0.9509396955030611;0.9060387311700616;0.9060204084494065;0.950953719507481;0.3014154870940883;0.8185485969241159;0.014048813165548152;17.667396068572998
0.5;0.3;0;167;2;2;0.11995727407546071;0.11995727407546072;0.11508444915298703;0.11336305173590895;0.10606614146530828;0.9173992349779552;0.9173893576820764;0.9593550945874428;0.8473912772304732;0.8473615037150901;0.9103366118659519;0.3026260942059191;0.8210724400234055;0.01364835613128823;13.60243535041809
0.5;0.3;1;177;2;2;0.11975862271242996;0.11975862271242989;0.12442598622873713;0.12272345214926432;0.10845862004585236;0.8403071946611492;0.8402881010094151;0.9087871818662254;0.8638426484562004;0.8638161123211073;0.9248153295971251;0.29045643153526973;0.7954859745737998;0.017715721396345717;13.784787893295288
0.5;0.3;2;168;2;2;0.1197352225107119;0.11973522251071206;0.11008750026972217;0.10835665601565525;0.10048014187420785;0.894296304261699;0.8942836632439501;0.9451353508437633;0.8964705605441536;0.8964503704697124;0.9446472590363125;0.30245118404653093;0.8207080817102067;0.013792820900619562;14.734793424606323
0.5;0.3;3;167;2;2;0.11973833298871675;0.11973833298871668;0.12472423034145298;0.12302226227606827;0.10974495526325483;0.8226695973615358;0.8226483942540843;0.8962022977784867;0.8456058325376374;0.8455757415382261;0.9123982088519423;0.291044776119403;0.7967340533117768;0.017541196140963604;14.61471152305603
0.5;0.3;4;290;3;3;0.0966850295734444;0.09258508531848264;0.12894401091005486;0.1260588792996857;0.06957392537100382;0.4144347554251296;0.41432643814036907;0.3947874488217938;0.48757477765518903;0.48741943064505416;0.4921823609213183;0.21033434650455926;0.6141857198822437;0.05281582815806031;15.962620973587036
0.5;0.3;5;187;2;2;0.11982001564138575;0.1198200156413857;0.1083365923170987;0.10660241845280767;0.09891827203367888;0.8823018286329473;0.8822877529468279;0.937423871693192;0.8819816196597;0.8819586065766799;0.9362713036575727;0.3038237738985869;0.8235647203678774;0.013370256590098828;14.220380544662476
0.5;0.3;6;217;2;2;0.11979341807582423;0.11979341807582418;0.11069694826570223;0.10896751130468804;0.099586071271059;0.8912075658613787;0.8911945569187739;0.9432045401832213;0.9090459305589466;0.9090281987651851;0.9541148397728509;0.30682293846797826;0.8297857107246597;0.012316875675054378;15.194968223571777
0.5;0.3;7;153;2;2;0.11936059903239692;0.11936059903239714;0.13146523577250926;0.12977597035981292;0.1190792137119933;0.7887681307626376;0.7887428757244324;0.8706775928268999;0.7842564193884692;0.7842143455689289;0.8665810401798164;0.2899875363523058;0.7944904733771857;0.017835241210220856;13.870599031448364
0.5;0.3;8;166;2;2;0.11991077794368406;0.11991077794368385;0.125213902686672;0.1235125530812776;0.1126349128308686;0.8901610845303005;0.890147949909805;0.942561361939324;0.8477624422269184;0.8477327565496052;0.913429652428751;0.2916150351094589;0.7979426812246833;0.017473134159122522;14.269768714904785
0.5;0.3;9;283;2;2;0.11984568847310535;0.11984568847310506;0.110910262903726;0.1091811185740598;0.09975190671718961;0.9132255996885219;0.9132152222186956;0.9567617797826213;0.9087554970060151;0.9087377053531006;0.9530605391974383;0.3016597510373444;0.8190582102701052;0.014068306674103491;18.8589506149292
0.5;0.4;0;187;2;2;0.11986508560471919;0.11986508560471905;0.10964885596113534;0.10791724640743301;0.09932068433994343;0.8893683434218438;0.8893551124569771;0.9419183896281251;0.8867517075196754;0.8867296249816212;0.9394079259066215;0.30398671096345514;0.8239034262223597;0.013344406198188427;13.755590438842773
0.5;0.4;1;181;2;2;0.08772098195892725;0.08772098195892754;0.09438068088901072;0.092619009105436;0.07035672695328359;0.0013010981236016342;0.0011816667051003699;0.001519236119968565;0.014135108515930169;0.013942769159571308;0.01972427879043118;0.2589865742745777;0.7270278174813806;0.028472343990651724;14.406359910964966
0.5;0.4;2;274;2;2;0.11977971859373528;0.11977971859373543;0.1115186978673086;0.10979074866319215;0.10089651468007091;0.889157254347206;0.8891439997998495;0.9419184115932848;0.9033318616895984;0.903313012820557;0.9499011994812225;0.3035863219349458;0.8230709648629232;0.013350972773598507;15.58728814125061
0.5;0.4;3;183;2;2;0.11994433206767174;0.11994433206767151;0.110490658912411;0.10876081037435888;0.10039722501992067;0.8944057222398818;0.8943930938387211;0.9451353447057497;0.9005344073920885;0.900515015948615;0.9488492702519279;0.30411300373909433;0.8241658994387415;0.013295708064643794;13.421363592147827
0.5;0.4;4;174;2;2;0.08771010946632549;0.08771010946632546;0.101982331789074;0.1002353324122151;0.07407517407562227;0.001996290620992333;0.0018769264379487728;0.002433421722335671;0.014007720877232828;0.013815324118888642;0.01957149660383464;0.25782608695652176;0.7244378543717539;0.028824381641140137;13.974148273468018
0.5;0.4;5;168;2;2;0.11974189281287488;0.11974189281287488;0.12162412620285191;0.11991611548129029;0.10673769945475302;0.8579132167430699;0.8578962289685668;0.9208240844895001;0.8760474589674584;0.8760233004282318;0.9331400104105203;0.2939949958298582;0.8029753572817939;0.016354336185527132;13.921314001083374
0.5;0.4;6;223;2;2;0.11991051632193611;0.11991051632193614;0.1214773341318135;0.1197689742677903;0.10848845606614657;0.8964072583855915;0.8963948716888918;0.9464236917804901;0.9122179192370927;0.9122008087320634;0.9562251641537263;0.2922885572139303;0.7993687948814266;0.01711590671438354;17.53059458732605
0.5;0.4;7;150;2;2;0.12004968907906688;0.12004968907906699;0.11543140572700562;0.11371133800839377;0.1018672566970298;0.886204419976452;0.8861908128881482;0.9399908795430091;0.8855489024410589;0.8855265952401499;0.9394079943590465;0.30041666666666667;0.8164627434643553;0.014331074027078575;12.933831691741943
0.5;0.4;8;141;2;2;0.11995542110524689;0.11995542110524683;0.11122069462602681;0.10949223376648654;0.10100627880186923;0.8882744011401817;0.8882610397222194;0.9412756618924271;0.892402600318853;0.8923816225269301;0.9435982615585964;0.3043659043659044;0.8246913478923206;0.013198603189746326;9.872539520263672
0.5;0.4;9;139;2;2;0.0874499006505201;0.08744990065052008;0.08935190413394005;0.08758049774519784;0.0634461357475294;0.0003840631860433318;0.0002645049669095847;0.0002959563171041587;0.00536814055562521;0.005174104242092169;0.007467238747628469;0.24870466321243523;0.7039131374296196;0.03344906197511248;14.475343942642212
0.5;0.5;0;167;2;2;0.11999167690845622;0.11999167690845634;0.11542440065783974;0.1137041971955662;0.10339664435303435;0.899358343824041;0.8993463093207241;0.948357801903126;0.9087974498004004;0.9087796706286531;0.9541148467832787;0.30112453144523116;0.8179413199233703;0.014125849459946112;15.01715087890625
0.5;0.5;1;171;2;2;0.1196848020517273;0.11968480205172724;0.12387532877219876;0.12217171002321055;0.10842969234523543;0.8435314681550093;0.84351276162252;0.9106825030030037;0.8667784722565233;0.8667525077464723;0.9268930018922662;0.2925709515859766;0.7999662936611867;0.01680134285968693;15.324888706207275
0.5;0.5;2;158;2;2;0.11997806358179927;0.11997806358179912;0.11639274816583707;0.11467459363468856;0.10123727487389547;0.8892694677989499;0.8892562275265447;0.9419184229229688;0.9062412276295835;0.9062229546871271;0.9520069026657045;0.2986255726780508;0.8127143361691922;0.014900223186053912;16.911699056625366
0.5;0.5;3;183;2;2;0.11986332481084291;0.119863324810843;0.11070559192828627;0.10897607304822872;0.10050519147693962;0.8964540114248373;0.8964416279859801;0.9464236613500236;0.8946516034868816;0.8946310624520825;0.9446472849430391;0.30411300373909433;0.8241658994387415;0.013295708064643794;14.145627737045288
0.5;0.5;4;174;2;2;0.11996751644219604;0.119967516442196;0.1112104838172663;0.10948203513866679;0.10026156256500265;0.9014318195167483;0.9014200329550001;0.9496483112841534;0.8872181147035981;0.8871961271650313;0.940454658963767;0.30112453144523116;0.8179413199233703;0.014125849459946119;16.324992895126343
0.5;0.5;5;176;2;2;0.119770247588558;0.11977024758855774;0.1117996853414861;0.11007166400516165;0.10441272378923741;0.899410619838229;0.8993985905464692;0.9483577884469846;0.8481946614426221;0.8481650343334382;0.9082774929465348;0.30420307948397834;0.8243530720465959;0.013224375014676541;14.338760614395142
0.5;0.5;6;177;2;2;0.11978813124188917;0.11978813124188904;0.12641274832281085;0.12471404912512686;0.10948813354511577;0.8412981326792138;0.8412791579081546;0.9094187342767329;0.8514292074444908;0.8514002507705091;0.9165279209223063;0.2913549459684123;0.7973915711196315;0.017350221048077943;14.198779582977295
0.5;0.5;7;149;2;2;0.12010044826741784;0.12010044826741792;0.12075722803724005;0.11904704232499771;0.10990136689294146;0.9778201099230133;0.9778174576573944;0.9914078258337197;0.9150094868315976;0.9149929098389395;0.9541147845779996;0.2960199004975124;0.8072426770770978;0.015873945779971053;13.614091157913208
0.5;0.5;8;144;2;2;0.11995991283609352;0.1199599128360932;0.11492231042786863;0.11320048442500757;0.10668944311407176;0.9165350159809902;0.9165250360584795;0.9587064492689089;0.850768481214222;0.8507393616551087;0.9113669663058444;0.3043114273754709;0.8245781789529268;0.013038774804687202;12.917259454727173
0.5;0.5;9;220;2;2;0.1198351154230027;0.11983511542300275;0.11362905327048002;0.11190534865730356;0.10116832295655062;0.886204419976452;0.8861908128881482;0.9399908795430091;0.9036803519346859;0.9036615749526442;0.9509537570272035;0.30150125104253545;0.8187275499649498;0.013976136850680186;14.334813594818115
0.5;0.6;0;162;2;2;0.11996571393417871;0.11996571393417878;0.11369635897632026;0.1119728047103214;0.10161898998894688;0.8841822016627903;0.8841683516042208;0.9387069344806231;0.8836946489588318;0.8836719765340161;0.9383618466218414;0.3045833333333333;0.825142934459927;0.013079365106111004;13.271911859512329
0.5;0.6;1;151;2;2;0.11983871075312162;0.11983871075312141;0.10887735742172483;0.10714418532221932;0.09866119378336399;0.9036227507856648;0.9036112250044066;0.9509396824851121;0.8960311835811176;0.8960109085985775;0.9446472644558827;0.3034081463009144;0.8227003498883463;0.013494011138750678;12.669355630874634
0.5;0.6;2;187;2;2;0.11970404497991705;0.1197040449799172;0.1252332881955525;0.1235323028274975;0.10964990323217927;0.8166634843093843;0.8166415628965763;0.8918183149372965;0.8440740794808269;0.8440436896172767;0.9113672337986852;0.29145936981757875;0.7976128643842859;0.01739880119259115;14.011730670928955
0.5;0.6;3;150;2;2;0.11979038875085533;0.11979038875085507;0.11449782636167632;0.11277515782245548;0.10595695293835415;0.9045542802253497;0.9045428665586175;0.9515857141317116;0.8656202882243735;0.8655940660435918;0.9206667178108978;0.3032069970845481;0.8222818268333326;0.013497384097566352;12.74289608001709
0.5;0.6;4;207;2;2;0.11987316051573275;0.11987316051573262;0.10900144627321162;0.10726860143102362;0.09862682675900072;0.9077503448405075;0.9077393130782029;0.9535250936327445;0.8931124907388593;0.8930916492423803;0.9435982469943538;0.30337078651685395;0.8226226266620932;0.013471168604149812;14.756940841674805
0.5;0.6;5;166;2;2;0.11988199051113572;0.11988199051113556;0.1255734209152709;0.12387261674497115;0.11481942340250835;0.8743836025890989;0.8743685815378518;0.9323004551986054;0.8345077280919612;0.8344754502873855;0.9031402478791336;0.2923904052936311;0.799584318314804;0.017165145699763608;13.19081449508667
0.5;0.6;6;174;2;2;0.11985214719262799;0.11985214719262784;0.11479566298736381;0.11307421712294068;0.10323642041025533;0.8892255146305494;0.8892122688946817;0.9419184201738547;0.9089033082151314;0.9088855491556439;0.9541148433274343;0.30054189245518964;0.8167244302411067;0.01428072978443317;13.088546752929688
0.5;0.6;7;143;2;2;0.11988471784832623;0.11988471784832626;0.12259491191705148;0.12088869910894826;0.11001803125584715;0.8793938991227382;0.8793794782304895;0.9355009719680792;0.8934547845176082;0.8934340158772223;0.9446473240710835;0.29563409563409565;0.8064306536939904;0.015908376541859878;13.359311819076538
0.5;0.6;8;209;2;2;0.1199463442128844;0.11994634421288432;0.11324570397551184;0.11152120272130153;0.10267932117826836;0.8986779088343625;0.8986657908943485;0.9477128492457406;0.9023218669138957;0.9023028236478898;0.9499012165145083;0.30414937759336097;0.8242414854859649;0.013318667598280418;14.626602172851562
0.5;0.6;9;211;2;2;0.11980552833885123;0.11980552833885148;0.12649715823639268;0.12479823011139622;0.11646435578073447;0.8482188164821434;0.8482006675591053;0.9144789801364178;0.8111068218397097;0.8110699843242305;0.8867985058806286;0.292046396023198;0.7988562146987517;0.017226265026016527;14.805635690689087
0.5;0.7;0;276;3;3;0.09283839949142188;0.09702797761470901;0.18937640969999495;0.18666192597106893;0.16124905097905695;0.5481076949562228;0.5480216031136534;0.5893274313156368;0.5839228180341091;0.5837941569436229;0.6199646577988984;0.20232088799192735;0.594723645914952;0.06797314126444987;17.906430959701538
0.5;0.7;1;179;2;2;0.11983839000371718;0.11983839000371731;0.11199327815948723;0.11026566862768097;0.10430286715485851;0.9087786447438444;0.9087677362384635;0.9541719970273945;0.8475532145074256;0.8475234637684016;0.9082775051837539;0.304837364470392;0.8256703508450085;0.01298317502826471;12.820668697357178
0.5;0.7;2;163;2;2;0.11967801434701661;0.11967801434701646;0.11469790395658341;0.11297627791205278;0.10146878560278537;0.8852681292591736;0.8852544105386728;0.9393488094427135;0.9285597635797401;0.9285458367012344;0.9657503641374094;0.3002502085070892;0.8161148145632056;0.014358575690039274;13.083943605422974
0.5;0.7;3;184;2;2;0.11983209552985391;0.11983209552985408;0.10873329711125182;0.10699987009165485;0.0983075489329354;0.8913884973305791;0.891375507965506;0.943204513056425;0.892242672519998;0.892221659527788;0.942549780925584;0.30398671096345514;0.8239034262223597;0.013344406198188427;15.41330623626709
0.5;0.7;4;239;3;3;0.09747000035204849;0.09258150590121582;0.13544232178098647;0.13256987882180438;0.0770031587846981;0.4351150930004828;0.43501055997025384;0.42059170299237286;0.4984857222680566;0.4983328595918695;0.5199815062572677;0.23634204275534443;0.6756117947083559;0.03705488977763078;25.54265809059143
0.5;0.7;5;161;2;2;0.11992282909269143;0.11992282909269156;0.11608621722747325;0.11436676851722292;0.10606730477104385;0.9488437264271219;0.9488376095686197;0.9769516680943717;0.8902137522990733;0.8901923333233066;0.9373161778027924;0.2980849292256453;0.8115808433711877;0.015083080562863664;13.934486865997314
0.5;0.7;6;189;3;3;0.10686070559487668;0.09628104218924113;0.11476046384295312;0.1116797546139862;0.0969330847737234;0.5708248644571633;0.5707437649809359;0.5982651119793011;0.6938990106387467;0.6937976781894669;0.7742946214381389;0.26972972972972975;0.7507794983162039;0.022421035836302873;14.48209261894226
0.5;0.7;7;174;2;2;0.11974560096828332;0.11974560096828321;0.12393229744042938;0.12222878946664759;0.10895160358285517;0.8579132167430696;0.8578962289685667;0.9208240844895001;0.8730326706250078;0.8730079250410504;0.9310553461916502;0.2939949958298582;0.8029753572817939;0.016354336185527125;13.20171332359314
0.5;0.7;8;177;2;2;0.1198432734308692;0.11984327343086926;0.11270558820604393;0.11097934697122185;0.10486609080092514;0.9098771978732786;0.9098664204527064;0.9548191124839773;0.8494537326208458;0.8494243520109941;0.9093067273192306;0.3044564764681383;0.8248794788614404;0.013127605023897836;13.311394214630127
0.5;0.7;9;311;2;2;0.1200625408925525;0.12006254089255244;0.11836531248829052;0.11665085651730012;0.10520723456994947;0.9586441141514431;0.9586391687412216;0.9821961667441284;0.9598863238502089;0.9598785043593764;0.9828006072618324;0.29523809523809524;0.8055966681581936;0.016169848573026287;18.990342140197754
0.5;0.8;0;275;2;2;0.11981489099649367;0.11981489099649371;0.11451996342181862;0.11279799134053918;0.10271197891617916;0.8902139940855777;0.8902008664414575;0.9425613705072935;0.9140954933406801;0.9140787467327839;0.9572811768262599;0.30041666666666667;0.8164627434643553;0.014331074027078575;15.916093349456787
0.5;0.8;1;186;2;2;0.11990542171339136;0.1199054217133914;0.11496919880730833;0.11324818333676527;0.10085036383703694;0.9098511474284667;0.9098403670823749;0.9548191148816892;0.9302591621011355;0.9302455681996553;0.9668116449353693;0.29821650767316465;0.8118567927360694;0.015153789280077719;13.548179388046265
0.5;0.8;2;170;2;2;0.12009881505765008;0.12009881505765002;0.1203197384602928;0.11860867376086776;0.10964392165873545;0.9793280168411538;0.9793255449113356;0.992067446556938;0.9200145853289067;0.9199989838985079;0.9562250878538033;0.2961426793861468;0.8075009947337624;0.015820893904594374;13.820367574691772
0.5;0.8;3;163;2;2;0.11982001564138575;0.1198200156413857;0.1083365923170987;0.10660241845280767;0.09891827203367888;0.8823018286329473;0.8822877529468279;0.937423871693192;0.8819816196597;0.8819586065766799;0.9362713036575727;0.3038237738985869;0.8235647203678774;0.013370256590098828;12.918206214904785
0.5;0.8;4;200;2;2;0.11979238542464556;0.1197923854246455;0.12356429672376583;0.12186006599893782;0.1085938645723016;0.8384680122392036;0.8384486984072314;0.907524742495206;0.8559952905902414;0.8559672241632165;0.9196313285884583;0.29182233291822335;0.7983817713872272;0.017232678907175565;14.360103130340576
0.5;0.8;5;168;2;2;0.11971457148326764;0.11971457148326743;0.12753015735107986;0.12583326366138076;0.11654305951420418;0.826218170906011;0.826197392701787;0.8987122634973395;0.8000195187176764;0.799980520478531;0.8786835649552006;0.29206481096800996;0.7988952001791161;0.017122419702760343;13.448532581329346
0.5;0.8;6;227;2;2;0.11979938503758153;0.11979938503758171;0.11065133817311039;0.10892172531829897;0.09995402464701554;0.8921813105144087;0.8921684174740627;0.9438479235643848;0.9030239918070566;0.9030050835616535;0.9499012039012534;0.3034597749062109;0.8228077506112882;0.013399679941440111;15.454035997390747
0.5;0.8;7;176;2;2;0.11977312186522865;0.11977312186522855;0.10968199633949055;0.10795050970975942;0.09804141938000896;0.8996052197378506;0.899593215697473;0.9483578141247531;0.8910577375908816;0.8910364965425611;0.9425498016945597;0.30183946488294316;0.8194330291896053;0.013804863259366265;13.824183702468872
0.5;0.8;8;139;2;2;0.1200238067986109;0.12002380679861084;0.12069165912536178;0.11898126009658956;0.11298531078316011;0.8823747194518279;0.882360655083244;0.9374239065771984;0.8400869222185068;0.8400557279108745;0.9062209002959252;0.30116959064327486;0.8180353843827457;0.014030457246129863;12.521140575408936
0.5;0.8;9;336;3;3;0.10618774478014151;0.09852054402764453;0.1346648472773595;0.13166775130508535;0.1149889306570419;0.5677085731223445;0.56762642967978;0.6029501552126267;0.6640585498024182;0.6639483451687113;0.7377326491054985;0.2448024948024948;0.695040745848761;0.04798048189781337;19.707898139953613
0.5;0.9;0;324;3;3;0.10397000321032578;0.09783386835639614;0.1366941409554125;0.13371187614616964;0.11462009108556648;0.500423031295165;0.5003284581238171;0.52956867360242;0.6433564091696609;0.6432399799484915;0.7173354839442051;0.2647362978283351;0.6813938974544702;0.05302500711645561;20.165518760681152
0.5;0.9;1;235;2;2;0.11992424799259829;0.11992424799259811;0.10826975269743305;0.10653543655511385;0.09812383718629092;0.8744118440700995;0.8743968197388421;0.9310216972034524;0.8772707849216498;0.8772468528093752;0.9331399248058384;0.3204166666666667;0.8576280493760781;0.00886810706510896;15.560343503952026
0.5;0.9;2;208;2;2;0.11994267820723051;0.11994267820723108;0.11608449810466928;0.11436555862186884;0.10594169233471298;0.8467204433662362;0.846702106907946;0.9125796136189314;0.8789812210601098;0.8789576287687522;0.935226970139093;0.3208176887776387;0.8584407101935538;0.008749102776862076;15.126498937606812
0.5;0.9;3;175;2;2;0.11962151465092544;0.11962151465092534;0.11549706317710372;0.1137770106584332;0.10419631947961655;0.8588966467780651;0.8588797644859298;0.920188417641753;0.8836946489588318;0.8836719765340161;0.9383618466218414;0.31921959319219595;0.8551992726471968;0.009230306315321686;13.577808380126953
0.5;0.9;4;164;2;2;0.11885352016641787;0.11885352016641784;0.12227559659326669;0.12056885998882966;0.1072302757676829;0.7987659218545944;0.7987418458297363;0.8774892505635952;0.8590278667346049;0.8590003913547575;0.9217031786358663;0.31948483589530535;0.8557378112319871;0.009149143540503127;13.153441905975342
0.5;0.9;5;152;2;2;0.11987646545639687;0.11987646545639673;0.11729680026944189;0.11558044237351806;0.1023795803235569;0.8325939731824978;0.8325739458684729;0.9024836102908604;0.846249554356767;0.8462195911900108;0.9123982265715629;0.3202832153269471;0.8573575042500918;0.008907966853407709;12.927803039550781
0.5;0.9;6;148;2;2;0.11953545554550621;0.11953545554550642;0.11310366734606161;0.11137830336344458;0.10455586456183728;0.8761895133160371;0.8761747019983206;0.9323003695549176;0.8445442790991163;0.8445139450109083;0.9072488897225945;0.32068390325271057;0.8581696521859145;0.008788675100309305;13.578579425811768
0.5;0.9;7;234;2;2;0.11979308523747507;0.11979308523747524;0.10793766866154932;0.10620268164853429;0.09802647473208642;0.8687496737508039;0.8687339716704209;0.9271909531101844;0.8874021199258795;0.8873801626020817;0.9394079145630618;0.32014987510407994;0.8570871297612083;0.008947922610754874;14.377423524856567
0.5;0.9;8;173;2;2;0.11901328714274233;0.11901328714274233;0.12126712769723316;0.11955838401442799;0.10759010987164479;0.8120435432170064;0.8120210563050113;0.8874448837322225;0.8742020696870222;0.8741775500452603;0.9320973749180547;0.31975051975051977;0.856277028504345;0.009068366440564031;14.031332731246948
0.5;0.9;9;174;2;2;0.11988824232619062;0.11988824232619102;0.11964108784916762;0.11792913099817479;0.10668808949493482;0.8617081867297842;0.861691639121947;0.92145960422371;0.9104270058130242;0.9104095455329342;0.9551697160469607;0.31816301199834507;0.8530518796210895;0.00955882641132677;14.454163312911987
0.5;1.0;0;163;3;3;0.09291171215508731;0.08432221841099871;0.08748085624289878;0.08435308684397666;0.06350105898181978;0.3333839646631621;0.3332604796109466;0.35449462842252616;0.4950794757715822;0.49491697012807745;0.598632251109369;0.36392606755895474;0.8995626694910323;0.003309397935012613;13.748417139053345
0.5;1.0;1;175;2;2;0.11923978235848427;0.11923978235848441;0.11968181208032758;0.11797007300172167;0.1029769312868271;0.7680158243207422;0.7679880271736761;0.8467391110057167;0.8444946742974441;0.8444643682843587;0.9113672478169821;0.353476821192053;0.916682157933465;0.002783633621120961;17.23308038711548
0.5;1.0;2;200;2;2;0.11929230299489514;0.11929230299489503;0.10693626395552112;0.10519951355233213;0.0957810350606217;0.7839358191068595;0.7839099422365524;0.8614306839864028;0.8424276215554455;0.8423969023041328;0.9103367804981743;0.3573221757322176;0.9252863947949342;0.0022317926609237947;16.031787872314453
0.5;1.0;3;187;2;2;0.11961262659862831;0.11961262659862812;0.11493846682993891;0.11321740848938028;0.10153768859021768;0.8201829373200976;0.8201613964434781;0.8855734835123863;0.8952153600432878;0.8951949359115623;0.9456969503932425;0.35538909696213067;0.9209842763641997;0.0024997953342297367;15.993581533432007
0.5;1.0;4;176;2;2;0.11024503178774223;0.1102450317877425;0.11564282112203936;0.11392254091871758;0.10610278158498815;0.7720625336290831;0.7720352332892798;0.8522337635565478;0.7954291056952896;0.7953891963653101;0.8736305270937473;0.3568742164646887;0.9242935982339956;0.0022922409349041342;15.339679479598999
0.5;1.0;5;184;2;2;0.11942092514711963;0.11942092514711966;0.11120667734950879;0.10947762297141381;0.10297356223405585;0.7962520533938093;0.7962276475829361;0.8694411808359619;0.8149777909002517;0.814941687500655;0.8867983396275085;0.35598165902459356;0.9223080051121181;0.0024156526198202515;16.40626835823059
0.5;1.0;6;160;2;2;0.11968432932055216;0.11968432932055206;0.11277916907939674;0.11105391184727628;0.10021036637408338;0.8162047140223977;0.8161826953280392;0.882459577232373;0.8886122322927579;0.8885905211102677;0.9415019775419923;0.3549459684123026;0.919991479803261;0.002563885983850215;15.025934219360352
0.5;1.0;7;203;2;2;0.11938387068597607;0.11938387068597593;0.11972791459349284;0.11801624521884109;0.10385156842328182;0.7887042061074054;0.7886788884166098;0.862045370047811;0.8577210969375769;0.8576933677540276;0.9206669687604359;0.3536231884057971;0.9170130901204445;0.0027612345596490437;15.140760660171509
0.5;1.0;8;230;2;2;0.11946509163601042;0.11946509163601045;0.10842564292667306;0.10669174636736625;0.09737041950118355;0.8017970170998832;0.8017732746049488;0.8731508520780236;0.866738475170151;0.86671249375659;0.9268929364487933;0.3556851311953353;0.9216461407381589;0.0024575368274714696;19.30528736114502
0.5;1.0;9;297;2;2;0.11939340774585899;0.11939340774585891;0.11204632215528816;0.11031879831096646;0.10438179277725029;0.798659044094185;0.7986349247996921;0.8706768362818159;0.8220915576707671;0.8220568370587958;0.8908697626480867;0.35538909696213067;0.9209842763641997;0.0024997953342297367;21.96145462989807
0.6;0.0;0;306;2;2;0.11982676681653705;0.11982676681653683;0.12295730984833565;0.12125187645522018;0.10880136732612739;0.8573542808968148;0.8573372237819;0.9208240492852383;0.8665274596298979;0.8665014450364393;0.9268929935545226;0.29049586776859504;0.795569667805652;0.01784611361458801;20.120737552642822
0.6;0.0;1;224;3;3;0.09559082363895041;0.09208890378858668;0.12723504092971352;0.12434407175691653;0.06734864516159529;0.452641094897149;0.45253877901597994;0.4850592815416298;0.47178796378650456;0.4716278043384923;0.485116720112687;0.23363544813695872;0.6693399887749131;0.05829569951831779;15.751353740692139
0.6;0.0;2;145;2;2;0.11962214761062422;0.11962214761062427;0.11538440616983762;0.11366419810429497;0.10087016521986499;0.8768951398591276;0.8768804213511802;0.9335800285200627;0.9302591621011355;0.9302455681996553;0.9668116449353693;0.2986198243412798;0.8127022893858318;0.014780279561013444;13.625427007675171
0.6;0.0;3;174;2;2;0.11985682205894839;0.11985682205894849;0.10895424366676615;0.10722127105713984;0.0991022083159582;0.8873593318862979;0.8873458606542068;0.940633143500936;0.8819816196596998;0.8819586065766798;0.9362713036575727;0.30398671096345514;0.8239034262223597;0.013344406198188427;14.745217323303223
0.6;0.0;4;329;3;3;0.09669117567798964;0.0925420319514687;0.13259107004657364;0.12971963971227005;0.07498196530810186;0.41989239186445576;0.41978508405304304;0.3986760915720807;0.4802309534919339;0.4800735382857783;0.48220356969223166;0.20921770770163736;0.611489236580426;0.052803367240429264;20.247303009033203
0.6;0.0;5;292;3;3;0.10585870222313891;0.0955058907476923;0.105525653359131;0.10242447859705449;0.09197977622895488;0.5562944698974915;0.5562108923690613;0.5813073344728111;0.6746721574128086;0.674565231555889;0.7607445023466702;0.28092358438702586;0.7751037802896557;0.018238726205574957;18.35144853591919
0.6;0.0;6;152;2;2;0.11991591062577767;0.1199159106257778;0.1092887022847915;0.1075564841672654;0.0974746338830607;0.9066597352339155;0.9066485733433954;0.9528784169291298;0.8890954618924687;0.8890738393223079;0.9415019390228447;0.30266444629475436;0.8211523188294408;0.013671075404362638;14.93253207206726
0.6;0.0;7;178;2;2;0.11986833422687583;0.11986833422687596;0.11518635795231993;0.11346567186753587;0.10309143274146713;0.8872203848861046;0.8872068993890782;0.94063317472259;0.9054479513130663;0.905429518640876;0.9520068685851486;0.3016270337922403;0.8189899626412207;0.01392642590619595;14.226423025131226
0.6;0.0;8;167;2;2;0.11967563659694071;0.11967563659694073;0.126395630226254;0.12469692607546505;0.1095747043686296;0.8228151923018707;0.8227940075197787;0.8962023113263073;0.8516878807526417;0.8516589757365874;0.9165279300829301;0.2912339011217283;0.7971350101250628;0.01740564392118895;16.619354248046875
0.6;0.0;9;147;2;2;0.1198864174610821;0.11988641746108213;0.12110913888188983;0.11939946109763784;0.11311286595854332;0.8814890927700152;0.8814749228227443;0.9367827137787899;0.8473912772304732;0.8473615037150901;0.9103366118659519;0.3004596740493105;0.8165526225141058;0.014235294465949032;15.47462511062622
0.6;0.1;0;215;2;2;0.1201027517346573;0.12010275173465715;0.12010543584375787;0.11839399616438827;0.10901975878554032;0.9707055962573795;0.9707020932693228;0.9881130133956239;0.9126717952365567;0.9126547626422561;0.9530605070266266;0.29721876297218763;0.8097629022820363;0.015447266600812859;15.678614139556885
0.6;0.1;1;248;2;2;0.11978719585625078;0.11978719585625061;0.11391425297842944;0.11219111278438464;0.10150881499939679;0.8861602459816516;0.8861466331666504;0.9399908736327883;0.9053471062752376;0.905328654487977;0.9520068721997553;0.30154102457309456;0.8188105324751317;0.013998935521442477;18.09413504600525
0.6;0.1;2;182;2;2;0.11968626632821183;0.11968626632821167;0.12728879378746885;0.12559146756454925;0.11488663897497149;0.844898887778973;0.84488034352272;0.9119471140134346;0.8260382197383465;0.8260042973112043;0.8980174759881062;0.29081844619858743;0.7962540653120429;0.017548207115410684;16.30856990814209
0.6;0.1;3;197;3;3;0.10602998760607552;0.09788477243140212;0.13462660526646072;0.13163907523912768;0.11741450184688716;0.5554571946382871;0.5553730880565209;0.5861313693791326;0.6605017398924016;0.6603910342902277;0.7280394047673316;0.23957219251336898;0.6830609507298063;0.036545424151119235;15.971150875091553
0.6;0.1;4;153;2;2;0.11981215473592526;0.11981215473592544;0.11421083250854047;0.11248824933155901;0.10190067056206208;0.8861772220701188;0.8861636115095267;0.9399908766165892;0.9054479513130663;0.905429518640876;0.9520068685851486;0.30070803831736775;0.8170715507193183;0.014253375655993716;11.413617134094238
0.6;0.1;5;186;2;2;0.11980986162172999;0.1198098616217299;0.12378896413896277;0.12208517028030809;0.10928468743529934;0.8402520491952816;0.8402329486745579;0.908787177897817;0.8590278667346046;0.8590003913547574;0.9217031786358663;0.29128630705394193;0.7972460931917973;0.017429910226762296;14.722250699996948
0.6;0.1;6;163;2;2;0.11965788397925944;0.11965788397925932;0.12549914777013904;0.12379870717169511;0.1091328886186512;0.8201595758535724;0.8201380730998961;0.8943221400962709;0.8502688919176359;0.8502397106484848;0.9154946292057795;0.28926647326978866;0.7929581870254457;0.018173789155066226;15.813484907150269
0.6;0.1;7;252;3;3;0.09105815585601237;0.09741412086794256;0.1919982752771502;0.18929906305897298;0.16602293599803716;0.5336681735231117;0.5335802822589714;0.5595113165241189;0.5701815649091698;0.5700492118800908;0.6020360657236823;0.20344456404736275;0.5974683120300712;0.05952227685964942;18.8705837726593
0.6;0.1;8;202;2;2;0.11983661025259328;0.11983661025259315;0.1130364549257624;0.11131085739585632;0.10469458069650248;0.9089355635538405;0.9089246730326952;0.9541719871238941;0.8526489072184555;0.8526201501788848;0.9113669316890057;0.3027408637873754;0.8213114653189914;0.013716992431229369;16.087016820907593
0.6;0.1;9;153;2;2;0.1198851582529557;0.11988515825295583;0.11538057961830418;0.11366033773020447;0.1013163891097205;0.9187267275286486;0.918717009669465;0.9600039768076759;0.943559637761469;0.9435486359573874;0.9742568456776215;0.29833333333333334;0.812101755337408;0.014979901656886424;13.439109325408936
0.6;0.2;0;285;3;3;0.10609563026469646;0.09596268484888949;0.10946299230642262;0.10637551699251743;0.09955945593245781;0.5573207812258627;0.5572372240281759;0.587148336003867;0.645036824503227;0.6449201556735891;0.7372123475434557;0.28532608695652173;0.7845543491303966;0.01703848456532349;16.42833161354065
0.6;0.2;1;186;2;2;0.1198415497882412;0.119841549788241;0.11174059137889528;0.11001252484769333;0.10408008906949058;0.9068119241622948;0.9068007796721952;0.9528784067460847;0.8500867632579454;0.8500575084608012;0.9103365559123283;0.3038237738985869;0.8235647203678774;0.013370256590098828;14.16049075126648
0.6;0.2;2;165;2;2;0.1196914367731167;0.11969143677311637;0.12573086425724048;0.12403088728822385;0.10929565659809175;0.8175741440693693;0.8175523320284375;0.8924439471019584;0.8474550814730385;0.8474253524057149;0.913429775378234;0.29128630705394193;0.7972460931917973;0.017429910226762296;14.656830310821533
0.6;0.2;3;143;2;2;0.11992534492647339;0.11992534492647351;0.1254265117835519;0.12372582286705507;0.11123170240902504;0.8573754541801345;0.8573583998728506;0.9208240531463524;0.8556276583736964;0.8555995169162922;0.9196313039442163;0.2960963455149502;0.8074035174619769;0.015796943651663002;12.94061017036438
0.6;0.2;4;356;3;3;0.10569581571654238;0.09558621759570778;0.12604842166949995;0.12303034939809086;0.11256215582208409;0.5696331559031115;0.5695519365001593;0.5942344534884699;0.6442606188836825;0.6441445403682987;0.730805748499948;0.24622030237580994;0.6982708527491829;0.03301860963394612;17.70189642906189
0.6;0.2;5;239;2;2;0.11993081493404777;0.11993081493404778;0.11751092749266603;0.11579481005635671;0.10519733480943903;0.9296737314273926;0.9296653215420427;0.9665047624638611;0.9475488290467036;0.947538604567429;0.9763892889118733;0.29606625258799174;0.8073402041812094;0.015898150009522626;16.35176706314087
0.6;0.2;6;220;2;2;0.11979231790759938;0.11979231790759938;0.10888466430059043;0.10715158048968554;0.09847651217585165;0.8993449431665209;0.8993329068604043;0.948357799310659;0.8915841408523464;0.8915630009779093;0.9425497915573234;0.3041301627033792;0.8242015568476251;0.013179376336449708;14.1585533618927
0.6;0.2;7;189;2;2;0.11977971859373528;0.11977971859373543;0.1115186978673086;0.10979074866319215;0.10089651468007091;0.8891572543472062;0.8891439997998496;0.9419184115932848;0.9033318616895984;0.903313012820557;0.9499011994812225;0.3035863219349458;0.8230709648629232;0.013350972773598507;14.094338417053223
0.6;0.2;8;165;2;2;0.12001513604513542;0.12001513604513563;0.11755282318723821;0.11583680547090361;0.10583842439714343;0.8953077606408082;0.8952952421827416;0.945779420331545;0.9069638017402633;0.9069456663849047;0.9530605765700684;0.3010842368640534;0.8178571964411637;0.014103002925014547;13.571425437927246
0.6;0.2;9;172;2;2;0.11988051236374879;0.11988051236374897;0.11407289987645476;0.11234935355731981;0.10497366708719003;0.9285964535595409;0.9285879146227088;0.9658536928256413;0.8684387430712384;0.8684130689098736;0.9217029221186406;0.30053964300539643;0.8167197299664177;0.014400673951264993;13.95502781867981
0.6;0.3;0;251;2;2;0.1198372757141424;0.11983727571414249;0.11483950966097321;0.113118187933205;0.10246316796192488;0.8962600840811914;0.8962476785712334;0.9464236759505044;0.9157342641110384;0.9157178376837974;0.9583377906222932;0.30158069883527455;0.8188933028216568;0.014021896234995099;16.08103895187378
0.6;0.3;1;172;2;2;0.11991868233909574;0.11991868233909536;0.11338043642792289;0.1116556925696302;0.10598054492162554;0.9153928806379963;0.9153827623562782;0.9580579920635391;0.8604440863326536;0.8604168580948428;0.9185960571318026;0.30328209389281263;0.8224380928434344;0.013543052688602737;13.601502180099487
0.6;0.3;2;160;2;2;0.11975541110318302;0.11975541110318322;0.11699078889410672;0.1152736782389203;0.10374017672932827;0.9111647800583288;0.9111541580961905;0.9554664696286416;0.9556464538559356;0.9556378081101314;0.9806611719566272;0.2968359700249792;0.8089587088278747;0.015481116192343936;12.961524724960327
0.6;0.3;3;178;2;2;0.11977192107450337;0.11977192107450346;0.12379662406697046;0.12209283778935723;0.10847870908967346;0.8611338407406931;0.8611172361051344;0.9233682287542934;0.8824464389523903;0.8824235275841187;0.9373163381830903;0.28937577511368334;0.7931905677859947;0.01822355999112081;14.366999626159668
0.6;0.3;4;212;2;2;0.11991257749277719;0.11991257749277691;0.11188417485311966;0.11015701511549739;0.1011620371896555;0.893584679294821;0.8935719520890604;0.9444915073104051;0.9007112012649819;0.9006918436765924;0.9488492661243323;0.30456431535269707;0.8251034412934367;0.013195844203075631;15.383427619934082
0.6;0.3;5;204;2;2;0.11984880323307892;0.11984880323307881;0.11421945397675286;0.11249690729649524;0.10170738064084972;0.8861772220701191;0.8861636115095268;0.9399908766165892;0.9019322697274691;0.9019131522464823;0.9499012281575072;0.30179241350562735;0.8193349068154936;0.013899470558251047;15.494369745254517
0.6;0.3;6;150;2;2;0.11979435833109528;0.11979435833109545;0.1186293403104015;0.11691541600260603;0.10722560895022025;0.8651018427528496;0.8650857135546427;0.9259159232388022;0.8709494333902227;0.8709242778278882;0.9300138580209102;0.29949874686716793;0.8145430087353074;0.014543006464202549;13.003855466842651
0.6;0.3;7;169;2;2;0.11993517076676098;0.11993517076676127;0.11515319099250669;0.11343252465496935;0.10148377567272214;0.9217999695109913;0.9217906184494284;0.9619519048275958;0.939701068271035;0.9396893146359574;0.9721267332223525;0.29883624272651704;0.8131557636044471;0.01489549709309175;13.798083305358887
0.6;0.3;8;171;2;2;0.11970281412009005;0.11970281412009003;0.12608032879100975;0.12438099049484211;0.11027082833500862;0.8158325333029579;0.8158105126988915;0.8911929117677688;0.844074079480827;0.8440436896172768;0.9113672337986852;0.291044776119403;0.7967340533117768;0.017541196140963604;13.762685775756836
0.6;0.3;9;142;2;2;0.1196914367731167;0.11969143677311637;0.12573086425724048;0.12403088728822385;0.10929565659809175;0.8175741440693692;0.8175523320284372;0.8924439471019584;0.8474550814730385;0.8474253524057149;0.913429775378234;0.29128630705394193;0.7972460931917973;0.017429910226762296;12.989553451538086
0.6;0.4;0;253;2;2;0.11986833422687583;0.11986833422687596;0.11518635795231993;0.11346567186753587;0.10309143274146713;0.8872203848861046;0.8872068993890782;0.94063317472259;0.9054479513130663;0.905429518640876;0.9520068685851486;0.3016270337922403;0.8189899626412207;0.01392642590619595;15.481748342514038
0.6;0.4;1;206;2;2;0.12006636232366244;0.1200663623236624;0.1190854810808832;0.11737204370954235;0.10822500020659924;0.9903468196525208;0.990345665327668;0.9966909311244591;0.9230467352917718;0.9230317259259435;0.9583377310938007;0.2965574450435504;0.8083732690617995;0.015686235454654883;15.17604660987854
0.6;0.4;2;278;2;2;0.11980986162172999;0.1198098616217299;0.12378896413896279;0.12208517028030813;0.10928468743529934;0.8402520491952816;0.8402329486745579;0.908787177897817;0.8590278667346049;0.8590003913547575;0.9217031786358663;0.29128630705394193;0.7972460931917973;0.017429910226762296;17.963502407073975
0.6;0.4;3;171;2;2;0.11971137118578154;0.11971137118578154;0.1253181771599162;0.12361737104266173;0.10903526035096375;0.8468686047340698;0.846850296475184;0.9132126268861993;0.8684109784675993;0.8683853324013345;0.9279327159725088;0.29345560650270947;0.8018363851438056;0.01654637538778856;13.88933777809143
0.6;0.4;4;164;2;2;0.11976439511833328;0.11976439511833324;0.12453782510473507;0.12283551524328894;0.10860163416865186;0.8411736192685658;0.8411546290745737;0.9094187265680982;0.8654746741617894;0.8654484563651591;0.9258538783282371;0.2903359601824969;0.7952302735212207;0.017771755163096918;14.1758873462677
0.6;0.4;5;197;2;2;0.11982344808399216;0.11982344808399191;0.1276854489346254;0.12598888200633854;0.11496049176862523;0.8667596487143022;0.8667437165205808;0.9271910627618112;0.8304139798206123;0.8303809100535321;0.901089418370967;0.29127016963177493;0.7972118882093011;0.017534770700716143;15.389599561691284
0.6;0.4;6;178;2;2;0.11974892289479543;0.1197489228947957;0.12560876467766996;0.12390851658357335;0.11001173578427027;0.8209935560369809;0.8209721528435417;0.8949486399959504;0.8368380309456251;0.836806231125752;0.9062211127906226;0.29075072583990047;0.7961104149963674;0.01762831249940728;16.11631488800049
0.6;0.4;7;438;3;3;0.10580549152527093;0.09598050352452792;0.12495724014709227;0.1219505755621901;0.10874401372038907;0.5756165868502315;0.5755364605089623;0.5981502881489005;0.6863839962118161;0.6862826011312987;0.7485029210443561;0.24395486297689414;0.6931061196789453;0.03406007142559505;22.569804668426514
0.6;0.4;8;180;2;2;0.1197368599672218;0.11973685996722147;0.12785842895308144;0.12616225782381854;0.11477019311630213;0.8394437948556868;0.8394245981078298;0.9081558564948307;0.8145140493945657;0.8144778823549073;0.8898512733385335;0.29057700290577004;0.7957418401172458;0.017659785523882233;13.981398105621338
0.6;0.4;9;158;2;2;0.11993575971776228;0.11993575971776234;0.10843660228486904;0.10670264706148294;0.09771162471472976;0.8932263031184434;0.8932135344848658;0.9444915260997653;0.8752693364098135;0.8752450153318135;0.9320973074850584;0.30337078651685395;0.8226226266620932;0.013471168604149812;13.869266986846924
0.6;0.5;0;173;2;2;0.11972980138726257;0.11972980138726304;0.12408632312489086;0.12238312857811232;0.10789300528728414;0.8403071946611492;0.8402881010094151;0.9087871818662254;0.8638426484562004;0.8638161123211073;0.9248153295971251;0.2909921129099211;0.7966223831089052;0.017516782620825275;15.200736045837402
0.6;0.5;1;205;2;2;0.11973408903512373;0.11973408903512354;0.128157931170814;0.12646229532342934;0.11545356730380843;0.8394437948556868;0.8394245981078298;0.9081558564948307;0.8092932690705259;0.8092560813895551;0.8857821250513029;0.29057700290577004;0.7957418401172458;0.017659785523882233;14.165581703186035
0.6;0.5;2;350;3;3;0.10614659206998897;0.09609596241850767;0.12499938107002359;0.12198697476351689;0.1100234444763269;0.5793906313091542;0.5793111355062562;0.6028021963811069;0.6966336830780326;0.6965352551035842;0.7581296710418679;0.24865446716899892;0.7037993583664576;0.03151072563573641;20.093799352645874
0.6;0.5;3;192;2;2;0.11981223038365352;0.11981223038365339;0.1085644729111719;0.1068307422461498;0.09786762333268473;0.8972825118323843;0.8972702286928625;0.9470681644578052;0.8918963312894507;0.8918752515330972;0.9425497863032666;0.30333333333333334;0.8225447046552103;0.013448483689548943;14.445461988449097
0.6;0.5;4;197;2;2;0.11969397859276372;0.11969397859276358;0.11377655272220291;0.11205312500672233;0.10198393657265128;0.879393899122738;0.8793794782304893;0.9355009719680792;0.912396340727344;0.91237926262532;0.9562251486111709;0.30267558528428096;0.8211755179668763;0.013554383206815117;14.685462474822998
0.6;0.5;5;171;2;2;0.11980962580307436;0.11980962580307469;0.12495195602745296;0.12325044468448557;0.10911044591077289;0.8403071946611492;0.8402881010094151;0.9087871818662254;0.8516878807526418;0.8516589757365876;0.9165279300829301;0.29206481096800996;0.7988952001791161;0.01712241970276035;14.243532180786133
0.6;0.5;6;156;2;2;0.1197753514984721;0.1197753514984719;0.11640085357279344;0.11468256810255056;0.10286730316756199;0.9068996460171272;0.9068885140760377;0.9528784330147274;0.9416746002801858;0.9416632305588549;0.9731914943537757;0.2968359700249792;0.8089587088278747;0.015481116192343936;12.90302062034607
0.6;0.5;7;159;2;2;0.11975919941764163;0.11975919941764197;0.11387561938321693;0.11215236401722462;0.10109411163602193;0.8984110064400638;0.8983988591449715;0.9477128825437567;0.9090459305589466;0.9090281987651851;0.9541148397728509;0.30012505210504375;0.815853155437023;0.014409043244354693;12.742675065994263
0.6;0.5;8;181;2;2;0.11988509281749404;0.11988509281749408;0.11771323248802089;0.11599755301754679;0.10491197689123523;0.8864949444082597;0.8864813730921166;0.9399908933143928;0.9122179192370927;0.9122008087320634;0.9562251641537263;0.2978723404255319;0.811134878991645;0.015088396586050087;13.443483114242554
0.6;0.5;9;169;2;2;0.11986603727312366;0.11986603727312374;0.11283551916073706;0.11110963352389287;0.1037242981051201;0.9143451847038448;0.9143349410312904;0.9574097750641588;0.860351080295876;0.8603238305901468;0.9175615602833644;0.3026151930261519;0.8210497344505021;0.01376644874231863;13.263004541397095
0.6;0.6;0;189;2;2;0.11994433206767174;0.11994433206767151;0.110490658912411;0.10876081037435888;0.10039722501992067;0.8944057222398818;0.8943930938387211;0.9451353447057497;0.9005344073920882;0.9005150159486149;0.9488492702519279;0.30411300373909433;0.8241658994387415;0.0132957080646438;13.56306767463684
0.6;0.6;1;167;2;2;0.1199157213975648;0.11991572139756485;0.10950458120001982;0.10777270303320999;0.09921287643636854;0.8873593318862979;0.8873458606542068;0.940633143500936;0.8784728473998714;0.8784491509705218;0.9341831432140835;0.3034454130344541;0.8227778750936406;0.013517012010507992;13.622417211532593
0.6;0.6;2;261;3;3;0.10593706896173347;0.09604090573787562;0.12289909638190932;0.11986768371401321;0.10504554436873745;0.5687255914830286;0.5686442081137237;0.5918471975073357;0.6736934355609671;0.6735868149303874;0.7474789119001725;0.24371993586317478;0.6925694577331818;0.034596656423389986;18.129218101501465
0.6;0.6;3;166;2;2;0.11985918739646279;0.11985918739646269;0.12765044851150487;0.12595378877981908;0.11561125157789787;0.8648292441210412;0.8648130805715922;0.9259158989409318;0.8220722223085845;0.8220375245721828;0.8949507576669996;0.2923904052936311;0.799584318314804;0.017165145699763608;15.786668062210083
0.6;0.6;4;264;2;2;0.11986833422687583;0.11986833422687596;0.11518635795231993;0.11346567186753587;0.10309143274146713;0.8872203848861046;0.8872068993890782;0.94063317472259;0.9054479513130663;0.905429518640876;0.9520068685851486;0.3016270337922403;0.8189899626412207;0.01392642590619595;17.994004487991333
0.6;0.6;5;184;2;2;0.120123798691836;0.12012379869183595;0.12015879863862579;0.1184474489413728;0.10927003823807116;0.9778197706007247;0.9778171182495312;0.9914078253941719;0.91895653152756;0.9189407243870714;0.9562250925636828;0.29631164525486947;0.8078564063577959;0.015791996856297875;15.900806903839111
0.6;0.6;6;149;2;2;0.11998040423181343;0.11998040423181358;0.11952124918773305;0.11780851342819572;0.1095836188571667;0.9668519443962564;0.9668479807543799;0.9861387594032068;0.9124740448039194;0.9124569695389382;0.9499011322104107;0.2956810631229236;0.8065295344405935;0.015932184445647722;14.474733352661133
0.6;0.6;7;160;2;2;0.11987069385183108;0.11987069385183115;0.11659371648490274;0.11487583367778842;0.10418510074215391;0.8729109235328125;0.8728957284618861;0.9310218178389856;0.8804340440502776;0.880410737303651;0.9362713602258338;0.3016338500209468;0.8190041814638155;0.013809791947371516;14.431122064590454
0.6;0.6;8;190;2;2;0.11997681562061063;0.11997681562061091;0.11323362920640379;0.11150913558565133;0.1018867864121118;0.8882744011401817;0.8882610397222194;0.9412756618924271;0.8970201033975393;0.8970000274361406;0.9467471257999369;0.3038237738985869;0.8235647203678774;0.013370256590098828;15.194922924041748
0.6;0.6;9;164;2;2;0.1197932623380903;0.11979326233809051;0.11133364795802493;0.10960473759805525;0.1042288871587311;0.9046024756114937;0.9045910673065103;0.9515857089930997;0.846294370190952;0.846264372999922;0.907248853497385;0.30432972522897583;0.8246161914439936;0.01317594163348984;14.307560920715332
0.6;0.7;0;171;2;2;0.08771246638507843;0.08771246638507864;0.09880636429962963;0.09705283771137417;0.07018481569802476;0.00021289176998149823;9.333647223723504e-05;8.58841441822755e-05;0.001766383461912232;0.001571498351591863;0.0024100874994782426;0.25831533477321816;0.725530334850111;0.028887318530997727;15.176412105560303
0.6;0.7;1;174;2;2;0.11977926956647561;0.11977926956647597;0.12713271924169534;0.1254350272574593;0.11593183964294193;0.8519048005780333;0.8518870926740879;0.9170143828408637;0.8138745066870265;0.8138382089191147;0.8888330704404912;0.2922885572139303;0.7993687948814266;0.01711590671438353;15.120557069778442
0.6;0.7;2;173;3;3;0.10723641747441122;0.09573498183122435;0.12138497968048999;0.11833089259472163;0.10398880768782993;0.5654867364473882;0.5654046324109337;0.593103292665434;0.6817469037418703;0.6816417865050248;0.7589431703060102;0.2520150456743686;0.7113966202658483;0.030015190739146852;15.277366638183594
0.6;0.7;3;172;2;2;0.12001770623591948;0.12001770623591948;0.11492164895393142;0.11320046780787102;0.10294361189247604;0.8993434620475333;0.8993314253600958;0.9483577966688113;0.9053471062752376;0.905328654487977;0.9520068721997553;0.30333333333333334;0.8225447046552103;0.013448483689548943;14.838289260864258
0.6;0.7;4;163;2;2;0.11975393780163462;0.1197539378016344;0.12612130481888473;0.12442204620067339;0.10998075263030974;0.8306639359006815;0.830643689679874;0.9018546502760936;0.849993952931705;0.8499647168477562;0.9154946201136002;0.29081844619858743;0.7962540653120429;0.017548207115410684;14.574076890945435
0.6;0.7;5;207;2;2;0.11979179211637539;0.11979179211637554;0.1131342335847196;0.11140949409579778;0.1011966592648515;0.904610913739923;0.9045995076051706;0.9515857238534067;0.923798322310963;0.9237834656049136;0.9625700387706989;0.30041666666666667;0.8164627434643553;0.014331074027078575;16.185853958129883
0.6;0.7;6;150;2;2;0.11978662607034235;0.11978662607034248;0.12352194254498032;0.12181765733045884;0.10799465265889384;0.856494116783626;0.8564769574965913;0.9201885641682928;0.8654746741617891;0.865448456365159;0.9258538783282371;0.2900289615225486;0.7945784514011209;0.017965256167086295;14.041740417480469
0.6;0.7;7;172;2;2;0.12010594886135909;0.12010594886135913;0.1173771054840916;0.11566075497968228;0.10506714566869192;0.9056012016888741;0.9055899133130482;0.9522319571067724;0.9052511236355337;0.905232654678454;0.9520068824239256;0.30062370062370064;0.8168953591562048;0.01432682209127678;14.521545886993408
0.6;0.7;8;160;2;2;0.11980870499135353;0.11980870499135331;0.11480636688898808;0.1130850347783347;0.10079095968855283;0.8822110919254342;0.8821970071077941;0.9374238947298044;0.8984981346459261;0.8984783498770699;0.9477979292596325;0.30179241350562735;0.8193349068154936;0.013899470558251054;14.140247821807861
0.6;0.7;9;223;2;2;0.11981272902345305;0.11981272902345272;0.11409901376556056;0.11237620305724244;0.10246497800653438;0.8912416173242789;0.8912286126616482;0.9432045429257688;0.9177868562917797;0.9177708288150195;0.9593949747401445;0.30054189245518964;0.8167244302411067;0.01428072978443317;16.227433681488037
0.6;0.8;0;227;2;2;0.11981730764593228;0.11981730764593253;0.11424514424588986;0.11252265717757438;0.10192237649248029;0.8993434620475333;0.8993314253600958;0.9483577966688113;0.9175452351670981;0.9175291615347189;0.959394980856486;0.30062370062370064;0.8168953591562048;0.01432682209127678;15.683775901794434
0.6;0.8;1;176;2;2;0.11996927453366767;0.11996927453366785;0.1158543698669512;0.11413513979616051;0.10285843409223376;0.8946837137498688;0.8946711217096511;0.9451353856258147;0.9199032599225894;0.919887648945832;0.9604527745459192;0.29974916387959866;0.8150669990915218;0.014441812807492863;13.023409605026245
0.6;0.8;2;187;2;2;0.12007138594712989;0.12007138594712993;0.12043032297663057;0.11871944477300858;0.1099135082578615;0.9764911333553975;0.9764883222409638;0.9907484253290875;0.9170221630109098;0.9170059772016308;0.9541147746053915;0.2974657249688409;0.810281482430792;0.015342726787194672;12.923540830612183
0.6;0.8;3;319;3;3;0.105386526559118;0.09790427293411363;0.1326744056828155;0.12966117855046086;0.11494262731325819;0.5289246300978387;0.5288359099655966;0.5524272169280371;0.661985692209773;0.6618741621544812;0.7332138437932398;0.24581307401404645;0.6973438411105535;0.03512820458454282;19.943061590194702
0.6;0.8;4;182;2;2;0.1200083848313803;0.12000838483138002;0.11676509875215003;0.11504698621482261;0.10717089179019264;0.969301661520264;0.96929799055847;0.9874547078820675;0.9028464650649152;0.9028275111364924;0.9446472049001091;0.2979253112033195;0.8112460136571993;0.015233900971898702;12.93447732925415
0.6;0.8;5;224;3;3;0.10496947755663352;0.09671396907870329;0.13333937421680775;0.1303596076506513;0.11181574925989564;0.5582105480768156;0.5581273427929352;0.5786467822712708;0.6580554438812712;0.6579447679989208;0.7269688630739558;0.24810400866738894;0.7025510369936935;0.03401557819617707;15.647487878799438
0.6;0.8;6;277;2;2;0.11985613964893853;0.11985613964893847;0.11238800328514362;0.11066183403121466;0.10116203122487911;0.9173903891300281;0.9173805106103485;0.9593550925276135;0.9272162107432961;0.9272020208625527;0.9646896696138757;0.30291666666666667;0.8216775201846243;0.013572737569214684;17.280648231506348
0.6;0.8;7;192;2;2;0.11986833422687583;0.11986833422687596;0.11518635795231993;0.11346567186753587;0.10309143274146713;0.8872203848861046;0.8872068993890782;0.94063317472259;0.9054479513130663;0.905429518640876;0.9520068685851486;0.3016270337922403;0.8189899626412207;0.01392642590619595;13.469112396240234
0.6;0.8;8;208;2;2;0.11979976695816824;0.11979976695816831;0.10804530455442506;0.10631052688426616;0.09866496341696215;0.880290314364304;0.8802759983817807;0.9361416997704134;0.8808187199869206;0.880795478857033;0.935226919961364;0.3046192259675406;0.8252174667745484;0.01310188629848135;14.02074384689331
0.6;0.8;9;163;2;2;0.11995687275227375;0.11995687275227368;0.11511060503850316;0.1133898730583728;0.10078154493993925;0.9413275469732314;0.9413205310530112;0.9730274985683122;0.9558222768052251;0.9558136657821871;0.9806611745367217;0.2978811798919817;0.8111534251522219;0.015210187210338726;12.811327457427979
0.6;0.9;0;300;3;3;0.1019256218595592;0.09345840262099733;0.13590878844205478;0.13296112853307343;0.11177764486277206;0.47276578991791507;0.4726669426141023;0.4931646550177497;0.6244222879207002;0.6243024127725825;0.6895060982346691;0.2755651237890204;0.763513096463745;0.027703119059895143;18.016915559768677
0.6;0.9;1;209;2;2;0.11988265232093294;0.11988265232093274;0.12258707572902332;0.12088084768257173;0.10909848280525594;0.8415458209883697;0.8415268646122943;0.9087870248739831;0.8804340440502776;0.880410737303651;0.9362713602258338;0.3202832153269471;0.8573575042500918;0.008907966853407709;14.068660736083984
0.6;0.9;2;208;2;2;0.11968823127254584;0.11968823127254585;0.11411149447199706;0.11238879365292603;0.10135452273330782;0.8657616635520687;0.8657456041940556;0.9252785471194303;0.8852687905882385;0.8852464265680661;0.9394079789735627;0.3202832153269471;0.8573575042500918;0.008907966853407709;14.519432544708252
0.6;0.9;3;162;2;2;0.11982315883709903;0.11982315883709901;0.12524528706717156;0.1235439494623054;0.11469166598179295;0.8335160502301768;0.8334961302681293;0.9024835666519926;0.8192592579817723;0.8192240116885574;0.8929092016762352;0.3186904268545379;0.8541242264213674;0.00939379132973623;12.907782077789307
0.6;0.9;4;151;2;2;0.11986582752847418;0.11986582752847413;0.11050110549411521;0.10877121186435003;0.10159668674296615;0.8633608237875693;0.8633444762204033;0.9233680984704646;0.8812368898159121;0.8812137339450286;0.936271320730913;0.3196176226101413;0.8560073349520602;0.009108706819043154;12.608184337615967
0.6;0.9;5;353;3;3;0.09495967769456004;0.08843905354528374;0.13256945711569523;0.12964097505912936;0.1285803541688738;0.434285469784936;0.43418050900979926;0.4431415195305923;0.5323205709812816;0.5321739718787614;0.5878045402185643;0.3613267466478476;0.9380643020316617;0.0012589827021582361;21.2481746673584
0.6;0.9;6;165;2;2;0.11888363990927225;0.11888363990927213;0.12374582438679455;0.12204195381736764;0.10706491775846864;0.7978825594685114;0.7978583780549074;0.8768688928560169;0.8606197092527618;0.8605925444167077;0.9227399797525674;0.3196176226101413;0.8560073349520602;0.009108706819043154;12.935002326965332
0.6;0.9;7;168;2;2;0.11965810582422347;0.11965810582422363;0.11684470213243559;0.11512735880349821;0.10491037519390285;0.8663503359294255;0.8663343458314058;0.9252785307219202;0.903693879583545;0.9036751082765273;0.950953777290996;0.31948483589530535;0.8557378112319871;0.009149143540503127;13.168897151947021
0.6;0.9;8;228;3;3;0.09516067686195598;0.09128006441028962;0.10768351786042328;0.10471705448747316;0.04737341694072952;0.41549599485664346;0.4153862439720937;0.4426839005186571;0.5152888263463654;0.5151408967817448;0.5335854792664896;0.3079470198675497;0.7615253776903973;0.02354317657497864;14.988502025604248
0.6;0.9;9;180;3;3;0.10248490643792212;0.09381661315525078;0.12621663612618236;0.12322578723854134;0.10627987955919108;0.4839768910473035;0.4838801668774042;0.5064491084461019;0.6389147053825524;0.6387987684761864;0.7053517153449532;0.2791712104689204;0.7713239721308932;0.02633223597551103;15.40517544746399
0.6;1.0;0;191;2;2;0.11931073900580529;0.11931073900580545;0.1062437243133964;0.1045056772486865;0.0948827614421627;0.7802166990452493;0.7801903753394773;0.8583595457473809;0.8293173991028097;0.8292841264425104;0.9010895013792184;0.3568742164646887;0.9242935982339956;0.0022922409349041342;15.526686429977417
0.6;1.0;1;1000;3;3;0.09350394114259905;0.08549044384608388;0.09526909782065568;0.09214287944724249;0.08316220853595915;0.39974537262432175;0.3996339020361918;0.4190754186702641;0.5734733675103822;0.5733340633046126;0.6732923525545488;0.34972341733251383;0.8349174804176026;0.00958610483002164;52.73729085922241
0.6;1.0;2;207;2;2;0.11942699157743311;0.11942699157743329;0.10956889969081941;0.107837110244896;0.09945908727494793;0.801098657312234;0.801074830715285;0.8725320156113895;0.8677423162571998;0.8677165261001089;0.926892904198962;0.3555370524562864;0.9213152085511793;0.0024786192627868596;18.47581434249878
0.6;1.0;3;222;3;3;0.08974785231903668;0.08582158721308969;0.09024498876159126;0.08722922976618831;0.04427374595577747;0.24768757703839375;0.24754826142807895;0.26417500349459583;0.3735099631379135;0.37331974425879033;0.4115469582916257;0.3544382371198014;0.9248605136230846;0.002370552959456565;18.35006046295166
0.6;1.0;4;184;3;3;0.09364202237115402;0.08461889448363721;0.10028108994665515;0.09717806146528075;0.08474268380582736;0.384788594346568;0.38467459781897884;0.3946209116617387;0.543151956914136;0.5430032611401298;0.6494092462359831;0.35540287320424735;0.8921036092133289;0.004008684294797546;15.931034803390503
0.6;1.0;5;203;2;2;0.11110940023946972;0.11110940023946997;0.11004876492768613;0.10831815472666104;0.09743145705532277;0.7656064113836022;0.7655783412784786;0.8479588227976841;0.82645882109568;0.8264249930695177;0.8990409700121822;0.35792120704107294;0.9266101235428527;0.0021524955452306045;16.32851815223694
0.6;1.0;6;195;2;2;0.11945896753718155;0.11945896753718127;0.1095627987632653;0.10783102184024246;0.09902556391166642;0.8007774905679316;0.800753628587165;0.8731508942882971;0.8582204959393447;0.8581928500364782;0.920666865820103;0.3565762004175365;0.9236317338600365;0.0023330051546310016;16.22420310974121
0.6;1.0;7;361;2;2;0.11001954405508219;0.11001954405508224;0.11687802865466965;0.11516007268265198;0.10636969089265709;0.7955568939695005;0.79553240443459;0.8688236602504489;0.8113781951728634;0.8113413929889328;0.8847661313908609;0.35583333333333333;0.9219770729251384;0.002436547966861262;25.400599002838135
0.6;1.0;8;336;3;3;0.08918888290629917;0.08190714246795996;0.08998066169827482;0.086842631309464;0.07797837087348568;0.3620000264040968;0.36188187339701694;0.3745909224399931;0.5327811938138617;0.5326291728022587;0.6366695443609802;0.36791237113402064;0.9085135418242762;0.002705352061647886;22.86563205718994
0.6;1.0;9;154;2;2;0.11957092259974093;0.11957092259974134;0.11796664356756166;0.11625095863142153;0.10909397944435542;0.80495530133217;0.8049319380340026;0.8756283764181789;0.8354634613614362;0.8354313658611494;0.9031402163021521;0.35598165902459356;0.9223080051121181;0.0024156526198202515;14.278380870819092
0.7;0.0;0;163;2;2;0.11971234860885119;0.11971234860885109;0.12454558138892445;0.12284326594180857;0.1087500619665422;0.8441939586891626;0.8441753307736727;0.9113146990487109;0.8636875202490847;0.8636609533209724;0.9248153255524562;0.2930387661525636;0.8009555359629436;0.016685279965251473;14.278254747390747
0.7;0.0;1;343;3;3;0.09718175435358517;0.09264543693981582;0.13558874268477358;0.1327188749677275;0.07827554631074021;0.43391811668348673;0.43381338705334416;0.41516255306504923;0.49608527889081205;0.4959318798684374;0.5137736331425512;0.20873205741626794;0.6103149232647604;0.054052001796540156;18.51067852973938
0.7;0.0;2;157;2;2;0.11982451740245709;0.11982451740245724;0.11177798566220153;0.11004993976622142;0.10428411922625705;0.9077889338828096;0.9077779065376164;0.9535250911219203;0.8494537326208458;0.8494243520109941;0.9093067273192306;0.30420307948397834;0.8243530720465959;0.013224375014676541;14.084173679351807
0.7;0.0;3;228;3;3;0.08974794467734765;0.09422296223626876;0.16288104430758468;0.16007647925658353;0.16065038632416084;0.5219087657195479;0.5218191951890059;0.5404230947971134;0.579227004291725;0.5790967942950793;0.6047224308519037;0.2127039627039627;0.6198914697861253;0.04914341811834966;17.472821950912476
0.7;0.0;4;222;2;2;0.11980000581595103;0.11980000581595142;0.1107693551166082;0.10903998317755674;0.10010576817140346;0.8911703553018958;0.8911573412598494;0.9432045316297298;0.9011681459568113;0.9011488761882117;0.9488492575389313;0.30333333333333334;0.8225447046552103;0.013448483689548943;15.912631750106812
0.7;0.0;5;189;2;2;0.11973575535653352;0.11973575535653339;0.12720379653564576;0.12550629284030618;0.11520844373283494;0.8394437948556868;0.8394245981078298;0.9081558564948307;0.8080028896254873;0.807965449630649;0.8847662941813921;0.29164935604486913;0.7980153882318666;0.017263715149883285;14.139034748077393
0.7;0.0;6;232;2;2;0.1198435621153805;0.11984356211538034;0.1145541709183389;0.11283227515049873;0.10226464550557246;0.8831892583578524;0.8831752903915931;0.9380653096813635;0.9019322697274691;0.9019131522464823;0.9499012281575072;0.3016666666666667;0.8190726357185616;0.013949154679182958;17.7750883102417
0.7;0.0;7;159;2;2;0.12010702530137993;0.12010702530137995;0.11803351208760786;0.1163185679638836;0.10234313639988546;0.9174627513731491;0.917452881994829;0.9593550985905067;0.8980755590919335;0.8980556953128254;0.9467471697462081;0.2966348151225592;0.8085359207122742;0.015609663381579923;14.750993251800537
0.7;0.0;8;144;2;2;0.11988514705632161;0.11988514705632178;0.11637776441060205;0.11465873627577423;0.10923520540856947;0.9046570318056356;0.904645631366188;0.9515857261680954;0.8577612816115759;0.85773352516346;0.9154943542574103;0.30229645093945723;0.8203856729672288;0.013701699687683352;13.312424421310425
0.7;0.0;9;1000;3;3;0.10523751960198537;0.09548916011252813;0.1262175799444019;0.12318040778871664;0.10660026850173145;0.5461995405324497;0.546114441947184;0.5614143777292762;0.6798168794706216;0.6797111318956266;0.7557854392118833;0.25295109612141653;0.713505493441026;0.03134796071046987;61.51388072967529
0.7;0.1;0;162;2;2;0.11976881757982402;0.11976881757982413;0.11436969086910527;0.11264742655634724;0.10091968429387187;0.8964072583855915;0.8963948716888918;0.9464236917804901;0.9285597635797399;0.9285458367012343;0.9657503641374094;0.30037546933667086;0.8163766415810314;0.014308204754810268;14.035094499588013
0.7;0.1;1;193;2;2;0.11980084908344202;0.1198008490834417;0.11223521341678924;0.1105080745679703;0.10407844234909629;0.8994569792725617;0.8994449553055633;0.9483577856076143;0.8444220255221845;0.8443916637162493;0.9062207967725185;0.30449251247920134;0.8249543234496841;0.013150196286458991;14.179858207702637
0.7;0.1;2;132;2;2;0.11997319294040666;0.11997319294040669;0.1203702738622404;0.11865912735695079;0.11172805774830694;0.8784429319354347;0.8784283974458992;0.9348604343786028;0.8357531793613531;0.8357211337720657;0.9021144337311622;0.30062630480167013;0.8169007999383868;0.014207752421008989;12.224130868911743
0.7;0.1;3;225;2;2;0.11971687529814207;0.11971687529814228;0.12834652982483258;0.126651248634556;0.11578699831599092;0.8412325069455588;0.8412135240633382;0.9094187304657226;0.8135072344068652;0.8134708677752656;0.8888330919699141;0.29057700290577004;0.7957418401172458;0.017659785523882233;15.095294713973999
0.7;0.1;4;174;2;2;0.1199034397236226;0.1199034397236223;0.10971699183110674;0.10798551479222643;0.09961231221877337;0.8884745197628752;0.8884611815158651;0.9412756517850128;0.8802174696138029;0.8801941129500728;0.9352269320876556;0.30360846121941104;0.8231170086981258;0.013491084361018486;12.842289447784424
0.7;0.1;5;224;2;2;0.11961241977735064;0.11961241977735054;0.12983382132904797;0.12814137005809037;0.11752532059039254;0.8032151124551673;0.803191582672297;0.8818381384902555;0.7882776279468177;0.7882363375286866;0.8695987963305108;0.2906832298136646;0.7959672255415057;0.01770886054333702;14.481471300125122
0.7;0.1;6;425;2;2;0.11977122647633356;0.11977122647633331;0.12491150574300769;0.12320987992023408;0.10862825951609535;0.8686937608510675;0.8686780601774169;0.9284671000069056;0.8839919372039999;0.883969326800877;0.9383618749397517;0.292046396023198;0.7988562146987517;0.017226265026016527;21.603466510772705
0.7;0.1;7;230;2;2;0.11984092244025273;0.11984092244025302;0.1089234572564608;0.10719041249679623;0.09876759769110986;0.8934200574601876;0.8934073110590321;0.9444915137858357;0.8903884154352715;0.8903670412518977;0.9415019132175051;0.30398671096345514;0.8239034262223597;0.013344406198188427;14.214462757110596
0.7;0.1;8;244;2;2;0.11982169053693824;0.1198216905369382;0.10999968133816775;0.10826874197412588;0.09924074260451034;0.9163152417562971;0.9163052344114364;0.9587064350345874;0.9056183188570988;0.9055999148300528;0.950953724098505;0.30145530145530147;0.8186316755683593;0.014071844623191332;16.387023210525513
0.7;0.1;9;270;3;3;0.09523536224062805;0.09206011029061983;0.1302808003369515;0.12740386658481684;0.07229255163493968;0.39917509627414904;0.3990639526526813;0.38517228658924985;0.45717545648126723;0.45701127286627585;0.4605223129281735;0.20883054892601433;0.6105531542261889;0.056372660227425195;15.321529150009155
0.7;0.2;0;158;2;2;0.11983781228052837;0.11983781228052835;0.1127729089256602;0.11104678102608725;0.10398774320758768;0.916521420414075;0.9165114370029658;0.9587064260320156;0.8645599104020237;0.8645334772188397;0.9185959945959832;0.3009950248756219;0.8176709289589363;0.014296092723440582;12.695357322692871
0.7;0.2;1;178;2;2;0.11981600569884714;0.11981600569884715;0.1238808818738323;0.12217727392281424;0.10845473942471942;0.8420990237762211;0.8420801443643273;0.9100504945143615;0.8575743757128713;0.8575466173496701;0.9206669644925998;0.2915282392026578;0.7977587916440106;0.017319015784667616;13.300486326217651
0.7;0.2;2;171;2;2;0.11975191967234505;0.11975191967234497;0.11156353996956837;0.10983502345091065;0.10410506887069483;0.9014505014000012;0.9014387162649573;0.9496483008845426;0.8488709445213232;0.8488414478290909;0.9082774805119379;0.3044564764681383;0.8248794788614404;0.013127605023897836;13.053260803222656
0.7;0.2;3;215;2;2;0.11981877838262368;0.11981877838262363;0.11366177138190818;0.11193813039486908;0.1009406468040743;0.8851939939615978;0.8851802659413079;0.9393488036432406;0.9036803519346859;0.9036615749526442;0.9509537570272035;0.30137557315548147;0.8184653053941732;0.014025944371032363;13.680736541748047
0.7;0.2;4;272;2;2;0.11984880323307892;0.11984880323307881;0.11421945397675286;0.11249690729649524;0.10170738064084972;0.8861772220701188;0.8861636115095267;0.9399908766165892;0.9019322697274691;0.9019131522464823;0.9499012281575072;0.30179241350562735;0.8193349068154936;0.013899470558251054;18.079057455062866
0.7;0.2;5;174;2;2;0.11978461801976693;0.11978461801976692;0.11122740579093039;0.10949891327733023;0.10051230533276699;0.8851670772691345;0.8851533451071106;0.9393487913483546;0.8962017888198726;0.896181550390946;0.9456969054049947;0.3036234902124115;0.8231482641232192;0.013373517831095076;14.90165090560913
0.7;0.2;6;167;2;2;0.11984956858461047;0.11984956858461049;0.10942244445559073;0.10769041838524682;0.09886083920944193;0.8963417101078796;0.896329313698528;0.9464236673439061;0.8964823577112863;0.8964621732894377;0.9456969006140341;0.3040765391014975;0.824090120508463;0.013272905247539962;14.010306596755981
0.7;0.2;7;190;2;2;0.11985103884586351;0.11985103884586362;0.1132251649940382;0.11150003737237799;0.1060288420687356;0.9014858251502513;0.9014740440283293;0.9496482981642733;0.8539278860307353;0.853899382966556;0.9134295004179983;0.30420307948397834;0.8243530720465959;0.013224375014676541;13.479841470718384
0.7;0.2;8;374;3;3;0.10306887037388966;0.09477686489115286;0.13692883533071654;0.1339754261668052;0.1152277244992353;0.5190468740226201;0.5189569896959322;0.5324109151291433;0.5907200173074496;0.5905886522875923;0.676487492979254;0.2318840579710145;0.6652669259628954;0.03944144860564654;21.03503656387329
0.7;0.2;9;253;3;3;0.10615814829670647;0.09517961843346551;0.10743835610207395;0.10433176251465401;0.09192119319610892;0.5450523079607449;0.5449669302459421;0.5637412591824915;0.6654826295568642;0.6653718620878271;0.7558784441028917;0.2867647058823529;0.787628521273928;0.019177393278916488;17.565630197525024
0.7;0.3;0;176;2;2;0.11942068037168473;0.11942068037168463;0.12720155952099554;0.12550441561342376;0.11123069883359349;0.7926898987473016;0.7926651117391087;0.8737706117011513;0.835451985633013;0.8354199160178502;0.905193638578458;0.2909921129099211;0.7966223831089052;0.017516782620825275;14.008986234664917
0.7;0.3;1;185;2;2;0.11972327383384915;0.11972327383384924;0.12165592417290307;0.11994801054179487;0.10601468130412657;0.8475832855751521;0.8475650621454786;0.9138456999274164;0.8812809581084796;0.8812578208168429;0.9362713909440717;0.2928452579034942;0.8005464295692499;0.016817759028478478;13.424182176589966
0.7;0.3;2;151;2;2;0.11979134829768208;0.11979134829768184;0.1154033807756998;0.11368325075526894;0.10134355127028344;0.8943087216527437;0.8942960838353802;0.94513537329734;0.9324905772905703;0.9324774191479659;0.9678735025621455;0.29850124895920066;0.8124537672893688;0.014951641115859934;12.664222955703735
0.7;0.3;3;195;2;2;0.11965744772723827;0.1196574477272383;0.11041950383589096;0.10868939308547697;0.10007216456263694;0.8921813105144087;0.8921684174740627;0.9438479235643848;0.8934144393242592;0.893393655967194;0.9435982418968671;0.30183180682764366;0.8194170593312965;0.013922290465680665;13.815233945846558
0.7;0.3;4;152;2;2;0.11983723628956275;0.11983723628956283;0.10829526317638888;0.10656098422340793;0.09841406350911;0.908078490767929;0.9080674972274155;0.9535250806342273;0.9025267610446059;0.9025077534795637;0.9488492390472888;0.3031936955620075;0.8222541463380113;0.013615335513328164;12.244720935821533
0.7;0.3;5;268;2;2;0.11981877838262368;0.11981877838262363;0.11366177138190818;0.11193813039486908;0.1009406468040743;0.8851939939615978;0.8851802659413079;0.9393488036432406;0.9036803519346859;0.9036615749526442;0.9509537570272035;0.30137557315548147;0.8184653053941732;0.014025944371032363;14.974388360977173
0.7;0.3;6;163;2;2;0.11986304112856602;0.11986304112856597;0.10917988142382833;0.10744738360850038;0.09832004924312385;0.9077889338828097;0.9077779065376165;0.9535250911219203;0.899888163124673;0.8998686427849236;0.9477978847763237;0.30311850311850314;0.8220976600847721;0.013569206915229969;12.535396099090576
0.7;0.3;7;179;2;2;0.11979554192850501;0.11979554192850499;0.11155218553193723;0.10982373523376215;0.10440909615597156;0.9067540460859649;0.906742894879281;0.9528784093594329;0.8519877350215559;0.8519588504482116;0.9113669434186814;0.3040765391014975;0.824090120508463;0.013272905247539962;13.06197476387024
0.7;0.3;8;298;3;3;0.10358513087567935;0.09517445561319045;0.13534749925705034;0.13239572312558995;0.11494589726399516;0.5215306373680053;0.5214411951086081;0.5336045810105688;0.6367854664077502;0.6366693816290688;0.7010386222825021;0.23264852859522486;0.6670462153200596;0.03923270508993826;16.69710111618042
0.7;0.3;9;188;3;3;0.09038198859489828;0.09440803677223371;0.1613155373031473;0.15850697885007167;0.1574501601293631;0.5440815011685753;0.5439960383341018;0.5576314713947093;0.5764139287853238;0.576282954837358;0.6003317892931148;0.2135102533172497;0.6218278392837824;0.046966296410486066;16.029286861419678
0.7;0.4;0;157;2;2;0.1198523867594354;0.11985238675943514;0.11809600036209987;0.11638104782231866;0.1038400873902834;0.8956582444843518;0.895645768874465;0.9457794326449124;0.9228629954974353;0.9228479595404923;0.9625700585039794;0.29421556387848524;0.8034408343195377;0.016347719532618675;13.209124088287354
0.7;0.4;1;189;2;2;0.1198010807098677;0.11980108070986763;0.1276236984010796;0.1259269613516907;0.11642303485638117;0.8491826906194262;0.8491646573677747;0.9151125067882644;0.8083550497662157;0.808317675606442;0.8847662718643625;0.29187396351575456;0.7984911113932056;0.017257038411232113;13.628551721572876
0.7;0.4;2;1000;3;3;0.10319784475734975;0.09443839011482595;0.13547079044844954;0.13252794852004962;0.11108017269751874;0.5123220660475021;0.5122309592545803;0.5261903309500503;0.6299525504293868;0.6298348812062056;0.6923264130667381;0.229490022172949;0.6596805434128238;0.04103336394833588;41.37448692321777
0.7;0.4;3;140;2;2;0.1200634897840838;0.12006348978408378;0.11417776450573679;0.11245519255552532;0.101388300322367;0.9195824709082716;0.9195728545193872;0.9606530590630908;0.9228629954974353;0.9228479595404923;0.9625700585039794;0.3023740108288213;0.8205472897579604;0.013746940752366252;13.54224419593811
0.7;0.4;4;165;2;2;0.1197733167017927;0.11977331670179263;0.10904983920944028;0.10731700257511975;0.09868622047996685;0.9005217473274832;0.9005098505864885;0.9490029294188734;0.8994782698839889;0.8994586671185328;0.9467470840308584;0.3011198672749896;0.8179315827456621;0.014245683107738508;14.922306299209595
0.7;0.4;5;282;3;3;0.10322277495150056;0.09626106395515105;0.13801381756904663;0.13506296479051863;0.11593189009738554;0.5346465846015058;0.5345594430884133;0.5492790344609506;0.6418249972574018;0.6417099629790665;0.7034556127906926;0.24110218140068887;0.6865757763897828;0.03388878054057143;16.443875789642334
0.7;0.4;6;192;2;2;0.12000019648369717;0.12000019648369697;0.1117271884442744;0.10999974461261956;0.10000013577419498;0.9174233398153523;0.91741346556472;0.9593550966084072;0.9073934225966677;0.90737536836139;0.9530605591463496;0.30233527939949956;0.8204665848635813;0.013724240690541838;13.37393307685852
0.7;0.4;7;154;2;2;0.11954999869279036;0.11954999869279043;0.12368593463240464;0.12198140333817478;0.11297451262434989;0.8676952950132898;0.8676794773774166;0.9271910999388592;0.8624709559763784;0.8624441298886016;0.9217030164699994;0.2925709515859766;0.7999662936611867;0.01680134285968693;12.913017511367798
0.7;0.4;8;190;2;2;0.11988326027958726;0.11988326027958705;0.10949105654352878;0.10775912796784272;0.09954167633216351;0.8883971350208129;0.888383787776987;0.9412756552103035;0.8787395201620164;0.8787158748833613;0.9341831371948623;0.3033195020746888;0.8225159273460783;0.013566125051662582;14.05298900604248
0.7;0.4;9;165;2;2;0.11972365389732009;0.1197236538973202;0.12387279927600199;0.12216917560842482;0.10917411484710823;0.8361780759231093;0.83615848976829;0.905632755794125;0.8575743757128713;0.8575466173496701;0.9206669644925998;0.2926219258024177;0.8000741186755476;0.016824816876180808;13.230519533157349
0.7;0.5;0;172;2;2;0.1198074143027688;0.11980741430276841;0.11223938749651279;0.11051230842536704;0.10477006595002002;0.9078409424843834;0.9078299211578095;0.9535250885666566;0.8513616187769216;0.8513326134992926;0.9113669549576275;0.30395010395010397;0.8238273366690152;0.013321532412457086;13.36725115776062
0.7;0.5;1;210;2;2;0.11985150858368254;0.11985150858368228;0.1224631257369643;0.12075629901226437;0.11197829866208918;0.9089490077290767;0.9089381206629763;0.9541720105680144;0.8707753367911731;0.8707501336944048;0.9279325857838073;0.2922885572139303;0.7993687948814266;0.01711590671438353;14.03850269317627
0.7;0.5;2;146;2;2;0.11973608893664899;0.11973608893664908;0.12573610650381462;0.1240360841325288;0.1102137239281982;0.8315736212290172;0.8315534839103945;0.9024837863378624;0.8469183933813795;0.8468885572066093;0.9134297567495469;0.2904029912754466;0.795372553245441;0.017691405839812616;12.315773248672485
0.7;0.5;3;226;3;3;0.09471136749483772;0.09216231551338326;0.13142003222742857;0.12854601699895662;0.07732036286079506;0.44329063557217263;0.4431869444806799;0.4647416014224597;0.4511261406481741;0.4509600356432028;0.460624094152613;0.24387701928087546;0.6929283178363003;0.0425727821637312;16.583929777145386
0.7;0.5;4;237;2;2;0.1200577257312103;0.12005772573121035;0.11421797935286279;0.11249552821915614;0.10233897145510028;0.9263333201036066;0.9263245105254047;0.9645522168816208;0.9323053432761846;0.9322921487130632;0.9678735005918926;0.3;0.8155916640410497;0.014580224214454866;16.77750873565674
0.7;0.5;5;138;2;2;0.11990001803531936;0.11990001803531937;0.12006837624099007;0.11835665824494768;0.11195005681716022;0.9004365186709935;0.9004246133836176;0.9490029506797366;0.8522733228622918;0.8522445011414606;0.9134295325526689;0.29771309771309773;0.8108007272128688;0.015238576634440705;12.99385142326355
0.7;0.5;6;196;2;2;0.12011095973259611;0.12011095973259592;0.12038510445732392;0.11867418099114062;0.1096898856928598;0.9763867594443082;0.9763839358026196;0.9907484248690764;0.9215255643180846;0.9215102579338639;0.9572811182240492;0.2961426793861468;0.8075009947337624;0.015820893904594374;14.793896913528442
0.7;0.5;7;229;2;2;0.11978594795437951;0.11978594795437945;0.12384071023098707;0.12213700967936321;0.10912874815041992;0.8384680122392035;0.8384486984072312;0.907524742495206;0.8544283279655763;0.8543999558247567;0.9185962752181522;0.29182233291822335;0.7983817713872272;0.017232678907175558;14.626361608505249
0.7;0.5;8;389;3;3;0.10436303460834669;0.0944493110716384;0.12728827340951138;0.12430358931964994;0.10749085289668907;0.5432716636291957;0.5431862400115872;0.5508762973716831;0.6584886976442952;0.658379198776685;0.7229547258070996;0.24336283185840707;0.6917533093586602;0.03396785355043482;23.402169704437256
0.7;0.5;9;436;3;3;0.10358260081941072;0.09460071448236743;0.12748562781560296;0.12450945975567249;0.10443434821446974;0.5327530329486405;0.5326656886840254;0.542537983111466;0.645320047071848;0.6452068542722393;0.7086044835680408;0.23812154696132598;0.679720376858843;0.03651628109149927;21.773557901382446
0.7;0.6;0;170;2;2;0.12002936679173408;0.12002936679173436;0.11135075992417559;0.1096226147996116;0.09965248827615356;0.9109361711379895;0.9109255211726544;0.9554664611972062;0.8919707229318098;0.8919496629095383;0.9435982750305141;0.30233527939949956;0.8204665848635813;0.013724240690541838;13.343932867050171
0.7;0.6;1;176;2;2;0.11983992095961135;0.11983992095961121;0.10904008670359147;0.10730732871317317;0.09895496666284397;0.8863927863103988;0.8863791993547075;0.9399908476966601;0.887991191342407;0.8879693516475223;0.9404546389749757;0.3033195020746888;0.8225159273460783;0.013566125051662582;13.668031454086304
0.7;0.6;2;158;2;2;0.11980720189803881;0.1198072018980389;0.11792831346221148;0.11621304360660475;0.10670134501377469;0.8640645339919115;0.8640482804096191;0.9252786691538325;0.8709639665636666;0.8709388145020068;0.93001386276482;0.3007518796992481;0.8171631316018224;0.014157670862865596;13.243722438812256
0.7;0.6;3;173;2;2;0.12011778626966624;0.12011778626966645;0.11574059279172402;0.11402111849221659;0.10296507555838882;0.9056025940347706;0.9055913060169546;0.9522319595504306;0.9004097086135674;0.9003902976453871;0.9488493024471506;0.3019575177009579;0.8196791889088177;0.01387263292234854;13.57273817062378
0.7;0.6;4;188;2;2;0.12002186196770878;0.12002186196770884;0.11683000725317166;0.11511205168438601;0.1069923190304647;0.9735156543456251;0.97351248738079;0.9894302804819718;0.9056974142419598;0.9056790173588082;0.9467470329796734;0.2966804979253112;0.8086319485078994;0.01563350144740392;13.852675437927246
0.7;0.6;5;200;2;2;0.1193590119801724;0.11935901198017262;0.13170765933966905;0.13001885263638185;0.11952205594788462;0.7879902401710451;0.7879648922974187;0.8700596470117535;0.7830315681318857;0.7829892546192125;0.8655762778825504;0.28957208142916496;0.7936078251584999;0.017979714351059668;14.183787107467651
0.7;0.6;6;172;2;2;0.11985451444690409;0.11985451444690395;0.10890949025914456;0.10717640591807719;0.09892742884345966;0.8893062392124933;0.8892930010701261;0.9419183929326193;0.8855727340256542;0.885550420376042;0.9383617948935071;0.30423940149625933;0.8244285399420681;0.01324710708886822;13.405153751373291
0.7;0.6;7;150;2;2;0.12008622588118566;0.12008622588118571;0.1200319180361527;0.11832029349767127;0.10917961709337307;0.9735156543456251;0.97351248738079;0.9894302804819718;0.9159449135121851;0.9159285182782927;0.9541147796410655;0.29721876297218763;0.8097629022820363;0.015447266600812859;12.73578929901123
0.7;0.6;8;204;2;2;0.11976463036975286;0.11976463036975273;0.12442598622873713;0.12272345214926432;0.10845862004585236;0.8420990237762211;0.8420801443643273;0.9100504945143615;0.8669381885258545;0.8669122556903156;0.9268930058251635;0.29045643153526973;0.7954859745737998;0.017715721396345717;15.482299327850342
0.7;0.6;9;344;3;3;0.10614576344199074;0.09696791897455964;0.10575935714154451;0.10263877610217798;0.09637412068098689;0.5640127793848014;0.5639307842082515;0.5826636703467428;0.6644801311605066;0.6643684563241501;0.7536852370392697;0.29586488060570765;0.8069164568280287;0.019592743890955798;18.95825481414795
0.7;0.7;0;279;2;2;0.12004903077947793;0.1200490307794778;0.1104754168913674;0.1087454619033484;0.09866689368122154;0.9163027186177822;0.9162927101181446;0.9587064392989622;0.8895190829348482;0.8894975415213465;0.9415019290783507;0.3041301627033792;0.8242015568476251;0.013179376336449708;17.158576488494873
0.7;0.7;1;426;3;3;0.10417692203553275;0.09565644927297653;0.1315126313060914;0.12851975382775127;0.11139140111470648;0.541850212789181;0.5417643547086409;0.5567717365810819;0.6626505480239431;0.6625409053716206;0.735283660535683;0.2533707865168539;0.7144500113958874;0.030189544440191826;24.799242734909058
0.7;0.7;2;161;2;2;0.1199355539211608;0.11993555392116095;0.11741592948217469;0.11569965447500107;0.10576890420000766;0.8706962103436554;0.870680749584297;0.9297440175879766;0.8918068720130898;0.8917857824306717;0.9435982912939016;0.30116959064327486;0.8180353843827457;0.014030457246129863;13.330148696899414
0.7;0.7;3;182;2;2;0.11998099343058714;0.11998099343058721;0.11637054521458684;0.11465164959831498;0.10711020836298528;0.9680221682211654;0.9680183444152018;0.986796624266537;0.9014329016355;0.9014136714829494;0.9435981645848728;0.2974657249688409;0.810281482430792;0.015342726787194665;14.227643489837646
0.7;0.7;4;189;3;3;0.10605636396195472;0.09583987144564203;0.10473275839013743;0.10160644980854153;0.09310230945059618;0.5603061032058153;0.5602235834684987;0.5756291840374033;0.6689031927250478;0.6687928376441541;0.7571993259255659;0.28223410576351754;0.7779237759427683;0.017778187145191325;14.675597906112671
0.7;0.7;5;167;2;2;0.12001461928284142;0.12001461928284103;0.11969553879289968;0.11798323133781853;0.1094335231114845;0.9735156543456251;0.97351248738079;0.9894302804819718;0.9170221630109098;0.9170059772016308;0.9541147746053915;0.29721876297218763;0.8097629022820363;0.015447266600812866;13.47581672668457
0.7;0.7;6;144;2;2;0.11973056840255496;0.11973056840255485;0.11900176961485125;0.1172886670482523;0.10309058092170899;0.8557408814919892;0.8557236330435074;0.9195533015868423;0.8809120789380052;0.8808888687773117;0.9362713840873248;0.29571012078300707;0.8065907060000952;0.01583179111447977;12.75097131729126
0.7;0.7;7;189;2;2;0.1198659596548394;0.11986595965483954;0.1090460529467022;0.10731332953699205;0.09862358203973667;0.8943453320170304;0.8943326966300377;0.9451353478009875;0.8910577375908816;0.8910364965425611;0.9425498016945597;0.3038237738985869;0.8235647203678774;0.013370256590098828;13.746696710586548
0.7;0.7;8;183;2;2;0.12003228867924365;0.12003228867924383;0.12393050020775973;0.12222659280444616;0.11211470923903694;0.9366007341114593;0.9365931525836999;0.9704157697402366;0.877907114456546;0.8778833046407628;0.9331399120010856;0.29285419248244526;0.8005653213489196;0.017049456633474458;14.268705606460571
0.7;0.7;9;154;2;2;0.11984298805710245;0.11984298805710229;0.10863603056637271;0.10690238910277232;0.09860881232535801;0.8942321092007189;0.8942194609592278;0.9451353567719291;0.8960311835811176;0.8960109085985775;0.9446472644558827;0.3024126455906822;0.8206277884437304;0.013769800583549714;13.508481740951538
0.7;0.8;0;166;2;2;0.119937281433139;0.11993728143313907;0.1153294010311255;0.1136091192062416;0.10186734629819662;0.8774962369823389;0.8774815894068988;0.9342201161277794;0.8919883459880887;0.8919672933763789;0.9435983022170671;0.30129544504805683;0.8182980803957138;0.01398069191495186;13.981085062026978
0.7;0.8;1;178;3;3;0.10563032724512861;0.09505674670451662;0.1096095117295862;0.10650785143018643;0.09475671254971119;0.5409854689793017;0.5408995955916313;0.5520426943697004;0.6710379997677655;0.670928890905228;0.7610048847733928;0.261795166858458;0.7332762870957302;0.024196824410875284;14.43457293510437
0.7;0.8;2;156;2;2;0.11983308310102786;0.1198330831010279;0.11190795741042371;0.11018019925645726;0.10438642028952716;0.9141457843945549;0.9141355176176491;0.9574097843494185;0.8519877350215559;0.8519588504482116;0.9113669434186814;0.3063439065108514;0.828793999816794;0.012526340606970672;14.46595025062561
0.7;0.8;3;181;2;2;0.11941812411840816;0.11941812411840838;0.12732481768946619;0.12562789930409124;0.1115202507980189;0.7935235001105556;0.7934988129469346;0.8743898788437892;0.838231709047023;0.8382001805091608;0.9072491696437137;0.2911129568106312;0.7968786141745562;0.017461164416792622;14.324016809463501
0.7;0.8;4;148;2;2;0.11987515934423117;0.1198751593442311;0.11459249235158915;0.11287068075529212;0.1012189390716197;0.924022808863521;0.9240137232980192;0.963251622138952;0.9397864307605965;0.9397746928000534;0.9721267273743657;0.30103950103950106;0.817763794817765;0.014199027718530953;13.647005796432495
0.7;0.8;5;219;2;2;0.11973403572203015;0.11973403572203058;0.10970556898017243;0.10797408170402964;0.09917911428055039;0.8901856646874262;0.890172533443471;0.9425613677062269;0.8915841408523464;0.8915630009779093;0.9425497915573234;0.30342237061769617;0.8227299409597567;0.01337722136845751;14.387852907180786
0.7;0.8;6;156;2;2;0.11999837935049165;0.11999837935049164;0.11417562337335915;0.11245242639476176;0.10511044988127789;0.9229213497538665;0.9229121328619025;0.9626016566348459;0.8572543758631991;0.8572265252927839;0.9165276972946889;0.30438413361169103;0.8247292146945184;0.013082884345274298;13.030254125595093
0.7;0.8;7;170;2;2;0.11968294609027164;0.1196829460902718;0.1250876181351738;0.12338638393602298;0.10855093591458574;0.8414497106165193;0.8414307544792791;0.9094187416389109;0.8578889249253052;0.8578612290103103;0.9206669728575579;0.29345560650270947;0.8018363851438056;0.01654637538778856;13.778236150741577
0.7;0.8;8;242;2;2;0.11986127759783;0.11986127759782977;0.11065629421173265;0.10892673572984753;0.10007708241373563;0.9014858251502513;0.9014740440283293;0.9496482981642733;0.9025201237694204;0.902501118546559;0.9499012124178964;0.30420307948397834;0.8243530720465959;0.013224375014676541;16.593257904052734
0.7;0.8;9;200;3;3;0.10370262434715521;0.0960048724758431;0.1360872782583788;0.13312396613771207;0.11618735838026033;0.5178155008747489;0.517725313564791;0.5304498190854766;0.6389840827156588;0.6388677281309977;0.7069713420921325;0.2563380281690141;0.7211098195519894;0.02712676503262297;16.08148169517517
0.7;0.9;0;149;2;2;0.11922471350670004;0.11922471350670014;0.11650218355667076;0.11478419799470627;0.10340085714107969;0.8322241806284225;0.8322041104794666;0.9024836308514674;0.8823129146427554;0.8822899767285418;0.9373163345411583;0.3210855949895616;0.8589833402252817;0.008670245082687468;13.88940978050232
0.7;0.9;1;305;3;3;0.09282609413259475;0.0888199604708235;0.09603865920853406;0.09304588382713916;0.05387694760244985;0.28683111361624175;0.2866990423551875;0.28846648614331805;0.3753731630902866;0.37518393833396857;0.4061376381817503;0.3628632175761871;0.91219451691306;0.002674428471201199;19.55480670928955
0.7;0.9;2;145;2;2;0.11967915030630986;0.11967915030630968;0.12435298323392864;0.12265030031108523;0.10820927686240737;0.8085424890407602;0.8085195838225213;0.8849507223130224;0.8383478045822924;0.83831629934829;0.9072491747331729;0.3200166458593425;0.8568169257480427;0.008987974411352288;13.461360692977905
0.7;0.9;3;213;2;2;0.11972343328084913;0.1197234332808494;0.11057849544479671;0.10884887801179521;0.09908533417920812;0.8785746227754064;0.8785600960988775;0.9335799048642701;0.8869372781685027;0.886915237857913;0.9404546726099534;0.32014987510407994;0.8570871297612083;0.008947922610754874;15.009492874145508
0.7;0.9;4;264;2;2;0.1198201475968935;0.11982014759689352;0.10943554530075661;0.1077035208873892;0.09938762487101217;0.8768028895319931;0.8767881505393315;0.9323003549896429;0.9002187295572686;0.900199272983987;0.9477978800583925;0.3198835274542429;0.8565468920494141;0.009028122329693189;16.69950819015503
0.7;0.9;5;172;2;2;0.11991953323667692;0.11991953323667699;0.11779771771574461;0.11608178940724377;0.10715190251781007;0.9066454904202823;0.906634321171871;0.9502938127786749;0.9016105190772995;0.901591329078873;0.9467470624873848;0.31935215946843853;0.8554684571837555;0.009189676680609216;13.77927565574646
0.7;0.9;6;169;2;2;0.11977572550304254;0.11977572550304263;0.11139693488199769;0.1096681651694123;0.10427961069830284;0.8698185267008899;0.8698029523050793;0.9278288587070904;0.8475532145074256;0.8475234637684016;0.9082775051837539;0.3200166458593425;0.8568169257480427;0.008987974411352288;13.019744157791138
0.7;0.9;7;162;2;2;0.11977539226924888;0.1197753922692489;0.111890101789619;0.11016222062028079;0.10515901195584948;0.8713290387510628;0.8713136441232513;0.9284669730566063;0.8456920165939521;0.8456618994528035;0.9062207715474824;0.31935215946843853;0.8554684571837555;0.009189676680609216;13.140222072601318
0.7;0.9;8;224;3;3;0.10271016864478122;0.09451841774042662;0.1217796019286098;0.1187590759171315;0.09888143485820147;0.4798884603447913;0.4797914003295166;0.4920626683254545;0.6486272342942062;0.6485134403176511;0.7269698674752632;0.28507795100222716;0.7840234136131176;0.018523378454085266;16.022181510925293
0.7;0.9;9;230;2;2;0.1199423894404965;0.11994238944049634;0.1102101393709634;0.10847967987153156;0.10050396743065722;0.8629800953478901;0.8629637030262982;0.9233681096816326;0.881236889815912;0.8812137339450284;0.936271320730913;0.32014987510407994;0.8570871297612083;0.008947922610754874;17.2407443523407
0.7;1.0;0;222;2;2;0.11117822082443225;0.11117822082443261;0.10978486245211726;0.1080537390630676;0.09700283915815043;0.7662856545692471;0.7662576662961815;0.8485688864825804;0.823641183841385;0.8236068065789701;0.8969947551384678;0.3580712788259958;0.9269410557298323;0.002132903128417133;15.952860116958618
0.7;1.0;1;317;3;3;0.09009244682176376;0.08418994263061395;0.12294086947695695;0.11999762741852128;0.07627110250198572;0.3789102253806904;0.3787950074553654;0.39266880635703116;0.5301402698621672;0.5299945399674124;0.5857914532186467;0.3392963625521765;0.8687318870098582;0.006566377774557694;23.10383367538452
0.7;1.0;2;226;2;2;0.11103248048897582;0.11103248048897575;0.10874670174700889;0.10701356853970412;0.09525999739702631;0.7593374576049319;0.7593086402251297;0.8436946303838154;0.8139099450438609;0.8138736713763535;0.8898513598524896;0.358974358974359;0.9289266488517098;0.002017291900167296;22.013323307037354
0.7;1.0;3;492;3;3;0.10276897945150751;0.09416091537618383;0.11895608964349752;0.11592447137129244;0.0970902227706221;0.5030367783697586;0.5029441336258829;0.5072150626571976;0.6487105551819999;0.6485966945979751;0.7296963622287417;0.31280923584387027;0.7851904118995797;0.018912859482742163;30.242401838302612
0.7;1.0;4;242;3;3;0.09224773507056078;0.08783246082336675;0.09486148053230482;0.0918559861920588;0.04169954866539358;0.2981054163898562;0.29797530812000234;0.31319054979095556;0.41260951851700856;0.4124306395602159;0.4525985029685651;0.35290482076637825;0.8816609248245441;0.004836395754881498;17.52760624885559
0.7;1.0;5;213;2;2;0.11058943474965294;0.11058943474965312;0.11255782587684511;0.11083207647532338;0.09943043314268313;0.7758446086836823;0.7758177593716451;0.8546814126972978;0.8466751359116276;0.8466452477915597;0.91342972321789;0.35627868168544014;0.9229698694860772;0.0023741422233314845;15.35441255569458
0.7;1.0;6;187;2;2;0.1196920577143553;0.11969205771435548;0.11400531402106646;0.11228253724757818;0.09871337910160113;0.8293498412337627;0.8293293929332597;0.8893172943100585;0.8946957610999556;0.8946752386411418;0.9446473535510804;0.3533305750930906;0.9163512257464853;0.0028061272088999896;15.845103979110718
0.7;1.0;7;614;3;3;0.0997239305288752;0.09227304488515349;0.1374229040903845;0.13449070957233003;0.1120341118098226;0.41287063985702416;0.412761214480341;0.4199710364071477;0.5934344610869824;0.5933054914290093;0.6618772353946214;0.3164627363737486;0.7851904118995797;0.018529729648956095;36.29539918899536
0.7;1.0;8;165;2;2;0.10960315274249059;0.10960315274249056;0.11292965907407962;0.1112046327516906;0.10036625168034613;0.7642518945113155;0.7642236612021382;0.846739353104489;0.8466751359116276;0.8466452477915597;0.91342972321789;0.3576214405360134;0.9259482591688935;0.0021919584986409522;13.345309257507324
0.7;1.0;9;192;2;2;0.11111497124785039;0.11111497124785015;0.10851835451304617;0.10678464910963252;0.09717036129392166;0.7633615959942849;0.763333259991422;0.846739416999679;0.8210865865641944;0.8210517051650964;0.8949508233348952;0.3588235294117647;0.9285957166647302;0.0020363293764281212;15.251586198806763
0.8;0.0;0;1000;3;3;0.10381027975618809;0.09442687820375163;0.1061571142614441;0.10304372236437664;0.09398868793860199;0.5181402437945264;0.5180503330148534;0.5281367086468391;0.6442832385720433;0.644165278155454;0.7402138181294589;0.30484848484848487;0.8060222006638552;0.020260121228045408;44.10077428817749
0.8;0.0;1;164;2;2;0.11986508560471919;0.11986508560471905;0.10964885596113531;0.107917246407433;0.09932068433994343;0.8893683434218439;0.8893551124569772;0.9419183896281251;0.8867517075196756;0.8867296249816213;0.9394079259066215;0.30398671096345514;0.8239034262223597;0.013344406198188427;12.899506092071533
0.8;0.0;2;262;3;3;0.0883354410438574;0.09442850290615387;0.19232906580484505;0.18962658290320958;0.16502851979512403;0.520849264995663;0.5207598678035575;0.5322099411938913;0.5367684832243801;0.5366254241255924;0.5849282191217952;0.23604874919820398;0.6749334926089572;0.03482278839280025;17.35300874710083
0.8;0.0;3;360;3;3;0.09679873086715446;0.09252784204652748;0.1273923387414913;0.12450331009661766;0.07227716382153099;0.41427817703579856;0.4141698368086145;0.3929022467581288;0.4750833856011373;0.47492437377273206;0.4800901483739483;0.21113127646702964;0.6161071228362042;0.05246109383860015;16.289390802383423
0.8;0.0;4;193;2;2;0.11966128286491096;0.1196612828649108;0.12484729283046297;0.12314559779659127;0.10871312453288803;0.8209513030847465;0.8209298945236467;0.8949486353250163;0.8504358854552704;0.8504067373087871;0.9154946334791031;0.29050973891421467;0.7955991045178854;0.017740234250373084;14.096611976623535
0.8;0.0;5;175;2;2;0.1198074143027688;0.11980741430276841;0.11223938749651279;0.11051230842536704;0.10477006595002002;0.9078409424843834;0.9078299211578095;0.9535250885666566;0.8513616187769216;0.8513326134992926;0.9113669549576275;0.30395010395010397;0.8238273366690152;0.013321532412457086;13.641732215881348
0.8;0.0;6;171;2;2;0.11977720533241283;0.11977720533241273;0.12035662082824476;0.11864564195905539;0.10951823917673333;0.9005363871078386;0.9005244941355476;0.9490029555073155;0.8848091947763004;0.8847867268896806;0.9362712590200013;0.29983319432860717;0.8152427851343911;0.014487284255548863;13.22261381149292
0.8;0.0;7;232;3;3;0.08860730850031077;0.09322455893975576;0.16558837424865133;0.16279499793403834;0.16555627983283874;0.5006518335927097;0.5005587294778263;0.5141506401456927;0.5746429789048457;0.5745115199126225;0.6020642657102925;0.21424223980523432;0.6235835346118368;0.0515373828590876;16.070159196853638
0.8;0.0;8;158;2;2;0.11971274184118315;0.1197127418411831;0.11994128733840824;0.11822987729976119;0.10746893397070637;0.8819885662369163;0.8819744569828947;0.9367827269263178;0.9175452351670981;0.9175291615347189;0.959394980856486;0.2930387661525636;0.8009555359629436;0.016685279965251473;13.420085191726685
0.8;0.0;9;214;2;2;0.11988347353713032;0.11988347353713033;0.10931977628615683;0.10758756224205059;0.09873783040461728;0.8893683434218439;0.8893551124569772;0.9419183896281251;0.8847089278885253;0.8846864482115425;0.9383618118047028;0.30398671096345514;0.8239034262223597;0.013344406198188427;14.835700273513794
0.8;0.1;0;187;2;2;0.11971988159724198;0.1197198815972423;0.12912455715805934;0.1274307392189835;0.11719300081299265;0.8492796232872732;0.8492616021629684;0.915112514418196;0.8138745066870265;0.8138382089191147;0.8888330704404912;0.29075072583990047;0.7961104149963674;0.01762831249940728;13.557131052017212
0.8;0.1;1;186;2;2;0.11991081822399874;0.11991081822399907;0.11515615480092865;0.11343492791852988;0.10518836377217652;0.9262575627415123;0.9262487445651523;0.9645522224743304;0.8790030254189461;0.878979420359187;0.9310551740946361;0.3002079002079002;0.816026368051305;0.014455228660147396;13.748844146728516
0.8;0.1;2;161;2;2;0.11990501381621152;0.11990501381621149;0.11651822061130482;0.11480023420226683;0.10517253630890751;0.871584467142816;0.8715691122393193;0.9303827972309653;0.8853547237096105;0.8853323775887895;0.9394079869270765;0.30079265748852735;0.81724830736121;0.01418033127436099;12.447453260421753
0.8;0.1;3;184;2;2;0.11975132034469067;0.11975132034469073;0.11168124992363734;0.10995298036450189;0.10425846752025568;0.9004277251669364;0.9004158176160175;0.9490029350266717;0.8469407796224092;0.8469109070074096;0.9072488410231329;0.30432972522897583;0.8246161914439936;0.01317594163348984;13.427116870880127
0.8;0.1;4;180;2;2;0.11967849297155295;0.11967849297155281;0.12607690719498665;0.12437758329439459;0.10960907230967545;0.8289809409683767;0.8289604938034423;0.9005970442478152;0.8546937551614842;0.854665435969761;0.9185962841517851;0.28945182724252494;0.7933522348766453;0.01803611416335779;13.469273090362549
0.8;0.1;5;198;2;2;0.11985951414948462;0.11985951414948477;0.11626436804558034;0.1145458624944422;0.10247324439807634;0.9152841683104949;0.9152740384284529;0.958058009549314;0.9515813642690836;0.951571926374265;0.9785240674451487;0.29879317519766957;0.8130655337134634;0.014872114492136185;16.79801845550537
0.8;0.1;6;208;2;2;0.11971687529814207;0.11971687529814228;0.12834652982483258;0.12665124863455604;0.11578699831599092;0.8412325069455588;0.8412135240633382;0.9094187304657226;0.8135072344068652;0.8134708677752656;0.8888330919699141;0.29057700290577004;0.7957418401172458;0.017659785523882233;17.272650480270386
0.8;0.1;7;226;2;2;0.12000596654470543;0.12000596654470541;0.11697494192875275;0.11525720632061545;0.1075499979888909;0.9693021282671722;0.9692984574234716;0.987454708523844;0.9039994722148331;0.9039807423519194;0.9446471982894104;0.29763387297633875;0.8106344530312033;0.01531428686810906;18.965054512023926
0.8;0.1;8;222;2;2;0.11991636075433881;0.11991636075433879;0.11162628165873578;0.10989860956791113;0.10058709246135783;0.8985900706430964;0.8985779424324654;0.9477128522955607;0.905963136697061;0.9059448027432917;0.952006857121678;0.30440199335548174;0.8247663129202124;0.013221420244661483;16.768601179122925
0.8;0.1;9;228;2;2;0.11972597819899214;0.11972597819899196;0.11557672023448949;0.11385689464936027;0.10109254870165466;0.8773512683636137;0.877336602777957;0.934220106976006;0.8935187432447316;0.8934979881562225;0.9446473314559746;0.302713987473904;0.8212554950413348;0.013576717377422956;17.574932098388672
0.8;0.2;0;155;2;2;0.12001950711584629;0.12001950711584643;0.11863861858813134;0.11692425528484561;0.1079394602558528;0.9763867594443083;0.9763839358026197;0.9907484248690764;0.9212862507210906;0.9212708966725918;0.9562250830497252;0.2977574750830565;0.8108938560561733;0.015262188297345547;14.911447048187256
0.8;0.2;1;242;2;2;0.1198856113755406;0.11988561137554041;0.1090014462732116;0.10726860143102361;0.09862682675900072;0.9088299306667319;0.9088190279104709;0.9541719921632864;0.8897768175076937;0.8897553256038623;0.9415019239172828;0.30324459234608986;0.8223600595932575;0.013520139277138743;19.522058725357056
0.8;0.2;2;221;2;2;0.12009116129023235;0.12009116129023253;0.12041650111220244;0.11870565266341275;0.10942248810680481;0.9721377303662515;0.9721343984890175;0.9887715358334633;0.9074219298458865;0.9074038729365678;0.9499011602399375;0.29606625258799174;0.8073402041812094;0.01589815000952262;18.772282123565674
0.8;0.2;3;176;2;2;0.1197387895413758;0.11973878954137601;0.1279086958190765;0.12621262245055528;0.11487439269000604;0.8403071946611492;0.8402881010094151;0.9087871818662254;0.8145140493945657;0.8144778823549073;0.8898512733385335;0.29045643153526973;0.7954859745737998;0.017715721396345717;15.701182126998901
0.8;0.2;4;186;2;2;0.11980399581064505;0.11980399581064494;0.12371951277370237;0.12201556909847104;0.10950137162253994;0.8366436867145896;0.8366241544662445;0.9062631802252316;0.8558813352404255;0.855853245976376;0.9196313240054952;0.2921161825726141;0.7990039508995597;0.017146632205264814;16.38372015953064
0.8;0.2;5;172;2;2;0.11971687529814207;0.11971687529814228;0.12834652982483258;0.12665124863455604;0.11578699831599092;0.8412325069455588;0.8412135240633382;0.9094187304657226;0.8135072344068652;0.8134708677752656;0.8888330919699141;0.29057700290577004;0.7957418401172458;0.017659785523882233;15.319918870925903
0.8;0.2;6;220;2;2;0.11954568760642297;0.11954568760642313;0.12959526840665103;0.12790235315627593;0.11764287831181879;0.8125346867664623;0.8125122724980456;0.8886934923572597;0.7962494914046149;0.7962097556713869;0.8756500530802962;0.2899211945250933;0.7943495660386943;0.01791583330545997;18.845016956329346
0.8;0.2;7;174;2;2;0.11991336993564558;0.1199133699356457;0.11261736618220612;0.11089163231552063;0.10198354458301613;0.8893062392124933;0.8892930010701261;0.9419183929326193;0.8939752471299717;0.8939545762833979;0.9446472990577282;0.3026151930261519;0.8210497344505021;0.01376644874231863;15.344107389450073
0.8;0.2;8;171;2;2;0.1199877109031232;0.11998771090312337;0.12033475415822183;0.11862374670616571;0.10907569374892215;0.9526650152065519;0.9526593553109762;0.9789167122846714;0.8965887997799019;0.896568629920433;0.9435982028161053;0.29443521594684385;0.803904220667988;0.016341647603403522;13.612369060516357
0.8;0.2;9;290;2;2;0.11980977195504879;0.11980977195504833;0.11054704253953901;0.10881724950398362;0.10003830481465888;0.9056012016888741;0.9055899133130482;0.9522319571067724;0.909702223250815;0.9096846177113896;0.9541148285166667;0.30387661525635684;0.8236745737550115;0.01327625395423946;17.659811973571777
0.8;0.3;0;159;3;3;0.10313604558223412;0.09460519418443455;0.13185101303360744;0.12885748615958056;0.11996415184770448;0.49828920194323695;0.4981958792777321;0.49949621837137265;0.6191791903604763;0.6190552587555986;0.7079197912756532;0.25100516944284895;0.7091178823717789;0.032687325419741814;13.905754327774048
0.8;0.3;1;200;3;3;0.09290305534491525;0.09382371698616605;0.19706720723389218;0.19438893021590714;0.17392285944912134;0.5255956022022398;0.525507125075461;0.5364193758422355;0.5542528083526376;0.5541159144041795;0.5841695620296942;0.17261518494484102;0.5202575123139549;0.07548310078054768;17.27992844581604
0.8;0.3;2;251;2;2;0.11976328435419024;0.11976328435419002;0.11377277315122047;0.11204931777908339;0.10129906538446476;0.8881587436308915;0.8881453697937326;0.9412756805911343;0.9055838162824951;0.9055654095382152;0.9520068648672668;0.3004577611319184;0.8165486249268578;0.014354108168976441;16.39399766921997
0.8;0.3;3;170;2;2;0.11975132034469067;0.11975132034469073;0.11168124992363734;0.10995298036450189;0.10425846752025568;0.9004277251669361;0.9004158176160173;0.9490029350266717;0.8469407796224092;0.8469109070074096;0.9072488410231329;0.30432972522897583;0.8246161914439936;0.01317594163348984;13.65359878540039
0.8;0.3;4;184;2;2;0.1198419220392368;0.11984192203923677;0.12319280913598823;0.12148741500185183;0.11250342263451961;0.8962631335017995;0.8962507287774165;0.9464236814320862;0.8658285785757209;0.8658024112240698;0.9248151956374596;0.29292511377741004;0.800715272088941;0.01696961934625639;14.835952043533325
0.8;0.3;5;149;2;2;0.11991627557977382;0.11991627557977387;0.10972699626610227;0.10799564136395655;0.09896125905577657;0.8963417101078796;0.896329313698528;0.9464236673439061;0.900711201264982;0.9006918436765926;0.9488492661243323;0.3051623646960866;0.8263448130406339;0.012932008915456927;13.291898965835571
0.8;0.3;6;168;2;2;0.11983615557096143;0.11983615557096125;0.10838314364899992;0.10664907246030493;0.09851914424184198;0.8995154187873722;0.8995034015862008;0.9483577827188635;0.8900662608290093;0.8900448246031244;0.9415019186303344;0.30423940149625933;0.8244285399420681;0.01324710708886822;14.029559850692749
0.8;0.3;7;159;2;2;0.1198496609246479;0.11984966092464788;0.12149202377668532;0.11978310628943595;0.11116872261879136;0.9035444686440128;0.9035329348964571;0.9509397003818584;0.8845057156806194;0.8844831836090926;0.9341830539170554;0.2948983824139361;0.8048808189975893;0.01622859765932244;13.550350904464722
0.8;0.3;8;317;3;3;0.10089998724311934;0.09353368591457635;0.13082637671395597;0.12788830144105606;0.09797310161615143;0.486851465689211;0.4867562506008228;0.47884400396525717;0.5939377045643216;0.5938101508750692;0.6532281234009784;0.23116438356164384;0.6635898796439695;0.03938333428720369;18.262110948562622
0.8;0.3;9;171;2;2;0.11994791175080641;0.1199479117508065;0.11600918216545157;0.11429026050743621;0.1022867566797723;0.8926414712248021;0.892628635005826;0.9438479472428456;0.904157928131415;0.9041392485720656;0.9509537859980892;0.2975792988313856;0.8105199028622805;0.01516878230228013;13.90938663482666
0.8;0.4;0;218;2;2;0.11973638695047688;0.11973638695047657;0.1275614574958339;0.12586470880619693;0.11429634701018489;0.8403071946611492;0.8402881010094151;0.9087871818662254;0.8145140493945657;0.8144778823549073;0.8898512733385335;0.2909921129099211;0.7966223831089052;0.017516782620825275;15.403844118118286
0.8;0.4;1;179;2;2;0.11998418299621336;0.11998418299621341;0.11082035847846272;0.10909116151458213;0.10007982348321676;0.9003823132357704;0.9003704006735305;0.9490029404394148;0.8954101262253872;0.8953897360869063;0.9456969234003028;0.304837364470392;0.8256703508450085;0.01298317502826471;13.229607105255127
0.8;0.4;2;189;2;2;0.1197344946388605;0.11973449463886056;0.12442598622873713;0.12272345214926432;0.10845862004585236;0.8411736192685658;0.8411546290745737;0.9094187265680982;0.8638426484562004;0.8638161123211073;0.9248153295971251;0.29087136929460583;0.7963663167691081;0.017572498619519802;13.76003384590149
0.8;0.4;3;305;3;3;0.10499958891840275;0.0943639942540211;0.10931109941803092;0.10623582742259002;0.09549099874018825;0.5253737794565339;0.5252852785604885;0.5297408703753915;0.6435548143158154;0.643438562857318;0.7289910804607646;0.2997587454764777;0.8103047170194613;0.019206145380766176;18.64751887321472
0.8;0.4;4;428;2;2;0.11985107428781842;0.11985107428781838;0.1141800331373144;0.11245739006517878;0.10213067108082247;0.8892694677989499;0.8892562275265447;0.9419184229229688;0.9054479513130663;0.905429518640876;0.9520068685851486;0.30079265748852735;0.81724830736121;0.01418033127436099;24.834882020950317
0.8;0.4;5;154;2;2;0.1199904500223997;0.11999045002239982;0.11695311992878202;0.11523532602307204;0.10763872738153939;0.9666188647330474;0.9666148730918288;0.9861387580512854;0.9025934302360139;0.9025744256006948;0.9435981577882039;0.2978811798919817;0.8111534251522219;0.015210187210338719;13.053043842315674
0.8;0.4;6;154;2;2;0.12004421919717384;0.12004421919717377;0.1181864775594021;0.1164717896560062;0.103758687012652;0.8773512683636137;0.877336602777957;0.934220106976006;0.8713853059952207;0.87136023907249;0.9300138842253561;0.3;0.8155916640410497;0.01445960749827263;15.348981618881226
0.8;0.4;7;182;2;2;0.11998947814417023;0.11998947814417003;0.11904715879518807;0.11733367440053284;0.10761814149381252;0.9577897041811908;0.9577846570502454;0.9815398410408644;0.9030911764315046;0.9030722756109315;0.9477978493918192;0.2955112219451372;0.8061719335612685;0.01596150293745379;15.528997898101807
0.8;0.4;8;178;2;2;0.1197795734647211;0.11977957346472114;0.11559513505001819;0.11387535364250295;0.10174619291377014;0.8912865407780309;0.891273541691098;0.9432045456140082;0.9303610009327417;0.9303474272248893;0.9668116470778689;0.29970821175489787;0.8149813217652011;0.014537971792470267;15.335094928741455
0.8;0.4;9;277;3;3;0.09240794470943553;0.09223101244510766;0.10283238891193346;0.09985230682087083;0.045934327502621;0.40440519501254973;0.4042942990851921;0.41915368929980035;0.4962687811644928;0.49611528388543824;0.5134718948489948;0.3515398024404416;0.9090425531914894;0.003277546396186954;22.401530265808105
0.8;0.5;0;198;2;2;0.11978113395785867;0.11978113395785861;0.12427493209964913;0.1225720903767431;0.1088851996977116;0.8367445690699292;0.8367250494532799;0.9062631884713034;0.8485671654299562;0.8485376515861967;0.9144619019522248;0.29206481096800996;0.7988952001791161;0.01712241970276035;16.392781972885132
0.8;0.5;1;207;2;2;0.1198920482162124;0.11989204821621237;0.11437652163323521;0.11265376271668456;0.10599416957773007;0.9186364836932701;0.9186267534083845;0.9600039565382231;0.8644264263395219;0.8643999769487416;0.9217029807512975;0.30449251247920134;0.8249543234496841;0.013150196286458991;17.46245527267456
0.8;0.5;2;162;2;2;0.12010727993550059;0.12010727993550034;0.12038510445732392;0.11867418099114062;0.1096898856928598;0.9720821653102542;0.9720788269026768;0.9887715369930236;0.9174457582556572;0.9174296561080952;0.9551696448531265;0.2960199004975124;0.8072426770770978;0.015873945779971053;14.84180235862732
0.8;0.5;3;212;2;2;0.1196325689491043;0.11963256894910398;0.12519898881841984;0.12349793675516728;0.10857464268825527;0.8515790292022627;0.8515612844615411;0.9163802342527158;0.865159829805257;0.865133549541144;0.9258538703506395;0.29328327075511057;0.8014722814700165;0.01657696592832633;15.729192018508911
0.8;0.5;4;205;2;2;0.11980662964865214;0.11980662964865203;0.12444961402534432;0.12274708245833689;0.10955797460938634;0.8430283260411818;0.8430095578743397;0.9106824817370459;0.8634435788406002;0.8634169631803996;0.9248153169777567;0.2911129568106312;0.7968786141745562;0.017461164416792616;15.602521181106567
0.8;0.5;5;191;2;2;0.11981946530388846;0.11981946530388815;0.10821722426436169;0.106482805960083;0.09876468738141357;0.8832680226238038;0.8832540626151084;0.9380652901380925;0.8837663266354627;0.8837436611493413;0.9373162579256006;0.30395010395010397;0.8238273366690152;0.013321532412457086;16.8966121673584
0.8;0.5;6;205;2;2;0.11993524647915509;0.11993524647915514;0.10947497147305266;0.10774302373812507;0.09927760956342963;0.8912304490541855;0.8912174415114328;0.9432045225874646;0.876995129542283;0.8769711445472491;0.9331399309924026;0.30311850311850314;0.8220976600847721;0.013569206915229969;17.230920553207397
0.8;0.5;7;212;2;2;0.11980017485498039;0.11980017485498028;0.11425592675041787;0.1125334412032693;0.10202079837144921;0.9003777429031851;0.9003658299984165;0.9490029430726408;0.9176452417850787;0.9176291871809859;0.9593949778420037;0.30183180682764366;0.8194170593312965;0.013922290465680665;17.36820912361145
0.8;0.5;8;186;2;2;0.1198509845172251;0.11985098451722502;0.11098340966554429;0.10925444262620064;0.10050764814247919;0.9015334877600831;0.9015217121232956;0.9496482953958573;0.9064920076656767;0.9064737756091181;0.9520068489629884;0.30449251247920134;0.8249543234496841;0.013150196286458991;16.501728296279907
0.8;0.5;9;227;3;3;0.09282591374964802;0.08964636101335303;0.09703066591901005;0.09403893485265533;0.05094267148974503;0.2920403541849626;0.29190922714260753;0.28350884721531644;0.40380775601650115;0.40362690112624505;0.43528171787279935;0.3093220338983051;0.8349476690128976;0.011391278690773218;16.942103385925293
0.8;0.6;0;190;2;2;0.11977111704114206;0.11977111704114182;0.12413456513726315;0.1224314777624261;0.1067072473250767;0.8449733996890648;0.8449548645942998;0.9119471176338723;0.8640202185313087;0.863993717539274;0.9248153334800068;0.2910602910602911;0.7967669503782664;0.017437019247840115;15.677747249603271
0.8;0.6;1;171;2;2;0.11987711847048893;0.11987711847048865;0.11241353889422959;0.1106867643348561;0.10428001814698032;0.9113436427124308;0.9113330395714266;0.95546643713779;0.8551941099231208;0.8551658510734017;0.9134294780634309;0.3025279734769996;0.8208680551224479;0.013839345889463867;15.164162635803223
0.8;0.6;2;313;3;3;0.09678846075944365;0.09238615333692933;0.12994303175564026;0.12706120468451496;0.07294293330145458;0.4197658254775191;0.41965848190346694;0.40369016388682155;0.48138311911619863;0.4812258956553196;0.48820883325336223;0.22021660649819494;0.6378345064936414;0.04632866467520941;18.245059490203857
0.8;0.6;3;177;2;2;0.11992648947723378;0.11992648947723404;0.12169219407262513;0.11998369650285616;0.11146973621114777;0.933185879999956;0.9331778907122297;0.9684592862976267;0.9056974142419598;0.9056790173588082;0.9467470329796734;0.2960963455149502;0.8074035174619769;0.01579694365166301;14.820496797561646
0.8;0.6;4;169;2;2;0.12006957137507183;0.12006957137507163;0.11098186305228508;0.109252990424281;0.09959731073308901;0.9173967869357939;0.9173869090120153;0.9593550904289194;0.903795899523448;0.9037771445055145;0.9509537532805109;0.3042934556065027;0.8245408428411166;0.013153434864377339;15.990514278411865
0.8;0.6;5;351;2;2;0.12002591015329324;0.120025910153293;0.1181344418651535;0.11641949877460304;0.10508714778050383;0.9561775856074822;0.9561723455071192;0.9808837275906458;0.9602830116934866;0.9602752690865403;0.9828006047451063;0.29597343295973433;0.8071449000636867;0.015849922474163232;26.979856252670288
0.8;0.6;6;224;2;2;0.11980510129481549;0.11980510129481542;0.11339630350422193;0.11167212623600391;0.10086956514780539;0.8842156502015002;0.8842018053063682;0.9387069500118724;0.9003910825922796;0.900371663804275;0.9488492742694536;0.30150125104253545;0.8187275499649498;0.013976136850680186;17.688968420028687
0.8;0.6;7;185;2;2;0.12009910824151847;0.12009910824151845;0.11406690842191942;0.1123441716232948;0.10051842840835098;0.9163014788922346;0.9162914700745457;0.9587064371865174;0.9159428125790549;0.9159264289457851;0.958337804518227;0.30062370062370064;0.8168953591562048;0.01432682209127678;16.66423225402832
0.8;0.6;8;186;2;2;0.1198476799712212;0.11984767997122114;0.10936518540640933;0.10763301202709626;0.0985486532385923;0.9025507665516085;0.9025391126781934;0.9502938806502598;0.8952691507609729;0.8952487286900942;0.9446472749376855;0.30353430353430355;0.8229627742423776;0.013445066699479258;15.649543762207031
0.8;0.6;9;208;3;3;0.08802284244584348;0.0926449516329092;0.20105397125799399;0.1983863952076977;0.17656271441987614;0.48951505586423855;0.4894198796716062;0.5093463472067277;0.557629512699849;0.5574934157719448;0.591700577051379;0.21406151914626492;0.6231502665794508;0.047393229429159724;18.770052194595337
0.8;0.7;0;177;2;2;0.11982681516812786;0.11982681516812767;0.12680106380403353;0.12510278900054717;0.11440003519375211;0.8676972143354567;0.8676813941237039;0.9278289682606499;0.8317557116717822;0.8317229041516228;0.9021145706446586;0.29221854304635764;0.7992206163323461;0.017195634331494833;16.301385641098022
0.8;0.7;1;191;3;3;0.10499419588305266;0.0950759313875722;0.11125126057241524;0.1081464599898674;0.09747822599611872;0.5384193966068348;0.5383333413296773;0.5361079654073383;0.6938398884572461;0.6937377614801191;0.7791507823457253;0.29285714285714287;0.8001285690027412;0.021739402237745308;18.392059803009033
0.8;0.7;2;220;3;3;0.0970997798263912;0.09212806270468979;0.13008552876210777;0.12720267643204386;0.07125838063294015;0.42452872196821895;0.42442218282768035;0.41754123258877707;0.4741658733497489;0.4740063168395792;0.48634313537271956;0.23480825958702065;0.6720610399344468;0.04003288487996855;18.011951208114624
0.8;0.7;3;196;2;2;0.1198566606461491;0.11985666064614933;0.1092734914281044;0.10754110247922712;0.09925456144593127;0.9036845398087394;0.9036730212031278;0.9509396797407867;0.9009972807199076;0.9009779745414729;0.9477978702855324;0.303156146179402;0.8221760029476908;0.013592191430443448;16.63481378555298
0.8;0.7;4;146;2;2;0.11979597780875947;0.11979597780875946;0.11261300689780496;0.11088655011951516;0.1047869121384347;0.9077889338828096;0.9077779065376164;0.9535250911219203;0.8501250519147133;0.8500958007751138;0.9093067151217452;0.3036605657237937;0.8232253660656841;0.01339621928967645;14.270665645599365
0.8;0.7;5;493;3;3;0.09976358457363899;0.09886999788667901;0.13470290458138182;0.1316973581843102;0.11313663722288689;0.5573280811370946;0.5572452725900591;0.5666063337947167;0.6545130835152344;0.6543991345923521;0.7266449801274746;0.26360103626943004;0.7372792575501783;0.02947925433846764;32.53628897666931
0.8;0.7;6;227;2;2;0.11973511246982352;0.11973511246982314;0.11394415551721435;0.11222106367592344;0.10138435327002561;0.8921883578454576;0.8921754658645122;0.9438479264100966;0.9071149346738566;0.9070968272447016;0.9530605664188598;0.3004577611319184;0.8165486249268578;0.014354108168976441;16.27644157409668
0.8;0.7;7;200;3;3;0.10432152834306466;0.09816374817503402;0.11548272265461064;0.11238044044115278;0.10627331207152478;0.5433139754331802;0.5432287785714291;0.5432207935497447;0.6848585830997823;0.6847525886860375;0.7667235942901343;0.2850152905198777;0.7838893068000442;0.023451079306362504;18.759289979934692
0.8;0.7;8;189;2;2;0.1198870905164921;0.119887090516492;0.11097188992854717;0.10924291187832813;0.10114958582029526;0.8922257882692496;0.8922128998731969;0.9438479147050918;0.8977633746627677;0.8977434410479255;0.9467471083818381;0.30324459234608986;0.8223600595932575;0.013520139277138743;15.493926286697388
0.8;0.7;9;188;2;2;0.11978712638255955;0.11978712638255969;0.1118595590301252;0.11013167183604775;0.10446260601289352;0.9035373609822767;0.9035258254063108;0.9509396878330271;0.846294370190952;0.846264372999922;0.907248853497385;0.3044564764681383;0.8248794788614404;0.013127605023897836;16.09849452972412
0.8;0.8;0;173;2;2;0.12007823011135371;0.12007823011135385;0.12043032297663057;0.11871944477300858;0.1099135082578615;0.9751143179630204;0.9751113422376231;0.9900892437485564;0.9170221630109098;0.9170059772016308;0.9541147746053915;0.29651162790697677;0.8082769405967353;0.015662324634831692;15.325208187103271
0.8;0.8;1;148;2;2;0.11991485036141947;0.11991485036141937;0.12316164121665481;0.12145655662683254;0.10975982132242917;0.8555516222349463;0.8555343501170838;0.919553286971433;0.8511459274006239;0.8511169127277465;0.9165279004456105;0.2990420658059142;0.8135868966719202;0.014769621654098217;14.125366926193237
0.8;0.8;2;203;2;2;0.1198121316183265;0.11981213161832659;0.11439760131235945;0.1126753712669269;0.10253776143987056;0.886204419976452;0.8861908128881482;0.9399908795430091;0.907236096520388;0.9072180121698796;0.9530605628331086;0.30041666666666667;0.8164627434643553;0.014331074027078575;15.820671319961548
0.8;0.8;3;186;2;2;0.11996050312709843;0.11996050312709834;0.11249048277338952;0.11076390911936501;0.1036298114391389;0.9240470513543085;0.9240379685293683;0.9632516202063156;0.8558295380695614;0.8558014053710596;0.9144616359762228;0.3029546400332917;0.8217565749477795;0.013595475213356481;15.92728066444397
0.8;0.8;4;302;3;3;0.1013335335290867;0.09320088416104921;0.12836865588923843;0.12540452426985413;0.10128699357530815;0.48072560076015536;0.4806291597492497;0.48053255000568146;0.573785760135284;0.5736504569956263;0.652581472597347;0.26499708794408855;0.7403659749543905;0.023075428906654538;22.825960397720337
0.8;0.8;5;198;3;3;0.1037138429769868;0.09529822152583986;0.11021810366632731;0.10712772161220356;0.09692108978172011;0.5180850176290742;0.5179952248067454;0.5236632556821993;0.6394048732094816;0.6392859574532375;0.7308207645570315;0.28888888888888886;0.7921551219709045;0.015153040994439107;18.468966245651245
0.8;0.8;6;149;2;2;0.11984076690334847;0.11984076690334866;0.12672651942888025;0.12502794438569964;0.11694257247136113;0.8706465420015618;0.8706310750680071;0.9297440143633927;0.8274108636791879;0.8273772009945072;0.8980174147608966;0.29175300455864067;0.7982349384347862;0.017312388492045076;15.922212600708008
0.8;0.8;7;149;2;2;0.11992890747660995;0.11992890747660999;0.11619602510705933;0.11447741216840832;0.1026530119969299;0.874423285152183;0.8744082693365645;0.9323004618662455;0.8985632632065303;0.8985434916324243;0.947797932629577;0.30150125104253545;0.8187275499649498;0.013976136850680186;18.316827058792114
0.8;0.8;8;160;2;2;0.11975191967234505;0.11975191967234497;0.11156353996956837;0.10983502345091065;0.10410506887069483;0.9014505014000012;0.9014387162649573;0.9496483008845426;0.8488709445213232;0.8488414478290909;0.9082774805119379;0.3044564764681383;0.8248794788614404;0.013127605023897836;15.766813278198242
0.8;0.8;9;179;2;2;0.11995108295614025;0.11995108295614039;0.1113755511317968;0.10964736936570851;0.1013714886831425;0.8862729383740674;0.8862593375984213;0.9399908545249792;0.8892922047585446;0.8892706198367007;0.941501934113538;0.3043659043659044;0.8246913478923206;0.013198603189746326;15.562376737594604
0.8;0.9;0;309;2;2;0.11973529063457788;0.11973529063457791;0.11062967371789016;0.10890018403454303;0.09841277798649617;0.8722661773387482;0.8722508966764937;0.9297439119155207;0.8693915814108379;0.8693661218335997;0.9289729777454601;0.32068390325271057;0.8581696521859145;0.008788675100309305;25.416142463684082
0.8;0.9;1;1000;3;3;0.08139237744602722;0.09194109759597255;0.17693158374460524;0.17417126200880315;0.1454734627621109;0.45812107752106646;0.45802040326129023;0.46292309461847947;0.576472523569958;0.5763412263422921;0.6203283046279;0.3160493827160494;0.8487457967256452;0.007470236018093188;57.07223296165466
0.8;0.9;2;198;3;3;0.10089904642264426;0.09306785922163902;0.13404828848819952;0.1310703771290824;0.11803652786694359;0.4395046494983651;0.4394005094609004;0.4419575380250905;0.591284045697159;0.5911517018372087;0.6830071503426773;0.2937464142283419;0.8024505714497009;0.013669109469639333;17.128004789352417
0.8;0.9;3;255;2;2;0.1196662665680658;0.11966626656806605;0.11093109258955643;0.10920216083614023;0.09952090635702576;0.877980368211193;0.8779657714697208;0.9335799189637213;0.8902083154363698;0.8901869127778389;0.9425498291392548;0.3209515859766277;0.858711939485874;0.0087096261285705;18.432694911956787
0.8;0.9;4;212;3;3;0.10260127362783755;0.09340772675379198;0.11408272684660328;0.11103715331127348;0.09057809949935768;0.48980214692687507;0.4897073312866013;0.4869017981979441;0.6416652355834787;0.6415492895861302;0.723578900451988;0.28861330326944756;0.7915686958088695;0.015615232104896515;18.996448755264282
0.8;0.9;5;158;2;2;0.1196189566067262;0.1196189566067263;0.10964415969515927;0.1079126328563537;0.09779950329695702;0.8650828250498391;0.8650666838981191;0.9246415080460858;0.8825713779992524;0.8825484834571407;0.9373162855773639;0.3198835274542429;0.8565468920494141;0.009028122329693189;15.667645454406738
0.8;0.9;6;402;3;3;0.09999726758913226;0.0925941553381718;0.13055474809444054;0.1276026082661728;0.10606259850881128;0.45142850189532124;0.4513265947625536;0.4567863952231152;0.6082275106000912;0.6081034821349579;0.6741145286490434;0.29959040374488005;0.8147348215304258;0.011714024903403779;28.705554008483887
0.8;0.9;7;1000;3;3;0.08649901290940847;0.08975797265387271;0.15278489846472268;0.14994388319564042;0.15121590972844207;0.44627367391428063;0.4461707662619237;0.45232253444017056;0.5276276474383227;0.5274811997467751;0.5725941984284781;0.32549268912905277;0.867878195980372;0.005711553941568262;55.92343592643738
0.8;0.9;8;157;2;2;0.11963904223747882;0.11963904223747876;0.11190472347289931;0.11017706023345238;0.10415717642550225;0.8382791556000997;0.8382598104324147;0.9068937267270862;0.8061524150642028;0.8061145914368464;0.880708635282746;0.32148829431438125;0.8597985727531766;0.008552674836367423;15.818132638931274
0.8;0.9;9;190;2;2;0.11989878895056712;0.11989878895056746;0.11169449425979518;0.10996693276889619;0.10236409937998293;0.8631657735993137;0.8631494030963763;0.9233681041126869;0.8860080017786582;0.8859857765291438;0.9394079419440606;0.3198835274542429;0.8565468920494141;0.009028122329693189;17.77611255645752
0.8;1.0;0;538;3;3;0.09915443637384977;0.0919644954350111;0.1289430942511251;0.12599931672633144;0.09592248073044472;0.4118502973522869;0.4117411195553793;0.4146602682514342;0.5716118174178223;0.5714773093973281;0.6355091382514064;0.3333333333333333;0.8567973905655326;0.008033052098575367;39.252277851104736
0.8;1.0;1;1000;3;3;0.09835230818499754;0.09172487687394705;0.12908720794739592;0.1261341268681058;0.09692445477512159;0.4101287871831307;0.41001930084493005;0.4125039096748445;0.5433296804459203;0.5431854464248265;0.6234067289958191;0.3347058823529412;0.8547874067802507;0.008099693313396918;70.73833703994751
0.8;1.0;2;1000;4;3;0.057200176869521356;0.08212793683182368;0.08801748721581566;0.08488803164433778;0.07226817722288398;0.29422062621761746;0.294051183369051;0.2608920992389338;0.47848180752514363;0.4783135732513226;0.57547041959156;0.30565497494631355;0.8273664705942738;0.012939894973873961;75.66804242134094
0.8;1.0;3;646;3;3;0.09831161658646849;0.09217773716208721;0.13810703030182353;0.1351715861201607;0.11557243607931081;0.39538961795106825;0.3952773763791456;0.3911947695565592;0.6041422803484192;0.6040162863720907;0.671791161572345;0.33197199533255545;0.8567973905655326;0.008156560268289141;48.599475145339966
0.8;1.0;4;225;2;2;0.11108921927220226;0.1110892192722024;0.10851835451304617;0.10678464910963252;0.09717036129392166;0.7642572414262084;0.7642290121900994;0.8473490260692325;0.8210865865641944;0.8210517051650964;0.8949508233348952;0.3586728265434691;0.9282647844777506;0.0020554592031482542;18.44524884223938
0.8;1.0;5;220;2;2;0.11113148424791018;0.11113148424791018;0.10893768786799671;0.10720483993467984;0.09714130655859306;0.7635769483222952;0.763548637138878;0.8467394012457095;0.815383748418989;0.815347757425964;0.8908700618252887;0.35852225020990763;0.9279338522907711;0.0020746814358079783;16.81405258178711
0.8;1.0;6;214;2;2;0.11113148424791018;0.11113148424791018;0.10893768786799671;0.10720483993467984;0.09714130655859306;0.7635769483222952;0.763548637138878;0.8467394012457095;0.815383748418989;0.815347757425964;0.8908700618252887;0.35852225020990763;0.9279338522907711;0.0020746814358079783;17.754058361053467
0.8;1.0;7;242;2;2;0.11113030061856433;0.11113030061856417;0.10881661764887549;0.10708352398921249;0.09698630284265769;0.7642572414262084;0.7642290121900994;0.8473490260692325;0.8167968331491734;0.8167611170917063;0.8918893782149779;0.3586728265434691;0.9282647844777506;0.0020554592031482542;19.352879285812378
0.8;1.0;8;155;2;2;0.1194494207341587;0.11944942073415865;0.11826770884776186;0.11655248804002519;0.10960083836278087;0.7958907226209383;0.7958662721601222;0.8688236455122331;0.8311005852352858;0.8310676326780684;0.89904074059607;0.3555370524562864;0.9213152085511793;0.0024786192627868596;15.528573036193848
0.8;1.0;9;162;2;2;0.11113305123042198;0.11113305123042216;0.11004759100373197;0.10831694114507871;0.09707809180362331;0.763833773348572;0.7638054953189664;0.8473490571599066;0.8180757715912643;0.8180403075016603;0.8929093018043041;0.3592763988220446;0.929588513225669;0.001979493778500988;15.275381565093994
0.9;0.0;0;167;2;2;0.11981325727061941;0.11981325727061926;0.11818941361867523;0.11647413247872597;0.10748320659438186;0.9255144619803033;0.9255055566687116;0.9632516455062665;0.8936281015145513;0.8936073510441149;0.9404545667076952;0.3013008812421318;0.8183094262237083;0.013864549393636155;15.45231556892395
0.9;0.0;1;171;2;2;0.11969135707935374;0.11969135707935394;0.1162178233319965;0.11449922727036428;0.10321403558033093;0.8862613698181975;0.8862477717584285;0.9393488349603806;0.9320946786160954;0.9320814423224416;0.9678734964439908;0.3000419639110365;0.8156794186853408;0.0142463365146554;15.216407299041748
0.9;0.0;2;179;2;2;0.11977640363292374;0.11977640363292379;0.11162399320600128;0.10989568260764157;0.10392825150085554;0.8954832595904034;0.8954707626939638;0.9457794278751034;0.8519877350215559;0.8519588504482116;0.9113669434186814;0.3067561896768779;0.8296475683346279;0.012274004449523299;14.511770248413086
0.9;0.0;3;154;2;2;0.11980768759859721;0.11980768759859743;0.12180479372147582;0.12009709555938726;0.10824475490050416;0.8557532325395462;0.855735987684233;0.9189182757237492;0.8742020696870224;0.8741775500452604;0.9320973749180547;0.29752412924884597;0.8104040930860668;0.015026680872512743;13.844905614852905
0.9;0.0;4;181;2;2;0.11990561912399827;0.1199056191239983;0.11045411156678848;0.10872418140782783;0.09951432187411487;0.900604697854227;0.9005928132307994;0.9490029578479595;0.9092259960636714;0.9092082988222442;0.9541148361195286;0.307175828787243;0.8305158132706932;0.012155917339986777;16.35653066635132
0.9;0.0;5;1000;3;3;0.08484542760354574;0.09314262066110413;0.1863236337421198;0.1836026818020514;0.16109725753384846;0.4385566502575462;0.43845257840550117;0.4335296977757886;0.5604903758608093;0.5603547922035149;0.6000966223094006;0.2222863741339492;0.6427391400606919;0.059733678726374626;52.90825867652893
0.9;0.0;6;354;2;2;0.11995437389603707;0.11995437389603707;0.11795620976487414;0.1162409101764598;0.10451277771942691;0.9273456446914691;0.9273369585818544;0.9639018380697297;0.9499751679872799;0.9499654157783889;0.977456381228333;0.29920268569030634;0.8139232487076324;0.014503960216305914;24.28789734840393
0.9;0.0;7;342;3;3;0.09912738976941152;0.09298380841329767;0.13400107247156234;0.13108052975050768;0.09656820300294353;0.46802195895066845;0.4679234492185554;0.446666342388648;0.5844242043728177;0.584294189087479;0.6399537390829247;0.2319949012109624;0.6655250481535173;0.0355616880101432;22.307635068893433
0.9;0.0;8;288;3;3;0.10028202640551419;0.09430101387582655;0.13710515005509635;0.13416647978161955;0.11623533098558333;0.46921634452798133;0.4691180094055586;0.4561485364116382;0.608594315267776;0.608469748870568;0.6776989857569005;0.2330508474576271;0.6679817179717646;0.04243314141255093;20.46065402030945
0.9;0.0;9;175;2;2;0.0875994822477531;0.0875994822477528;0.08804182078910418;0.08626863830671123;0.05435672740263622;0.0008177872424366274;0.0006982833058211835;0.000864508237968546;0.007603856224847907;0.0074104730574570165;0.01035761708451932;0.25935596170583114;0.7278512108949612;0.028104013050133714;14.826966524124146
0.9;0.1;0;180;2;2;0.11989262490780177;0.11989262490780161;0.12188598723033275;0.12017845498261907;0.1088530635567495;0.8598829015229565;0.8598661494600134;0.9220957343620241;0.8664357249011404;0.8664096918138067;0.9268929891496761;0.3013008812421318;0.8183094262237083;0.013864549393636155;14.76291012763977
0.9;0.1;1;1000;3;3;0.10260233461896842;0.09301757851119317;0.10255453686481153;0.09945431302004236;0.09275810247361588;0.4874930574113826;0.4873977311313505;0.4930962817903707;0.6064276174996814;0.6062991349739637;0.7001420851879513;0.3140877598152425;0.8355833693992373;0.014575125054581292;52.92517566680908
0.9;0.1;2;168;2;2;0.11988601488521383;0.11988601488521378;0.12299349421303955;0.12128807406918267;0.1095165844595441;0.8657850552772833;0.8657690092634657;0.9259159440655356;0.8709639665636666;0.8709388145020068;0.93001386276482;0.2996223248006714;0.8148016172240903;0.014374837814551303;15.642464637756348
0.9;0.1;3;1000;3;3;0.09807727510112892;0.09201387362235204;0.12945211633447484;0.1265117775036445;0.09328781121015087;0.4639853030761772;0.46388606907724955;0.4435228143980588;0.5900722690215963;0.5899436841355492;0.6482317640919535;0.23337515683814303;0.6687353827233835;0.035458334287078466;54.43914437294006
0.9;0.1;4;183;2;2;0.11988028973212998;0.11988028973213012;0.11296613392129659;0.11124060003813;0.10461565604723606;0.9080988319843506;0.9080878436733558;0.9535251162968083;0.8617652855692765;0.8617383157461834;0.9196311158692398;0.3059169114561477;0.8279094044684049;0.012511995726558318;14.980348348617554
0.9;0.1;5;1000;4;3;0.05923111431044211;0.08117207752951772;0.1491427808968036;0.14631136039980447;0.1195101031693861;0.3245584093984928;0.32439480759062234;0.2802521212102547;0.49418341120308407;0.494028759137019;0.5274031256818779;0.043121149897330596;0.14610008155066048;0.3964971681917211;75.87792682647705
0.9;0.1;6;165;2;2;0.12002759022637664;0.12002759022637659;0.11815144554495527;0.11643610538388754;0.10709378295045957;0.9525196483337722;0.9525139718738083;0.9769516786399497;0.9061462517792599;0.906127943691297;0.9477978267007785;0.29920268569030634;0.8139232487076324;0.014503960216305914;15.115903377532959
0.9;0.1;7;148;2;2;0.11956512891280831;0.1195651289128085;0.12177330454562567;0.12006556107163462;0.10815057510472584;0.8524742420791521;0.8524566057955868;0.9163802546817917;0.883869643614147;0.8838470088510473;0.9383618712922471;0.29500629458665545;0.8051082542310599;0.015829567883988788;13.365975856781006
0.9;0.1;8;184;2;2;0.11961076819178201;0.1196107681917822;0.1251905366029928;0.1234894681043929;0.10797934676415434;0.8468066422195341;0.8467883281961187;0.9125797880323907;0.8682605254625397;0.8682348495220545;0.9279327120180049;0.29584557280738566;0.8068758204810255;0.015559420265307468;15.038943767547607
0.9;0.1;9;219;3;3;0.09905963758112912;0.09363686990157646;0.13570722935250584;0.13278572749428225;0.10358902300449276;0.47664321289950834;0.47654629580988445;0.455987976662094;0.5928406845986556;0.5927127926360743;0.6510670882763879;0.23474470734744707;0.6719137242335156;0.03604344512790753;17.059855937957764
0.9;0.2;0;177;2;2;0.11975829050354368;0.11975829050354361;0.12424956623335656;0.12254669586120709;0.10815892212698575;0.8431688373621821;0.8431500884449548;0.9100505318855961;0.8532662384715264;0.8532376413587183;0.9175618179508008;0.29584557280738566;0.8068758204810255;0.015559420265307468;16.17480754852295
0.9;0.2;1;265;3;3;0.09415094971500429;0.08977157356108074;0.10263616602684858;0.09966420019749607;0.05632428969558784;0.32652003532787116;0.32639534949875626;0.31784069576418217;0.4059290478891359;0.4057489776221666;0.4330497688100152;0.290736984448952;0.7960812645345674;0.015447203042601818;19.137165307998657
0.9;0.2;2;211;3;3;0.10398416953003016;0.0934072835329562;0.10519515301543679;0.10207484805585516;0.09723945522385358;0.5086373850998682;0.5085460746979973;0.5037636211637452;0.6415723254558516;0.641453197092602;0.736509701444226;0.29330254041570436;0.784303323978598;0.026715909318864785;16.316292762756348
0.9;0.2;3;164;2;2;0.11976985577319056;0.11976985577319034;0.11157837433490252;0.10985000930673064;0.10377690822177382;0.8913423830668967;0.8913293908569305;0.9432045482479395;0.838955145560758;0.838923719285288;0.9031401229258751;0.30759546789760805;0.8313835009250281;0.01203843477581993;14.866595268249512
0.9;0.2;4;1000;3;3;0.08545190418005362;0.0910433227093539;0.1825651609693214;0.17982297429201677;0.15888360863530704;0.541371266802956;0.5412856451576462;0.5510672144774317;0.5557501755760321;0.5556123519012446;0.6065178775235723;0.25;0.7068461088355764;0.030967297318758056;60.020365953445435
0.9;0.2;5;189;2;2;0.11994152664844697;0.1199415266484473;0.11045197540127485;0.10872207230131786;0.09857135545678226;0.8944992365887404;0.8944866221277595;0.9451353808518103;0.8806272624180774;0.8806039906674656;0.9362713415754607;0.3063365505665128;0.8287787655797796;0.012392696957978601;15.996094226837158
0.9;0.2;6;357;3;3;0.09901408252806478;0.09243253900767785;0.12479059526417645;0.12176604788596779;0.10976942020405764;0.4598933795286106;0.459793215735041;0.4564359149094158;0.6115353112049351;0.6114083882365401;0.7057157885235522;0.26658972879399884;0.7423822433774834;0.037850778005533686;25.64761734008789
0.9;0.2;7;173;2;2;0.11982241009345651;0.11982241009345651;0.10892775983161204;0.10719474784589693;0.0987828317250954;0.8914092034499298;0.8913962194252322;0.9432045508275627;0.8934144393242592;0.893393655967194;0.9435982418968671;0.3067561896768779;0.8296475683346279;0.012274004449523299;16.24553084373474
0.9;0.2;8;195;2;2;0.11978299403411818;0.11978299403411798;0.1103480646241375;0.10861725434337785;0.10283945462609295;0.9017729840392764;0.9017612393680957;0.9496483254391723;0.8475532145074256;0.8475234637684016;0.9082775051837539;0.3059169114561477;0.8279094044684049;0.012511995726558318;15.927685737609863
0.9;0.2;9;1000;4;3;0.05883887721775553;0.08074812144927446;0.16727362591701161;0.16450753454199676;0.14110235903264343;0.3162956485203743;0.31612996316673253;0.2788114233147612;0.4424923959073676;0.44232250006764084;0.46146541795006174;0.08726899383983573;0.2836728954250425;0.27670757845895133;65.83932137489319
0.9;0.3;0;1000;3;3;0.10299474135788732;0.09443891393762309;0.11014062833271694;0.10702924939180176;0.10051133737814565;0.5122692833715452;0.5121787028142145;0.4975876123878468;0.692233428841911;0.692130584360248;0.7812270510685188;0.29176289453425713;0.7374500092538202;0.039146395249063534;54.04501271247864
0.9;0.3;1;710;3;3;0.08563794561558763;0.09100487387028226;0.18834494497426554;0.18562782030124003;0.1615220851021316;0.5419310962778099;0.541845605229209;0.5497311454137527;0.595830236374558;0.5957053138357505;0.6277410027196737;0.2460431654676259;0.6978676940582191;0.032102726489867305;47.522499322891235
0.9;0.3;2;216;2;2;0.11968467947129298;0.11968467947129308;0.12380701072342494;0.12210324464276966;0.10957317449750734;0.8398397720619468;0.8398206255607499;0.9075247907751826;0.8604904179212118;0.8604632272909669;0.9227399754299991;0.2941670163659253;0.8033383954178648;0.016102245529611356;16.58958649635315
0.9;0.3;3;203;2;2;0.11984035402177029;0.11984035402177035;0.11052940645323966;0.10879961203513111;0.10024097078547654;0.884355927355583;0.884342099878576;0.9387069586273168;0.8973264645315482;0.8973064470465608;0.9467471173200744;0.307175828787243;0.8305158132706932;0.012155917339986777;16.1101713180542
0.9;0.3;4;216;3;3;0.10095461993623701;0.09365198181637707;0.1399465644964484;0.13700013757530827;0.12215787472192885;0.46826339132789047;0.46816491199570903;0.4522187975904978;0.5825325300216034;0.5823982594796058;0.6708168127634295;0.23063063063063063;0.6623448164784318;0.0427803499004373;17.908906936645508
0.9;0.3;5;193;2;2;0.11983347266456207;0.11983347266456203;0.11968227539973893;0.11796991295396755;0.10881755079565476;0.9270547009794683;0.9270459799799771;0.9639018367408222;0.9023641210091815;0.9023450751394664;0.9456968402011162;0.3000419639110365;0.8156794186853408;0.0142463365146554;15.712410688400269
0.9;0.3;6;276;3;3;0.09650247597180371;0.09261970395544673;0.13201561552204427;0.12914275264978128;0.07606213544668047;0.4160054691507137;0.4158974463515009;0.3908289240514952;0.4747952842968023;0.4746362688113851;0.47687145297405253;0.2087912087912088;0.6104580030852705;0.052703644055214965;19.25825333595276
0.9;0.3;7;188;2;2;0.1196340336448381;0.11963403364483828;0.10987692057990145;0.1081457665565617;0.09912148577320558;0.8826015584300999;0.8825875217986312;0.9374239148344704;0.894943017132498;0.8949225322011971;0.9446472799999184;0.30465799412505246;0.8252979656073149;0.012873538320452724;15.474881887435913
0.9;0.3;8;215;3;3;0.08946561383174836;0.09510188040416889;0.1915871021433961;0.18888787453853065;0.16422557740312382;0.5054792639318503;0.5053872054557831;0.5139420763771716;0.5727922316265949;0.572660796030595;0.6012183125895364;0.23404255319148937;0.67028510320615;0.03817502651334409;17.798927068710327
0.9;0.3;9;259;3;3;0.09676765328713197;0.09258708951085898;0.13546754089464028;0.13259705300583155;0.07815530037508264;0.42489431878330836;0.42478793387851205;0.40041653616573797;0.5014065249864486;0.501254726218153;0.5180499911473487;0.2109471094710947;0.6156633197831455;0.05020740276303359;18.895212650299072
0.9;0.4;0;1000;3;3;0.08805279006080874;0.08896650306134955;0.1579822897352454;0.15516146732535155;0.15812736340707753;0.5444335830968963;0.5443484636894055;0.556498074041107;0.6025272551010878;0.6024042504715698;0.6235480328433268;0.23311546840958605;0.6681319226626031;0.03760465030598942;66.19431519508362
0.9;0.4;1;158;2;2;0.11962910661972835;0.11962910661972834;0.12631471282714102;0.12461535050731251;0.11540771084384022;0.8420696686491567;0.842050788016119;0.9094187616467062;0.8287100158444896;0.8286766072473956;0.8990408204356023;0.2971044901384809;0.8095228810345972;0.015158923878133557;17.329996347427368
0.9;0.4;2;293;3;3;0.10357110947203856;0.09297488498915814;0.10287204024523329;0.09973755818457763;0.09638425287495517;0.5318775709962927;0.5317903544250883;0.5327913734306937;0.653481636141135;0.6533660156575545;0.7425832842656194;0.27559661277906083;0.7635814935520107;0.02386182942369694;25.426661014556885
0.9;0.4;3;203;2;2;0.11976742187137332;0.11976742187137318;0.11291270773978765;0.11118756941379244;0.10059751636967086;0.9010028209351463;0.9009909845979942;0.9490029667228992;0.9144038274956261;0.914387139982918;0.9572811702076653;0.3038187159043223;0.8235542046941702;0.013117614152562192;17.41456913948059
0.9;0.4;4;301;2;2;0.12004635235121688;0.1200463523512167;0.11239701622356804;0.11067090574061661;0.10049854081731519;0.9080988319843506;0.9080878436733558;0.9535251162968083;0.912396340727344;0.91237926262532;0.9562251486111709;0.3059169114561477;0.8279094044684049;0.012511995726558318;19.470356941223145
0.9;0.4;5;266;3;3;0.09962838518341588;0.09306943945955408;0.1325510393486767;0.12961884469060755;0.09251513539919677;0.4682711683315989;0.4681727694700724;0.44166566224903325;0.5956891840601382;0.5955621889683795;0.6541183343205679;0.22472594397076737;0.6484987920445741;0.04110322316606573;20.023073196411133
0.9;0.4;6;283;3;3;0.09714041502028263;0.09268570961628274;0.13535415206498652;0.1324821088200159;0.07615102693260299;0.4302394282155124;0.4301340389443646;0.4049535894256247;0.5035484570062556;0.5033972022542212;0.5221516317289634;0.21385176184690158;0.6226472229983055;0.04825943501545263;20.63748860359192
0.9;0.4;7;185;2;2;0.11934348210393805;0.11934348210393836;0.13113478144307245;0.1294448733099092;0.11838723372528803;0.7946199785955882;0.7945954266175013;0.8743899419007125;0.7868779287434846;0.7868363661647015;0.8685922993037127;0.29290809903483006;0.8006792988757422;0.01651602492851234;14.84671664237976
0.9;0.4;8;170;2;2;0.11972137664876999;0.11972137664877006;0.11215318782787558;0.11042588939897038;0.10421565544277475;0.8904350260616476;0.8904219256532341;0.9425613811623288;0.8507180656483464;0.8506889325455687;0.9103365441427641;0.3063365505665128;0.8287787655797796;0.012392696957978601;16.147340059280396
0.9;0.4;9;245;2;2;0.1196914858708126;0.11969148587081249;0.11353574551870292;0.11181189781205875;0.10125490077087118;0.8846854347812304;0.8846716474987507;0.9387069692940541;0.9139449783805489;0.9139282033921353;0.9572811830771529;0.3038187159043223;0.8235542046941702;0.013117614152562192;18.52086067199707
0.9;0.5;0;144;2;2;0.11997628258601224;0.11997628258601188;0.11220357004579332;0.11047712235478767;0.10106325292683613;0.8804037919280389;0.8803894918970956;0.936141731827627;0.8694113081349168;0.8693858516949678;0.9289729727017346;0.307175828787243;0.8305158132706932;0.012155917339986777;15.646943807601929
0.9;0.5;1;199;2;2;0.11978378694143448;0.11978378694143438;0.10812517209505192;0.10639059918744478;0.098520308424991;0.8804680782919252;0.8804537861606305;0.9361417346975094;0.8802174696138029;0.8801941129500728;0.9352269320876556;0.3063365505665128;0.8287787655797796;0.012392696957978601;16.54679536819458
0.9;0.5;2;202;2;2;0.11961032400654271;0.11961032400654281;0.1279204537531085;0.12622439165780686;0.11490471151206334;0.8175967121964026;0.8175749060537333;0.8918183700726094;0.7942381105030168;0.7941979892463841;0.8746401074142398;0.29626521191775074;0.8077587452863659;0.015425292525603353;16.48660445213318
0.9;0.5;3;193;2;2;0.11966188567234667;0.11966188567234658;0.12340591064928814;0.12170137194246729;0.10831252608762375;0.8307968377532857;0.8307766099978645;0.9012257734885181;0.865159829805257;0.865133549541144;0.9258538703506395;0.29500629458665545;0.8051082542310599;0.015829567883988788;15.732981204986572
0.9;0.5;4;246;2;2;0.12009761344281701;0.12009761344281701;0.1151188833528455;0.11339819216685455;0.10170601199099141;0.9019873719384663;0.9019756532352957;0.9496483297723398;0.9089182625939949;0.9089005098017707;0.9541148654448297;0.3042383550146874;0.82442636567856;0.012995270895572592;18.108928203582764
0.9;0.5;5;235;3;3;0.09362079225324878;0.09286643186853083;0.16653840728008232;0.16375297766131997;0.14533968598931613;0.48612372631830497;0.4860282386001937;0.4854775805886599;0.5655345834548662;0.5654007071518538;0.6001839302011899;0.1926729986431479;0.5709450935987022;0.05792571125066984;18.525978565216064
0.9;0.5;6;579;3;3;0.09322247540632875;0.08976544250721705;0.09811512986421723;0.09512901027647296;0.05564969021095069;0.29476513479904126;0.2946345235203978;0.29113238845008615;0.3937680880708995;0.3935844138239465;0.4224662488858098;0.3104166666666667;0.8372024659499275;0.011614342433571338;37.74154591560364
0.9;0.5;7;202;3;3;0.09960973804352065;0.09152487695405793;0.12181554702062233;0.11879040716932888;0.10727728121325467;0.4407218810239326;0.4406182714567931;0.43458190886361076;0.5613115321940775;0.5611690282091195;0.658471101713872;0.257934218118869;0.7246793822236299;0.03207836381848801;16.706304788589478
0.9;0.5;8;835;4;3;0.057436514774003036;0.08038326895843989;0.1294998432364765;0.12658364078492898;0.091118403481897;0.29030166605966135;0.29013055439790825;0.23013619191008977;0.46419466581726904;0.4640289459036401;0.5273673267606929;0.21868583162217659;0.6341963824009174;0.07501945964323285;59.530829429626465
0.9;0.5;9;164;2;2;0.120083551361536;0.12008355136153612;0.11817692638482158;0.11646213998000278;0.10561578309260918;0.8951947564568292;0.895182226194244;0.9451353945442822;0.9104474227387541;0.9104299669019225;0.9551697190857168;0.3013008812421318;0.8183094262237083;0.013864549393636155;15.853477239608765
0.9;0.6;0;226;3;3;0.10333760037970753;0.09391627477585261;0.1099127248550342;0.1068186401804538;0.1004070381369174;0.5025649951788399;0.5024726766104028;0.49095689011428306;0.6196577395321604;0.61953210132853;0.7223603504970455;0.30817217716781037;0.7883611341059602;0.023360155995980333;20.819803953170776
0.9;0.6;1;1000;3;3;0.08433535315424849;0.09260341966306425;0.17514989256276184;0.1723764619458312;0.14447169358743137;0.5664768485654194;0.5663957643958847;0.5743534578841231;0.6030857663671667;0.6029621705679474;0.6443158401128927;0.25258493353028066;0.7126809234132285;0.031104726218781954;70.56336879730225
0.9;0.6;2;239;3;3;0.09903592166715389;0.09296822224168867;0.13486138266932352;0.13194492009377215;0.09825656534629149;0.4701074865348847;0.4700093566839178;0.4488545418572371;0.5833564566121479;0.5832261973011952;0.6381023929002317;0.23292916400765795;0.6676988346919911;0.03508165381899929;23.245683908462524
0.9;0.6;3;219;2;2;0.11979420608131297;0.11979420608131311;0.11008825301477142;0.10835757885272385;0.0997917902608282;0.8853830194488436;0.885369314883139;0.9393488150102063;0.8975282426892633;0.8975082638949244;0.946747112908253;0.3067561896768779;0.8296475683346279;0.012274004449523299;21.072822093963623
0.9;0.6;4;177;2;2;0.11962721988275421;0.1196272198827543;0.12149482167301766;0.11978652878625985;0.10655594259062205;0.8468066422195341;0.8467883281961187;0.9125797880323907;0.8953084014106455;0.8952879959127894;0.9456969537819646;0.29584557280738566;0.8068758204810255;0.015559420265307468;15.859286308288574
0.9;0.6;5;457;3;3;0.095359059245353;0.08932199342303274;0.08340151211921434;0.08034879455813981;0.0342216534070462;0.29404917727089114;0.29391830701377797;0.29973313640342253;0.393831673850019;0.3936461220098293;0.4463835267050259;0.334982332155477;0.8868318040975735;0.004338461615401006;37.620025396347046
0.9;0.6;6;195;2;2;0.11979534932138497;0.11979534932138493;0.10870152162156867;0.1069680696338964;0.09862974164099904;0.902772637524168;0.902761012292932;0.950293907836865;0.9002187295572686;0.900199272983987;0.9477978800583925;0.3063365505665128;0.8287787655797796;0.012392696957978601;18.0607852935791
0.9;0.6;7;187;2;2;0.11984035402177029;0.11984035402177035;0.11052940645323966;0.10879961203513111;0.10024097078547654;0.884355927355583;0.884342099878576;0.9387069586273168;0.8973264645315482;0.8973064470465608;0.9467471173200744;0.307175828787243;0.8305158132706932;0.012155917339986777;16.640336751937866
0.9;0.6;8;593;3;3;0.09718350489302849;0.09245137298460221;0.1296796961963932;0.12678732391253417;0.07389934456145118;0.4262568548374631;0.42615072218509037;0.4041137815766341;0.5017826691230131;0.501630740169049;0.5240175822080642;0.2231100184388445;0.6446862751440056;0.04221434521751928;39.549909591674805
0.9;0.6;9;525;2;2;0.11975114506169245;0.11975114506169246;0.12346357735070154;0.12175912840853022;0.10902794179355443;0.8530354839556614;0.8530179142901434;0.917014426166443;0.8696347479384394;0.8696093389739882;0.9289730006714756;0.2971044901384809;0.8095228810345972;0.01515892387813355;34.50857853889465
0.9;0.7;0;191;2;2;0.11986853008132138;0.11986853008132127;0.1121938756653677;0.11046669097723658;0.10413649004556304;0.9210335111374313;0.9210240692429591;0.961302383404638;0.8564749094093607;0.8564469012260835;0.9144616249322007;0.3067561896768779;0.8296475683346279;0.012274004449523299;16.14190912246704
0.9;0.7;1;434;2;2;0.11976022448301875;0.11976022448301854;0.11172437770519349;0.10999690720269992;0.10146362530429817;0.8817584172810731;0.8817442801343682;0.9367827218486525;0.900711201264982;0.9006918436765926;0.9488492661243323;0.3033990767939572;0.8226814821122371;0.013240568999096078;27.0015766620636
0.9;0.7;2;1000;3;3;0.09958220820254395;0.09335683177276244;0.12762814346751375;0.12467505748714801;0.09845610677600664;0.478343339244625;0.4782467416294193;0.4571722065745355;0.5971754695756831;0.5970486172102255;0.6588585142803901;0.2452248921749846;0.6960038379924774;0.03199874564698081;52.94670867919922
0.9;0.7;3;199;2;2;0.11974757379807945;0.11974757379807918;0.1283965694142287;0.12670143329148228;0.11475394602315118;0.8479418148885638;0.8479236368605987;0.913212654520574;0.8159690221786009;0.8159331382055892;0.890870006874497;0.29458665547629037;0.8042236116735406;0.015965589911114172;16.63848614692688
0.9;0.7;4;219;2;2;0.11955149835497163;0.11955149835497166;0.12949735857641526;0.12780435160887843;0.11600459304857366;0.8241973080728714;0.8241762919919497;0.8962023627385176;0.8009930431887546;0.8009542383767739;0.8796959230456215;0.292488459924465;0.799791782237657;0.01665522595046031;18.083008527755737
0.9;0.7;5;166;2;2;0.1197291098266438;0.11972910982664386;0.12490373744572322;0.12320213234280251;0.1094733480679181;0.8449838616734384;0.8449653297394943;0.9113147213089506;0.8607705131774517;0.860743378304238;0.9227399839088825;0.29584557280738566;0.8068758204810255;0.015559420265307468;14.92430329322815
0.9;0.7;6;154;2;2;0.11957183361537804;0.11957183361537808;0.12068016648846638;0.1189703051280804;0.1059333655841974;0.8461116257544268;0.8460932289337066;0.9119471492074437;0.8888133620465742;0.8887916911082947;0.941501984717122;0.29458665547629037;0.8042236116735406;0.01596558991111418;14.691564559936523
0.9;0.7;7;237;3;3;0.10353621586829567;0.09398677135007209;0.10399779247959552;0.10087524033123726;0.09583352631038033;0.5068574535330738;0.506765847308676;0.5004212203728886;0.6406897591371885;0.640570483709728;0.7359084176986007;0.30638953040800615;0.7914265367376663;0.02388389538140826;18.01420259475708
0.9;0.7;8;349;2;2;0.11991769302702888;0.11991769302702888;0.11982207170674712;0.11810999585192491;0.10984680582087884;0.9167281894364436;0.9167182337854968;0.9580580294012655;0.8758538880603216;0.8758296713628979;0.9300137315164126;0.30046160302140157;0.8165566536403237;0.014118455329327928;23.37594985961914
0.9;0.7;9;299;2;2;0.11981537336128951;0.11981537336128932;0.11242733765622942;0.11070064115879473;0.10444041494986005;0.8985322880555219;0.8985201556355735;0.9477128873934644;0.8494883619316228;0.8494589918479172;0.9103365674889459;0.307175828787243;0.8305158132706932;0.012155917339986777;22.19573998451233
0.9;0.8;0;159;2;2;0.11952832835629991;0.11952832835629985;0.11755044438930512;0.11583435571401164;0.10456634746050529;0.8687207729466504;0.8687050780065264;0.9278290081829194;0.9267872252153778;0.9267729525782801;0.9646896751606256;0.29920268569030634;0.8139232487076324;0.014503960216305907;15.04047966003418
0.9;0.8;1;297;3;3;0.09914656829689221;0.09270022685646759;0.1287260552476238;0.12575579372932885;0.1040421526836172;0.48805067041281563;0.4879556838726857;0.4810537265880163;0.6135670912736052;0.6134438910986749;0.6837193971330714;0.3015241882041087;0.8187754061104563;0.014012654450285475;20.296499013900757
0.9;0.8;2;224;3;3;0.09067962614947268;0.0887733597533402;0.1288997737937121;0.12595856373364778;0.12990537770021587;0.40749362870780986;0.4073837660311537;0.408154868765275;0.5351561771083109;0.5350104300640129;0.5848439076420051;0.35026943802925325;0.8798324117076295;0.005991772586282772;16.1632080078125
0.9;0.8;3;226;3;3;0.10284453944522548;0.09372539677035609;0.10394976512558564;0.10084012842242553;0.09205990985119156;0.4914567823759473;0.49136245727922273;0.4804904310304139;0.6275875215070985;0.6274648985643235;0.7238075365961872;0.2974001268230818;0.8073902222972118;0.019540796601264704;16.982187032699585
0.9;0.8;4;296;3;3;0.08403355915822083;0.08989852448950775;0.18218438012477273;0.1794480273142476;0.15402600840281172;0.5141369792822338;0.5140465050749744;0.5209554728570244;0.5878900565673076;0.5877628020705751;0.6200536586666353;0.33163265306122447;0.8707968984409319;0.008518473678597916;20.215547561645508
0.9;0.8;5;279;3;3;0.09654916690739188;0.09224189050922166;0.13242499913620315;0.12955107838123833;0.07466590278175794;0.4153705687134074;0.41526236759804147;0.4015386082754588;0.47364777917907375;0.4734881806081491;0.48345342890307264;0.2690715552927262;0.7493359261886935;0.021589496461518337;18.111616849899292
0.9;0.8;6;170;2;2;0.11969183497060483;0.11969183497060477;0.12108794342667455;0.11937886724327681;0.10623025700922173;0.8665363048159803;0.8665203495278333;0.9259159568165911;0.883869643614147;0.8838470088510473;0.9383618712922471;0.2954259336970206;0.8059923236479523;0.01569417836148302;14.270494222640991
0.9;0.8;7;175;2;2;0.11985287091186102;0.1198528709118611;0.11141340625006363;0.10968536259239722;0.1008093889570772;0.8837423119017271;0.8837284119525348;0.9380653349987644;0.8987674958005838;0.8987477601922989;0.9477979066809927;0.3033990767939572;0.8226814821122371;0.013240568999096078;13.947901010513306
0.9;0.8;8;454;3;3;0.0866216198194737;0.08742907667701769;0.14939115871851472;0.14654379387579883;0.15265368542258761;0.5073286646628713;0.507236909853314;0.5175061709260597;0.5766119308552825;0.5764810978577265;0.6023707258170186;0.33284564740307243;0.8725675306053097;0.008270665654818047;29.194602966308594
0.9;0.8;9;202;2;2;0.11984580519940934;0.11984580519940927;0.11040746594625188;0.1086774235535522;0.10008465105599487;0.8863476379869377;0.8863340486573111;0.9399908879779824;0.899113466367032;0.8990937969631557;0.9477978982561222;0.307175828787243;0.8305158132706932;0.012155917339986777;15.256815671920776
0.9;0.9;0;220;2;2;0.11898775469481741;0.11898775469481752;0.123850615184196;0.12214701244449908;0.10680516147354442;0.7912014990529938;0.7911765248548178;0.8725325987097755;0.8434963360931582;0.8434658369137786;0.9103368684799517;0.3227024758707511;0.8622535813682712;0.008205103434616987;14.462127447128296
0.9;0.9;1;300;4;3;0.05213967953321714;0.07714144209101559;0.07809452519915051;0.07493406642901329;0.0681246536897699;0.2292759266829352;0.22909134199621406;0.2005803943094491;0.412370956334489;0.41218170550682126;0.5125805859438352;0.3686868686868687;0.9520252019372155;0.0008453152784730334;21.82481861114502
0.9;0.9;2;1000;3;3;0.08132065541285567;0.08626477693485159;0.18165559293780253;0.1789229866809328;0.15311852794852887;0.4630344592393567;0.4629348426144322;0.46353777350464165;0.561034667506018;0.5608996005038547;0.5930557223885617;0.3618374558303887;0.9390379027602882;0.0012688006550012098;46.90149140357971
0.9;0.9;3;165;2;2;0.11986872398395669;0.11986872398395666;0.10863372608369433;0.1069002007824719;0.09875689728881433;0.8588444412792285;0.8588275577916502;0.921459699338451;0.8844805715224797;0.8844580480893512;0.9383618171764925;0.3227024758707511;0.8622535813682712;0.008205103434616987;12.937292098999023
0.9;0.9;4;184;2;2;0.1196313781803247;0.1196313781803245;0.11607743011112469;0.11435856968785935;0.10386075642051142;0.8477677062919166;0.8477494979261735;0.9138456002465328;0.8852983024874879;0.885275944804062;0.9394079830155125;0.3227024758707511;0.8622535813682712;0.008205103434616987;13.84815764427185
0.9;0.9;5;250;3;3;0.10144797034736237;0.09287866066683301;0.10148820071041796;0.09835516165496336;0.09393686364320154;0.457649005868231;0.4575485124482273;0.450831158695263;0.6309406406272653;0.6308179937853841;0.725493165303635;0.33773087071240104;0.8922712221987552;0.004298205724310916;16.388542652130127
0.9;0.9;6;184;3;3;0.10000682729377697;0.09374402366174729;0.13054422270607663;0.12756281281253037;0.11366359988625173;0.4305827536685787;0.4304772567094709;0.41829913874723745;0.6344779947530053;0.634360247129655;0.711308314474512;0.30603705917513446;0.8281583700773801;0.012592813005943698;14.291033506393433
0.9;0.9;7;1000;4;3;0.05280055382051904;0.07532595226163644;0.12369706980664869;0.12079366368156039;0.0770999052002413;0.25285519387840166;0.252676081593187;0.2017480591979204;0.412042913741223;0.41186456529144644;0.43183965905196364;0.35036496350364965;0.9169895465975045;0.0025341122807077824;65.14984178543091
0.9;0.9;8;211;2;2;0.1194874638399588;0.11948746383995876;0.11158014304622703;0.10985247347163044;0.09976489665449313;0.8588444412792285;0.8588275577916502;0.921459699338451;0.9002027740195687;0.9001833196687362;0.9488492819742957;0.3227024758707511;0.8622535813682712;0.008205103434616987;14.50508189201355
0.9;0.9;9;1000;3;3;0.08328330216143762;0.08544972735545378;0.18736573646269294;0.18465947327595794;0.16714130597455737;0.45200852495895805;0.45190686059725677;0.45541342198242624;0.5285586703805448;0.528414313486108;0.555804982700558;0.367816091954023;0.9503813228041362;0.0006998287209072952;45.65174746513367
0.9;1.0;0;829;4;3;0.04929415412775459;0.07448454662504733;0.08400933301170103;0.08089176737417819;0.06635076255978416;0.25006771848193765;0.2498882955184087;0.2146647661229556;0.41284499530298907;0.4126582997176117;0.5014098081246914;0.36125211505922167;0.9283577864975107;0.002289714443079552;51.967742681503296
0.9;1.0;1;198;2;2;0.11939194675584218;0.11939194675584222;0.10785643910706878;0.10612141343156331;0.09671465996523833;0.787150666529552;0.7871251778126582;0.864507332468482;0.8516367665645715;0.8516078398860913;0.9165278438652144;0.35837180025178345;0.9276029201037915;0.0020939961301659413;12.947774171829224
0.9;1.0;2;234;2;2;0.11109596674121638;0.11109596674121616;0.10890558943099676;0.10717264780834507;0.09722674235497965;0.764938876112557;0.7649107289793499;0.8479588701197002;0.8168657611210141;0.8168300573875829;0.8918893696073377;0.3588235294117647;0.9285957166647302;0.0020363293764281212;15.367287635803223
0.9;1.0;3;1000;4;3;0.051424270441446235;0.07657722007743104;0.07755736498296745;0.074396684975424;0.07245574263788036;0.2572111801735018;0.2570333824532455;0.2240074586080842;0.45397556979457954;0.4537999020237191;0.5571741753002198;0.3460291734197731;0.9085589659024417;0.0037352310144726265;63.523067235946655
0.9;1.0;4;228;2;2;0.1193811873542053;0.11938118735420519;0.10803391369897163;0.10629917530752511;0.09756959081783954;0.7904856835587114;0.790460594210251;0.8669725582216034;0.8565922146653325;0.8565642517584375;0.9196312345079023;0.35837180025178345;0.9276029201037915;0.0020939961301659413;14.727448463439941
0.9;1.0;5;1000;3;3;0.09775487306745179;0.09113589214682558;0.1264489482570508;0.12350136180218758;0.09459014481914757;0.4003836718840078;0.40027259808276555;0.388379041248511;0.5650397742683263;0.5649035725835755;0.6274843125324042;0.3452669902912621;0.9070713485057351;0.0031454677472090454;52.849844217300415
0.9;1.0;6;175;2;2;0.11052299349335376;0.11052299349335351;0.11335163243121922;0.11162741731244248;0.10010823601437958;0.7772948807994473;0.7772682118517859;0.8571327105180414;0.8481635577122635;0.8481339593203968;0.9144618585126586;0.35837180025178345;0.9276029201037915;0.0020939961301659413;15.177205324172974
0.9;1.0;7;154;2;2;0.11914527540487052;0.11914527540487072;0.11823747301613481;0.11652293186252655;0.1016916993492151;0.7519919068696373;0.7519622078897528;0.8376214575823053;0.8286312621207083;0.8285978648501064;0.900065007071902;0.35837180025178345;0.9276029201037915;0.0020939961301659413;13.07572603225708
0.9;1.0;8;950;4;3;0.04921312971765346;0.07382356512916337;0.09163291666283076;0.08853692748241804;0.06942843169906109;0.2738730138559384;0.2736992739476049;0.23181080090668973;0.44002579597981584;0.4398472885455334;0.5280703428176362;0.3546511627906977;0.92527065748863;0.002494177443695911;65.74715948104858
0.9;1.0;9;170;2;2;0.11948951467237007;0.11948951467236993;0.11689640816134718;0.11517909571042262;0.1052910913648614;0.7772948807994472;0.7772682118517856;0.8571327105180414;0.8740949260198032;0.8740703829296095;0.9320973567995596;0.35837180025178345;0.9276029201037915;0.0020939961301659413;13.662889242172241
1.0;0.0;0;159;2;2;0.10323495035487372;0.10323495035487383;0.11876967808741477;0.11705627323701835;0.10366724470416873;0.703277244230152;0.7032417556706629;0.7845375507640447;0.8016994572947655;0.8016608173034859;0.8786838104780241;0.3361034164358264;0.8890531569321003;0.004527772035963825;10.35435175895691
1.0;0.0;1;221;2;2;0.11861743035904015;0.11861743035904009;0.11306726120149842;0.11134227567958453;0.10217964477903811;0.7500962859177273;0.7500663957836436;0.8189347566198036;0.8805034393730677;0.880480137626181;0.9352269260942018;0.33425669436749766;0.8853920117594417;0.004822872035755012;13.588141679763794
1.0;0.0;2;232;2;2;0.10322500729885378;0.10322500729885405;0.11260378898846302;0.11087836401593953;0.09802456876571508;0.7094500664294514;0.7094153171795538;0.7898267091963689;0.8200373624301215;0.8200022940301851;0.8929094055040628;0.33748845798707294;0.8917923810127827;0.004312828369962524;14.937256097793579
1.0;0.0;3;208;2;2;0.10310864298336998;0.10310864298336991;0.11407076360706708;0.11234821173626647;0.0984195157607257;0.7055196231234848;0.7054844013262332;0.7857113536296568;0.8221273205283061;0.8220926604643475;0.8939298986558485;0.33425669436749766;0.8853920117594417;0.004822872035755016;13.925493717193604
1.0;0.0;4;126;2;2;0.11880264963399131;0.11880264963399113;0.11876093573216169;0.11704647524390109;0.11031720517064342;0.7641161580363668;0.7640879456341236;0.8291565396468896;0.8526489072184555;0.8526201501788848;0.9113669316890057;0.33564173591874424;0.88813881977785;0.004600633711021547;8.420803546905518
1.0;0.0;5;1000;3;3;0.0912923357462046;0.08819647350218972;0.13626593373931895;0.1333316367430507;0.11227588471068134;0.44772197097894706;0.44761958119023804;0.4381467172762122;0.5891645513649316;0.5890343709093231;0.656696472401577;0.24393624393624394;0.6930635941786153;0.033884952830264145;50.3888635635376
1.0;0.0;6;171;2;2;0.10315669068488065;0.10315669068488052;0.1229887246181151;0.1212835294067519;0.10500391530316983;0.6981021730062121;0.6980660609625013;0.7786814810134026;0.7992596867338362;0.7992205717182026;0.8766609059804129;0.33056325023084027;0.8780392330434987;0.005442453690174182;11.792121648788452
1.0;0.0;7;233;2;2;0.10313815366748788;0.10313815366748791;0.11390462719238648;0.11218175961581195;0.09757708087186406;0.6995665447314822;0.6995306109067524;0.781021300490356;0.813968217430711;0.8139319678902917;0.8878157333893586;0.33425669436749766;0.8853920117594417;0.004822872035755016;15.303502321243286
1.0;0.0;8;197;3;3;0.0887573297071385;0.0874445047435112;0.13349680319303522;0.1306334637533311;0.08866771501984941;0.3182190389342251;0.31809257672001723;0.29066022512081935;0.40878555883673956;0.40860706786222245;0.3977513409485712;0.21453287197231835;0.6242800391425318;0.046949019537111884;14.638410091400146
1.0;0.0;9;146;2;2;0.11864033432058585;0.11864033432058604;0.11522675422124996;0.11350603967455172;0.10251839004924196;0.7588936944336684;0.7588648527943216;0.8225351322195917;0.8962017888198726;0.896181550390946;0.9456969054049947;0.32871652816251157;0.8743475147514427;0.0057670520552097135;9.803362607955933
1.0;0.1;0;173;2;2;0.11853881337253282;0.11853881337253275;0.1224057381884638;0.12069918368278776;0.10954084132409557;0.7217727903967853;0.7217395071407259;0.7957242224696657;0.8393746318537766;0.8393433227170416;0.9082777866388925;0.327331486611265;0.8715719846337803;0.006017028993234967;34.07693529129028
1.0;0.1;1;239;2;2;0.11874485512632425;0.11874485512632427;0.11339827465351279;0.1116740040641725;0.10229135202271113;0.7529828195902446;0.7529532753091887;0.8213341868937873;0.8733472491362297;0.873322554561366;0.9310552727538053;0.33518005540166207;0.8872238503019164;0.004674103694290121;39.985013484954834
1.0;0.1;2;187;3;3;0.08194306596087853;0.0821311851348496;0.20667239352382047;0.2040269906949206;0.18486998165635296;0.4684367076752174;0.4683378477645994;0.4783343358290051;0.5283491294707352;0.5282043907568242;0.5574828528852206;0.14206514206514206;0.4396342606531953;0.11029022538526803;32.34262657165527
1.0;0.1;3;257;3;3;0.09077377002519642;0.08886727176822054;0.1605898894360369;0.1577849706001053;0.14179823007424652;0.4019187476957421;0.40180777304068566;0.39379347645904966;0.542341606715587;0.5422006245374352;0.5836499311239249;0.18961937716262975;0.5633386673093308;0.06027545147826659;37.52079510688782
1.0;0.1;4;343;3;3;0.09006040370408798;0.08457904902088778;0.11484035531243257;0.11182145484496851;0.09359183433396565;0.3855391378537713;0.3854253814369249;0.37285202460471445;0.5863361817117696;0.5862042123449046;0.6675822123307522;0.3134948096885813;0.8435228854123185;0.011993511469094519;52.38711738586426
1.0;0.1;5;345;3;3;0.08648370847022285;0.08321526688769014;0.1344093837311951;0.13153129147668663;0.08455524313380725;0.3294778339550288;0.3293535386673885;0.3053054262944894;0.49176154872103894;0.4916064255879464;0.5195194257575887;0.22629757785467128;0.6521971715271825;0.03769986266703369;78.29467988014221
1.0;0.1;6;185;2;2;0.10324767989137293;0.1032476798913728;0.11472014647376486;0.11299855375331697;0.10238920330950503;0.7143823946010713;0.7143482345769379;0.7933626593807948;0.7950467261885127;0.7950067710890413;0.8756501737605175;0.3365650969529086;0.8899668624199225;0.00445551781624505;14.036494493484497
1.0;0.1;7;287;3;3;0.08772340467097338;0.08586336253674423;0.12891910141859458;0.12604145220151508;0.08386761324831563;0.3099007434713138;0.3097727380290624;0.2798474939579898;0.40707289907948435;0.4068939816326652;0.4026571536450006;0.2193771626297578;0.6358405689582228;0.04536784788195669;18.866573810577393
1.0;0.1;8;152;2;2;0.10289293202296704;0.10289293202296709;0.11907854312498913;0.11736571186773588;0.10164390709828244;0.6962497325106624;0.696213399673686;0.7775129298581626;0.8159532665134046;0.8159174025044473;0.8898514489735736;0.3314866112650046;0.8798812519832591;0.005283867572409069;11.43862795829773
1.0;0.1;9;246;2;2;0.11863302452410183;0.11863302452410186;0.12161546799265993;0.11990735941770277;0.10934466966247956;0.727133799742423;0.7271011581775972;0.7998656422180057;0.8422674130886053;0.8422366670102399;0.9103368132984185;0.32779316712834716;0.872497804717071;0.00593307966084166;16.251008987426758
1.0;0.2;0;204;2;2;0.1031177724823779;0.10311777248237776;0.1127879100330703;0.11106257947899775;0.10113614048171386;0.6824724268694309;0.6824344543537155;0.7693576863620059;0.7767531393292723;0.7767096192273756;0.8615632263872867;0.34164358264081257;0.899976119302007;0.0037005772180808243;14.53579568862915
1.0;0.2;1;225;2;2;0.1186944630935808;0.1186944630935807;0.1131105099713085;0.11138564478758452;0.10286384611380883;0.7506815846579891;0.7506517648357734;0.8195342880321633;0.8784728473998714;0.8784491509705218;0.9341831432140835;0.3347183748845799;0.886308247848137;0.004748182846397903;15.674930334091187
1.0;0.2;2;380;2;2;0.11868035403405773;0.11868035403405751;0.11887676660790639;0.11716256607672787;0.10896927104118924;0.7576311896464049;0.757602198271539;0.8225351559765075;0.8395009817067038;0.8394696603451516;0.9031401103158954;0.33056325023084027;0.8780392330434987;0.005442453690174182;25.536954164505005
1.0;0.2;3;239;2;2;0.10318998227509683;0.10318998227509678;0.11036552418019457;0.10863577885931042;0.09478801318670588;0.6887784149554982;0.6887411951915181;0.7740126202078926;0.80993963262495;0.8099025982788116;0.8847665163593489;0.3397968605724838;0.8963451690265062;0.0039666770034572744;15.768333673477173
1.0;0.2;4;242;3;3;0.09502588658979315;0.09189408746795098;0.13221700465240666;0.12934441731537275;0.07801564017434619;0.3687366786419145;0.3686196772041246;0.3346161725349399;0.4666679480851988;0.46650643367492967;0.47238567891694316;0.23183391003460208;0.6651501305053878;0.034875169934088665;17.163191080093384
1.0;0.2;5;177;2;2;0.103458925067992;0.10345892506799216;0.11111503292072909;0.10938669906292899;0.09632195109164658;0.7094500664294514;0.7094153171795538;0.7898267091963689;0.8210905253832237;0.821055661469948;0.8939298845044885;0.33748845798707294;0.8917923810127827;0.004312828369962524;14.427367448806763
1.0;0.2;6;196;3;3;0.10020869435028569;0.09049367221430714;0.09185005879521815;0.0887251449058946;0.07573052104534572;0.40302835648772434;0.40291784571873684;0.39053901690342696;0.553685344133762;0.553540684313891;0.6567574728294635;0.33217993079584773;0.8453334519183406;0.01065414622742155;13.940572261810303
1.0;0.2;7;190;2;2;0.1188073616319902;0.11880736163199043;0.11527929698995881;0.11355814873482732;0.10745720907727853;0.7475275425747557;0.7474973481953409;0.8189348107244431;0.8341693167546892;0.8341369573895905;0.9000646808461927;0.33887349953831947;0.8945259377332984;0.004103329236919993;14.695924758911133
1.0;0.2;8;268;2;2;0.1187447080456137;0.11874470804561345;0.11494523524991822;0.11322403913200939;0.10348105113445294;0.7523956466609355;0.752366031849746;0.8207339976224077;0.8792027151815474;0.8791791646205884;0.9352269599641709;0.3347183748845799;0.886308247848137;0.004748182846397903;18.860013008117676
1.0;0.2;9;145;2;2;0.10223596904334113;0.10223596904334105;0.11331896356784088;0.11159491499789997;0.09717547320959842;0.6722100240248724;0.6721708220659582;0.7600898387236122;0.8044789251971637;0.8044408241977054;0.8817225209150736;0.33887349953831947;0.8945259377332984;0.004103329236919993;13.56771206855774
1.0;0.3;0;143;2;2;0.10223637144277041;0.10223637144277022;0.11406551473603709;0.11234262866152674;0.10185570113307656;0.6548209496479658;0.6547796672549095;0.7451493860650761;0.7616393824473561;0.7615929132642041;0.8495795601680713;0.3379501385041551;0.8927041954238127;0.004242391476205278;12.53509259223938
1.0;0.3;1;248;3;3;0.10167506662469951;0.09212572737410706;0.09793377963790668;0.09480830085587816;0.08938244563071111;0.47000320947003754;0.46990498861048763;0.456136626023929;0.6113140727176769;0.6111864799879709;0.7094860182644471;0.2855162855162855;0.7849611774670012;0.0248542573487468;17.898264169692993
1.0;0.3;2;343;2;2;0.1024324058744145;0.10243240587441473;0.11947235689253366;0.11776027288315717;0.10368205001047631;0.7113996708125301;0.7113651512277183;0.7898266448865826;0.8296243786843882;0.8295911777547083;0.9000650285764883;0.33287165281625114;0.8826394950994988;0.005050608628721007;21.481727838516235
1.0;0.3;3;1000;3;3;0.10059567574253062;0.09210831887220583;0.1019141976261753;0.09879523428027555;0.09443272215065303;0.46656518287315113;0.46646630357381114;0.45712380322290047;0.624860028869249;0.6247363371390225;0.7201675977151044;0.2778932778932779;0.768560980593997;0.027756519397512183;51.32275748252869
1.0;0.3;4;190;2;2;0.11883809980005605;0.11883809980005626;0.11248538980606361;0.11075933231517522;0.1026462830526977;0.7525752366152705;0.7525456459135422;0.8225352544827944;0.8750385468045211;0.8750141815778676;0.9320973135489194;0.33887349953831947;0.8945259377332984;0.004103329236919993;14.145385980606079
1.0;0.3;5;1000;3;3;0.07829173160632008;0.07892455007694452;0.15037260911310793;0.14754210652206895;0.12357648160891374;0.2766753984332241;0.2765414408673457;0.2900515095973121;0.42403642873360264;0.42385994892559203;0.465546093712228;0.2664359861591695;0.7435403057423413;0.020135776225487206;66.153400182724
1.0;0.3;6;241;2;2;0.10387365782844492;0.10387365782844488;0.11035955084862832;0.10862973256265257;0.09584237507703446;0.7115238691507965;0.7114893682591319;0.7915937095528428;0.819365967132384;0.8193307663444395;0.892909393405768;0.3379501385041551;0.8927041954238127;0.004242391476205278;16.57109546661377
1.0;0.3;7;264;3;3;0.08721781091736118;0.08608928370762119;0.1384649172441323;0.13561831086399534;0.09715969960105905;0.3106790276236632;0.31055112367754545;0.2835863844880189;0.37558832009576804;0.375399844785629;0.35753125125854823;0.2027681660899654;0.5958167718320595;0.054237262968747035;17.558892965316772
1.0;0.3;8;163;2;2;0.10332038400838442;0.10332038400838456;0.12171465556156487;0.12000699674947579;0.10440206920860477;0.6944140778502672;0.6943775262257896;0.7763452559436259;0.795939250231872;0.7958994890327642;0.8736309211189093;0.33240997229916897;0.8817207178822158;0.005127746807757832;12.598878622055054
1.0;0.3;9;331;2;2;0.11880538035808944;0.11880538035808963;0.11094323723284023;0.10921415703322955;0.10090389475795082;0.7502150547793266;0.750185180656196;0.8201340603602383;0.8720932563496819;0.8720683159717548;0.9300138022987474;0.33702677746999077;0.8908799368956678;0.004383870206723619;108.7748384475708
1.0;0.4;0;236;3;3;0.09562778781702548;0.0883873436371847;0.11245057420697188;0.10939291843937615;0.0996720619318976;0.4310630512095962;0.4309576637783224;0.4206505711057206;0.615118461748115;0.6149934467657536;0.7034111971754828;0.31323631323631324;0.8084200567644276;0.018377894164011248;49.765379190444946
1.0;0.4;1;159;2;2;0.1186229645287472;0.118622964528747;0.11659665489709357;0.11487853365333711;0.10553988835437242;0.7482788999242509;0.7482487885210368;0.8153421354573198;0.8708913114464034;0.8708661353412019;0.9289729138582186;0.32871652816251157;0.8743475147514427;0.0057670520552097135;26.907679319381714
1.0;0.4;2;264;3;3;0.09913822903511287;0.08929869347194133;0.10408709347404885;0.1009687852075071;0.09705388677152421;0.458618955307305;0.4585186030619399;0.45137472412166624;0.637742061824348;0.637622104840512;0.7313531339210688;0.2758142758142758;0.7640541860851695;0.027929093036427613;54.67636585235596
1.0;0.4;3;335;3;3;0.08631171030093965;0.07946672029674601;0.10609960500105513;0.10305892497922128;0.07506199090542996;0.3282108781087191;0.3280865309252607;0.31689690017134736;0.555371543468447;0.5552303585425996;0.6388088647003726;0.30519031141868513;0.8264027942642873;0.010473352226967401;49.60242199897766
1.0;0.4;4;256;2;2;0.10360629951033944;0.10360629951033933;0.11153838536124118;0.10981093289374744;0.09477548025778779;0.6966720938356201;0.6966358167155735;0.7798510335066818;0.8077756722361759;0.8077382169240185;0.8827366227449375;0.3379501385041551;0.8927041954238127;0.004242391476205278;16.25296688079834
1.0;0.4;5;207;3;3;0.07964476317479073;0.07669552846502889;0.12194723081986504;0.1188985966593424;0.12351927783907164;0.4553965223143932;0.455295202628645;0.4688713021362648;0.5892585072700129;0.5891231410925792;0.6842105057940825;0.1573111573111573;0.4804013973223828;0.10018160554534797;14.011080741882324
1.0;0.4;6;290;3;3;0.09726877377009258;0.0922506441156115;0.13141525275600938;0.12848518230502073;0.09744386806486853;0.4250099136245794;0.42490339478696715;0.39490135031520435;0.5780602153335642;0.5779281447599558;0.6366925794123222;0.25397923875432526;0.7158182172810611;0.025212537884475833;18.54654312133789
1.0;0.4;7;232;3;3;0.09036093896460445;0.08794754027236155;0.10506778341251306;0.10210664452126789;0.06099733070922584;0.2932500120732537;0.2931191071616586;0.27800677532885376;0.40284592829399907;0.402665218997913;0.4243418150775364;0.2626472626472626;0.7351665072686154;0.02171036720877896;15.247197389602661
1.0;0.4;8;363;3;3;0.08638469967229877;0.08296562265923242;0.1323389218990937;0.12945095415851815;0.08309298572095447;0.3289139132570084;0.32878952252822347;0.3049746022323428;0.49594215768992966;0.49578803230953666;0.5277987202165798;0.2290657439446367;0.6586882376818012;0.03624693582944079;23.597318649291992
1.0;0.4;9;1000;3;3;0.08839576260397043;0.09369852225408905;0.18990802936666087;0.18720238481804022;0.16271003949380036;0.46198234616937595;0.4618825344358193;0.4600708332294161;0.5789856126480616;0.578856011089856;0.6065935311039198;0.2480942480942481;0.7025288921797233;0.03945851857168284;48.60625386238098
1.0;0.5;0;190;2;2;0.10315669068488065;0.10315669068488052;0.1229887246181151;0.1212835294067519;0.10500391530316983;0.6981021730062121;0.6980660609625013;0.7786814810134026;0.7992596867338363;0.7992205717182027;0.8766609059804129;0.33056325023084027;0.8780392330434987;0.005442453690174182;14.015567779541016
1.0;0.5;1;194;2;2;0.10226681495210549;0.10226681495210535;0.12168829103175945;0.11998028774320188;0.10793355142266688;0.6843717820090437;0.6843340323232754;0.7693576069674075;0.7767358897304256;0.7766923675131902;0.8615632365157666;0.3361034164358264;0.8890531569321003;0.004527772035963825;14.107865333557129
1.0;0.5;2;169;2;2;0.1186748833206879;0.11867488332068798;0.1195845197353973;0.11787246177380238;0.10764763699836831;0.7216612792576964;0.721627986714877;0.7974978720144684;0.8393535836755668;0.839322269618008;0.9082777805203209;0.33240997229916897;0.8817207178822158;0.005127746807757832;12.596594095230103
1.0;0.5;3;409;3;3;0.09723049715282377;0.09234422706064611;0.1328791967695666;0.12995032895149997;0.10382270210405946;0.43611893473374463;0.43601445812820383;0.40730352430393296;0.5854958696313316;0.5853658361719899;0.6455241244547482;0.25674740484429065;0.7220261739482347;0.02611725203708773;24.384075164794922
1.0;0.5;4;1000;3;3;0.1011888772303046;0.09236152897138805;0.10864414111608169;0.10554717742877726;0.0990461895986016;0.4823810540903745;0.4822851224782369;0.46052323365121517;0.6730407488949228;0.6729328490274581;0.7614002156479324;0.28967428967428965;0.7876349675423014;0.02515380502609485;50.89140439033508
1.0;0.5;5;390;3;3;0.0879065385038852;0.08202576903307933;0.10833924706865616;0.10527732180896507;0.1171669600390652;0.45934680404923023;0.4592464400221682;0.4642152589801766;0.5983724060385764;0.5982427019082709;0.6697798171714282;0.22522522522522523;0.6496747323856401;0.0502726901472202;26.335527181625366
1.0;0.5;6;192;2;2;0.11868677364507355;0.11868677364507375;0.1248337993698166;0.12313138247095587;0.115734265201895;0.7414210555731617;0.7413901227638536;0.8099680945822145;0.8163074207311484;0.8162715836820736;0.8888329617167785;0.327331486611265;0.8715719846337803;0.006017028993234967;13.96318793296814
1.0;0.5;7;142;2;2;0.11880224474327605;0.11880224474327583;0.11652972564180017;0.1148109931374141;0.10858918770594564;0.7302798395372087;0.7302475792253087;0.8046119344065178;0.8097236097904356;0.8096864792762382;0.8827361811587385;0.33425669436749766;0.8853920117594417;0.004822872035755012;12.922184944152832
1.0;0.5;8;168;2;2;0.11874485512632425;0.11874485512632427;0.11339827465351279;0.1116740040641725;0.10229135202271113;0.7529828195902446;0.7529532753091887;0.8213341868937873;0.8733472491362297;0.873322554561366;0.9310552727538053;0.33518005540166207;0.8872238503019164;0.004674103694290121;12.219227075576782
1.0;0.5;9;1000;3;3;0.0690731194863936;0.08280033291801198;0.18530990413471832;0.18256424203893604;0.16270436821845985;0.48900368111559694;0.48890875322555655;0.48903134977901663;0.610403127751676;0.6102812881411096;0.6543776421235455;0.2598752598752599;0.7240025146988435;0.05295881259316387;51.86737012863159
1.0;0.6;0;211;2;2;0.11877493398353492;0.11877493398353503;0.11262232756938584;0.1108965592832023;0.10231158248911179;0.7484543758389963;0.7484242902414739;0.8183354668605725;0.8716722204666235;0.8716471997216377;0.9300138146479912;0.33564173591874424;0.88813881977785;0.004600633711021547;15.072321653366089
1.0;0.6;1;306;2;2;0.11843549257391092;0.11843549257391113;0.12236940259419511;0.12066273310924899;0.10912171634354668;0.7408448014856331;0.7408137960512361;0.8075852738834668;0.8556210121681666;0.8555928678971818;0.9196312928759203;0.32271468144044324;0.8622782374800486;0.006891066582609698;21.64136791229248
1.0;0.6;2;197;2;2;0.10341071356011457;0.10341071356011443;0.1216381174643008;0.11993030739654567;0.1043732088685772;0.6944140778502672;0.6943775262257896;0.7763452559436259;0.7971379404436428;0.7970984126634587;0.8746403344143837;0.33240997229916897;0.8817207178822158;0.005127746807757832;15.17152190208435
1.0;0.6;3;695;3;3;0.09525389317459504;0.09143102367339331;0.13463730645713679;0.1317270507223535;0.09580223638194413;0.4474050305756478;0.4473026252213448;0.4185877641060205;0.571299232097437;0.5711657607747775;0.6220610075809416;0.23700623700623702;0.6771466924979471;0.0317435060156097;41.103293895721436
1.0;0.6;4;106;2;2;0.10214493503558685;0.10214493503558682;0.11678160190737111;0.11506428603659957;0.10161495344085644;0.6844905235066756;0.6844527860996817;0.7687766883534387;0.8127120041797443;0.8126755075522861;0.887815715284017;0.3337950138504155;0.88447514137785;0.004898172138581226;8.215929746627808
1.0;0.6;5;351;3;3;0.09642988790525253;0.08740073302328025;0.09629361755182843;0.09320908120795335;0.08119150688986045;0.3880497562653092;0.3879364701136911;0.3791501528136078;0.5484686480291098;0.5483243972130225;0.6402612773186199;0.3259515570934256;0.8445598804849831;0.011032781674835242;25.322033643722534
1.0;0.6;6;430;2;2;0.10254166230262356;0.10254166230262371;0.11682745766387476;0.11511026575672555;0.10019776894888298;0.7038368291918674;0.7038014079122578;0.7851243620944406;0.8192957159694279;0.81926050414229;0.8918895119821845;0.3365650969529086;0.8899668624199225;0.00445551781624505;27.542457342147827
1.0;0.6;7;158;2;2;0.10273954329489446;0.10273954329489424;0.12204744712249901;0.12034043033930576;0.10366403985715508;0.6900360769128758;0.6899989983816479;0.7716832156043549;0.7983412917483965;0.7983019982888024;0.8756503302965974;0.32871652816251157;0.8743475147514427;0.00576705205520971;11.872177839279175
1.0;0.6;8;290;2;2;0.10351207561081384;0.10351207561081384;0.11195114376908703;0.11022449658648778;0.09553210847508849;0.6961154906970269;0.6960791466558357;0.7792661961560267;0.8065523251796101;0.8065146316504785;0.8817225484028254;0.33748845798707294;0.8917923810127827;0.004312828369962524;17.789116621017456
1.0;0.6;9;215;3;3;0.09213704384882886;0.08325309959772564;0.09903663966920706;0.09591241177303886;0.09505531649123071;0.44841212356024956;0.4483098049936884;0.4540445238682255;0.6108598027760668;0.6107318633657963;0.6968620345470661;0.2647262647262647;0.7397677084251786;0.0362302303682396;17.119019508361816
1.0;0.7;0;207;2;2;0.10297463031118705;0.1029746303111873;0.11794783527158097;0.11623286100098164;0.10082002139147346;0.7008724955516368;0.7008367197360785;0.7827784585809204;0.8048101589406919;0.804772126716938;0.8796961513752726;0.3365650969529086;0.8899668624199225;0.00445551781624505;16.26409912109375
1.0;0.7;1;139;2;2;0.08764190588324991;0.08764190588324984;0.10934759184688495;0.10761368016971178;0.08326167958273738;0.0023707767062966347;0.0022512228740747303;0.0027404000969261364;0.011882632233620386;0.01168946559191367;0.01678276379090403;0.2760849492151431;0.7646417747533912;0.019506133234114348;10.322502136230469
1.0;0.7;2;1000;3;3;0.08835477145677294;0.09400288636394309;0.1871358609230914;0.18442117129961833;0.1621359645750305;0.453518752048368;0.45341743974414134;0.4492695235484207;0.5734571039214739;0.5733258188343537;0.6027312036478024;0.2758142758142758;0.7640541860851695;0.029019727126251074;49.6554388999939
1.0;0.7;3;271;2;2;0.11878663930779566;0.11878663930779569;0.1109648496749607;0.10923569873003233;0.10233302198726499;0.7468484586881099;0.7468181819221936;0.8177363961449663;0.8750298944146362;0.8750055225550947;0.9310552340319695;0.33702677746999077;0.8908799368956678;0.004383870206723619;19.672725200653076
1.0;0.7;4;147;2;2;0.11848187189004043;0.11848187189004057;0.12066229736223766;0.11895219813722487;0.1086407100284331;0.7512529062511503;0.7512231482002566;0.8159403007507579;0.866738475170151;0.86671249375659;0.9268929364487933;0.3254847645429363;0.8678622548399187;0.006359086539796804;11.352547645568848
1.0;0.7;5;168;2;2;0.10326096193619776;0.10326096193619748;0.11468490648227678;0.1129635861997438;0.09637151604916006;0.6921000265141579;0.6920632015064336;0.7757618032700998;0.8005078792121433;0.8004690085900938;0.8766609155351037;0.3365650969529086;0.8899668624199225;0.00445551781624505;14.847888708114624
1.0;0.7;6;527;3;3;0.09030562699603108;0.08193845745529145;0.09720894823029846;0.09411449714893258;0.08867978597653285;0.37048964910444343;0.37037308278572006;0.3688862902933126;0.5681433093421117;0.5680043108212858;0.6606032732774063;0.32432432432432434;0.8273370860927152;0.01400039528831757;33.26362490653992
1.0;0.7;7;200;2;2;0.10352769092192936;0.10352769092192962;0.11155599701325392;0.10982854766419911;0.09621344348011815;0.6988411367945189;0.6988051176688377;0.7810213272919924;0.8051452864328944;0.8051073168217535;0.8817225331318538;0.3361034164358264;0.8890531569321003;0.004527772035963825;15.256663799285889
1.0;0.7;8;250;2;2;0.1035121940247043;0.10351219402470428;0.10981414403279542;0.10808331957400624;0.09463536686089458;0.6850573403466055;0.6850196759209702;0.7711016320549308;0.8096576884346119;0.8096205987595664;0.8847665132597738;0.34025854108956605;0.8972538446638301;0.003899252645406824;15.316589117050171
1.0;0.7;9;164;2;2;0.11869258665747622;0.11869258665747656;0.11589362208801962;0.11417430135260277;0.10305073907802394;0.7705381174489105;0.7705106699590921;0.830966901631786;0.8649097082347948;0.8648833723423313;0.9258538208894964;0.33056325023084027;0.8780392330434987;0.005442453690174182;9.772074460983276
1.0;0.8;0;404;3;3;0.09742406600690873;0.09069534145872656;0.12366656682248164;0.12071075548941101;0.0908546984847356;0.3886614695833281;0.38854831783533095;0.3737815804614115;0.5539338161350468;0.5537942280264503;0.6190372699823701;0.314878892733564;0.8463552092636506;0.009308003776316721;27.02725315093994
1.0;0.8;1;270;3;3;0.09022128736408697;0.08682575964465704;0.13741891674251971;0.13446675383009496;0.11851347464559057;0.43302981700217885;0.43292480522253834;0.4274119555339279;0.5600409044317577;0.5598996519833142;0.6473805948320018;0.3153153153153153;0.8160088760717339;0.01664057228156984;18.82331657409668
1.0;0.8;2;185;2;2;0.11846631446840003;0.11846631446840002;0.12656830837477914;0.12486943931118882;0.1153943274500216;0.7263735278920351;0.7263407915098796;0.7974977325986784;0.7900690618680838;0.790028116694528;0.870605849293746;0.3231763619575254;0.8632105306784779;0.006800820898108399;15.223309755325317
1.0;0.8;3;241;3;3;0.07602377493228676;0.0702821711777886;0.10927014024839816;0.10616711315907201;0.10295413993949595;0.2537432200049328;0.25360512451065514;0.27455809783859286;0.5243176169911149;0.5241598270968504;0.6320649348093537;0.3153153153153153;0.847247048261821;0.0068168494025362715;15.624863624572754
1.0;0.8;4;230;2;2;0.10281925506829358;0.10281925506829347;0.1119399374827942;0.11021318666944982;0.09751858527821063;0.6867971259586295;0.6867596688954062;0.7722653590315391;0.8095644758518403;0.8095273647119987;0.8857823108614434;0.33933518005540164;0.8954358669323486;0.0040347022700517494;17.484647750854492
1.0;0.8;5;261;3;3;0.10082990063464253;0.09188887065995088;0.09487500113939683;0.09174322475241216;0.08662264532854932;0.45520591543828814;0.4551050084508827;0.4391433332295066;0.5963895233931287;0.5962573690500705;0.6982253132354839;0.3153153153153153;0.8125093410982555;0.01736934372465338;19.31869912147522
1.0;0.8;6;202;2;2;0.11870308776878938;0.11870308776878943;0.1151298029610266;0.11340889986269145;0.10314128925023679;0.7523956466609355;0.752366031849746;0.8207339976224077;0.882963611553368;0.8829407919632954;0.9373162749213214;0.3347183748845799;0.886308247848137;0.004748182846397903;15.046972751617432
1.0;0.8;7;791;2;2;0.10357558067196818;0.10357558067196798;0.10742344977270496;0.10568786826296547;0.09486162095298634;0.6967743019306397;0.6967380397488339;0.7810214026715596;0.8035259929159227;0.8034877022521157;0.881722489609563;0.34164358264081257;0.899976119302007;0.0037005772180808243;49.23699164390564
1.0;0.8;8;478;3;3;0.098079802605314;0.0921268006514011;0.12760232105477692;0.12462487835414085;0.10685016031446545;0.4341518511457443;0.43404705145128597;0.41812004333909536;0.6210940538962567;0.6209730109089143;0.6943341003062564;0.314878892733564;0.8159660142133384;0.016643336857658328;30.791943788528442
1.0;0.8;9;171;2;2;0.11852564434285306;0.11852564434285316;0.126764441411579;0.12506600726658068;0.11554171103524868;0.7259323145443687;0.7258995273467006;0.7980893997561346;0.7950032977397364;0.7949633181835559;0.8746400473932682;0.3254847645429363;0.8678622548399187;0.006359086539796804;13.552252292633057
1.0;0.9;0;159;2;2;0.10290832467677499;0.10290832467677517;0.10892667568109288;0.10719410104639075;0.09637282319847922;0.6641543139262043;0.6641141599680751;0.7572053712279753;0.8007224340515272;0.8006836018501581;0.8786837958589365;0.35503231763619575;0.9260045275886853;0.0020546024014411156;11.66133451461792
1.0;0.9;1;157;2;2;0.11829133850051649;0.11829133850051672;0.11793939296690888;0.11622341970037393;0.1097599278021392;0.720849142159838;0.7208157666772212;0.8040181183491352;0.8341693167546892;0.8341369573895905;0.9000646808461927;0.35503231763619575;0.9260045275886853;0.0020546024014411156;13.770683526992798
1.0;0.9;2;175;2;2;0.10336724877394951;0.10336724877394976;0.11114386378354471;0.10941562475279003;0.09515975756726279;0.6832717125543883;0.6832338442865505;0.7734301640551628;0.8124315812129854;0.8123950320524524;0.8867987430188492;0.35503231763619575;0.9260045275886853;0.0020546024014411156;15.580495595932007
1.0;0.9;3;221;2;2;0.10323264161551916;0.1032326416155191;0.10894085660322868;0.10720834776666903;0.0937787216064264;0.6601465524883159;0.660105919359271;0.7537510010670014;0.791191095603961;0.7911504083925732;0.870606166712743;0.35503231763619575;0.9260045275886853;0.0020546024014411156;16.74750065803528
1.0;0.9;4;196;2;2;0.11798759645445883;0.1179875964544588;0.11958045832545937;0.11786786806806673;0.11102816192242192;0.7002500847718452;0.7002142464507223;0.7874739881915108;0.8229126169537853;0.8228780709022331;0.8939295928030332;0.35503231763619575;0.9260045275886853;0.0020546024014411156;15.532873630523682
1.0;0.9;5;592;2;2;0.11813631903741449;0.11813631903741455;0.11432234424508222;0.11259983589473012;0.1037917232926736;0.7178492641567641;0.717815530006519;0.8016441435794601;0.8915841408523464;0.8915630009779093;0.9425497915573234;0.35503231763619575;0.9260045275886853;0.0020546024014411156;34.91574954986572
1.0;0.9;6;269;2;2;0.11819695957374389;0.11819695957374404;0.10958098582395844;0.10784935766765472;0.09823167039011006;0.7089667555680945;0.7089319594185661;0.7945432744790354;0.8484123638868722;0.8483828104588275;0.9144618323752712;0.35503231763619575;0.9260045275886853;0.0020546024014411156;16.08737874031067
1.0;0.9;7;219;2;2;0.10389956728137673;0.10389956728137686;0.11068293927906495;0.1089537882285443;0.09568386045256595;0.6804970641042462;0.6804588640973915;0.7711018089041217;0.8009453458009635;0.8009065575436707;0.8786837999052914;0.35503231763619575;0.9260045275886853;0.0020546024014411156;16.294931411743164
1.0;0.9;8;497;5;4;0.0468016654640949;0.06583953886707306;0.10455587862432508;0.10047583406013331;0.059815501146466055;0.18003266780419686;0.17979643564999678;0.13402652479283142;0.32567423159378966;0.32540409785608393;0.33761840168918555;0.35450346420323325;0.7998924190348451;0.015517399492842074;39.720964431762695
1.0;0.9;9;140;2;2;0.10306558027408506;0.10306558027408477;0.11311954693548062;0.11139485149738677;0.10210523070420897;0.6641543139262043;0.6641141599680751;0.7572053712279753;0.778049870806645;0.7780066028579582;0.8625656453148595;0.35503231763619575;0.9260045275886853;0.0020546024014411156;10.129780769348145
1.0;1.0;0;292;3;3;0.08898319293898646;0.08400590954365242;0.12773883073326137;0.12480716110321739;0.0905337985677669;0.3148973038477453;0.31477058370243527;0.31966373604525944;0.5325429138476179;0.5323975330586863;0.5927211642351421;0.39377162629757784;0.9979952679741594;1.2912024898971354e-06;19.39922261238098
1.0;1.0;1;386;3;3;0.09216310463110494;0.08757439379896995;0.0840339348263665;0.08087545209537929;0.062108891647535545;0.35519548374654614;0.3550762173395119;0.34577321200089983;0.4489428153656996;0.44876349824183065;0.4929573541146897;0.3943173943173943;0.998986325837093;3.0505636361194324e-07;24.04919147491455
1.0;1.0;2;465;3;3;0.08762392062688468;0.08244248424474035;0.11670840408471322;0.1137465377808892;0.08131941966040553;0.30430335262377717;0.30417467296634426;0.31075799469416737;0.48794270737051376;0.4877840725357617;0.5460850152243522;0.39377162629757784;0.9979952679741594;1.2912024898970812e-06;28.097803115844727
1.0;1.0;3;413;3;3;0.08844509530357139;0.08290221863605136;0.12052139725741227;0.11755012314278257;0.08812503590434138;0.3047935394960926;0.30466495050616405;0.31128856815723094;0.5011518876133599;0.5009953393457585;0.5810359697994965;0.39377162629757784;0.9979952679741594;1.2912024898971354e-06;27.855385065078735
1.0;1.0;4;399;3;3;0.06505849921512441;0.06062682428886447;0.10829627568395186;0.10518042657529009;0.10597704560538758;0.2327960626513515;0.2326541566088787;0.2429498287718963;0.5468528993413448;0.546701669090525;0.6637141254152759;0.3943173943173943;0.998986325837093;3.0505636361194324e-07;24.049655437469482
1.0;1.0;5;373;2;2;0.10977012740847765;0.10977012740847787;0.10542117967822519;0.10368141795145984;0.09445523350515757;0.6393554248203486;0.6393123182286453;0.7417231072063267;0.7900112149896553;0.7899702730532483;0.8716136345272438;0.394275161588181;0.9994148624926857;1.3510449863168308e-07;22.12652611732483
1.0;1.0;6;258;2;2;0.10980403298192944;0.10980403298192926;0.10618186345817228;0.10444353499368465;0.09473651530054676;0.6431380018793308;0.643095347405907;0.7451498394467941;0.8035660630284757;0.8035277612920609;0.8817223407172734;0.394275161588181;0.9994148624926857;1.3510449863168308e-07;18.78839612007141
1.0;1.0;7;434;3;3;0.09048877564149821;0.08514114082218847;0.11027017468527944;0.10724326274305751;0.08448538597758445;0.317711084372638;0.3175848846787566;0.32181803970148376;0.5443121473905406;0.5441674115906802;0.6294592891261755;0.39377162629757784;0.9979952679741594;1.2912024898971896e-06;26.753716707229614
1.0;1.0;8;197;2;2;0.10980592150258268;0.10980592150258278;0.11146539401398131;0.10973672230348232;0.10186574714326277;0.6456729520332036;0.6456306005535549;0.7474387141051094;0.7688597281418229;0.7688146176197804;0.8515705969252192;0.394275161588181;0.9994148624926857;1.3510449863168308e-07;12.1456618309021
1.0;1.0;9;261;2;2;0.10990754548934922;0.10990754548934903;0.10780083474514583;0.10606564305057979;0.09617893926181198;0.6482186167359023;0.6481765695307014;0.7497310979618277;0.8159690221786009;0.8159331382055892;0.890870006874497;0.394275161588181;0.9994148624926857;1.3510449863168308e-07;17.099172353744507
