id_row,tau_x,tau_y,balance,TOPSIS_score,rank
362,0.1148474975609367,0.114589071984912,0.8693372167203354,0.7604117875356906,1
725,0.1154680574830658,0.1154680574830658,0.8660263191870708,0.7588855571101141,2
604,0.1133783118201448,0.1133783118201449,0.8705601418676711,0.7547578741905179,3
1209,0.0994140112122427,0.1011255566949159,0.9394786546811724,0.7231539341450094,4
1197,0.1085516151251356,0.1070191400952046,0.8731200874229831,0.7176760616211806,5
1164,0.1121389301974646,0.1119405744051372,0.8512646633983388,0.7160171183972515,6
1132,0.1130536454586375,0.1130536454586376,0.845777300167408,0.7135432343559307,7
834,0.1179505836332609,0.1179505836332609,0.8257012742346641,0.704670400574586,8
713,0.117690748887024,0.1176907488870239,0.8257833377844677,0.7038520032569071,9
1131,0.1129987054984487,0.1121972216385039,0.8393921832323186,0.7006895406374578,10
350,0.1166713580736945,0.1166713580736944,0.8260386266417734,0.7002429377702734,11
1252,0.1024277206496212,0.1017824780014532,0.8965815431125627,0.6976771126653881,12
1088,0.1032988685854818,0.1033142510845129,0.8842085988102779,0.6937783920880837,13
1076,0.1114850299509659,0.113742122464744,0.8327919105378359,0.6903684383900879,14
471,0.115868119479647,0.1154253725318948,0.8194057961865069,0.6852821043512242,15
229,0.1143323909207796,0.1149010611633671,0.8171927258023064,0.6768708393388657,16
1208,0.1063083561527936,0.1056622227963403,0.852024943959621,0.6728315913675758,17
846,0.1035110411306262,0.1034139631450649,0.8669167135002127,0.6726025887073623,18
1099,0.1094295201893046,0.1088102038523401,0.8347267463023484,0.670697640056348,19
1330,0.0904815691003264,0.0895429358152999,0.9994748179838094,0.6675292693957494,20
593,0.1127742160309892,0.1127742160309891,0.8170200104086899,0.6666192208581708,21
680,0.117777088616501,0.1177770886165011,0.8012673984291597,0.6663885380328591,22
537,0.1175160584724771,0.1175160584724771,0.8008653701679078,0.6647367457677686,23
515,0.1178822778327132,0.1178822778327133,0.7997897186779657,0.6645623020120884,24
911,0.1174337038007877,0.1174337038007877,0.800452702355896,0.6637752351834224,25
130,0.1177880653711934,0.1177880653711934,0.7993046331798146,0.6634574235715983,26
856,0.1175155587621746,0.1175155587621746,0.7997292191740011,0.6630092693940491,27
427,0.1170051834671511,0.1170051834671511,0.8008890228435851,0.6626586674236075,28
405,0.1174983944022881,0.1174983944022882,0.7993671219219876,0.6623901746637442,29
548,0.1175490575699521,0.117549057569952,0.7991252655843638,0.6622289666152378,30
889,0.1174506443712197,0.1174506443712197,0.799196443939622,0.6619366263817805,31
1109,0.1112163608232905,0.1096847493390798,0.8232217928695162,0.6618270885794001,32
416,0.1177109240252105,0.1177109240252106,0.7983274340409074,0.6616722316663376,33
372,0.1175794639197372,0.1175794639197372,0.798623688971714,0.6615919980619417,34
174,0.1177662911562597,0.1177662911562597,0.7978771488826635,0.6612125551324192,35
812,0.1176898892948692,0.117689889294869,0.798022582811752,0.6611270258376886,36
31,0.1172459448351978,0.1172459448351978,0.7991663021313758,0.6610466370528193,37
691,0.1180424951581294,0.1180424951581294,0.7967673350223289,0.6606269757748491,38
955,0.1133817899119347,0.1120674563296727,0.813396001467877,0.6605203624339977,39
636,0.1170995802990285,0.1170995802990286,0.7990871008418938,0.6603128644040019,40
262,0.1175915429516332,0.1175915429516332,0.7975984764054722,0.660089296171258,41
1175,0.1081055815584422,0.1067075035743915,0.8359062790429611,0.659915969524282,42
790,0.1167249789789946,0.1167249789789945,0.7998345773709827,0.6598467716084487,43
1065,0.1137186348554811,0.114120839346165,0.808379212853356,0.6594836261186526,44
592,0.1107721356835774,0.1110330826990422,0.8191109976764119,0.65855851054481,45
977,0.1151950018914791,0.1146174478903495,0.8033455493751818,0.6566979665703097,46
108,0.1124053497488428,0.111692626398051,0.8125867319777523,0.6553800350625991,47
273,0.1177851020552679,0.1177851020552678,0.7938949160912591,0.6552886955917046,48
317,0.1158241282014572,0.1148647948796389,0.8010132451069529,0.6552139806177114,49
328,0.1174442828114798,0.1174442828114799,0.7946216765735629,0.6549904718604447,50
526,0.1177666573145073,0.1177666573145072,0.7923189715460284,0.6528491722650452,51
339,0.117331159621943,0.117331159621943,0.7932916205323111,0.6525138311714399,52
570,0.1145361135388891,0.1145572319277403,0.8016083466945224,0.6522417573964968,53
196,0.1173150605113174,0.1173150605113175,0.7931170626225922,0.6521831829900546,54
1043,0.1144828865850447,0.1144650932989896,0.8015897379191894,0.6518368356286435,55
1317,0.1064694957208077,0.1054787195595615,0.837703714294209,0.6517427968890309,56
1021,0.1110309491115903,0.1110309491115903,0.8141541977186767,0.6516424281233182,57
1163,0.1132467809326932,0.113848210638014,0.8038551092564263,0.6504525852776776,58
449,0.1160944621332104,0.1156162543534509,0.7962803161505502,0.6504467369280145,59
207,0.1172827685717564,0.1172827685717563,0.7918439159698465,0.6501303884850457,60
845,0.1108969217953605,0.1108969217953606,0.8112451224203786,0.6462759869919217,61
141,0.1146469978932578,0.1146469978932578,0.7962327813948729,0.6444750991793856,62
361,0.1125321845744179,0.1125321845744179,0.8027973949602923,0.6430637646087324,63
384,0.1152423842051554,0.1152423842051553,0.7931187333918993,0.6427014655280915,64
120,0.1004355476585502,0.099527777626123,0.866590419682996,0.64198283926554,65
1066,0.1113939435879574,0.1113939435879574,0.8063035454784199,0.6417015365657368,66
472,0.1094301175022847,0.1096222251321878,0.8136862933986901,0.6411399604905842,67
1142,0.1113569951009453,0.1103542436799891,0.80807056692746,0.6409844397281067,68
406,0.1139568948745494,0.1139568948745494,0.7954764931700808,0.639697875419538,69
988,0.1147908304527911,0.1152681007904367,0.7911049080280235,0.6385937461576937,70
922,0.1142967010749493,0.1147489040144632,0.7921936764466713,0.6376693243537869,71
867,0.1156428245700831,0.1152900947699165,0.7889393854968155,0.6374177322916288,72
560,0.1153035171826793,0.1153035171826793,0.7891245517472156,0.6369230042195788,73
9,0.1153860840268009,0.1151081978376039,0.7889544609220761,0.636365116741786,74
20,0.1165008025094429,0.1154447946689078,0.7864763179705974,0.6360624910625903,75
284,0.1154082758470521,0.1148130668211539,0.7888195886139574,0.6354506846309161,76
614,0.116612251756006,0.1157724521604112,0.7851316835854606,0.6350999751060887,77
251,0.1143844916661837,0.1140923743949608,0.790920512075019,0.6341878854586106,78
307,0.1140017564519105,0.1140017564519105,0.7911059400459592,0.6332337231648474,79
702,0.1141511676168176,0.1125970077416152,0.7931919660430637,0.6328336364178182,80
75,0.1140020338401816,0.1144878738202209,0.7897854128240691,0.6325363573723632,81
218,0.1114673440662587,0.1114836718744927,0.7999611114286486,0.632376325073708,82
559,0.1150737718544252,0.1148546377234037,0.7869591342139551,0.6319201979723448,83
1143,0.1082263123161576,0.1072205746419874,0.8156565788851433,0.6315556343803355,84
724,0.1125766366926199,0.1126258576045805,0.7950704563565917,0.6315228981060241,85
966,0.1116296097813405,0.1122513461264479,0.7975528424851472,0.6314976976843357,86
394,0.1151990086248858,0.1144897016840933,0.7865715554303446,0.6306764701831898,87
42,0.1132837180182022,0.1135393973798835,0.7912535048380225,0.6302572563595092,88
1010,0.1159408451273387,0.1154530707126151,0.7833618600684973,0.6301072245093994,89
383,0.1157549192129709,0.1152533672204575,0.7839861515437352,0.6301013606886654,90
878,0.1143012301388231,0.1141530698314704,0.7881515162540771,0.6299127392869628,91
1154,0.1078347701427054,0.1065287522818234,0.8167073895811834,0.629216674422668,92
1318,0.0918126979627141,0.0903083843654658,0.925175466073369,0.6278904219649514,93
295,0.1155623337601773,0.114999444846846,0.7831743078718362,0.6277635164238007,94
241,0.1015402859304918,0.1015423240656174,0.8449492522235127,0.6265217430873561,95
483,0.101717379092735,0.1030904312880922,0.8395990735260315,0.6261766110263488,96
439,0.1128123060873702,0.1128123060873703,0.7905148702455351,0.6257297540589495,97
801,0.1129442756467543,0.1127908748733999,0.7902685928998692,0.6256566917803291,98
1098,0.1087827518553204,0.1071450792452921,0.8106600886709275,0.6255211471349047,99
482,0.1094367772247677,0.1091130172829141,0.8045449573169705,0.6253080630364343,100
658,0.1158844738899896,0.1153636489473397,0.7801123050837493,0.624870423991154,101
186,0.1126887261496603,0.1126887261496603,0.7902670955975182,0.6246392487163226,102
86,0.1142554822627048,0.1132179083632266,0.7864241089167708,0.6245487792677535,103
735,0.1166853097269142,0.1155801592681526,0.7781089000067961,0.6242859880739081,104
1032,0.1139484415513745,0.1121015728167219,0.7885918037394084,0.6237756770107223,105
746,0.1154366929657353,0.1157855197638299,0.7793226204661062,0.6236857194333596,106
450,0.1127738903455714,0.1127738903455714,0.7891155584884892,0.6233639945084566,107
669,0.1149681995871817,0.1146341493060508,0.7812900377478182,0.6225022146340724,108
659,0.1128180109952243,0.1128180109952244,0.7881106725735771,0.6220784180332988,109
802,0.1089329481391489,0.1089329481391488,0.803543835291973,0.6214887336517304,110
32,0.1127695896366597,0.1127695896366596,0.7874397917829006,0.6207737622165456,111
460,0.1133198988346504,0.1121999694078105,0.787447844735509,0.6206178696220546,112
823,0.1136347679377334,0.1123242152224758,0.7862267818430562,0.6199838370374344,113
625,0.113831343080832,0.1123439814600276,0.785640888594211,0.6196793795649617,114
395,0.1127088843350083,0.1127088843350083,0.7862910993723695,0.6186676414367559,115
1009,0.1188092609476867,0.1188092609476866,0.7659678969957888,0.6185535865388018,116
1033,0.1115898226140563,0.1110784713261317,0.7915707666155493,0.6185238045101202,117
779,0.1143775503751699,0.1148379165885239,0.7792335581730637,0.6184492361620618,118
747,0.1114887960002844,0.1114887960002843,0.7906253673300115,0.6180631479454471,119
438,0.1140615090574313,0.1123726196471405,0.7840606404704575,0.6179728170508435,120
1054,0.1089167877980123,0.1085502247394391,0.8021310986469625,0.6179277335284797,121
1097,0.1118704838170498,0.1109422335428939,0.7905613508463502,0.6173691254518336,122
306,0.1136223539644827,0.1121684587333455,0.7842054096786232,0.6164000133958264,123
758,0.11150235249925,0.11150235249925,0.7893493584439716,0.6161862047915431,124
1044,0.1096897516068558,0.1089862285542803,0.7980772310640016,0.6157275523280228,125
780,0.1103388386822846,0.1103388386822847,0.7931344390822039,0.6147258139184141,126
97,0.1127459801245542,0.1119322186529316,0.7851576869678961,0.6147043521685285,127
582,0.1109139338130974,0.1101495715197794,0.7901481285698517,0.6112921782895334,128
1121,0.1066765010139597,0.1051518832456774,0.810864372880955,0.6110403503138985,129
967,0.0982705161499339,0.1007366176623386,0.8455561319513473,0.610672029852674,130
230,0.1094274996912086,0.1090276984731739,0.7950266071022176,0.6103318343842575,131
373,0.1089245376301162,0.1089245376301161,0.7957252881879122,0.6094088788411396,132
65,0.1091345570935804,0.1091345570935804,0.7943453744581503,0.6086992173125866,133
681,0.113564507095281,0.112886559222115,0.7773457405017814,0.6079660390831775,134
1055,0.1100040482329998,0.1093551405420044,0.7915141166964317,0.6078988926118307,135
791,0.1117641095447517,0.1112462170666394,0.7837888107213346,0.6076410848513215,136
252,0.1119402309638024,0.1118746138802917,0.7818364170319242,0.6071402708672492,137
989,0.1089927497259171,0.1089413867648955,0.7940064084088154,0.6070509242962293,138
934,0.1109023934875501,0.1107915175191626,0.7858530634672358,0.6067590843986174,139
1198,0.0971314070941825,0.0955108335502004,0.8628861137644448,0.6065009906689454,140
1152,0.113690075223976,0.1124924912825153,0.7764121758860172,0.6057318825778624,141
987,0.1156685096500119,0.1156685096500119,0.7666376897100541,0.6051478224947027,142
637,0.1092873994850596,0.1092873994850596,0.7912826497049333,0.605015013482611,143
714,0.105873911587962,0.1054057448480407,0.8078301460795533,0.6045645547272727,144
54,0.1133316668109878,0.112613705643238,0.7759072108743925,0.6043451868694771,145
571,0.1107638263208751,0.1102464468255952,0.7856734631561634,0.6042863106794211,146
131,0.1128897888040213,0.112438636191542,0.7769564472976216,0.6041725845028074,147
1187,0.1003602116940733,0.1020242669591994,0.8298943182565187,0.6027395578145782,148
581,0.1111294825285958,0.1113431832452515,0.7811983777003494,0.6020956261369153,149
978,0.1084305904646738,0.1085497404340262,0.7926785558684178,0.6017975171955022,150
912,0.1099965840326166,0.1094292872689495,0.7872128125453758,0.6015261761631944,151
53,0.1124197909936995,0.1123132603316035,0.776290508968091,0.6014477559712644,152
240,0.1087433099150258,0.1086664010930589,0.7912736634432589,0.6010861180370518,153
8,0.1190485826826331,0.1190485826826331,0.752622927512218,0.6008079074828246,154
426,0.1191256004480652,0.1191256004480652,0.7523614178432062,0.6007721346777773,155
824,0.1108368453788433,0.1100862509996117,0.783438907629472,0.6005643624788027,156
163,0.11388911568581,0.1127522734641924,0.7715794971979175,0.599773380383681,157
580,0.1191826575690233,0.1191826575690234,0.7513994397276469,0.5996841670428561,158
657,0.1191571912895277,0.1191571912895278,0.7512610550294546,0.599385431125683,159
646,0.1188459108705662,0.1188459108705662,0.7522210330990993,0.5993834953788905,160
613,0.1186689592505196,0.1186689592505196,0.7526939517544596,0.5992739442936655,161
340,0.1132249987546187,0.1131610926659565,0.7716235129307863,0.59921904219896,162
778,0.118999656848734,0.118999656848734,0.7514003697250609,0.5989070243922843,163
868,0.1121168434355839,0.1113855326501873,0.7769905916673417,0.5987636596765933,164
767,0.1191504571046444,0.1191504571046443,0.7505856121719632,0.5984253010741098,165
569,0.1189825287990152,0.1189825287990153,0.7510801723004954,0.598390858251028,166
1319,0.0880792486920984,0.0877395389304314,0.9183221270658832,0.5982517736180807,167
999,0.1116872257555303,0.1097019041750943,0.780922759123154,0.5980319147775718,168
668,0.1190571046587163,0.1190571046587163,0.7505086877846134,0.5979211149332053,169
52,0.1187769018323687,0.1187769018323687,0.7509780725632401,0.5973608853001665,170
19,0.119131736552369,0.119131736552369,0.7498096809554221,0.59727673095246,171
217,0.1190048949160506,0.1190048949160507,0.7501637379372603,0.597221237404148,172
85,0.1190558550316048,0.1190558550316048,0.7497914638457973,0.5969268561268811,173
261,0.1189058110306313,0.1189058110306313,0.7501353621212622,0.5967545701750689,174
64,0.1135279418268951,0.1123946859138005,0.7708361634662901,0.5965982909419926,175
140,0.1191895758533834,0.1191895758533834,0.7490893690885163,0.5965329727351929,176
1120,0.1091613215888886,0.1074435345612881,0.7899573081277687,0.5961309575444218,177
736,0.1112941739822952,0.1113194071443478,0.7759671276455442,0.5945585864389659,178
647,0.1140238951850707,0.112707904675933,0.7677492108902122,0.5942787444384909,179
879,0.1096460635393662,0.1089040727872304,0.7843313017240954,0.5942079176494407,180
900,0.1134295555615133,0.1125917442677737,0.7679767585035987,0.5926341951647468,181
448,0.1158241059281735,0.1158241059281735,0.7574704429002053,0.5925845652136169,182
318,0.1101263012024621,0.1101683386432103,0.7791525875132967,0.5920817004949315,183
1064,0.1129820071496587,0.1154426118048022,0.7628857570225016,0.59201227910056,184
505,0.1104638657950711,0.1103868345258766,0.7771216978040897,0.5907633175519841,185
1229,0.1015836654202243,0.1012449487260057,0.8202976964711522,0.5906663255014386,186
1186,0.1021921677331672,0.0992215350052818,0.8243670675255729,0.5905324011289736,187
768,0.1149574244450298,0.113283464963194,0.7619346925288606,0.5898497392403695,188
21,0.1093454249768808,0.1087744422484486,0.7823735805298175,0.5898006217571219,189
1295,0.1007176309314222,0.0993859480517512,0.8269807536750988,0.5893316197558398,190
109,0.1073965545636749,0.1072664628998121,0.7891531273861327,0.5883625438473074,191
1077,0.1021536410439934,0.1012219793455692,0.817173536165081,0.5882164395439482,192
954,0.1189557059631017,0.1189557059631017,0.7432321984279067,0.5875042444381061,193
692,0.1071371719448265,0.1072488238549042,0.7891370578376792,0.5873857910057048,194
712,0.1186948191307557,0.1186948191307558,0.7436226966236086,0.5868723457522876,195
492,0.1159340280003632,0.1159340280003634,0.7530883212699887,0.5868422401894706,196
1329,0.0898523498981555,0.0895969648965704,0.8901971167059107,0.5854058784344168,197
933,0.1099454608286883,0.1069554519469295,0.7816654051880787,0.5842491211338079,198
263,0.1085218455112665,0.1081582838277928,0.7814917735476852,0.5836145516163006,199
206,0.1176488793397747,0.116825050879425,0.746217826188403,0.5835646959748774,200
943,0.1172709703662112,0.1164885607905029,0.7474227193704867,0.5835033724097151,201
525,0.1157379030912482,0.1157379030912482,0.751095300890855,0.5829736558113524,202
129,0.1178785857596381,0.1168293551777539,0.7451162913317689,0.5825745149654631,203
626,0.1086364053135479,0.1080977796052628,0.7803840218760911,0.5820902515432381,204
800,0.1170593611701358,0.1164228440998477,0.7465213089899588,0.5815599756216947,205
272,0.1177634825253114,0.1167878375765028,0.7446372817740232,0.5815337183534255,206
549,0.1105827402377768,0.1105460177137871,0.7703658082673481,0.5814061245411212,207
734,0.117271827613993,0.1164518645332822,0.7451012484877506,0.5801541974348523,208
1285,0.0987937036655177,0.0969178173909785,0.832834934098891,0.5799992645031045,209
514,0.1176272579521002,0.1166493525037356,0.7439829602297346,0.5799483472874563,210
516,0.107852340274032,0.1074580444814492,0.7820017317539583,0.5796767347172396,211
1053,0.1146282923779939,0.1131448579825479,0.7558156888963095,0.5795826055640793,212
1119,0.112870026664774,0.1117587651104761,0.7619611184718827,0.579519968657047,213
624,0.1171117740264749,0.1163004140124353,0.7450134294609617,0.5792513958717934,214
294,0.1173610608414637,0.11647122951125,0.7440344318400156,0.5789269035862726,215
250,0.1174123926778652,0.1166012841609627,0.7436420899593703,0.5788389313595219,216
910,0.1174070433686207,0.1167674530199175,0.7433231124562496,0.5788096425383765,217
296,0.1119471436470323,0.1114568149473046,0.7637707225491523,0.5785647789190921,218
615,0.1077322836875392,0.1069349157203315,0.782765158739007,0.5785565015274413,219
701,0.117400826271444,0.1165485916057321,0.743506405684088,0.578485941570237,220
208,0.107697112650478,0.1063974591434824,0.7834957481008104,0.5775988314252852,221
1296,0.0959133749942791,0.0937590196909079,0.8490065289287425,0.5774598475683829,222
371,0.1177357003062944,0.1168027997688827,0.7416505502704651,0.5773592534165902,223
493,0.1119962856931058,0.1099096605652923,0.7658430534363745,0.5768098637902923,224
1306,0.0963823157433958,0.095057653126105,0.8424171902219275,0.5760500080284086,225
901,0.1077022094689765,0.1071368345210015,0.7806823077545653,0.576006454828238,226
228,0.1170026223540296,0.1162959178616595,0.7425544440485322,0.5755337574124249,227
1031,0.1152262329337457,0.1136063983214985,0.7508771550249904,0.5753627212499601,228
888,0.1166250065310859,0.1160263086584967,0.7433328535175721,0.5749753791414125,229
703,0.1071874782739369,0.1071788380890756,0.7805093833843308,0.574144526835253,230
349,0.1172652689412796,0.1165329321927293,0.7406002210600302,0.5740768856886781,231
921,0.116241246250701,0.1167140284286314,0.7418329901728276,0.5737407268021785,232
142,0.1081590064360194,0.1078293786675383,0.7763602463555517,0.5734263195687681,233
899,0.117359267368012,0.1164884205919023,0.7400261233857768,0.573392668554336,234
536,0.1174613969575944,0.1165246881263091,0.7389604783452217,0.5722611830851368,235
305,0.1165751636529817,0.1163063764330109,0.7406855896759386,0.5718963081097411,236
591,0.1153822964568601,0.1153945518646567,0.7444950768562829,0.5717195587432902,237
1000,0.1096529509042075,0.1086759007707787,0.7699381123230759,0.5715259838278803,238
1275,0.0940783180902821,0.0931555500932899,0.8510841044428238,0.5708547697602744,239
219,0.1055927644894249,0.1055464058419115,0.7856903639420079,0.5705162109747131,240
96,0.1157214528102637,0.1141346550798645,0.7454750197105118,0.570445923866913,241
470,0.1156868421554179,0.1159248022428504,0.7417702590197486,0.5701247967932455,242
538,0.1082497516052754,0.1080691433992406,0.7725506232337446,0.5687807914972789,243
151,0.1165858463245242,0.1162125127212299,0.738292547381187,0.5683426459947278,244
822,0.1152293168912692,0.1136702202707862,0.7452361913766345,0.567444465456843,245
338,0.1151684854224588,0.1136964388041808,0.7448656945805197,0.5668271252644755,246
1087,0.1013242479104725,0.1027630136663458,0.800303421180115,0.5663818148482608,247
976,0.1141610338585287,0.1130711967246717,0.746942573012068,0.5651775215330582,248
635,0.1156169923140711,0.1137954004200202,0.7419335541769494,0.5641453389502494,249
152,0.1111307055209223,0.1099355922411144,0.7585550779218304,0.5633342431581706,250
494,0.1060514822972669,0.1056832829515886,0.7793928435754854,0.5630611773337738,251
811,0.1156974303350522,0.1141636736346219,0.740239715982409,0.5630346624812598,252
1176,0.1012384747405874,0.098077669547396,0.810614644933613,0.5626937576646563,253
1286,0.0915764883455806,0.0901301793981144,0.8613913332314456,0.5625661484936606,254
404,0.115456305630098,0.1137654651379795,0.740431077363837,0.5614938716275487,255
789,0.1127463205851621,0.1131702459735983,0.7469107247749494,0.5613883064943684,256
558,0.115109396527468,0.1137360597824699,0.7407904703607451,0.5609740256685429,257
690,0.1131650491132159,0.1127990133463545,0.7448508349191652,0.5584796448253276,258
679,0.1149498067981636,0.1137209465515369,0.7393103132200805,0.5583907308645507,259
504,0.1100114268288759,0.1095566880538458,0.7582434792097169,0.5580692509851661,260
173,0.1157504404538376,0.1139606907025719,0.736025870500205,0.5566525488051873,261
98,0.1050536077197687,0.1053674172158065,0.7782431672104642,0.5566352733928591,262
877,0.1161850287220054,0.1142999939270595,0.7343987164362142,0.5565351143808843,263
415,0.1159858239370626,0.1139119954573961,0.7354804461655224,0.556379558562628,264
30,0.1163120792099213,0.1143855367350759,0.7336422975950586,0.5560684741982037,265
757,0.1105453122634771,0.1086718263668224,0.7575022097580504,0.5556331375270379,266
197,0.1079402417002099,0.1073548848207636,0.7661385721967503,0.5554869777532869,267
835,0.1017693078329489,0.1044456786389906,0.7875911804102677,0.5554435263398871,268
283,0.1160605048469002,0.1142455693520322,0.7331808408848515,0.5543484517257063,269
944,0.1050551655857462,0.106125841217286,0.7747652225843955,0.5541643395965044,270
857,0.1054078351048538,0.1050649005109282,0.7764623052893638,0.5540560160583552,271
1241,0.0960147411651132,0.0938104270942319,0.8302898210334929,0.5539447323741442,272
923,0.1074421636001709,0.1063898097984376,0.7684653776995592,0.553845310353956,273
769,0.1092000913486553,0.1086020945004832,0.7592842922684884,0.5537252617524819,274
1042,0.1124809306318962,0.1115438927192965,0.7452279221042156,0.5530482261333198,275
437,0.1135301175116266,0.1134146685136398,0.7389793118261768,0.5529923316311095,276
745,0.11520853112827,0.1137970704996036,0.7338517680085187,0.5516375462888953,277
866,0.114433226911157,0.1137884555357975,0.7345051481570835,0.550361850590647,278
833,0.1136285332325099,0.1131025345482044,0.7375538387120775,0.5502848778478319,279
461,0.1052024755404733,0.1031584477955752,0.7787816418543613,0.5496556046927772,280
162,0.1153706418534689,0.1140303016266083,0.7314767548324224,0.5494636102732471,281
316,0.1135300479065029,0.1129953201594291,0.7370388313992284,0.5489334253803274,282
1230,0.0927687020519669,0.0910975253467287,0.8430925426911825,0.5485442142075262,283
1240,0.0978913754522677,0.0970069080094852,0.8117861736413536,0.547870459657109,284
175,0.1069036656943302,0.1065149675782647,0.7649160663883621,0.5470832257407326,285
393,0.1154896692361544,0.114134871377156,0.7287768287504438,0.5463563660764156,286
153,0.1067571340728505,0.1065294682772185,0.7639376957329527,0.5451520536872766,287
428,0.109368229122531,0.1078805322425794,0.7542211091417526,0.5441548052675881,288
1110,0.1044756184412349,0.1017209777036812,0.780421085069714,0.544044071877041,289
76,0.1078662377429549,0.1079476098869637,0.7571885462943617,0.5438475926311958,290
1011,0.1047739622246925,0.1040469415465413,0.7733823284186334,0.5433274856564481,291
1263,0.0977838037758144,0.095780508431697,0.8115611373982018,0.5424131485058041,292
63,0.1137578918987359,0.1114460248427135,0.734983543767904,0.5417730554643166,293
1020,0.1142465574898255,0.1116054003758572,0.7318701368982294,0.5393082987607494,294
41,0.1126577111717715,0.1108965502433565,0.7340741345264097,0.5353589993924244,295
327,0.1129644295470719,0.1111597563823703,0.7321819917411515,0.5344608600540955,296
107,0.1102462735405627,0.1103053272215556,0.739549360580047,0.5337144719270284,297
1242,0.0888467538621379,0.0879663176015009,0.8494205151813559,0.5320632681218879,298
285,0.1050278478253995,0.1049346963246724,0.7629470533996185,0.5317429876726668,299
329,0.1065244573380495,0.1056270541221043,0.7577590109138865,0.5317031607600871,300
351,0.0994530029215962,0.0981789281197284,0.7925077640848024,0.5303011491060796,301
547,0.1136812582366539,0.1118026556646231,0.7252179871291988,0.5288991442463755,302
1108,0.1100894534179189,0.1071416410521469,0.7441147899799772,0.528869972372316,303
503,0.1136804034299718,0.1113682561976684,0.7257043947424615,0.5281623636409547,304
956,0.0972050213838407,0.0995619200436406,0.7929401651719831,0.528073277180341,305
945,0.1014116727406732,0.1033512777412488,0.7727175836999176,0.5276315762325601,306
855,0.1146689326861862,0.1145312510806587,0.7158591522333573,0.527576878517813,307
1273,0.097894034084705,0.096184983319128,0.7995979318879786,0.5273836445378273,308
1307,0.0850703541212357,0.0832137061929219,0.8693192411775275,0.5273275598167056,309
87,0.104734008168004,0.103659984817614,0.7637865912860905,0.5271907818770432,310
459,0.1109674548487883,0.1082937026118334,0.7382376257409968,0.5271781490599936,311
1196,0.1018644693623849,0.1010278095751905,0.776914473653539,0.5267429272972644,312
1220,0.0893778404506716,0.0883504097333977,0.8419130183374645,0.5262068669202021,313
527,0.1054255113659985,0.1037227067019018,0.7611005560055869,0.5258043804666918,314
1129,0.1148062689823604,0.1140423046219848,0.7131042726585116,0.5227523036308174,315
185,0.1080355220289932,0.1042165916256933,0.7511764567767105,0.5217852732607203,316
1253,0.0911134087445142,0.0902595789836234,0.8277364803026479,0.5207856666465094,317
10,0.1056165667209333,0.10466073137922,0.7549784564172317,0.5207478517590751,318
648,0.1046849550492605,0.1034835514283039,0.7594753029240675,0.5198278492853102,319
1218,0.0985430823177966,0.0982474555279864,0.7864310937920317,0.518366839268398,320
195,0.1127042060667073,0.1093109260240992,0.7257719498894567,0.518325590913375,321
1297,0.089945661364423,0.0886793661273381,0.8325586306154715,0.5177444638443716,322
274,0.1042408011565494,0.1040643159474436,0.7565315576264414,0.5159930245917216,323
1274,0.0910940574957267,0.0887730915681339,0.827447162809247,0.515296299916175,324
417,0.1049758987388756,0.104360288279516,0.7527906949463594,0.514064073446288,325
74,0.1112404595131901,0.1083949355943491,0.7274839867889813,0.5128482483831165,326
1174,0.0970741624154584,0.1007276698169578,0.7795478723234662,0.5122928394072274,327
1219,0.0941921093662225,0.0933497212374755,0.8052835885990992,0.5120337297236269,328
1118,0.1134761103728942,0.1122318593294301,0.7119238501427774,0.5113238932315642,329
481,0.1103189535207657,0.1099512771263227,0.7238700217771112,0.5101087133636493,330
813,0.10397821175457,0.1030685442157604,0.7557332940599538,0.5100891409509282,331
756,0.1123040886202315,0.1091882859701057,0.7203217185127608,0.5089119523551883,332
670,0.1030373645518284,0.1022108617495965,0.7583627405253328,0.5074506383881621,333
43,0.1040472694032587,0.1032928779885119,0.7530879720382093,0.5071885688859332,334
1308,0.0861496657942166,0.0841111908491437,0.8441108781050042,0.5058985352027283,335
1151,0.1132263864172939,0.1132913383053734,0.7054236668857926,0.5052825569880807,336
932,0.1095791174156644,0.1083513126272312,0.72611894053522,0.5051915886085044,337
1185,0.0985010287429499,0.0971646302989774,0.7801448904735325,0.504859856149051,338
1173,0.112704166199057,0.1117496996270246,0.7093795127826711,0.5038207000729584,339
1086,0.1065887685689625,0.1088925776600916,0.7304210976057854,0.5032039365013157,340
890,0.1025943987664763,0.1021860252422937,0.756303025067207,0.5026571132019357,341
118,0.1099623277918508,0.1095591180205916,0.7197205145404264,0.5016405107060338,342
998,0.1107067030517326,0.1086530784074838,0.7198561255523112,0.5010990618301121,343
844,0.1085122951745175,0.109170701398638,0.7222704436634408,0.498994470779777,344
1294,0.101281185570469,0.100274306382271,0.7617309352353974,0.49889532135374925,345
1141,0.1048725877362412,0.1024148094047022,0.747006634363071,0.497630216680433,346
634,0.1197093120601128,0.1197093120601129,0.6672473953496421,0.4969741784488535,347
1184,0.1123321149109323,0.1096627476377959,0.710353402837326,0.49676290040230286,348
1022,0.1054325602391497,0.1027696176419946,0.7439228090222423,0.4963341181897423,349
689,0.1196191704162685,0.1196191704162686,0.6667584812036271,0.49593510289979464,350
382,0.1116311639283383,0.1086718134609403,0.7137960539773939,0.49572221131991495,351
656,0.1196691586168292,0.1196691586168291,0.6661716362294376,0.4955619645482857,352
821,0.1197295273958772,0.1197295273958773,0.6657525676570308,0.4954326903351393,353
513,0.1196827876795778,0.1196827876795779,0.6659398983199757,0.49538127238132157,354
447,0.1196519210237904,0.1196519210237904,0.6660671197239086,0.49535112874244475,355
667,0.1197034246984307,0.1197034246984307,0.6657453691928212,0.49528060539717755,356
744,0.1196528286351532,0.1196528286351531,0.6658955706875105,0.49516661113781457,357
119,0.1008648739784194,0.1009640425348786,0.7584630674792219,0.49509135092781614,358
1075,0.1039131665040041,0.1069187019141452,0.7361462913222778,0.49498976919018756,359
788,0.1196555031368823,0.1196555031368823,0.6654814645199376,0.4947243367824969,360
909,0.1196729319688244,0.1196729319688245,0.6653710354195569,0.4946991122743396,361
678,0.1197320718773744,0.1197320718773744,0.6644656675811554,0.49403048403212607,362
164,0.1040789371481381,0.1036881999346806,0.743211992206262,0.4939185378992539,363
579,0.1196964867581171,0.1196964867581171,0.6645066006862069,0.493878245299276,364
161,0.119726564138951,0.119726564138951,0.663754119783136,0.4932194322283058,365
1063,0.1175786337459688,0.1168667801085583,0.6760229586332501,0.4927051642345975,366
1041,0.1178543520938403,0.1173913597596337,0.6738214925993156,0.49251877303159813,367
1052,0.1175457887610293,0.1169787954454442,0.67442685033303,0.49107879624272266,368
184,0.1103759518684057,0.1081673843481156,0.7147719677904658,0.49103921031242215,369
557,0.1163814671026633,0.1163814671026632,0.6780448795635691,0.4900983608626389,370
975,0.117915971015402,0.1169140118632252,0.6723797914654032,0.48956202167965346,371
1228,0.1016960114564084,0.1011528440773523,0.7522417789873648,0.48937068440626336,372
469,0.1196209433854509,0.1196209433854509,0.6578861667262215,0.4862563869148536,373
1074,0.1169381139400509,0.1165613497161028,0.6704147206445593,0.4833060413109523,374
1328,0.0922203578999162,0.0906053023706902,0.7953695358466757,0.48246953258210434,375
1250,0.1007223730982803,0.0993223316653674,0.7536901206543889,0.4811477211350793,376
898,0.117368283926488,0.1169108870967519,0.6649083056489522,0.47935158612451906,377
216,0.1179825001243752,0.1172113556356361,0.6624481404739473,0.479332601873707,378
887,0.117464837148263,0.1169302134608285,0.6643138586616062,0.47902411521973876,379
1207,0.0999258776434411,0.0995369073682636,0.7531556517359335,0.4783226354649246,380
942,0.1180014720522583,0.1171220836770844,0.6615792453784705,0.4781354869339982,381
799,0.1173876633722525,0.1169529072960663,0.6635894184113109,0.47804457438163195,382
227,0.1164272899064869,0.1164272899064868,0.6674989564859467,0.47795615695452126,383
326,0.1179742700386885,0.1170851747760689,0.6612552469265616,0.4775767180450682,384
931,0.1180664342201118,0.1172365313787309,0.6601156994546091,0.47705248580997356,385
645,0.1174120243199773,0.1169926563926867,0.662194942274121,0.47666759970467687,386
150,0.1182645267150205,0.1173123895811826,0.659017907128366,0.47665649716206193,387
612,0.1182353602370655,0.1172457018251648,0.6592407206277651,0.4766087407659828,388
139,0.1183330555749736,0.1172423172609357,0.6586154096791428,0.4761947823791221,389
436,0.1182414498136278,0.1172827072346193,0.6584612599264877,0.4758801237240058,390
360,0.109637937290334,0.1095417144884699,0.7020442999845763,0.4757865716464937,391
733,0.1183514026914966,0.1172506433311341,0.6581708516043964,0.47578421687234373,392
865,0.118303965022697,0.1173518346683728,0.6578237311458337,0.4755778758112612,393
755,0.118249749456634,0.1173239101956831,0.6577001310705759,0.47519408798531454,394
73,0.1182250886866318,0.1173171973636613,0.6577172062455253,0.47511888414927583,395
603,0.0989284716335286,0.0984934227574739,0.7554308304875581,0.47432904778787094,396
1165,0.0960276528634059,0.0955864426371977,0.7682946047600823,0.4729941370599182,397
876,0.1168164802806063,0.1173625307440313,0.6587411391945583,0.47218982180157415,398
965,0.1081665461270574,0.1068616977463509,0.7099268390129913,0.4716420042807182,399
602,0.1075453486639125,0.1071709451911349,0.7096052997315356,0.4701423129384748,400
1030,0.1148710099948485,0.1148054171442137,0.6690320814358293,0.46953987181583523,401
425,0.115210607188878,0.114384212857698,0.6686347654122066,0.4687239394776628,402
1096,0.1098883785276148,0.1091105867522102,0.6962944734302867,0.4672117841610243,403
62,0.1149417422617664,0.1140499845888979,0.6688980756481546,0.46702987251901396,404
1153,0.1014354327094952,0.1003741366581409,0.7384983641041464,0.4646929854633654,405
414,0.114953780001595,0.114092407610509,0.666578789996201,0.46446157646592195,406
1162,0.1103570776128538,0.1080064232303634,0.6959834339868293,0.46433302175206453,407
920,0.1155249817904897,0.1142963643603588,0.6626283731005063,0.4623870590569727,408
205,0.1162298623596047,0.1145426690529613,0.6593444234490329,0.4617229613951629,409
106,0.1145382440884441,0.1138353682485254,0.6651953945702918,0.4605751753233035,410
535,0.114068694827735,0.1136241539017745,0.6653411173417328,0.45845253995412977,411
854,0.1170440949386479,0.1155521306686818,0.6508866807928959,0.45826747784236604,412
381,0.1170176408735364,0.1150041945720878,0.6525744553018018,0.45820390557173685,413
623,0.1158070580648397,0.1140711797984965,0.6588206972698831,0.4581405613753623,414
700,0.1159102863112347,0.1143750701646974,0.6574634654710259,0.4579718455451024,415
282,0.116899249190177,0.1146843683310594,0.6536120616358607,0.45789755030694124,416
29,0.1161255530419787,0.114685145919327,0.6557298330695815,0.4577694383370701,417
304,0.1165419591491996,0.1148972257076957,0.653578966209191,0.4574276106902271,418
370,0.1165826622145285,0.1146902782834202,0.6538828873232896,0.4571961769854712,419
183,0.1156920232714324,0.1142914747464134,0.6570922969614245,0.4565482885515678,420
546,0.1165978581980699,0.1147908243215132,0.6527693638259435,0.4563464308964737,421
502,0.1167071758883494,0.114983039552859,0.6517931399151677,0.4562698379529617,422
1107,0.1099592322528306,0.1076821064420111,0.6918009597436393,0.4560201240976193,423
777,0.1167687625829056,0.1149948977150239,0.6510545885540857,0.45569383582162015,424
18,0.1169168481679392,0.1150196704292537,0.6504270344875935,0.45556539438121374,425
271,0.1171853738188526,0.1152085081633863,0.6489769728125191,0.45548075026702045,426
1305,0.0964963096687291,0.0949569701589911,0.7568518250630183,0.4552367442701953,427
1262,0.0951303276288842,0.0918640333185367,0.76678515420102,0.4549251430132876,428
1264,0.088468789456496,0.0865894364977628,0.7920497038250056,0.4548579384255565,429
194,0.1157147671625203,0.1142939102602636,0.6553624039460071,0.45466809104632544,430
249,0.1171403568163656,0.1150400464383703,0.6488223082059053,0.45459997701454197,431
403,0.1144020342519286,0.113905708094337,0.6576690886612788,0.45158479955729314,432
1019,0.1152942842744843,0.1123794734320719,0.6592909777322119,0.45106936819759097,433
590,0.115147939873618,0.1139000714448321,0.6520446498499157,0.44766252228280484,434
1284,0.09291730724368,0.0924568345840473,0.764699992418986,0.4468834735692297,435
1316,0.0990087764639242,0.0972859305138105,0.7375715635328379,0.4430688496703778,436
238,0.1152678809893025,0.1152678809893024,0.6423241128265942,0.4422191593446244,437
1231,0.0865378988984904,0.0839732994304661,0.7913905556241516,0.4422119960399759,438
568,0.115057021688065,0.1122073922033434,0.6525110565375185,0.44183731195231246,439
348,0.1144801128694379,0.1135113672752405,0.6497935960034958,0.44147590371565415,440
766,0.1147556791775203,0.1124777314734633,0.6516226296010407,0.4407538171583175,441
986,0.111972203119898,0.1112458394330811,0.662999661312365,0.4397361660428176,442
1251,0.0945702015606644,0.0948122471536464,0.7509885378793282,0.43961086129675025,443
392,0.1151477088114913,0.1124790494026736,0.6479164669046469,0.4379527344352865,444
1283,0.0951340534981791,0.0948651130546192,0.7479476515004573,0.43702600219464477,445
128,0.1160082270854423,0.1132300212813057,0.64135913015527,0.43644363970266087,446
172,0.1152365523339267,0.1125393399377239,0.6456672145932371,0.43598163041868765,447
711,0.1120058029434472,0.1117357595222697,0.6580623702852341,0.43579101665828596,448
1272,0.0973525600830618,0.0954295919102527,0.7408035322755214,0.4355410600779242,449
458,0.1134930970447421,0.111976980036911,0.6517752622522089,0.4346491848788979,450
95,0.1137357614288455,0.1117462134816281,0.6515684545582514,0.4344175686863431,451
260,0.1146763338187903,0.1124391318158007,0.6460663462784748,0.4340905510573462,452
40,0.1106582178157601,0.1084819629842449,0.6706574644924943,0.43389148680567874,453
1085,0.1132736755057693,0.1134016474580406,0.6469377093401183,0.43369904442247476,454
337,0.1130924945197077,0.1117342554949772,0.6521816872472207,0.432780846790394,455
1195,0.1070492617932652,0.1041794523972526,0.6922632421458521,0.43232607661106087,456
293,0.1140715895431844,0.112030054216038,0.6476617123832418,0.43222600749228585,457
1106,0.1159651155275712,0.1151943949073534,0.62757118515143,0.42894950083221806,458
480,0.1133059343681579,0.113305934368158,0.6422608931288687,0.4282636682098017,459
491,0.1143414846823205,0.1121789060819381,0.6421506249898875,0.4276081263231562,460
1104,0.1165976831938904,0.1165976831938905,0.6188958573255351,0.4275560337689879,461
84,0.1133192526758351,0.1116862399217954,0.6462296682704503,0.4266221702696989,462
524,0.1139525050780582,0.1121879904414291,0.6424180457635578,0.42654071871696453,463
1172,0.1138489691000685,0.1144252234622111,0.6347903957156695,0.4263063659422683,464
953,0.1125191461680641,0.1112969162726053,0.6484526324980922,0.4247580531195123,465
1149,0.1164422538574954,0.1158036017155613,0.6178947025192509,0.4232503423640884,466
1029,0.1195795460506363,0.1195795460506363,0.5905734781798448,0.4224643883541637,467
1140,0.1079087525789624,0.1081652857157986,0.6683801082053181,0.4194291757896383,468
997,0.110577274796515,0.1090244082278525,0.65739083737597,0.4192258136264597,469
1147,0.1159322520992915,0.1150461300056997,0.6179316957859706,0.41879790266341316,470
1028,0.1195580212294307,0.1195580212294307,0.5860529368416835,0.418724361406404,471
1181,0.1158107742094635,0.1150484786724523,0.6178301767557125,0.41828721704486843,472
117,0.1124695806765408,0.1116712628774438,0.641245913966642,0.41788172557019765,473
1170,0.1159380482170662,0.115115247927543,0.6162551398798398,0.4174599428452169,474
1008,0.1104427411063137,0.1092884990983822,0.6554660678834182,0.4174351312288279,475
315,0.1127379514098967,0.1094927066190309,0.6473031364761224,0.4173076528375394,476
644,0.1198568319063841,0.1198568319063841,0.5816757279833222,0.4172531119695475,477
1134,0.1157375315160661,0.1150176244944524,0.6166948900941784,0.41682674922495305,478
7,0.1140319386644401,0.1097066583875103,0.6417695756592758,0.4167578847261344,479
787,0.1198418638057157,0.1198418638057157,0.5809286813436382,0.4165852514799117,480
369,0.1198192472721057,0.1198192472721057,0.5809895417232465,0.4164859381986735,481
51,0.1111819011085765,0.1086858592895702,0.6541800766429942,0.416315719998481,482
182,0.1198334174909865,0.1198334174909865,0.5800932574499582,0.4158944565923456,483
622,0.1199117481992817,0.1199117481992817,0.579297394640128,0.41579597135196045,484
1093,0.1150181086341561,0.1141018638781375,0.621631034336271,0.415724257205298,485
897,0.1198465958680658,0.1198465958680659,0.5797184191701747,0.4156949171886184,486
798,0.1198057408800207,0.1198057408800207,0.5800331088209907,0.4156701208130973,487
380,0.1198507081466979,0.1198507081466978,0.5793903820338547,0.41547293093574894,488
1139,0.1138504531970631,0.1138595393444864,0.6260491856690005,0.41510062682685156,489
413,0.1198536326080541,0.1198536326080541,0.5788434970474122,0.4150785187691367,490
534,0.1198435137066669,0.1198435137066669,0.5788289597376778,0.41500223179959134,491
523,0.1198096284619125,0.1198096284619124,0.5782198931372553,0.41432443435527044,492
941,0.1199251508302971,0.1199251508302971,0.5765841778218185,0.41384653627624635,493
1061,0.1195727973023894,0.1195727973023894,0.5795659666500543,0.41380465619452317,494
655,0.1198145221631603,0.1198145221631603,0.5771019332825815,0.41351788931989664,495
336,0.1198945408049186,0.1198945408049186,0.5763895698085724,0.41350411527759723,496
1049,0.1195436274736019,0.1195436274736019,0.5793545605074408,0.41345413001792775,497
239,0.1027711094681667,0.1020533735507474,0.696285040623955,0.413320227506792,498
776,0.1198710672442789,0.1198710672442789,0.5760694427178678,0.4131144694998274,499
1014,0.1195386155860197,0.1195386155860196,0.5770229215305476,0.41166430908879664,500
289,0.1198449233231261,0.1198449233231262,0.5736161150337142,0.4111357216523138,501
675,0.1197733850259313,0.1197733850259312,0.574155711772841,0.41106724363824926,502
1036,0.1195146633033404,0.1195146633033404,0.5762722394081595,0.410946849040648,503
278,0.1197930440526927,0.1197930440526927,0.573490227281663,0.4107067738972405,504
412,0.1198132199307712,0.1198132199307712,0.5728884191924815,0.4103980380472984,505
696,0.1197591300574941,0.1197591300574941,0.5730508488375939,0.41016493537723636,506
347,0.1197232525464517,0.1197232525464517,0.5729576756139467,0.40986327067645173,507
674,0.1198844103901161,0.1198844103901161,0.5712974771418977,0.40970530452448756,508
968,0.1163507980330135,0.1163507980330135,0.6011794518906078,0.4095644677756322,509
685,0.1198115474678805,0.1198115474678804,0.5714655379858765,0.409353491226715,510
1190,0.1151970740516314,0.1145368527323552,0.6125515369907643,0.4091883083255651,511
323,0.1199092327960039,0.119909232796004,0.5701937230411743,0.4090716817325325,512
826,0.1197085893773611,0.1197085893773611,0.5718198210654813,0.4089394701459764,513
177,0.1198050659051146,0.1198050659051147,0.5706959433349319,0.4087558078864868,514
445,0.119831674185563,0.119831674185563,0.5703182325365764,0.4086572379283309,515
311,0.119840911933115,0.119840911933115,0.5701978734735109,0.40863087812918425,516
522,0.1198615821763195,0.1198615821763196,0.5699154751559034,0.4085627111946562,517
105,0.1197059060877676,0.1197059060877676,0.5708413651821542,0.4082141555044232,518
797,0.1198321258985811,0.119832125898581,0.5695526460722723,0.4081113713107392,519
805,0.1197999425679139,0.1197999425679139,0.5697696496246766,0.4080571393337081,520
728,0.1197501577001302,0.1197501577001302,0.5701127377018238,0.40797863161324605,521
710,0.1197443490750257,0.1197443490750257,0.5701492774072447,0.40796697261073106,522
773,0.119848055041933,0.119848055041933,0.5687120701827788,0.4076153827557405,523
698,0.1198350988665792,0.1198350988665792,0.5686541991230104,0.4074898634482327,524
13,0.1198547919425026,0.1198547919425027,0.5682244478506588,0.40731276710658065,525
850,0.1198680894204359,0.1198680894204359,0.5680799107952632,0.40729681177491484,526
863,0.1198644823029722,0.1198644823029723,0.5679453621203548,0.40717800805199195,527
861,0.1197668711733843,0.1197668711733843,0.5688058093470263,0.40715302196775244,528
246,0.1199098919055347,0.1199098919055346,0.5673938407644645,0.40708346468936263,529
424,0.1166569846277567,0.1166569846277567,0.595769867182802,0.40704776826126143,530
852,0.1197993374581418,0.1197993374581418,0.5683331085675434,0.40702860534254515,531
985,0.1180448817024984,0.1170805217165426,0.5882022404531507,0.4069946921692438,532
983,0.1163736982074757,0.1163736982074756,0.5978393332223371,0.40681585426720607,533
874,0.1198020526682009,0.119802052668201,0.5678068551029993,0.40667317181965235,534
795,0.1198560831386396,0.1198560831386397,0.5670959526244606,0.40652325081321483,535
70,0.1198694355514943,0.1198694355514943,0.566961672672476,0.4065156299895436,536
869,0.1198706240726712,0.1198706240726712,0.5665886451352004,0.40626103917736206,537
996,0.1182680435996644,0.1172874084641868,0.5852624235916097,0.4061163632493629,538
663,0.1197681512878738,0.1197681512878738,0.5672886526628507,0.4060855582614229,539
335,0.1198071294799983,0.1198071294799985,0.5668601098264489,0.4060379843236466,540
520,0.1199376665906374,0.1199376665906375,0.5655944193938965,0.40600115781881824,541
135,0.1198809650661248,0.1198809650661249,0.5661181868883778,0.4059983918914063,542
1062,0.1180924629299393,0.1170864459559101,0.5867318257654185,0.40598962444653713,543
862,0.1197753085884344,0.1197753085884345,0.566692573783334,0.405712329022296,544
452,0.119859895022811,0.119859895022811,0.5658186178423067,0.4056514658589887,545
929,0.1198557770050708,0.119855777005071,0.5656287240760498,0.40549191513523647,546
1128,0.1145418370451026,0.113139795054608,0.6165259544194857,0.4053423892156981,547
210,0.1198091716474933,0.1198091716474933,0.5657306912049136,0.40525906106245635,548
25,0.1199358853536405,0.1199358853536406,0.5643663233229507,0.40513560325056086,549
684,0.1198722148197828,0.1198722148197828,0.5648122373021138,0.40503026566312555,550
895,0.1198485924505555,0.1198485924505556,0.5650220559185206,0.405022108223707,551
665,0.1199229050243726,0.1199229050243726,0.5641257259491582,0.4048845487537279,552
925,0.1198498693979729,0.1198498693979729,0.5646672171878905,0.4047837790723155,553
167,0.119899068834025,0.119899068834025,0.5640648903373238,0.4046871976105635,554
818,0.1198311690448099,0.11983116904481,0.564683229915419,0.4046728351278375,555
762,0.1198463537227448,0.1198463537227448,0.5644868356702162,0.404635650216712,556
433,0.1198845396875028,0.1198845396875029,0.5640972569496819,0.40461488025904147,557
267,0.1198688541408729,0.1198688541408729,0.5641912203954712,0.40457761541598064,558
991,0.1181953133219828,0.1173393746409759,0.583380134349386,0.40456544630445784,559
91,0.1198104847592714,0.1198104847592715,0.5647086095309513,0.404555361939187,560
796,0.1197609348290556,0.1197609348290556,0.5650147464676453,0.4044442735573113,561
576,0.1198498252233229,0.1198498252233228,0.5640147522085825,0.4043313367834566,562
803,0.1197959079569953,0.1197959079569954,0.5645078126147771,0.40432067361186125,563
737,0.1198569159110317,0.1198569159110317,0.5638772091534883,0.4042825365942152,564
915,0.1198506218044506,0.1198506218044506,0.5639332008468225,0.40428014952308283,565
937,0.1198298968312972,0.1198298968312973,0.5640825250497691,0.4042480896034731,566
870,0.1198941213989331,0.1198941213989331,0.5633665187256853,0.40417295994603675,567
279,0.1198362109202254,0.1198362109202254,0.5637533814206913,0.4040618087605652,568
676,0.1198660304636877,0.1198660304636876,0.5633499935519314,0.4039783213060875,569
817,0.1198220183552034,0.1198220183552033,0.5636304479657595,0.40388421556397824,570
1217,0.0990821854947356,0.097246833717366,0.7116894448654321,0.4038600726420898,571
1027,0.1183022840630182,0.1172859347672551,0.5822137556202176,0.4038217103399865,572
78,0.119874594615533,0.119874594615533,0.5629257402819675,0.40374241285212076,573
650,0.1198521777001738,0.1198521777001738,0.5629728803293176,0.40362844057227,574
134,0.1198326212591392,0.1198326212591391,0.5630585436799777,0.4035595560048373,575
939,0.1198053808711778,0.1198053808711777,0.5632195391285566,0.40349222250833366,576
919,0.1176963983333529,0.1170049141302164,0.5855778525206395,0.4034318778715636,577
628,0.119821893338424,0.119821893338424,0.5628945563723976,0.4033767237396907,578
610,0.1198415040226056,0.1198415040226056,0.5626118607052071,0.4033108936370706,579
484,0.1198477423506484,0.1198477423506484,0.5624713571149494,0.40325536161743053,580
334,0.119881933387818,0.1198819333878179,0.5620428000977891,0.4031854983040418,581
1239,0.0930836633030099,0.0906339649399199,0.7388682281247817,0.4030777924540537,582
979,0.1182791017356076,0.1173166318708932,0.5811962120285072,0.40305887126074946,583
6,0.1185187602504634,0.1173707259030815,0.5798202238344929,0.40299229464365827,584
871,0.1197938348623309,0.1197938348623308,0.5625137037376213,0.4029318219981113,585
930,0.1181742866163383,0.1175245017855019,0.5804154647155653,0.4028364089135411,586
1161,0.1127974283569081,0.1116322393148409,0.6262871876433089,0.4028296377928279,587
926,0.1199098908972796,0.1199098908972795,0.5612101306138244,0.4028006652943863,588
992,0.1181398469580277,0.1171520924325912,0.582209221564286,0.40279546022737495,589
198,0.1198540854251272,0.1198540854251272,0.5614482027387243,0.4025981268743666,590
906,0.1198141089323547,0.1198141089323547,0.5617817667251033,0.4025639848624487,591
1100,0.1141225727891523,0.1123858804259433,0.6180155564663389,0.4023508299156169,592
631,0.1198275737662346,0.1198275737662346,0.5613324582103039,0.40234598855450143,593
563,0.1198971814782306,0.1198971814782307,0.5595621040605684,0.4016035847748681,594
1070,0.1162285050023305,0.1162285050023304,0.5927765232058675,0.40146180469979764,595
419,0.119893325316668,0.1198933253166681,0.559386755357791,0.401460521783704,596
556,0.118196662591028,0.1173345987093705,0.579272034648817,0.4013570143337691,597
122,0.1198163691442014,0.1198163691442014,0.5599669423770972,0.4013476211926205,598
302,0.1198136303905226,0.1198136303905226,0.5598905593056106,0.4012781710280697,599
575,0.1198410168681134,0.1198410168681134,0.559379268681474,0.40111336792681335,600
754,0.1184755001525038,0.1173937132748239,0.5773498785870921,0.4010388601828658,601
171,0.1184258990693327,0.1174491228366956,0.5772227387903526,0.4009708503808689,602
501,0.1184113738931011,0.1173743583914877,0.5776120983695832,0.4009534870225184,603
578,0.1183185512021558,0.1173739455333446,0.5778872973119876,0.4008482848218144,604
402,0.1185136677719818,0.1175057470095989,0.5761871496975822,0.4006832197573462,605
687,0.1198498729410598,0.1198498729410598,0.5585986788349312,0.4006481264253648,606
499,0.1185423456757292,0.1175937557325526,0.5753691977159379,0.400475072736639,607
68,0.1198813688477109,0.1198813688477109,0.5579493217597353,0.40042100070885195,608
694,0.1199088228449137,0.1199088228449137,0.5575945104759051,0.4003645920400055,609
28,0.1184062870015793,0.1174281897842164,0.5763717026302468,0.40018691242296905,610
223,0.1197981257289298,0.1197981257289298,0.5578739257019489,0.39982547299998855,611
732,0.117368879528323,0.1167360939800522,0.5834364095796123,0.3996387940295639,612
706,0.119691425491935,0.1196914254919349,0.5585521218293876,0.399576897141596,613
465,0.1196512066221849,0.119651206622185,0.5588158215102244,0.3994885775036465,614
49,0.1198421720472502,0.1198421720472502,0.5569146168885819,0.3994776891739231,615
743,0.1182575015766731,0.1172784289432313,0.5766169195895202,0.399338470799232,616
435,0.1183055766755759,0.1173440490221251,0.5758676899449972,0.399168735551241,617
511,0.119929428741118,0.1199294287411181,0.5554017416467405,0.3990531435430569,618
853,0.1184165929296837,0.1173434154179411,0.5752103556422258,0.3990482401583771,619
292,0.1175886602901406,0.1171020250644564,0.5798367776650245,0.3988964977630907,620
342,0.1196870022824747,0.1196870022824747,0.5573981805149579,0.39877872981404217,621
346,0.1196157846557785,0.1196157846557785,0.5579770756143011,0.39869433835240403,622
810,0.1083707972212455,0.1060544496800673,0.6573829173502534,0.39862750634252414,623
314,0.1175682866001338,0.1171524910633799,0.5790746183823244,0.398420711354699,624
464,0.1196758545614467,0.1196758545614466,0.5568867275371207,0.39836623355531114,625
633,0.118304265177117,0.1172841042934936,0.5750283397305532,0.3983210413746366,626
1261,0.0956134980575638,0.0947734936885102,0.721724085322087,0.39831113179219274,627
457,0.1175587357152162,0.1170912269362904,0.5788068952855708,0.39796090168657877,628
17,0.1175215779375773,0.1171100672250523,0.5788558665028629,0.39793971506465087,629
50,0.1183780156855887,0.1173414864968535,0.5738473410208953,0.3978931779439704,630
446,0.1185922455358735,0.1177499922238205,0.5706431354226673,0.39770274763446456,631
809,0.1182105709240373,0.1173781528369963,0.5741278529889368,0.3976650205379211,632
905,0.1184713028081834,0.1175024742879228,0.5722641022427566,0.397607852326309,633
820,0.1179698673486298,0.1171788791628305,0.5760474107748038,0.39757571900149313,634
83,0.1175380973150177,0.1171348744979249,0.5781279043374388,0.39752697575660934,635
146,0.1186329413978156,0.1175906485564231,0.5708850654527962,0.3974541516535526,636
688,0.1181378355229874,0.1173356720215745,0.5742920284050081,0.3973894712837198,637
651,0.1165919194828443,0.1165919194828443,0.5842435219131977,0.3970711023412721,638
765,0.118422841953963,0.1174202217548294,0.5721051106923187,0.39703581880580874,639
763,0.1166739640521683,0.1166739640521683,0.5834542631606112,0.39702924419101604,640
649,0.1185639952416558,0.1174653276712141,0.5711384157780832,0.3969641977522346,641
490,0.1174244367484848,0.1167854313750605,0.5795315745576338,0.3969518472539303,642
201,0.1181493493544332,0.1173143476135016,0.5735923984794984,0.39683150962125824,643
993,0.1181974171778545,0.1171304965658143,0.5742010527427104,0.3967922765948253,644
677,0.1173929077014575,0.1167718175111887,0.5794267395830445,0.3967126812044639,645
544,0.1183625518417281,0.1173753331051302,0.572016158460125,0.39660694128709295,646
136,0.1185927285890302,0.1175324582727742,0.5700292424917021,0.39649096184490157,647
1059,0.1179540176084744,0.1170823680647542,0.5751221398008377,0.39647884465452454,648
1179,0.1134912802729168,0.1117241314407985,0.6170433955626206,0.3964172907440723,649
832,0.110298966894556,0.1082455086933079,0.641654519897119,0.396364252963699,650
418,0.1185972960868951,0.1175882366603439,0.5695591024569501,0.39636285276601724,651
577,0.118173427953516,0.1174383704507975,0.5721384688108107,0.3962802838105628,652
630,0.1185856297743042,0.1175400695087311,0.5694465572682827,0.3960720071233159,653
57,0.1185776894795117,0.1178465474158536,0.5674099710723021,0.39566560681606644,654
508,0.1184750016582636,0.117397249724676,0.5698854234912519,0.3955099523273231,655
761,0.1185837503117606,0.1174706212596477,0.5688465211984082,0.39538725465923974,656
914,0.1184577039280154,0.1175133769604607,0.5691817824643794,0.3953540439430053,657
1060,0.1176740935756207,0.1169400604314211,0.5755146615084595,0.3953025482295083,658
166,0.1184867287890977,0.1174120569744942,0.5694034511924517,0.3952531971990478,659
442,0.118473241849848,0.1174579232461049,0.569215966419633,0.39523467605541274,660
396,0.1186114471723931,0.1176003639053433,0.5677008335157179,0.3951175361572717,661
124,0.1186469012151044,0.1176000207418916,0.5675327680256832,0.3951158879163296,662
730,0.118580640861228,0.1174595547782042,0.5684908653661602,0.3950817368635035,663
1040,0.1164667406989545,0.1147949568014477,0.5904480578194059,0.39501695976044837,664
341,0.1197397129697646,0.1197397129697645,0.55099627483995,0.39496285316503044,665
825,0.1197422100602605,0.1197422100602604,0.5507838128497066,0.3948441441187971,666
500,0.1183328473555096,0.1174078630943415,0.5693610099852704,0.39468572118373396,667
47,0.1185647316071236,0.1175146132619611,0.5675278916673029,0.3945329203202355,668
884,0.1185197629372992,0.1174463774507472,0.5680391851429677,0.39450475415139447,669
1178,0.1139527770264267,0.1123704317942178,0.610634617805168,0.39447189370930597,670
191,0.1185229374295018,0.1175643338424237,0.5671718265184809,0.3943136727663866,671
661,0.1184666253735415,0.1175614213877081,0.5671820702133819,0.3941202545153149,672
181,0.1184912804959496,0.1175557288086447,0.5669348907890108,0.39400742694101887,673
203,0.1184354825498478,0.1173328143747615,0.5682859210148914,0.3939925892926736,674
192,0.1183506425871337,0.117402386786045,0.5682860503019669,0.39395189891062277,675
485,0.1184998125483121,0.11745272933589,0.5673221013399814,0.3939468861757747,676
388,0.1186091010757582,0.1174964996562637,0.566341602034154,0.39377497983178367,677
180,0.116878711685892,0.1173013342124074,0.5753599339969281,0.3937748751785048,678
242,0.1184921419752272,0.1175522114952162,0.5664626648242328,0.3936623598017097,679
653,0.1184921503912563,0.1174529945754275,0.5668947585629496,0.3936173593683141,680
455,0.1181809670224849,0.1173364015714249,0.5689492995177701,0.3936170965380791,681
1025,0.1169393632332383,0.1166481645750585,0.5776341792688935,0.3933110157635184,682
695,0.1179860077913681,0.117196596019713,0.5697713422943503,0.39304588402278573,683
35,0.1186602056252741,0.1174869204107618,0.5650959479666866,0.39303486828072165,684
994,0.1168498684343233,0.1150178829846336,0.5853242487469515,0.39301769327237424,685
487,0.1185362805937812,0.1174732230426251,0.565574436057926,0.39290332055592264,686
938,0.11829303716285,0.1172245994947601,0.5679699765806447,0.39289500524198506,687
784,0.1184701057434785,0.1174417780440507,0.5660217961034576,0.3928832718267326,688
540,0.118432344183595,0.1175206234794325,0.5656619894359174,0.3927810693732444,689
1125,0.1139665741184516,0.1124548635732648,0.6084127131431674,0.39274595830607795,690
671,0.1170735498011041,0.1153743791713098,0.58232611730231,0.39274058357349934,691
750,0.1186606098004239,0.1175466103068701,0.5642572405515501,0.39265934862552265,692
831,0.117801442037942,0.1170201506554059,0.5707682322692806,0.3925039054258149,693
506,0.1186070579862061,0.1175608833881109,0.5642039912102078,0.3924914106885762,694
729,0.1186000615633137,0.117644031684553,0.563753925711511,0.39244803209379464,695
179,0.1186325451299752,0.1175583667011358,0.5639214286535345,0.3923714374558806,696
917,0.1184464693424482,0.1173880003396438,0.5656039477661066,0.39231645040914487,697
451,0.1184568071553321,0.1177663664219935,0.563597102401845,0.39228892999862724,698
660,0.1183997485850556,0.1173860024383709,0.5657966126358229,0.3922865488970084,699
187,0.1184392393255398,0.1175289987933502,0.5648609831717581,0.3922701912003964,700
69,0.1184317718147131,0.117542581273302,0.5648199510385234,0.39226435597526943,701
401,0.1184977214166065,0.117497906099405,0.5647133245050879,0.3922543551716645,702
1127,0.114182595609156,0.1129350996451939,0.6047610366820269,0.3920412318761993,703
36,0.11857884736792,0.1175347485093354,0.5637664492066448,0.39199787351634985,704
364,0.1185101288352216,0.1174903778562033,0.5641545233209114,0.3918783661559945,705
654,0.1184413532100858,0.1174124862555353,0.5648194547676187,0.3918337940527179,706
1111,0.1138276736669603,0.1123527922843568,0.6083773056737771,0.39178309825490315,707
726,0.1186162328717367,0.1175250965286078,0.5632370482217997,0.39172194650587727,708
881,0.1185261094111719,0.1174985785658825,0.5638056814626982,0.39171812436080516,709
952,0.1176775449693285,0.1172089416658249,0.569222379960918,0.3916362896710747,710
760,0.1182978224383491,0.1173252049145762,0.5655966113410377,0.3915812978766147,711
1017,0.1171923061016646,0.1167839828044929,0.5734658380726023,0.3915349178673003,712
1115,0.1129381434869283,0.1122254763274847,0.6121472141235037,0.3915035051458619,713
642,0.1185241740990024,0.1175774524698307,0.5629989479166886,0.3914304437520914,714
34,0.1185778350594026,0.1174978171987462,0.562853894045695,0.39122918863677963,715
443,0.1183139699508754,0.1173897152564384,0.5646880627973683,0.39122694077394016,716
662,0.118440621794942,0.1174319103594712,0.5636138579592398,0.391057034629341,717
969,0.1168403333717828,0.1148089868949783,0.5838036065674113,0.39098242024198665,718
775,0.1186105591416602,0.1178481620971176,0.5604236725962444,0.3909107930806546,719
639,0.118481083351203,0.1174488286522914,0.5630952309234954,0.390894036149796,720
873,0.118614748383333,0.1176343604511044,0.5613548169754914,0.39080466385644147,721
256,0.1184032318970936,0.1175793410050928,0.5624952524755843,0.3906784299459562,722
566,0.1183412902338301,0.1175448939752967,0.5629446264840252,0.39065681557512844,723
607,0.1185421626761464,0.1175237338759897,0.5618810555680402,0.39052805936093826,724
589,0.1178177715187582,0.1168914456340935,0.568504661732905,0.39045005451067166,725
55,0.1184496147564279,0.1174198454012948,0.5626540810963752,0.39037795749328863,726
202,0.116713819155202,0.1171637882780277,0.5722446524252682,0.39037293151593955,727
489,0.1185003359264611,0.1174480387159027,0.5621652917947395,0.39031292213560986,728
666,0.1151276748532426,0.1141785175531873,0.5934060720442128,0.39029958144366145,729
723,0.1017993940852902,0.0998709786192316,0.6889750623713025,0.39024725664214693,730
1,0.1184752083072236,0.117429118062746,0.5622697590129413,0.3902322652420622,731
215,0.1152353032926337,0.1141376480635542,0.5928768524254759,0.3900853347096905,732
652,0.115233528320648,0.1142106325358395,0.5923386702528557,0.38990136953693827,733
363,0.1169991883123597,0.1168182508280106,0.5718375620888118,0.38978218988454655,734
785,0.1176036029357022,0.117084203182517,0.5674747962694964,0.3896704190117158,735
1249,0.1049956219618866,0.1037450997124298,0.6681520598773785,0.3894970055558503,736
366,0.1186307519200608,0.117529988750341,0.559896289868153,0.38949308907858393,737
629,0.1185235650246178,0.1174800288796042,0.5606585604190008,0.38947102191652455,738
169,0.1173918137244065,0.1169501885108244,0.568749610077459,0.3893690445704079,739
344,0.1176628123426622,0.1171426105992745,0.5661930759533192,0.38917170275666674,740
643,0.1185133643807805,0.1173997617781815,0.5606507692223632,0.38914543273452207,741
1117,0.1134758489827005,0.1108142187818481,0.613355290890526,0.3891110423703919,742
71,0.1183840167699765,0.1174175416224405,0.5610694897769846,0.38905468223108153,743
705,0.1164704915566689,0.1164704915566689,0.575044564913598,0.38904443823825596,744
974,0.1154971532360686,0.114067393451386,0.5906744327196869,0.38891247443152654,745
883,0.1172003459947147,0.1175398273746496,0.5659455987965609,0.3888591341092007,746
121,0.1185421883667089,0.1173565447747628,0.5602970957441507,0.3888484806873763,747
1015,0.1169526354583014,0.1165323144297406,0.5721910339059054,0.3888256023937417,748
258,0.118477739677828,0.117462318348379,0.5599611244581923,0.38877669796590303,749
1035,0.1166918503639955,0.1170745780399666,0.5706099655700859,0.388762056102044,750
466,0.1177860857601451,0.1170821223785371,0.5650154481554102,0.388542990549211,751
848,0.1186063894426287,0.1175319963357845,0.558451624447815,0.3884404707896868,752
1016,0.1168600799048927,0.1148500901365205,0.5803132049862474,0.3884391957822383,753
132,0.1186489887785372,0.1176161996436614,0.5577795977908483,0.3884324694060027,754
254,0.1174299314050986,0.1152809739776805,0.5754384531082357,0.3883317712959513,755
1038,0.1169992489745416,0.1166163389276316,0.5708535923676307,0.3883120591895198,756
1039,0.1167611995724884,0.1151822820864624,0.5789307600489779,0.388242731938973,757
980,0.1135327731011812,0.1134565814366944,0.6009329049661478,0.38817300602203847,758
543,0.1184176049477728,0.1174009347960658,0.5596344414232041,0.38813102232070484,759
995,0.1171671729647592,0.1164743484557417,0.5704661966059233,0.3880907052285655,760
707,0.1177194276057477,0.1170935950411065,0.5645416950757529,0.3880214975057131,761
1013,0.1167614927212756,0.1147905532562631,0.5803255750544511,0.3878685288359353,762
1001,0.117231036206123,0.1165493022748587,0.5694352622250005,0.3878372518642886,763
1169,0.1136828126029204,0.1121778946052957,0.6054661244806752,0.38780355096909347,764
982,0.116722650275489,0.1172066452015674,0.5684089735078681,0.38775617699553794,765
133,0.1183672115203421,0.1173907725255779,0.5592276910293511,0.3876470423216833,766
1047,0.1164289809694325,0.1147808224857286,0.5813826456662113,0.3874558973118012,767
2,0.1185569163043537,0.1174881611484035,0.5572159283578535,0.3872881795811665,768
1050,0.1151513653814933,0.1147791770522225,0.5868690922794735,0.3872197946999904,769
308,0.1172503214594493,0.1153531669152313,0.574181623036605,0.3870041505293889,770
1094,0.1124878310831641,0.1096745026076422,0.6195330423898351,0.3868141806905069,771
178,0.1185330077215814,0.1174977375084936,0.5563312033644444,0.38665200677429035,772
627,0.1175251519110255,0.1171237320637366,0.5631843171765623,0.38651142206541167,773
209,0.1150142552497209,0.1143287292123433,0.588671704598166,0.38646279363304586,774
138,0.1170667754543993,0.115021425866681,0.575860345347116,0.3863831689123015,775
782,0.1175633425127025,0.1170939884511784,0.5627768821229455,0.38625111421039965,776
386,0.1176478038170833,0.1171837041457158,0.5615991079587617,0.3860539432445109,777
1182,0.110317555689229,0.1121407974604194,0.6169872024174654,0.3859686662111548,778
533,0.1184478844953224,0.1173926281316226,0.5562966769638374,0.38596415971180775,779
79,0.1175350191951155,0.1171278100665794,0.5623117045126215,0.3859539652305696,780
286,0.117253088275697,0.1152078565611206,0.5734268556390498,0.3859091924787128,781
276,0.1173376754716893,0.1170364948999532,0.5636916652801196,0.3858989422815787,782
391,0.115967818574167,0.1147460575212815,0.5816722908771255,0.3858724373066115,783
60,0.118536552903591,0.1175508523331489,0.5547916263089747,0.3858368460185967,784
808,0.1172937347149663,0.1169748118561179,0.56409905844472,0.38580590709029583,785
830,0.1178582983193147,0.1171123972850451,0.56033947208124,0.38565572587599317,786
330,0.117391739956711,0.1171357313769307,0.5624008204360288,0.38555023577771513,787
529,0.1175893964864069,0.1171053007925818,0.5615551775156619,0.38553667194624874,788
408,0.1172977943827399,0.1152367022710205,0.5725662505980025,0.38553400490970097,789
562,0.1180805298781327,0.1172991671503451,0.5578917210393934,0.3854366841641819,790
1293,0.1006936229108535,0.0990802707133448,0.6906326107710062,0.3853082401313339,791
849,0.1175886878792184,0.1171284379428725,0.5610641758175714,0.3852807105416497,792
259,0.1171237805615818,0.115024492496111,0.5740679548613776,0.3852429673569605,793
972,0.1153678212480301,0.1148809232407986,0.5828831841145462,0.3851659541162607,794
632,0.1175674537699001,0.1170950602429711,0.561117675601855,0.38512240326349534,795
1026,0.1168238200337615,0.1148391990799507,0.576249652750521,0.3851182684559149,796
693,0.1174825280397942,0.1170862229710453,0.561482808778141,0.38504801109278214,797
507,0.1175015092714234,0.1171014698962946,0.5612436724370611,0.38500466895846486,798
517,0.1170817212147483,0.1150674549644599,0.5733908575538632,0.38474160397875845,799
704,0.1177457451558187,0.1170740745938268,0.5597532857300606,0.38472842016553854,800
1167,0.1135802478158832,0.1121776570134882,0.6024211829665249,0.384592270469459,801
541,0.1175186313100872,0.1171178807460031,0.5603406889167983,0.3845044381721213,802
298,0.1170756068565051,0.1150850744505078,0.5730138305788729,0.38450265527534433,803
1057,0.1161072145902499,0.1144722253011825,0.5805288826490256,0.38443473113257387,804
709,0.1175639218474314,0.1168958631624007,0.5607660166063586,0.38414108108131423,805
1188,0.1135156639298922,0.1122415302925497,0.6019004607996966,0.38412286658774025,806
552,0.1176352544495515,0.1171430833820785,0.5590525975202978,0.38412226851191755,807
759,0.1175843341758458,0.1171230506446075,0.5593392733052138,0.38406786968116086,808
444,0.1170483223960292,0.1167980975065921,0.5637238166829521,0.38403824201212955,809
4,0.1173159271640875,0.1170257361202663,0.5611249677588723,0.3840033990975507,810
1084,0.1162076321016695,0.1162076321016695,0.5707751142306838,0.3839429190901537,811
389,0.1173098349110952,0.1154047707144085,0.5693902713979712,0.383857851037799,812
829,0.1178056343703038,0.1169198850778446,0.5589416336349176,0.38382387481518004,813
749,0.1173714888512796,0.1153159141196023,0.569462999295206,0.3838038555086227,814
268,0.1170808062619089,0.1153107209559793,0.5708453171095653,0.38375119444777467,815
606,0.1175310312029577,0.1170729446295891,0.5593652536611635,0.38371825865190734,816
1012,0.116724374760444,0.1173167973888712,0.5619415475812987,0.3835968673442644,817
243,0.1168988678609204,0.1168547432497704,0.5635172052964063,0.38358246308922034,818
1327,0.0937015740040515,0.0931659849669578,0.7196178128929289,0.38354757975256376,819
496,0.1172137135748125,0.116810402816606,0.5620264925685269,0.38347783628495347,820
37,0.1153824595728292,0.1144092487891153,0.5829659387893782,0.383463240152713,821
343,0.11781164360448,0.1171234996262972,0.5572654653862474,0.3834563181710989,822
434,0.1167866791243713,0.1149667329783842,0.5735918834128892,0.3834453328443494,823
697,0.1166544147711909,0.1149646437038794,0.5742234637600443,0.3834323584649082,824
727,0.1174601530547912,0.1171465285259996,0.5588705471570747,0.3834069332448246,825
56,0.1175458038250391,0.1171008660380442,0.5586131137887558,0.38336180416950427,826
253,0.1173660466046147,0.1154037039029883,0.5683849917708886,0.38332505535234085,827
1058,0.1166692024857082,0.1172626253255489,0.562095761120361,0.3833117081794514,828
321,0.1166843318997766,0.1148774372196576,0.5741198110633416,0.3831348859588265,829
385,0.1153347265504572,0.1142459234275603,0.5835420002955596,0.38311808030636346,830
170,0.1175271504089498,0.1171239123851987,0.5581628083187429,0.38307773813031754,831
616,0.1175705953564772,0.1171484202448663,0.5577718675265895,0.3830543959581288,832
1069,0.1162000263672334,0.1161113498807751,0.5700635832559827,0.3830286255332923,833
155,0.1171425083762378,0.1151199297119459,0.5704432482412379,0.38296771061225754,834
904,0.117465434652263,0.1171413407684738,0.5582139910974521,0.382962697251811,835
748,0.1174621087401545,0.1171265608105281,0.5582769547392139,0.3829395313077201,836
144,0.1173280009549406,0.1152927904487819,0.5685560401593522,0.3829013744876243,837
1004,0.1166668198079929,0.1151412083783512,0.5725625776817493,0.38289415316037456,838
462,0.117188511025034,0.1168253013306476,0.5611593067338779,0.3828461676381345,839
204,0.1154507770646853,0.114427897596599,0.5817870542543482,0.3828438484940173,840
411,0.1173202447195417,0.1151168414316424,0.5693954237212872,0.38283203204389565,841
1068,0.1145950328397136,0.1137528320639291,0.5888548742939413,0.38280514594349707,842
5,0.1173957247413677,0.1167699083321561,0.5602416443775186,0.38273490473896266,843
804,0.117398166382594,0.1168745379158313,0.5596546698011401,0.38272718795633714,844
741,0.1174692222689335,0.1152956417017916,0.5675846685009301,0.38271856966306433,845
199,0.1175141561364341,0.1171678693955429,0.5574040674371747,0.3826837798063968,846
92,0.1173671019208512,0.1170927027846382,0.5583319202179211,0.38252378423785266,847
214,0.1172625183674128,0.1168359478467833,0.560136102898698,0.38244141182287006,848
902,0.117071748749392,0.1150024891025216,0.5706610304061861,0.38243356557118524,849
100,0.1178499658350195,0.1170515934825484,0.5558698444040218,0.3823980705428913,850
281,0.1170229346872869,0.1149324812651221,0.5712022387738259,0.38239423414341395,851
872,0.1172437360409769,0.1154059180082231,0.5670194280808262,0.3819078134910223,852
33,0.1172224606597832,0.1168068384156515,0.5596956695946036,0.3818937651799905,853
858,0.1153745297659732,0.1143620031373199,0.5811642879885481,0.3818110887767939,854
378,0.1172043376254868,0.1153307164078471,0.567424062430936,0.3817774553639416,855
510,0.1171096349134151,0.1167799566760044,0.560043994123544,0.381638326576028,856
301,0.1171026298431217,0.1151112454150956,0.5686824894849537,0.38150299500361246,857
545,0.1169127418974185,0.1149593436428294,0.570320355333602,0.3814427790390215,858
410,0.1172700278333035,0.1151356206526682,0.5676054449315002,0.3814205805374756,859
519,0.1172458283357826,0.1151500180776469,0.5676058018863724,0.3813866599875838,860
497,0.1173161434503022,0.1151944093774545,0.5668009075649475,0.3812270529249951,861
860,0.1174067489946601,0.116814279414201,0.5576210265762848,0.3811601446713525,862
908,0.1170499438162041,0.1152620221762991,0.5676798873888979,0.3811482042285781,863
940,0.1163334712186175,0.1151716018101687,0.5716322016026079,0.38110582923024466,864
551,0.116923740280277,0.115009181900806,0.5695395454349771,0.38109658725601897,865
683,0.1173780040564115,0.1167680012385767,0.5578953637667456,0.38107409714188734,866
407,0.1172416909194878,0.1152342630773651,0.5667453224020766,0.3810658154462502,867
742,0.117138767132458,0.1150495208661178,0.5681766116272435,0.38103673724009274,868
1082,0.1169688755057648,0.1169688755057649,0.5588361089513973,0.3810254871621561,869
553,0.1168963409282364,0.1150486968367801,0.5692862111407427,0.3809597453392057,870
752,0.1174038050209601,0.1151513294776074,0.5659705774797821,0.38079062185747575,871
512,0.1147661159383096,0.1138420894873154,0.5852229307291854,0.3807889054529591,872
324,0.1175000280906768,0.1168729012446587,0.5561716665217804,0.3807319241144618,873
0,0.1171928393726867,0.1168354225730025,0.5575789945882781,0.38046371668942136,874
640,0.1171457343331065,0.1168860484891712,0.5573997574155336,0.38036624364785954,875
168,0.1172395125509133,0.1151708171102271,0.5659802986148014,0.38027450869780716,876
572,0.1174729741761947,0.1171266132880401,0.5540446694274169,0.3801650889244917,877
420,0.1170849831473742,0.1150944983701176,0.56696199695267,0.3801323656212493,878
143,0.1172371925848886,0.1151396273464735,0.5658318105162968,0.3800440813975881,879
731,0.1153463468627426,0.1143286262167938,0.5791620196614112,0.379995499574897,880
903,0.1168413770261769,0.1172877414593892,0.5561818112357637,0.3799849322336099,881
94,0.1146469486727604,0.1140274535337113,0.5837450152265571,0.3798687657633595,882
149,0.1159029018172943,0.1145798757884667,0.5749243646578216,0.37974815471674433,883
300,0.1170229366773866,0.1149571961731064,0.5672934488526254,0.3796316940077433,884
125,0.117328218578315,0.1152526081012555,0.5641501924322716,0.3796019070325655,885
1126,0.1127776285936321,0.1102779846753551,0.6086195145470427,0.37958502421252655,886
530,0.1174422939056725,0.1154599411894029,0.5623410700941532,0.3795158443963276,887
781,0.1171599412751372,0.1150738898210636,0.5658026914908919,0.37949774346610204,888
528,0.1171681488053754,0.1168468135782858,0.5558395235229435,0.3792583255459447,889
587,0.117254478915961,0.1169508411388512,0.55472373340855,0.379206095705566,890
958,0.1176230887074187,0.1176230887074187,0.5480400321639206,0.3786490462303,891
686,0.1174419755602771,0.1168092438225838,0.5535867456154773,0.3785928357147755,892
815,0.1164808454565538,0.1148342069367476,0.5692132405256878,0.378580158925148,893
495,0.1171843193043965,0.1151262812938592,0.5641001036902435,0.37857455297222253,894
82,0.1169446399581773,0.115073434680973,0.5652067218213604,0.3782881232382643,895
280,0.1173081272785978,0.1150916414820477,0.5632052821601905,0.3782668380977363,896
275,0.1173784747152384,0.1154509359335353,0.560359246578548,0.3778833066306263,897
431,0.1172728268033342,0.1150368599034846,0.5630404980302596,0.3778190721233962,898
1133,0.1095649651297955,0.1083365161624638,0.6274198693479749,0.37779425814720585,899
247,0.1171209045475751,0.1151110400521635,0.5631171195548972,0.37759639457889865,900
816,0.1143285908817961,0.1139101012566964,0.5829312997201844,0.37755220830781,901
851,0.1173203195563378,0.11504342914231,0.5620909355586866,0.3773542793274453,902
555,0.1153911341534192,0.115036383784638,0.5718318360399062,0.3772976835330069,903
1138,0.1106367399018017,0.1092751349303042,0.61905071321446,0.3772219275073758,904
422,0.1172840707338485,0.1150043610433874,0.562147769860198,0.3771162071157511,905
409,0.1171342624162608,0.1153778791421154,0.5608750947353712,0.3770840274178806,906
322,0.1164250586615623,0.1147391861815427,0.5677965329702944,0.37698255169169154,907
226,0.1156937984714269,0.1143534867818301,0.5734478512261321,0.37698128538382925,908
11,0.1172631374979172,0.1151541538333142,0.561071555215366,0.3768525019232589,909
814,0.1167183120516532,0.117161979055871,0.5526565217082194,0.37677448857724993,910
397,0.117187659483587,0.1151555775390083,0.5613250387159252,0.37675849915266724,911
27,0.1168201515372155,0.1148432477028364,0.5648472066388666,0.37671233276042154,912
936,0.1166490622272787,0.1151289067841716,0.563978119813948,0.3765499009871889,913
193,0.1159683458257949,0.1147162863827707,0.5695382401379453,0.37648379392351844,914
739,0.1143270939570166,0.1138674760626699,0.5817132742897645,0.37639584820655597,915
147,0.1162421742965635,0.1147130446960043,0.567944293995548,0.3763166412215699,916
453,0.1165444125078483,0.1171796286938578,0.5524980139217398,0.376133679428855,917
1206,0.0999457127222879,0.1016768038684516,0.6784483611791734,0.3754306311869409,918
93,0.1169705020682694,0.1146958807274993,0.562550319095788,0.3750930812916068,919
319,0.1141124750359236,0.1137797605697166,0.5815141413639549,0.3750765029775082,920
1260,0.1020947069188572,0.1018491943855493,0.6718617979431294,0.3750758187235468,921
1130,0.1002801290996536,0.1001652403873782,0.6816784695916762,0.3750178496130802,922
123,0.1159534096384274,0.1131894815085609,0.5754110919577979,0.3749548660828107,923
708,0.1166717789063966,0.1169534441948448,0.5512826923612966,0.3749458592387336,924
331,0.1142148583049596,0.1138744279023794,0.5803642844306813,0.37492303267721083,925
303,0.1137032823587636,0.1118820551688875,0.5923390019602136,0.37488487216717314,926
896,0.1158259784904708,0.1144680303723201,0.5686465527302477,0.37434695191590034,927
531,0.1142308874628647,0.1120653437090039,0.58825562054781,0.3742014230943083,928
1045,0.1133557408789512,0.1139490177470946,0.5830583907726328,0.3741543762872899,929
1005,0.1154107272637389,0.112789590533581,0.5790123835623082,0.37411962601548854,930
148,0.1157619807072575,0.1144186335451682,0.5688386396594483,0.3740585413926054,931
1024,0.1156921951881117,0.1141653687952065,0.5704574077262644,0.3740091967573469,932
960,0.1164717483251026,0.1164717483251027,0.5534273037918682,0.3738211074779291,933
924,0.1160037386981857,0.1148005266451566,0.5651997720497739,0.3737980635861902,934
584,0.1158742920750129,0.1143773650806383,0.5680458805785751,0.3737382968077933,935
682,0.1164718729887106,0.1147552761186631,0.5628439086699877,0.37368605941892324,936
255,0.1161987858145964,0.1147191225074403,0.5643471460366195,0.37359947424710355,937
244,0.1171602489276908,0.1149396176706199,0.5579745435697265,0.37356112937492975,938
90,0.1157969595581722,0.1143869039821177,0.5678987838916444,0.3733800796186926,939
885,0.1139684636423991,0.1121318819955679,0.5881712894445876,0.37337084101693807,940
126,0.1171009046043099,0.115020098651751,0.5574770769993523,0.3733099240594366,941
3,0.1163058934813446,0.1148598066578219,0.5625329436845811,0.373255533527387,942
1168,0.1123358078752709,0.1103579871633235,0.6034226445117239,0.37319778441968493,943
619,0.1161163656923286,0.1147060408011215,0.5641935274588554,0.3731360385093113,944
1006,0.1141988529805491,0.1141891020495359,0.5765115417016595,0.3730964236456151,945
753,0.115747862019169,0.1144505118665594,0.5673813960617144,0.3730678095631336,946
291,0.1171461784988907,0.1151267670465022,0.55623070293021,0.37303953380816957,947
1048,0.1154257193544326,0.1142029527897296,0.5702340970280716,0.37299251198128464,948
935,0.1140449011526239,0.1138115945426912,0.5783144214834295,0.3724081034463535,949
1116,0.1117811951729255,0.1106644726685485,0.6033963672388691,0.3722214565422653,950
468,0.1155089853891989,0.1144005205201783,0.5673894100973039,0.3719894548353139,951
1145,0.1128736244660908,0.1129248054756299,0.5876281949476236,0.3718972107974037,952
673,0.1160067889474703,0.1146594729320948,0.5628209866336017,0.37158441709193896,953
916,0.1156476419089389,0.1129686869486918,0.5736123651493029,0.3715531277712611,954
542,0.1139947962862334,0.1119347515600437,0.5867571713585074,0.3714919112506589,955
213,0.1162575465020071,0.1146881362698353,0.5609024603592022,0.37128693583495137,956
200,0.1160677611664112,0.1147367632635792,0.56161432840384,0.3712650070427681,957
774,0.1139255152568265,0.1135618858403864,0.5786991881859561,0.37125110391326877,958
539,0.1128445694171502,0.1112490961894383,0.5949512419024857,0.3711934011329753,959
585,0.1164452438928877,0.1168153617650477,0.5468433237003744,0.3708274830743676,960
297,0.115223474918956,0.1143704879486792,0.5673644600999551,0.370787822831801,961
257,0.1158369021493936,0.1144309299529489,0.5637343766706652,0.37071356606577943,962
794,0.1159756397350508,0.1145788606560086,0.5621778706475349,0.37070812801940434,963
333,0.1156873148049301,0.1143875457379958,0.5646059859559507,0.3706050865257235,964
265,0.1162122908783884,0.1145883374120697,0.5602923314504229,0.37031572302048704,965
770,0.1160839350463311,0.1128471072411778,0.5701870130109166,0.3701935561935996,966
88,0.1157720374587476,0.1144819846011136,0.5626180524119953,0.3698840341922187,967
638,0.1159327799763874,0.1128282391160756,0.5698377073387103,0.36927782882524735,968
641,0.1158394290187622,0.114607389552296,0.5606651049171187,0.36926155633949903,969
45,0.1161144751209375,0.114744153039437,0.5580089873652996,0.36899233820737193,970
1002,0.1153452618447876,0.1148393977499612,0.5616044723711762,0.36898329218884995,971
947,0.1161325925056713,0.1147180260443457,0.557681029000181,0.3687371451972824,972
618,0.1160061191795317,0.1129018748948218,0.568250109240094,0.36867909832719076,973
245,0.1161064919317127,0.1128822611987154,0.567546138613866,0.3684774717673301,974
1171,0.1096157745469241,0.1092641087501719,0.614594333179941,0.3684453326004676,975
573,0.1158088276306417,0.114742777880326,0.5587207016782167,0.3683383390309249,976
792,0.1155719261129511,0.1149791442071255,0.5586473797083031,0.36833018966024367,977
38,0.1158848128569981,0.1145821321133525,0.5589086606389722,0.3681266933049222,978
806,0.1151776651863311,0.1147593710602669,0.561498910375134,0.36797500600801225,979
39,0.1156472939889677,0.1125528581565602,0.5708522633188257,0.3678507962084639,980
1148,0.1113606909145038,0.1102960080142079,0.6021780685079583,0.3678283870758088,981
891,0.1158160103304741,0.1151458481443552,0.5555911627198518,0.3678180636096823,982
1051,0.1142521075973311,0.1118992828771292,0.5812131589595659,0.3678128365842327,983
26,0.1158413178584314,0.1144653693488614,0.5593338125544365,0.3678030137283706,984
567,0.1153055349622997,0.1124728596309766,0.572531240843859,0.36746385546645677,985
212,0.1155012850648611,0.1144355838796975,0.5607846306994924,0.3674158313733553,986
270,0.115719583247089,0.1130276395676394,0.5672633375357266,0.3673425590134674,987
764,0.1160998302239866,0.1148740184808176,0.5548705344022138,0.367336706647055,988
617,0.1159630889569772,0.1144332858044982,0.5581102177960777,0.3672996978601791,989
266,0.1159882141130878,0.1144271854986515,0.5579698444639836,0.3672747878905773,990
859,0.1156587774779543,0.1150723820631915,0.5560462028938071,0.36725876000207514,991
159,0.1137815899165405,0.1118021827567962,0.5831616246586457,0.36713772192657296,992
1056,0.1148162612762355,0.1146029140805258,0.5629362214343621,0.36701881116108726,993
1136,0.1116989518706771,0.109334293058752,0.6040635062714996,0.3669271808817711,994
771,0.1140433258312305,0.1121471908374847,0.579885189042231,0.36692432708030875,995
786,0.1161311837027932,0.1146680397547698,0.555201218696368,0.3668795236787707,996
880,0.1160110089129188,0.1131706087012756,0.5642557051917555,0.3668597728549378,997
964,0.1075536788176437,0.1054540905504368,0.6360034210987697,0.3667537688733378,998
80,0.1143596836725061,0.1124060601906625,0.5766685231107924,0.36667294969878,999
751,0.116119694826999,0.1131630186165265,0.5634390235531612,0.36666978185279914,1000
1092,0.1120517998616182,0.1118539999186532,0.5904906060303998,0.36666553136089625,1001
67,0.1154554218636737,0.1151104732267064,0.5556806654528443,0.3664149520717563,1002
15,0.1158707042027831,0.11288207217954,0.5658705250625022,0.3663524785391872,1003
310,0.1157743464821706,0.1128979362844853,0.5662418827607014,0.36630869254713333,1004
353,0.1161997715199402,0.1157173850932204,0.5473672180005738,0.3661113395458969,1005
1192,0.1087812732720571,0.1082481954407291,0.6198071551606908,0.36600485357023943,1006
221,0.1152867513873815,0.1143297499118724,0.5604333049105316,0.36595475161825874,1007
345,0.11602621669891,0.1145335724257357,0.5550782147854909,0.365889428957514,1008
605,0.1158919008871314,0.1126790151183162,0.566186712742329,0.3658724620014567,1009
430,0.1156695025778609,0.1144414138093181,0.5573359415188963,0.3657105547823038,1010
740,0.1159567781213466,0.1128481308744745,0.5645380872673673,0.3656000801071882,1011
664,0.1160975786338311,0.1146161045785349,0.5533723817112184,0.3653498183670975,1012
454,0.1153046308507706,0.1148095440592679,0.556467819376301,0.36520655302625293,1013
325,0.1137741446561068,0.1118254800146639,0.5802381207992203,0.3648335874851973,1014
309,0.1152068265332091,0.1125571947454669,0.5690441159907818,0.36480652111056316,1015
882,0.1161590281148433,0.1144631392435037,0.5528236863518493,0.36463137427118436,1016
611,0.1156718840945596,0.1127041385406677,0.5654884745235649,0.3646114269072078,1017
609,0.115821012947351,0.1144164412895913,0.5549143204986603,0.3645612461445846,1018
287,0.1129746979457556,0.1100513782267239,0.592439793753074,0.3645571628773446,1019
1023,0.1139036536348275,0.1102426407484961,0.5867137414419963,0.3642361381677466,1020
928,0.115420291308956,0.1142443475775252,0.5575862058693163,0.3641748541611936,1021
248,0.1129986819012081,0.1118487003973712,0.583094041983071,0.3641654740092433,1022
1247,0.101175178951075,0.1019974756187305,0.6660830007237105,0.36407275636069264,1023
399,0.1147842083217655,0.1127383726478485,0.5690610983378547,0.3638886044840559,1024
1007,0.1123936060053382,0.1118566244056862,0.5854083283006506,0.3637122725231792,1025
836,0.1162894432211788,0.1157245083572278,0.5428824680090281,0.36371067295848075,1026
807,0.1126541906428016,0.1112883239598055,0.5868774419750931,0.3636055297066187,1027
1103,0.1110106560390476,0.1092187484865125,0.6038441545016431,0.36337714070824295,1028
1287,0.1078976901603739,0.1054062855993139,0.6319420565329983,0.36329019785524114,1029
390,0.1146464734087654,0.1140248616316573,0.5614618569192315,0.3630458346353261,1030
1072,0.1130494491669561,0.1117901301047524,0.5815077498035752,0.36282937481450167,1031
565,0.1144472889718254,0.1146294349191188,0.5586838502122118,0.36279959759921176,1032
875,0.1139219835727769,0.1120757425170449,0.5752781436714646,0.362528284481891,1033
564,0.1155444459384005,0.1143418282413274,0.5537681904961886,0.3624780489139179,1034
1073,0.1137407177686255,0.1115324385656933,0.5788984448636023,0.3624315056609965,1035
598,0.1155852634746418,0.1155852634746419,0.5458210668091268,0.36241426541570515,1036
1156,0.111602706581901,0.1109390581209446,0.5920462597858817,0.3623469346176357,1037
1203,0.1101792000572858,0.1098432914403373,0.6035074367151447,0.3623269934469991,1038
509,0.1150929982232752,0.1124650339186847,0.5666702325914048,0.3622578264557977,1039
101,0.1155473218720671,0.1143774630336526,0.5529190083252695,0.36207219725928763,1040
1112,0.111590324896383,0.1091859387830276,0.6000295380638097,0.3620557143700756,1041
1191,0.1108632361937546,0.1091452124523508,0.6034289145646008,0.3620534757270044,1042
1090,0.111430129137408,0.1089735600378909,0.6016857736764185,0.36203488722092636,1043
783,0.1150520198847377,0.1141651140575252,0.5564484834306753,0.36170813649382527,1044
165,0.1153032244628804,0.1144388238507935,0.553356858885045,0.36168380005776396,1045
1271,0.1011626756144587,0.0993458566163204,0.6722929874372595,0.3615508631018952,1046
313,0.1153516057778074,0.1141593970555689,0.5544941895250436,0.36151510812316157,1047
1150,0.1093312293506458,0.1067019210569852,0.6197390654212651,0.3615077892366624,1048
962,0.1155351689287103,0.1155351689287105,0.5449138553122667,0.3614795952931096,1049
588,0.1143933886818307,0.1139511346939015,0.5609692637003229,0.3614467277546105,1050
320,0.1141891210018376,0.112148715495609,0.5718736525458155,0.3612772492395628,1051
970,0.1142364701890113,0.1130088146389359,0.5668295362453689,0.3612076189915584,1052
1183,0.108527585696223,0.1066250099305449,0.6228442393635275,0.36109244657171513,1053
847,0.1158642207635713,0.1133412842177275,0.5555562984669391,0.36097021934790346,1054
984,0.1128354326655854,0.111964279661228,0.5792887262435187,0.36091385307540447,1055
377,0.1153909511659039,0.1144447852284054,0.5514948306498852,0.36082531166379156,1056
532,0.112738451018325,0.1113912057939107,0.5825183708699339,0.3607469404288309,1057
946,0.1151064721645218,0.1141526131836988,0.5543895900021878,0.3604936019874459,1058
99,0.115397612187987,0.1144525318071301,0.5508374536353896,0.36045744005869423,1059
907,0.1132652088962323,0.1124739213016015,0.5734646857889862,0.3601723876861051,1060
608,0.1150360982971739,0.1126339634535937,0.5631239208032025,0.36016531155550724,1061
1204,0.1113287991291384,0.1104213486110103,0.5932554661872271,0.3600871221057881,1062
1067,0.114524749909843,0.1143541568042499,0.555173282282403,0.3596216243212809,1063
423,0.114593912392011,0.1123259268780124,0.5660840521505051,0.35931064079696734,1064
89,0.1147389730664991,0.1144370809915054,0.5528470671716353,0.359226423236351,1065
601,0.1070410607929645,0.1069193543043178,0.6255083579789592,0.3590634964327169,1066
1018,0.1105744173552507,0.1099734545315978,0.5975246837831494,0.3589156681930571,1067
176,0.1150114358111535,0.1140031622278548,0.5531643550647292,0.3587359116435971,1068
127,0.1106192323749787,0.108586095151227,0.603230039174164,0.3584336751396692,1069
886,0.1134617255512138,0.1125159672485571,0.5698123122460604,0.358358469389605,1070
156,0.1147474079709044,0.1141101334259242,0.5528846260167949,0.35797791770156917,1071
1037,0.1138494202240594,0.1125227190528404,0.56710168265584,0.35791214278142436,1072
840,0.1145642136499081,0.1145642136499082,0.5509389911464189,0.3578427987303502,1073
432,0.1149001091684489,0.1141401948535351,0.5506043751254551,0.35720021966881,1074
23,0.1148151505150169,0.1123303382800921,0.5617062978834367,0.35708513016837895,1075
1003,0.1141460574475039,0.1100494150371224,0.5775828297291696,0.3569947807634941,1076
488,0.1148946901297573,0.110662844539608,0.5702426426425635,0.3569097047092028,1077
1282,0.1015524049165314,0.1002839571422572,0.6651139751710499,0.35687047901206725,1078
550,0.1146464619108084,0.1124272832588889,0.5617862515987603,0.35686379487343534,1079
893,0.1148878736693236,0.112287650962646,0.5607760663645929,0.35655278224913894,1080
299,0.1148189699025316,0.112501398912187,0.5597914640405091,0.35645436762892896,1081
864,0.1138520930665713,0.1118145716447005,0.5687574087710161,0.35623883972697634,1082
375,0.1147448066522089,0.1106682128913219,0.5701010050586109,0.3562098870790692,1083
467,0.1141762069756314,0.1140479034980844,0.5535922935242514,0.3560240884553049,1084
157,0.1149564378332757,0.110709767569844,0.568340812450945,0.35593776346501427,1085
387,0.1147501907712566,0.1123413261658073,0.560359912111135,0.3559338954914785,1086
354,0.1153752751364455,0.1153752751364455,0.5371653938255871,0.35567464424961703,1087
474,0.1150797037213451,0.1147966318511614,0.5417182185646064,0.35497826456665915,1088
583,0.1146238149935343,0.1141087366337868,0.5485492192352943,0.35472088758967146,1089
332,0.1139719885525593,0.1123183014920214,0.5626070455422334,0.35432976871294247,1090
102,0.114700139465435,0.1143626036916333,0.5457931605225582,0.35430594008315547,1091
518,0.1146454644309619,0.1122106130459408,0.5592815129580869,0.3542480754149008,1092
1291,0.1055546553912299,0.1037980046382852,0.6387066099658719,0.3542176707125726,1093
1124,0.110467003031621,0.10849507698554,0.5996491738762068,0.3540015832753941,1094
1159,0.109979317993882,0.1081391325726859,0.6033732137607262,0.3539142854534035,1095
699,0.1134404485681807,0.1098791713465061,0.5781591274180558,0.35381127134721246,1096
374,0.114274095190133,0.1125885124343056,0.5585478293210497,0.3538036224084142,1097
103,0.1147492355444957,0.1137082220123697,0.5484317705713468,0.3535207117099807,1098
113,0.1144608036455072,0.1144608036455072,0.5451309611614931,0.35339183778292815,1099
973,0.1143451348322755,0.1099561569570819,0.5719815345984912,0.35309940352823516,1100
620,0.1146105113145279,0.1103575068437708,0.5682425540887094,0.35302457666527565,1101
1276,0.1060462236690816,0.1040668203673172,0.6348484520845229,0.3528658552920892,1102
1123,0.1105721534822412,0.1071074808068776,0.6040769398817104,0.3526697073974251,1103
486,0.1146927044989269,0.1104190088186294,0.5665052779257657,0.3523384690587983,1104
828,0.1140506962205254,0.1139318939049463,0.5493221221850322,0.3523167157400271,1105
188,0.1150108039292843,0.1140540452548746,0.5425701782367196,0.35228999164621866,1106
1146,0.1106891614248879,0.1086280128142209,0.5959179266640063,0.35206662714231096,1107
14,0.114633340401345,0.1123925664315133,0.5546566089706366,0.35180878470606664,1108
44,0.1149275951500165,0.1123109800071233,0.553119711164128,0.35163460077080994,1109
145,0.1136477185760265,0.1103667315209936,0.5715335610097079,0.351530252262193,1110
290,0.1140661134217581,0.1120959477840606,0.5579748365792885,0.35057900245602014,1111
927,0.111970730614623,0.1114542389688764,0.5731883863131355,0.3504920156114709,1112
158,0.1144363282216032,0.1120999258081694,0.5553747303199404,0.35032012392619116,1113
12,0.1147812565872465,0.1124229843711183,0.5511848290066655,0.3502465941525727,1114
793,0.1141622465870893,0.111978039078058,0.5575630183404233,0.35020160551905194,1115
160,0.1113691020353038,0.1113368197526911,0.5765006818216636,0.35013401728595095,1116
137,0.1092204600226965,0.1084503392009509,0.601146910114236,0.34993158657839174,1117
1105,0.1096144880352032,0.1081249845815935,0.6007245363484726,0.34975741572455854,1118
1046,0.1133735437125059,0.1127443112342465,0.5567779262325446,0.3496926292521025,1119
368,0.1123714008261166,0.1094106507116862,0.5810454253736861,0.34968168280952455,1120
772,0.1136567026393209,0.112119713042394,0.5581332615037077,0.34914851399096414,1121
421,0.1144554939245643,0.1104200337883606,0.5633580361942123,0.3490909250948467,1122
1102,0.1107060894993497,0.1093413380125308,0.5889683371651763,0.34904152784297526,1123
1135,0.110604530618633,0.1098126093395206,0.5868630344507343,0.348863021356456,1124
1160,0.1097205242933037,0.1070525961374335,0.6039412781347906,0.34858199311656757,1125
61,0.1140642046795176,0.1100091804539562,0.5667296506667435,0.3482181063711151,1126
478,0.1142329077680743,0.1142329077680742,0.538322300371371,0.347558592914896,1127
264,0.1115686467087796,0.1091899268349891,0.5837003545527969,0.3475303926128512,1128
110,0.1134264611520802,0.1128478303820327,0.552325363686678,0.3473766776759049,1129
1210,0.1068362156297564,0.1061216049081825,0.6187495169290276,0.3471514770524227,1130
981,0.1125673457338447,0.1100214267090827,0.5734262360501666,0.34702519959318107,1131
72,0.1129091567138736,0.1099018924381278,0.5718306161538991,0.34673093960269946,1132
104,0.1136024480449511,0.1117410365715424,0.5571227095072765,0.3466759640555896,1133
1177,0.1112052331996646,0.1104295657241328,0.577449740848361,0.3462632247514328,1134
951,0.113091153272219,0.1111931162266749,0.5627455577879126,0.34621474673243335,1135
913,0.1144650518100643,0.1099854425821935,0.5615639991937679,0.3461003841385492,1136
554,0.1132764037722291,0.1102551430739342,0.5662995272941944,0.3456173684836776,1137
990,0.1126451160026015,0.1104345732889338,0.5687868179899151,0.34557385074799724,1138
561,0.1134228074807793,0.1117394686138453,0.5557894571219099,0.3450444294801746,1139
352,0.1140223297385945,0.1138596978834876,0.5379169591570682,0.3450121776029915,1140
1289,0.101198753759049,0.0989295322701084,0.6616725622030277,0.344929950853404,1141
1155,0.1105458322926104,0.1083379296205457,0.5892825387235299,0.3442273958755945,1142
819,0.1108640480270191,0.1087581208886773,0.5854148783167188,0.34409127266342465,1143
81,0.1129238429548663,0.111834923405123,0.5567620211457844,0.3440842253643095,1144
358,0.1128537462397861,0.1121745875040813,0.5543531396228802,0.34362124045149783,1145
721,0.1125139080252754,0.1117770200578271,0.5582391182878428,0.3431893221467885,1146
46,0.1135092930606039,0.1101728654616454,0.5616996187324178,0.3429478226818352,1147
1255,0.1010833624540701,0.0996527003343758,0.6583340558678497,0.3428480955418023,1148
312,0.1133630959696195,0.1116174677716287,0.5532900099676946,0.34263459721902745,1149
738,0.1138084639698799,0.1102704628594421,0.5587690228284806,0.3425663475688709,1150
621,0.1129717955556706,0.1104636583571776,0.5625986303958296,0.34255017657079073,1151
894,0.1135480416747184,0.1117348992595755,0.5507591786014876,0.34222735397045506,1152
918,0.1137208532411259,0.1102924630862731,0.5586190526481346,0.3421869898165917,1153
22,0.113585835116609,0.1117627054485183,0.5502154266063013,0.3421467053341767,1154
672,0.1131313764161796,0.109795387885406,0.5650033079148655,0.3421393215464077,1155
1257,0.1008976617413924,0.1000565509071139,0.6570117414469269,0.34199664494588383,1156
827,0.113026034803083,0.1113668573953754,0.5557693900849824,0.34185897751290467,1157
429,0.1127153830365772,0.1095189866047509,0.5684743303319598,0.3417595383029051,1158
1157,0.1103044143826214,0.1082394352592459,0.5878343344926946,0.34147821766450914,1159
154,0.1134287139885528,0.1117385502560891,0.5497639182719873,0.3411224583544476,1160
225,0.1121404145954838,0.1116546866094458,0.557534289650353,0.3406717791277717,1161
950,0.1116286239763755,0.1089171835186657,0.5762883956673529,0.34054656756730467,1162
1224,0.1019578666477457,0.1007196022590987,0.6502553789589057,0.34008016046225237,1163
269,0.1132696997079631,0.1097624002768802,0.5614003133248009,0.34001374977980514,1164
1158,0.1100736268564128,0.1083324619695789,0.5865836663373096,0.3398030167123001,1165
24,0.1132626448620655,0.1098915506600015,0.5601294008648771,0.3396337436700982,1166
456,0.1115721848245653,0.1113942281805702,0.5608090432686872,0.3394967965092222,1167
948,0.1125254319562718,0.111217425862609,0.5560963411863193,0.3393959599092764,1168
359,0.1059867562096937,0.1048395220302064,0.6203785341245316,0.3393876496140779,1169
440,0.1124984121165742,0.1099394074816444,0.5633526310460129,0.338876541994937,1170
59,0.1101916694539175,0.1067316550273194,0.5929184001150192,0.33885833126822423,1171
839,0.1131105957681911,0.1134002826420524,0.5363570113485508,0.3387278753803796,1172
718,0.112987584091247,0.1123254896387593,0.5440801789930179,0.33827087588228955,1173
1265,0.1028840013654728,0.1020383815433275,0.6413245324311804,0.33818899429491855,1174
463,0.1126773016475664,0.111311795386074,0.5527279954448353,0.33818321108980826,1175
1292,0.1027857241622954,0.1001507144396173,0.6479086803445326,0.33799624809701606,1176
1202,0.1088191317317519,0.1088401117564475,0.5877838518381371,0.3377531458611615,1177
367,0.1082679706894153,0.1088141444280643,0.5887761809732355,0.33616208352079785,1178
597,0.1127505001804226,0.1121583607560168,0.5430414145958298,0.3359920256948901,1179
365,0.113335999725192,0.1113902978651188,0.5435141799391492,0.3354166723376034,1180
595,0.112190075398853,0.1114676769112973,0.5499669281757512,0.33507126137607746,1181
1304,0.0968333994133194,0.0955599155686387,0.6754058801481012,0.3345014765868373,1182
441,0.1121168355562496,0.1093431466960133,0.5615408513120164,0.3334015122926078,1183
892,0.1124572615436708,0.1095665626314172,0.557856383038415,0.33325672112990845,1184
843,0.1041954167502208,0.1032916822865568,0.6274471264594446,0.33251008623396816,1185
477,0.1114974213586886,0.1110047845393512,0.5533465122208817,0.3324108021528786,1186
16,0.1121828380254036,0.1093846634615153,0.5593428608794246,0.3323234671129212,1187
837,0.1114702794497369,0.1113844386721653,0.5498782483393059,0.331712261729806,1188
842,0.1109325605372266,0.1108748351620656,0.5563648848538791,0.3315171515828169,1189
971,0.110848343984794,0.1069920151805419,0.5789561473650796,0.3308639350556157,1190
959,0.112244585303239,0.1113188313970359,0.5438399487731602,0.33084543220597307,1191
235,0.1120959614103927,0.1111042257212246,0.5461599418009105,0.3307280174812669,1192
222,0.1128608369564173,0.1113619594981648,0.5380896465772305,0.33016834599716294,1193
232,0.1124378746417251,0.1113740929049845,0.5406926222897552,0.32999924413575044,1194
379,0.1131722880547236,0.1080237193666236,0.5579387611769501,0.32991388177732567,1195
1101,0.1084062057707268,0.1053487484092768,0.59846079750613,0.32979179164099326,1196
1083,0.1101658996343559,0.1091289828705206,0.5693308014388326,0.32975544460650275,1197
521,0.1123126460862951,0.1094588622587638,0.554193605747676,0.32970351742943826,1198
1205,0.1074287215081709,0.1068046382013913,0.5950406545823327,0.32885016838830206,1199
498,0.1125260649202752,0.1079744705067418,0.5604707009022196,0.3285835619528117,1200
473,0.1122530175733792,0.1124227803732971,0.5311037398482773,0.3283586765686926,1201
189,0.1116486565926911,0.1094735783887435,0.5549048391714335,0.3273837351882708,1202
1071,0.1103446640188922,0.1082579271049573,0.5691974087169178,0.3265121760919498,1203
586,0.1118484707115792,0.1096233514134339,0.5504898337827167,0.32600031375684835,1204
277,0.1121033984965785,0.1075806787505936,0.5618371436383783,0.3259728306550426,1205
1089,0.1078120491708671,0.1080374564739405,0.5815573635717084,0.32429839166165864,1206
288,0.1117992616223747,0.1091489976653867,0.5512846440879791,0.32423793333703105,1207
58,0.1116563843927267,0.1097296790860137,0.5474201243622991,0.3236966373839053,1208
1290,0.1018892316188391,0.1004925755453654,0.638419553411343,0.32320468985551665,1209
48,0.1114603992273308,0.108951975719851,0.5529982062966379,0.32301954318464954,1210
1212,0.1012770066083708,0.1009505110323486,0.6383357474364546,0.32255648698240785,1211
1227,0.0970169003403669,0.0942400797284133,0.6702306274626177,0.3224235421706552,1212
479,0.1103510631010501,0.1092609872711669,0.5561200437254827,0.3216588267036785,1213
476,0.1113222958622875,0.109702831922889,0.5458367426255449,0.321168145203677,1214
720,0.1110125898450861,0.1109428449451022,0.5374736150044707,0.3204094159512704,1215
1214,0.0995950435650928,0.0969248249796725,0.6547546318299375,0.3202641431423491,1216
77,0.1105259922413021,0.1091967994864757,0.553299313603171,0.3202396543044854,1217
1166,0.1077050090131224,0.1062588044146128,0.586988656806616,0.3201474514823076,1218
115,0.1112822026484551,0.1097956841786681,0.5430395222920907,0.3197098081000709,1219
190,0.1108661730318216,0.10703572940296,0.5640718920380086,0.3195902109676615,1220
231,0.1106840234716058,0.1094473672489835,0.5490744215688095,0.31931312170801396,1221
1259,0.1002849906625737,0.0991175954267802,0.6450689806537921,0.3190183741348736,1222
1081,0.1105200632490537,0.1086851674756746,0.5539152334400692,0.3183205896704196,1223
719,0.110474950279142,0.1106171955851537,0.5370173908097351,0.3164699549495201,1224
838,0.1111291077644246,0.1096886633561654,0.5372983825058124,0.31524913250846204,1225
66,0.1101581426383857,0.1098383978822305,0.5432040814336219,0.3152064270879672,1226
1266,0.1009268312821283,0.0998890496551731,0.6372185621557648,0.3147537139191239,1227
1199,0.107986403837883,0.1075544350151161,0.571578725236937,0.3146258843083654,1228
1233,0.1039679010471176,0.1022026820509484,0.6170690616132991,0.314348511170196,1229
1080,0.1094135381818153,0.1081578405275645,0.5587342695597983,0.3143037242387937,1230
1144,0.1079207192849599,0.1067266027434154,0.5762153130953169,0.3141183095064272,1231
1113,0.1069719942952052,0.1037876468323437,0.5951735459850463,0.31277086134732557,1232
722,0.1014561203165004,0.1029833555215782,0.6219744668248652,0.3127027607766128,1233
1095,0.1029178755399375,0.1026388719294932,0.6179339000859502,0.3126725664688553,1234
1245,0.1031102340449052,0.1013132464812193,0.6225376650757328,0.31265052072578225,1235
1281,0.0975149135147738,0.0953790260112338,0.658830930265492,0.3116128115579446,1236
116,0.1087195626055543,0.1083767939792195,0.557493725834731,0.31139299083715116,1237
398,0.1109339696280915,0.1054267968434772,0.5610664127278484,0.3106618888374552,1238
236,0.1096834604265048,0.1096219626657984,0.5405723600521519,0.31063951829904707,1239
574,0.1100801370262935,0.1066272107497952,0.5586716568347826,0.31029061136531144,1240
1235,0.1003508191788062,0.0977458344699164,0.642586701580535,0.3099498101653256,1241
1311,0.0963801099953764,0.0948123200697654,0.6617341400001242,0.30941751092953934,1242
1246,0.0991113879241876,0.0961759283028519,0.6503799376960299,0.3089770773323587,1243
224,0.1097623711938806,0.1085670339828334,0.545195386848291,0.3088895892304373,1244
949,0.1103121927307966,0.1084332878015791,0.5415812052614974,0.30854631941136507,1245
376,0.1100311559878632,0.1068837534210663,0.5531755979727674,0.30749125026626983,1246
111,0.1090462070907873,0.10887643850395,0.5454474535459211,0.30733757872136563,1247
1225,0.0988119426580474,0.0983047166192596,0.643614353371617,0.3073120591467512,1248
716,0.110010273528522,0.1089283015854151,0.5374782665788869,0.30710760794763947,1249
1034,0.1094320659197998,0.1051467384140684,0.5670227571573773,0.3065966308637326,1250
1299,0.1035168671817916,0.1012727740928129,0.6145318932207708,0.3049947138860361,1251
400,0.1107636241937608,0.1049904376010811,0.5556215611833022,0.30414870642519737,1252
1237,0.0987796864866284,0.0991230743324316,0.6383567723106595,0.3037150925902855,1253
357,0.1087330777046981,0.1086693032619778,0.5411566945255974,0.30243272348220623,1254
1300,0.0993165074800407,0.0968996561639619,0.6428785097024595,0.30229909221797463,1255
1216,0.0951808242144127,0.0944953200122871,0.6597704297658324,0.30089338692620937,1256
596,0.1087481132134441,0.1078448636178078,0.5445025896936485,0.30060106368519784,1257
211,0.1092397326954878,0.1067225410855555,0.5492887752679247,0.30056916600679906,1258
234,0.1091159340301825,0.1088989997617695,0.532448086975127,0.30033763483271503,1259
1189,0.1060837239619487,0.1053256607827756,0.5778819165726412,0.30028650343542507,1260
1091,0.1059533953296098,0.1020877539892017,0.5948502936546298,0.29960023418295667,1261
1277,0.0990236830661148,0.0967660469569205,0.641909551973644,0.299141359404967,1262
1244,0.1040315796112739,0.1040644975539752,0.5930001855247343,0.29822255618620497,1263
355,0.1088880677223798,0.1087709145500168,0.5303465087999172,0.2976539116139099,1264
1114,0.1073396985132909,0.1035612833191232,0.5771858389783782,0.2972142906336129,1265
1298,0.0934334176105855,0.0916684345425195,0.6664731774829958,0.29516285541920795,1266
220,0.1086913580271982,0.1084498893808427,0.5300959729774475,0.29516099826446396,1267
1270,0.0940730461810462,0.0931463219123123,0.661195501881376,0.29419862448579326,1268
1194,0.1011432894866485,0.102140302893972,0.6104644182408685,0.2937788877131718,1269
1137,0.1052296819736008,0.1015236258354162,0.5952355089125637,0.2937572267298148,1270
963,0.1067217508119731,0.1053890560835194,0.563734117955557,0.29234381553813704,1271
1234,0.0959068874384907,0.093382843026242,0.6550938377601561,0.2922840275494835,1272
961,0.108116502526035,0.1067236698741321,0.542596538430985,0.29126655232773574,1273
1226,0.0978585180527778,0.0959011421529322,0.6410191023033637,0.2893448457146182,1274
1269,0.095940268480778,0.0971720564152336,0.6421467599188678,0.28888715492783873,1275
717,0.1076187076508948,0.1061269000625253,0.544382253716934,0.28714848783536473,1276
1248,0.0976163655035693,0.0939845562527283,0.645081640063405,0.28645456812945985,1277
957,0.1082757407827285,0.1075578384941474,0.524339428511584,0.2862880193051343,1278
1180,0.1057723302509105,0.1039325794448658,0.5710019812307058,0.28623078269647956,1279
1211,0.100241406990822,0.0968094499305082,0.627635982475042,0.28540700616547493,1280
237,0.1066316154015454,0.1043813452492737,0.5615907264734123,0.28538910196798056,1281
1078,0.1067466931696663,0.1073279715286856,0.5380854874644838,0.285371597725904,1282
1315,0.093393941009397,0.0912395609038627,0.6605619466142636,0.28440037964029263,1283
600,0.1064959727630087,0.1053264019799854,0.5527387632559424,0.2832146529192575,1284
1193,0.0999528077998592,0.1040320088469231,0.5961357793397195,0.28310172042840487,1285
356,0.1066997818456651,0.1061662300791594,0.5430306511874314,0.2822380322144673,1286
599,0.1059343603860952,0.1046060818736714,0.5564641088481954,0.2794587477803002,1287
1278,0.09848909625338,0.0976826572584712,0.626058712628624,0.27942171183783393,1288
1200,0.1051270455893948,0.1069299185972665,0.5426780062106941,0.2787166653584462,1289
594,0.1068275816720842,0.1053697977994299,0.5408679307064312,0.2776367666476874,1290
1236,0.0983479841930311,0.0957547254471095,0.6310732067806964,0.2769403578513523,1291
1301,0.0990783248899101,0.0981366815028765,0.6191814151479511,0.2752500623525706,1292
1122,0.1048362333370597,0.1016108732220824,0.5769386147902594,0.2750642836884371,1293
1288,0.0975407956069824,0.0956224854593996,0.6318095576363795,0.27390487424707355,1294
1238,0.0954912520504375,0.0927928877636002,0.6426542880081374,0.26983881890502454,1295
112,0.1052491431828882,0.1051299387451843,0.5394374468018472,0.26809673260985806,1296
1280,0.0986987386597822,0.0964529658739931,0.6209691819824034,0.2680192170015012,1297
841,0.1031584867337971,0.1028977798180101,0.5690865682754473,0.2666340281129469,1298
715,0.1062218570076937,0.1041674320416519,0.5335736152155841,0.2647484614564418,1299
1313,0.097024301411643,0.0948702306531755,0.6261510717812071,0.2605967436704864,1300
1303,0.096313702713751,0.0939991963401537,0.6291116068571813,0.2580743744457576,1301
1201,0.1014440962248243,0.0984754337235501,0.5881952866992834,0.2526187069387189,1302
114,0.1040646576492512,0.1025708910572939,0.5400165021964982,0.24930851572299606,1303
1256,0.0943598428746692,0.0922208302128333,0.6322108939420784,0.24773277412953576,1304
1279,0.0933198010363196,0.0915758846819374,0.6360404455503442,0.24732779858999632,1305
233,0.1037240729196885,0.1039493110565024,0.5241779277516204,0.2469441388805856,1306
1215,0.0924703072760017,0.0889621597184681,0.6405641497496873,0.24298929668504615,1307
1314,0.0940156356907866,0.0904829922352594,0.6332121836247419,0.241756849483682,1308
1321,0.0939429429307293,0.091593327041116,0.630714940258793,0.24157185585904123,1309
1268,0.099947404653734,0.0987669473717185,0.5812925352838165,0.23948909490169404,1310
475,0.1032834580473364,0.1023721659774698,0.5279167855371381,0.2380446832187726,1311
1222,0.099837545936675,0.0989518460948757,0.5769332171049995,0.23570437569679836,1312
1309,0.0911201123509005,0.0910206289342101,0.6265413488195968,0.22337756901445174,1313
1267,0.0967222457024442,0.0952383062258927,0.5973203548104273,0.22299383824126964,1314
1312,0.0960615440950117,0.0976681419595763,0.5878107506139054,0.22161143116308712,1315
1213,0.0959822506281734,0.0965489417587165,0.5927220361125158,0.22074741851120552,1316
1254,0.0909932561567229,0.0899513245122343,0.6261272688404576,0.21858443263460015,1317
1258,0.0921443516582621,0.0933784607568238,0.6121473878016033,0.2148514160192489,1318
1232,0.0930067321624043,0.0900883862163702,0.6179897378933632,0.21340730624866708,1319
1326,0.0856838127401451,0.0844997013643717,0.6364645294005964,0.2108852158271514,1320
1320,0.091629880796901,0.0909563651754571,0.6151212660508396,0.20723420926872796,1321
1325,0.0899231561575313,0.0874691349754766,0.6244504721146391,0.20542031785551595,1322
1322,0.0910323269067001,0.0902413129058139,0.6165572272866222,0.2047828944954248,1323
1243,0.0945628710885358,0.0943518506981131,0.5923372196295089,0.20233033921796753,1324
1079,0.098578473133766,0.0963313031931366,0.5477745769724953,0.190157592323465,1325
1221,0.0883340453555618,0.0906933646949086,0.608394666583403,0.18633085280746364,1326
1302,0.0910941353142367,0.0891583847974071,0.5949719783122002,0.16801356170968587,1327
1324,0.0887055419855193,0.0878284466701313,0.588449425799158,0.1452124925001726,1328
1223,0.0893328261476763,0.0903038232727212,0.5717529909308576,0.1329483271720122,1329
1323,0.0847961038715607,0.0832984136322277,0.584317437279682,0.12208594334751134,1330
1310,0.0904040464901314,0.0927655199463942,0.5137643622265667,0.10601616133454632,1331
